district,year,pop_descendants_of_non_western_origin_0_10_years_men,pop_descendants_of_non_western_origin_0_10_years_women,pop_descendants_of_non_western_origin_10_19_years_men,pop_descendants_of_non_western_origin_10_19_years_women,pop_descendants_of_non_western_origin_20_29_years_men,pop_descendants_of_non_western_origin_20_29_years_women,pop_descendants_of_non_western_origin_30_39_years_men,pop_descendants_of_non_western_origin_30_39_years_women,pop_descendants_of_non_western_origin_40_49_years_men,pop_descendants_of_non_western_origin_40_49_years_women,pop_descendants_of_non_western_origin_50_59_years_men,pop_descendants_of_non_western_origin_50_59_years_women,pop_descendants_of_non_western_origin_60+_years_men,pop_descendants_of_non_western_origin_60+_years_women,pop_descendats_of_western_origin_0_10_years_men,pop_descendats_of_western_origin_0_10_years_women,pop_descendats_of_western_origin_10_19_years_men,pop_descendats_of_western_origin_10_19_years_women,pop_descendats_of_western_origin_20_29_years_men,pop_descendats_of_western_origin_20_29_years_women,pop_descendats_of_western_origin_30_39_years_men,pop_descendats_of_western_origin_30_39_years_women,pop_descendats_of_western_origin_40_49_years_men,pop_descendats_of_western_origin_40_49_years_women,pop_descendats_of_western_origin_50_59_years_men,pop_descendats_of_western_origin_50_59_years_women,pop_descendats_of_western_origin_60+_years_men,pop_descendats_of_western_origin_60+_years_women,pop_immigrants_of_non_western_origin_0_10_years_men,pop_immigrants_of_non_western_origin_0_10_years_women,pop_immigrants_of_non_western_origin_10_19_years_men,pop_immigrants_of_non_western_origin_10_19_years_women,pop_immigrants_of_non_western_origin_20_29_years_men,pop_immigrants_of_non_western_origin_20_29_years_women,pop_immigrants_of_non_western_origin_30_39_years_men,pop_immigrants_of_non_western_origin_30_39_years_women,pop_immigrants_of_non_western_origin_40_49_years_men,pop_immigrants_of_non_western_origin_40_49_years_women,pop_immigrants_of_non_western_origin_50_59_years_men,pop_immigrants_of_non_western_origin_50_59_years_women,pop_immigrants_of_non_western_origin_60+_years_men,pop_immigrants_of_non_western_origin_60+_years_women,pop_immigrants_of_western_origin_0_10_years_men,pop_immigrants_of_western_origin_0_10_years_women,pop_immigrants_of_western_origin_10_19_years_men,pop_immigrants_of_western_origin_10_19_years_women,pop_immigrants_of_western_origin_20_29_years_men,pop_immigrants_of_western_origin_20_29_years_women,pop_immigrants_of_western_origin_30_39_years_men,pop_immigrants_of_western_origin_30_39_years_women,pop_immigrants_of_western_origin_40_49_years_men,pop_immigrants_of_western_origin_40_49_years_women,pop_immigrants_of_western_origin_50_59_years_men,pop_immigrants_of_western_origin_50_59_years_women,pop_immigrants_of_western_origin_60+_years_men,pop_immigrants_of_western_origin_60+_years_women,pop_persons_of_danish_origin_0_10_years_men,pop_persons_of_danish_origin_0_10_years_women,pop_persons_of_danish_origin_10_19_years_men,pop_persons_of_danish_origin_10_19_years_women,pop_persons_of_danish_origin_20_29_years_men,pop_persons_of_danish_origin_20_29_years_women,pop_persons_of_danish_origin_30_39_years_men,pop_persons_of_danish_origin_30_39_years_women,pop_persons_of_danish_origin_40_49_years_men,pop_persons_of_danish_origin_40_49_years_women,pop_persons_of_danish_origin_50_59_years_men,pop_persons_of_danish_origin_50_59_years_women,pop_persons_of_danish_origin_60+_years_men,pop_persons_of_danish_origin_60+_years_women,unemp_highest_education_completed_total_[0_02],unemp_highest_education_completed_total_]02_04],unemp_highest_education_completed_total_]04_06],unemp_highest_education_completed_total_]06_08],unemp_highest_education_completed_total_]08_1],unemp_masters_and_phd_programs_[0_02],unemp_masters_and_phd_programs_]02_04],unemp_masters_and_phd_programs_]04_06],unemp_masters_and_phd_programs_]06_08],unemp_masters_and_phd_programs_]08_1],unemp_primary_education_and_not_stated_[0_02],unemp_primary_education_and_not_stated_]02_04],unemp_primary_education_and_not_stated_]04_06],unemp_primary_education_and_not_stated_]06_08],unemp_primary_education_and_not_stated_]08_1],unemp_upper_secondary_education_and_qualifying_educational_programs_[0_02],unemp_upper_secondary_education_and_qualifying_educational_programs_]02_04],unemp_upper_secondary_education_and_qualifying_educational_programs_]04_06],unemp_upper_secondary_education_and_qualifying_educational_programs_]06_08],unemp_upper_secondary_education_and_qualifying_educational_programs_]08_1],unemp_vocational_education_and_training_vet_and_short_cycle_higher_educations_[0_02],unemp_vocational_education_and_training_vet_and_short_cycle_higher_educations_]02_04],unemp_vocational_education_and_training_vet_and_short_cycle_higher_educations_]04_06],unemp_vocational_education_and_training_vet_and_short_cycle_higher_educations_]06_08],unemp_vocational_education_and_training_vet_and_short_cycle_higher_educations_]08_1],unemp_vocational_bachelors_educations_and_bachelors_programs_[0_02],unemp_vocational_bachelors_educations_and_bachelors_programs_]02_04],unemp_vocational_bachelors_educations_and_bachelors_programs_]04_06],unemp_vocational_bachelors_educations_and_bachelors_programs_]06_08],unemp_vocational_bachelors_educations_and_bachelors_programs_]08_1],income_disposable_income_men_amount_of_income_dkk_1000,income_disposable_income_men_average_income_for_people_with_the_type_of_income_dkk,income_disposable_income_men_people_with_the_type_of_income_number,income_disposable_income_women_amount_of_income_dkk_1000,income_disposable_income_women_average_income_for_people_with_the_type_of_income_dkk,income_disposable_income_women_people_with_the_type_of_income_number,income_entrepreneurial_income_men_amount_of_income_dkk_1000,income_entrepreneurial_income_men_average_income_for_people_with_the_type_of_income_dkk,income_entrepreneurial_income_men_people_with_the_type_of_income_number,income_entrepreneurial_income_women_amount_of_income_dkk_1000,income_entrepreneurial_income_women_average_income_for_people_with_the_type_of_income_dkk,income_entrepreneurial_income_women_people_with_the_type_of_income_number,income_equivalised_disposable_income_men_amount_of_income_dkk_1000,income_equivalised_disposable_income_men_average_income_for_people_with_the_type_of_income_dkk,income_equivalised_disposable_income_men_people_with_the_type_of_income_number,income_equivalised_disposable_income_women_amount_of_income_dkk_1000,income_equivalised_disposable_income_women_average_income_for_people_with_the_type_of_income_dkk,income_equivalised_disposable_income_women_people_with_the_type_of_income_number,income_personal_income_in_total_ex_imputed_rent_and_before_deductions_of_interest_expenses_men_amount_of_income_dkk_1000,income_personal_income_in_total_ex_imputed_rent_and_before_deductions_of_interest_expenses_men_average_income_for_people_with_the_type_of_income_dkk,income_personal_income_in_total_ex_imputed_rent_and_before_deductions_of_interest_expenses_men_people_with_the_type_of_income_number,income_personal_income_in_total_ex_imputed_rent_and_before_deductions_of_interest_expenses_women_amount_of_income_dkk_1000,income_personal_income_in_total_ex_imputed_rent_and_before_deductions_of_interest_expenses_women_average_income_for_people_with_the_type_of_income_dkk,income_personal_income_in_total_ex_imputed_rent_and_before_deductions_of_interest_expenses_women_people_with_the_type_of_income_number,income_taxable_income_men_amount_of_income_dkk_1000,income_taxable_income_men_average_income_for_people_with_the_type_of_income_dkk,income_taxable_income_men_people_with_the_type_of_income_number,income_taxable_income_women_amount_of_income_dkk_1000,income_taxable_income_women_average_income_for_people_with_the_type_of_income_dkk,income_taxable_income_women_people_with_the_type_of_income_number,housing_1_person_0_children_couples_living_in_consensual_union_and_cohabiting_couples,housing_1_person_0_children_married_couples_and_registered_partnership,housing_1_person_0_children_single_men,housing_1_person_0_children_single_women,housing_1_person_1_child_couples_living_in_consensual_union_and_cohabiting_couples,housing_1_person_1_child_married_couples_and_registered_partnership,housing_1_person_1_child_single_men,housing_1_person_1_child_single_women,housing_1_person_2_children_couples_living_in_consensual_union_and_cohabiting_couples,housing_1_person_2_children_married_couples_and_registered_partnership,housing_1_person_2_children_single_men,housing_1_person_2_children_single_women,housing_1_person_3_children_couples_living_in_consensual_union_and_cohabiting_couples,housing_1_person_3_children_married_couples_and_registered_partnership,housing_1_person_3_children_single_men,housing_1_person_3_children_single_women,housing_2_persons_0_children_couples_living_in_consensual_union_and_cohabiting_couples,housing_2_persons_0_children_married_couples_and_registered_partnership,housing_2_persons_0_children_single_men,housing_2_persons_0_children_single_women,housing_2_persons_1_child_couples_living_in_consensual_union_and_cohabiting_couples,housing_2_persons_1_child_married_couples_and_registered_partnership,housing_2_persons_1_child_single_men,housing_2_persons_1_child_single_women,housing_2_persons_2_children_couples_living_in_consensual_union_and_cohabiting_couples,housing_2_persons_2_children_married_couples_and_registered_partnership,housing_2_persons_2_children_single_men,housing_2_persons_2_children_single_women,housing_2_persons_3_children_couples_living_in_consensual_union_and_cohabiting_couples,housing_2_persons_3_children_married_couples_and_registered_partnership,housing_2_persons_3_children_single_men,housing_2_persons_3_children_single_women,housing_3_persons_0_children_couples_living_in_consensual_union_and_cohabiting_couples,housing_3_persons_0_children_married_couples_and_registered_partnership,housing_3_persons_0_children_single_men,housing_3_persons_0_children_single_women,housing_3_persons_1_child_couples_living_in_consensual_union_and_cohabiting_couples,housing_3_persons_1_child_married_couples_and_registered_partnership,housing_3_persons_1_child_single_men,housing_3_persons_1_child_single_women,housing_3_persons_2_children_couples_living_in_consensual_union_and_cohabiting_couples,housing_3_persons_2_children_married_couples_and_registered_partnership,housing_3_persons_2_children_single_men,housing_3_persons_2_children_single_women,housing_3_persons_3_children_couples_living_in_consensual_union_and_cohabiting_couples,housing_3_persons_3_children_married_couples_and_registered_partnership,housing_3_persons_3_children_single_men,housing_3_persons_3_children_single_women,housing_4_persons_0_children_couples_living_in_consensual_union_and_cohabiting_couples,housing_4_persons_0_children_married_couples_and_registered_partnership,housing_4_persons_0_children_single_men,housing_4_persons_0_children_single_women,housing_4_persons_1_child_couples_living_in_consensual_union_and_cohabiting_couples,housing_4_persons_1_child_married_couples_and_registered_partnership,housing_4_persons_1_child_single_men,housing_4_persons_1_child_single_women,housing_4_persons_2_children_couples_living_in_consensual_union_and_cohabiting_couples,housing_4_persons_2_children_married_couples_and_registered_partnership,housing_4_persons_2_children_single_men,housing_4_persons_2_children_single_women,housing_4_persons_3_children_couples_living_in_consensual_union_and_cohabiting_couples,housing_4_persons_3_children_married_couples_and_registered_partnership,housing_4_persons_3_children_single_men,housing_4_persons_3_children_single_women,housing_5_persons_0_children_couples_living_in_consensual_union_and_cohabiting_couples,housing_5_persons_0_children_married_couples_and_registered_partnership,housing_5_persons_0_children_single_men,housing_5_persons_0_children_single_women,housing_5_persons_1_child_couples_living_in_consensual_union_and_cohabiting_couples,housing_5_persons_1_child_married_couples_and_registered_partnership,housing_5_persons_1_child_single_men,housing_5_persons_1_child_single_women,housing_5_persons_2_children_couples_living_in_consensual_union_and_cohabiting_couples,housing_5_persons_2_children_married_couples_and_registered_partnership,housing_5_persons_2_children_single_men,housing_5_persons_2_children_single_women,housing_5_persons_3_children_couples_living_in_consensual_union_and_cohabiting_couples,housing_5_persons_3_children_married_couples_and_registered_partnership,housing_5_persons_3_children_single_men,housing_5_persons_3_children_single_women,proj_pop_men_0_year,proj_pop_men_1_year,proj_pop_men_10_year,proj_pop_men_11_year,proj_pop_men_12_year,proj_pop_men_13_year,proj_pop_men_14_year,proj_pop_men_15_year,proj_pop_men_16_year,proj_pop_men_17_year,proj_pop_men_18_year,proj_pop_men_19_year,proj_pop_men_2_year,proj_pop_men_20_year,proj_pop_men_21_year,proj_pop_men_22_year,proj_pop_men_23_year,proj_pop_men_24_year,proj_pop_men_25_year,proj_pop_men_26_year,proj_pop_men_27_year,proj_pop_men_28_year,proj_pop_men_29_year,proj_pop_men_3_year,proj_pop_men_30_year,proj_pop_men_31_year,proj_pop_men_32_year,proj_pop_men_33_year,proj_pop_men_34_year,proj_pop_men_35_year,proj_pop_men_36_year,proj_pop_men_37_year,proj_pop_men_38_year,proj_pop_men_39_year,proj_pop_men_4_year,proj_pop_men_40_year,proj_pop_men_41_year,proj_pop_men_42_year,proj_pop_men_43_year,proj_pop_men_44_year,proj_pop_men_45_year,proj_pop_men_46_year,proj_pop_men_47_year,proj_pop_men_48_year,proj_pop_men_49_year,proj_pop_men_5_year,proj_pop_men_50_year,proj_pop_men_51_year,proj_pop_men_52_year,proj_pop_men_53_year,proj_pop_men_54_year,proj_pop_men_55_year,proj_pop_men_56_year,proj_pop_men_57_year,proj_pop_men_58_year,proj_pop_men_59_year,proj_pop_men_6_year,proj_pop_men_60_year,proj_pop_men_61_year,proj_pop_men_62_year,proj_pop_men_63_year,proj_pop_men_64_year,proj_pop_men_65_year,proj_pop_men_66_year,proj_pop_men_67_year,proj_pop_men_68_year,proj_pop_men_69_year,proj_pop_men_7_year,proj_pop_men_70_year,proj_pop_men_71_year,proj_pop_men_72_year,proj_pop_men_73_year,proj_pop_men_74_year,proj_pop_men_75_year,proj_pop_men_76_year,proj_pop_men_77_year,proj_pop_men_78_year,proj_pop_men_79_year,proj_pop_men_8_year,proj_pop_men_80_year,proj_pop_men_81_year,proj_pop_men_82_year,proj_pop_men_83_year,proj_pop_men_84_year,proj_pop_men_85_year,proj_pop_men_86_year,proj_pop_men_87_year,proj_pop_men_88_year,proj_pop_men_89_year,proj_pop_men_9_year,proj_pop_men_90_year,proj_pop_men_91_year,proj_pop_men_92_year,proj_pop_men_93_year,proj_pop_men_94_year,proj_pop_men_95_year,proj_pop_men_96_year,proj_pop_men_97_year,proj_pop_men_98_year,proj_pop_men_99+_year,proj_pop_women_0_year,proj_pop_women_1_year,proj_pop_women_10_year,proj_pop_women_11_year,proj_pop_women_12_year,proj_pop_women_13_year,proj_pop_women_14_year,proj_pop_women_15_year,proj_pop_women_16_year,proj_pop_women_17_year,proj_pop_women_18_year,proj_pop_women_19_year,proj_pop_women_2_year,proj_pop_women_20_year,proj_pop_women_21_year,proj_pop_women_22_year,proj_pop_women_23_year,proj_pop_women_24_year,proj_pop_women_25_year,proj_pop_women_26_year,proj_pop_women_27_year,proj_pop_women_28_year,proj_pop_women_29_year,proj_pop_women_3_year,proj_pop_women_30_year,proj_pop_women_31_year,proj_pop_women_32_year,proj_pop_women_33_year,proj_pop_women_34_year,proj_pop_women_35_year,proj_pop_women_36_year,proj_pop_women_37_year,proj_pop_women_38_year,proj_pop_women_39_year,proj_pop_women_4_year,proj_pop_women_40_year,proj_pop_women_41_year,proj_pop_women_42_year,proj_pop_women_43_year,proj_pop_women_44_year,proj_pop_women_45_year,proj_pop_women_46_year,proj_pop_women_47_year,proj_pop_women_48_year,proj_pop_women_49_year,proj_pop_women_5_year,proj_pop_women_50_year,proj_pop_women_51_year,proj_pop_women_52_year,proj_pop_women_53_year,proj_pop_women_54_year,proj_pop_women_55_year,proj_pop_women_56_year,proj_pop_women_57_year,proj_pop_women_58_year,proj_pop_women_59_year,proj_pop_women_6_year,proj_pop_women_60_year,proj_pop_women_61_year,proj_pop_women_62_year,proj_pop_women_63_year,proj_pop_women_64_year,proj_pop_women_65_year,proj_pop_women_66_year,proj_pop_women_67_year,proj_pop_women_68_year,proj_pop_women_69_year,proj_pop_women_7_year,proj_pop_women_70_year,proj_pop_women_71_year,proj_pop_women_72_year,proj_pop_women_73_year,proj_pop_women_74_year,proj_pop_women_75_year,proj_pop_women_76_year,proj_pop_women_77_year,proj_pop_women_78_year,proj_pop_women_79_year,proj_pop_women_8_year,proj_pop_women_80_year,proj_pop_women_81_year,proj_pop_women_82_year,proj_pop_women_83_year,proj_pop_women_84_year,proj_pop_women_85_year,proj_pop_women_86_year,proj_pop_women_87_year,proj_pop_women_88_year,proj_pop_women_89_year,proj_pop_women_9_year,proj_pop_women_90_year,proj_pop_women_91_year,proj_pop_women_92_year,proj_pop_women_93_year,proj_pop_women_94_year,proj_pop_women_95_year,proj_pop_women_96_year,proj_pop_women_97_year,proj_pop_women_98_year,proj_pop_women_99+_year
Amager Vest,1986,109.0,129.0,,,,0.0,0.0,,0.0,0.0,0.0,0.0,0.0,0.0,29.0,24.0,,,,17.0,7.0,,,,,,3.0,8.0,,,72.0,47.0,210.0,135.0,213.0,141.0,161.0,61.0,,,25.0,37.0,,,,,155.0,164.0,183.0,164.0,,,71.0,80.0,132.0,334.0,1656.0,1513.0,2214.0,2116.0,4074.0,4113.0,2908.0,2679.0,2213.0,2238.0,1769.0,1993.0,3714.0,6547.0,,,,,,,,,,,,,,,,,,,,,,,,,,,,,,,,,,,,,,,,,,,,,,,,,,,,,,,,,,,,,,,,,,,,,,,,,,,,,,,,,,,,,,,,,,,,,,,,,,,,,,,,,,,,,,,,,,,,,,,,,,,,,,,,,,,,,,,,,,,,,,,,,,,,,,,,,,,,,,,,,,,,,,,,,,,,,,,,,,,,,,,,,,,,,,,,,,,,,,,,,,,,,,,,,,,,,,,,,,,,,,,,,,,,,,,,,,,,,,,,,,,,,,,,,,,,,,,,,,,,,,,,,,,,,,,,,,,,,,,,,,,,,,,,,,,,,,,,,,,,,,,,,,,,,,,,,,,,,,,,,,,,,,,,,,,,,,,,,,,,
Amager Vest,1987,136.0,143.0,,,,,0.0,,0.0,0.0,0.0,0.0,0.0,,27.0,29.0,,,,,6.0,,,,,,3.0,,,,102.0,56.0,245.0,159.0,206.0,146.0,195.0,79.0,,,23.0,39.0,,,26.0,22.0,168.0,178.0,183.0,162.0,,,75.0,78.0,126.0,327.0,1667.0,1552.0,2038.0,2011.0,4263.0,4314.0,2851.0,2651.0,2280.0,2245.0,1769.0,1937.0,3617.0,6445.0,,,,,,,,,,,,,,,,,,,,,,,,,,,,,,,1412832.0,82636.0,17097.0,1368122.0,69052.0,19813.0,1822507.0,142562.0,12784.0,1346941.0,112348.0,11989.0,1519677.0,88389.0,17193.0,1647920.0,82277.0,20029.0,2368858.0,138659.0,17084.0,2056151.0,103898.0,19790.0,1964107.0,118064.0,16636.0,1737054.0,90166.0,19265.0,,,,,,,,,,,,,,,,,,,,,,,,,,,,,,,,,,,,,,,,,,,,,,,,,,,,,,,,,,,,,,,,,,,,,,,,,,,,,,,,,,,,,,,,,,,,,,,,,,,,,,,,,,,,,,,,,,,,,,,,,,,,,,,,,,,,,,,,,,,,,,,,,,,,,,,,,,,,,,,,,,,,,,,,,,,,,,,,,,,,,,,,,,,,,,,,,,,,,,,,,,,,,,,,,,,,,,,,,,,,,,,,,,,,,,,,,,,,,,,,,,,,,,,,,,,,,,,,,,,,,,,,,,,,,,,,,,,,,,,,
Amager Vest,1988,163.0,154.0,,,,,0.0,,0.0,0.0,0.0,0.0,0.0,,,,,,,,11.0,,,,,,,,50.0,44.0,90.0,58.0,284.0,176.0,229.0,169.0,206.0,99.0,,,,,,,32.0,29.0,176.0,176.0,169.0,151.0,,,77.0,73.0,125.0,306.0,1683.0,1559.0,1933.0,1874.0,4292.0,4483.0,2862.0,2665.0,2329.0,2300.0,1772.0,1949.0,3564.0,6374.0,,,,,,,,,,,,,,,,,,,,,,,,,,,,,,,1471123.0,85915.0,17123.0,1450879.0,73125.0,19841.0,1904137.0,150715.0,12634.0,1419867.0,118768.0,11955.0,1590386.0,92567.0,17181.0,1734743.0,86672.0,20015.0,2485959.0,145864.0,17043.0,2193838.0,110878.0,19786.0,2073483.0,124302.0,16681.0,1845507.0,95306.0,19364.0,,,,,,,,,,,,,,,,,,,,,,,,,,,,,,,,,,,,,,,,,,,,,,,,,,,,,,,,,,,,,,,,,,,,,,,,,,,,,,,,,,,,,,,,,,,,,,,,,,,,,,,,,,,,,,,,,,,,,,,,,,,,,,,,,,,,,,,,,,,,,,,,,,,,,,,,,,,,,,,,,,,,,,,,,,,,,,,,,,,,,,,,,,,,,,,,,,,,,,,,,,,,,,,,,,,,,,,,,,,,,,,,,,,,,,,,,,,,,,,,,,,,,,,,,,,,,,,,,,,,,,,,,,,,,,,,,,,,,,,,
Amager Vest,1989,168.0,182.0,,,,0.0,0.0,,0.0,0.0,0.0,0.0,0.0,,35.0,23.0,,,,15.0,13.0,,3.0,3.0,,,,,49.0,44.0,102.0,79.0,310.0,203.0,240.0,183.0,217.0,112.0,,,,,8.0,16.0,27.0,31.0,156.0,172.0,158.0,150.0,161.0,125.0,72.0,76.0,133.0,301.0,1666.0,1561.0,1855.0,1844.0,4290.0,4530.0,2876.0,2621.0,2329.0,2377.0,1749.0,1894.0,3517.0,6246.0,,,,,,,,,,,,,,,,,,,,,,,,,,,,,,,1524348.0,89310.0,17068.0,1509280.0,76629.0,19696.0,1916657.0,154619.0,12396.0,1443263.0,123451.0,11691.0,1649564.0,96257.0,17137.0,1798429.0,90587.0,19853.0,2558635.0,151095.0,16934.0,2272795.0,115847.0,19619.0,2136420.0,129566.0,16489.0,1906852.0,99956.0,19077.0,,,,,,,,,,,,,,,,,,,,,,,,,,,,,,,,,,,,,,,,,,,,,,,,,,,,,,,,,,,,,,,,,,,,,,,,,,,,,,,,,,,,,,,,,,,,,,,,,,,,,,,,,,,,,,,,,,,,,,,,,,,,,,,,,,,,,,,,,,,,,,,,,,,,,,,,,,,,,,,,,,,,,,,,,,,,,,,,,,,,,,,,,,,,,,,,,,,,,,,,,,,,,,,,,,,,,,,,,,,,,,,,,,,,,,,,,,,,,,,,,,,,,,,,,,,,,,,,,,,,,,,,,,,,,,,,,,,,,,,,
Amager Vest,1990,189.0,185.0,66.0,77.0,3.0,,0.0,,0.0,0.0,0.0,0.0,0.0,0.0,,,19.0,19.0,8.0,,14.0,,,,0.0,,5.0,11.0,46.0,,108.0,72.0,315.0,190.0,273.0,197.0,211.0,124.0,71.0,,26.0,48.0,,,23.0,36.0,145.0,149.0,166.0,151.0,,,75.0,70.0,131.0,298.0,1683.0,1566.0,1745.0,1822.0,4239.0,4488.0,2903.0,2587.0,2348.0,2416.0,1781.0,1870.0,3457.0,6116.0,,,,,,,,,,,,,,,,,,,,,,,,,,,,,,,1548421.0,90998.0,17016.0,1556768.0,79520.0,19577.0,1921654.0,157500.0,12201.0,1495274.0,128174.0,11666.0,1685259.0,98663.0,17081.0,1836526.0,93064.0,19734.0,2598624.0,153411.0,16939.0,2345610.0,120171.0,19519.0,2154389.0,131333.0,16404.0,1957241.0,103192.0,18967.0,,,,,,,,,,,,,,,,,,,,,,,,,,,,,,,,,,,,,,,,,,,,,,,,,,,,,,,,,,,,,,,,,,,,,,,,,,,,,,,,,,,,,,,,,,,,,,,,,,,,,,,,,,,,,,,,,,,,,,,,,,,,,,,,,,,,,,,,,,,,,,,,,,,,,,,,,,,,,,,,,,,,,,,,,,,,,,,,,,,,,,,,,,,,,,,,,,,,,,,,,,,,,,,,,,,,,,,,,,,,,,,,,,,,,,,,,,,,,,,,,,,,,,,,,,,,,,,,,,,,,,,,,,,,,,,,,,,,,,,,
Amager Vest,1991,184.0,171.0,,,,,0.0,,0.0,,0.0,0.0,0.0,0.0,,,,,,,13.0,,3.0,,,,5.0,10.0,39.0,,101.0,67.0,344.0,215.0,293.0,207.0,219.0,136.0,71.0,,29.0,53.0,,,,36.0,165.0,158.0,180.0,146.0,169.0,139.0,,,134.0,295.0,1695.0,1574.0,1721.0,1750.0,4150.0,4428.0,2890.0,2658.0,2400.0,2373.0,1797.0,1888.0,3344.0,5987.0,,,,,,,,,,,,,,,,,,,,,,,,,,,,,,,1577156.0,92807.0,16994.0,1572272.0,81435.0,19307.0,1923980.0,160492.0,11988.0,1504689.0,130287.0,11549.0,1711776.0,100315.0,17064.0,1851099.0,95016.0,19482.0,2659994.0,156793.0,16965.0,2398792.0,124457.0,19274.0,2198209.0,134447.0,16350.0,1992749.0,106644.0,18686.0,,,,,,,,,,,,,,,,,,,,,,,,,,,,,,,,,,,,,,,,,,,,,,,,,,,,,,,,,,,,,,,,,,,,,,,,,,,,,,,,,,,,,,,,,,,,,,,,,,,,,,,,,,,,,,,,,,,,,,,,,,,,,,,,,,,,,,,,,,,,,,,,,,,,,,,,,,,,,,,,,,,,,,,,,,,,,,,,,,,,,,,,,,,,,,,,,,,,,,,,,,,,,,,,,,,,,,,,,,,,,,,,,,,,,,,,,,,,,,,,,,,,,,,,,,,,,,,,,,,,,,,,,,,,,,,,,,,,,,,,
Amager Vest,1992,185.0,165.0,113.0,134.0,5.0,,0.0,,0.0,,0.0,0.0,0.0,0.0,26.0,30.0,,18.0,17.0,,10.0,,5.0,,,0.0,4.0,10.0,36.0,,111.0,91.0,338.0,219.0,300.0,216.0,231.0,156.0,84.0,,35.0,59.0,7.0,,,30.0,152.0,143.0,175.0,134.0,169.0,153.0,,,133.0,279.0,1709.0,1624.0,1674.0,1706.0,4178.0,4338.0,2900.0,2655.0,2442.0,2398.0,1754.0,1880.0,3274.0,5830.0,,,,,,,,,,,,,,,,,,,,,,,,,,,,,,,1617783.0,94757.0,17073.0,1627116.0,83643.0,19453.0,1929115.0,161189.0,11968.0,1536829.0,132829.0,11570.0,1756803.0,102366.0,17162.0,1901147.0,96898.0,19620.0,2704322.0,158602.0,17051.0,2472738.0,127284.0,19427.0,2246338.0,136456.0,16462.0,2056194.0,109494.0,18779.0,,,,,,,,,,,,,,,,,,,,,,,,,,,,,,,,,,,,,,,,,,,,,,,,,,,,,,,,,,,,,,,,,,,,,,,,,,,,,,,,,,,,,,,,,,,,,,,,,,,,,,,,,,,,,,,,,,,,,,,,,,,,,,,,,,,,,,,,,,,,,,,,,,,,,,,,,,,,,,,,,,,,,,,,,,,,,,,,,,,,,,,,,,,,,,,,,,,,,,,,,,,,,,,,,,,,,,,,,,,,,,,,,,,,,,,,,,,,,,,,,,,,,,,,,,,,,,,,,,,,,,,,,,,,,,,,,,,,,,,,
Amager Vest,1993,228.0,213.0,137.0,163.0,12.0,,0.0,,0.0,,0.0,0.0,0.0,0.0,31.0,26.0,,20.0,14.0,,11.0,,8.0,,,0.0,4.0,8.0,46.0,40.0,143.0,106.0,319.0,266.0,376.0,247.0,259.0,178.0,117.0,56.0,41.0,63.0,4.0,5.0,,30.0,156.0,142.0,169.0,135.0,186.0,147.0,,78.0,128.0,277.0,1765.0,1678.0,1654.0,1669.0,4172.0,4405.0,2923.0,2718.0,2451.0,2388.0,1788.0,1932.0,3211.0,5704.0,,,,,,,,,,,,,,,,,,,,,,,,,,,,,,,1651391.0,96084.0,17187.0,1660620.0,85945.0,19322.0,1909659.0,160408.0,11905.0,1543559.0,135175.0,11419.0,1798566.0,104017.0,17291.0,1937395.0,99399.0,19491.0,2721785.0,158501.0,17172.0,2500917.0,129669.0,19287.0,2264742.0,137532.0,16467.0,2078098.0,111966.0,18560.0,,,,,,,,,,,,,,,,,,,,,,,,,,,,,,,,,,,,,,,,,,,,,,,,,,,,,,,,,,,,,,,,,,,,,,,,,,,,,,,,,,,,,,,,,,,,,,,,,,,,,,,,,,,,,,,,,,,,,,,,,,,,,,,,,,,,,,,,,,,,,,,,,,,,,,,,,,,,,,,,,,,,,,,,,,,,,,,,,,,,,,,,,,,,,,,,,,,,,,,,,,,,,,,,,,,,,,,,,,,,,,,,,,,,,,,,,,,,,,,,,,,,,,,,,,,,,,,,,,,,,,,,,,,,,,,,,,,,,,,,
Amager Vest,1994,262.0,222.0,152.0,163.0,,,,0.0,0.0,,0.0,0.0,0.0,0.0,38.0,25.0,,16.0,,,,18.0,7.0,,,0.0,4.0,7.0,44.0,58.0,150.0,121.0,363.0,275.0,414.0,285.0,250.0,201.0,139.0,66.0,46.0,59.0,7.0,10.0,,24.0,160.0,145.0,180.0,143.0,172.0,155.0,,74.0,120.0,266.0,1781.0,1717.0,1617.0,1536.0,4213.0,4404.0,2949.0,2749.0,2442.0,2366.0,1834.0,1996.0,3105.0,5474.0,,,,,,,,,,,,,,,,,,,,,,,,,,,,,,,1748587.0,100074.0,17473.0,1757467.0,91094.0,19293.0,2003538.0,163581.0,12248.0,1571327.0,134808.0,11656.0,1912275.0,108893.0,17561.0,2031053.0,104505.0,19435.0,2875766.0,164744.0,17456.0,2708404.0,140696.0,19250.0,2455203.0,141845.0,17309.0,2306442.0,120693.0,19110.0,,,,,,,,,,,,,,,,,,,,,,,,,,,,,,,,,,,,,,,,,,,,,,,,,,,,,,,,,,,,,,,,,,,,,,,,,,,,,,,,,,,,,,,,,,,,,,,,,,,,,,,,,,,,,,,,,,,,,,,,,,,,,,,,,,,,,,,,,,,,,,,,,,,,,,,,,,,,,,,,,,,,,,,,,,,,,,,,,,,,,,,,,,,,,,,,,,,,,,,,,,,,,,,,,,,,,,,,,,,,,,,,,,,,,,,,,,,,,,,,,,,,,,,,,,,,,,,,,,,,,,,,,,,,,,,,,,,,,,,,
Amager Vest,1995,311.0,240.0,153.0,180.0,,,,,0.0,,0.0,0.0,0.0,0.0,41.0,28.0,,19.0,,,,,9.0,,,0.0,4.0,6.0,46.0,68.0,156.0,119.0,369.0,301.0,452.0,297.0,270.0,236.0,145.0,71.0,54.0,68.0,11.0,15.0,,26.0,161.0,144.0,195.0,131.0,159.0,160.0,,82.0,111.0,253.0,1832.0,1753.0,1568.0,1526.0,4331.0,4353.0,3008.0,2863.0,2452.0,2301.0,1906.0,2041.0,3002.0,5285.0,,,,,,,,,,,,,,,,,,,,,,,,,,,,,,,1856504.0,105423.0,17610.0,1845228.0,95766.0,19268.0,2109691.0,171102.0,12330.0,1624096.0,142140.0,11426.0,2024396.0,114315.0,17709.0,2128662.0,109798.0,19387.0,3015136.0,171568.0,17574.0,2810893.0,146195.0,19227.0,2542957.0,146610.0,17345.0,2365937.0,124516.0,19001.0,,,,,,,,,,,,,,,,,,,,,,,,,,,,,,,,,,,,,,,,,,,,,,,,,,,,,,,,,,,,,,,,,,,,,,,,,,,,,,,,,,,,,,,,,,,,,,,,,,,,,,,,,,,,,,,,,,,,,,,,,,,,,,,,,,,,,,,,,,,,,,,,,,,,,,,,,,,,,,,,,,,,,,,,,,,,,,,,,,,,,,,,,,,,,,,,,,,,,,,,,,,,,,,,,,,,,,,,,,,,,,,,,,,,,,,,,,,,,,,,,,,,,,,,,,,,,,,,,,,,,,,,,,,,,,,,,,,,,,,,
Amager Vest,1996,339.0,274.0,158.0,194.0,,,,,0.0,,0.0,0.0,0.0,0.0,53.0,41.0,,,,,,,7.0,,,,4.0,6.0,53.0,57.0,143.0,144.0,390.0,318.0,511.0,320.0,256.0,249.0,183.0,87.0,62.0,69.0,12.0,14.0,,,181.0,158.0,188.0,130.0,170.0,151.0,,,117.0,240.0,1846.0,1779.0,1533.0,1492.0,4384.0,4385.0,3058.0,2924.0,2431.0,2270.0,1967.0,2049.0,2917.0,5166.0,,,,,,,,,,,,,,,,,,,,,,,,,,,,,,,1935301.0,109562.0,17664.0,1914266.0,99308.0,19276.0,2204588.0,173289.0,12722.0,1693800.0,145266.0,11660.0,2105843.0,118586.0,17758.0,2204981.0,113641.0,19403.0,3114915.0,176693.0,17629.0,2896193.0,150545.0,19238.0,2618031.0,150134.0,17438.0,2425298.0,127466.0,19027.0,,,,,,,,,,,,,,,,,,,,,,,,,,,,,,,,,,,,,,,,,,,,,,,,,,,,,,,,,,,,,,,,,,,,,,,,,,,,,,,,,,,,,,,,,,,,,,,,,,,,,,,,,,,,,,,,,,,,,,,,,,,,,,,,,,,,,,,,,,,,,,,,,,,,,,,,,,,,,,,,,,,,,,,,,,,,,,,,,,,,,,,,,,,,,,,,,,,,,,,,,,,,,,,,,,,,,,,,,,,,,,,,,,,,,,,,,,,,,,,,,,,,,,,,,,,,,,,,,,,,,,,,,,,,,,,,,,,,,,,,
Amager Vest,1997,379.0,309.0,167.0,205.0,,,,,0.0,,0.0,0.0,0.0,0.0,57.0,40.0,,,,,,,9.0,,,,5.0,6.0,53.0,57.0,155.0,152.0,424.0,382.0,517.0,365.0,259.0,257.0,198.0,108.0,67.0,74.0,10.0,14.0,,,208.0,186.0,174.0,133.0,175.0,142.0,,,120.0,222.0,1896.0,1792.0,1509.0,1478.0,4271.0,4322.0,3225.0,3038.0,2404.0,2271.0,2034.0,2098.0,2851.0,4980.0,,,,,,,,,,,,,,,,,,,,,,,,,,,,,,,2025280.0,113385.0,17862.0,1982300.0,102028.0,19429.0,2338208.0,179710.0,13011.0,1791792.0,150659.0,11893.0,2200181.0,122470.0,17965.0,2292325.0,117189.0,19561.0,3255836.0,182676.0,17823.0,2995717.0,154402.0,19402.0,2690735.0,153091.0,17576.0,2474728.0,129195.0,19155.0,,,,,,,,,,,,,,,,,,,,,,,,,,,,,,,,,,,,,,,,,,,,,,,,,,,,,,,,,,,,,,,,,,,,,,,,,,,,,,,,,,,,,,,,,,,,,,,,,,,,,,,,,,,,,,,,,,,,,,,,,,,,,,,,,,,,,,,,,,,,,,,,,,,,,,,,,,,,,,,,,,,,,,,,,,,,,,,,,,,,,,,,,,,,,,,,,,,,,,,,,,,,,,,,,,,,,,,,,,,,,,,,,,,,,,,,,,,,,,,,,,,,,,,,,,,,,,,,,,,,,,,,,,,,,,,,,,,,,,,,
Amager Vest,1998,418.0,333.0,191.0,221.0,,,,0.0,0.0,,0.0,0.0,0.0,0.0,56.0,53.0,,,,,,15.0,9.0,,,,6.0,4.0,58.0,53.0,170.0,146.0,438.0,408.0,550.0,413.0,266.0,263.0,226.0,126.0,82.0,86.0,9.0,13.0,,,231.0,201.0,184.0,151.0,163.0,128.0,,,117.0,210.0,1879.0,1837.0,1482.0,1480.0,4264.0,4385.0,3328.0,3114.0,2401.0,2228.0,2052.0,2156.0,2806.0,4839.0,,,,,,,,,,,,,,,,,,,,,,,,,,,,,,,2142084.0,119256.0,17962.0,2080153.0,106976.0,19445.0,2520303.0,189496.0,13300.0,1907854.0,155249.0,12289.0,2325946.0,128954.0,18037.0,2401676.0,122867.0,19547.0,3432368.0,191357.0,17937.0,3119611.0,160763.0,19405.0,2835388.0,159211.0,17809.0,2557904.0,132968.0,19237.0,0.0,0.0,5948.0,7288.0,0.0,0.0,0.0,0.0,0.0,0.0,0.0,0.0,0.0,0.0,0.0,0.0,1996.0,2816.0,0.0,0.0,0.0,0.0,128.0,900.0,0.0,0.0,0.0,0.0,0.0,0.0,0.0,0.0,0.0,0.0,0.0,0.0,520.0,942.0,0.0,0.0,0.0,0.0,36.0,452.0,0.0,0.0,0.0,0.0,0.0,0.0,0.0,0.0,0.0,0.0,0.0,0.0,283.0,929.0,0.0,0.0,0.0,0.0,2.0,116.0,0.0,0.0,0.0,0.0,0.0,0.0,0.0,0.0,0.0,0.0,0.0,0.0,57.0,213.0,0.0,0.0,,,,,,,,,,,,,,,,,,,,,,,,,,,,,,,,,,,,,,,,,,,,,,,,,,,,,,,,,,,,,,,,,,,,,,,,,,,,,,,,,,,,,,,,,,,,,,,,,,,,,,,,,,,,,,,,,,,,,,,,,,,,,,,,,,,,,,,,,,,,,,,,,,,,,,,,,,,,,,,,,,,,,,,,,,,,,,,,,,,,,,,,,,,,,,,,,,,,,,,,
Amager Vest,1999,450.0,369.0,211.0,234.0,,,,0.0,,,0.0,0.0,0.0,0.0,47.0,53.0,,,,,,16.0,,,,,7.0,3.0,72.0,71.0,181.0,159.0,431.0,434.0,599.0,461.0,314.0,293.0,234.0,140.0,92.0,88.0,8.0,9.0,,,210.0,198.0,188.0,149.0,167.0,135.0,,,106.0,207.0,1901.0,1827.0,1458.0,1429.0,4121.0,4360.0,3376.0,3140.0,2435.0,2244.0,2069.0,2176.0,2759.0,4677.0,,,,,,,,,,,,,,,,,,,,,,,,,,,,,,,2255281.0,123910.0,18201.0,2156522.0,111167.0,19399.0,2718860.0,199169.0,13651.0,2029119.0,162772.0,12466.0,2447179.0,133923.0,18273.0,2493256.0,127715.0,19522.0,3626491.0,199587.0,18170.0,3228120.0,166725.0,19362.0,3011347.0,167056.0,18026.0,2652076.0,138490.0,19150.0,0.0,0.0,5918.0,7116.0,0.0,0.0,0.0,0.0,0.0,0.0,0.0,0.0,0.0,0.0,0.0,0.0,1982.0,2808.0,0.0,0.0,0.0,0.0,132.0,895.0,0.0,0.0,0.0,0.0,0.0,0.0,0.0,0.0,0.0,0.0,0.0,0.0,508.0,912.0,0.0,0.0,0.0,0.0,33.0,453.0,0.0,0.0,0.0,0.0,0.0,0.0,0.0,0.0,0.0,0.0,0.0,0.0,277.0,946.0,0.0,0.0,0.0,0.0,2.0,120.0,0.0,0.0,0.0,0.0,0.0,0.0,0.0,0.0,0.0,0.0,0.0,0.0,78.0,226.0,0.0,0.0,,,,,,,,,,,,,,,,,,,,,,,,,,,,,,,,,,,,,,,,,,,,,,,,,,,,,,,,,,,,,,,,,,,,,,,,,,,,,,,,,,,,,,,,,,,,,,,,,,,,,,,,,,,,,,,,,,,,,,,,,,,,,,,,,,,,,,,,,,,,,,,,,,,,,,,,,,,,,,,,,,,,,,,,,,,,,,,,,,,,,,,,,,,,,,,,,,,,,,,,
Amager Vest,2000,480.0,428.0,228.0,239.0,,,,0.0,,,0.0,0.0,0.0,0.0,40.0,49.0,,,,,,15.0,,,4.0,3.0,,,,,200.0,186.0,450.0,428.0,651.0,515.0,359.0,323.0,238.0,155.0,,,,,,,223.0,227.0,206.0,135.0,168.0,137.0,135.0,136.0,111.0,203.0,1871.0,1784.0,1468.0,1454.0,4170.0,4294.0,3390.0,3120.0,2458.0,2236.0,2145.0,2223.0,2713.0,4493.0,,,,,,,,,,,,,,,,,,,,,,,,,,,,,,,2355507.0,128499.0,18331.0,2228337.0,115602.0,19276.0,2867134.0,207793.0,13798.0,2123844.0,169298.0,12545.0,2553470.0,138587.0,18425.0,2578690.0,132922.0,19400.0,3780987.0,206736.0,18289.0,3329178.0,173088.0,19234.0,3090296.0,171426.0,18027.0,2694568.0,142089.0,18964.0,0.0,0.0,6003.0,7080.0,0.0,0.0,0.0,0.0,0.0,0.0,0.0,0.0,0.0,0.0,0.0,0.0,2024.0,2730.0,0.0,0.0,0.0,0.0,134.0,855.0,0.0,0.0,0.0,0.0,0.0,0.0,0.0,0.0,0.0,0.0,0.0,0.0,523.0,966.0,0.0,0.0,0.0,0.0,35.0,433.0,0.0,0.0,0.0,0.0,0.0,0.0,0.0,0.0,0.0,0.0,0.0,0.0,301.0,958.0,0.0,0.0,0.0,0.0,3.0,119.0,0.0,0.0,0.0,0.0,0.0,0.0,0.0,0.0,0.0,0.0,0.0,0.0,66.0,230.0,0.0,0.0,,,,,,,,,,,,,,,,,,,,,,,,,,,,,,,,,,,,,,,,,,,,,,,,,,,,,,,,,,,,,,,,,,,,,,,,,,,,,,,,,,,,,,,,,,,,,,,,,,,,,,,,,,,,,,,,,,,,,,,,,,,,,,,,,,,,,,,,,,,,,,,,,,,,,,,,,,,,,,,,,,,,,,,,,,,,,,,,,,,,,,,,,,,,,,,,,,,,,,,,
Amager Vest,2001,531.0,488.0,228.0,239.0,,,,,,,0.0,,0.0,0.0,35.0,49.0,33.0,24.0,,,,,,,,3.0,,,,,204.0,191.0,455.0,458.0,681.0,559.0,391.0,323.0,261.0,181.0,,,,,23.0,25.0,228.0,258.0,225.0,129.0,183.0,134.0,,,108.0,196.0,1889.0,1788.0,1458.0,1387.0,4219.0,4283.0,3376.0,3078.0,2453.0,2256.0,2188.0,2206.0,2679.0,4343.0,,,,,,,,,,,,,,,,,,,,,,,,,,,,,,,2453596.0,133406.0,18392.0,2299477.0,119665.0,19216.0,2999976.0,216981.0,13826.0,2234360.0,177021.0,12622.0,2659577.0,143606.0,18520.0,2661343.0,137687.0,19329.0,3953121.0,215417.0,18351.0,3455470.0,180188.0,19177.0,3212272.0,178549.0,17991.0,2789869.0,148059.0,18843.0,0.0,0.0,6081.0,6988.0,0.0,0.0,0.0,0.0,0.0,0.0,0.0,0.0,0.0,0.0,0.0,0.0,1994.0,2696.0,0.0,0.0,0.0,0.0,142.0,805.0,0.0,0.0,0.0,0.0,0.0,0.0,0.0,0.0,0.0,0.0,0.0,0.0,524.0,924.0,0.0,0.0,0.0,0.0,38.0,415.0,0.0,0.0,0.0,0.0,0.0,0.0,0.0,0.0,0.0,0.0,0.0,0.0,319.0,967.0,0.0,0.0,0.0,0.0,4.0,109.0,0.0,0.0,0.0,0.0,0.0,0.0,0.0,0.0,0.0,0.0,0.0,0.0,68.0,260.0,0.0,0.0,,,,,,,,,,,,,,,,,,,,,,,,,,,,,,,,,,,,,,,,,,,,,,,,,,,,,,,,,,,,,,,,,,,,,,,,,,,,,,,,,,,,,,,,,,,,,,,,,,,,,,,,,,,,,,,,,,,,,,,,,,,,,,,,,,,,,,,,,,,,,,,,,,,,,,,,,,,,,,,,,,,,,,,,,,,,,,,,,,,,,,,,,,,,,,,,,,,,,,,,
Amager Vest,2002,553.0,521.0,233.0,233.0,,,,,,,0.0,,0.0,0.0,37.0,46.0,,,,,,,,,3.0,,,,,,221.0,187.0,442.0,475.0,680.0,577.0,420.0,348.0,273.0,194.0,,,,,,,229.0,302.0,231.0,137.0,170.0,132.0,146.0,143.0,111.0,188.0,1887.0,1771.0,1498.0,1398.0,4179.0,4253.0,3448.0,3072.0,2419.0,2222.0,2227.0,2231.0,2619.0,4174.0,,,,,,,,,,,,,,,,,,,,,,,,,,,,,,,2550086.0,138795.0,18373.0,2404879.0,125470.0,19167.0,3026664.0,219658.0,13779.0,2284768.0,181417.0,12594.0,2772092.0,149940.0,18488.0,2784552.0,144292.0,19298.0,4032278.0,220247.0,18308.0,3558389.0,185904.0,19141.0,3270264.0,182309.0,17938.0,2862130.0,152403.0,18780.0,0.0,0.0,6087.25,6871.25,0.0,0.0,0.0,0.0,0.0,0.0,0.0,0.0,0.0,0.0,0.0,0.0,1975.5,2634.75,0.0,0.0,0.0,0.0,157.5,809.0,0.0,0.0,0.0,0.0,0.0,0.0,0.0,0.0,0.0,0.0,0.0,0.0,553.5,919.0,0.0,0.0,0.0,0.0,38.75,429.0,0.0,0.0,0.0,0.0,0.0,0.0,0.0,0.0,0.0,0.0,0.0,0.0,301.0,976.5,0.0,0.0,0.0,0.0,7.75,127.25,0.0,0.0,0.0,0.0,0.0,0.0,0.0,0.0,0.0,0.0,0.0,0.0,64.25,263.0,0.0,0.0,,,,,,,,,,,,,,,,,,,,,,,,,,,,,,,,,,,,,,,,,,,,,,,,,,,,,,,,,,,,,,,,,,,,,,,,,,,,,,,,,,,,,,,,,,,,,,,,,,,,,,,,,,,,,,,,,,,,,,,,,,,,,,,,,,,,,,,,,,,,,,,,,,,,,,,,,,,,,,,,,,,,,,,,,,,,,,,,,,,,,,,,,,,,,,,,,,,,,,,,
Amager Vest,2003,582.0,539.0,265.0,262.0,152.0,145.0,,,,,0.0,,0.0,0.0,45.0,48.0,29.0,31.0,28.0,30.0,,,,,4.0,,6.0,3.0,43.0,52.0,212.0,206.0,430.0,485.0,671.0,600.0,456.0,366.0,275.0,203.0,160.0,122.0,11.0,8.0,18.0,22.0,221.0,303.0,215.0,161.0,165.0,126.0,156.0,144.0,112.0,178.0,1866.0,1739.0,1487.0,1418.0,4118.0,4176.0,3443.0,3096.0,2441.0,2202.0,2204.0,2204.0,2612.0,4108.0,,,,,,,,,,,,,,,,,,,,,,,,,,,,,,,2626653.0,143087.0,18357.0,2518294.0,130131.0,19352.0,3041556.0,223841.0,13588.0,2349191.0,183703.0,12788.0,2864408.0,155118.0,18466.0,2907212.0,149210.0,19484.0,4096900.0,223850.0,18302.0,3688376.0,190890.0,19322.0,3338926.0,186189.0,17933.0,2971013.0,156386.0,18998.0,0.0,0.0,6053.25,6809.75,0.0,0.0,0.0,0.0,0.0,0.0,0.0,0.0,0.0,0.0,0.0,0.0,2015.75,2578.0,0.0,0.0,0.0,0.0,156.25,815.0,0.0,0.0,0.0,0.0,0.0,0.0,0.0,0.0,0.0,0.0,0.0,0.0,532.75,906.25,0.0,0.0,0.0,0.0,46.0,433.0,0.0,0.0,0.0,0.0,0.0,0.0,0.0,0.0,0.0,0.0,0.0,0.0,301.25,992.0,0.0,0.0,0.0,0.0,8.5,135.0,0.0,0.0,0.0,0.0,0.0,0.0,0.0,0.0,0.0,0.0,0.0,0.0,66.5,271.0,0.0,0.0,,,,,,,,,,,,,,,,,,,,,,,,,,,,,,,,,,,,,,,,,,,,,,,,,,,,,,,,,,,,,,,,,,,,,,,,,,,,,,,,,,,,,,,,,,,,,,,,,,,,,,,,,,,,,,,,,,,,,,,,,,,,,,,,,,,,,,,,,,,,,,,,,,,,,,,,,,,,,,,,,,,,,,,,,,,,,,,,,,,,,,,,,,,,,,,,,,,,,,,,
Amager Vest,2004,590.0,564.0,300.0,280.0,133.0,156.0,,,,0.0,0.0,,0.0,0.0,46.0,47.0,,,26.0,31.0,,,,17.0,6.0,,,,45.0,40.0,210.0,202.0,417.0,489.0,637.0,598.0,496.0,401.0,287.0,212.0,183.0,130.0,11.0,12.0,,,248.0,313.0,221.0,182.0,167.0,132.0,144.0,145.0,,,1840.0,1752.0,1463.0,1430.0,4080.0,4184.0,3449.0,3150.0,2444.0,2236.0,2196.0,2184.0,2623.0,4077.0,,,,,,,,,,,,,,,,,,,,,,,,,,,,,,,2848452.0,151328.0,18823.0,2686496.0,137171.0,19585.0,3276524.0,233837.0,14012.0,2514121.0,191786.0,13109.0,3106889.0,164229.0,18918.0,3118357.0,158389.0,19688.0,4351763.0,232329.0,18731.0,3871997.0,198005.0,19555.0,3519696.0,191767.0,18354.0,3092945.0,161309.0,19174.0,0.0,0.0,6125.0,6784.25,0.0,0.0,0.0,0.0,0.0,0.0,0.0,0.0,0.0,0.0,0.0,0.0,2171.75,2600.25,0.0,0.0,0.0,0.0,161.25,827.0,0.0,0.0,0.0,0.0,0.0,0.0,0.0,0.0,0.0,0.0,0.0,0.0,528.0,928.0,0.0,0.0,0.0,0.0,49.75,448.0,0.0,0.0,0.0,0.0,0.0,0.0,0.0,0.0,0.0,0.0,0.0,0.0,281.75,986.25,0.0,0.0,0.0,0.0,9.25,145.5,0.0,0.0,0.0,0.0,0.0,0.0,0.0,0.0,0.0,0.0,0.0,0.0,64.25,278.75,0.0,0.0,,,,,,,,,,,,,,,,,,,,,,,,,,,,,,,,,,,,,,,,,,,,,,,,,,,,,,,,,,,,,,,,,,,,,,,,,,,,,,,,,,,,,,,,,,,,,,,,,,,,,,,,,,,,,,,,,,,,,,,,,,,,,,,,,,,,,,,,,,,,,,,,,,,,,,,,,,,,,,,,,,,,,,,,,,,,,,,,,,,,,,,,,,,,,,,,,,,,,,,,
Amager Vest,2005,583.0,566.0,338.0,304.0,153.0,168.0,,,,,0.0,,0.0,0.0,50.0,48.0,37.0,36.0,32.0,33.0,,,,,6.0,,7.0,3.0,45.0,35.0,199.0,180.0,426.0,519.0,651.0,644.0,517.0,426.0,293.0,235.0,203.0,143.0,20.0,9.0,22.0,30.0,257.0,374.0,247.0,186.0,162.0,135.0,153.0,157.0,128.0,182.0,1872.0,1742.0,1512.0,1471.0,4029.0,4147.0,3594.0,3233.0,2528.0,2276.0,2207.0,2160.0,2652.0,4031.0,,,,,,,,,,,,,,,,,,,,,,,,,,,,,,,3159579.0,161731.0,19536.0,2914341.0,143656.0,20287.0,3703228.0,249897.0,14819.0,2767750.0,198562.0,13939.0,3434272.0,174701.0,19658.0,3404513.0,166912.0,20397.0,4840332.0,248656.0,19466.0,4201732.0,207513.0,20248.0,3844030.0,202509.0,18982.0,3327599.0,168112.0,19794.0,0.0,0.0,6258.75,6751.0,0.0,0.0,0.0,0.0,0.0,0.0,0.0,0.0,0.0,0.0,0.0,0.0,2271.5,2680.0,0.0,0.0,0.0,0.0,168.25,846.25,0.0,0.0,0.0,0.0,0.0,0.0,0.0,0.0,0.0,0.0,0.0,0.0,549.0,950.5,0.0,0.0,0.0,0.0,51.0,470.25,0.0,0.0,0.0,0.0,0.0,0.0,0.0,0.0,0.0,0.0,0.0,0.0,292.5,987.25,0.0,0.0,0.0,0.0,11.75,149.0,0.0,0.0,0.0,0.0,0.0,0.0,0.0,0.0,0.0,0.0,0.0,0.0,68.5,292.5,0.0,0.0,,,,,,,,,,,,,,,,,,,,,,,,,,,,,,,,,,,,,,,,,,,,,,,,,,,,,,,,,,,,,,,,,,,,,,,,,,,,,,,,,,,,,,,,,,,,,,,,,,,,,,,,,,,,,,,,,,,,,,,,,,,,,,,,,,,,,,,,,,,,,,,,,,,,,,,,,,,,,,,,,,,,,,,,,,,,,,,,,,,,,,,,,,,,,,,,,,,,,,,,
Amager Vest,2006,627.0,552.0,364.0,341.0,148.0,179.0,,,,,0.0,,0.0,0.0,52.0,57.0,,,34.0,38.0,,,,,9.0,,,,39.0,40.0,213.0,181.0,455.0,512.0,659.0,660.0,562.0,472.0,298.0,270.0,226.0,143.0,22.0,12.0,,,321.0,433.0,271.0,224.0,171.0,138.0,152.0,159.0,,,1980.0,1846.0,1562.0,1553.0,4070.0,4309.0,3914.0,3429.0,2618.0,2408.0,2276.0,2199.0,2693.0,4026.0,,,,,,,,,,,,,,,,,,,,,,,,,,,,,,,3515211.0,170633.0,20601.0,3163121.0,148734.0,21267.0,4272918.0,267141.0,15995.0,3137793.0,209900.0,14949.0,3806000.0,184043.0,20680.0,3731673.0,174712.0,21359.0,5464039.0,265786.0,20558.0,4608630.0,216969.0,21241.0,4289102.0,212269.0,20206.0,3623167.0,173449.0,20889.0,0.0,0.0,6485.0,6940.75,0.0,0.0,0.0,0.0,0.0,0.0,0.0,0.0,0.0,0.0,0.0,0.0,2431.75,2819.75,0.0,0.0,0.0,0.0,155.0,877.0,0.0,0.0,0.0,0.0,0.0,0.0,0.0,0.0,0.0,0.0,0.0,0.0,595.25,1041.25,0.0,0.0,0.0,0.0,50.0,515.5,0.0,0.0,0.0,0.0,0.0,0.0,0.0,0.0,0.0,0.0,0.0,0.0,324.5,1054.5,0.0,0.0,0.0,0.0,13.25,150.0,0.0,0.0,0.0,0.0,0.0,0.0,0.0,0.0,0.0,0.0,0.0,0.0,61.0,308.25,0.0,0.0,,,,,,,,,,,,,,,,,,,,,,,,,,,,,,,,,,,,,,,,,,,,,,,,,,,,,,,,,,,,,,,,,,,,,,,,,,,,,,,,,,,,,,,,,,,,,,,,,,,,,,,,,,,,,,,,,,,,,,,,,,,,,,,,,,,,,,,,,,,,,,,,,,,,,,,,,,,,,,,,,,,,,,,,,,,,,,,,,,,,,,,,,,,,,,,,,,,,,,,,
Amager Vest,2007,622.0,574.0,404.0,365.0,164.0,175.0,,,0.0,,,,0.0,0.0,65.0,61.0,,,32.0,34.0,,,9.0,,,,,,30.0,35.0,199.0,170.0,494.0,564.0,620.0,678.0,592.0,495.0,322.0,297.0,253.0,170.0,20.0,22.0,,,377.0,548.0,330.0,257.0,201.0,155.0,146.0,153.0,,,2182.0,1984.0,1612.0,1597.0,4340.0,4615.0,4167.0,3679.0,2775.0,2468.0,2287.0,2232.0,2762.0,4062.0,,,,,,,,,,,,,,,,,,,,,,,,,,,,,,,3763724.0,175375.0,21461.0,3351950.0,152465.0,21985.0,4810161.0,282718.0,17014.0,3506807.0,220111.0,15932.0,4070134.0,188931.0,21543.0,3966078.0,179631.0,22079.0,6035177.0,282031.0,21399.0,5011000.0,228302.0,21949.0,4647841.0,222715.0,20869.0,3881035.0,180589.0,21491.0,0.0,0.0,6736.75,7118.5,0.0,0.0,0.0,0.0,0.0,0.0,0.0,0.0,0.0,0.0,0.0,0.0,2577.5,2948.75,0.0,0.0,0.0,0.0,167.0,912.5,0.0,0.0,0.0,0.0,0.0,0.0,0.0,0.0,0.0,0.0,0.0,0.0,707.0,1133.75,0.0,0.0,0.0,0.0,46.25,525.75,0.0,0.0,0.0,0.0,0.0,0.0,0.0,0.0,0.0,0.0,0.0,0.0,346.0,1129.5,0.0,0.0,0.0,0.0,11.75,137.0,0.0,0.0,0.0,0.0,0.0,0.0,0.0,0.0,0.0,0.0,0.0,0.0,62.5,321.0,0.0,0.0,,,,,,,,,,,,,,,,,,,,,,,,,,,,,,,,,,,,,,,,,,,,,,,,,,,,,,,,,,,,,,,,,,,,,,,,,,,,,,,,,,,,,,,,,,,,,,,,,,,,,,,,,,,,,,,,,,,,,,,,,,,,,,,,,,,,,,,,,,,,,,,,,,,,,,,,,,,,,,,,,,,,,,,,,,,,,,,,,,,,,,,,,,,,,,,,,,,,,,,,
Amager Vest,2008,599.0,564.0,437.0,386.0,188.0,193.0,67.0,65.0,,,,,0.0,0.0,64.0,66.0,,,34.0,52.0,19.0,25.0,,,,,,,39.0,38.0,189.0,148.0,524.0,613.0,640.0,738.0,614.0,535.0,333.0,325.0,285.0,190.0,32.0,40.0,,,451.0,660.0,370.0,326.0,242.0,180.0,153.0,150.0,,,2383.0,2184.0,1611.0,1581.0,4540.0,4747.0,4429.0,3826.0,2864.0,2567.0,2292.0,2236.0,2851.0,4079.0,1769.0,899.0,505.0,330.0,377.0,273.0,155.0,98.0,47.0,40.0,558.0,304.0,198.0,157.0,164.0,186.0,82.0,48.0,28.0,43.0,484.0,247.0,110.0,59.0,98.0,268.0,111.0,51.0,39.0,32.0,3987023.0,180965.0,22032.0,3562390.0,157942.0,22555.0,5297386.0,306013.0,17311.0,3870186.0,234671.0,16492.0,4300617.0,194457.0,22116.0,4211191.0,185941.0,22648.0,6498296.0,295888.0,21962.0,5404359.0,239927.0,22525.0,4982130.0,232256.0,21451.0,4116467.0,186840.0,22032.0,0.0,0.0,6870.25,7205.75,0.0,0.0,0.0,0.0,0.0,0.0,0.0,0.0,0.0,0.0,0.0,0.0,2715.25,3072.0,0.0,0.0,0.0,0.0,167.25,928.25,0.0,0.0,0.0,0.0,0.0,0.0,0.0,0.0,0.0,0.0,0.0,0.0,745.0,1198.25,0.0,0.0,0.0,0.0,43.75,525.75,0.0,0.0,0.0,0.0,0.0,0.0,0.0,0.0,0.0,0.0,0.0,0.0,352.5,1218.75,0.0,0.0,0.0,0.0,11.5,138.5,0.0,0.0,0.0,0.0,0.0,0.0,0.0,0.0,0.0,0.0,0.0,0.0,57.0,337.25,0.0,0.0,,,,,,,,,,,,,,,,,,,,,,,,,,,,,,,,,,,,,,,,,,,,,,,,,,,,,,,,,,,,,,,,,,,,,,,,,,,,,,,,,,,,,,,,,,,,,,,,,,,,,,,,,,,,,,,,,,,,,,,,,,,,,,,,,,,,,,,,,,,,,,,,,,,,,,,,,,,,,,,,,,,,,,,,,,,,,,,,,,,,,,,,,,,,,,,,,,,,,,,,
Amager Vest,2009,574.0,534.0,457.0,415.0,199.0,208.0,82.0,80.0,,,,,0.0,,82.0,90.0,47.0,50.0,40.0,49.0,24.0,28.0,,,,,7.0,,35.0,35.0,177.0,150.0,617.0,685.0,678.0,779.0,619.0,560.0,377.0,354.0,303.0,205.0,45.0,45.0,35.0,42.0,574.0,730.0,441.0,426.0,269.0,189.0,164.0,156.0,181.0,216.0,2535.0,2336.0,1602.0,1598.0,4484.0,4796.0,4653.0,3954.0,2908.0,2642.0,2263.0,2215.0,2928.0,4064.0,1792.0,1139.0,752.0,522.0,609.0,269.0,180.0,141.0,77.0,74.0,533.0,363.0,259.0,203.0,255.0,211.0,110.0,61.0,55.0,53.0,516.0,344.0,217.0,131.0,175.0,263.0,142.0,74.0,56.0,52.0,4222471.0,186959.0,22585.0,3797102.0,165487.0,22945.0,5410435.0,309876.0,17460.0,4085832.0,244822.0,16689.0,4576439.0,201508.0,22711.0,4457329.0,193117.0,23081.0,6682931.0,297098.0,22494.0,5663966.0,247335.0,22900.0,5115093.0,233013.0,21952.0,4339101.0,193935.0,22374.0,0.0,0.0,6755.5,7159.25,0.0,0.0,0.0,0.0,0.0,0.0,0.0,0.0,0.0,0.0,0.0,0.0,2764.0,3079.75,0.0,0.0,0.0,0.0,165.0,917.5,0.0,0.0,0.0,0.0,0.0,0.0,0.0,0.0,0.0,0.0,0.0,0.0,789.75,1309.25,0.0,0.0,0.0,0.0,44.0,519.0,0.0,0.0,0.0,0.0,0.0,0.0,0.0,0.0,0.0,0.0,0.0,0.0,353.5,1277.0,0.0,0.0,0.0,0.0,8.5,136.75,0.0,0.0,0.0,0.0,0.0,0.0,0.0,0.0,0.0,0.0,0.0,0.0,57.25,359.5,0.0,0.0,,,,,,,,,,,,,,,,,,,,,,,,,,,,,,,,,,,,,,,,,,,,,,,,,,,,,,,,,,,,,,,,,,,,,,,,,,,,,,,,,,,,,,,,,,,,,,,,,,,,,,,,,,,,,,,,,,,,,,,,,,,,,,,,,,,,,,,,,,,,,,,,,,,,,,,,,,,,,,,,,,,,,,,,,,,,,,,,,,,,,,,,,,,,,,,,,,,,,,,,
Amager Vest,2010,542.0,508.0,492.0,457.0,209.0,206.0,108.0,100.0,,,,,0.0,,94.0,85.0,48.0,50.0,46.0,45.0,29.0,35.0,,,,,8.0,,40.0,41.0,175.0,124.0,597.0,723.0,701.0,784.0,656.0,579.0,408.0,381.0,308.0,221.0,35.0,40.0,43.0,42.0,601.0,807.0,479.0,465.0,284.0,194.0,159.0,164.0,194.0,220.0,2726.0,2566.0,1617.0,1577.0,4575.0,4841.0,4796.0,4131.0,2924.0,2621.0,2289.0,2215.0,2973.0,4072.0,1814.0,1211.0,825.0,580.0,909.0,260.0,206.0,141.0,104.0,148.0,526.0,381.0,270.0,185.0,309.0,219.0,122.0,77.0,46.0,80.0,494.0,343.0,225.0,174.0,290.0,315.0,159.0,112.0,71.0,82.0,4707854.0,202724.0,23223.0,4181391.0,174632.0,23944.0,5654481.0,324709.0,17414.0,4280253.0,251632.0,17010.0,5059282.0,216950.0,23320.0,4963912.0,206735.0,24011.0,7125232.0,307506.0,23171.0,5999870.0,250705.0,23932.0,5536024.0,249764.0,22165.0,4673080.0,203815.0,22928.0,0.0,0.0,6739.5,7115.75,0.0,0.0,0.0,0.0,0.0,0.0,0.0,0.0,0.0,0.0,0.0,0.0,2738.25,3100.0,0.0,0.0,0.0,0.0,175.75,957.5,0.0,0.0,0.0,0.0,0.0,0.0,0.0,0.0,0.0,0.0,0.0,0.0,807.0,1358.5,0.0,0.0,0.0,0.0,43.0,518.5,0.0,0.0,0.0,0.0,0.0,0.0,0.0,0.0,0.0,0.0,0.0,0.0,376.0,1345.25,0.0,0.0,0.0,0.0,7.25,129.75,0.0,0.0,0.0,0.0,0.0,0.0,0.0,0.0,0.0,0.0,0.0,0.0,63.25,370.5,0.0,0.0,,,,,,,,,,,,,,,,,,,,,,,,,,,,,,,,,,,,,,,,,,,,,,,,,,,,,,,,,,,,,,,,,,,,,,,,,,,,,,,,,,,,,,,,,,,,,,,,,,,,,,,,,,,,,,,,,,,,,,,,,,,,,,,,,,,,,,,,,,,,,,,,,,,,,,,,,,,,,,,,,,,,,,,,,,,,,,,,,,,,,,,,,,,,,,,,,,,,,,,,
Amager Vest,2011,543.0,492.0,533.0,511.0,214.0,224.0,136.0,106.0,,,,,,,97.0,92.0,48.0,51.0,44.0,41.0,30.0,36.0,,,,,,,48.0,43.0,136.0,119.0,648.0,736.0,693.0,824.0,658.0,611.0,435.0,387.0,326.0,250.0,42.0,42.0,38.0,44.0,637.0,812.0,544.0,503.0,284.0,202.0,173.0,172.0,195.0,228.0,2914.0,2788.0,1588.0,1594.0,4549.0,5008.0,4939.0,4321.0,2924.0,2642.0,2331.0,2241.0,3085.0,4157.0,1891.0,1241.0,933.0,637.0,845.0,313.0,231.0,188.0,120.0,149.0,507.0,319.0,252.0,187.0,296.0,208.0,120.0,93.0,52.0,71.0,494.0,382.0,287.0,197.0,236.0,369.0,189.0,113.0,81.0,93.0,4978744.0,208936.0,23829.0,4336807.0,178235.0,24332.0,5981498.0,330780.0,18083.0,4440286.0,254793.0,17427.0,5318934.0,222438.0,23912.0,5175809.0,212123.0,24400.0,7496882.0,315061.0,23795.0,6199381.0,254877.0,24323.0,5853365.0,254838.0,22969.0,4866874.0,207357.0,23471.0,0.0,0.0,6755.5,7144.25,0.0,0.0,0.0,0.0,0.0,0.0,0.0,0.0,0.0,0.0,0.0,0.0,2776.75,3098.0,0.0,0.0,0.0,0.0,183.25,1000.0,0.0,0.0,0.0,0.0,0.0,0.0,0.0,0.0,0.0,0.0,0.0,0.0,858.25,1456.0,0.0,0.0,0.0,0.0,43.5,514.75,0.0,0.0,0.0,0.0,0.0,0.0,0.0,0.0,0.0,0.0,0.0,0.0,408.0,1443.0,0.0,0.0,0.0,0.0,5.75,128.25,0.0,0.0,0.0,0.0,0.0,0.0,0.0,0.0,0.0,0.0,0.0,0.0,69.75,376.75,0.0,0.0,,,,,,,,,,,,,,,,,,,,,,,,,,,,,,,,,,,,,,,,,,,,,,,,,,,,,,,,,,,,,,,,,,,,,,,,,,,,,,,,,,,,,,,,,,,,,,,,,,,,,,,,,,,,,,,,,,,,,,,,,,,,,,,,,,,,,,,,,,,,,,,,,,,,,,,,,,,,,,,,,,,,,,,,,,,,,,,,,,,,,,,,,,,,,,,,,,,,,,,,
Amager Vest,2012,523.0,468.0,544.0,528.0,225.0,222.0,,,,,,,,,119.0,101.0,49.0,52.0,49.0,52.0,,,,,,,,,49.0,49.0,122.0,100.0,603.0,721.0,707.0,826.0,695.0,652.0,460.0,411.0,348.0,263.0,31.0,34.0,44.0,37.0,625.0,818.0,587.0,575.0,309.0,218.0,189.0,163.0,202.0,247.0,3167.0,2970.0,1625.0,1617.0,4678.0,5072.0,5000.0,4449.0,3058.0,2678.0,2341.0,2283.0,3179.0,4174.0,1949.0,1285.0,858.0,635.0,978.0,371.0,259.0,166.0,143.0,202.0,465.0,303.0,216.0,164.0,307.0,212.0,145.0,89.0,55.0,87.0,529.0,376.0,237.0,196.0,253.0,372.0,202.0,150.0,77.0,129.0,5261908.0,214965.0,24478.0,4654617.0,184392.0,25243.0,6315339.0,340284.0,18559.0,4716503.0,261432.0,18041.0,5629506.0,229289.0,24552.0,5535087.0,218640.0,25316.0,7930625.0,324242.0,24459.0,6628606.0,262654.0,25237.0,6171404.0,261533.0,23597.0,5167582.0,212116.0,24362.0,0.0,0.0,6772.0,7168.25,0.0,0.0,0.0,0.0,0.0,0.0,0.0,0.0,0.0,0.0,0.0,0.0,2851.75,3090.0,0.0,0.0,0.0,0.0,201.75,1006.0,0.0,0.0,0.0,0.0,0.0,0.0,0.0,0.0,0.0,0.0,0.0,0.0,892.25,1499.0,0.0,0.0,0.0,0.0,47.25,552.25,0.0,0.0,0.0,0.0,0.0,0.0,0.0,0.0,0.0,0.0,0.0,0.0,453.0,1546.0,0.0,0.0,0.0,0.0,6.0,123.5,0.0,0.0,0.0,0.0,0.0,0.0,0.0,0.0,0.0,0.0,0.0,0.0,79.25,386.0,0.0,0.0,,,,,,,,,,,,,,,,,,,,,,,,,,,,,,,,,,,,,,,,,,,,,,,,,,,,,,,,,,,,,,,,,,,,,,,,,,,,,,,,,,,,,,,,,,,,,,,,,,,,,,,,,,,,,,,,,,,,,,,,,,,,,,,,,,,,,,,,,,,,,,,,,,,,,,,,,,,,,,,,,,,,,,,,,,,,,,,,,,,,,,,,,,,,,,,,,,,,,,,,
Amager Vest,2013,502.0,442.0,576.0,574.0,269.0,249.0,161.0,156.0,,,,,,,111.0,113.0,47.0,50.0,54.0,55.0,25.0,35.0,,,,,,,53.0,52.0,107.0,107.0,604.0,707.0,722.0,840.0,683.0,709.0,465.0,421.0,374.0,287.0,33.0,45.0,45.0,48.0,669.0,873.0,650.0,633.0,320.0,233.0,204.0,169.0,207.0,256.0,3323.0,3128.0,1672.0,1665.0,4802.0,5309.0,5080.0,4516.0,3174.0,2812.0,2400.0,2295.0,3238.0,4238.0,2113.0,1269.0,872.0,654.0,891.0,426.0,275.0,200.0,152.0,183.0,480.0,298.0,215.0,188.0,267.0,218.0,109.0,69.0,62.0,72.0,588.0,368.0,247.0,177.0,254.0,401.0,219.0,141.0,75.0,115.0,5614611.0,223636.0,25106.0,4883861.0,189246.0,25807.0,6705209.0,350489.0,19131.0,4912854.0,265173.0,18527.0,5979120.0,237653.0,25159.0,5840981.0,225669.0,25883.0,8394223.0,334738.0,25077.0,6908887.0,267838.0,25795.0,6457889.0,266932.0,24193.0,5356615.0,215272.0,24883.0,0.0,0.0,6845.0,7245.75,0.0,0.0,0.0,0.0,0.0,0.0,0.0,0.0,0.0,0.0,0.0,0.0,2991.75,3113.5,0.0,0.0,0.0,0.0,214.25,1033.5,0.0,0.0,0.0,0.0,0.0,0.0,0.0,0.0,0.0,0.0,0.0,0.0,946.25,1483.75,0.0,0.0,0.0,0.0,43.5,550.5,0.0,0.0,0.0,0.0,0.0,0.0,0.0,0.0,0.0,0.0,0.0,0.0,502.75,1655.0,0.0,0.0,0.0,0.0,6.5,122.25,0.0,0.0,0.0,0.0,0.0,0.0,0.0,0.0,0.0,0.0,0.0,0.0,86.75,414.75,0.0,0.0,,,,,,,,,,,,,,,,,,,,,,,,,,,,,,,,,,,,,,,,,,,,,,,,,,,,,,,,,,,,,,,,,,,,,,,,,,,,,,,,,,,,,,,,,,,,,,,,,,,,,,,,,,,,,,,,,,,,,,,,,,,,,,,,,,,,,,,,,,,,,,,,,,,,,,,,,,,,,,,,,,,,,,,,,,,,,,,,,,,,,,,,,,,,,,,,,,,,,,,,
Amager Vest,2014,499.0,435.0,585.0,565.0,306.0,298.0,159.0,171.0,,,,,,,137.0,133.0,46.0,53.0,58.0,63.0,32.0,37.0,,,,,,,60.0,51.0,95.0,98.0,597.0,702.0,752.0,896.0,662.0,711.0,494.0,442.0,398.0,305.0,41.0,41.0,46.0,61.0,727.0,915.0,707.0,690.0,359.0,242.0,210.0,172.0,219.0,255.0,3585.0,3261.0,1730.0,1750.0,4968.0,5367.0,5027.0,4508.0,3268.0,2871.0,2444.0,2330.0,3305.0,4344.0,1831.0,1167.0,842.0,630.0,736.0,442.0,321.0,207.0,165.0,168.0,272.0,207.0,152.0,155.0,208.0,157.0,91.0,68.0,30.0,51.0,505.0,315.0,280.0,179.0,209.0,455.0,233.0,135.0,101.0,100.0,5862251.0,228548.0,25650.0,5138639.0,194388.0,26435.0,6998166.0,356558.0,19627.0,5159099.0,270110.0,19100.0,6235695.0,242445.0,25720.0,6144431.0,231953.0,26490.0,8688320.0,339281.0,25608.0,7232429.0,273696.0,26425.0,6702377.0,271406.0,24695.0,5570297.0,218554.0,25487.0,0.0,0.0,6830.75,7245.75,0.0,0.0,0.0,0.0,0.0,0.0,0.0,0.0,0.0,0.0,0.0,0.0,3011.5,3100.25,0.0,0.0,0.0,0.0,227.25,1052.0,0.0,0.0,0.0,0.0,0.0,0.0,0.0,0.0,0.0,0.0,0.0,0.0,968.0,1446.0,0.0,0.0,0.0,0.0,44.75,541.0,0.0,0.0,0.0,0.0,0.0,0.0,0.0,0.0,0.0,0.0,0.0,0.0,560.5,1749.5,0.0,0.0,0.0,0.0,6.5,126.75,0.0,0.0,0.0,0.0,0.0,0.0,0.0,0.0,0.0,0.0,0.0,0.0,98.75,419.0,0.0,0.0,,,,,,,,,,,,,,,,,,,,,,,,,,,,,,,,,,,,,,,,,,,,,,,,,,,,,,,,,,,,,,,,,,,,,,,,,,,,,,,,,,,,,,,,,,,,,,,,,,,,,,,,,,,,,,,,,,,,,,,,,,,,,,,,,,,,,,,,,,,,,,,,,,,,,,,,,,,,,,,,,,,,,,,,,,,,,,,,,,,,,,,,,,,,,,,,,,,,,,,,
Amager Vest,2015,496.0,435.0,569.0,563.0,339.0,338.0,155.0,178.0,,,,,,,138.0,147.0,48.0,48.0,66.0,50.0,36.0,35.0,,,,,,,69.0,63.0,84.0,80.0,552.0,700.0,848.0,934.0,677.0,747.0,524.0,466.0,420.0,336.0,42.0,47.0,56.0,63.0,779.0,923.0,766.0,757.0,395.0,283.0,230.0,187.0,228.0,265.0,3659.0,3376.0,1812.0,1754.0,4975.0,5490.0,4968.0,4570.0,3429.0,2992.0,2542.0,2392.0,3330.0,4384.0,2044.0,1180.0,836.0,488.0,563.0,476.0,328.0,232.0,139.0,147.0,276.0,184.0,134.0,98.0,141.0,168.0,84.0,57.0,26.0,39.0,520.0,325.0,245.0,134.0,147.0,604.0,259.0,168.0,91.0,89.0,6296133.0,240127.0,26220.0,5444503.0,200018.0,27220.0,7411017.0,369314.0,20067.0,5539263.0,279112.0,19846.0,6620068.0,251685.0,26303.0,6584665.0,241285.0,27290.0,9391928.0,358813.0,26175.0,7685220.0,282451.0,27209.0,7036792.0,279216.0,25202.0,5866096.0,223632.0,26231.0,0.0,0.0,6798.25,7306.25,0.0,0.0,0.0,0.0,0.0,0.0,0.0,0.0,0.0,0.0,0.0,0.0,3153.0,3164.5,0.0,0.0,0.0,0.0,234.75,1073.75,0.0,0.0,0.0,0.0,0.0,0.0,0.0,0.0,0.0,0.0,0.0,0.0,1015.5,1474.5,0.0,0.0,0.0,0.0,44.25,560.25,0.0,0.0,0.0,0.0,0.0,0.0,0.0,0.0,0.0,0.0,0.0,0.0,603.5,1803.5,0.0,0.0,0.0,0.0,6.0,130.75,0.0,0.0,0.0,0.0,0.0,0.0,0.0,0.0,0.0,0.0,0.0,0.0,101.75,448.5,0.0,0.0,,,,,,,,,,,,,,,,,,,,,,,,,,,,,,,,,,,,,,,,,,,,,,,,,,,,,,,,,,,,,,,,,,,,,,,,,,,,,,,,,,,,,,,,,,,,,,,,,,,,,,,,,,,,,,,,,,,,,,,,,,,,,,,,,,,,,,,,,,,,,,,,,,,,,,,,,,,,,,,,,,,,,,,,,,,,,,,,,,,,,,,,,,,,,,,,,,,,,,,,
Amager Vest,2016,472.0,426.0,591.0,542.0,368.0,376.0,150.0,197.0,,,,,,,147.0,159.0,40.0,52.0,69.0,48.0,30.0,36.0,,,,,,,73.0,65.0,80.0,72.0,539.0,687.0,903.0,992.0,708.0,756.0,568.0,477.0,444.0,380.0,39.0,50.0,70.0,64.0,861.0,1046.0,794.0,799.0,450.0,315.0,249.0,187.0,239.0,273.0,3803.0,3550.0,1910.0,1830.0,4982.0,5673.0,4913.0,4573.0,3586.0,3124.0,2597.0,2506.0,3457.0,4444.0,1968.0,1184.0,782.0,465.0,493.0,545.0,402.0,232.0,131.0,148.0,258.0,156.0,146.0,85.0,113.0,154.0,70.0,52.0,36.0,40.0,486.0,295.0,207.0,132.0,115.0,525.0,261.0,145.0,81.0,77.0,6574756.0,244515.0,26889.0,5767619.0,205392.0,28081.0,7952352.0,382159.0,20809.0,5907676.0,285920.0,20662.0,6967911.0,258243.0,26982.0,6916723.0,245596.0,28163.0,9746736.0,363223.0,26834.0,8117123.0,289185.0,28069.0,7450177.0,290037.0,25687.0,6189506.0,230050.0,26905.0,0.0,0.0,6798.0,7338.5,0.0,0.0,0.0,0.0,0.0,0.0,0.0,0.0,0.0,0.0,0.0,0.0,3254.75,3233.75,0.0,0.0,0.0,0.0,248.75,1105.0,0.0,0.0,0.0,0.0,0.0,0.0,0.0,0.0,0.0,0.0,0.0,0.0,1062.5,1489.5,0.0,0.0,0.0,0.0,52.0,579.75,0.0,0.0,0.0,0.0,0.0,0.0,0.0,0.0,0.0,0.0,0.0,0.0,643.75,1887.75,0.0,0.0,0.0,0.0,6.75,133.25,0.0,0.0,0.0,0.0,0.0,0.0,0.0,0.0,0.0,0.0,0.0,0.0,106.0,470.75,0.0,0.0,,,,,,,,,,,,,,,,,,,,,,,,,,,,,,,,,,,,,,,,,,,,,,,,,,,,,,,,,,,,,,,,,,,,,,,,,,,,,,,,,,,,,,,,,,,,,,,,,,,,,,,,,,,,,,,,,,,,,,,,,,,,,,,,,,,,,,,,,,,,,,,,,,,,,,,,,,,,,,,,,,,,,,,,,,,,,,,,,,,,,,,,,,,,,,,,,,,,,,,,
Amager Vest,2017,471.0,424.0,572.0,557.0,406.0,409.0,166.0,205.0,,,0.0,,,,165.0,187.0,46.0,58.0,71.0,55.0,34.0,36.0,,,6.0,,,,75.0,70.0,77.0,79.0,613.0,687.0,936.0,1055.0,670.0,771.0,609.0,488.0,485.0,424.0,36.0,50.0,66.0,69.0,971.0,1221.0,851.0,855.0,438.0,330.0,260.0,193.0,238.0,273.0,3888.0,3705.0,2051.0,1952.0,5080.0,5754.0,4816.0,4600.0,3709.0,3258.0,2676.0,2566.0,3533.0,4521.0,2082.0,1213.0,815.0,499.0,510.0,658.0,404.0,275.0,145.0,161.0,259.0,166.0,145.0,104.0,105.0,131.0,77.0,54.0,31.0,33.0,537.0,302.0,187.0,115.0,115.0,497.0,264.0,154.0,104.0,96.0,6963787.0,249045.0,27962.0,6102761.0,210237.0,29028.0,8450037.0,387013.0,21834.0,6302019.0,293458.0,21475.0,7397377.0,263815.0,28040.0,7284426.0,250204.0,29114.0,10287770.0,368869.0,27890.0,8549369.0,294704.0,29010.0,7857901.0,295399.0,26601.0,6546581.0,236381.0,27695.0,0.0,0.0,6886.0,7379.75,0.0,0.0,0.0,0.0,0.0,0.0,0.0,0.0,0.0,0.0,0.0,0.0,3349.5,3290.25,0.0,0.0,0.0,0.0,254.75,1124.25,0.0,0.0,0.0,0.0,0.0,0.0,0.0,0.0,0.0,0.0,0.0,0.0,1162.25,1575.0,0.0,0.0,0.0,0.0,52.5,619.25,0.0,0.0,0.0,0.0,0.0,0.0,0.0,0.0,0.0,0.0,0.0,0.0,667.0,1970.0,0.0,0.0,0.0,0.0,7.75,134.0,0.0,0.0,0.0,0.0,0.0,0.0,0.0,0.0,0.0,0.0,0.0,0.0,117.25,491.75,0.0,0.0,,,,,,,,,,,,,,,,,,,,,,,,,,,,,,,,,,,,,,,,,,,,,,,,,,,,,,,,,,,,,,,,,,,,,,,,,,,,,,,,,,,,,,,,,,,,,,,,,,,,,,,,,,,,,,,,,,,,,,,,,,,,,,,,,,,,,,,,,,,,,,,,,,,,,,,,,,,,,,,,,,,,,,,,,,,,,,,,,,,,,,,,,,,,,,,,,,,,,,,,
Amager Vest,2018,469.0,420.0,554.0,545.0,473.0,492.0,180.0,224.0,,,0.0,,,,197.0,217.0,52.0,51.0,54.0,56.0,47.0,35.0,,,7.0,,,,90.0,86.0,88.0,91.0,602.0,687.0,1011.0,1115.0,687.0,802.0,611.0,541.0,507.0,451.0,41.0,62.0,70.0,71.0,1147.0,1393.0,945.0,946.0,500.0,367.0,280.0,209.0,246.0,278.0,4037.0,3831.0,2198.0,2064.0,5341.0,5907.0,4775.0,4567.0,3846.0,3344.0,2775.0,2688.0,3606.0,4559.0,1954.0,1250.0,779.0,463.0,478.0,581.0,425.0,282.0,144.0,163.0,231.0,162.0,120.0,103.0,105.0,133.0,76.0,30.0,36.0,39.0,476.0,307.0,161.0,92.0,90.0,533.0,280.0,186.0,88.0,81.0,7511888.0,256020.0,29341.0,6618596.0,217853.0,30381.0,9115409.0,393805.0,23147.0,6788458.0,299222.0,22687.0,8014723.0,272360.0,29427.0,7883122.0,258794.0,30461.0,11060567.0,377790.0,29277.0,9254248.0,304747.0,30367.0,8303031.0,298413.0,27824.0,6953273.0,239826.0,28993.0,0.0,0.0,7096.75,7593.5,0.0,0.0,0.0,0.0,0.0,0.0,0.0,0.0,0.0,0.0,0.0,0.0,3389.0,3343.0,0.0,0.0,0.0,0.0,252.75,1182.25,0.0,0.0,0.0,0.0,0.0,0.0,0.0,0.0,0.0,0.0,0.0,0.0,1190.25,1626.25,0.0,0.0,0.0,0.0,63.0,650.75,0.0,0.0,0.0,0.0,0.0,0.0,0.0,0.0,0.0,0.0,0.0,0.0,694.25,2062.0,0.0,0.0,0.0,0.0,5.25,138.5,0.0,0.0,0.0,0.0,0.0,0.0,0.0,0.0,0.0,0.0,0.0,0.0,126.0,522.0,0.0,0.0,,,,,,,,,,,,,,,,,,,,,,,,,,,,,,,,,,,,,,,,,,,,,,,,,,,,,,,,,,,,,,,,,,,,,,,,,,,,,,,,,,,,,,,,,,,,,,,,,,,,,,,,,,,,,,,,,,,,,,,,,,,,,,,,,,,,,,,,,,,,,,,,,,,,,,,,,,,,,,,,,,,,,,,,,,,,,,,,,,,,,,,,,,,,,,,,,,,,,,,,
Amager Vest,2019,488.0,460.0,577.0,537.0,546.0,549.0,214.0,234.0,,,,,,,211.0,229.0,58.0,55.0,54.0,53.0,51.0,28.0,,,,,,,88.0,101.0,106.0,104.0,620.0,760.0,1122.0,1243.0,720.0,839.0,636.0,603.0,553.0,480.0,51.0,60.0,59.0,74.0,1237.0,1482.0,1076.0,1046.0,532.0,435.0,298.0,210.0,267.0,298.0,3997.0,3959.0,2388.0,2267.0,5781.0,6332.0,4734.0,4503.0,3981.0,3514.0,2880.0,2800.0,3703.0,4659.0,1958.0,1230.0,890.0,483.0,504.0,608.0,453.0,316.0,161.0,172.0,250.0,141.0,121.0,94.0,97.0,134.0,73.0,59.0,29.0,47.0,464.0,289.0,192.0,108.0,83.0,502.0,274.0,202.0,91.0,105.0,8118236.0,262192.0,30963.0,6999912.0,219234.0,31929.0,9893562.0,398757.0,24811.0,7312285.0,301339.0,24266.0,8595503.0,276765.0,31057.0,8395095.0,262371.0,31997.0,11976119.0,387401.0,30914.0,9781398.0,306492.0,31914.0,8965372.0,304014.0,29490.0,7321559.0,239768.0,30536.0,0.0,0.0,7232.75,7876.25,0.0,0.0,0.0,0.0,0.0,0.0,0.0,0.0,0.0,0.0,0.0,0.0,3665.75,3462.5,0.0,0.0,0.0,0.0,268.0,1234.25,0.0,0.0,0.0,0.0,0.0,0.0,0.0,0.0,0.0,0.0,0.0,0.0,1217.75,1713.5,0.0,0.0,0.0,0.0,68.0,666.5,0.0,0.0,0.0,0.0,0.0,0.0,0.0,0.0,0.0,0.0,0.0,0.0,708.75,2189.0,0.0,0.0,0.0,0.0,7.75,153.5,0.0,0.0,0.0,0.0,0.0,0.0,0.0,0.0,0.0,0.0,0.0,0.0,138.25,551.25,0.0,0.0,,,,,,,,,,,,,,,,,,,,,,,,,,,,,,,,,,,,,,,,,,,,,,,,,,,,,,,,,,,,,,,,,,,,,,,,,,,,,,,,,,,,,,,,,,,,,,,,,,,,,,,,,,,,,,,,,,,,,,,,,,,,,,,,,,,,,,,,,,,,,,,,,,,,,,,,,,,,,,,,,,,,,,,,,,,,,,,,,,,,,,,,,,,,,,,,,,,,,,,,
Amager Vest,2020,484.0,488.0,554.0,502.0,652.0,593.0,235.0,264.0,109.0,98.0,,,,,240.0,269.0,67.0,62.0,64.0,61.0,58.0,43.0,22.0,26.0,,,,,116.0,135.0,108.0,111.0,720.0,859.0,1187.0,1368.0,764.0,895.0,659.0,631.0,579.0,541.0,63.0,79.0,76.0,88.0,1386.0,1615.0,1197.0,1145.0,611.0,490.0,325.0,222.0,286.0,317.0,4017.0,4009.0,2551.0,2488.0,6275.0,6709.0,4658.0,4531.0,4144.0,3684.0,2998.0,2795.0,3824.0,4772.0,2139.0,1430.0,1050.0,761.0,822.0,606.0,464.0,339.0,219.0,267.0,265.0,170.0,135.0,115.0,165.0,198.0,108.0,68.0,65.0,62.0,545.0,331.0,237.0,193.0,175.0,525.0,357.0,271.0,169.0,153.0,8770308.0,272412.0,32195.0,7567782.0,229334.0,32999.0,10638454.0,416851.0,25521.0,7950995.0,318741.0,24945.0,9318501.0,288106.0,32344.0,9043837.0,273186.0,33105.0,12921769.0,401784.0,32161.0,10585960.0,320894.0,32989.0,9663563.0,315524.0,30627.0,7922023.0,251949.0,31443.0,0.0,0.0,7478.5,8038.75,0.0,0.0,0.0,0.0,0.0,0.0,0.0,0.0,0.0,0.0,0.0,0.0,3834.0,3564.75,0.0,0.0,0.0,0.0,289.5,1281.75,0.0,0.0,0.0,0.0,0.0,0.0,0.0,0.0,0.0,0.0,0.0,0.0,1209.5,1744.0,0.0,0.0,0.0,0.0,69.25,685.25,0.0,0.0,0.0,0.0,0.0,0.0,0.0,0.0,0.0,0.0,0.0,0.0,771.5,2270.0,0.0,0.0,0.0,0.0,9.0,164.0,0.0,0.0,0.0,0.0,0.0,0.0,0.0,0.0,0.0,0.0,0.0,0.0,133.25,569.5,0.0,0.0,,,,,,,,,,,,,,,,,,,,,,,,,,,,,,,,,,,,,,,,,,,,,,,,,,,,,,,,,,,,,,,,,,,,,,,,,,,,,,,,,,,,,,,,,,,,,,,,,,,,,,,,,,,,,,,,,,,,,,,,,,,,,,,,,,,,,,,,,,,,,,,,,,,,,,,,,,,,,,,,,,,,,,,,,,,,,,,,,,,,,,,,,,,,,,,,,,,,,,,,
Amager Vest,2021,488.0,491.0,545.0,493.0,738.0,673.0,244.0,277.0,130.0,111.0,,,,,259.0,302.0,74.0,64.0,72.0,78.0,51.0,36.0,26.0,25.0,,,,,110.0,134.0,140.0,125.0,682.0,784.0,1272.0,1378.0,798.0,972.0,676.0,685.0,630.0,574.0,83.0,80.0,72.0,102.0,1529.0,1660.0,1350.0,1273.0,702.0,549.0,342.0,240.0,311.0,319.0,3986.0,3863.0,2745.0,2615.0,6538.0,7111.0,4643.0,4451.0,4175.0,3748.0,3060.0,2839.0,3918.0,4820.0,2063.0,1553.0,1073.0,637.0,661.0,611.0,534.0,347.0,173.0,178.0,225.0,169.0,155.0,114.0,134.0,159.0,118.0,92.0,57.0,51.0,506.0,341.0,244.0,156.0,166.0,562.0,391.0,235.0,137.0,132.0,9681983.0,290794.0,33295.0,8132154.0,237734.0,34207.0,11605658.0,427937.0,27120.0,8617823.0,325902.0,26443.0,10213723.0,304633.0,33528.0,9831083.0,285895.0,34387.0,14249488.0,428363.0,33265.0,11426440.0,334126.0,34198.0,10523484.0,333117.0,31591.0,8500964.0,261633.0,32492.0,0.0,0.0,7830.25,8367.25,0.0,0.0,0.0,0.0,0.0,0.0,0.0,0.0,0.0,0.0,0.0,0.0,4173.25,3654.5,0.0,0.0,0.0,0.0,317.5,1333.5,0.0,0.0,0.0,0.0,0.0,0.0,0.0,0.0,0.0,0.0,0.0,0.0,1235.25,1727.0,0.0,0.0,0.0,0.0,77.75,745.25,0.0,0.0,0.0,0.0,0.0,0.0,0.0,0.0,0.0,0.0,0.0,0.0,820.0,2347.75,0.0,0.0,0.0,0.0,9.5,165.0,0.0,0.0,0.0,0.0,0.0,0.0,0.0,0.0,0.0,0.0,0.0,0.0,128.25,587.25,0.0,0.0,,,,,,,,,,,,,,,,,,,,,,,,,,,,,,,,,,,,,,,,,,,,,,,,,,,,,,,,,,,,,,,,,,,,,,,,,,,,,,,,,,,,,,,,,,,,,,,,,,,,,,,,,,,,,,,,,,,,,,,,,,,,,,,,,,,,,,,,,,,,,,,,,,,,,,,,,,,,,,,,,,,,,,,,,,,,,,,,,,,,,,,,,,,,,,,,,,,,,,,,
Amager Vest,2022,510.0,500.0,537.0,458.0,789.0,753.0,265.0,277.0,150.0,143.0,,,,,289.0,326.0,74.0,81.0,82.0,70.0,55.0,37.0,30.0,28.0,,,,,121.0,138.0,161.0,160.0,761.0,864.0,1374.0,1468.0,836.0,1021.0,721.0,736.0,672.0,623.0,89.0,81.0,92.0,134.0,1680.0,1952.0,1549.0,1422.0,773.0,639.0,347.0,252.0,321.0,346.0,3966.0,3811.0,2895.0,2811.0,6822.0,7396.0,4623.0,4385.0,4163.0,3776.0,3182.0,2922.0,4020.0,4949.0,2271.0,1339.0,705.0,367.0,336.0,737.0,463.0,236.0,103.0,98.0,258.0,160.0,82.0,65.0,54.0,145.0,88.0,55.0,24.0,28.0,522.0,290.0,139.0,75.0,88.0,609.0,338.0,193.0,100.0,68.0,9977379.0,293125.0,34038.0,8370989.0,240608.0,34791.0,12388708.0,443372.0,27942.0,9280811.0,341395.0,27185.0,10550141.0,308836.0,34161.0,10134034.0,290448.0,34891.0,14765345.0,434020.0,34020.0,11797227.0,339147.0,34785.0,10841572.0,336580.0,32211.0,8826171.0,266966.0,33061.0,0.0,0.0,8298.75,8871.5,0.0,0.0,0.0,0.0,0.0,0.0,0.0,0.0,0.0,0.0,0.0,0.0,4338.5,3738.0,0.0,0.0,0.0,0.0,334.75,1353.75,0.0,0.0,0.0,0.0,0.0,0.0,0.0,0.0,0.0,0.0,0.0,0.0,1245.25,1773.5,0.0,0.0,0.0,0.0,78.0,783.75,0.0,0.0,0.0,0.0,0.0,0.0,0.0,0.0,0.0,0.0,0.0,0.0,821.5,2437.0,0.0,0.0,0.0,0.0,9.75,166.0,0.0,0.0,0.0,0.0,0.0,0.0,0.0,0.0,0.0,0.0,0.0,0.0,125.75,586.5,0.0,0.0,,,,,,,,,,,,,,,,,,,,,,,,,,,,,,,,,,,,,,,,,,,,,,,,,,,,,,,,,,,,,,,,,,,,,,,,,,,,,,,,,,,,,,,,,,,,,,,,,,,,,,,,,,,,,,,,,,,,,,,,,,,,,,,,,,,,,,,,,,,,,,,,,,,,,,,,,,,,,,,,,,,,,,,,,,,,,,,,,,,,,,,,,,,,,,,,,,,,,,,,
Amager Vest,2023,501.0,501.0,511.0,440.0,787.0,761.0,291.0,311.0,153.0,158.0,,,,,327.0,316.0,75.0,96.0,80.0,74.0,64.0,33.0,35.0,32.0,,,,,203.0,201.0,200.0,199.0,865.0,1057.0,1634.0,1685.0,975.0,1129.0,733.0,799.0,733.0,690.0,99.0,95.0,95.0,134.0,1851.0,2179.0,1725.0,1555.0,795.0,690.0,379.0,272.0,338.0,341.0,3836.0,3714.0,2946.0,2888.0,6677.0,7084.0,4630.0,4375.0,4030.0,3781.0,3309.0,3023.0,4121.0,4996.0,1997.0,1289.0,745.0,435.0,313.0,643.0,458.0,240.0,126.0,109.0,210.0,130.0,84.0,68.0,42.0,148.0,96.0,62.0,42.0,23.0,453.0,260.0,163.0,85.0,62.0,543.0,345.0,196.0,114.0,77.0,10815645.0,313661.0,34482.0,9004286.0,256357.0,35124.0,13478163.0,469116.0,28731.0,10087428.0,363249.0,27770.0,11430097.0,330436.0,34591.0,11049475.0,312874.0,35316.0,16103830.0,468339.0,34385.0,12879232.0,367306.0,35064.0,11616116.0,347310.0,33446.0,9441723.0,275896.0,34222.0,0.0,0.0,8401.5,8995.0,0.0,0.0,0.0,0.0,0.0,0.0,0.0,0.0,0.0,0.0,0.0,0.0,4510.75,3882.0,0.0,0.0,0.0,0.0,338.75,1379.25,0.0,0.0,0.0,0.0,0.0,0.0,0.0,0.0,0.0,0.0,0.0,0.0,1244.25,1897.5,0.0,0.0,0.0,0.0,86.5,781.0,0.0,0.0,0.0,0.0,0.0,0.0,0.0,0.0,0.0,0.0,0.0,0.0,824.75,2547.0,0.0,0.0,0.0,0.0,10.0,162.75,0.0,0.0,0.0,0.0,0.0,0.0,0.0,0.0,0.0,0.0,0.0,0.0,131.5,562.0,0.0,0.0,,,,,,,,,,,,,,,,,,,,,,,,,,,,,,,,,,,,,,,,,,,,,,,,,,,,,,,,,,,,,,,,,,,,,,,,,,,,,,,,,,,,,,,,,,,,,,,,,,,,,,,,,,,,,,,,,,,,,,,,,,,,,,,,,,,,,,,,,,,,,,,,,,,,,,,,,,,,,,,,,,,,,,,,,,,,,,,,,,,,,,,,,,,,,,,,,,,,,,,,
Amager Vest,2024,494.0,491.0,504.0,441.0,796.0,711.0,330.0,372.0,153.0,166.0,,,,,355.0,340.0,91.0,97.0,73.0,70.0,66.0,40.0,38.0,27.0,,,,,206.0,218.0,225.0,240.0,955.0,1162.0,1771.0,1872.0,1086.0,1218.0,736.0,826.0,786.0,746.0,95.0,98.0,100.0,130.0,1913.0,2311.0,1924.0,1724.0,860.0,740.0,416.0,296.0,351.0,353.0,3855.0,3668.0,3034.0,2969.0,6361.0,6749.0,4732.0,4515.0,3956.0,3695.0,3334.0,3068.0,4215.0,5113.0,,,,,,,,,,,,,,,,,,,,,,,,,,,,,,,11771549.0,331995.0,35457.0,9770710.0,269515.0,36253.0,14515659.0,490742.0,29579.0,10995666.0,383338.0,28684.0,12476083.0,350866.0,35558.0,12033732.0,330397.0,36422.0,17567103.0,496036.0,35415.0,13983165.0,386126.0,36214.0,12543765.0,363535.0,34505.0,10290503.0,291037.0,35358.0,0.0,0.0,8500.0,9148.25,0.0,0.0,0.0,0.0,0.0,0.0,0.0,0.0,0.0,0.0,0.0,0.0,4729.75,4041.5,0.0,0.0,0.0,0.0,361.0,1427.75,0.0,0.0,0.0,0.0,0.0,0.0,0.0,0.0,0.0,0.0,0.0,0.0,1230.75,1969.5,0.0,0.0,0.0,0.0,94.25,778.75,0.0,0.0,0.0,0.0,0.0,0.0,0.0,0.0,0.0,0.0,0.0,0.0,844.0,2610.0,0.0,0.0,0.0,0.0,10.5,161.0,0.0,0.0,0.0,0.0,0.0,0.0,0.0,0.0,0.0,0.0,0.0,0.0,131.0,581.5,0.0,0.0,,,,,,,,,,,,,,,,,,,,,,,,,,,,,,,,,,,,,,,,,,,,,,,,,,,,,,,,,,,,,,,,,,,,,,,,,,,,,,,,,,,,,,,,,,,,,,,,,,,,,,,,,,,,,,,,,,,,,,,,,,,,,,,,,,,,,,,,,,,,,,,,,,,,,,,,,,,,,,,,,,,,,,,,,,,,,,,,,,,,,,,,,,,,,,,,,,,,,,,,
Amager Vest,2025,497.0,488.0,495.0,442.0,741.0,675.0,363.0,403.0,156.0,179.0,,,,,394.0,352.0,97.0,110.0,71.0,78.0,72.0,39.0,39.0,26.0,,,,,209.0,221.0,243.0,267.0,947.0,1198.0,1770.0,1973.0,1188.0,1301.0,735.0,847.0,847.0,804.0,94.0,110.0,115.0,134.0,1968.0,2284.0,2059.0,1882.0,863.0,768.0,448.0,319.0,356.0,361.0,3808.0,3631.0,3097.0,3002.0,5998.0,6341.0,4743.0,4544.0,3800.0,3580.0,3470.0,3165.0,4318.0,5213.0,,,,,,,,,,,,,,,,,,,,,,,,,,,,,,,,,,,,,,,,,,,,,,,,,,,,,,,,,,,,,,,,,,,,,,,,,,,,,,,,,,,,,,,,,,,,,,,,,,,,,,,,,,,,,,,,,,,,,,,,,,,,,,,,,,,,,,,,,,,,,,,,,,,,,,,,,,,,,,,,,,,,,,,,,,,,,,,,,,,,,,,,,,,,,,,,,,,,,,,,,,,,,,,,,,,,,,,,,,,,,,,,,,,,,,,,,,,,,,,,,,,,,,,,,,,,,,,,,,,,,,,,,,,,,,,,,,,,,,,,,,,,,,,,,,,,,,,,,,,,,,,,,,,,,,,,,,,,,,,,,,,,,,,,,,,,,,,,,,,,
Amager Vest,2026,,,,,,,,,,,,,,,,,,,,,,,,,,,,,,,,,,,,,,,,,,,,,,,,,,,,,,,,,,,,,,,,,,,,,,,,,,,,,,,,,,,,,,,,,,,,,,,,,,,,,,,,,,,,,,,,,,,,,,,,,,,,,,,,,,,,,,,,,,,,,,,,,,,,,,,,,,,,,,,,,,,,,,,,,,,,,,,,,,,,,,,,,,,,,,,,,,,,,,,,,,,,,,,,,,,717.0,549.0,412.0,411.0,392.0,431.0,432.0,438.0,402.0,437.0,383.0,417.0,525.0,463.0,683.0,868.0,1080.0,1130.0,1144.0,1131.0,1142.0,1167.0,1131.0,471.0,1118.0,1045.0,1080.0,1095.0,1027.0,964.0,875.0,825.0,732.0,736.0,524.0,657.0,653.0,602.0,577.0,604.0,616.0,637.0,646.0,516.0,560.0,463.0,578.0,592.0,470.0,500.0,482.0,422.0,439.0,444.0,448.0,446.0,482.0,443.0,390.0,353.0,323.0,286.0,330.0,278.0,267.0,237.0,226.0,435.0,251.0,217.0,214.0,172.0,215.0,186.0,163.0,173.0,196.0,149.0,439.0,137.0,104.0,124.0,85.0,65.0,47.0,43.0,32.0,26.0,18.0,457.0,22.0,12.0,13.0,7.0,2.0,3.0,2.0,1.0,0.0,1.0,572.0,562.0,404.0,426.0,401.0,397.0,401.0,422.0,407.0,389.0,396.0,407.0,473.0,557.0,805.0,1042.0,1276.0,1281.0,1309.0,1227.0,1178.0,1178.0,1099.0,468.0,1165.0,1151.0,1042.0,978.0,904.0,910.0,842.0,812.0,759.0,711.0,500.0,695.0,659.0,566.0,612.0,622.0,589.0,593.0,592.0,544.0,538.0,447.0,558.0,528.0,499.0,475.0,442.0,439.0,356.0,409.0,437.0,404.0,422.0,385.0,382.0,364.0,317.0,316.0,308.0,313.0,255.0,232.0,281.0,457.0,255.0,246.0,225.0,250.0,222.0,214.0,208.0,196.0,225.0,202.0,457.0,202.0,167.0,153.0,125.0,95.0,80.0,83.0,63.0,57.0,50.0,446.0,43.0,44.0,28.0,17.0,18.0,23.0,12.0,8.0,8.0,14.0
Amager Vest,2027,,,,,,,,,,,,,,,,,,,,,,,,,,,,,,,,,,,,,,,,,,,,,,,,,,,,,,,,,,,,,,,,,,,,,,,,,,,,,,,,,,,,,,,,,,,,,,,,,,,,,,,,,,,,,,,,,,,,,,,,,,,,,,,,,,,,,,,,,,,,,,,,,,,,,,,,,,,,,,,,,,,,,,,,,,,,,,,,,,,,,,,,,,,,,,,,,,,,,,,,,,,,,,,,,,,701.0,642.0,454.0,411.0,414.0,390.0,426.0,427.0,433.0,409.0,447.0,408.0,506.0,508.0,652.0,913.0,1041.0,1157.0,1165.0,1157.0,1144.0,1157.0,1147.0,491.0,1123.0,1106.0,1038.0,1070.0,1072.0,993.0,945.0,849.0,799.0,718.0,447.0,712.0,636.0,628.0,579.0,574.0,594.0,603.0,626.0,630.0,514.0,499.0,552.0,568.0,586.0,472.0,503.0,480.0,417.0,430.0,444.0,439.0,441.0,441.0,437.0,379.0,347.0,313.0,279.0,323.0,274.0,258.0,229.0,470.0,218.0,243.0,212.0,205.0,167.0,210.0,181.0,157.0,167.0,186.0,428.0,140.0,125.0,96.0,113.0,75.0,58.0,41.0,37.0,28.0,21.0,431.0,13.0,16.0,9.0,11.0,5.0,1.0,2.0,1.0,0.0,1.0,662.0,533.0,447.0,397.0,416.0,397.0,392.0,404.0,423.0,409.0,393.0,445.0,519.0,556.0,783.0,1047.0,1202.0,1342.0,1318.0,1302.0,1208.0,1178.0,1152.0,444.0,1096.0,1149.0,1110.0,1011.0,946.0,889.0,885.0,829.0,772.0,738.0,445.0,704.0,681.0,640.0,563.0,606.0,612.0,586.0,582.0,589.0,535.0,473.0,534.0,561.0,521.0,499.0,479.0,438.0,432.0,359.0,410.0,433.0,429.0,401.0,382.0,376.0,357.0,311.0,314.0,305.0,309.0,255.0,231.0,420.0,278.0,248.0,241.0,222.0,244.0,218.0,209.0,201.0,191.0,216.0,450.0,190.0,191.0,159.0,141.0,115.0,88.0,74.0,75.0,57.0,48.0,457.0,44.0,35.0,35.0,23.0,14.0,14.0,16.0,9.0,5.0,15.0
Amager Vest,2028,,,,,,,,,,,,,,,,,,,,,,,,,,,,,,,,,,,,,,,,,,,,,,,,,,,,,,,,,,,,,,,,,,,,,,,,,,,,,,,,,,,,,,,,,,,,,,,,,,,,,,,,,,,,,,,,,,,,,,,,,,,,,,,,,,,,,,,,,,,,,,,,,,,,,,,,,,,,,,,,,,,,,,,,,,,,,,,,,,,,,,,,,,,,,,,,,,,,,,,,,,,,,,,,,,,724.0,640.0,427.0,449.0,411.0,406.0,384.0,419.0,419.0,432.0,416.0,455.0,589.0,507.0,708.0,893.0,1071.0,1139.0,1192.0,1185.0,1180.0,1162.0,1156.0,480.0,1145.0,1116.0,1097.0,1048.0,1058.0,1039.0,972.0,913.0,825.0,779.0,465.0,697.0,687.0,614.0,601.0,572.0,567.0,581.0,591.0,611.0,617.0,433.0,506.0,538.0,563.0,579.0,474.0,503.0,470.0,410.0,430.0,434.0,475.0,433.0,436.0,424.0,370.0,336.0,304.0,275.0,316.0,265.0,249.0,432.0,222.0,212.0,236.0,202.0,197.0,164.0,204.0,175.0,151.0,159.0,457.0,174.0,128.0,116.0,88.0,100.0,67.0,50.0,35.0,32.0,22.0,418.0,16.0,10.0,12.0,8.0,7.0,3.0,1.0,1.0,1.0,2.0,685.0,617.0,453.0,435.0,389.0,407.0,389.0,390.0,403.0,420.0,407.0,444.0,503.0,601.0,810.0,1038.0,1206.0,1296.0,1367.0,1316.0,1279.0,1208.0,1165.0,486.0,1144.0,1098.0,1116.0,1084.0,979.0,931.0,866.0,868.0,788.0,752.0,425.0,723.0,684.0,656.0,627.0,556.0,593.0,595.0,573.0,575.0,575.0,425.0,526.0,534.0,552.0,515.0,497.0,474.0,430.0,427.0,359.0,403.0,452.0,426.0,396.0,376.0,369.0,348.0,307.0,309.0,299.0,305.0,252.0,424.0,227.0,269.0,241.0,236.0,216.0,237.0,210.0,200.0,195.0,182.0,415.0,202.0,179.0,180.0,147.0,130.0,106.0,81.0,66.0,67.0,48.0,447.0,43.0,36.0,28.0,28.0,18.0,11.0,10.0,12.0,6.0,13.0
Amager Vest,2029,,,,,,,,,,,,,,,,,,,,,,,,,,,,,,,,,,,,,,,,,,,,,,,,,,,,,,,,,,,,,,,,,,,,,,,,,,,,,,,,,,,,,,,,,,,,,,,,,,,,,,,,,,,,,,,,,,,,,,,,,,,,,,,,,,,,,,,,,,,,,,,,,,,,,,,,,,,,,,,,,,,,,,,,,,,,,,,,,,,,,,,,,,,,,,,,,,,,,,,,,,,,,,,,,,,741.0,659.0,413.0,425.0,447.0,404.0,399.0,380.0,412.0,419.0,438.0,435.0,587.0,559.0,743.0,956.0,1065.0,1169.0,1180.0,1203.0,1202.0,1189.0,1158.0,551.0,1149.0,1134.0,1099.0,1097.0,1041.0,1027.0,1012.0,936.0,880.0,802.0,456.0,752.0,676.0,660.0,589.0,590.0,564.0,557.0,567.0,579.0,598.0,447.0,601.0,493.0,532.0,558.0,572.0,475.0,491.0,460.0,411.0,421.0,416.0,426.0,428.0,423.0,411.0,358.0,326.0,300.0,272.0,304.0,255.0,466.0,242.0,216.0,207.0,225.0,194.0,192.0,160.0,196.0,168.0,143.0,421.0,149.0,159.0,119.0,106.0,79.0,89.0,58.0,43.0,30.0,25.0,444.0,17.0,11.0,8.0,10.0,5.0,4.0,2.0,1.0,1.0,3.0,701.0,635.0,444.0,440.0,425.0,385.0,398.0,386.0,389.0,402.0,417.0,461.0,572.0,621.0,875.0,1085.0,1208.0,1302.0,1333.0,1350.0,1288.0,1266.0,1184.0,474.0,1153.0,1133.0,1075.0,1088.0,1045.0,958.0,902.0,852.0,824.0,771.0,460.0,737.0,703.0,660.0,641.0,616.0,548.0,577.0,581.0,567.0,561.0,405.0,563.0,525.0,524.0,544.0,510.0,489.0,465.0,427.0,422.0,354.0,408.0,396.0,421.0,391.0,371.0,360.0,344.0,303.0,302.0,296.0,300.0,444.0,249.0,221.0,261.0,237.0,229.0,211.0,229.0,202.0,195.0,186.0,417.0,172.0,191.0,171.0,167.0,134.0,119.0,97.0,71.0,60.0,56.0,415.0,43.0,35.0,29.0,23.0,22.0,14.0,8.0,8.0,8.0,13.0
Amager Vest,2030,,,,,,,,,,,,,,,,,,,,,,,,,,,,,,,,,,,,,,,,,,,,,,,,,,,,,,,,,,,,,,,,,,,,,,,,,,,,,,,,,,,,,,,,,,,,,,,,,,,,,,,,,,,,,,,,,,,,,,,,,,,,,,,,,,,,,,,,,,,,,,,,,,,,,,,,,,,,,,,,,,,,,,,,,,,,,,,,,,,,,,,,,,,,,,,,,,,,,,,,,,,,,,,,,,,765.0,677.0,439.0,414.0,427.0,440.0,398.0,395.0,378.0,414.0,428.0,457.0,608.0,569.0,816.0,1005.0,1114.0,1169.0,1203.0,1194.0,1215.0,1209.0,1183.0,553.0,1153.0,1139.0,1119.0,1096.0,1087.0,1018.0,1008.0,976.0,903.0,855.0,520.0,777.0,728.0,654.0,636.0,584.0,583.0,556.0,547.0,556.0,571.0,444.0,585.0,580.0,491.0,530.0,555.0,568.0,467.0,482.0,461.0,405.0,431.0,415.0,421.0,417.0,415.0,399.0,349.0,323.0,298.0,266.0,295.0,411.0,250.0,238.0,213.0,201.0,218.0,191.0,188.0,156.0,188.0,161.0,456.0,135.0,137.0,149.0,109.0,96.0,72.0,77.0,50.0,38.0,26.0,412.0,20.0,13.0,9.0,7.0,7.0,3.0,2.0,1.0,0.0,3.0,724.0,652.0,416.0,434.0,432.0,422.0,380.0,396.0,387.0,391.0,404.0,479.0,594.0,672.0,924.0,1135.0,1243.0,1299.0,1328.0,1319.0,1311.0,1274.0,1235.0,539.0,1170.0,1144.0,1105.0,1060.0,1054.0,1022.0,927.0,888.0,815.0,810.0,455.0,761.0,721.0,682.0,650.0,633.0,609.0,539.0,565.0,575.0,556.0,438.0,553.0,563.0,516.0,518.0,540.0,504.0,483.0,464.0,425.0,414.0,392.0,351.0,393.0,416.0,387.0,364.0,357.0,340.0,301.0,302.0,295.0,405.0,297.0,245.0,219.0,259.0,232.0,226.0,207.0,222.0,198.0,188.0,438.0,177.0,166.0,184.0,161.0,155.0,128.0,115.0,91.0,70.0,54.0,418.0,54.0,40.0,32.0,26.0,20.0,19.0,11.0,8.0,6.0,15.0
Amager Vest,2031,,,,,,,,,,,,,,,,,,,,,,,,,,,,,,,,,,,,,,,,,,,,,,,,,,,,,,,,,,,,,,,,,,,,,,,,,,,,,,,,,,,,,,,,,,,,,,,,,,,,,,,,,,,,,,,,,,,,,,,,,,,,,,,,,,,,,,,,,,,,,,,,,,,,,,,,,,,,,,,,,,,,,,,,,,,,,,,,,,,,,,,,,,,,,,,,,,,,,,,,,,,,,,,,,,,775.0,693.0,406.0,437.0,414.0,421.0,431.0,394.0,390.0,380.0,421.0,446.0,621.0,588.0,847.0,1052.0,1144.0,1195.0,1192.0,1203.0,1196.0,1204.0,1188.0,569.0,1163.0,1129.0,1114.0,1105.0,1074.0,1054.0,998.0,970.0,935.0,873.0,521.0,821.0,749.0,699.0,629.0,625.0,577.0,571.0,544.0,536.0,545.0,499.0,557.0,563.0,568.0,489.0,526.0,551.0,552.0,458.0,483.0,451.0,426.0,400.0,410.0,409.0,408.0,402.0,387.0,345.0,322.0,291.0,260.0,421.0,288.0,246.0,234.0,208.0,196.0,214.0,187.0,183.0,151.0,181.0,402.0,152.0,124.0,130.0,136.0,99.0,88.0,64.0,67.0,45.0,33.0,444.0,21.0,15.0,11.0,8.0,5.0,4.0,2.0,2.0,1.0,3.0,734.0,668.0,417.0,408.0,425.0,427.0,415.0,380.0,395.0,385.0,391.0,468.0,605.0,692.0,974.0,1160.0,1265.0,1317.0,1315.0,1302.0,1273.0,1278.0,1230.0,555.0,1206.0,1147.0,1107.0,1078.0,1026.0,1026.0,980.0,905.0,843.0,799.0,510.0,795.0,741.0,696.0,667.0,639.0,623.0,593.0,528.0,557.0,561.0,434.0,546.0,551.0,550.0,508.0,513.0,532.0,496.0,480.0,461.0,416.0,418.0,406.0,351.0,389.0,412.0,379.0,362.0,354.0,337.0,301.0,302.0,387.0,292.0,291.0,242.0,219.0,253.0,229.0,223.0,202.0,217.0,192.0,400.0,180.0,172.0,161.0,174.0,152.0,149.0,123.0,108.0,89.0,65.0,437.0,55.0,50.0,37.0,29.0,24.0,19.0,15.0,11.0,7.0,16.0
Amager Vest,2032,,,,,,,,,,,,,,,,,,,,,,,,,,,,,,,,,,,,,,,,,,,,,,,,,,,,,,,,,,,,,,,,,,,,,,,,,,,,,,,,,,,,,,,,,,,,,,,,,,,,,,,,,,,,,,,,,,,,,,,,,,,,,,,,,,,,,,,,,,,,,,,,,,,,,,,,,,,,,,,,,,,,,,,,,,,,,,,,,,,,,,,,,,,,,,,,,,,,,,,,,,,,,,,,,,,782.0,700.0,437.0,405.0,435.0,407.0,414.0,424.0,387.0,390.0,390.0,437.0,633.0,585.0,867.0,1080.0,1171.0,1222.0,1212.0,1192.0,1200.0,1184.0,1177.0,579.0,1165.0,1134.0,1101.0,1096.0,1079.0,1037.0,1028.0,961.0,928.0,900.0,534.0,835.0,786.0,718.0,669.0,619.0,614.0,565.0,556.0,531.0,525.0,502.0,528.0,535.0,550.0,556.0,482.0,521.0,534.0,534.0,459.0,471.0,476.0,441.0,393.0,395.0,396.0,394.0,389.0,379.0,341.0,312.0,281.0,416.0,254.0,278.0,240.0,224.0,201.0,193.0,208.0,181.0,175.0,145.0,409.0,169.0,139.0,115.0,119.0,121.0,88.0,76.0,56.0,57.0,35.0,392.0,25.0,15.0,12.0,9.0,5.0,3.0,3.0,1.0,1.0,3.0,741.0,674.0,434.0,407.0,401.0,420.0,418.0,412.0,380.0,391.0,383.0,455.0,618.0,693.0,986.0,1197.0,1280.0,1332.0,1331.0,1289.0,1254.0,1242.0,1226.0,564.0,1197.0,1176.0,1104.0,1076.0,1036.0,998.0,981.0,954.0,856.0,823.0,523.0,784.0,771.0,715.0,681.0,654.0,627.0,606.0,577.0,521.0,543.0,482.0,549.0,542.0,537.0,538.0,500.0,504.0,520.0,490.0,473.0,449.0,416.0,407.0,401.0,347.0,382.0,403.0,375.0,357.0,348.0,335.0,298.0,410.0,296.0,285.0,284.0,238.0,213.0,246.0,222.0,215.0,197.0,207.0,381.0,180.0,170.0,163.0,149.0,159.0,139.0,135.0,107.0,96.0,74.0,398.0,52.0,45.0,38.0,31.0,22.0,18.0,13.0,11.0,7.0,15.0
Amager Vest,2033,,,,,,,,,,,,,,,,,,,,,,,,,,,,,,,,,,,,,,,,,,,,,,,,,,,,,,,,,,,,,,,,,,,,,,,,,,,,,,,,,,,,,,,,,,,,,,,,,,,,,,,,,,,,,,,,,,,,,,,,,,,,,,,,,,,,,,,,,,,,,,,,,,,,,,,,,,,,,,,,,,,,,,,,,,,,,,,,,,,,,,,,,,,,,,,,,,,,,,,,,,,,,,,,,,,781.0,702.0,385.0,433.0,403.0,426.0,398.0,407.0,415.0,386.0,395.0,408.0,637.0,575.0,866.0,1071.0,1185.0,1234.0,1231.0,1202.0,1184.0,1180.0,1151.0,588.0,1146.0,1128.0,1099.0,1075.0,1065.0,1035.0,1006.0,984.0,918.0,892.0,540.0,857.0,796.0,749.0,685.0,654.0,608.0,599.0,549.0,540.0,519.0,512.0,508.0,506.0,522.0,538.0,544.0,478.0,504.0,517.0,529.0,447.0,478.0,459.0,431.0,379.0,383.0,382.0,380.0,381.0,373.0,331.0,303.0,459.0,275.0,248.0,271.0,231.0,217.0,198.0,189.0,201.0,173.0,168.0,403.0,136.0,155.0,129.0,105.0,106.0,108.0,77.0,66.0,48.0,46.0,396.0,27.0,18.0,12.0,10.0,6.0,3.0,2.0,2.0,0.0,4.0,741.0,676.0,396.0,422.0,399.0,397.0,409.0,414.0,410.0,377.0,387.0,445.0,621.0,677.0,984.0,1183.0,1303.0,1337.0,1336.0,1296.0,1237.0,1217.0,1186.0,573.0,1184.0,1161.0,1124.0,1067.0,1031.0,1001.0,953.0,951.0,897.0,832.0,530.0,804.0,759.0,742.0,698.0,665.0,639.0,608.0,588.0,566.0,507.0,493.0,529.0,542.0,526.0,523.0,528.0,490.0,492.0,513.0,482.0,459.0,458.0,438.0,402.0,393.0,342.0,373.0,398.0,370.0,353.0,346.0,332.0,407.0,293.0,289.0,279.0,279.0,231.0,208.0,239.0,214.0,209.0,189.0,400.0,195.0,171.0,163.0,151.0,137.0,147.0,128.0,121.0,98.0,82.0,378.0,66.0,43.0,36.0,32.0,27.0,18.0,13.0,10.0,7.0,15.0
Amager Vest,2034,,,,,,,,,,,,,,,,,,,,,,,,,,,,,,,,,,,,,,,,,,,,,,,,,,,,,,,,,,,,,,,,,,,,,,,,,,,,,,,,,,,,,,,,,,,,,,,,,,,,,,,,,,,,,,,,,,,,,,,,,,,,,,,,,,,,,,,,,,,,,,,,,,,,,,,,,,,,,,,,,,,,,,,,,,,,,,,,,,,,,,,,,,,,,,,,,,,,,,,,,,,,,,,,,,,782.0,702.0,389.0,384.0,430.0,394.0,416.0,392.0,400.0,412.0,393.0,410.0,639.0,547.0,829.0,1061.0,1167.0,1250.0,1239.0,1223.0,1193.0,1168.0,1148.0,591.0,1124.0,1110.0,1095.0,1073.0,1046.0,1023.0,1005.0,963.0,939.0,884.0,549.0,851.0,818.0,759.0,713.0,670.0,641.0,594.0,581.0,534.0,526.0,519.0,502.0,487.0,494.0,513.0,527.0,535.0,463.0,489.0,513.0,512.0,488.0,437.0,450.0,415.0,368.0,369.0,369.0,373.0,377.0,362.0,321.0,463.0,297.0,268.0,243.0,260.0,224.0,214.0,195.0,183.0,193.0,166.0,444.0,157.0,125.0,144.0,118.0,95.0,95.0,94.0,68.0,57.0,40.0,391.0,36.0,20.0,14.0,10.0,7.0,4.0,2.0,2.0,1.0,4.0,742.0,677.0,376.0,387.0,413.0,395.0,389.0,406.0,412.0,406.0,376.0,448.0,624.0,657.0,947.0,1176.0,1285.0,1360.0,1340.0,1302.0,1245.0,1203.0,1165.0,576.0,1148.0,1148.0,1111.0,1085.0,1021.0,996.0,954.0,926.0,896.0,872.0,538.0,813.0,778.0,731.0,723.0,682.0,651.0,620.0,590.0,576.0,549.0,499.0,496.0,522.0,525.0,513.0,514.0,516.0,477.0,485.0,504.0,468.0,468.0,447.0,432.0,395.0,386.0,334.0,368.0,392.0,365.0,351.0,343.0,446.0,326.0,286.0,284.0,274.0,271.0,226.0,204.0,231.0,209.0,201.0,399.0,179.0,185.0,163.0,152.0,140.0,129.0,136.0,114.0,112.0,85.0,396.0,76.0,55.0,36.0,31.0,29.0,23.0,13.0,10.0,6.0,15.0
Amager Vest,2035,,,,,,,,,,,,,,,,,,,,,,,,,,,,,,,,,,,,,,,,,,,,,,,,,,,,,,,,,,,,,,,,,,,,,,,,,,,,,,,,,,,,,,,,,,,,,,,,,,,,,,,,,,,,,,,,,,,,,,,,,,,,,,,,,,,,,,,,,,,,,,,,,,,,,,,,,,,,,,,,,,,,,,,,,,,,,,,,,,,,,,,,,,,,,,,,,,,,,,,,,,,,,,,,,,,781.0,703.0,384.0,386.0,383.0,421.0,385.0,409.0,385.0,400.0,416.0,408.0,640.0,541.0,795.0,1005.0,1157.0,1227.0,1256.0,1226.0,1213.0,1175.0,1138.0,594.0,1121.0,1090.0,1076.0,1069.0,1043.0,1004.0,993.0,961.0,919.0,904.0,552.0,845.0,812.0,779.0,723.0,696.0,656.0,624.0,577.0,565.0,521.0,527.0,508.0,481.0,475.0,485.0,502.0,518.0,515.0,449.0,486.0,497.0,494.0,498.0,429.0,433.0,403.0,356.0,357.0,361.0,368.0,366.0,351.0,472.0,314.0,290.0,263.0,235.0,252.0,221.0,209.0,189.0,177.0,185.0,447.0,156.0,145.0,117.0,132.0,106.0,85.0,83.0,82.0,59.0,48.0,429.0,31.0,26.0,16.0,13.0,7.0,4.0,2.0,2.0,1.0,5.0,741.0,677.0,392.0,367.0,380.0,408.0,386.0,388.0,404.0,408.0,402.0,438.0,624.0,651.0,915.0,1125.0,1280.0,1341.0,1361.0,1305.0,1249.0,1211.0,1153.0,579.0,1129.0,1116.0,1097.0,1073.0,1038.0,986.0,949.0,926.0,873.0,871.0,542.0,850.0,786.0,749.0,714.0,707.0,668.0,631.0,601.0,578.0,559.0,507.0,536.0,491.0,505.0,511.0,503.0,502.0,501.0,470.0,477.0,489.0,474.0,456.0,441.0,424.0,388.0,376.0,332.0,363.0,387.0,363.0,349.0,456.0,337.0,319.0,281.0,280.0,267.0,265.0,221.0,198.0,225.0,201.0,436.0,190.0,171.0,178.0,152.0,141.0,131.0,119.0,122.0,107.0,98.0,396.0,79.0,63.0,45.0,30.0,28.0,25.0,16.0,10.0,6.0,15.0
Amager Vest,2036,,,,,,,,,,,,,,,,,,,,,,,,,,,,,,,,,,,,,,,,,,,,,,,,,,,,,,,,,,,,,,,,,,,,,,,,,,,,,,,,,,,,,,,,,,,,,,,,,,,,,,,,,,,,,,,,,,,,,,,,,,,,,,,,,,,,,,,,,,,,,,,,,,,,,,,,,,,,,,,,,,,,,,,,,,,,,,,,,,,,,,,,,,,,,,,,,,,,,,,,,,,,,,,,,,,772.0,698.0,419.0,380.0,383.0,376.0,411.0,379.0,400.0,384.0,406.0,427.0,637.0,540.0,764.0,956.0,1084.0,1208.0,1221.0,1234.0,1204.0,1187.0,1136.0,592.0,1105.0,1081.0,1052.0,1046.0,1035.0,998.0,971.0,947.0,914.0,882.0,553.0,861.0,806.0,773.0,739.0,704.0,679.0,638.0,604.0,560.0,549.0,529.0,502.0,484.0,469.0,466.0,473.0,494.0,499.0,496.0,446.0,470.0,500.0,483.0,485.0,414.0,420.0,388.0,344.0,349.0,356.0,358.0,355.0,478.0,343.0,307.0,284.0,255.0,228.0,247.0,216.0,203.0,182.0,171.0,455.0,173.0,144.0,135.0,107.0,118.0,95.0,74.0,73.0,71.0,49.0,432.0,37.0,23.0,21.0,14.0,8.0,4.0,3.0,2.0,1.0,5.0,733.0,673.0,392.0,380.0,359.0,376.0,398.0,383.0,387.0,399.0,403.0,461.0,622.0,640.0,895.0,1074.0,1215.0,1328.0,1332.0,1315.0,1242.0,1206.0,1152.0,577.0,1112.0,1092.0,1063.0,1054.0,1023.0,998.0,936.0,918.0,870.0,848.0,542.0,848.0,819.0,754.0,729.0,697.0,691.0,647.0,610.0,586.0,559.0,509.0,544.0,527.0,474.0,490.0,498.0,490.0,487.0,492.0,461.0,462.0,480.0,475.0,448.0,432.0,416.0,378.0,371.0,328.0,358.0,385.0,361.0,460.0,344.0,330.0,312.0,278.0,273.0,261.0,258.0,214.0,194.0,217.0,445.0,190.0,182.0,165.0,166.0,141.0,132.0,121.0,108.0,115.0,94.0,430.0,91.0,66.0,52.0,38.0,29.0,24.0,18.0,12.0,7.0,15.0
Amager Vest,2037,,,,,,,,,,,,,,,,,,,,,,,,,,,,,,,,,,,,,,,,,,,,,,,,,,,,,,,,,,,,,,,,,,,,,,,,,,,,,,,,,,,,,,,,,,,,,,,,,,,,,,,,,,,,,,,,,,,,,,,,,,,,,,,,,,,,,,,,,,,,,,,,,,,,,,,,,,,,,,,,,,,,,,,,,,,,,,,,,,,,,,,,,,,,,,,,,,,,,,,,,,,,,,,,,,,767.0,692.0,423.0,414.0,379.0,375.0,368.0,404.0,371.0,398.0,390.0,421.0,634.0,556.0,752.0,909.0,1039.0,1135.0,1204.0,1199.0,1212.0,1177.0,1148.0,591.0,1104.0,1068.0,1046.0,1025.0,1013.0,991.0,965.0,927.0,902.0,878.0,552.0,841.0,821.0,768.0,735.0,720.0,687.0,659.0,618.0,586.0,545.0,531.0,529.0,480.0,471.0,460.0,456.0,466.0,476.0,481.0,490.0,433.0,503.0,457.0,472.0,466.0,401.0,405.0,374.0,337.0,344.0,346.0,347.0,484.0,348.0,334.0,301.0,274.0,247.0,226.0,242.0,210.0,196.0,176.0,461.0,161.0,160.0,134.0,124.0,97.0,106.0,83.0,66.0,63.0,59.0,440.0,38.0,28.0,18.0,18.0,9.0,5.0,3.0,2.0,1.0,5.0,728.0,667.0,425.0,381.0,371.0,354.0,368.0,395.0,383.0,383.0,395.0,463.0,619.0,657.0,876.0,1041.0,1162.0,1262.0,1320.0,1286.0,1251.0,1199.0,1149.0,576.0,1112.0,1078.0,1043.0,1023.0,1005.0,985.0,948.0,906.0,864.0,845.0,542.0,828.0,818.0,786.0,734.0,711.0,682.0,669.0,627.0,596.0,568.0,511.0,544.0,535.0,508.0,461.0,479.0,485.0,476.0,478.0,482.0,445.0,483.0,449.0,467.0,439.0,424.0,405.0,373.0,365.0,324.0,356.0,382.0,467.0,355.0,337.0,323.0,308.0,271.0,267.0,255.0,250.0,210.0,187.0,450.0,205.0,181.0,175.0,154.0,154.0,133.0,123.0,109.0,103.0,101.0,439.0,88.0,77.0,55.0,44.0,35.0,25.0,18.0,14.0,8.0,16.0
Amager Vest,2038,,,,,,,,,,,,,,,,,,,,,,,,,,,,,,,,,,,,,,,,,,,,,,,,,,,,,,,,,,,,,,,,,,,,,,,,,,,,,,,,,,,,,,,,,,,,,,,,,,,,,,,,,,,,,,,,,,,,,,,,,,,,,,,,,,,,,,,,,,,,,,,,,,,,,,,,,,,,,,,,,,,,,,,,,,,,,,,,,,,,,,,,,,,,,,,,,,,,,,,,,,,,,,,,,,,761.0,688.0,431.0,419.0,411.0,371.0,366.0,363.0,395.0,370.0,403.0,405.0,630.0,557.0,753.0,895.0,989.0,1096.0,1134.0,1184.0,1177.0,1186.0,1138.0,589.0,1116.0,1067.0,1035.0,1019.0,994.0,971.0,960.0,922.0,883.0,867.0,552.0,837.0,802.0,783.0,731.0,717.0,703.0,668.0,638.0,600.0,570.0,531.0,527.0,505.0,468.0,462.0,450.0,449.0,449.0,459.0,476.0,473.0,505.0,421.0,447.0,453.0,450.0,387.0,390.0,366.0,333.0,334.0,335.0,487.0,340.0,340.0,328.0,291.0,267.0,245.0,223.0,234.0,203.0,189.0,467.0,167.0,149.0,149.0,123.0,111.0,88.0,92.0,73.0,57.0,53.0,446.0,46.0,28.0,22.0,16.0,12.0,5.0,3.0,2.0,1.0,6.0,723.0,664.0,434.0,414.0,373.0,367.0,347.0,367.0,394.0,379.0,383.0,454.0,615.0,658.0,885.0,1021.0,1130.0,1212.0,1257.0,1276.0,1223.0,1207.0,1142.0,574.0,1109.0,1079.0,1031.0,1006.0,978.0,969.0,936.0,917.0,852.0,839.0,541.0,824.0,800.0,786.0,765.0,717.0,697.0,662.0,648.0,613.0,577.0,511.0,553.0,536.0,516.0,493.0,451.0,466.0,470.0,467.0,469.0,465.0,484.0,433.0,442.0,457.0,431.0,412.0,400.0,367.0,359.0,324.0,354.0,470.0,376.0,348.0,331.0,319.0,300.0,265.0,261.0,247.0,243.0,202.0,456.0,177.0,196.0,174.0,163.0,144.0,144.0,123.0,112.0,103.0,91.0,444.0,95.0,74.0,63.0,47.0,41.0,30.0,18.0,14.0,9.0,17.0
Amager Vest,2039,,,,,,,,,,,,,,,,,,,,,,,,,,,,,,,,,,,,,,,,,,,,,,,,,,,,,,,,,,,,,,,,,,,,,,,,,,,,,,,,,,,,,,,,,,,,,,,,,,,,,,,,,,,,,,,,,,,,,,,,,,,,,,,,,,,,,,,,,,,,,,,,,,,,,,,,,,,,,,,,,,,,,,,,,,,,,,,,,,,,,,,,,,,,,,,,,,,,,,,,,,,,,,,,,,,756.0,684.0,437.0,428.0,417.0,402.0,363.0,361.0,358.0,394.0,378.0,418.0,627.0,539.0,758.0,897.0,987.0,1055.0,1107.0,1122.0,1169.0,1156.0,1151.0,586.0,1110.0,1083.0,1036.0,1011.0,992.0,956.0,942.0,918.0,879.0,850.0,551.0,827.0,799.0,766.0,746.0,715.0,701.0,684.0,647.0,619.0,584.0,531.0,550.0,504.0,493.0,460.0,452.0,444.0,434.0,434.0,455.0,460.0,506.0,460.0,413.0,429.0,438.0,433.0,375.0,382.0,362.0,324.0,325.0,490.0,329.0,333.0,334.0,317.0,283.0,264.0,241.0,217.0,226.0,196.0,471.0,179.0,154.0,140.0,137.0,112.0,101.0,77.0,81.0,64.0,49.0,452.0,42.0,34.0,23.0,20.0,11.0,7.0,4.0,3.0,1.0,6.0,718.0,659.0,440.0,422.0,405.0,369.0,359.0,345.0,368.0,390.0,379.0,445.0,612.0,646.0,895.0,1039.0,1123.0,1190.0,1217.0,1222.0,1219.0,1184.0,1153.0,571.0,1106.0,1079.0,1034.0,997.0,964.0,944.0,922.0,908.0,864.0,829.0,540.0,819.0,797.0,770.0,766.0,747.0,702.0,676.0,642.0,634.0,595.0,511.0,562.0,545.0,517.0,501.0,481.0,440.0,452.0,462.0,459.0,454.0,485.0,451.0,426.0,433.0,448.0,418.0,407.0,394.0,363.0,357.0,323.0,472.0,349.0,368.0,343.0,328.0,312.0,294.0,260.0,253.0,242.0,235.0,460.0,192.0,171.0,188.0,164.0,153.0,136.0,134.0,113.0,107.0,92.0,451.0,87.0,81.0,63.0,55.0,44.0,35.0,22.0,15.0,9.0,19.0
Amager Vest,2040,,,,,,,,,,,,,,,,,,,,,,,,,,,,,,,,,,,,,,,,,,,,,,,,,,,,,,,,,,,,,,,,,,,,,,,,,,,,,,,,,,,,,,,,,,,,,,,,,,,,,,,,,,,,,,,,,,,,,,,,,,,,,,,,,,,,,,,,,,,,,,,,,,,,,,,,,,,,,,,,,,,,,,,,,,,,,,,,,,,,,,,,,,,,,,,,,,,,,,,,,,,,,,,,,,,751.0,679.0,444.0,434.0,426.0,409.0,393.0,358.0,354.0,359.0,400.0,394.0,623.0,548.0,724.0,911.0,993.0,1058.0,1068.0,1099.0,1108.0,1149.0,1122.0,584.0,1123.0,1076.0,1051.0,1013.0,985.0,954.0,927.0,901.0,876.0,846.0,548.0,812.0,790.0,762.0,730.0,730.0,700.0,683.0,663.0,628.0,602.0,530.0,564.0,526.0,493.0,484.0,451.0,445.0,429.0,419.0,430.0,441.0,506.0,447.0,448.0,397.0,416.0,422.0,417.0,367.0,378.0,352.0,315.0,491.0,319.0,322.0,327.0,324.0,309.0,281.0,260.0,234.0,210.0,218.0,474.0,186.0,165.0,145.0,129.0,124.0,101.0,89.0,69.0,71.0,54.0,456.0,38.0,31.0,28.0,21.0,13.0,7.0,5.0,3.0,2.0,7.0,713.0,655.0,447.0,428.0,413.0,400.0,361.0,356.0,346.0,366.0,389.0,440.0,608.0,634.0,881.0,1057.0,1145.0,1187.0,1195.0,1185.0,1167.0,1180.0,1131.0,568.0,1117.0,1075.0,1034.0,1000.0,956.0,931.0,899.0,894.0,855.0,840.0,537.0,809.0,792.0,766.0,750.0,748.0,731.0,682.0,655.0,629.0,615.0,509.0,580.0,554.0,525.0,503.0,490.0,469.0,427.0,444.0,453.0,443.0,485.0,440.0,444.0,417.0,425.0,435.0,413.0,401.0,389.0,361.0,355.0,473.0,319.0,342.0,362.0,339.0,320.0,306.0,288.0,252.0,248.0,233.0,462.0,223.0,185.0,166.0,177.0,153.0,144.0,128.0,123.0,107.0,95.0,455.0,88.0,75.0,68.0,54.0,51.0,38.0,26.0,18.0,10.0,20.0
Amager Vest,2041,,,,,,,,,,,,,,,,,,,,,,,,,,,,,,,,,,,,,,,,,,,,,,,,,,,,,,,,,,,,,,,,,,,,,,,,,,,,,,,,,,,,,,,,,,,,,,,,,,,,,,,,,,,,,,,,,,,,,,,,,,,,,,,,,,,,,,,,,,,,,,,,,,,,,,,,,,,,,,,,,,,,,,,,,,,,,,,,,,,,,,,,,,,,,,,,,,,,,,,,,,,,,,,,,,,743.0,673.0,447.0,440.0,431.0,417.0,399.0,386.0,352.0,354.0,367.0,413.0,618.0,524.0,714.0,866.0,1009.0,1060.0,1067.0,1054.0,1081.0,1085.0,1112.0,579.0,1090.0,1086.0,1042.0,1025.0,984.0,946.0,924.0,886.0,859.0,843.0,545.0,807.0,774.0,753.0,725.0,713.0,713.0,681.0,661.0,642.0,610.0,526.0,581.0,539.0,513.0,484.0,474.0,444.0,429.0,414.0,415.0,417.0,505.0,428.0,436.0,429.0,385.0,401.0,407.0,407.0,364.0,367.0,341.0,491.0,310.0,312.0,316.0,317.0,315.0,306.0,276.0,253.0,227.0,204.0,474.0,206.0,172.0,155.0,134.0,117.0,112.0,89.0,79.0,60.0,59.0,458.0,42.0,28.0,25.0,25.0,13.0,8.0,5.0,4.0,1.0,7.0,705.0,650.0,450.0,434.0,419.0,408.0,391.0,359.0,355.0,343.0,367.0,448.0,604.0,619.0,859.0,1034.0,1161.0,1202.0,1186.0,1158.0,1127.0,1125.0,1124.0,564.0,1092.0,1082.0,1029.0,998.0,957.0,923.0,886.0,871.0,841.0,831.0,534.0,819.0,781.0,761.0,746.0,733.0,732.0,708.0,661.0,641.0,610.0,506.0,599.0,571.0,533.0,510.0,490.0,476.0,454.0,420.0,434.0,438.0,483.0,431.0,433.0,433.0,408.0,413.0,429.0,407.0,395.0,387.0,359.0,473.0,349.0,313.0,336.0,358.0,331.0,313.0,299.0,280.0,247.0,240.0,463.0,221.0,213.0,179.0,156.0,165.0,144.0,134.0,117.0,115.0,94.0,456.0,90.0,74.0,62.0,58.0,51.0,44.0,28.0,20.0,12.0,21.0
Amager Vest,2042,,,,,,,,,,,,,,,,,,,,,,,,,,,,,,,,,,,,,,,,,,,,,,,,,,,,,,,,,,,,,,,,,,,,,,,,,,,,,,,,,,,,,,,,,,,,,,,,,,,,,,,,,,,,,,,,,,,,,,,,,,,,,,,,,,,,,,,,,,,,,,,,,,,,,,,,,,,,,,,,,,,,,,,,,,,,,,,,,,,,,,,,,,,,,,,,,,,,,,,,,,,,,,,,,,,734.0,666.0,449.0,443.0,437.0,422.0,407.0,393.0,378.0,351.0,360.0,384.0,613.0,537.0,676.0,849.0,967.0,1083.0,1069.0,1054.0,1038.0,1061.0,1050.0,575.0,1081.0,1055.0,1051.0,1015.0,996.0,945.0,917.0,884.0,846.0,826.0,541.0,804.0,770.0,738.0,717.0,708.0,697.0,695.0,660.0,642.0,624.0,524.0,589.0,554.0,526.0,503.0,473.0,466.0,429.0,414.0,411.0,402.0,502.0,405.0,417.0,417.0,414.0,371.0,386.0,397.0,401.0,354.0,357.0,489.0,335.0,303.0,306.0,306.0,309.0,312.0,301.0,269.0,245.0,219.0,474.0,194.0,190.0,161.0,143.0,122.0,106.0,98.0,78.0,69.0,51.0,459.0,47.0,31.0,23.0,22.0,16.0,8.0,5.0,4.0,2.0,8.0,697.0,643.0,452.0,438.0,425.0,413.0,398.0,388.0,359.0,352.0,344.0,429.0,598.0,618.0,833.0,1010.0,1140.0,1222.0,1202.0,1150.0,1100.0,1087.0,1073.0,560.0,1086.0,1059.0,1035.0,993.0,955.0,924.0,878.0,859.0,820.0,817.0,531.0,811.0,790.0,751.0,741.0,728.0,717.0,710.0,686.0,647.0,622.0,504.0,594.0,590.0,550.0,517.0,497.0,477.0,461.0,445.0,412.0,419.0,481.0,425.0,423.0,423.0,424.0,396.0,408.0,421.0,400.0,393.0,384.0,471.0,353.0,341.0,308.0,332.0,349.0,325.0,307.0,290.0,274.0,239.0,462.0,227.0,212.0,205.0,168.0,146.0,154.0,134.0,122.0,110.0,102.0,457.0,89.0,76.0,62.0,54.0,54.0,44.0,32.0,21.0,14.0,23.0
Amager Vest,2043,,,,,,,,,,,,,,,,,,,,,,,,,,,,,,,,,,,,,,,,,,,,,,,,,,,,,,,,,,,,,,,,,,,,,,,,,,,,,,,,,,,,,,,,,,,,,,,,,,,,,,,,,,,,,,,,,,,,,,,,,,,,,,,,,,,,,,,,,,,,,,,,,,,,,,,,,,,,,,,,,,,,,,,,,,,,,,,,,,,,,,,,,,,,,,,,,,,,,,,,,,,,,,,,,,,726.0,659.0,450.0,446.0,441.0,428.0,412.0,400.0,385.0,376.0,357.0,374.0,607.0,512.0,670.0,808.0,954.0,1046.0,1097.0,1058.0,1039.0,1020.0,1029.0,571.0,1023.0,1047.0,1021.0,1025.0,988.0,957.0,916.0,878.0,844.0,814.0,537.0,788.0,767.0,734.0,703.0,700.0,692.0,679.0,674.0,641.0,624.0,521.0,602.0,562.0,540.0,516.0,492.0,466.0,450.0,414.0,410.0,398.0,500.0,390.0,395.0,400.0,403.0,399.0,358.0,377.0,392.0,389.0,344.0,487.0,350.0,327.0,298.0,296.0,299.0,306.0,307.0,293.0,261.0,237.0,473.0,209.0,180.0,178.0,150.0,130.0,111.0,94.0,87.0,68.0,59.0,459.0,41.0,35.0,26.0,20.0,14.0,10.0,6.0,5.0,2.0,9.0,689.0,636.0,453.0,440.0,428.0,419.0,404.0,395.0,386.0,355.0,351.0,401.0,593.0,597.0,822.0,983.0,1119.0,1205.0,1224.0,1165.0,1094.0,1062.0,1038.0,555.0,1037.0,1053.0,1013.0,999.0,950.0,923.0,880.0,852.0,810.0,798.0,527.0,797.0,783.0,760.0,731.0,723.0,713.0,696.0,688.0,671.0,627.0,500.0,606.0,586.0,569.0,535.0,505.0,484.0,462.0,452.0,435.0,398.0,478.0,407.0,417.0,414.0,414.0,411.0,391.0,401.0,414.0,397.0,391.0,469.0,378.0,346.0,335.0,305.0,324.0,342.0,318.0,298.0,284.0,265.0,461.0,226.0,218.0,204.0,192.0,157.0,138.0,143.0,122.0,115.0,98.0,457.0,95.0,76.0,63.0,53.0,50.0,47.0,32.0,25.0,15.0,26.0
Amager Vest,2044,,,,,,,,,,,,,,,,,,,,,,,,,,,,,,,,,,,,,,,,,,,,,,,,,,,,,,,,,,,,,,,,,,,,,,,,,,,,,,,,,,,,,,,,,,,,,,,,,,,,,,,,,,,,,,,,,,,,,,,,,,,,,,,,,,,,,,,,,,,,,,,,,,,,,,,,,,,,,,,,,,,,,,,,,,,,,,,,,,,,,,,,,,,,,,,,,,,,,,,,,,,,,,,,,,,717.0,652.0,450.0,447.0,444.0,432.0,419.0,406.0,393.0,384.0,380.0,372.0,601.0,491.0,639.0,796.0,922.0,1037.0,1065.0,1088.0,1044.0,1024.0,990.0,566.0,1004.0,992.0,1016.0,998.0,998.0,949.0,929.0,878.0,839.0,813.0,534.0,778.0,753.0,732.0,699.0,687.0,685.0,675.0,659.0,654.0,624.0,518.0,603.0,576.0,549.0,530.0,505.0,484.0,451.0,434.0,411.0,398.0,497.0,387.0,381.0,379.0,387.0,388.0,383.0,350.0,373.0,381.0,378.0,485.0,339.0,343.0,321.0,289.0,289.0,296.0,302.0,299.0,283.0,252.0,471.0,226.0,193.0,169.0,165.0,137.0,118.0,97.0,84.0,76.0,58.0,458.0,46.0,30.0,28.0,23.0,13.0,9.0,7.0,5.0,3.0,10.0,681.0,629.0,454.0,441.0,431.0,423.0,410.0,401.0,394.0,382.0,355.0,406.0,587.0,552.0,801.0,972.0,1098.0,1190.0,1210.0,1189.0,1108.0,1057.0,1016.0,551.0,1006.0,1008.0,1010.0,979.0,958.0,919.0,880.0,855.0,804.0,789.0,523.0,779.0,770.0,753.0,740.0,714.0,708.0,692.0,676.0,674.0,650.0,498.0,612.0,597.0,566.0,553.0,522.0,491.0,469.0,453.0,443.0,420.0,476.0,387.0,400.0,408.0,405.0,402.0,406.0,385.0,395.0,411.0,395.0,467.0,384.0,370.0,340.0,331.0,298.0,318.0,335.0,309.0,292.0,275.0,459.0,251.0,217.0,211.0,192.0,179.0,148.0,128.0,130.0,115.0,102.0,457.0,92.0,81.0,63.0,55.0,50.0,44.0,35.0,25.0,17.0,28.0
Amager Vest,2045,,,,,,,,,,,,,,,,,,,,,,,,,,,,,,,,,,,,,,,,,,,,,,,,,,,,,,,,,,,,,,,,,,,,,,,,,,,,,,,,,,,,,,,,,,,,,,,,,,,,,,,,,,,,,,,,,,,,,,,,,,,,,,,,,,,,,,,,,,,,,,,,,,,,,,,,,,,,,,,,,,,,,,,,,,,,,,,,,,,,,,,,,,,,,,,,,,,,,,,,,,,,,,,,,,,708.0,645.0,450.0,447.0,445.0,435.0,423.0,412.0,398.0,391.0,390.0,392.0,595.0,484.0,594.0,769.0,911.0,1010.0,1058.0,1059.0,1074.0,1028.0,994.0,561.0,967.0,975.0,963.0,992.0,971.0,959.0,921.0,889.0,839.0,809.0,529.0,777.0,743.0,719.0,698.0,683.0,672.0,668.0,654.0,640.0,637.0,514.0,603.0,577.0,562.0,539.0,519.0,497.0,468.0,436.0,431.0,399.0,495.0,386.0,378.0,366.0,367.0,373.0,374.0,374.0,346.0,363.0,370.0,483.0,370.0,332.0,336.0,311.0,283.0,287.0,292.0,294.0,290.0,274.0,469.0,240.0,210.0,182.0,157.0,150.0,124.0,104.0,87.0,74.0,64.0,456.0,46.0,35.0,25.0,25.0,15.0,8.0,6.0,6.0,3.0,11.0,673.0,622.0,453.0,441.0,432.0,426.0,414.0,407.0,399.0,390.0,381.0,409.0,581.0,546.0,735.0,958.0,1090.0,1172.0,1197.0,1177.0,1131.0,1071.0,1011.0,545.0,984.0,978.0,967.0,976.0,938.0,926.0,876.0,854.0,807.0,784.0,519.0,771.0,752.0,741.0,733.0,723.0,699.0,687.0,671.0,662.0,654.0,494.0,634.0,603.0,577.0,550.0,540.0,508.0,476.0,460.0,444.0,428.0,473.0,408.0,381.0,391.0,400.0,393.0,397.0,399.0,378.0,393.0,409.0,465.0,388.0,377.0,364.0,337.0,324.0,292.0,312.0,326.0,303.0,283.0,458.0,261.0,241.0,210.0,198.0,180.0,168.0,139.0,117.0,123.0,102.0,455.0,96.0,79.0,68.0,55.0,52.0,43.0,32.0,27.0,17.0,32.0
Amager Vest,2046,,,,,,,,,,,,,,,,,,,,,,,,,,,,,,,,,,,,,,,,,,,,,,,,,,,,,,,,,,,,,,,,,,,,,,,,,,,,,,,,,,,,,,,,,,,,,,,,,,,,,,,,,,,,,,,,,,,,,,,,,,,,,,,,,,,,,,,,,,,,,,,,,,,,,,,,,,,,,,,,,,,,,,,,,,,,,,,,,,,,,,,,,,,,,,,,,,,,,,,,,,,,,,,,,,,700.0,637.0,448.0,447.0,446.0,436.0,425.0,416.0,404.0,397.0,397.0,402.0,588.0,498.0,574.0,712.0,895.0,1001.0,1036.0,1054.0,1048.0,1059.0,998.0,555.0,972.0,940.0,948.0,941.0,966.0,933.0,931.0,882.0,851.0,809.0,524.0,773.0,742.0,709.0,685.0,682.0,669.0,655.0,648.0,635.0,624.0,510.0,616.0,577.0,564.0,551.0,527.0,511.0,480.0,452.0,433.0,418.0,491.0,387.0,377.0,363.0,354.0,354.0,359.0,365.0,368.0,337.0,352.0,480.0,363.0,362.0,326.0,326.0,304.0,281.0,283.0,285.0,285.0,281.0,467.0,261.0,223.0,197.0,169.0,143.0,136.0,109.0,93.0,76.0,63.0,454.0,51.0,34.0,28.0,22.0,16.0,9.0,6.0,6.0,3.0,12.0,665.0,614.0,451.0,441.0,432.0,427.0,416.0,411.0,406.0,395.0,388.0,435.0,574.0,540.0,717.0,882.0,1084.0,1167.0,1181.0,1164.0,1119.0,1093.0,1024.0,540.0,980.0,957.0,939.0,935.0,935.0,907.0,882.0,851.0,807.0,786.0,514.0,766.0,745.0,724.0,721.0,716.0,707.0,678.0,667.0,657.0,642.0,490.0,637.0,624.0,583.0,560.0,537.0,526.0,492.0,467.0,450.0,429.0,470.0,415.0,401.0,374.0,383.0,388.0,389.0,390.0,391.0,376.0,391.0,462.0,402.0,381.0,370.0,360.0,329.0,317.0,287.0,303.0,319.0,294.0,455.0,269.0,251.0,233.0,198.0,186.0,169.0,157.0,127.0,112.0,109.0,453.0,96.0,82.0,66.0,58.0,51.0,45.0,32.0,25.0,19.0,34.0
Amager Vest,2047,,,,,,,,,,,,,,,,,,,,,,,,,,,,,,,,,,,,,,,,,,,,,,,,,,,,,,,,,,,,,,,,,,,,,,,,,,,,,,,,,,,,,,,,,,,,,,,,,,,,,,,,,,,,,,,,,,,,,,,,,,,,,,,,,,,,,,,,,,,,,,,,,,,,,,,,,,,,,,,,,,,,,,,,,,,,,,,,,,,,,,,,,,,,,,,,,,,,,,,,,,,,,,,,,,,693.0,629.0,446.0,445.0,445.0,437.0,426.0,419.0,408.0,403.0,402.0,409.0,581.0,510.0,571.0,688.0,834.0,994.0,1029.0,1035.0,1043.0,1034.0,1028.0,548.0,976.0,945.0,915.0,927.0,917.0,929.0,905.0,891.0,844.0,821.0,519.0,773.0,739.0,709.0,676.0,669.0,668.0,652.0,636.0,629.0,618.0,505.0,603.0,589.0,564.0,554.0,539.0,519.0,493.0,464.0,448.0,420.0,488.0,406.0,379.0,362.0,351.0,341.0,341.0,351.0,360.0,358.0,328.0,477.0,347.0,355.0,355.0,316.0,319.0,302.0,277.0,277.0,276.0,276.0,464.0,268.0,243.0,210.0,184.0,154.0,131.0,120.0,98.0,82.0,66.0,452.0,50.0,38.0,28.0,25.0,15.0,10.0,6.0,5.0,3.0,13.0,658.0,607.0,449.0,439.0,432.0,427.0,417.0,413.0,409.0,401.0,393.0,442.0,567.0,562.0,702.0,861.0,1006.0,1167.0,1178.0,1150.0,1107.0,1082.0,1046.0,533.0,992.0,954.0,920.0,908.0,897.0,905.0,864.0,857.0,803.0,787.0,509.0,769.0,740.0,717.0,705.0,705.0,701.0,686.0,658.0,653.0,637.0,485.0,626.0,628.0,602.0,566.0,547.0,524.0,509.0,483.0,457.0,435.0,466.0,417.0,408.0,392.0,366.0,371.0,384.0,382.0,384.0,388.0,374.0,459.0,384.0,394.0,374.0,367.0,352.0,323.0,311.0,279.0,297.0,309.0,453.0,279.0,259.0,242.0,219.0,186.0,175.0,158.0,143.0,121.0,99.0,451.0,103.0,82.0,69.0,57.0,55.0,45.0,34.0,25.0,17.0,37.0
Amager Vest,2048,,,,,,,,,,,,,,,,,,,,,,,,,,,,,,,,,,,,,,,,,,,,,,,,,,,,,,,,,,,,,,,,,,,,,,,,,,,,,,,,,,,,,,,,,,,,,,,,,,,,,,,,,,,,,,,,,,,,,,,,,,,,,,,,,,,,,,,,,,,,,,,,,,,,,,,,,,,,,,,,,,,,,,,,,,,,,,,,,,,,,,,,,,,,,,,,,,,,,,,,,,,,,,,,,,,686.0,622.0,444.0,443.0,443.0,436.0,427.0,420.0,411.0,406.0,408.0,414.0,574.0,514.0,576.0,681.0,813.0,931.0,1027.0,1027.0,1026.0,1030.0,1005.0,542.0,1006.0,949.0,920.0,894.0,903.0,882.0,901.0,867.0,852.0,814.0,513.0,784.0,739.0,706.0,676.0,661.0,655.0,651.0,632.0,617.0,613.0,500.0,597.0,577.0,576.0,554.0,542.0,531.0,502.0,477.0,461.0,435.0,483.0,408.0,397.0,364.0,350.0,339.0,329.0,333.0,346.0,350.0,348.0,473.0,323.0,339.0,349.0,344.0,310.0,317.0,298.0,271.0,268.0,268.0,461.0,264.0,249.0,228.0,195.0,168.0,141.0,116.0,107.0,86.0,70.0,450.0,52.0,38.0,31.0,25.0,17.0,9.0,7.0,6.0,3.0,14.0,652.0,601.0,447.0,437.0,430.0,427.0,418.0,414.0,412.0,405.0,398.0,446.0,560.0,560.0,725.0,845.0,986.0,1089.0,1182.0,1148.0,1095.0,1071.0,1037.0,527.0,1013.0,965.0,917.0,890.0,871.0,868.0,862.0,839.0,809.0,783.0,503.0,769.0,743.0,712.0,698.0,689.0,690.0,681.0,665.0,644.0,633.0,480.0,621.0,617.0,607.0,585.0,553.0,533.0,508.0,500.0,474.0,442.0,462.0,422.0,410.0,399.0,383.0,355.0,367.0,377.0,376.0,381.0,386.0,455.0,368.0,377.0,387.0,370.0,358.0,345.0,317.0,302.0,274.0,288.0,450.0,294.0,269.0,251.0,228.0,205.0,175.0,163.0,144.0,135.0,107.0,448.0,95.0,88.0,69.0,60.0,54.0,48.0,33.0,26.0,17.0,38.0
Amager Vest,2049,,,,,,,,,,,,,,,,,,,,,,,,,,,,,,,,,,,,,,,,,,,,,,,,,,,,,,,,,,,,,,,,,,,,,,,,,,,,,,,,,,,,,,,,,,,,,,,,,,,,,,,,,,,,,,,,,,,,,,,,,,,,,,,,,,,,,,,,,,,,,,,,,,,,,,,,,,,,,,,,,,,,,,,,,,,,,,,,,,,,,,,,,,,,,,,,,,,,,,,,,,,,,,,,,,,681.0,617.0,442.0,441.0,442.0,435.0,426.0,421.0,412.0,409.0,411.0,419.0,568.0,515.0,568.0,691.0,807.0,912.0,964.0,1030.0,1018.0,1015.0,1002.0,536.0,985.0,979.0,924.0,899.0,873.0,869.0,856.0,863.0,829.0,822.0,507.0,778.0,749.0,706.0,673.0,661.0,647.0,638.0,631.0,614.0,601.0,495.0,592.0,571.0,565.0,566.0,542.0,534.0,513.0,485.0,473.0,447.0,478.0,423.0,399.0,381.0,352.0,338.0,327.0,322.0,329.0,337.0,340.0,469.0,342.0,316.0,333.0,338.0,336.0,308.0,313.0,291.0,263.0,260.0,458.0,257.0,245.0,235.0,213.0,179.0,154.0,125.0,104.0,94.0,74.0,447.0,56.0,39.0,31.0,28.0,16.0,10.0,6.0,7.0,3.0,15.0,647.0,595.0,445.0,435.0,429.0,425.0,417.0,415.0,413.0,407.0,402.0,451.0,554.0,555.0,719.0,876.0,972.0,1071.0,1105.0,1154.0,1092.0,1060.0,1027.0,521.0,1005.0,986.0,928.0,887.0,854.0,843.0,827.0,838.0,793.0,789.0,497.0,765.0,743.0,715.0,694.0,683.0,674.0,669.0,660.0,651.0,624.0,475.0,617.0,612.0,596.0,590.0,571.0,539.0,517.0,499.0,490.0,458.0,457.0,429.0,415.0,401.0,390.0,372.0,352.0,361.0,371.0,374.0,379.0,451.0,379.0,360.0,370.0,382.0,362.0,352.0,338.0,308.0,296.0,267.0,446.0,274.0,282.0,261.0,237.0,214.0,193.0,164.0,150.0,136.0,120.0,445.0,102.0,81.0,73.0,60.0,57.0,47.0,36.0,26.0,18.0,38.0
Amager Vest,2050,,,,,,,,,,,,,,,,,,,,,,,,,,,,,,,,,,,,,,,,,,,,,,,,,,,,,,,,,,,,,,,,,,,,,,,,,,,,,,,,,,,,,,,,,,,,,,,,,,,,,,,,,,,,,,,,,,,,,,,,,,,,,,,,,,,,,,,,,,,,,,,,,,,,,,,,,,,,,,,,,,,,,,,,,,,,,,,,,,,,,,,,,,,,,,,,,,,,,,,,,,,,,,,,,,,676.0,612.0,439.0,439.0,440.0,433.0,425.0,420.0,413.0,410.0,414.0,422.0,564.0,517.0,559.0,684.0,827.0,907.0,947.0,968.0,1024.0,1008.0,988.0,531.0,982.0,959.0,953.0,903.0,878.0,840.0,844.0,820.0,826.0,801.0,501.0,786.0,743.0,716.0,673.0,659.0,647.0,630.0,619.0,613.0,597.0,489.0,581.0,566.0,559.0,555.0,554.0,534.0,517.0,495.0,481.0,459.0,473.0,435.0,413.0,384.0,368.0,340.0,326.0,320.0,318.0,321.0,328.0,464.0,335.0,334.0,310.0,324.0,331.0,334.0,305.0,306.0,282.0,256.0,453.0,249.0,239.0,231.0,220.0,195.0,164.0,136.0,112.0,92.0,81.0,443.0,59.0,42.0,33.0,28.0,18.0,10.0,7.0,6.0,4.0,15.0,642.0,591.0,442.0,433.0,427.0,423.0,416.0,414.0,413.0,408.0,404.0,454.0,550.0,551.0,711.0,873.0,1011.0,1059.0,1088.0,1081.0,1099.0,1058.0,1017.0,516.0,995.0,978.0,948.0,898.0,852.0,827.0,804.0,804.0,792.0,774.0,491.0,771.0,740.0,715.0,697.0,679.0,668.0,654.0,649.0,647.0,631.0,470.0,608.0,608.0,590.0,580.0,576.0,556.0,523.0,508.0,489.0,474.0,452.0,445.0,422.0,406.0,392.0,379.0,368.0,347.0,355.0,369.0,372.0,447.0,373.0,371.0,354.0,367.0,374.0,355.0,345.0,329.0,302.0,287.0,442.0,254.0,264.0,273.0,246.0,222.0,202.0,181.0,150.0,142.0,121.0,442.0,113.0,88.0,68.0,64.0,57.0,50.0,35.0,28.0,18.0,40.0
Amager Vest,2051,,,,,,,,,,,,,,,,,,,,,,,,,,,,,,,,,,,,,,,,,,,,,,,,,,,,,,,,,,,,,,,,,,,,,,,,,,,,,,,,,,,,,,,,,,,,,,,,,,,,,,,,,,,,,,,,,,,,,,,,,,,,,,,,,,,,,,,,,,,,,,,,,,,,,,,,,,,,,,,,,,,,,,,,,,,,,,,,,,,,,,,,,,,,,,,,,,,,,,,,,,,,,,,,,,,671.0,607.0,435.0,436.0,437.0,431.0,423.0,419.0,412.0,411.0,415.0,425.0,559.0,516.0,550.0,675.0,824.0,932.0,942.0,951.0,962.0,1015.0,981.0,526.0,969.0,956.0,935.0,931.0,881.0,845.0,816.0,808.0,785.0,797.0,496.0,765.0,751.0,710.0,683.0,658.0,644.0,631.0,611.0,601.0,597.0,484.0,577.0,555.0,554.0,549.0,543.0,546.0,516.0,499.0,492.0,467.0,468.0,446.0,425.0,397.0,371.0,356.0,328.0,318.0,316.0,310.0,312.0,459.0,323.0,327.0,327.0,302.0,317.0,329.0,329.0,298.0,297.0,274.0,449.0,245.0,232.0,225.0,216.0,202.0,178.0,145.0,123.0,99.0,79.0,439.0,64.0,44.0,35.0,29.0,19.0,11.0,7.0,7.0,4.0,16.0,637.0,586.0,438.0,430.0,424.0,421.0,414.0,413.0,412.0,408.0,405.0,455.0,545.0,543.0,705.0,867.0,1011.0,1102.0,1077.0,1064.0,1029.0,1065.0,1015.0,511.0,985.0,969.0,940.0,917.0,861.0,824.0,788.0,782.0,760.0,772.0,486.0,756.0,745.0,712.0,697.0,682.0,665.0,649.0,635.0,636.0,627.0,464.0,615.0,599.0,587.0,573.0,566.0,561.0,539.0,514.0,498.0,473.0,447.0,460.0,437.0,413.0,397.0,381.0,375.0,362.0,342.0,353.0,367.0,442.0,366.0,366.0,364.0,351.0,359.0,367.0,348.0,335.0,323.0,293.0,438.0,274.0,245.0,256.0,258.0,232.0,210.0,189.0,165.0,142.0,126.0,438.0,115.0,97.0,74.0,60.0,60.0,50.0,37.0,27.0,19.0,40.0
Amager Vest,2052,,,,,,,,,,,,,,,,,,,,,,,,,,,,,,,,,,,,,,,,,,,,,,,,,,,,,,,,,,,,,,,,,,,,,,,,,,,,,,,,,,,,,,,,,,,,,,,,,,,,,,,,,,,,,,,,,,,,,,,,,,,,,,,,,,,,,,,,,,,,,,,,,,,,,,,,,,,,,,,,,,,,,,,,,,,,,,,,,,,,,,,,,,,,,,,,,,,,,,,,,,,,,,,,,,,665.0,602.0,431.0,433.0,435.0,429.0,421.0,417.0,411.0,410.0,415.0,425.0,555.0,513.0,539.0,667.0,819.0,933.0,971.0,946.0,946.0,954.0,988.0,522.0,962.0,945.0,932.0,914.0,908.0,848.0,820.0,781.0,774.0,758.0,492.0,762.0,730.0,717.0,677.0,668.0,644.0,629.0,612.0,594.0,585.0,479.0,577.0,552.0,543.0,544.0,537.0,536.0,528.0,499.0,496.0,477.0,463.0,454.0,436.0,409.0,384.0,359.0,344.0,321.0,315.0,308.0,302.0,454.0,308.0,316.0,321.0,318.0,296.0,316.0,325.0,322.0,290.0,289.0,444.0,263.0,228.0,219.0,210.0,198.0,184.0,158.0,131.0,108.0,85.0,435.0,63.0,48.0,37.0,31.0,19.0,12.0,8.0,7.0,4.0,17.0,632.0,581.0,434.0,426.0,422.0,419.0,412.0,411.0,411.0,407.0,406.0,456.0,541.0,533.0,695.0,863.0,1008.0,1105.0,1120.0,1052.0,1012.0,998.0,1022.0,507.0,983.0,959.0,932.0,909.0,879.0,833.0,786.0,766.0,739.0,741.0,482.0,755.0,730.0,717.0,694.0,682.0,667.0,645.0,629.0,621.0,616.0,460.0,611.0,606.0,578.0,570.0,560.0,552.0,544.0,529.0,504.0,481.0,442.0,459.0,452.0,428.0,404.0,386.0,377.0,369.0,356.0,340.0,352.0,437.0,361.0,359.0,359.0,361.0,343.0,352.0,359.0,338.0,329.0,314.0,433.0,279.0,263.0,238.0,242.0,243.0,219.0,197.0,173.0,157.0,127.0,433.0,120.0,98.0,81.0,65.0,57.0,53.0,38.0,29.0,19.0,41.0
Amager Vest,2053,,,,,,,,,,,,,,,,,,,,,,,,,,,,,,,,,,,,,,,,,,,,,,,,,,,,,,,,,,,,,,,,,,,,,,,,,,,,,,,,,,,,,,,,,,,,,,,,,,,,,,,,,,,,,,,,,,,,,,,,,,,,,,,,,,,,,,,,,,,,,,,,,,,,,,,,,,,,,,,,,,,,,,,,,,,,,,,,,,,,,,,,,,,,,,,,,,,,,,,,,,,,,,,,,,,660.0,598.0,427.0,429.0,431.0,426.0,419.0,415.0,409.0,409.0,415.0,425.0,550.0,508.0,527.0,658.0,815.0,931.0,973.0,975.0,940.0,939.0,930.0,518.0,971.0,938.0,922.0,911.0,892.0,874.0,823.0,785.0,748.0,748.0,488.0,724.0,727.0,697.0,684.0,662.0,654.0,628.0,610.0,594.0,578.0,475.0,565.0,551.0,539.0,534.0,532.0,529.0,518.0,510.0,496.0,482.0,458.0,464.0,445.0,419.0,396.0,372.0,347.0,335.0,318.0,307.0,300.0,449.0,298.0,301.0,310.0,312.0,312.0,295.0,313.0,318.0,312.0,282.0,439.0,277.0,245.0,216.0,205.0,193.0,182.0,164.0,142.0,115.0,94.0,430.0,68.0,48.0,40.0,33.0,21.0,12.0,8.0,8.0,4.0,18.0,627.0,577.0,430.0,423.0,418.0,416.0,410.0,409.0,409.0,406.0,405.0,455.0,536.0,522.0,683.0,856.0,1007.0,1105.0,1124.0,1095.0,1000.0,982.0,959.0,503.0,991.0,957.0,923.0,901.0,873.0,851.0,795.0,764.0,725.0,721.0,478.0,724.0,729.0,702.0,699.0,679.0,667.0,647.0,626.0,616.0,602.0,456.0,600.0,602.0,585.0,561.0,556.0,545.0,535.0,534.0,518.0,487.0,438.0,467.0,452.0,443.0,419.0,392.0,382.0,371.0,363.0,354.0,339.0,432.0,346.0,354.0,353.0,356.0,353.0,337.0,346.0,349.0,333.0,320.0,428.0,299.0,270.0,255.0,225.0,228.0,229.0,205.0,181.0,164.0,140.0,429.0,121.0,103.0,83.0,71.0,62.0,51.0,40.0,29.0,20.0,42.0
Amager Vest,2054,,,,,,,,,,,,,,,,,,,,,,,,,,,,,,,,,,,,,,,,,,,,,,,,,,,,,,,,,,,,,,,,,,,,,,,,,,,,,,,,,,,,,,,,,,,,,,,,,,,,,,,,,,,,,,,,,,,,,,,,,,,,,,,,,,,,,,,,,,,,,,,,,,,,,,,,,,,,,,,,,,,,,,,,,,,,,,,,,,,,,,,,,,,,,,,,,,,,,,,,,,,,,,,,,,,655.0,593.0,422.0,425.0,427.0,423.0,416.0,413.0,407.0,407.0,413.0,424.0,546.0,502.0,515.0,647.0,810.0,931.0,973.0,978.0,969.0,932.0,915.0,514.0,914.0,948.0,915.0,902.0,889.0,859.0,849.0,788.0,753.0,723.0,484.0,714.0,691.0,695.0,665.0,669.0,648.0,638.0,610.0,592.0,579.0,471.0,558.0,540.0,540.0,530.0,522.0,525.0,512.0,502.0,507.0,482.0,455.0,469.0,454.0,428.0,406.0,383.0,359.0,339.0,332.0,310.0,299.0,445.0,297.0,291.0,296.0,302.0,306.0,310.0,292.0,306.0,309.0,304.0,434.0,272.0,259.0,232.0,202.0,189.0,177.0,162.0,148.0,125.0,100.0,425.0,75.0,52.0,40.0,36.0,22.0,13.0,9.0,8.0,5.0,19.0,622.0,573.0,425.0,418.0,415.0,413.0,407.0,407.0,407.0,404.0,404.0,453.0,532.0,510.0,671.0,847.0,1004.0,1107.0,1126.0,1099.0,1039.0,971.0,944.0,499.0,931.0,965.0,922.0,893.0,865.0,845.0,812.0,773.0,723.0,708.0,474.0,705.0,699.0,701.0,685.0,684.0,664.0,648.0,628.0,614.0,598.0,452.0,587.0,591.0,581.0,567.0,548.0,542.0,528.0,526.0,524.0,501.0,434.0,474.0,460.0,443.0,433.0,407.0,388.0,376.0,366.0,361.0,353.0,428.0,334.0,339.0,348.0,349.0,348.0,346.0,330.0,336.0,343.0,323.0,424.0,305.0,289.0,262.0,242.0,213.0,215.0,215.0,188.0,172.0,147.0,424.0,133.0,104.0,87.0,72.0,67.0,55.0,38.0,31.0,21.0,43.0
Amager Vest,2055,,,,,,,,,,,,,,,,,,,,,,,,,,,,,,,,,,,,,,,,,,,,,,,,,,,,,,,,,,,,,,,,,,,,,,,,,,,,,,,,,,,,,,,,,,,,,,,,,,,,,,,,,,,,,,,,,,,,,,,,,,,,,,,,,,,,,,,,,,,,,,,,,,,,,,,,,,,,,,,,,,,,,,,,,,,,,,,,,,,,,,,,,,,,,,,,,,,,,,,,,,,,,,,,,,,650.0,588.0,418.0,420.0,423.0,419.0,413.0,410.0,405.0,406.0,412.0,423.0,542.0,496.0,503.0,635.0,803.0,928.0,974.0,978.0,971.0,962.0,908.0,510.0,900.0,894.0,926.0,895.0,881.0,857.0,834.0,813.0,756.0,728.0,481.0,691.0,682.0,660.0,663.0,651.0,655.0,632.0,619.0,592.0,577.0,468.0,559.0,534.0,528.0,530.0,519.0,515.0,507.0,495.0,499.0,493.0,452.0,469.0,459.0,436.0,414.0,392.0,370.0,351.0,336.0,324.0,302.0,441.0,295.0,291.0,286.0,288.0,296.0,305.0,307.0,286.0,297.0,301.0,430.0,291.0,254.0,245.0,217.0,186.0,173.0,158.0,146.0,130.0,109.0,421.0,81.0,57.0,43.0,36.0,24.0,14.0,9.0,9.0,5.0,20.0,618.0,568.0,421.0,414.0,410.0,409.0,404.0,404.0,405.0,402.0,402.0,451.0,528.0,497.0,658.0,836.0,999.0,1107.0,1129.0,1100.0,1042.0,1009.0,934.0,495.0,916.0,908.0,930.0,892.0,858.0,837.0,806.0,790.0,731.0,706.0,471.0,691.0,680.0,673.0,684.0,670.0,669.0,645.0,629.0,616.0,595.0,449.0,582.0,578.0,571.0,564.0,554.0,534.0,525.0,519.0,516.0,507.0,431.0,487.0,466.0,451.0,433.0,421.0,403.0,382.0,370.0,364.0,360.0,424.0,347.0,327.0,333.0,344.0,342.0,342.0,339.0,321.0,331.0,334.0,420.0,308.0,294.0,280.0,248.0,228.0,201.0,202.0,197.0,180.0,154.0,419.0,140.0,115.0,88.0,76.0,69.0,59.0,41.0,30.0,22.0,44.0
Amager Vest,2056,,,,,,,,,,,,,,,,,,,,,,,,,,,,,,,,,,,,,,,,,,,,,,,,,,,,,,,,,,,,,,,,,,,,,,,,,,,,,,,,,,,,,,,,,,,,,,,,,,,,,,,,,,,,,,,,,,,,,,,,,,,,,,,,,,,,,,,,,,,,,,,,,,,,,,,,,,,,,,,,,,,,,,,,,,,,,,,,,,,,,,,,,,,,,,,,,,,,,,,,,,,,,,,,,,,646.0,584.0,413.0,416.0,419.0,415.0,410.0,407.0,403.0,403.0,410.0,421.0,538.0,488.0,491.0,623.0,795.0,924.0,974.0,980.0,971.0,964.0,937.0,506.0,894.0,880.0,874.0,905.0,874.0,849.0,832.0,799.0,780.0,731.0,477.0,695.0,660.0,651.0,629.0,648.0,636.0,639.0,613.0,601.0,576.0,465.0,557.0,535.0,522.0,519.0,519.0,511.0,498.0,491.0,492.0,485.0,449.0,479.0,459.0,442.0,423.0,401.0,379.0,361.0,348.0,328.0,316.0,438.0,299.0,289.0,285.0,279.0,283.0,295.0,302.0,300.0,278.0,290.0,427.0,290.0,272.0,240.0,230.0,200.0,172.0,155.0,143.0,130.0,113.0,417.0,88.0,61.0,48.0,39.0,24.0,15.0,10.0,9.0,5.0,21.0,614.0,564.0,416.0,409.0,406.0,405.0,400.0,401.0,402.0,400.0,400.0,448.0,524.0,485.0,644.0,826.0,992.0,1104.0,1129.0,1103.0,1043.0,1012.0,970.0,492.0,906.0,894.0,876.0,900.0,856.0,831.0,799.0,784.0,748.0,715.0,468.0,690.0,667.0,655.0,656.0,669.0,655.0,649.0,626.0,616.0,597.0,446.0,580.0,574.0,558.0,554.0,551.0,539.0,517.0,515.0,509.0,499.0,428.0,492.0,479.0,457.0,441.0,421.0,417.0,397.0,376.0,368.0,362.0,421.0,354.0,340.0,322.0,330.0,337.0,336.0,335.0,330.0,316.0,322.0,416.0,318.0,298.0,285.0,266.0,234.0,215.0,188.0,185.0,188.0,161.0,416.0,146.0,120.0,97.0,77.0,72.0,61.0,45.0,32.0,21.0,46.0
Amager Vest,2057,,,,,,,,,,,,,,,,,,,,,,,,,,,,,,,,,,,,,,,,,,,,,,,,,,,,,,,,,,,,,,,,,,,,,,,,,,,,,,,,,,,,,,,,,,,,,,,,,,,,,,,,,,,,,,,,,,,,,,,,,,,,,,,,,,,,,,,,,,,,,,,,,,,,,,,,,,,,,,,,,,,,,,,,,,,,,,,,,,,,,,,,,,,,,,,,,,,,,,,,,,,,,,,,,,,642.0,580.0,410.0,412.0,414.0,411.0,406.0,404.0,400.0,401.0,407.0,419.0,534.0,481.0,479.0,612.0,786.0,918.0,971.0,980.0,973.0,965.0,940.0,503.0,922.0,875.0,862.0,855.0,885.0,843.0,824.0,797.0,767.0,755.0,474.0,699.0,664.0,630.0,621.0,615.0,634.0,621.0,620.0,596.0,585.0,462.0,557.0,533.0,523.0,513.0,508.0,512.0,495.0,482.0,488.0,478.0,446.0,472.0,470.0,442.0,428.0,409.0,387.0,371.0,358.0,339.0,320.0,436.0,312.0,293.0,284.0,278.0,274.0,283.0,293.0,296.0,292.0,272.0,424.0,279.0,270.0,258.0,226.0,212.0,184.0,153.0,139.0,126.0,113.0,414.0,91.0,67.0,51.0,43.0,26.0,15.0,11.0,10.0,6.0,22.0,611.0,560.0,413.0,405.0,402.0,401.0,396.0,397.0,399.0,397.0,398.0,445.0,520.0,473.0,631.0,814.0,984.0,1100.0,1128.0,1104.0,1045.0,1013.0,974.0,488.0,941.0,884.0,863.0,848.0,865.0,830.0,793.0,778.0,743.0,731.0,464.0,698.0,666.0,642.0,638.0,642.0,655.0,636.0,631.0,613.0,597.0,443.0,582.0,572.0,554.0,541.0,541.0,536.0,522.0,508.0,506.0,492.0,425.0,485.0,485.0,469.0,447.0,429.0,418.0,411.0,391.0,375.0,367.0,419.0,357.0,347.0,334.0,319.0,324.0,331.0,330.0,326.0,325.0,307.0,414.0,307.0,307.0,289.0,271.0,251.0,221.0,202.0,173.0,176.0,168.0,413.0,153.0,127.0,102.0,85.0,74.0,64.0,46.0,35.0,23.0,47.0
Amager Vest,2058,,,,,,,,,,,,,,,,,,,,,,,,,,,,,,,,,,,,,,,,,,,,,,,,,,,,,,,,,,,,,,,,,,,,,,,,,,,,,,,,,,,,,,,,,,,,,,,,,,,,,,,,,,,,,,,,,,,,,,,,,,,,,,,,,,,,,,,,,,,,,,,,,,,,,,,,,,,,,,,,,,,,,,,,,,,,,,,,,,,,,,,,,,,,,,,,,,,,,,,,,,,,,,,,,,,641.0,577.0,407.0,408.0,410.0,407.0,402.0,400.0,396.0,398.0,405.0,417.0,531.0,474.0,468.0,601.0,778.0,913.0,968.0,979.0,974.0,968.0,941.0,500.0,926.0,903.0,857.0,844.0,837.0,854.0,819.0,791.0,766.0,743.0,471.0,722.0,668.0,635.0,601.0,608.0,602.0,619.0,603.0,603.0,580.0,459.0,566.0,533.0,522.0,515.0,503.0,501.0,495.0,479.0,479.0,474.0,443.0,465.0,463.0,453.0,429.0,414.0,395.0,379.0,368.0,350.0,331.0,433.0,316.0,306.0,287.0,277.0,274.0,274.0,281.0,287.0,287.0,285.0,422.0,262.0,261.0,257.0,242.0,209.0,195.0,165.0,138.0,123.0,111.0,411.0,91.0,70.0,56.0,46.0,29.0,17.0,11.0,11.0,6.0,23.0,609.0,558.0,410.0,402.0,398.0,397.0,392.0,393.0,395.0,394.0,395.0,441.0,517.0,462.0,619.0,803.0,976.0,1096.0,1126.0,1103.0,1046.0,1016.0,975.0,485.0,945.0,918.0,854.0,836.0,816.0,838.0,793.0,773.0,738.0,727.0,461.0,715.0,675.0,642.0,626.0,625.0,628.0,636.0,618.0,618.0,595.0,440.0,583.0,574.0,552.0,538.0,529.0,527.0,520.0,513.0,498.0,489.0,423.0,478.0,477.0,475.0,459.0,435.0,425.0,412.0,405.0,389.0,374.0,416.0,361.0,350.0,341.0,331.0,313.0,318.0,325.0,321.0,321.0,316.0,411.0,294.0,297.0,298.0,275.0,256.0,237.0,208.0,185.0,165.0,158.0,410.0,160.0,133.0,107.0,89.0,81.0,66.0,49.0,36.0,25.0,48.0
Amager Vest,2059,,,,,,,,,,,,,,,,,,,,,,,,,,,,,,,,,,,,,,,,,,,,,,,,,,,,,,,,,,,,,,,,,,,,,,,,,,,,,,,,,,,,,,,,,,,,,,,,,,,,,,,,,,,,,,,,,,,,,,,,,,,,,,,,,,,,,,,,,,,,,,,,,,,,,,,,,,,,,,,,,,,,,,,,,,,,,,,,,,,,,,,,,,,,,,,,,,,,,,,,,,,,,,,,,,,639.0,576.0,405.0,406.0,407.0,403.0,398.0,396.0,393.0,395.0,402.0,414.0,529.0,467.0,458.0,590.0,769.0,906.0,964.0,976.0,972.0,969.0,943.0,497.0,928.0,907.0,885.0,839.0,826.0,809.0,830.0,786.0,760.0,742.0,468.0,711.0,690.0,638.0,605.0,588.0,595.0,587.0,601.0,586.0,587.0,456.0,560.0,542.0,522.0,514.0,504.0,496.0,485.0,480.0,476.0,466.0,441.0,462.0,456.0,446.0,439.0,415.0,401.0,386.0,376.0,359.0,341.0,431.0,328.0,310.0,301.0,281.0,273.0,274.0,272.0,275.0,279.0,281.0,419.0,274.0,245.0,248.0,241.0,224.0,193.0,175.0,149.0,123.0,108.0,409.0,89.0,69.0,59.0,50.0,31.0,18.0,12.0,11.0,7.0,25.0,608.0,556.0,408.0,399.0,395.0,393.0,388.0,389.0,392.0,391.0,392.0,438.0,515.0,452.0,607.0,792.0,967.0,1090.0,1122.0,1101.0,1045.0,1017.0,979.0,483.0,946.0,922.0,887.0,828.0,805.0,792.0,802.0,773.0,733.0,722.0,458.0,711.0,691.0,650.0,626.0,613.0,611.0,610.0,618.0,605.0,600.0,437.0,580.0,575.0,555.0,536.0,526.0,515.0,511.0,511.0,504.0,482.0,420.0,476.0,471.0,468.0,465.0,446.0,431.0,419.0,406.0,403.0,388.0,414.0,368.0,355.0,344.0,339.0,325.0,308.0,312.0,317.0,316.0,313.0,409.0,302.0,284.0,288.0,283.0,259.0,242.0,223.0,191.0,176.0,148.0,408.0,151.0,139.0,113.0,94.0,85.0,72.0,50.0,38.0,26.0,51.0
Amager Vest,2060,,,,,,,,,,,,,,,,,,,,,,,,,,,,,,,,,,,,,,,,,,,,,,,,,,,,,,,,,,,,,,,,,,,,,,,,,,,,,,,,,,,,,,,,,,,,,,,,,,,,,,,,,,,,,,,,,,,,,,,,,,,,,,,,,,,,,,,,,,,,,,,,,,,,,,,,,,,,,,,,,,,,,,,,,,,,,,,,,,,,,,,,,,,,,,,,,,,,,,,,,,,,,,,,,,,639.0,575.0,402.0,403.0,405.0,400.0,394.0,392.0,389.0,391.0,399.0,410.0,527.0,460.0,448.0,579.0,760.0,899.0,958.0,972.0,969.0,968.0,944.0,495.0,930.0,908.0,889.0,866.0,821.0,798.0,786.0,797.0,755.0,737.0,466.0,710.0,679.0,660.0,609.0,593.0,575.0,580.0,570.0,584.0,570.0,454.0,567.0,536.0,531.0,514.0,503.0,497.0,480.0,470.0,477.0,463.0,438.0,454.0,453.0,439.0,432.0,425.0,401.0,392.0,383.0,367.0,350.0,429.0,338.0,321.0,305.0,294.0,277.0,273.0,273.0,267.0,268.0,273.0,417.0,270.0,256.0,232.0,233.0,223.0,206.0,173.0,158.0,132.0,108.0,407.0,88.0,68.0,59.0,52.0,34.0,20.0,13.0,12.0,7.0,26.0,607.0,555.0,405.0,397.0,392.0,390.0,384.0,385.0,388.0,387.0,389.0,434.0,514.0,442.0,595.0,781.0,958.0,1083.0,1117.0,1097.0,1042.0,1016.0,980.0,480.0,949.0,924.0,891.0,859.0,797.0,781.0,757.0,781.0,733.0,717.0,456.0,706.0,687.0,666.0,634.0,613.0,599.0,593.0,592.0,606.0,587.0,435.0,585.0,572.0,555.0,539.0,525.0,513.0,499.0,502.0,502.0,487.0,418.0,468.0,468.0,462.0,458.0,452.0,442.0,425.0,413.0,404.0,402.0,412.0,383.0,361.0,349.0,342.0,332.0,319.0,303.0,304.0,312.0,308.0,407.0,299.0,292.0,276.0,275.0,267.0,245.0,228.0,205.0,182.0,157.0,406.0,142.0,131.0,118.0,99.0,90.0,76.0,55.0,39.0,27.0,53.0
Amager Øst,1986,137.0,129.0,,,,,0.0,,0.0,0.0,0.0,0.0,0.0,,32.0,27.0,,,,,5.0,,,0.0,,,,,47.0,37.0,74.0,86.0,220.0,158.0,227.0,147.0,147.0,71.0,,,,,28.0,14.0,,12.0,228.0,210.0,169.0,143.0,,86.0,60.0,75.0,121.0,393.0,1421.0,1428.0,1609.0,1776.0,4807.0,4900.0,2954.0,2411.0,2102.0,1893.0,1951.0,2179.0,4888.0,8267.0,,,,,,,,,,,,,,,,,,,,,,,,,,,,,,,,,,,,,,,,,,,,,,,,,,,,,,,,,,,,,,,,,,,,,,,,,,,,,,,,,,,,,,,,,,,,,,,,,,,,,,,,,,,,,,,,,,,,,,,,,,,,,,,,,,,,,,,,,,,,,,,,,,,,,,,,,,,,,,,,,,,,,,,,,,,,,,,,,,,,,,,,,,,,,,,,,,,,,,,,,,,,,,,,,,,,,,,,,,,,,,,,,,,,,,,,,,,,,,,,,,,,,,,,,,,,,,,,,,,,,,,,,,,,,,,,,,,,,,,,,,,,,,,,,,,,,,,,,,,,,,,,,,,,,,,,,,,,,,,,,,,,,,,,,,,,,,,,,,,,
Amager Øst,1987,127.0,126.0,36.0,31.0,0.0,,0.0,0.0,0.0,0.0,0.0,0.0,0.0,,31.0,26.0,12.0,12.0,17.0,,5.0,6.0,3.0,0.0,6.0,4.0,3.0,,42.0,40.0,90.0,106.0,268.0,161.0,225.0,157.0,162.0,82.0,49.0,34.0,23.0,32.0,27.0,17.0,18.0,15.0,210.0,198.0,181.0,152.0,115.0,96.0,52.0,79.0,111.0,367.0,1369.0,1405.0,1540.0,1685.0,4884.0,5098.0,2956.0,2381.0,2183.0,1987.0,1860.0,2032.0,4730.0,8042.0,,,,,,,,,,,,,,,,,,,,,,,,,,,,,,,1554456.0,83528.0,18610.0,1471977.0,69348.0,21226.0,2015242.0,147973.0,13619.0,1416960.0,115050.0,12316.0,1663840.0,89042.0,18686.0,1777063.0,82785.0,21466.0,2614378.0,140520.0,18605.0,2191694.0,103348.0,21207.0,2174846.0,119313.0,18228.0,1863718.0,89684.0,20781.0,,,,,,,,,,,,,,,,,,,,,,,,,,,,,,,,,,,,,,,,,,,,,,,,,,,,,,,,,,,,,,,,,,,,,,,,,,,,,,,,,,,,,,,,,,,,,,,,,,,,,,,,,,,,,,,,,,,,,,,,,,,,,,,,,,,,,,,,,,,,,,,,,,,,,,,,,,,,,,,,,,,,,,,,,,,,,,,,,,,,,,,,,,,,,,,,,,,,,,,,,,,,,,,,,,,,,,,,,,,,,,,,,,,,,,,,,,,,,,,,,,,,,,,,,,,,,,,,,,,,,,,,,,,,,,,,,,,,,,,,
Amager Øst,1988,144.0,138.0,41.0,37.0,0.0,,0.0,0.0,0.0,0.0,0.0,0.0,0.0,,31.0,28.0,11.0,10.0,15.0,,8.0,9.0,3.0,0.0,7.0,4.0,3.0,,58.0,47.0,92.0,100.0,322.0,194.0,247.0,164.0,178.0,93.0,57.0,27.0,24.0,40.0,17.0,10.0,24.0,19.0,210.0,198.0,162.0,143.0,119.0,106.0,56.0,77.0,95.0,362.0,1399.0,1367.0,1458.0,1574.0,5021.0,5141.0,2964.0,2357.0,2230.0,2025.0,1774.0,1921.0,4590.0,7827.0,,,,,,,,,,,,,,,,,,,,,,,,,,,,,,,1627224.0,87358.0,18627.0,1556615.0,73108.0,21292.0,2120532.0,156809.0,13523.0,1513832.0,122241.0,12384.0,1747795.0,93620.0,18669.0,1869203.0,87090.0,21463.0,2754229.0,148596.0,18535.0,2344418.0,110409.0,21234.0,2301606.0,126261.0,18229.0,1990491.0,95221.0,20904.0,,,,,,,,,,,,,,,,,,,,,,,,,,,,,,,,,,,,,,,,,,,,,,,,,,,,,,,,,,,,,,,,,,,,,,,,,,,,,,,,,,,,,,,,,,,,,,,,,,,,,,,,,,,,,,,,,,,,,,,,,,,,,,,,,,,,,,,,,,,,,,,,,,,,,,,,,,,,,,,,,,,,,,,,,,,,,,,,,,,,,,,,,,,,,,,,,,,,,,,,,,,,,,,,,,,,,,,,,,,,,,,,,,,,,,,,,,,,,,,,,,,,,,,,,,,,,,,,,,,,,,,,,,,,,,,,,,,,,,,,
Amager Øst,1989,153.0,140.0,53.0,41.0,0.0,,0.0,0.0,0.0,0.0,0.0,0.0,0.0,,31.0,33.0,,,14.0,,7.0,7.0,,,,,,,48.0,46.0,86.0,87.0,334.0,208.0,253.0,187.0,190.0,98.0,,,,,9.0,14.0,,,218.0,190.0,169.0,147.0,,,59.0,84.0,90.0,332.0,1430.0,1371.0,1381.0,1517.0,5113.0,5386.0,2985.0,2404.0,2290.0,2054.0,1719.0,1844.0,4403.0,7566.0,,,,,,,,,,,,,,,,,,,,,,,,,,,,,,,1687278.0,90330.0,18679.0,1629012.0,76996.0,21157.0,2156091.0,161179.0,13377.0,1554027.0,126549.0,12280.0,1817210.0,97042.0,18726.0,1945243.0,91270.0,21313.0,2841536.0,153323.0,18533.0,2446862.0,116042.0,21086.0,2375680.0,131318.0,18091.0,2068626.0,100487.0,20586.0,,,,,,,,,,,,,,,,,,,,,,,,,,,,,,,,,,,,,,,,,,,,,,,,,,,,,,,,,,,,,,,,,,,,,,,,,,,,,,,,,,,,,,,,,,,,,,,,,,,,,,,,,,,,,,,,,,,,,,,,,,,,,,,,,,,,,,,,,,,,,,,,,,,,,,,,,,,,,,,,,,,,,,,,,,,,,,,,,,,,,,,,,,,,,,,,,,,,,,,,,,,,,,,,,,,,,,,,,,,,,,,,,,,,,,,,,,,,,,,,,,,,,,,,,,,,,,,,,,,,,,,,,,,,,,,,,,,,,,,,
Amager Øst,1990,166.0,149.0,,,,,0.0,0.0,0.0,0.0,0.0,,,,39.0,42.0,,,,,5.0,7.0,,,,,,,,,77.0,101.0,389.0,262.0,267.0,191.0,213.0,105.0,,,27.0,47.0,,,,,213.0,191.0,175.0,158.0,,,57.0,82.0,91.0,312.0,1496.0,1377.0,1375.0,1560.0,5212.0,5406.0,2995.0,2452.0,2394.0,2092.0,1657.0,1751.0,4232.0,7288.0,,,,,,,,,,,,,,,,,,,,,,,,,,,,,,,1729606.0,92815.0,18635.0,1662855.0,79414.0,20939.0,2186603.0,163484.0,13375.0,1598014.0,129719.0,12319.0,1861844.0,99649.0,18684.0,1979972.0,93918.0,21082.0,2904982.0,156586.0,18552.0,2501899.0,119840.0,20877.0,2412695.0,134150.0,17985.0,2102399.0,103419.0,20329.0,,,,,,,,,,,,,,,,,,,,,,,,,,,,,,,,,,,,,,,,,,,,,,,,,,,,,,,,,,,,,,,,,,,,,,,,,,,,,,,,,,,,,,,,,,,,,,,,,,,,,,,,,,,,,,,,,,,,,,,,,,,,,,,,,,,,,,,,,,,,,,,,,,,,,,,,,,,,,,,,,,,,,,,,,,,,,,,,,,,,,,,,,,,,,,,,,,,,,,,,,,,,,,,,,,,,,,,,,,,,,,,,,,,,,,,,,,,,,,,,,,,,,,,,,,,,,,,,,,,,,,,,,,,,,,,,,,,,,,,,
Amager Øst,1991,169.0,172.0,,,0.0,4.0,0.0,0.0,0.0,0.0,0.0,0.0,,,28.0,35.0,,,14.0,34.0,7.0,6.0,,,3.0,3.0,,,66.0,45.0,87.0,98.0,456.0,301.0,356.0,218.0,196.0,111.0,75.0,50.0,35.0,50.0,15.0,17.0,,,228.0,204.0,160.0,146.0,,,55.0,78.0,90.0,291.0,1509.0,1429.0,1379.0,1539.0,5250.0,5423.0,3066.0,2449.0,2397.0,2127.0,1586.0,1706.0,3997.0,7011.0,,,,,,,,,,,,,,,,,,,,,,,,,,,,,,,1751292.0,94247.0,18582.0,1687213.0,81272.0,20760.0,2189548.0,165913.0,13197.0,1616462.0,131602.0,12283.0,1883482.0,101083.0,18633.0,1995718.0,95402.0,20919.0,2964495.0,159622.0,18572.0,2568542.0,123869.0,20736.0,2444518.0,136894.0,17857.0,2143212.0,106622.0,20101.0,,,,,,,,,,,,,,,,,,,,,,,,,,,,,,,,,,,,,,,,,,,,,,,,,,,,,,,,,,,,,,,,,,,,,,,,,,,,,,,,,,,,,,,,,,,,,,,,,,,,,,,,,,,,,,,,,,,,,,,,,,,,,,,,,,,,,,,,,,,,,,,,,,,,,,,,,,,,,,,,,,,,,,,,,,,,,,,,,,,,,,,,,,,,,,,,,,,,,,,,,,,,,,,,,,,,,,,,,,,,,,,,,,,,,,,,,,,,,,,,,,,,,,,,,,,,,,,,,,,,,,,,,,,,,,,,,,,,,,,,
Amager Øst,1992,189.0,184.0,82.0,72.0,,,0.0,0.0,0.0,0.0,0.0,0.0,,,33.0,35.0,,14.0,,,7.0,10.0,,0.0,5.0,5.0,,,68.0,52.0,96.0,96.0,510.0,367.0,407.0,253.0,198.0,119.0,90.0,54.0,36.0,52.0,17.0,17.0,,11.0,214.0,188.0,167.0,135.0,,114.0,62.0,78.0,88.0,268.0,1610.0,1487.0,1278.0,1466.0,5333.0,5491.0,3002.0,2486.0,2462.0,2144.0,1600.0,1679.0,3790.0,6735.0,,,,,,,,,,,,,,,,,,,,,,,,,,,,,,,1811395.0,97115.0,18652.0,1735629.0,84508.0,20538.0,2223208.0,168068.0,13228.0,1653667.0,134905.0,12258.0,1947484.0,104121.0,18704.0,2050673.0,99052.0,20703.0,3042346.0,163269.0,18634.0,2632592.0,128325.0,20515.0,2524173.0,141363.0,17856.0,2200081.0,110746.0,19866.0,,,,,,,,,,,,,,,,,,,,,,,,,,,,,,,,,,,,,,,,,,,,,,,,,,,,,,,,,,,,,,,,,,,,,,,,,,,,,,,,,,,,,,,,,,,,,,,,,,,,,,,,,,,,,,,,,,,,,,,,,,,,,,,,,,,,,,,,,,,,,,,,,,,,,,,,,,,,,,,,,,,,,,,,,,,,,,,,,,,,,,,,,,,,,,,,,,,,,,,,,,,,,,,,,,,,,,,,,,,,,,,,,,,,,,,,,,,,,,,,,,,,,,,,,,,,,,,,,,,,,,,,,,,,,,,,,,,,,,,,
Amager Øst,1993,221.0,206.0,89.0,78.0,,,,,0.0,0.0,0.0,0.0,,,30.0,36.0,,15.0,,,,,,0.0,3.0,0.0,,,85.0,50.0,105.0,113.0,527.0,404.0,455.0,263.0,194.0,130.0,94.0,55.0,42.0,52.0,16.0,16.0,,15.0,210.0,191.0,184.0,148.0,,112.0,68.0,82.0,85.0,256.0,1721.0,1539.0,1241.0,1408.0,5330.0,5512.0,3179.0,2553.0,2489.0,2170.0,1617.0,1673.0,3566.0,6378.0,,,,,,,,,,,,,,,,,,,,,,,,,,,,,,,1873716.0,99254.0,18878.0,1779029.0,86583.0,20547.0,2216840.0,167866.0,13206.0,1657543.0,137271.0,12075.0,2009861.0,106061.0,18950.0,2097461.0,101273.0,20711.0,3080739.0,163330.0,18862.0,2670239.0,130179.0,20512.0,2543641.0,141944.0,17920.0,2225833.0,112638.0,19761.0,,,,,,,,,,,,,,,,,,,,,,,,,,,,,,,,,,,,,,,,,,,,,,,,,,,,,,,,,,,,,,,,,,,,,,,,,,,,,,,,,,,,,,,,,,,,,,,,,,,,,,,,,,,,,,,,,,,,,,,,,,,,,,,,,,,,,,,,,,,,,,,,,,,,,,,,,,,,,,,,,,,,,,,,,,,,,,,,,,,,,,,,,,,,,,,,,,,,,,,,,,,,,,,,,,,,,,,,,,,,,,,,,,,,,,,,,,,,,,,,,,,,,,,,,,,,,,,,,,,,,,,,,,,,,,,,,,,,,,,,
Amager Øst,1994,259.0,228.0,78.0,81.0,,,,,0.0,0.0,0.0,0.0,,,41.0,35.0,,,,,,,,,,0.0,,,80.0,41.0,115.0,121.0,513.0,424.0,531.0,297.0,217.0,131.0,91.0,,45.0,,16.0,26.0,,,206.0,218.0,183.0,143.0,,,,,83.0,250.0,1800.0,1617.0,1240.0,1352.0,5329.0,5588.0,3365.0,2636.0,2495.0,2177.0,1684.0,1679.0,3446.0,6163.0,,,,,,,,,,,,,,,,,,,,,,,,,,,,,,,1990899.0,104400.0,19070.0,1889070.0,92145.0,20501.0,2352408.0,171171.0,13743.0,1704227.0,136001.0,12531.0,2142090.0,111911.0,19141.0,2207977.0,106991.0,20637.0,3283466.0,172424.0,19043.0,2908105.0,142025.0,20476.0,2783116.0,147146.0,18914.0,2480317.0,122111.0,20312.0,,,,,,,,,,,,,,,,,,,,,,,,,,,,,,,,,,,,,,,,,,,,,,,,,,,,,,,,,,,,,,,,,,,,,,,,,,,,,,,,,,,,,,,,,,,,,,,,,,,,,,,,,,,,,,,,,,,,,,,,,,,,,,,,,,,,,,,,,,,,,,,,,,,,,,,,,,,,,,,,,,,,,,,,,,,,,,,,,,,,,,,,,,,,,,,,,,,,,,,,,,,,,,,,,,,,,,,,,,,,,,,,,,,,,,,,,,,,,,,,,,,,,,,,,,,,,,,,,,,,,,,,,,,,,,,,,,,,,,,,
Amager Øst,1995,292.0,266.0,88.0,83.0,,,,,,0.0,0.0,0.0,,,46.0,37.0,,,,,,,,3.0,,,,,67.0,51.0,109.0,118.0,487.0,454.0,579.0,331.0,224.0,144.0,111.0,74.0,50.0,62.0,24.0,17.0,,,226.0,211.0,201.0,162.0,138.0,119.0,,,81.0,236.0,1876.0,1673.0,1222.0,1305.0,5394.0,5531.0,3456.0,2788.0,2505.0,2167.0,1714.0,1736.0,3339.0,5877.0,,,,,,,,,,,,,,,,,,,,,,,,,,,,,,,2087856.0,108629.0,19220.0,1960594.0,96084.0,20405.0,2462394.0,178784.0,13773.0,1773562.0,143795.0,12334.0,2247537.0,116477.0,19296.0,2287174.0,111401.0,20531.0,3397317.0,177184.0,19174.0,2982718.0,146377.0,20377.0,2856753.0,150768.0,18948.0,2513655.0,124797.0,20142.0,,,,,,,,,,,,,,,,,,,,,,,,,,,,,,,,,,,,,,,,,,,,,,,,,,,,,,,,,,,,,,,,,,,,,,,,,,,,,,,,,,,,,,,,,,,,,,,,,,,,,,,,,,,,,,,,,,,,,,,,,,,,,,,,,,,,,,,,,,,,,,,,,,,,,,,,,,,,,,,,,,,,,,,,,,,,,,,,,,,,,,,,,,,,,,,,,,,,,,,,,,,,,,,,,,,,,,,,,,,,,,,,,,,,,,,,,,,,,,,,,,,,,,,,,,,,,,,,,,,,,,,,,,,,,,,,,,,,,,,,
Amager Øst,1996,302.0,294.0,92.0,78.0,,,,,,0.0,0.0,0.0,,,44.0,35.0,20.0,13.0,,,,,,6.0,0.0,0.0,,,65.0,58.0,134.0,126.0,501.0,468.0,589.0,352.0,251.0,169.0,134.0,85.0,62.0,79.0,29.0,23.0,23.0,27.0,224.0,224.0,229.0,172.0,156.0,126.0,80.0,91.0,84.0,231.0,1902.0,1729.0,1163.0,1215.0,5421.0,5584.0,3598.0,2908.0,2512.0,2104.0,1813.0,1826.0,3187.0,5573.0,,,,,,,,,,,,,,,,,,,,,,,,,,,,,,,2171463.0,112302.0,19336.0,2026466.0,99410.0,20385.0,2585203.0,179803.0,14378.0,1863118.0,148302.0,12563.0,2335941.0,120397.0,19402.0,2348872.0,114546.0,20506.0,3517008.0,182304.0,19292.0,3073539.0,150937.0,20363.0,2943724.0,154210.0,19089.0,2575746.0,127797.0,20155.0,,,,,,,,,,,,,,,,,,,,,,,,,,,,,,,,,,,,,,,,,,,,,,,,,,,,,,,,,,,,,,,,,,,,,,,,,,,,,,,,,,,,,,,,,,,,,,,,,,,,,,,,,,,,,,,,,,,,,,,,,,,,,,,,,,,,,,,,,,,,,,,,,,,,,,,,,,,,,,,,,,,,,,,,,,,,,,,,,,,,,,,,,,,,,,,,,,,,,,,,,,,,,,,,,,,,,,,,,,,,,,,,,,,,,,,,,,,,,,,,,,,,,,,,,,,,,,,,,,,,,,,,,,,,,,,,,,,,,,,,
Amager Øst,1997,332.0,315.0,102.0,90.0,,,,,,0.0,0.0,0.0,,,56.0,41.0,,,,,,,,5.0,,,,,71.0,69.0,142.0,156.0,502.0,490.0,632.0,359.0,276.0,207.0,156.0,105.0,66.0,83.0,24.0,25.0,,,257.0,254.0,251.0,185.0,159.0,133.0,,,79.0,218.0,1959.0,1725.0,1135.0,1202.0,5312.0,5537.0,3752.0,3015.0,2484.0,2063.0,1930.0,1903.0,3018.0,5336.0,,,,,,,,,,,,,,,,,,,,,,,,,,,,,,,2230541.0,115071.0,19384.0,2075408.0,101641.0,20419.0,2713744.0,186000.0,14590.0,1956822.0,152948.0,12794.0,2393483.0,122926.0,19471.0,2409072.0,117310.0,20536.0,3619716.0,187288.0,19327.0,3148869.0,154409.0,20393.0,2995246.0,157289.0,19043.0,2607438.0,129614.0,20117.0,,,,,,,,,,,,,,,,,,,,,,,,,,,,,,,,,,,,,,,,,,,,,,,,,,,,,,,,,,,,,,,,,,,,,,,,,,,,,,,,,,,,,,,,,,,,,,,,,,,,,,,,,,,,,,,,,,,,,,,,,,,,,,,,,,,,,,,,,,,,,,,,,,,,,,,,,,,,,,,,,,,,,,,,,,,,,,,,,,,,,,,,,,,,,,,,,,,,,,,,,,,,,,,,,,,,,,,,,,,,,,,,,,,,,,,,,,,,,,,,,,,,,,,,,,,,,,,,,,,,,,,,,,,,,,,,,,,,,,,,
Amager Øst,1998,360.0,344.0,113.0,93.0,,,,,0.0,0.0,0.0,0.0,,,57.0,40.0,,,,,,,9.0,5.0,,,,,75.0,69.0,155.0,147.0,507.0,501.0,675.0,386.0,278.0,216.0,155.0,105.0,74.0,87.0,24.0,20.0,,,292.0,274.0,252.0,194.0,167.0,123.0,,,78.0,206.0,1947.0,1761.0,1124.0,1164.0,5284.0,5627.0,3812.0,3081.0,2395.0,2022.0,2004.0,1944.0,2924.0,5117.0,,,,,,,,,,,,,,,,,,,,,,,,,,,,,,,2359394.0,121019.0,19496.0,2186253.0,106299.0,20567.0,2906301.0,193354.0,15031.0,2098903.0,156857.0,13381.0,2523983.0,129051.0,19558.0,2539009.0,122889.0,20661.0,3811881.0,195792.0,19469.0,3292636.0,160218.0,20551.0,3140260.0,162338.0,19344.0,2709306.0,132835.0,20396.0,0.0,0.0,7219.0,8200.0,0.0,0.0,0.0,0.0,0.0,0.0,0.0,0.0,0.0,0.0,0.0,0.0,2617.0,2959.0,0.0,0.0,0.0,0.0,150.0,838.0,0.0,0.0,0.0,0.0,0.0,0.0,0.0,0.0,0.0,0.0,0.0,0.0,602.0,918.0,0.0,0.0,0.0,0.0,15.0,344.0,0.0,0.0,0.0,0.0,0.0,0.0,0.0,0.0,0.0,0.0,0.0,0.0,253.0,794.0,0.0,0.0,0.0,0.0,5.0,55.0,0.0,0.0,0.0,0.0,0.0,0.0,0.0,0.0,0.0,0.0,0.0,0.0,39.0,222.0,0.0,0.0,,,,,,,,,,,,,,,,,,,,,,,,,,,,,,,,,,,,,,,,,,,,,,,,,,,,,,,,,,,,,,,,,,,,,,,,,,,,,,,,,,,,,,,,,,,,,,,,,,,,,,,,,,,,,,,,,,,,,,,,,,,,,,,,,,,,,,,,,,,,,,,,,,,,,,,,,,,,,,,,,,,,,,,,,,,,,,,,,,,,,,,,,,,,,,,,,,,,,,,,
Amager Øst,1999,419.0,369.0,114.0,102.0,,,0.0,,0.0,0.0,0.0,0.0,,,59.0,55.0,19.0,17.0,,,7.0,,9.0,4.0,3.0,0.0,,,66.0,56.0,150.0,145.0,522.0,510.0,681.0,422.0,282.0,224.0,174.0,124.0,84.0,96.0,19.0,18.0,24.0,33.0,252.0,298.0,299.0,189.0,169.0,131.0,110.0,101.0,77.0,200.0,1964.0,1752.0,1090.0,1175.0,5399.0,5828.0,3856.0,3112.0,2366.0,1991.0,2042.0,1961.0,2825.0,4944.0,,,,,,,,,,,,,,,,,,,,,,,,,,,,,,,2466989.0,126837.0,19450.0,2273722.0,110017.0,20667.0,3108124.0,204522.0,15197.0,2227899.0,162668.0,13696.0,2630302.0,134777.0,19516.0,2643768.0,127269.0,20773.0,3991040.0,205533.0,19418.0,3412971.0,165373.0,20638.0,3293455.0,171186.0,19239.0,2812901.0,137698.0,20428.0,0.0,0.0,7196.0,8147.0,0.0,0.0,0.0,0.0,0.0,0.0,0.0,0.0,0.0,0.0,0.0,0.0,2655.0,2883.0,0.0,0.0,0.0,0.0,135.0,812.0,0.0,0.0,0.0,0.0,0.0,0.0,0.0,0.0,0.0,0.0,0.0,0.0,585.0,908.0,0.0,0.0,0.0,0.0,21.0,357.0,0.0,0.0,0.0,0.0,0.0,0.0,0.0,0.0,0.0,0.0,0.0,0.0,254.0,821.0,0.0,0.0,0.0,0.0,3.0,52.0,0.0,0.0,0.0,0.0,0.0,0.0,0.0,0.0,0.0,0.0,0.0,0.0,49.0,232.0,0.0,0.0,,,,,,,,,,,,,,,,,,,,,,,,,,,,,,,,,,,,,,,,,,,,,,,,,,,,,,,,,,,,,,,,,,,,,,,,,,,,,,,,,,,,,,,,,,,,,,,,,,,,,,,,,,,,,,,,,,,,,,,,,,,,,,,,,,,,,,,,,,,,,,,,,,,,,,,,,,,,,,,,,,,,,,,,,,,,,,,,,,,,,,,,,,,,,,,,,,,,,,,,
Amager Øst,2000,446.0,392.0,123.0,111.0,,,,,0.0,0.0,0.0,0.0,,,62.0,49.0,18.0,18.0,,,,,7.0,7.0,3.0,0.0,,,60.0,49.0,140.0,145.0,483.0,495.0,671.0,442.0,302.0,227.0,183.0,125.0,87.0,107.0,18.0,25.0,22.0,34.0,276.0,347.0,282.0,195.0,164.0,131.0,117.0,106.0,77.0,192.0,2002.0,1781.0,1129.0,1163.0,5467.0,6070.0,3846.0,3133.0,2320.0,1957.0,2090.0,1987.0,2703.0,4770.0,,,,,,,,,,,,,,,,,,,,,,,,,,,,,,,2614131.0,132697.0,19700.0,2389286.0,114892.0,20796.0,3332747.0,214463.0,15540.0,2388759.0,169825.0,14066.0,2789059.0,140911.0,19793.0,2779214.0,132843.0,20921.0,4230629.0,215266.0,19653.0,3585938.0,172683.0,20766.0,3421910.0,176651.0,19371.0,2903237.0,141594.0,20504.0,0.0,0.0,7147.0,8118.0,0.0,0.0,0.0,0.0,0.0,0.0,0.0,0.0,0.0,0.0,0.0,0.0,2703.0,2828.0,0.0,0.0,0.0,0.0,142.0,802.0,0.0,0.0,0.0,0.0,0.0,0.0,0.0,0.0,0.0,0.0,0.0,0.0,578.0,886.0,0.0,0.0,0.0,0.0,19.0,354.0,0.0,0.0,0.0,0.0,0.0,0.0,0.0,0.0,0.0,0.0,0.0,0.0,292.0,886.0,0.0,0.0,0.0,0.0,2.0,67.0,0.0,0.0,0.0,0.0,0.0,0.0,0.0,0.0,0.0,0.0,0.0,0.0,46.0,231.0,0.0,0.0,,,,,,,,,,,,,,,,,,,,,,,,,,,,,,,,,,,,,,,,,,,,,,,,,,,,,,,,,,,,,,,,,,,,,,,,,,,,,,,,,,,,,,,,,,,,,,,,,,,,,,,,,,,,,,,,,,,,,,,,,,,,,,,,,,,,,,,,,,,,,,,,,,,,,,,,,,,,,,,,,,,,,,,,,,,,,,,,,,,,,,,,,,,,,,,,,,,,,,,,
Amager Øst,2001,474.0,400.0,138.0,124.0,82.0,91.0,,,,0.0,0.0,0.0,,,58.0,51.0,22.0,18.0,46.0,37.0,,,,7.0,4.0,0.0,,,56.0,44.0,162.0,161.0,449.0,491.0,667.0,478.0,366.0,259.0,188.0,129.0,100.0,116.0,24.0,23.0,20.0,35.0,278.0,330.0,274.0,224.0,149.0,122.0,127.0,108.0,81.0,196.0,2043.0,1813.0,1148.0,1144.0,5654.0,6205.0,3914.0,3213.0,2343.0,1944.0,2111.0,2052.0,2666.0,4613.0,,,,,,,,,,,,,,,,,,,,,,,,,,,,,,,2693407.0,137237.0,19626.0,2488034.0,119222.0,20869.0,3477553.0,223810.0,15538.0,2537081.0,177916.0,14260.0,2878125.0,145868.0,19731.0,2889618.0,137778.0,20973.0,4386761.0,224318.0,19556.0,3766238.0,180748.0,20837.0,3550375.0,184886.0,19203.0,3049039.0,148531.0,20528.0,0.0,0.0,7068.0,8022.0,0.0,0.0,0.0,0.0,0.0,0.0,0.0,0.0,0.0,0.0,0.0,0.0,2897.0,2765.0,0.0,0.0,0.0,0.0,133.0,843.0,0.0,0.0,0.0,0.0,0.0,0.0,0.0,0.0,0.0,0.0,0.0,0.0,617.0,869.0,0.0,0.0,0.0,0.0,19.0,352.0,0.0,0.0,0.0,0.0,0.0,0.0,0.0,0.0,0.0,0.0,0.0,0.0,276.0,930.0,0.0,0.0,0.0,0.0,1.0,71.0,0.0,0.0,0.0,0.0,0.0,0.0,0.0,0.0,0.0,0.0,0.0,0.0,51.0,223.0,0.0,0.0,,,,,,,,,,,,,,,,,,,,,,,,,,,,,,,,,,,,,,,,,,,,,,,,,,,,,,,,,,,,,,,,,,,,,,,,,,,,,,,,,,,,,,,,,,,,,,,,,,,,,,,,,,,,,,,,,,,,,,,,,,,,,,,,,,,,,,,,,,,,,,,,,,,,,,,,,,,,,,,,,,,,,,,,,,,,,,,,,,,,,,,,,,,,,,,,,,,,,,,,
Amager Øst,2002,498.0,422.0,138.0,142.0,98.0,108.0,,,,0.0,0.0,0.0,,,60.0,56.0,,14.0,43.0,37.0,,,,10.0,,0.0,,,52.0,44.0,167.0,166.0,401.0,491.0,614.0,491.0,381.0,279.0,180.0,132.0,106.0,115.0,20.0,22.0,,29.0,306.0,369.0,263.0,217.0,154.0,132.0,,115.0,83.0,182.0,2045.0,1832.0,1188.0,1203.0,5692.0,6209.0,3888.0,3265.0,2324.0,1980.0,2147.0,2027.0,2642.0,4470.0,,,,,,,,,,,,,,,,,,,,,,,,,,,,,,,2809087.0,143175.0,19620.0,2608910.0,125314.0,20819.0,3530123.0,229378.0,15390.0,2612639.0,181913.0,14362.0,3013137.0,152757.0,19725.0,3027784.0,144842.0,20904.0,4479194.0,228986.0,19561.0,3881625.0,186760.0,20784.0,3615739.0,188575.0,19174.0,3120508.0,152525.0,20459.0,0.0,0.0,6981.75,7805.75,0.0,0.0,0.0,0.0,0.0,0.0,0.0,0.0,0.0,0.0,0.0,0.0,2916.75,2750.25,0.0,0.0,0.0,0.0,143.25,826.25,0.0,0.0,0.0,0.0,0.0,0.0,0.0,0.0,0.0,0.0,0.0,0.0,637.5,897.75,0.0,0.0,0.0,0.0,21.75,369.25,0.0,0.0,0.0,0.0,0.0,0.0,0.0,0.0,0.0,0.0,0.0,0.0,290.25,920.0,0.0,0.0,0.0,0.0,1.75,85.5,0.0,0.0,0.0,0.0,0.0,0.0,0.0,0.0,0.0,0.0,0.0,0.0,46.5,237.75,0.0,0.0,,,,,,,,,,,,,,,,,,,,,,,,,,,,,,,,,,,,,,,,,,,,,,,,,,,,,,,,,,,,,,,,,,,,,,,,,,,,,,,,,,,,,,,,,,,,,,,,,,,,,,,,,,,,,,,,,,,,,,,,,,,,,,,,,,,,,,,,,,,,,,,,,,,,,,,,,,,,,,,,,,,,,,,,,,,,,,,,,,,,,,,,,,,,,,,,,,,,,,,,
Amager Øst,2003,490.0,443.0,153.0,154.0,105.0,115.0,,,,0.0,0.0,0.0,,,54.0,54.0,,,42.0,40.0,,,,10.0,,,,,44.0,44.0,166.0,164.0,412.0,502.0,588.0,527.0,380.0,297.0,191.0,140.0,127.0,114.0,28.0,25.0,,,327.0,391.0,266.0,210.0,151.0,144.0,,,87.0,182.0,2001.0,1870.0,1254.0,1191.0,5487.0,6112.0,4062.0,3439.0,2386.0,2005.0,2099.0,1996.0,2624.0,4283.0,,,,,,,,,,,,,,,,,,,,,,,,,,,,,,,2894983.0,146879.0,19710.0,2727524.0,130961.0,20827.0,3532166.0,231466.0,15260.0,2677499.0,185718.0,14417.0,3114487.0,157258.0,19805.0,3152123.0,150574.0,20934.0,4535996.0,230887.0,19646.0,4013716.0,193060.0,20790.0,3672007.0,190744.0,19251.0,3228057.0,157774.0,20460.0,0.0,0.0,6980.0,7755.0,0.0,0.0,0.0,0.0,0.0,0.0,0.0,0.0,0.0,0.0,0.0,0.0,2922.25,2701.5,0.0,0.0,0.0,0.0,155.5,856.0,0.0,0.0,0.0,0.0,0.0,0.0,0.0,0.0,0.0,0.0,0.0,0.0,636.0,921.5,0.0,0.0,0.0,0.0,22.75,369.0,0.0,0.0,0.0,0.0,0.0,0.0,0.0,0.0,0.0,0.0,0.0,0.0,292.25,938.5,0.0,0.0,0.0,0.0,3.0,88.75,0.0,0.0,0.0,0.0,0.0,0.0,0.0,0.0,0.0,0.0,0.0,0.0,42.75,246.25,0.0,0.0,,,,,,,,,,,,,,,,,,,,,,,,,,,,,,,,,,,,,,,,,,,,,,,,,,,,,,,,,,,,,,,,,,,,,,,,,,,,,,,,,,,,,,,,,,,,,,,,,,,,,,,,,,,,,,,,,,,,,,,,,,,,,,,,,,,,,,,,,,,,,,,,,,,,,,,,,,,,,,,,,,,,,,,,,,,,,,,,,,,,,,,,,,,,,,,,,,,,,,,,
Amager Øst,2004,462.0,444.0,180.0,177.0,106.0,136.0,,,,,0.0,0.0,,,54.0,58.0,28.0,19.0,37.0,35.0,,,,,3.0,3.0,,,37.0,39.0,171.0,138.0,440.0,497.0,576.0,543.0,404.0,296.0,186.0,147.0,132.0,121.0,24.0,23.0,21.0,38.0,328.0,387.0,265.0,213.0,165.0,135.0,132.0,119.0,89.0,180.0,2042.0,1945.0,1276.0,1240.0,5276.0,5982.0,4180.0,3540.0,2441.0,2038.0,2075.0,1990.0,2627.0,4193.0,,,,,,,,,,,,,,,,,,,,,,,,,,,,,,,3074111.0,155415.0,19780.0,2867419.0,138082.0,20766.0,3693561.0,241299.0,15307.0,2779065.0,192190.0,14460.0,3314997.0,166952.0,19856.0,3309994.0,158791.0,20845.0,4696950.0,238739.0,19674.0,4132776.0,199401.0,20726.0,3772368.0,195470.0,19299.0,3300022.0,161750.0,20402.0,0.0,0.0,6985.5,7688.0,0.0,0.0,0.0,0.0,0.0,0.0,0.0,0.0,0.0,0.0,0.0,0.0,2864.0,2640.0,0.0,0.0,0.0,0.0,169.5,865.5,0.0,0.0,0.0,0.0,0.0,0.0,0.0,0.0,0.0,0.0,0.0,0.0,654.75,933.25,0.0,0.0,0.0,0.0,27.75,391.75,0.0,0.0,0.0,0.0,0.0,0.0,0.0,0.0,0.0,0.0,0.0,0.0,283.5,981.5,0.0,0.0,0.0,0.0,4.0,91.5,0.0,0.0,0.0,0.0,0.0,0.0,0.0,0.0,0.0,0.0,0.0,0.0,47.5,250.0,0.0,0.0,,,,,,,,,,,,,,,,,,,,,,,,,,,,,,,,,,,,,,,,,,,,,,,,,,,,,,,,,,,,,,,,,,,,,,,,,,,,,,,,,,,,,,,,,,,,,,,,,,,,,,,,,,,,,,,,,,,,,,,,,,,,,,,,,,,,,,,,,,,,,,,,,,,,,,,,,,,,,,,,,,,,,,,,,,,,,,,,,,,,,,,,,,,,,,,,,,,,,,,,
Amager Øst,2005,426.0,433.0,209.0,192.0,111.0,123.0,,,0.0,,,0.0,,,53.0,55.0,34.0,18.0,38.0,44.0,,,12.0,,,3.0,,,33.0,37.0,176.0,127.0,403.0,500.0,557.0,545.0,408.0,308.0,205.0,155.0,136.0,117.0,25.0,19.0,23.0,29.0,343.0,429.0,324.0,232.0,164.0,130.0,135.0,116.0,90.0,182.0,2060.0,1973.0,1357.0,1284.0,5102.0,5751.0,4227.0,3700.0,2501.0,2086.0,2076.0,1978.0,2618.0,4107.0,,,,,,,,,,,,,,,,,,,,,,,,,,,,,,,3199042.0,163291.0,19591.0,2955242.0,143069.0,20656.0,3841779.0,249742.0,15383.0,2886889.0,196160.0,14717.0,3442032.0,174785.0,19693.0,3425609.0,165034.0,20757.0,4854039.0,248798.0,19510.0,4236755.0,205478.0,20619.0,3851393.0,202205.0,19047.0,3361322.0,166246.0,20219.0,0.0,0.0,7048.25,7690.5,0.0,0.0,0.0,0.0,0.0,0.0,0.0,0.0,0.0,0.0,0.0,0.0,2954.5,2592.0,0.0,0.0,0.0,0.0,174.0,896.5,0.0,0.0,0.0,0.0,0.0,0.0,0.0,0.0,0.0,0.0,0.0,0.0,609.75,944.75,0.0,0.0,0.0,0.0,31.5,397.25,0.0,0.0,0.0,0.0,0.0,0.0,0.0,0.0,0.0,0.0,0.0,0.0,295.5,984.5,0.0,0.0,0.0,0.0,2.75,91.25,0.0,0.0,0.0,0.0,0.0,0.0,0.0,0.0,0.0,0.0,0.0,0.0,51.5,251.25,0.0,0.0,,,,,,,,,,,,,,,,,,,,,,,,,,,,,,,,,,,,,,,,,,,,,,,,,,,,,,,,,,,,,,,,,,,,,,,,,,,,,,,,,,,,,,,,,,,,,,,,,,,,,,,,,,,,,,,,,,,,,,,,,,,,,,,,,,,,,,,,,,,,,,,,,,,,,,,,,,,,,,,,,,,,,,,,,,,,,,,,,,,,,,,,,,,,,,,,,,,,,,,,
Amager Øst,2006,389.0,401.0,229.0,219.0,115.0,104.0,,,0.0,,,0.0,,,54.0,55.0,31.0,22.0,34.0,43.0,,,14.0,,,4.0,,,29.0,26.0,144.0,112.0,415.0,508.0,504.0,540.0,405.0,327.0,219.0,167.0,150.0,125.0,24.0,14.0,24.0,27.0,344.0,518.0,314.0,240.0,177.0,123.0,133.0,116.0,89.0,175.0,2000.0,1994.0,1378.0,1307.0,4971.0,5653.0,4315.0,3713.0,2511.0,2134.0,2021.0,1894.0,2659.0,4064.0,,,,,,,,,,,,,,,,,,,,,,,,,,,,,,,3322049.0,168898.0,19669.0,3058672.0,148321.0,20622.0,4095718.0,262059.0,15629.0,3075859.0,206240.0,14914.0,3582099.0,181666.0,19718.0,3554106.0,171555.0,20717.0,5102414.0,260115.0,19616.0,4428072.0,215038.0,20592.0,4022156.0,208770.0,19266.0,3483507.0,171864.0,20269.0,0.0,0.0,7120.0,7731.5,0.0,0.0,0.0,0.0,0.0,0.0,0.0,0.0,0.0,0.0,0.0,0.0,2928.0,2549.25,0.0,0.0,0.0,0.0,165.0,892.0,0.0,0.0,0.0,0.0,0.0,0.0,0.0,0.0,0.0,0.0,0.0,0.0,588.25,933.0,0.0,0.0,0.0,0.0,35.5,396.0,0.0,0.0,0.0,0.0,0.0,0.0,0.0,0.0,0.0,0.0,0.0,0.0,295.75,1030.25,0.0,0.0,0.0,0.0,6.25,88.5,0.0,0.0,0.0,0.0,0.0,0.0,0.0,0.0,0.0,0.0,0.0,0.0,44.0,256.5,0.0,0.0,,,,,,,,,,,,,,,,,,,,,,,,,,,,,,,,,,,,,,,,,,,,,,,,,,,,,,,,,,,,,,,,,,,,,,,,,,,,,,,,,,,,,,,,,,,,,,,,,,,,,,,,,,,,,,,,,,,,,,,,,,,,,,,,,,,,,,,,,,,,,,,,,,,,,,,,,,,,,,,,,,,,,,,,,,,,,,,,,,,,,,,,,,,,,,,,,,,,,,,,
Amager Øst,2007,393.0,401.0,243.0,237.0,124.0,92.0,,,0.0,,0.0,0.0,,,56.0,63.0,31.0,18.0,33.0,43.0,,,11.0,,3.0,4.0,,,34.0,26.0,143.0,107.0,407.0,529.0,492.0,561.0,432.0,337.0,218.0,183.0,165.0,130.0,23.0,14.0,22.0,27.0,380.0,530.0,315.0,277.0,185.0,123.0,135.0,109.0,95.0,191.0,2031.0,2023.0,1398.0,1342.0,4731.0,5439.0,4334.0,3747.0,2608.0,2195.0,1982.0,1863.0,2667.0,3995.0,,,,,,,,,,,,,,,,,,,,,,,,,,,,,,,3445041.0,173913.0,19809.0,3147883.0,151530.0,20774.0,4434376.0,277739.0,15966.0,3292804.0,215469.0,15282.0,3703338.0,186388.0,19869.0,3677393.0,176509.0,20834.0,5442450.0,275665.0,19743.0,4656875.0,224460.0,20747.0,4212496.0,218253.0,19301.0,3610552.0,177170.0,20379.0,0.0,0.0,7164.25,7648.5,0.0,0.0,0.0,0.0,0.0,0.0,0.0,0.0,0.0,0.0,0.0,0.0,2833.0,2498.0,0.0,0.0,0.0,0.0,158.75,900.75,0.0,0.0,0.0,0.0,0.0,0.0,0.0,0.0,0.0,0.0,0.0,0.0,609.75,968.5,0.0,0.0,0.0,0.0,36.0,399.5,0.0,0.0,0.0,0.0,0.0,0.0,0.0,0.0,0.0,0.0,0.0,0.0,294.5,1061.75,0.0,0.0,0.0,0.0,6.5,87.5,0.0,0.0,0.0,0.0,0.0,0.0,0.0,0.0,0.0,0.0,0.0,0.0,42.25,260.25,0.0,0.0,,,,,,,,,,,,,,,,,,,,,,,,,,,,,,,,,,,,,,,,,,,,,,,,,,,,,,,,,,,,,,,,,,,,,,,,,,,,,,,,,,,,,,,,,,,,,,,,,,,,,,,,,,,,,,,,,,,,,,,,,,,,,,,,,,,,,,,,,,,,,,,,,,,,,,,,,,,,,,,,,,,,,,,,,,,,,,,,,,,,,,,,,,,,,,,,,,,,,,,,
Amager Øst,2008,393.0,394.0,252.0,253.0,123.0,101.0,,,0.0,,0.0,0.0,,,59.0,57.0,29.0,23.0,36.0,49.0,,,6.0,,8.0,6.0,,,33.0,32.0,133.0,102.0,465.0,571.0,484.0,559.0,449.0,359.0,225.0,199.0,170.0,142.0,22.0,14.0,25.0,31.0,398.0,589.0,358.0,286.0,196.0,129.0,137.0,116.0,107.0,193.0,2056.0,1960.0,1468.0,1408.0,4642.0,5355.0,4417.0,3791.0,2633.0,2247.0,1987.0,1812.0,2661.0,3981.0,1698.0,786.0,483.0,250.0,328.0,243.0,171.0,76.0,31.0,48.0,500.0,251.0,190.0,104.0,135.0,162.0,60.0,49.0,28.0,27.0,515.0,209.0,117.0,63.0,88.0,278.0,95.0,51.0,24.0,30.0,3554153.0,177300.0,20046.0,3291799.0,156805.0,20993.0,4704564.0,293888.0,16008.0,3552134.0,228536.0,15543.0,3824286.0,190083.0,20119.0,3828569.0,181716.0,21069.0,5703825.0,285563.0,19974.0,4938290.0,235561.0,20964.0,4359264.0,223770.0,19481.0,3757694.0,182519.0,20588.0,0.0,0.0,7139.0,7665.75,0.0,0.0,0.0,0.0,0.0,0.0,0.0,0.0,0.0,0.0,0.0,0.0,2881.5,2519.75,0.0,0.0,0.0,0.0,170.5,882.25,0.0,0.0,0.0,0.0,0.0,0.0,0.0,0.0,0.0,0.0,0.0,0.0,622.0,978.0,0.0,0.0,0.0,0.0,34.5,403.5,0.0,0.0,0.0,0.0,0.0,0.0,0.0,0.0,0.0,0.0,0.0,0.0,278.75,1095.5,0.0,0.0,0.0,0.0,4.75,78.5,0.0,0.0,0.0,0.0,0.0,0.0,0.0,0.0,0.0,0.0,0.0,0.0,48.0,261.5,0.0,0.0,,,,,,,,,,,,,,,,,,,,,,,,,,,,,,,,,,,,,,,,,,,,,,,,,,,,,,,,,,,,,,,,,,,,,,,,,,,,,,,,,,,,,,,,,,,,,,,,,,,,,,,,,,,,,,,,,,,,,,,,,,,,,,,,,,,,,,,,,,,,,,,,,,,,,,,,,,,,,,,,,,,,,,,,,,,,,,,,,,,,,,,,,,,,,,,,,,,,,,,,
Amager Øst,2009,368.0,376.0,295.0,265.0,112.0,110.0,,,0.0,,0.0,0.0,,,64.0,52.0,29.0,31.0,40.0,47.0,,,5.0,,8.0,7.0,,,32.0,29.0,129.0,97.0,520.0,600.0,513.0,587.0,461.0,362.0,225.0,217.0,175.0,163.0,23.0,20.0,32.0,31.0,445.0,600.0,419.0,313.0,230.0,126.0,146.0,124.0,114.0,187.0,2099.0,2078.0,1494.0,1455.0,4530.0,5323.0,4528.0,3893.0,2674.0,2306.0,1994.0,1827.0,2680.0,3913.0,1721.0,1108.0,718.0,512.0,558.0,231.0,182.0,110.0,65.0,77.0,456.0,338.0,218.0,216.0,214.0,242.0,104.0,66.0,39.0,45.0,478.0,325.0,223.0,155.0,182.0,314.0,159.0,101.0,37.0,40.0,3677753.0,181573.0,20255.0,3444702.0,163295.0,21095.0,4684234.0,293517.0,15959.0,3668814.0,235830.0,15557.0,3980630.0,195541.0,20357.0,3977991.0,187659.0,21198.0,5751329.0,285312.0,20158.0,5086304.0,241607.0,21052.0,4408267.0,223486.0,19725.0,3888992.0,188411.0,20641.0,0.0,0.0,7077.25,7564.75,0.0,0.0,0.0,0.0,0.0,0.0,0.0,0.0,0.0,0.0,0.0,0.0,2849.75,2492.5,0.0,0.0,0.0,0.0,174.0,878.0,0.0,0.0,0.0,0.0,0.0,0.0,0.0,0.0,0.0,0.0,0.0,0.0,675.5,1014.25,0.0,0.0,0.0,0.0,33.75,388.75,0.0,0.0,0.0,0.0,0.0,0.0,0.0,0.0,0.0,0.0,0.0,0.0,278.5,1146.5,0.0,0.0,0.0,0.0,3.25,79.75,0.0,0.0,0.0,0.0,0.0,0.0,0.0,0.0,0.0,0.0,0.0,0.0,50.25,268.25,0.0,0.0,,,,,,,,,,,,,,,,,,,,,,,,,,,,,,,,,,,,,,,,,,,,,,,,,,,,,,,,,,,,,,,,,,,,,,,,,,,,,,,,,,,,,,,,,,,,,,,,,,,,,,,,,,,,,,,,,,,,,,,,,,,,,,,,,,,,,,,,,,,,,,,,,,,,,,,,,,,,,,,,,,,,,,,,,,,,,,,,,,,,,,,,,,,,,,,,,,,,,,,,
Amager Øst,2010,345.0,372.0,310.0,283.0,138.0,121.0,,,,,0.0,0.0,,,54.0,53.0,29.0,31.0,35.0,45.0,,,,,10.0,8.0,,,33.0,35.0,106.0,93.0,542.0,625.0,516.0,599.0,456.0,387.0,236.0,232.0,188.0,176.0,26.0,21.0,29.0,28.0,482.0,634.0,448.0,353.0,245.0,144.0,155.0,131.0,117.0,193.0,2215.0,2153.0,1494.0,1435.0,4619.0,5250.0,4479.0,4007.0,2737.0,2321.0,1981.0,1792.0,2675.0,3844.0,1895.0,1192.0,881.0,569.0,811.0,287.0,158.0,131.0,98.0,130.0,468.0,355.0,279.0,177.0,286.0,231.0,142.0,82.0,47.0,54.0,574.0,373.0,277.0,179.0,261.0,335.0,164.0,112.0,68.0,80.0,3983188.0,192909.0,20648.0,3695249.0,171904.0,21496.0,4763831.0,301279.0,15812.0,3768160.0,242061.0,15567.0,4289181.0,206977.0,20723.0,4282304.0,198789.0,21542.0,5949001.0,288632.0,20611.0,5263071.0,244897.0,21491.0,4655147.0,234776.0,19828.0,4082069.0,196717.0,20751.0,0.0,0.0,7026.25,7482.0,0.0,0.0,0.0,0.0,0.0,0.0,0.0,0.0,0.0,0.0,0.0,0.0,2833.25,2476.25,0.0,0.0,0.0,0.0,183.0,878.25,0.0,0.0,0.0,0.0,0.0,0.0,0.0,0.0,0.0,0.0,0.0,0.0,677.75,1012.0,0.0,0.0,0.0,0.0,30.0,382.75,0.0,0.0,0.0,0.0,0.0,0.0,0.0,0.0,0.0,0.0,0.0,0.0,304.0,1178.5,0.0,0.0,0.0,0.0,2.5,80.5,0.0,0.0,0.0,0.0,0.0,0.0,0.0,0.0,0.0,0.0,0.0,0.0,45.0,266.5,0.0,0.0,,,,,,,,,,,,,,,,,,,,,,,,,,,,,,,,,,,,,,,,,,,,,,,,,,,,,,,,,,,,,,,,,,,,,,,,,,,,,,,,,,,,,,,,,,,,,,,,,,,,,,,,,,,,,,,,,,,,,,,,,,,,,,,,,,,,,,,,,,,,,,,,,,,,,,,,,,,,,,,,,,,,,,,,,,,,,,,,,,,,,,,,,,,,,,,,,,,,,,,,
Amager Øst,2011,332.0,363.0,329.0,290.0,156.0,126.0,,,,,0.0,0.0,0.0,0.0,63.0,61.0,28.0,31.0,39.0,43.0,,,,,9.0,7.0,4.0,4.0,40.0,35.0,89.0,79.0,564.0,610.0,511.0,583.0,414.0,403.0,271.0,255.0,196.0,186.0,28.0,26.0,33.0,27.0,481.0,632.0,454.0,417.0,257.0,139.0,153.0,141.0,133.0,189.0,2297.0,2267.0,1523.0,1456.0,4566.0,5363.0,4563.0,4030.0,2782.0,2390.0,2013.0,1784.0,2665.0,3757.0,1864.0,1235.0,858.0,588.0,804.0,277.0,211.0,153.0,99.0,137.0,470.0,302.0,213.0,194.0,285.0,223.0,147.0,70.0,42.0,58.0,552.0,380.0,298.0,182.0,239.0,342.0,195.0,124.0,71.0,85.0,4084940.0,196382.0,20801.0,3825729.0,175944.0,21744.0,4825002.0,303478.0,15899.0,3839527.0,243501.0,15768.0,4406566.0,211053.0,20879.0,4434026.0,203433.0,21796.0,6024115.0,289872.0,20782.0,5406508.0,248678.0,21741.0,4747340.0,236468.0,20076.0,4212740.0,199297.0,21138.0,0.0,0.0,6873.5,7304.0,0.0,0.0,0.0,0.0,0.0,0.0,0.0,0.0,0.0,0.0,0.0,0.0,2762.0,2446.5,0.0,0.0,0.0,0.0,181.0,899.0,0.0,0.0,0.0,0.0,0.0,0.0,0.0,0.0,0.0,0.0,0.0,0.0,736.5,1027.0,0.0,0.0,0.0,0.0,27.5,410.25,0.0,0.0,0.0,0.0,0.0,0.0,0.0,0.0,0.0,0.0,0.0,0.0,326.5,1218.75,0.0,0.0,0.0,0.0,2.25,77.75,0.0,0.0,0.0,0.0,0.0,0.0,0.0,0.0,0.0,0.0,0.0,0.0,44.75,298.75,0.0,0.0,,,,,,,,,,,,,,,,,,,,,,,,,,,,,,,,,,,,,,,,,,,,,,,,,,,,,,,,,,,,,,,,,,,,,,,,,,,,,,,,,,,,,,,,,,,,,,,,,,,,,,,,,,,,,,,,,,,,,,,,,,,,,,,,,,,,,,,,,,,,,,,,,,,,,,,,,,,,,,,,,,,,,,,,,,,,,,,,,,,,,,,,,,,,,,,,,,,,,,,,
Amager Øst,2012,318.0,335.0,348.0,301.0,151.0,158.0,,,,,0.0,0.0,0.0,0.0,68.0,67.0,26.0,29.0,43.0,45.0,,,,,9.0,11.0,5.0,5.0,35.0,36.0,80.0,82.0,493.0,544.0,540.0,607.0,405.0,400.0,294.0,273.0,201.0,199.0,28.0,30.0,34.0,26.0,521.0,665.0,471.0,471.0,254.0,143.0,148.0,134.0,140.0,198.0,2361.0,2360.0,1519.0,1432.0,4671.0,5563.0,4486.0,3936.0,2866.0,2442.0,1996.0,1839.0,2745.0,3727.0,1995.0,1256.0,875.0,561.0,866.0,299.0,245.0,155.0,107.0,154.0,480.0,305.0,226.0,165.0,267.0,210.0,136.0,79.0,47.0,72.0,575.0,388.0,266.0,175.0,258.0,431.0,182.0,149.0,67.0,115.0,4213243.0,198065.0,21272.0,3952079.0,178544.0,22135.0,4993790.0,308278.0,16199.0,3953702.0,246782.0,16021.0,4555290.0,213553.0,21331.0,4569397.0,206033.0,22178.0,6227338.0,292927.0,21259.0,5582224.0,252213.0,22133.0,4939235.0,239745.0,20602.0,4369527.0,203007.0,21524.0,0.0,0.0,6779.25,7199.25,0.0,0.0,0.0,0.0,0.0,0.0,0.0,0.0,0.0,0.0,0.0,0.0,2821.0,2436.25,0.0,0.0,0.0,0.0,175.75,906.5,0.0,0.0,0.0,0.0,0.0,0.0,0.0,0.0,0.0,0.0,0.0,0.0,742.0,1050.75,0.0,0.0,0.0,0.0,26.0,428.25,0.0,0.0,0.0,0.0,0.0,0.0,0.0,0.0,0.0,0.0,0.0,0.0,358.5,1213.75,0.0,0.0,0.0,0.0,4.5,75.75,0.0,0.0,0.0,0.0,0.0,0.0,0.0,0.0,0.0,0.0,0.0,0.0,46.5,314.5,0.0,0.0,,,,,,,,,,,,,,,,,,,,,,,,,,,,,,,,,,,,,,,,,,,,,,,,,,,,,,,,,,,,,,,,,,,,,,,,,,,,,,,,,,,,,,,,,,,,,,,,,,,,,,,,,,,,,,,,,,,,,,,,,,,,,,,,,,,,,,,,,,,,,,,,,,,,,,,,,,,,,,,,,,,,,,,,,,,,,,,,,,,,,,,,,,,,,,,,,,,,,,,,
Amager Øst,2013,306.0,299.0,355.0,300.0,162.0,170.0,80.0,79.0,5.0,5.0,0.0,0.0,0.0,0.0,69.0,77.0,24.0,33.0,41.0,42.0,38.0,24.0,13.0,12.0,10.0,11.0,6.0,6.0,39.0,38.0,68.0,76.0,456.0,525.0,551.0,611.0,414.0,439.0,296.0,279.0,228.0,199.0,20.0,33.0,35.0,32.0,526.0,658.0,502.0,502.0,264.0,157.0,166.0,132.0,137.0,197.0,2456.0,2429.0,1530.0,1503.0,4929.0,5719.0,4382.0,3907.0,2933.0,2501.0,2051.0,1899.0,2760.0,3710.0,1987.0,1280.0,869.0,589.0,798.0,315.0,247.0,167.0,113.0,160.0,437.0,296.0,204.0,163.0,252.0,233.0,130.0,86.0,48.0,64.0,592.0,377.0,263.0,187.0,211.0,410.0,230.0,149.0,78.0,111.0,4414311.0,203838.0,21656.0,4114642.0,182467.0,22550.0,5185941.0,311918.0,16626.0,4090340.0,248276.0,16475.0,4764584.0,219425.0,21714.0,4787434.0,211824.0,22601.0,6469113.0,299316.0,21613.0,5770802.0,256059.0,22537.0,5081743.0,242577.0,20949.0,4478076.0,204385.0,21910.0,0.0,0.0,6653.25,7126.5,0.0,0.0,0.0,0.0,0.0,0.0,0.0,0.0,0.0,0.0,0.0,0.0,2908.25,2396.25,0.0,0.0,0.0,0.0,189.25,939.75,0.0,0.0,0.0,0.0,0.0,0.0,0.0,0.0,0.0,0.0,0.0,0.0,750.25,1060.25,0.0,0.0,0.0,0.0,31.0,422.0,0.0,0.0,0.0,0.0,0.0,0.0,0.0,0.0,0.0,0.0,0.0,0.0,386.25,1237.5,0.0,0.0,0.0,0.0,4.75,81.25,0.0,0.0,0.0,0.0,0.0,0.0,0.0,0.0,0.0,0.0,0.0,0.0,48.5,321.25,0.0,0.0,,,,,,,,,,,,,,,,,,,,,,,,,,,,,,,,,,,,,,,,,,,,,,,,,,,,,,,,,,,,,,,,,,,,,,,,,,,,,,,,,,,,,,,,,,,,,,,,,,,,,,,,,,,,,,,,,,,,,,,,,,,,,,,,,,,,,,,,,,,,,,,,,,,,,,,,,,,,,,,,,,,,,,,,,,,,,,,,,,,,,,,,,,,,,,,,,,,,,,,,
Amager Øst,2014,307.0,283.0,356.0,308.0,194.0,200.0,75.0,76.0,8.0,6.0,0.0,0.0,0.0,0.0,65.0,81.0,27.0,33.0,49.0,49.0,37.0,26.0,11.0,13.0,12.0,7.0,7.0,7.0,42.0,48.0,63.0,67.0,412.0,471.0,577.0,648.0,390.0,436.0,319.0,294.0,235.0,208.0,13.0,35.0,35.0,33.0,553.0,700.0,504.0,536.0,296.0,175.0,179.0,135.0,153.0,204.0,2464.0,2437.0,1531.0,1535.0,5113.0,5921.0,4296.0,3864.0,2964.0,2571.0,2143.0,1959.0,2771.0,3705.0,1840.0,1137.0,839.0,568.0,665.0,366.0,264.0,206.0,148.0,143.0,275.0,206.0,145.0,135.0,168.0,146.0,96.0,58.0,37.0,58.0,564.0,343.0,239.0,159.0,191.0,489.0,228.0,191.0,89.0,105.0,4696047.0,210001.0,22362.0,4338064.0,186857.0,23216.0,5487564.0,317420.0,17288.0,4304748.0,252226.0,17067.0,5068118.0,226033.0,22422.0,5064513.0,217810.0,23252.0,6825975.0,305905.0,22314.0,6041884.0,260392.0,23203.0,5309424.0,245773.0,21603.0,4649565.0,206363.0,22531.0,0.0,0.0,6605.5,7045.0,0.0,0.0,0.0,0.0,0.0,0.0,0.0,0.0,0.0,0.0,0.0,0.0,3081.75,2375.25,0.0,0.0,0.0,0.0,195.25,962.25,0.0,0.0,0.0,0.0,0.0,0.0,0.0,0.0,0.0,0.0,0.0,0.0,826.25,1037.0,0.0,0.0,0.0,0.0,43.0,434.5,0.0,0.0,0.0,0.0,0.0,0.0,0.0,0.0,0.0,0.0,0.0,0.0,388.0,1262.0,0.0,0.0,0.0,0.0,4.5,77.5,0.0,0.0,0.0,0.0,0.0,0.0,0.0,0.0,0.0,0.0,0.0,0.0,48.0,319.75,0.0,0.0,,,,,,,,,,,,,,,,,,,,,,,,,,,,,,,,,,,,,,,,,,,,,,,,,,,,,,,,,,,,,,,,,,,,,,,,,,,,,,,,,,,,,,,,,,,,,,,,,,,,,,,,,,,,,,,,,,,,,,,,,,,,,,,,,,,,,,,,,,,,,,,,,,,,,,,,,,,,,,,,,,,,,,,,,,,,,,,,,,,,,,,,,,,,,,,,,,,,,,,,
Amager Øst,2015,282.0,283.0,349.0,316.0,208.0,218.0,97.0,91.0,11.0,9.0,0.0,0.0,0.0,0.0,87.0,94.0,29.0,33.0,47.0,59.0,31.0,24.0,17.0,11.0,12.0,9.0,7.0,7.0,51.0,49.0,57.0,59.0,414.0,489.0,631.0,672.0,382.0,450.0,332.0,298.0,254.0,230.0,27.0,34.0,36.0,35.0,679.0,765.0,648.0,620.0,371.0,195.0,212.0,137.0,164.0,207.0,2589.0,2511.0,1526.0,1537.0,5345.0,6216.0,4242.0,3774.0,3065.0,2677.0,2257.0,2003.0,2864.0,3764.0,1979.0,1146.0,769.0,479.0,528.0,424.0,322.0,224.0,121.0,133.0,271.0,160.0,132.0,87.0,144.0,163.0,91.0,44.0,35.0,38.0,533.0,350.0,211.0,130.0,129.0,588.0,223.0,158.0,106.0,84.0,4939148.0,217239.0,22736.0,4502122.0,190922.0,23581.0,5830517.0,329669.0,17686.0,4526563.0,259313.0,17456.0,5309441.0,232911.0,22796.0,5284036.0,223796.0,23611.0,7222047.0,318348.0,22686.0,6294964.0,267030.0,23574.0,5575170.0,253902.0,21958.0,4823359.0,210627.0,22900.0,0.0,0.0,6565.25,7040.5,0.0,0.0,0.0,0.0,0.0,0.0,0.0,0.0,0.0,0.0,0.0,0.0,3280.5,2393.0,0.0,0.0,0.0,0.0,214.25,968.5,0.0,0.0,0.0,0.0,0.0,0.0,0.0,0.0,0.0,0.0,0.0,0.0,826.5,1065.75,0.0,0.0,0.0,0.0,41.5,470.5,0.0,0.0,0.0,0.0,0.0,0.0,0.0,0.0,0.0,0.0,0.0,0.0,424.75,1275.25,0.0,0.0,0.0,0.0,5.75,70.0,0.0,0.0,0.0,0.0,0.0,0.0,0.0,0.0,0.0,0.0,0.0,0.0,55.0,318.25,0.0,0.0,,,,,,,,,,,,,,,,,,,,,,,,,,,,,,,,,,,,,,,,,,,,,,,,,,,,,,,,,,,,,,,,,,,,,,,,,,,,,,,,,,,,,,,,,,,,,,,,,,,,,,,,,,,,,,,,,,,,,,,,,,,,,,,,,,,,,,,,,,,,,,,,,,,,,,,,,,,,,,,,,,,,,,,,,,,,,,,,,,,,,,,,,,,,,,,,,,,,,,,,
Amager Øst,2016,269.0,246.0,332.0,301.0,251.0,237.0,99.0,85.0,,19.0,,0.0,0.0,0.0,87.0,102.0,33.0,36.0,47.0,62.0,27.0,28.0,,12.0,,9.0,7.0,7.0,41.0,44.0,51.0,57.0,424.0,524.0,610.0,671.0,384.0,467.0,328.0,308.0,272.0,244.0,27.0,37.0,27.0,51.0,749.0,977.0,651.0,637.0,375.0,216.0,212.0,138.0,164.0,211.0,2633.0,2522.0,1568.0,1585.0,5340.0,6270.0,4105.0,3672.0,3189.0,2757.0,2324.0,2099.0,2912.0,3769.0,1901.0,1145.0,698.0,407.0,430.0,473.0,356.0,212.0,128.0,129.0,243.0,151.0,112.0,82.0,102.0,131.0,72.0,51.0,24.0,32.0,527.0,298.0,183.0,91.0,85.0,527.0,268.0,140.0,82.0,82.0,5201767.0,225019.0,23117.0,4692047.0,195575.0,23991.0,6206181.0,343319.0,18077.0,4772052.0,266744.0,17890.0,5575356.0,240607.0,23172.0,5518943.0,229650.0,24032.0,7600193.0,329469.0,23068.0,6543363.0,272890.0,23978.0,5876835.0,265536.0,22132.0,5041846.0,217866.0,23142.0,0.0,0.0,6507.75,7098.0,0.0,0.0,0.0,0.0,0.0,0.0,0.0,0.0,0.0,0.0,0.0,0.0,3348.0,2391.75,0.0,0.0,0.0,0.0,233.0,958.0,0.0,0.0,0.0,0.0,0.0,0.0,0.0,0.0,0.0,0.0,0.0,0.0,838.5,1085.25,0.0,0.0,0.0,0.0,38.5,465.0,0.0,0.0,0.0,0.0,0.0,0.0,0.0,0.0,0.0,0.0,0.0,0.0,449.0,1277.5,0.0,0.0,0.0,0.0,2.5,67.5,0.0,0.0,0.0,0.0,0.0,0.0,0.0,0.0,0.0,0.0,0.0,0.0,58.25,321.25,0.0,0.0,,,,,,,,,,,,,,,,,,,,,,,,,,,,,,,,,,,,,,,,,,,,,,,,,,,,,,,,,,,,,,,,,,,,,,,,,,,,,,,,,,,,,,,,,,,,,,,,,,,,,,,,,,,,,,,,,,,,,,,,,,,,,,,,,,,,,,,,,,,,,,,,,,,,,,,,,,,,,,,,,,,,,,,,,,,,,,,,,,,,,,,,,,,,,,,,,,,,,,,,
Amager Øst,2017,253.0,236.0,307.0,297.0,273.0,271.0,110.0,84.0,,19.0,,0.0,0.0,0.0,105.0,112.0,31.0,34.0,57.0,59.0,26.0,30.0,,13.0,,11.0,5.0,9.0,39.0,40.0,51.0,55.0,401.0,478.0,625.0,686.0,403.0,478.0,332.0,308.0,287.0,269.0,32.0,34.0,37.0,52.0,777.0,978.0,693.0,678.0,391.0,234.0,207.0,138.0,174.0,233.0,2650.0,2587.0,1578.0,1631.0,5474.0,6393.0,4045.0,3602.0,3164.0,2745.0,2406.0,2213.0,2966.0,3778.0,1967.0,1083.0,742.0,425.0,454.0,633.0,394.0,242.0,136.0,125.0,200.0,126.0,108.0,69.0,106.0,111.0,66.0,47.0,21.0,34.0,520.0,278.0,183.0,107.0,99.0,503.0,219.0,162.0,92.0,90.0,5488200.0,234018.0,23452.0,4902234.0,200788.0,24415.0,6552972.0,354886.0,18465.0,5023778.0,272972.0,18404.0,5851228.0,248988.0,23500.0,5814314.0,237824.0,24448.0,8020550.0,342876.0,23392.0,6826183.0,279750.0,24401.0,6186638.0,276448.0,22379.0,5258017.0,223299.0,23547.0,0.0,0.0,6467.75,7020.25,0.0,0.0,0.0,0.0,0.0,0.0,0.0,0.0,0.0,0.0,0.0,0.0,3372.5,2429.0,0.0,0.0,0.0,0.0,236.5,970.25,0.0,0.0,0.0,0.0,0.0,0.0,0.0,0.0,0.0,0.0,0.0,0.0,878.75,1094.0,0.0,0.0,0.0,0.0,41.0,458.0,0.0,0.0,0.0,0.0,0.0,0.0,0.0,0.0,0.0,0.0,0.0,0.0,453.75,1286.75,0.0,0.0,0.0,0.0,2.25,63.5,0.0,0.0,0.0,0.0,0.0,0.0,0.0,0.0,0.0,0.0,0.0,0.0,71.25,334.25,0.0,0.0,,,,,,,,,,,,,,,,,,,,,,,,,,,,,,,,,,,,,,,,,,,,,,,,,,,,,,,,,,,,,,,,,,,,,,,,,,,,,,,,,,,,,,,,,,,,,,,,,,,,,,,,,,,,,,,,,,,,,,,,,,,,,,,,,,,,,,,,,,,,,,,,,,,,,,,,,,,,,,,,,,,,,,,,,,,,,,,,,,,,,,,,,,,,,,,,,,,,,,,,
Amager Øst,2018,249.0,238.0,306.0,296.0,311.0,301.0,114.0,85.0,,,,0.0,0.0,,123.0,108.0,31.0,30.0,48.0,62.0,30.0,31.0,,,,11.0,7.0,,52.0,39.0,52.0,49.0,399.0,474.0,640.0,705.0,409.0,488.0,325.0,342.0,304.0,283.0,38.0,36.0,44.0,65.0,813.0,951.0,739.0,707.0,415.0,279.0,202.0,155.0,179.0,231.0,2685.0,2625.0,1678.0,1678.0,5419.0,6428.0,4048.0,3680.0,3176.0,2733.0,2498.0,2286.0,3014.0,3808.0,1736.0,1160.0,671.0,419.0,402.0,506.0,378.0,216.0,149.0,143.0,199.0,130.0,99.0,74.0,79.0,118.0,81.0,40.0,21.0,28.0,448.0,270.0,160.0,97.0,93.0,465.0,301.0,156.0,78.0,59.0,5728827.0,239000.0,23970.0,5162858.0,207285.0,24907.0,6913376.0,364610.0,18961.0,5356528.0,283775.0,18876.0,6131910.0,255145.0,24033.0,6120460.0,245240.0,24957.0,8335354.0,348774.0,23899.0,7154078.0,287393.0,24893.0,6370527.0,279814.0,22767.0,5405794.0,226051.0,23914.0,0.0,0.0,6461.25,7013.5,0.0,0.0,0.0,0.0,0.0,0.0,0.0,0.0,0.0,0.0,0.0,0.0,3489.25,2489.75,0.0,0.0,0.0,0.0,240.0,1008.0,0.0,0.0,0.0,0.0,0.0,0.0,0.0,0.0,0.0,0.0,0.0,0.0,896.25,1108.75,0.0,0.0,0.0,0.0,43.0,458.0,0.0,0.0,0.0,0.0,0.0,0.0,0.0,0.0,0.0,0.0,0.0,0.0,466.5,1331.25,0.0,0.0,0.0,0.0,1.25,68.25,0.0,0.0,0.0,0.0,0.0,0.0,0.0,0.0,0.0,0.0,0.0,0.0,77.25,344.0,0.0,0.0,,,,,,,,,,,,,,,,,,,,,,,,,,,,,,,,,,,,,,,,,,,,,,,,,,,,,,,,,,,,,,,,,,,,,,,,,,,,,,,,,,,,,,,,,,,,,,,,,,,,,,,,,,,,,,,,,,,,,,,,,,,,,,,,,,,,,,,,,,,,,,,,,,,,,,,,,,,,,,,,,,,,,,,,,,,,,,,,,,,,,,,,,,,,,,,,,,,,,,,,
Amager Øst,2019,239.0,235.0,275.0,287.0,342.0,332.0,115.0,103.0,,,,0.0,0.0,,132.0,132.0,34.0,28.0,52.0,56.0,33.0,35.0,,,,13.0,8.0,,56.0,46.0,60.0,68.0,416.0,476.0,684.0,729.0,445.0,516.0,332.0,346.0,312.0,304.0,38.0,45.0,59.0,59.0,884.0,1100.0,827.0,806.0,426.0,287.0,234.0,158.0,192.0,229.0,2736.0,2662.0,1713.0,1717.0,5459.0,6403.0,4048.0,3684.0,3219.0,2815.0,2566.0,2373.0,3094.0,3822.0,1678.0,1110.0,713.0,377.0,393.0,482.0,427.0,269.0,124.0,150.0,184.0,124.0,78.0,63.0,66.0,105.0,63.0,41.0,22.0,33.0,413.0,241.0,151.0,84.0,87.0,494.0,255.0,174.0,84.0,57.0,6029801.0,248775.0,24238.0,5442641.0,215661.0,25237.0,7253681.0,373863.0,19402.0,5656918.0,293013.0,19306.0,6446233.0,265277.0,24300.0,6464908.0,255722.0,25281.0,8788756.0,363427.0,24183.0,7566205.0,299937.0,25226.0,6645211.0,286691.0,23179.0,5666417.0,232793.0,24341.0,0.0,0.0,6484.75,7051.25,0.0,0.0,0.0,0.0,0.0,0.0,0.0,0.0,0.0,0.0,0.0,0.0,3553.75,2575.5,0.0,0.0,0.0,0.0,244.0,1011.5,0.0,0.0,0.0,0.0,0.0,0.0,0.0,0.0,0.0,0.0,0.0,0.0,958.0,1115.0,0.0,0.0,0.0,0.0,39.25,454.75,0.0,0.0,0.0,0.0,0.0,0.0,0.0,0.0,0.0,0.0,0.0,0.0,492.75,1380.25,0.0,0.0,0.0,0.0,0.75,74.25,0.0,0.0,0.0,0.0,0.0,0.0,0.0,0.0,0.0,0.0,0.0,0.0,79.75,357.75,0.0,0.0,,,,,,,,,,,,,,,,,,,,,,,,,,,,,,,,,,,,,,,,,,,,,,,,,,,,,,,,,,,,,,,,,,,,,,,,,,,,,,,,,,,,,,,,,,,,,,,,,,,,,,,,,,,,,,,,,,,,,,,,,,,,,,,,,,,,,,,,,,,,,,,,,,,,,,,,,,,,,,,,,,,,,,,,,,,,,,,,,,,,,,,,,,,,,,,,,,,,,,,,
Amager Øst,2020,230.0,236.0,248.0,265.0,356.0,330.0,135.0,106.0,,,,,0.0,,144.0,156.0,35.0,32.0,49.0,52.0,38.0,36.0,,,,,11.0,,55.0,49.0,63.0,74.0,407.0,467.0,711.0,757.0,449.0,518.0,339.0,371.0,334.0,326.0,36.0,49.0,56.0,50.0,839.0,1108.0,859.0,866.0,426.0,320.0,219.0,162.0,190.0,241.0,2794.0,2636.0,1834.0,1809.0,5559.0,6378.0,3997.0,3671.0,3228.0,2909.0,2597.0,2408.0,3167.0,3841.0,1922.0,1257.0,887.0,645.0,626.0,556.0,447.0,285.0,197.0,218.0,206.0,141.0,88.0,106.0,100.0,155.0,104.0,58.0,46.0,41.0,492.0,299.0,223.0,148.0,141.0,513.0,266.0,233.0,148.0,126.0,6462955.0,261045.0,24758.0,5828768.0,226009.0,25790.0,7764839.0,394034.0,19706.0,6109283.0,310557.0,19672.0,6920821.0,278560.0,24845.0,6923053.0,267661.0,25865.0,9420196.0,380906.0,24731.0,8109620.0,314534.0,25783.0,7100913.0,299996.0,23670.0,6106628.0,245878.0,24836.0,0.0,0.0,6636.25,7197.0,0.0,0.0,0.0,0.0,0.0,0.0,0.0,0.0,0.0,0.0,0.0,0.0,3655.25,2644.0,0.0,0.0,0.0,0.0,245.25,1026.75,0.0,0.0,0.0,0.0,0.0,0.0,0.0,0.0,0.0,0.0,0.0,0.0,906.25,1159.5,0.0,0.0,0.0,0.0,43.75,463.25,0.0,0.0,0.0,0.0,0.0,0.0,0.0,0.0,0.0,0.0,0.0,0.0,512.0,1427.75,0.0,0.0,0.0,0.0,3.25,83.0,0.0,0.0,0.0,0.0,0.0,0.0,0.0,0.0,0.0,0.0,0.0,0.0,89.0,366.25,0.0,0.0,,,,,,,,,,,,,,,,,,,,,,,,,,,,,,,,,,,,,,,,,,,,,,,,,,,,,,,,,,,,,,,,,,,,,,,,,,,,,,,,,,,,,,,,,,,,,,,,,,,,,,,,,,,,,,,,,,,,,,,,,,,,,,,,,,,,,,,,,,,,,,,,,,,,,,,,,,,,,,,,,,,,,,,,,,,,,,,,,,,,,,,,,,,,,,,,,,,,,,,,
Amager Øst,2021,209.0,238.0,240.0,247.0,373.0,342.0,136.0,112.0,,,,,0.0,,141.0,161.0,44.0,39.0,49.0,49.0,39.0,34.0,,,,,11.0,,52.0,39.0,60.0,83.0,414.0,502.0,708.0,801.0,463.0,513.0,324.0,393.0,367.0,359.0,35.0,39.0,54.0,60.0,860.0,1090.0,930.0,903.0,454.0,353.0,233.0,167.0,194.0,251.0,2736.0,2612.0,1898.0,1907.0,5735.0,6521.0,3997.0,3676.0,3227.0,2905.0,2605.0,2473.0,3266.0,3953.0,1779.0,1229.0,864.0,520.0,497.0,597.0,408.0,264.0,149.0,149.0,170.0,135.0,112.0,78.0,91.0,114.0,102.0,61.0,42.0,40.0,424.0,285.0,232.0,115.0,121.0,474.0,299.0,195.0,136.0,96.0,6835850.0,275362.0,24825.0,6173751.0,237507.0,25994.0,8226033.0,404367.0,20343.0,6541183.0,322353.0,20292.0,7326878.0,293568.0,24958.0,7352903.0,281580.0,26113.0,9989468.0,402817.0,24799.0,8596902.0,330815.0,25987.0,7493528.0,316503.0,23676.0,6459432.0,258615.0,24977.0,0.0,0.0,6884.75,7567.75,0.0,0.0,0.0,0.0,0.0,0.0,0.0,0.0,0.0,0.0,0.0,0.0,3728.0,2688.0,0.0,0.0,0.0,0.0,251.25,1033.75,0.0,0.0,0.0,0.0,0.0,0.0,0.0,0.0,0.0,0.0,0.0,0.0,919.5,1165.25,0.0,0.0,0.0,0.0,46.5,471.25,0.0,0.0,0.0,0.0,0.0,0.0,0.0,0.0,0.0,0.0,0.0,0.0,517.25,1436.25,0.0,0.0,0.0,0.0,4.75,95.5,0.0,0.0,0.0,0.0,0.0,0.0,0.0,0.0,0.0,0.0,0.0,0.0,85.75,361.75,0.0,0.0,,,,,,,,,,,,,,,,,,,,,,,,,,,,,,,,,,,,,,,,,,,,,,,,,,,,,,,,,,,,,,,,,,,,,,,,,,,,,,,,,,,,,,,,,,,,,,,,,,,,,,,,,,,,,,,,,,,,,,,,,,,,,,,,,,,,,,,,,,,,,,,,,,,,,,,,,,,,,,,,,,,,,,,,,,,,,,,,,,,,,,,,,,,,,,,,,,,,,,,,
Amager Øst,2022,201.0,208.0,219.0,229.0,371.0,365.0,143.0,118.0,60.0,59.0,5.0,,0.0,,150.0,177.0,45.0,45.0,44.0,51.0,39.0,35.0,28.0,19.0,9.0,,11.0,,51.0,38.0,59.0,89.0,410.0,437.0,719.0,778.0,472.0,543.0,316.0,403.0,382.0,386.0,36.0,40.0,51.0,57.0,840.0,1083.0,990.0,998.0,489.0,384.0,263.0,167.0,196.0,254.0,2680.0,2616.0,1951.0,1945.0,5686.0,6501.0,4002.0,3686.0,3140.0,2882.0,2678.0,2509.0,3293.0,4031.0,1946.0,1047.0,561.0,286.0,228.0,669.0,357.0,209.0,85.0,68.0,193.0,109.0,60.0,46.0,36.0,119.0,71.0,34.0,29.0,24.0,455.0,228.0,104.0,49.0,53.0,510.0,282.0,154.0,77.0,47.0,7039117.0,280846.0,25064.0,6311425.0,239287.0,26376.0,8840682.0,427540.0,20678.0,6965130.0,335136.0,20783.0,7544265.0,300174.0,25133.0,7561066.0,285884.0,26448.0,10362806.0,413619.0,25054.0,8847797.0,335474.0,26374.0,7734627.0,323652.0,23898.0,6621624.0,261518.0,25320.0,0.0,0.0,7157.75,7847.5,0.0,0.0,0.0,0.0,0.0,0.0,0.0,0.0,0.0,0.0,0.0,0.0,3813.75,2692.0,0.0,0.0,0.0,0.0,263.0,1052.5,0.0,0.0,0.0,0.0,0.0,0.0,0.0,0.0,0.0,0.0,0.0,0.0,958.25,1137.0,0.0,0.0,0.0,0.0,48.0,469.25,0.0,0.0,0.0,0.0,0.0,0.0,0.0,0.0,0.0,0.0,0.0,0.0,531.5,1460.5,0.0,0.0,0.0,0.0,4.0,88.0,0.0,0.0,0.0,0.0,0.0,0.0,0.0,0.0,0.0,0.0,0.0,0.0,87.75,368.75,0.0,0.0,,,,,,,,,,,,,,,,,,,,,,,,,,,,,,,,,,,,,,,,,,,,,,,,,,,,,,,,,,,,,,,,,,,,,,,,,,,,,,,,,,,,,,,,,,,,,,,,,,,,,,,,,,,,,,,,,,,,,,,,,,,,,,,,,,,,,,,,,,,,,,,,,,,,,,,,,,,,,,,,,,,,,,,,,,,,,,,,,,,,,,,,,,,,,,,,,,,,,,,,
Amager Øst,2023,202.0,207.0,207.0,212.0,357.0,387.0,154.0,117.0,71.0,61.0,6.0,,0.0,,162.0,183.0,44.0,54.0,43.0,60.0,49.0,30.0,25.0,20.0,13.0,,12.0,,66.0,61.0,77.0,111.0,426.0,476.0,792.0,900.0,487.0,597.0,336.0,440.0,397.0,425.0,33.0,43.0,51.0,70.0,867.0,1148.0,1062.0,1083.0,522.0,428.0,278.0,185.0,207.0,255.0,2639.0,2562.0,2022.0,1996.0,5669.0,6409.0,4082.0,3814.0,2994.0,2795.0,2732.0,2540.0,3327.0,4082.0,1740.0,1110.0,622.0,315.0,276.0,576.0,429.0,211.0,107.0,69.0,167.0,78.0,59.0,33.0,41.0,113.0,80.0,53.0,15.0,24.0,404.0,226.0,121.0,75.0,56.0,480.0,297.0,178.0,85.0,86.0,7539938.0,300576.0,25085.0,6748247.0,253218.0,26650.0,9263219.0,439786.0,21063.0,7446422.0,351213.0,21202.0,8045892.0,319700.0,25167.0,8146233.0,304407.0,26761.0,11107158.0,443718.0,25032.0,9536252.0,358196.0,26623.0,8105903.0,332182.0,24402.0,6995362.0,268176.0,26085.0,0.0,0.0,7212.0,7987.0,0.0,0.0,0.0,0.0,0.0,0.0,0.0,0.0,0.0,0.0,0.0,0.0,3857.25,2704.25,0.0,0.0,0.0,0.0,259.0,1027.0,0.0,0.0,0.0,0.0,0.0,0.0,0.0,0.0,0.0,0.0,0.0,0.0,994.0,1133.5,0.0,0.0,0.0,0.0,46.25,455.5,0.0,0.0,0.0,0.0,0.0,0.0,0.0,0.0,0.0,0.0,0.0,0.0,556.25,1486.5,0.0,0.0,0.0,0.0,3.5,81.25,0.0,0.0,0.0,0.0,0.0,0.0,0.0,0.0,0.0,0.0,0.0,0.0,87.75,379.25,0.0,0.0,,,,,,,,,,,,,,,,,,,,,,,,,,,,,,,,,,,,,,,,,,,,,,,,,,,,,,,,,,,,,,,,,,,,,,,,,,,,,,,,,,,,,,,,,,,,,,,,,,,,,,,,,,,,,,,,,,,,,,,,,,,,,,,,,,,,,,,,,,,,,,,,,,,,,,,,,,,,,,,,,,,,,,,,,,,,,,,,,,,,,,,,,,,,,,,,,,,,,,,,
Amager Øst,2024,188.0,195.0,208.0,209.0,355.0,376.0,170.0,147.0,72.0,64.0,10.0,,0.0,,170.0,191.0,49.0,63.0,44.0,61.0,39.0,29.0,25.0,22.0,13.0,,13.0,,80.0,85.0,118.0,114.0,480.0,516.0,838.0,928.0,518.0,668.0,356.0,468.0,432.0,470.0,34.0,47.0,52.0,72.0,859.0,1175.0,1109.0,1126.0,545.0,477.0,290.0,198.0,223.0,253.0,2610.0,2536.0,2023.0,1951.0,5591.0,6376.0,4110.0,3917.0,2857.0,2704.0,2746.0,2566.0,3415.0,4126.0,,,,,,,,,,,,,,,,,,,,,,,,,,,,,,,8134591.0,321056.0,25337.0,7160497.0,266457.0,26873.0,9841415.0,463671.0,21225.0,7930321.0,371113.0,21369.0,8708017.0,342822.0,25401.0,8685513.0,322235.0,26954.0,12009675.0,474653.0,25302.0,10160039.0,378485.0,26844.0,8600545.0,348398.0,24686.0,7466493.0,283520.0,26335.0,0.0,0.0,7143.0,8041.0,0.0,0.0,0.0,0.0,0.0,0.0,0.0,0.0,0.0,0.0,0.0,0.0,3940.0,2788.75,0.0,0.0,0.0,0.0,261.75,1039.75,0.0,0.0,0.0,0.0,0.0,0.0,0.0,0.0,0.0,0.0,0.0,0.0,954.25,1155.0,0.0,0.0,0.0,0.0,51.5,431.5,0.0,0.0,0.0,0.0,0.0,0.0,0.0,0.0,0.0,0.0,0.0,0.0,566.0,1513.75,0.0,0.0,0.0,0.0,3.75,79.75,0.0,0.0,0.0,0.0,0.0,0.0,0.0,0.0,0.0,0.0,0.0,0.0,82.75,379.5,0.0,0.0,,,,,,,,,,,,,,,,,,,,,,,,,,,,,,,,,,,,,,,,,,,,,,,,,,,,,,,,,,,,,,,,,,,,,,,,,,,,,,,,,,,,,,,,,,,,,,,,,,,,,,,,,,,,,,,,,,,,,,,,,,,,,,,,,,,,,,,,,,,,,,,,,,,,,,,,,,,,,,,,,,,,,,,,,,,,,,,,,,,,,,,,,,,,,,,,,,,,,,,,
Amager Øst,2025,198.0,184.0,186.0,204.0,345.0,379.0,188.0,180.0,72.0,63.0,13.0,,0.0,,192.0,232.0,55.0,65.0,42.0,56.0,35.0,31.0,18.0,24.0,21.0,,12.0,,75.0,81.0,129.0,103.0,448.0,516.0,872.0,918.0,528.0,672.0,376.0,490.0,455.0,506.0,32.0,44.0,49.0,70.0,864.0,1147.0,1158.0,1175.0,569.0,513.0,316.0,204.0,230.0,260.0,2609.0,2529.0,2023.0,1953.0,5360.0,6180.0,4250.0,4014.0,2728.0,2602.0,2764.0,2607.0,3503.0,4208.0,,,,,,,,,,,,,,,,,,,,,,,,,,,,,,,,,,,,,,,,,,,,,,,,,,,,,,,,,,,,,,,,,,,,,,,,,,,,,,,,,,,,,,,,,,,,,,,,,,,,,,,,,,,,,,,,,,,,,,,,,,,,,,,,,,,,,,,,,,,,,,,,,,,,,,,,,,,,,,,,,,,,,,,,,,,,,,,,,,,,,,,,,,,,,,,,,,,,,,,,,,,,,,,,,,,,,,,,,,,,,,,,,,,,,,,,,,,,,,,,,,,,,,,,,,,,,,,,,,,,,,,,,,,,,,,,,,,,,,,,,,,,,,,,,,,,,,,,,,,,,,,,,,,,,,,,,,,,,,,,,,,,,,,,,,,,,,,,,,,,
Amager Øst,2026,,,,,,,,,,,,,,,,,,,,,,,,,,,,,,,,,,,,,,,,,,,,,,,,,,,,,,,,,,,,,,,,,,,,,,,,,,,,,,,,,,,,,,,,,,,,,,,,,,,,,,,,,,,,,,,,,,,,,,,,,,,,,,,,,,,,,,,,,,,,,,,,,,,,,,,,,,,,,,,,,,,,,,,,,,,,,,,,,,,,,,,,,,,,,,,,,,,,,,,,,,,,,,,,,,,471.0,380.0,248.0,218.0,259.0,251.0,226.0,267.0,265.0,230.0,292.0,285.0,294.0,340.0,439.0,580.0,681.0,764.0,839.0,826.0,858.0,879.0,924.0,314.0,893.0,879.0,742.0,742.0,697.0,647.0,567.0,567.0,521.0,447.0,315.0,376.0,394.0,365.0,358.0,346.0,403.0,369.0,404.0,371.0,374.0,254.0,411.0,419.0,384.0,396.0,350.0,328.0,343.0,317.0,319.0,321.0,264.0,300.0,287.0,313.0,274.0,226.0,247.0,227.0,214.0,196.0,183.0,286.0,168.0,137.0,154.0,139.0,162.0,140.0,124.0,142.0,117.0,111.0,286.0,119.0,76.0,66.0,48.0,42.0,36.0,29.0,26.0,29.0,9.0,239.0,6.0,9.0,7.0,5.0,2.0,0.0,0.0,2.0,0.0,0.0,435.0,367.0,252.0,207.0,229.0,236.0,242.0,273.0,222.0,246.0,270.0,304.0,302.0,348.0,504.0,731.0,919.0,956.0,971.0,976.0,1012.0,970.0,949.0,321.0,826.0,882.0,758.0,745.0,663.0,628.0,526.0,507.0,455.0,446.0,313.0,430.0,396.0,415.0,372.0,398.0,372.0,389.0,386.0,359.0,369.0,273.0,391.0,420.0,345.0,328.0,351.0,327.0,299.0,293.0,332.0,325.0,268.0,315.0,272.0,253.0,244.0,261.0,226.0,217.0,220.0,200.0,214.0,248.0,192.0,212.0,193.0,175.0,163.0,156.0,177.0,146.0,181.0,146.0,260.0,154.0,124.0,111.0,104.0,89.0,79.0,77.0,66.0,38.0,26.0,256.0,27.0,15.0,20.0,21.0,17.0,4.0,8.0,6.0,2.0,2.0
Amager Øst,2027,,,,,,,,,,,,,,,,,,,,,,,,,,,,,,,,,,,,,,,,,,,,,,,,,,,,,,,,,,,,,,,,,,,,,,,,,,,,,,,,,,,,,,,,,,,,,,,,,,,,,,,,,,,,,,,,,,,,,,,,,,,,,,,,,,,,,,,,,,,,,,,,,,,,,,,,,,,,,,,,,,,,,,,,,,,,,,,,,,,,,,,,,,,,,,,,,,,,,,,,,,,,,,,,,,,469.0,412.0,242.0,246.0,219.0,257.0,254.0,229.0,269.0,274.0,245.0,321.0,336.0,331.0,437.0,560.0,673.0,729.0,787.0,850.0,843.0,862.0,857.0,274.0,888.0,841.0,824.0,703.0,705.0,653.0,613.0,552.0,532.0,488.0,294.0,430.0,368.0,376.0,352.0,353.0,343.0,391.0,366.0,405.0,369.0,298.0,371.0,410.0,419.0,383.0,397.0,349.0,325.0,341.0,315.0,317.0,244.0,321.0,299.0,285.0,310.0,268.0,223.0,245.0,223.0,207.0,190.0,261.0,176.0,163.0,135.0,148.0,132.0,156.0,134.0,119.0,137.0,112.0,283.0,103.0,109.0,71.0,60.0,43.0,38.0,32.0,26.0,23.0,22.0,277.0,7.0,5.0,7.0,6.0,4.0,1.0,0.0,0.0,1.0,1.0,444.0,394.0,257.0,251.0,206.0,229.0,238.0,243.0,274.0,229.0,257.0,303.0,328.0,386.0,502.0,681.0,837.0,952.0,970.0,969.0,955.0,969.0,923.0,279.0,894.0,795.0,825.0,711.0,688.0,617.0,593.0,512.0,486.0,441.0,302.0,436.0,422.0,390.0,406.0,371.0,390.0,368.0,386.0,381.0,358.0,297.0,371.0,392.0,416.0,350.0,334.0,349.0,325.0,297.0,295.0,332.0,263.0,325.0,311.0,271.0,250.0,243.0,255.0,224.0,213.0,219.0,196.0,264.0,212.0,187.0,206.0,188.0,172.0,159.0,152.0,170.0,142.0,172.0,245.0,138.0,146.0,117.0,102.0,95.0,81.0,72.0,70.0,59.0,32.0,259.0,23.0,22.0,12.0,16.0,16.0,13.0,3.0,6.0,4.0,3.0
Amager Øst,2028,,,,,,,,,,,,,,,,,,,,,,,,,,,,,,,,,,,,,,,,,,,,,,,,,,,,,,,,,,,,,,,,,,,,,,,,,,,,,,,,,,,,,,,,,,,,,,,,,,,,,,,,,,,,,,,,,,,,,,,,,,,,,,,,,,,,,,,,,,,,,,,,,,,,,,,,,,,,,,,,,,,,,,,,,,,,,,,,,,,,,,,,,,,,,,,,,,,,,,,,,,,,,,,,,,,477.0,415.0,275.0,240.0,243.0,218.0,257.0,254.0,231.0,273.0,278.0,274.0,365.0,360.0,434.0,553.0,650.0,721.0,760.0,818.0,867.0,847.0,852.0,310.0,840.0,837.0,798.0,770.0,675.0,664.0,619.0,593.0,522.0,499.0,259.0,464.0,417.0,353.0,360.0,345.0,349.0,336.0,383.0,368.0,400.0,279.0,364.0,369.0,409.0,416.0,384.0,395.0,345.0,325.0,337.0,313.0,283.0,317.0,319.0,297.0,283.0,302.0,262.0,222.0,241.0,216.0,201.0,242.0,184.0,172.0,160.0,131.0,141.0,128.0,149.0,129.0,115.0,131.0,259.0,105.0,95.0,102.0,65.0,55.0,40.0,34.0,28.0,23.0,19.0,272.0,17.0,6.0,4.0,6.0,4.0,2.0,1.0,0.0,0.0,2.0,451.0,406.0,259.0,255.0,245.0,206.0,229.0,235.0,243.0,274.0,241.0,291.0,353.0,390.0,542.0,673.0,792.0,888.0,966.0,969.0,958.0,927.0,924.0,302.0,875.0,845.0,759.0,774.0,664.0,640.0,582.0,570.0,491.0,469.0,265.0,428.0,423.0,411.0,381.0,398.0,363.0,380.0,364.0,378.0,377.0,285.0,356.0,371.0,389.0,413.0,352.0,333.0,345.0,321.0,296.0,293.0,283.0,330.0,320.0,308.0,268.0,247.0,237.0,251.0,220.0,212.0,214.0,257.0,194.0,206.0,181.0,201.0,184.0,168.0,154.0,146.0,164.0,135.0,259.0,163.0,133.0,139.0,109.0,96.0,89.0,76.0,68.0,65.0,51.0,243.0,32.0,21.0,20.0,11.0,13.0,13.0,10.0,3.0,4.0,6.0
Amager Øst,2029,,,,,,,,,,,,,,,,,,,,,,,,,,,,,,,,,,,,,,,,,,,,,,,,,,,,,,,,,,,,,,,,,,,,,,,,,,,,,,,,,,,,,,,,,,,,,,,,,,,,,,,,,,,,,,,,,,,,,,,,,,,,,,,,,,,,,,,,,,,,,,,,,,,,,,,,,,,,,,,,,,,,,,,,,,,,,,,,,,,,,,,,,,,,,,,,,,,,,,,,,,,,,,,,,,,477.0,419.0,268.0,270.0,237.0,240.0,219.0,256.0,253.0,237.0,278.0,305.0,365.0,321.0,454.0,540.0,631.0,693.0,740.0,785.0,834.0,855.0,831.0,333.0,826.0,795.0,785.0,746.0,723.0,635.0,624.0,595.0,554.0,489.0,288.0,473.0,444.0,393.0,338.0,350.0,339.0,339.0,330.0,382.0,363.0,247.0,392.0,358.0,369.0,405.0,413.0,381.0,386.0,343.0,321.0,332.0,263.0,311.0,313.0,315.0,293.0,277.0,295.0,259.0,219.0,231.0,209.0,278.0,195.0,178.0,167.0,153.0,124.0,136.0,122.0,142.0,124.0,109.0,239.0,121.0,97.0,89.0,92.0,58.0,50.0,35.0,29.0,24.0,18.0,249.0,14.0,13.0,4.0,3.0,4.0,2.0,1.0,0.0,0.0,2.0,452.0,409.0,241.0,255.0,249.0,242.0,207.0,226.0,235.0,244.0,278.0,276.0,361.0,379.0,543.0,699.0,772.0,841.0,904.0,951.0,946.0,924.0,883.0,322.0,868.0,821.0,791.0,717.0,715.0,618.0,598.0,557.0,539.0,473.0,284.0,453.0,415.0,411.0,399.0,375.0,386.0,352.0,373.0,357.0,373.0,251.0,373.0,354.0,367.0,386.0,409.0,349.0,330.0,340.0,316.0,292.0,270.0,291.0,324.0,317.0,303.0,264.0,241.0,234.0,244.0,218.0,207.0,274.0,210.0,188.0,199.0,176.0,195.0,178.0,161.0,148.0,142.0,155.0,251.0,128.0,155.0,126.0,128.0,100.0,88.0,81.0,69.0,60.0,54.0,255.0,45.0,25.0,17.0,16.0,9.0,10.0,10.0,7.0,1.0,7.0
Amager Øst,2030,,,,,,,,,,,,,,,,,,,,,,,,,,,,,,,,,,,,,,,,,,,,,,,,,,,,,,,,,,,,,,,,,,,,,,,,,,,,,,,,,,,,,,,,,,,,,,,,,,,,,,,,,,,,,,,,,,,,,,,,,,,,,,,,,,,,,,,,,,,,,,,,,,,,,,,,,,,,,,,,,,,,,,,,,,,,,,,,,,,,,,,,,,,,,,,,,,,,,,,,,,,,,,,,,,,483.0,423.0,248.0,264.0,266.0,236.0,241.0,222.0,257.0,260.0,247.0,308.0,371.0,357.0,433.0,562.0,627.0,686.0,727.0,773.0,812.0,835.0,841.0,336.0,813.0,786.0,758.0,735.0,709.0,677.0,605.0,605.0,559.0,520.0,311.0,468.0,456.0,420.0,377.0,333.0,345.0,332.0,334.0,333.0,377.0,274.0,358.0,386.0,357.0,367.0,403.0,409.0,374.0,383.0,339.0,317.0,237.0,328.0,306.0,310.0,312.0,288.0,272.0,291.0,255.0,213.0,223.0,259.0,202.0,188.0,173.0,160.0,145.0,120.0,130.0,117.0,137.0,117.0,274.0,101.0,111.0,90.0,81.0,81.0,52.0,44.0,31.0,25.0,19.0,232.0,14.0,12.0,9.0,4.0,3.0,2.0,2.0,1.0,0.0,2.0,458.0,412.0,254.0,240.0,252.0,248.0,242.0,207.0,227.0,237.0,253.0,314.0,368.0,381.0,544.0,701.0,798.0,830.0,870.0,906.0,934.0,918.0,888.0,331.0,839.0,820.0,776.0,745.0,673.0,665.0,582.0,575.0,531.0,520.0,303.0,461.0,441.0,407.0,401.0,394.0,368.0,376.0,349.0,367.0,355.0,269.0,371.0,372.0,351.0,366.0,385.0,405.0,348.0,328.0,335.0,312.0,240.0,289.0,288.0,321.0,312.0,299.0,258.0,239.0,228.0,242.0,213.0,263.0,203.0,204.0,182.0,193.0,172.0,188.0,171.0,156.0,143.0,134.0,268.0,146.0,122.0,145.0,115.0,116.0,91.0,78.0,71.0,60.0,49.0,248.0,45.0,35.0,20.0,14.0,11.0,6.0,7.0,7.0,2.0,6.0
Amager Øst,2031,,,,,,,,,,,,,,,,,,,,,,,,,,,,,,,,,,,,,,,,,,,,,,,,,,,,,,,,,,,,,,,,,,,,,,,,,,,,,,,,,,,,,,,,,,,,,,,,,,,,,,,,,,,,,,,,,,,,,,,,,,,,,,,,,,,,,,,,,,,,,,,,,,,,,,,,,,,,,,,,,,,,,,,,,,,,,,,,,,,,,,,,,,,,,,,,,,,,,,,,,,,,,,,,,,,506.0,441.0,236.0,251.0,264.0,267.0,242.0,247.0,227.0,265.0,270.0,285.0,386.0,369.0,486.0,577.0,678.0,714.0,749.0,790.0,826.0,840.0,850.0,351.0,843.0,794.0,768.0,732.0,713.0,682.0,654.0,601.0,579.0,534.0,323.0,505.0,461.0,439.0,408.0,376.0,338.0,343.0,332.0,341.0,336.0,302.0,374.0,358.0,387.0,359.0,371.0,404.0,404.0,374.0,380.0,338.0,267.0,317.0,324.0,305.0,308.0,307.0,284.0,271.0,287.0,248.0,207.0,240.0,217.0,196.0,184.0,167.0,153.0,141.0,116.0,125.0,114.0,130.0,261.0,109.0,93.0,104.0,82.0,72.0,73.0,46.0,38.0,27.0,19.0,269.0,14.0,11.0,8.0,8.0,3.0,1.0,1.0,1.0,0.0,2.0,479.0,429.0,251.0,256.0,240.0,254.0,252.0,243.0,214.0,233.0,250.0,299.0,381.0,426.0,576.0,734.0,830.0,876.0,885.0,903.0,922.0,930.0,905.0,347.0,868.0,816.0,792.0,750.0,710.0,645.0,636.0,572.0,557.0,522.0,320.0,511.0,457.0,438.0,403.0,401.0,392.0,366.0,376.0,349.0,369.0,293.0,358.0,374.0,372.0,355.0,370.0,387.0,404.0,348.0,328.0,332.0,262.0,310.0,288.0,288.0,318.0,311.0,294.0,257.0,236.0,229.0,238.0,240.0,211.0,199.0,199.0,179.0,190.0,167.0,182.0,165.0,151.0,136.0,260.0,127.0,139.0,115.0,133.0,106.0,106.0,82.0,70.0,63.0,50.0,269.0,42.0,36.0,28.0,16.0,10.0,9.0,5.0,5.0,2.0,6.0
Amager Øst,2032,,,,,,,,,,,,,,,,,,,,,,,,,,,,,,,,,,,,,,,,,,,,,,,,,,,,,,,,,,,,,,,,,,,,,,,,,,,,,,,,,,,,,,,,,,,,,,,,,,,,,,,,,,,,,,,,,,,,,,,,,,,,,,,,,,,,,,,,,,,,,,,,,,,,,,,,,,,,,,,,,,,,,,,,,,,,,,,,,,,,,,,,,,,,,,,,,,,,,,,,,,,,,,,,,,,518.0,460.0,271.0,238.0,252.0,264.0,271.0,248.0,250.0,238.0,274.0,305.0,401.0,356.0,506.0,636.0,697.0,761.0,775.0,809.0,843.0,851.0,854.0,364.0,852.0,817.0,774.0,740.0,712.0,684.0,661.0,644.0,576.0,552.0,336.0,518.0,494.0,444.0,427.0,405.0,378.0,336.0,342.0,340.0,343.0,313.0,336.0,374.0,362.0,388.0,362.0,373.0,400.0,404.0,373.0,377.0,292.0,339.0,314.0,321.0,304.0,303.0,303.0,284.0,270.0,279.0,241.0,267.0,203.0,212.0,193.0,178.0,160.0,149.0,136.0,113.0,122.0,110.0,242.0,121.0,101.0,87.0,94.0,74.0,66.0,64.0,41.0,34.0,22.0,256.0,15.0,12.0,8.0,7.0,6.0,2.0,1.0,1.0,1.0,3.0,491.0,447.0,271.0,253.0,256.0,243.0,259.0,253.0,247.0,222.0,245.0,298.0,396.0,427.0,625.0,779.0,862.0,905.0,924.0,915.0,919.0,916.0,913.0,358.0,880.0,842.0,788.0,764.0,715.0,675.0,620.0,622.0,555.0,546.0,334.0,512.0,503.0,454.0,433.0,404.0,399.0,388.0,366.0,373.0,351.0,309.0,371.0,362.0,374.0,375.0,358.0,372.0,388.0,401.0,347.0,326.0,284.0,330.0,307.0,287.0,286.0,317.0,305.0,292.0,254.0,237.0,226.0,260.0,236.0,208.0,196.0,196.0,176.0,186.0,163.0,176.0,161.0,144.0,239.0,130.0,123.0,132.0,108.0,124.0,99.0,99.0,76.0,65.0,54.0,261.0,45.0,36.0,31.0,24.0,13.0,9.0,7.0,4.0,1.0,6.0
Amager Øst,2033,,,,,,,,,,,,,,,,,,,,,,,,,,,,,,,,,,,,,,,,,,,,,,,,,,,,,,,,,,,,,,,,,,,,,,,,,,,,,,,,,,,,,,,,,,,,,,,,,,,,,,,,,,,,,,,,,,,,,,,,,,,,,,,,,,,,,,,,,,,,,,,,,,,,,,,,,,,,,,,,,,,,,,,,,,,,,,,,,,,,,,,,,,,,,,,,,,,,,,,,,,,,,,,,,,,532.0,472.0,258.0,273.0,241.0,254.0,269.0,277.0,253.0,260.0,251.0,309.0,419.0,377.0,521.0,668.0,759.0,787.0,826.0,840.0,867.0,872.0,867.0,379.0,859.0,829.0,796.0,746.0,721.0,686.0,663.0,654.0,614.0,553.0,348.0,537.0,508.0,476.0,434.0,424.0,406.0,375.0,337.0,349.0,343.0,327.0,342.0,338.0,376.0,364.0,390.0,364.0,371.0,400.0,400.0,370.0,304.0,376.0,335.0,312.0,318.0,299.0,299.0,302.0,282.0,264.0,271.0,291.0,235.0,198.0,207.0,186.0,170.0,155.0,144.0,132.0,110.0,116.0,268.0,103.0,111.0,94.0,80.0,83.0,67.0,58.0,56.0,36.0,26.0,239.0,17.0,12.0,9.0,7.0,6.0,3.0,1.0,1.0,0.0,3.0,504.0,460.0,263.0,273.0,253.0,259.0,248.0,260.0,258.0,253.0,237.0,297.0,414.0,443.0,652.0,830.0,913.0,938.0,955.0,953.0,934.0,918.0,905.0,374.0,889.0,855.0,814.0,763.0,729.0,681.0,647.0,612.0,602.0,547.0,346.0,536.0,506.0,497.0,450.0,432.0,403.0,396.0,389.0,365.0,374.0,323.0,354.0,374.0,364.0,378.0,378.0,361.0,375.0,386.0,397.0,345.0,300.0,325.0,327.0,307.0,285.0,286.0,311.0,302.0,288.0,255.0,234.0,282.0,224.0,232.0,204.0,192.0,193.0,172.0,180.0,158.0,171.0,153.0,258.0,137.0,125.0,116.0,121.0,99.0,113.0,89.0,89.0,67.0,54.0,242.0,47.0,36.0,29.0,25.0,18.0,10.0,6.0,5.0,1.0,5.0
Amager Øst,2034,,,,,,,,,,,,,,,,,,,,,,,,,,,,,,,,,,,,,,,,,,,,,,,,,,,,,,,,,,,,,,,,,,,,,,,,,,,,,,,,,,,,,,,,,,,,,,,,,,,,,,,,,,,,,,,,,,,,,,,,,,,,,,,,,,,,,,,,,,,,,,,,,,,,,,,,,,,,,,,,,,,,,,,,,,,,,,,,,,,,,,,,,,,,,,,,,,,,,,,,,,,,,,,,,,,543.0,484.0,242.0,260.0,274.0,243.0,260.0,274.0,281.0,264.0,272.0,289.0,430.0,385.0,553.0,702.0,787.0,846.0,854.0,890.0,899.0,895.0,888.0,394.0,871.0,835.0,808.0,766.0,726.0,695.0,667.0,656.0,626.0,586.0,362.0,539.0,526.0,489.0,463.0,432.0,425.0,400.0,373.0,345.0,352.0,338.0,343.0,343.0,342.0,377.0,368.0,391.0,362.0,373.0,397.0,397.0,317.0,371.0,372.0,333.0,311.0,312.0,296.0,299.0,300.0,277.0,258.0,304.0,265.0,229.0,195.0,201.0,178.0,165.0,150.0,139.0,128.0,106.0,292.0,109.0,95.0,105.0,86.0,71.0,76.0,60.0,51.0,49.0,29.0,263.0,21.0,15.0,9.0,7.0,7.0,4.0,2.0,1.0,0.0,3.0,515.0,471.0,245.0,265.0,272.0,257.0,264.0,250.0,266.0,265.0,265.0,294.0,425.0,454.0,673.0,871.0,956.0,987.0,987.0,983.0,970.0,932.0,908.0,389.0,883.0,863.0,826.0,788.0,729.0,695.0,653.0,635.0,594.0,591.0,360.0,537.0,527.0,501.0,490.0,449.0,430.0,400.0,396.0,387.0,368.0,334.0,375.0,357.0,374.0,368.0,381.0,380.0,363.0,374.0,384.0,391.0,313.0,343.0,323.0,326.0,304.0,285.0,282.0,309.0,299.0,288.0,252.0,297.0,233.0,222.0,227.0,201.0,190.0,189.0,168.0,175.0,154.0,164.0,278.0,146.0,133.0,119.0,109.0,112.0,93.0,104.0,83.0,81.0,58.0,259.0,50.0,40.0,31.0,24.0,19.0,15.0,8.0,6.0,3.0,5.0
Amager Øst,2035,,,,,,,,,,,,,,,,,,,,,,,,,,,,,,,,,,,,,,,,,,,,,,,,,,,,,,,,,,,,,,,,,,,,,,,,,,,,,,,,,,,,,,,,,,,,,,,,,,,,,,,,,,,,,,,,,,,,,,,,,,,,,,,,,,,,,,,,,,,,,,,,,,,,,,,,,,,,,,,,,,,,,,,,,,,,,,,,,,,,,,,,,,,,,,,,,,,,,,,,,,,,,,,,,,,551.0,492.0,264.0,244.0,260.0,275.0,250.0,266.0,278.0,291.0,277.0,310.0,440.0,372.0,585.0,729.0,820.0,866.0,907.0,915.0,947.0,924.0,909.0,404.0,890.0,844.0,811.0,776.0,743.0,697.0,674.0,659.0,626.0,597.0,375.0,567.0,527.0,505.0,475.0,459.0,433.0,418.0,397.0,380.0,348.0,350.0,350.0,344.0,347.0,345.0,379.0,369.0,387.0,362.0,372.0,394.0,327.0,396.0,367.0,369.0,331.0,305.0,307.0,295.0,297.0,294.0,270.0,315.0,252.0,258.0,225.0,190.0,193.0,174.0,160.0,146.0,136.0,124.0,303.0,100.0,102.0,90.0,96.0,77.0,65.0,67.0,53.0,45.0,39.0,285.0,23.0,18.0,11.0,8.0,7.0,4.0,2.0,1.0,0.0,3.0,522.0,480.0,261.0,247.0,264.0,275.0,261.0,265.0,256.0,272.0,277.0,322.0,435.0,469.0,689.0,886.0,993.0,1018.0,1031.0,1011.0,996.0,963.0,920.0,398.0,885.0,857.0,831.0,797.0,750.0,694.0,664.0,640.0,614.0,584.0,373.0,578.0,529.0,520.0,493.0,488.0,447.0,425.0,400.0,393.0,388.0,346.0,369.0,377.0,358.0,377.0,371.0,383.0,381.0,362.0,372.0,380.0,323.0,387.0,341.0,323.0,323.0,303.0,280.0,281.0,306.0,299.0,284.0,309.0,251.0,231.0,218.0,224.0,199.0,186.0,185.0,164.0,171.0,148.0,293.0,156.0,142.0,126.0,111.0,102.0,105.0,86.0,97.0,76.0,70.0,279.0,54.0,42.0,34.0,26.0,19.0,16.0,11.0,7.0,3.0,6.0
Amager Øst,2036,,,,,,,,,,,,,,,,,,,,,,,,,,,,,,,,,,,,,,,,,,,,,,,,,,,,,,,,,,,,,,,,,,,,,,,,,,,,,,,,,,,,,,,,,,,,,,,,,,,,,,,,,,,,,,,,,,,,,,,,,,,,,,,,,,,,,,,,,,,,,,,,,,,,,,,,,,,,,,,,,,,,,,,,,,,,,,,,,,,,,,,,,,,,,,,,,,,,,,,,,,,,,,,,,,,555.0,497.0,284.0,264.0,245.0,261.0,279.0,255.0,270.0,287.0,302.0,316.0,445.0,397.0,595.0,761.0,828.0,891.0,917.0,960.0,966.0,964.0,931.0,410.0,905.0,857.0,815.0,775.0,749.0,708.0,673.0,663.0,627.0,594.0,381.0,576.0,552.0,506.0,489.0,469.0,457.0,426.0,413.0,401.0,381.0,361.0,346.0,350.0,346.0,347.0,347.0,379.0,366.0,385.0,360.0,369.0,337.0,393.0,389.0,363.0,365.0,324.0,300.0,305.0,293.0,291.0,287.0,324.0,264.0,246.0,252.0,218.0,183.0,187.0,168.0,154.0,142.0,130.0,314.0,116.0,93.0,96.0,83.0,85.0,70.0,58.0,59.0,46.0,35.0,295.0,30.0,19.0,13.0,9.0,7.0,3.0,3.0,2.0,1.0,4.0,527.0,484.0,279.0,261.0,246.0,265.0,278.0,262.0,269.0,262.0,284.0,339.0,440.0,510.0,706.0,895.0,994.0,1046.0,1050.0,1048.0,1018.0,983.0,944.0,405.0,893.0,856.0,821.0,797.0,755.0,712.0,661.0,647.0,616.0,599.0,379.0,571.0,566.0,521.0,510.0,489.0,482.0,441.0,424.0,396.0,393.0,357.0,389.0,371.0,376.0,360.0,379.0,373.0,383.0,378.0,359.0,367.0,333.0,376.0,381.0,339.0,320.0,321.0,297.0,278.0,278.0,305.0,295.0,317.0,281.0,247.0,226.0,214.0,220.0,194.0,181.0,180.0,159.0,163.0,303.0,141.0,150.0,134.0,117.0,103.0,94.0,95.0,79.0,87.0,65.0,292.0,62.0,44.0,35.0,28.0,19.0,15.0,12.0,9.0,4.0,7.0
Amager Øst,2037,,,,,,,,,,,,,,,,,,,,,,,,,,,,,,,,,,,,,,,,,,,,,,,,,,,,,,,,,,,,,,,,,,,,,,,,,,,,,,,,,,,,,,,,,,,,,,,,,,,,,,,,,,,,,,,,,,,,,,,,,,,,,,,,,,,,,,,,,,,,,,,,,,,,,,,,,,,,,,,,,,,,,,,,,,,,,,,,,,,,,,,,,,,,,,,,,,,,,,,,,,,,,,,,,,,550.0,493.0,292.0,281.0,261.0,244.0,263.0,282.0,258.0,278.0,295.0,339.0,443.0,406.0,636.0,752.0,838.0,875.0,927.0,952.0,994.0,967.0,956.0,409.0,913.0,859.0,817.0,767.0,740.0,707.0,675.0,655.0,624.0,590.0,382.0,568.0,557.0,523.0,486.0,480.0,464.0,445.0,418.0,415.0,398.0,363.0,375.0,343.0,349.0,345.0,346.0,346.0,372.0,363.0,379.0,355.0,344.0,367.0,385.0,383.0,358.0,355.0,317.0,297.0,300.0,285.0,283.0,331.0,279.0,257.0,241.0,244.0,208.0,178.0,180.0,162.0,150.0,136.0,319.0,122.0,108.0,88.0,88.0,74.0,77.0,62.0,51.0,51.0,36.0,302.0,28.0,25.0,14.0,11.0,8.0,4.0,2.0,2.0,1.0,4.0,522.0,481.0,290.0,276.0,257.0,246.0,266.0,276.0,264.0,273.0,273.0,349.0,438.0,541.0,734.0,895.0,982.0,1026.0,1062.0,1047.0,1038.0,988.0,950.0,405.0,903.0,852.0,811.0,779.0,746.0,709.0,670.0,638.0,617.0,596.0,381.0,580.0,556.0,553.0,508.0,503.0,480.0,471.0,437.0,416.0,394.0,360.0,391.0,387.0,368.0,374.0,359.0,377.0,371.0,378.0,373.0,353.0,340.0,363.0,369.0,377.0,335.0,317.0,313.0,293.0,273.0,277.0,300.0,324.0,291.0,276.0,241.0,221.0,210.0,215.0,188.0,175.0,174.0,152.0,309.0,155.0,135.0,141.0,124.0,108.0,95.0,85.0,87.0,71.0,73.0,300.0,57.0,50.0,36.0,28.0,21.0,16.0,11.0,9.0,4.0,8.0
Amager Øst,2038,,,,,,,,,,,,,,,,,,,,,,,,,,,,,,,,,,,,,,,,,,,,,,,,,,,,,,,,,,,,,,,,,,,,,,,,,,,,,,,,,,,,,,,,,,,,,,,,,,,,,,,,,,,,,,,,,,,,,,,,,,,,,,,,,,,,,,,,,,,,,,,,,,,,,,,,,,,,,,,,,,,,,,,,,,,,,,,,,,,,,,,,,,,,,,,,,,,,,,,,,,,,,,,,,,,550.0,490.0,300.0,289.0,278.0,259.0,247.0,266.0,284.0,267.0,288.0,331.0,441.0,433.0,651.0,786.0,823.0,879.0,902.0,959.0,982.0,992.0,958.0,408.0,936.0,867.0,818.0,770.0,733.0,698.0,675.0,657.0,617.0,588.0,382.0,565.0,549.0,528.0,502.0,478.0,475.0,452.0,436.0,420.0,411.0,365.0,391.0,371.0,343.0,347.0,344.0,345.0,341.0,369.0,359.0,374.0,346.0,352.0,361.0,379.0,377.0,349.0,348.0,314.0,293.0,292.0,277.0,337.0,276.0,272.0,252.0,233.0,233.0,202.0,172.0,173.0,157.0,143.0,326.0,128.0,113.0,101.0,81.0,79.0,68.0,68.0,54.0,45.0,40.0,308.0,29.0,23.0,19.0,11.0,10.0,4.0,3.0,1.0,1.0,5.0,522.0,478.0,297.0,288.0,272.0,257.0,247.0,265.0,278.0,268.0,283.0,339.0,436.0,559.0,763.0,915.0,978.0,1010.0,1037.0,1057.0,1034.0,1006.0,955.0,404.0,908.0,862.0,809.0,770.0,730.0,701.0,667.0,647.0,609.0,597.0,382.0,577.0,564.0,544.0,538.0,501.0,493.0,469.0,465.0,429.0,413.0,362.0,392.0,390.0,383.0,367.0,372.0,359.0,375.0,367.0,373.0,366.0,343.0,348.0,357.0,366.0,370.0,332.0,311.0,309.0,288.0,272.0,273.0,330.0,296.0,285.0,269.0,236.0,218.0,205.0,208.0,183.0,171.0,166.0,315.0,145.0,148.0,128.0,131.0,114.0,99.0,86.0,78.0,78.0,61.0,305.0,65.0,47.0,42.0,30.0,22.0,17.0,12.0,9.0,5.0,9.0
Amager Øst,2039,,,,,,,,,,,,,,,,,,,,,,,,,,,,,,,,,,,,,,,,,,,,,,,,,,,,,,,,,,,,,,,,,,,,,,,,,,,,,,,,,,,,,,,,,,,,,,,,,,,,,,,,,,,,,,,,,,,,,,,,,,,,,,,,,,,,,,,,,,,,,,,,,,,,,,,,,,,,,,,,,,,,,,,,,,,,,,,,,,,,,,,,,,,,,,,,,,,,,,,,,,,,,,,,,,,550.0,490.0,305.0,296.0,286.0,275.0,262.0,250.0,269.0,292.0,278.0,327.0,438.0,425.0,685.0,798.0,849.0,859.0,901.0,927.0,987.0,978.0,981.0,406.0,936.0,887.0,825.0,771.0,736.0,692.0,666.0,657.0,619.0,581.0,381.0,562.0,545.0,521.0,507.0,492.0,474.0,462.0,443.0,438.0,417.0,365.0,404.0,386.0,370.0,342.0,346.0,343.0,339.0,339.0,364.0,354.0,348.0,370.0,346.0,356.0,374.0,368.0,342.0,344.0,310.0,285.0,284.0,340.0,271.0,268.0,266.0,244.0,223.0,226.0,195.0,166.0,168.0,150.0,332.0,135.0,118.0,107.0,93.0,73.0,72.0,60.0,60.0,48.0,35.0,314.0,32.0,25.0,17.0,15.0,10.0,6.0,3.0,2.0,1.0,5.0,522.0,478.0,303.0,295.0,283.0,271.0,258.0,246.0,267.0,281.0,278.0,349.0,434.0,552.0,783.0,942.0,992.0,1002.0,1017.0,1026.0,1041.0,998.0,971.0,402.0,912.0,867.0,817.0,768.0,723.0,686.0,660.0,645.0,617.0,589.0,381.0,578.0,561.0,550.0,531.0,530.0,492.0,482.0,464.0,457.0,426.0,362.0,410.0,391.0,386.0,382.0,365.0,370.0,356.0,370.0,362.0,366.0,345.0,361.0,342.0,354.0,359.0,365.0,324.0,307.0,303.0,287.0,268.0,333.0,270.0,291.0,279.0,263.0,233.0,213.0,199.0,202.0,178.0,163.0,321.0,158.0,139.0,140.0,119.0,121.0,105.0,91.0,79.0,70.0,66.0,311.0,54.0,53.0,39.0,34.0,23.0,17.0,13.0,9.0,5.0,10.0
Amager Øst,2040,,,,,,,,,,,,,,,,,,,,,,,,,,,,,,,,,,,,,,,,,,,,,,,,,,,,,,,,,,,,,,,,,,,,,,,,,,,,,,,,,,,,,,,,,,,,,,,,,,,,,,,,,,,,,,,,,,,,,,,,,,,,,,,,,,,,,,,,,,,,,,,,,,,,,,,,,,,,,,,,,,,,,,,,,,,,,,,,,,,,,,,,,,,,,,,,,,,,,,,,,,,,,,,,,,,549.0,490.0,311.0,302.0,293.0,284.0,278.0,264.0,253.0,277.0,301.0,316.0,438.0,423.0,670.0,833.0,860.0,880.0,879.0,924.0,950.0,981.0,965.0,404.0,957.0,887.0,843.0,777.0,737.0,694.0,660.0,648.0,618.0,582.0,380.0,556.0,543.0,517.0,500.0,498.0,487.0,461.0,453.0,445.0,434.0,364.0,410.0,399.0,384.0,368.0,341.0,344.0,338.0,337.0,335.0,358.0,348.0,351.0,362.0,340.0,351.0,364.0,359.0,338.0,339.0,302.0,277.0,341.0,277.0,263.0,263.0,258.0,234.0,217.0,218.0,188.0,162.0,161.0,335.0,141.0,125.0,112.0,98.0,83.0,67.0,64.0,53.0,52.0,37.0,320.0,28.0,27.0,19.0,14.0,13.0,5.0,4.0,2.0,1.0,5.0,521.0,478.0,309.0,300.0,290.0,283.0,271.0,256.0,248.0,271.0,290.0,345.0,434.0,562.0,772.0,965.0,1016.0,1012.0,1006.0,1005.0,1008.0,1003.0,962.0,401.0,926.0,870.0,821.0,776.0,721.0,680.0,647.0,637.0,615.0,597.0,380.0,570.0,561.0,547.0,536.0,524.0,519.0,481.0,477.0,456.0,453.0,361.0,424.0,408.0,387.0,385.0,380.0,364.0,367.0,352.0,364.0,355.0,345.0,360.0,354.0,339.0,348.0,355.0,356.0,321.0,302.0,302.0,282.0,335.0,265.0,265.0,284.0,273.0,259.0,227.0,207.0,194.0,196.0,170.0,324.0,156.0,152.0,132.0,130.0,110.0,111.0,96.0,83.0,71.0,60.0,317.0,58.0,44.0,44.0,32.0,26.0,18.0,13.0,10.0,5.0,10.0
Amager Øst,2041,,,,,,,,,,,,,,,,,,,,,,,,,,,,,,,,,,,,,,,,,,,,,,,,,,,,,,,,,,,,,,,,,,,,,,,,,,,,,,,,,,,,,,,,,,,,,,,,,,,,,,,,,,,,,,,,,,,,,,,,,,,,,,,,,,,,,,,,,,,,,,,,,,,,,,,,,,,,,,,,,,,,,,,,,,,,,,,,,,,,,,,,,,,,,,,,,,,,,,,,,,,,,,,,,,,546.0,488.0,316.0,308.0,298.0,290.0,286.0,279.0,266.0,261.0,286.0,338.0,437.0,415.0,668.0,811.0,895.0,890.0,897.0,899.0,944.0,942.0,966.0,404.0,939.0,904.0,842.0,792.0,741.0,694.0,662.0,642.0,610.0,581.0,378.0,556.0,536.0,515.0,496.0,490.0,493.0,473.0,452.0,455.0,441.0,363.0,426.0,405.0,397.0,381.0,366.0,340.0,338.0,335.0,332.0,331.0,347.0,355.0,345.0,356.0,336.0,343.0,356.0,355.0,333.0,329.0,293.0,341.0,270.0,269.0,258.0,255.0,248.0,228.0,210.0,210.0,182.0,155.0,336.0,151.0,131.0,118.0,103.0,88.0,77.0,59.0,57.0,46.0,41.0,322.0,30.0,23.0,20.0,15.0,13.0,8.0,3.0,2.0,1.0,6.0,519.0,477.0,314.0,306.0,295.0,289.0,283.0,269.0,257.0,252.0,280.0,357.0,433.0,558.0,773.0,953.0,1041.0,1034.0,1013.0,992.0,985.0,969.0,965.0,400.0,916.0,882.0,823.0,779.0,727.0,678.0,641.0,624.0,607.0,595.0,378.0,578.0,553.0,547.0,532.0,528.0,514.0,507.0,476.0,467.0,452.0,360.0,449.0,422.0,404.0,386.0,383.0,379.0,361.0,361.0,347.0,357.0,344.0,350.0,354.0,350.0,333.0,344.0,347.0,351.0,315.0,301.0,297.0,335.0,278.0,260.0,259.0,278.0,268.0,253.0,220.0,201.0,188.0,187.0,326.0,162.0,150.0,144.0,123.0,120.0,101.0,101.0,88.0,75.0,60.0,320.0,53.0,48.0,37.0,36.0,25.0,21.0,14.0,10.0,6.0,11.0
Amager Øst,2042,,,,,,,,,,,,,,,,,,,,,,,,,,,,,,,,,,,,,,,,,,,,,,,,,,,,,,,,,,,,,,,,,,,,,,,,,,,,,,,,,,,,,,,,,,,,,,,,,,,,,,,,,,,,,,,,,,,,,,,,,,,,,,,,,,,,,,,,,,,,,,,,,,,,,,,,,,,,,,,,,,,,,,,,,,,,,,,,,,,,,,,,,,,,,,,,,,,,,,,,,,,,,,,,,,,544.0,486.0,319.0,313.0,304.0,295.0,293.0,288.0,281.0,273.0,270.0,324.0,436.0,434.0,652.0,805.0,873.0,925.0,906.0,914.0,917.0,934.0,926.0,403.0,940.0,887.0,857.0,790.0,756.0,698.0,662.0,644.0,604.0,573.0,377.0,556.0,536.0,508.0,494.0,487.0,485.0,479.0,463.0,455.0,451.0,361.0,433.0,420.0,403.0,394.0,379.0,364.0,335.0,335.0,331.0,328.0,346.0,328.0,348.0,339.0,351.0,327.0,336.0,352.0,349.0,324.0,320.0,340.0,286.0,263.0,263.0,250.0,245.0,241.0,220.0,203.0,204.0,175.0,336.0,146.0,140.0,124.0,108.0,92.0,81.0,68.0,53.0,50.0,37.0,323.0,33.0,25.0,17.0,17.0,15.0,7.0,5.0,2.0,1.0,6.0,516.0,474.0,316.0,311.0,301.0,294.0,290.0,281.0,269.0,260.0,261.0,348.0,432.0,569.0,762.0,948.0,1030.0,1060.0,1035.0,998.0,971.0,946.0,932.0,399.0,918.0,871.0,834.0,780.0,730.0,684.0,639.0,619.0,595.0,587.0,377.0,575.0,560.0,540.0,532.0,524.0,517.0,502.0,501.0,467.0,463.0,358.0,448.0,446.0,418.0,402.0,384.0,381.0,375.0,356.0,356.0,340.0,343.0,352.0,344.0,350.0,344.0,329.0,336.0,342.0,343.0,314.0,296.0,334.0,293.0,273.0,254.0,254.0,274.0,262.0,245.0,214.0,196.0,180.0,326.0,179.0,156.0,142.0,134.0,114.0,111.0,93.0,93.0,79.0,64.0,321.0,54.0,44.0,40.0,31.0,28.0,20.0,16.0,11.0,6.0,12.0
Amager Øst,2043,,,,,,,,,,,,,,,,,,,,,,,,,,,,,,,,,,,,,,,,,,,,,,,,,,,,,,,,,,,,,,,,,,,,,,,,,,,,,,,,,,,,,,,,,,,,,,,,,,,,,,,,,,,,,,,,,,,,,,,,,,,,,,,,,,,,,,,,,,,,,,,,,,,,,,,,,,,,,,,,,,,,,,,,,,,,,,,,,,,,,,,,,,,,,,,,,,,,,,,,,,,,,,,,,,,542.0,484.0,320.0,315.0,309.0,301.0,298.0,295.0,290.0,288.0,281.0,307.0,435.0,424.0,658.0,787.0,871.0,906.0,944.0,925.0,933.0,909.0,919.0,402.0,901.0,889.0,841.0,805.0,754.0,712.0,666.0,645.0,607.0,569.0,377.0,548.0,536.0,508.0,488.0,485.0,482.0,472.0,470.0,465.0,451.0,361.0,442.0,428.0,419.0,400.0,391.0,377.0,358.0,332.0,331.0,327.0,345.0,325.0,322.0,342.0,335.0,342.0,320.0,332.0,347.0,340.0,315.0,340.0,312.0,278.0,257.0,255.0,240.0,239.0,233.0,213.0,198.0,196.0,336.0,165.0,136.0,132.0,114.0,97.0,85.0,72.0,60.0,46.0,39.0,324.0,29.0,27.0,19.0,15.0,15.0,8.0,5.0,3.0,1.0,7.0,514.0,473.0,318.0,314.0,306.0,300.0,295.0,287.0,282.0,272.0,268.0,327.0,431.0,562.0,767.0,938.0,1028.0,1053.0,1063.0,1019.0,976.0,934.0,911.0,399.0,888.0,875.0,824.0,791.0,731.0,687.0,645.0,618.0,591.0,576.0,377.0,568.0,558.0,547.0,525.0,524.0,513.0,505.0,497.0,491.0,463.0,358.0,459.0,446.0,441.0,416.0,400.0,383.0,378.0,370.0,351.0,348.0,342.0,335.0,345.0,340.0,343.0,340.0,322.0,332.0,335.0,341.0,308.0,334.0,293.0,287.0,266.0,249.0,251.0,267.0,254.0,239.0,209.0,188.0,325.0,172.0,172.0,148.0,133.0,124.0,105.0,101.0,85.0,83.0,68.0,322.0,57.0,45.0,37.0,33.0,24.0,23.0,15.0,13.0,6.0,13.0
Amager Øst,2044,,,,,,,,,,,,,,,,,,,,,,,,,,,,,,,,,,,,,,,,,,,,,,,,,,,,,,,,,,,,,,,,,,,,,,,,,,,,,,,,,,,,,,,,,,,,,,,,,,,,,,,,,,,,,,,,,,,,,,,,,,,,,,,,,,,,,,,,,,,,,,,,,,,,,,,,,,,,,,,,,,,,,,,,,,,,,,,,,,,,,,,,,,,,,,,,,,,,,,,,,,,,,,,,,,,539.0,482.0,321.0,317.0,311.0,306.0,303.0,300.0,296.0,297.0,295.0,317.0,433.0,402.0,644.0,788.0,857.0,906.0,926.0,962.0,943.0,923.0,894.0,401.0,895.0,851.0,842.0,789.0,768.0,711.0,679.0,648.0,607.0,571.0,376.0,544.0,529.0,508.0,488.0,478.0,480.0,469.0,463.0,472.0,461.0,360.0,443.0,437.0,426.0,415.0,398.0,389.0,370.0,355.0,329.0,327.0,345.0,324.0,319.0,317.0,337.0,327.0,334.0,317.0,328.0,337.0,330.0,338.0,307.0,303.0,272.0,250.0,244.0,234.0,231.0,226.0,208.0,191.0,335.0,184.0,153.0,129.0,122.0,103.0,90.0,75.0,64.0,53.0,37.0,323.0,31.0,24.0,21.0,16.0,14.0,9.0,5.0,3.0,2.0,8.0,511.0,471.0,319.0,316.0,309.0,305.0,301.0,292.0,288.0,285.0,280.0,333.0,429.0,526.0,760.0,941.0,1019.0,1050.0,1056.0,1047.0,996.0,938.0,898.0,398.0,868.0,845.0,827.0,781.0,741.0,688.0,648.0,623.0,590.0,572.0,376.0,558.0,552.0,545.0,532.0,517.0,513.0,501.0,499.0,488.0,486.0,358.0,459.0,456.0,441.0,439.0,414.0,398.0,380.0,373.0,364.0,344.0,342.0,343.0,329.0,341.0,334.0,339.0,332.0,318.0,326.0,334.0,335.0,333.0,305.0,288.0,280.0,261.0,246.0,245.0,260.0,247.0,232.0,200.0,325.0,180.0,166.0,163.0,139.0,123.0,114.0,96.0,93.0,77.0,71.0,322.0,60.0,47.0,38.0,31.0,26.0,20.0,17.0,12.0,8.0,14.0
Amager Øst,2045,,,,,,,,,,,,,,,,,,,,,,,,,,,,,,,,,,,,,,,,,,,,,,,,,,,,,,,,,,,,,,,,,,,,,,,,,,,,,,,,,,,,,,,,,,,,,,,,,,,,,,,,,,,,,,,,,,,,,,,,,,,,,,,,,,,,,,,,,,,,,,,,,,,,,,,,,,,,,,,,,,,,,,,,,,,,,,,,,,,,,,,,,,,,,,,,,,,,,,,,,,,,,,,,,,,536.0,479.0,320.0,317.0,313.0,308.0,308.0,306.0,301.0,304.0,306.0,330.0,431.0,408.0,598.0,778.0,858.0,895.0,928.0,945.0,980.0,933.0,907.0,399.0,870.0,845.0,807.0,791.0,753.0,723.0,678.0,661.0,610.0,571.0,375.0,546.0,525.0,501.0,488.0,478.0,473.0,467.0,459.0,465.0,468.0,359.0,452.0,438.0,435.0,423.0,413.0,396.0,382.0,367.0,350.0,325.0,344.0,324.0,318.0,314.0,313.0,328.0,320.0,330.0,312.0,319.0,328.0,338.0,322.0,299.0,296.0,264.0,240.0,238.0,227.0,224.0,220.0,200.0,334.0,180.0,171.0,145.0,119.0,110.0,94.0,80.0,67.0,56.0,42.0,322.0,29.0,26.0,19.0,17.0,14.0,8.0,5.0,4.0,2.0,9.0,508.0,468.0,319.0,316.0,311.0,307.0,306.0,298.0,293.0,291.0,293.0,344.0,427.0,525.0,707.0,941.0,1023.0,1043.0,1054.0,1041.0,1022.0,956.0,902.0,396.0,856.0,826.0,799.0,784.0,732.0,697.0,649.0,626.0,595.0,571.0,375.0,554.0,541.0,538.0,530.0,524.0,506.0,501.0,495.0,490.0,483.0,357.0,481.0,457.0,451.0,439.0,436.0,413.0,395.0,374.0,367.0,357.0,341.0,339.0,336.0,325.0,335.0,331.0,332.0,327.0,312.0,324.0,328.0,332.0,330.0,299.0,281.0,275.0,257.0,240.0,238.0,253.0,241.0,223.0,324.0,191.0,174.0,157.0,152.0,129.0,114.0,105.0,89.0,84.0,66.0,321.0,63.0,50.0,40.0,31.0,24.0,21.0,15.0,14.0,7.0,15.0
Amager Øst,2046,,,,,,,,,,,,,,,,,,,,,,,,,,,,,,,,,,,,,,,,,,,,,,,,,,,,,,,,,,,,,,,,,,,,,,,,,,,,,,,,,,,,,,,,,,,,,,,,,,,,,,,,,,,,,,,,,,,,,,,,,,,,,,,,,,,,,,,,,,,,,,,,,,,,,,,,,,,,,,,,,,,,,,,,,,,,,,,,,,,,,,,,,,,,,,,,,,,,,,,,,,,,,,,,,,,531.0,475.0,319.0,317.0,313.0,310.0,311.0,310.0,307.0,309.0,312.0,342.0,428.0,418.0,589.0,723.0,855.0,895.0,917.0,946.0,963.0,968.0,914.0,397.0,880.0,821.0,800.0,756.0,753.0,708.0,688.0,658.0,621.0,574.0,372.0,546.0,526.0,497.0,481.0,478.0,473.0,460.0,457.0,461.0,461.0,358.0,459.0,447.0,437.0,432.0,420.0,410.0,389.0,378.0,361.0,345.0,343.0,322.0,318.0,313.0,309.0,306.0,321.0,316.0,325.0,304.0,310.0,338.0,320.0,312.0,293.0,288.0,254.0,234.0,230.0,220.0,218.0,212.0,333.0,189.0,168.0,162.0,134.0,108.0,101.0,84.0,71.0,59.0,45.0,321.0,34.0,25.0,20.0,15.0,16.0,8.0,5.0,4.0,2.0,10.0,505.0,465.0,318.0,316.0,311.0,309.0,308.0,302.0,298.0,296.0,299.0,361.0,424.0,528.0,697.0,876.0,1026.0,1048.0,1046.0,1037.0,1016.0,980.0,918.0,394.0,857.0,814.0,780.0,756.0,733.0,687.0,656.0,626.0,597.0,575.0,373.0,552.0,537.0,527.0,523.0,521.0,513.0,494.0,495.0,485.0,484.0,355.0,479.0,478.0,453.0,449.0,436.0,434.0,409.0,389.0,369.0,360.0,340.0,351.0,332.0,332.0,319.0,331.0,324.0,327.0,321.0,310.0,319.0,332.0,323.0,324.0,292.0,276.0,271.0,251.0,233.0,232.0,246.0,231.0,323.0,213.0,185.0,165.0,147.0,141.0,119.0,104.0,96.0,80.0,72.0,320.0,59.0,53.0,42.0,33.0,24.0,20.0,16.0,12.0,9.0,16.0
Amager Øst,2047,,,,,,,,,,,,,,,,,,,,,,,,,,,,,,,,,,,,,,,,,,,,,,,,,,,,,,,,,,,,,,,,,,,,,,,,,,,,,,,,,,,,,,,,,,,,,,,,,,,,,,,,,,,,,,,,,,,,,,,,,,,,,,,,,,,,,,,,,,,,,,,,,,,,,,,,,,,,,,,,,,,,,,,,,,,,,,,,,,,,,,,,,,,,,,,,,,,,,,,,,,,,,,,,,,,529.0,472.0,318.0,316.0,312.0,310.0,312.0,313.0,311.0,314.0,317.0,349.0,425.0,432.0,584.0,710.0,800.0,897.0,917.0,936.0,964.0,951.0,949.0,394.0,888.0,830.0,777.0,749.0,720.0,708.0,673.0,668.0,619.0,584.0,370.0,548.0,526.0,498.0,476.0,471.0,473.0,459.0,450.0,458.0,456.0,356.0,452.0,454.0,445.0,434.0,429.0,417.0,402.0,385.0,373.0,356.0,342.0,342.0,316.0,312.0,309.0,302.0,299.0,317.0,312.0,316.0,296.0,336.0,303.0,311.0,306.0,284.0,276.0,247.0,226.0,223.0,214.0,210.0,332.0,200.0,177.0,159.0,150.0,121.0,99.0,90.0,75.0,62.0,47.0,320.0,36.0,28.0,19.0,17.0,15.0,10.0,5.0,3.0,2.0,11.0,502.0,461.0,317.0,315.0,310.0,309.0,310.0,305.0,303.0,301.0,304.0,367.0,421.0,546.0,693.0,864.0,961.0,1054.0,1051.0,1031.0,1011.0,974.0,942.0,391.0,872.0,816.0,769.0,738.0,707.0,689.0,646.0,633.0,597.0,577.0,371.0,556.0,536.0,524.0,513.0,514.0,510.0,500.0,488.0,485.0,480.0,353.0,480.0,477.0,473.0,450.0,445.0,434.0,429.0,402.0,383.0,361.0,339.0,354.0,344.0,328.0,325.0,315.0,324.0,319.0,320.0,319.0,304.0,331.0,315.0,317.0,316.0,286.0,272.0,264.0,244.0,227.0,226.0,236.0,322.0,220.0,205.0,176.0,155.0,137.0,130.0,109.0,96.0,87.0,69.0,319.0,64.0,49.0,44.0,35.0,26.0,20.0,15.0,13.0,7.0,17.0
Amager Øst,2048,,,,,,,,,,,,,,,,,,,,,,,,,,,,,,,,,,,,,,,,,,,,,,,,,,,,,,,,,,,,,,,,,,,,,,,,,,,,,,,,,,,,,,,,,,,,,,,,,,,,,,,,,,,,,,,,,,,,,,,,,,,,,,,,,,,,,,,,,,,,,,,,,,,,,,,,,,,,,,,,,,,,,,,,,,,,,,,,,,,,,,,,,,,,,,,,,,,,,,,,,,,,,,,,,,,527.0,470.0,317.0,315.0,312.0,309.0,312.0,314.0,314.0,319.0,322.0,354.0,422.0,437.0,592.0,705.0,789.0,843.0,923.0,936.0,955.0,953.0,933.0,391.0,921.0,838.0,786.0,728.0,713.0,676.0,673.0,653.0,628.0,581.0,367.0,558.0,528.0,498.0,478.0,466.0,465.0,459.0,449.0,451.0,454.0,354.0,448.0,446.0,452.0,441.0,431.0,426.0,410.0,399.0,380.0,367.0,340.0,353.0,336.0,311.0,308.0,301.0,295.0,296.0,312.0,304.0,307.0,335.0,289.0,295.0,304.0,297.0,273.0,269.0,239.0,219.0,217.0,207.0,331.0,199.0,187.0,168.0,148.0,135.0,111.0,89.0,80.0,66.0,50.0,320.0,38.0,30.0,22.0,16.0,16.0,9.0,6.0,4.0,2.0,11.0,500.0,459.0,316.0,314.0,310.0,309.0,310.0,306.0,305.0,306.0,309.0,372.0,418.0,546.0,717.0,858.0,949.0,991.0,1060.0,1035.0,1005.0,970.0,937.0,388.0,894.0,829.0,770.0,727.0,691.0,664.0,648.0,624.0,603.0,577.0,368.0,558.0,539.0,522.0,509.0,504.0,503.0,498.0,494.0,478.0,479.0,351.0,475.0,477.0,472.0,470.0,447.0,443.0,430.0,422.0,396.0,375.0,337.0,356.0,347.0,340.0,322.0,321.0,309.0,319.0,313.0,319.0,313.0,329.0,301.0,309.0,310.0,309.0,283.0,266.0,257.0,237.0,221.0,217.0,321.0,226.0,213.0,195.0,165.0,144.0,126.0,119.0,101.0,87.0,75.0,318.0,61.0,53.0,41.0,37.0,27.0,21.0,15.0,13.0,8.0,17.0
Amager Øst,2049,,,,,,,,,,,,,,,,,,,,,,,,,,,,,,,,,,,,,,,,,,,,,,,,,,,,,,,,,,,,,,,,,,,,,,,,,,,,,,,,,,,,,,,,,,,,,,,,,,,,,,,,,,,,,,,,,,,,,,,,,,,,,,,,,,,,,,,,,,,,,,,,,,,,,,,,,,,,,,,,,,,,,,,,,,,,,,,,,,,,,,,,,,,,,,,,,,,,,,,,,,,,,,,,,,,525.0,467.0,316.0,314.0,310.0,309.0,312.0,314.0,315.0,321.0,326.0,359.0,419.0,440.0,585.0,720.0,786.0,833.0,870.0,944.0,953.0,944.0,934.0,388.0,906.0,868.0,792.0,735.0,693.0,670.0,643.0,652.0,614.0,590.0,364.0,555.0,537.0,500.0,477.0,468.0,461.0,452.0,449.0,450.0,447.0,351.0,445.0,442.0,445.0,448.0,438.0,429.0,418.0,406.0,393.0,375.0,338.0,364.0,346.0,331.0,307.0,300.0,295.0,292.0,292.0,304.0,295.0,333.0,300.0,281.0,289.0,296.0,285.0,266.0,260.0,232.0,214.0,209.0,329.0,195.0,185.0,177.0,156.0,134.0,124.0,100.0,79.0,71.0,53.0,318.0,40.0,32.0,23.0,18.0,17.0,10.0,6.0,4.0,2.0,12.0,498.0,457.0,315.0,313.0,309.0,308.0,310.0,307.0,306.0,308.0,313.0,377.0,415.0,542.0,715.0,893.0,944.0,979.0,996.0,1044.0,1007.0,964.0,932.0,385.0,890.0,850.0,782.0,728.0,680.0,649.0,624.0,625.0,594.0,583.0,365.0,558.0,541.0,526.0,508.0,501.0,493.0,491.0,491.0,483.0,472.0,348.0,474.0,472.0,472.0,469.0,466.0,445.0,439.0,423.0,416.0,388.0,335.0,368.0,349.0,343.0,333.0,319.0,314.0,304.0,313.0,311.0,313.0,327.0,309.0,295.0,301.0,303.0,304.0,276.0,259.0,250.0,231.0,212.0,320.0,208.0,218.0,202.0,182.0,153.0,133.0,116.0,110.0,91.0,75.0,317.0,67.0,51.0,45.0,34.0,29.0,22.0,17.0,12.0,7.0,18.0
Amager Øst,2050,,,,,,,,,,,,,,,,,,,,,,,,,,,,,,,,,,,,,,,,,,,,,,,,,,,,,,,,,,,,,,,,,,,,,,,,,,,,,,,,,,,,,,,,,,,,,,,,,,,,,,,,,,,,,,,,,,,,,,,,,,,,,,,,,,,,,,,,,,,,,,,,,,,,,,,,,,,,,,,,,,,,,,,,,,,,,,,,,,,,,,,,,,,,,,,,,,,,,,,,,,,,,,,,,,,520.0,464.0,315.0,312.0,309.0,307.0,310.0,313.0,315.0,322.0,328.0,363.0,416.0,441.0,574.0,713.0,805.0,828.0,857.0,888.0,960.0,939.0,923.0,385.0,904.0,852.0,819.0,739.0,698.0,649.0,635.0,622.0,612.0,575.0,361.0,561.0,533.0,507.0,478.0,467.0,462.0,447.0,441.0,450.0,445.0,347.0,438.0,439.0,439.0,441.0,445.0,434.0,420.0,414.0,400.0,387.0,334.0,371.0,357.0,340.0,326.0,300.0,294.0,291.0,288.0,285.0,295.0,330.0,288.0,291.0,275.0,281.0,284.0,277.0,257.0,252.0,226.0,206.0,327.0,198.0,182.0,176.0,165.0,141.0,123.0,111.0,89.0,70.0,57.0,316.0,43.0,34.0,24.0,19.0,19.0,10.0,6.0,4.0,2.0,12.0,494.0,453.0,314.0,312.0,308.0,307.0,308.0,306.0,306.0,309.0,315.0,381.0,412.0,537.0,708.0,892.0,981.0,972.0,982.0,980.0,1014.0,963.0,924.0,381.0,882.0,843.0,800.0,737.0,679.0,637.0,608.0,601.0,594.0,573.0,361.0,563.0,539.0,526.0,510.0,499.0,489.0,480.0,484.0,481.0,477.0,345.0,467.0,470.0,466.0,468.0,465.0,463.0,440.0,431.0,416.0,407.0,331.0,382.0,361.0,344.0,336.0,329.0,311.0,309.0,298.0,311.0,305.0,324.0,309.0,303.0,288.0,295.0,299.0,297.0,268.0,252.0,243.0,222.0,317.0,203.0,201.0,207.0,189.0,170.0,142.0,122.0,108.0,100.0,78.0,315.0,67.0,56.0,44.0,38.0,27.0,24.0,17.0,13.0,7.0,18.0
Amager Øst,2051,,,,,,,,,,,,,,,,,,,,,,,,,,,,,,,,,,,,,,,,,,,,,,,,,,,,,,,,,,,,,,,,,,,,,,,,,,,,,,,,,,,,,,,,,,,,,,,,,,,,,,,,,,,,,,,,,,,,,,,,,,,,,,,,,,,,,,,,,,,,,,,,,,,,,,,,,,,,,,,,,,,,,,,,,,,,,,,,,,,,,,,,,,,,,,,,,,,,,,,,,,,,,,,,,,,516.0,459.0,312.0,310.0,308.0,306.0,309.0,312.0,314.0,322.0,329.0,364.0,412.0,441.0,563.0,702.0,801.0,851.0,852.0,874.0,902.0,946.0,917.0,381.0,894.0,850.0,804.0,763.0,701.0,653.0,615.0,614.0,583.0,573.0,357.0,547.0,539.0,503.0,485.0,467.0,460.0,447.0,436.0,442.0,445.0,343.0,435.0,431.0,436.0,435.0,437.0,441.0,426.0,416.0,407.0,394.0,331.0,383.0,364.0,351.0,335.0,318.0,293.0,290.0,287.0,280.0,277.0,326.0,288.0,280.0,285.0,268.0,270.0,277.0,268.0,249.0,245.0,218.0,324.0,195.0,184.0,173.0,164.0,150.0,130.0,111.0,99.0,78.0,57.0,314.0,46.0,36.0,26.0,20.0,19.0,11.0,6.0,4.0,2.0,13.0,490.0,449.0,311.0,310.0,306.0,305.0,307.0,304.0,305.0,308.0,316.0,382.0,409.0,528.0,701.0,885.0,981.0,1010.0,974.0,965.0,951.0,970.0,923.0,378.0,874.0,835.0,793.0,753.0,687.0,636.0,597.0,585.0,571.0,573.0,358.0,552.0,544.0,524.0,511.0,501.0,487.0,476.0,473.0,473.0,474.0,341.0,471.0,463.0,464.0,462.0,464.0,463.0,457.0,433.0,424.0,407.0,328.0,399.0,374.0,356.0,337.0,332.0,321.0,307.0,302.0,296.0,305.0,321.0,301.0,302.0,295.0,282.0,291.0,292.0,288.0,261.0,246.0,233.0,314.0,212.0,196.0,191.0,194.0,176.0,157.0,130.0,113.0,97.0,86.0,312.0,70.0,56.0,47.0,36.0,29.0,22.0,18.0,14.0,8.0,18.0
Amager Øst,2052,,,,,,,,,,,,,,,,,,,,,,,,,,,,,,,,,,,,,,,,,,,,,,,,,,,,,,,,,,,,,,,,,,,,,,,,,,,,,,,,,,,,,,,,,,,,,,,,,,,,,,,,,,,,,,,,,,,,,,,,,,,,,,,,,,,,,,,,,,,,,,,,,,,,,,,,,,,,,,,,,,,,,,,,,,,,,,,,,,,,,,,,,,,,,,,,,,,,,,,,,,,,,,,,,,,513.0,456.0,310.0,308.0,306.0,304.0,308.0,311.0,313.0,321.0,329.0,365.0,409.0,439.0,550.0,694.0,796.0,851.0,879.0,870.0,889.0,891.0,926.0,379.0,889.0,842.0,802.0,750.0,724.0,657.0,619.0,595.0,576.0,546.0,355.0,546.0,526.0,509.0,482.0,474.0,461.0,446.0,437.0,437.0,436.0,341.0,435.0,429.0,429.0,432.0,432.0,434.0,433.0,421.0,411.0,401.0,327.0,390.0,375.0,358.0,345.0,327.0,311.0,290.0,286.0,280.0,272.0,323.0,271.0,280.0,275.0,277.0,257.0,264.0,268.0,260.0,243.0,237.0,320.0,206.0,182.0,175.0,161.0,149.0,138.0,117.0,99.0,88.0,63.0,311.0,46.0,38.0,27.0,22.0,21.0,12.0,7.0,4.0,2.0,14.0,488.0,446.0,309.0,308.0,304.0,304.0,306.0,303.0,304.0,308.0,316.0,382.0,405.0,517.0,691.0,881.0,979.0,1014.0,1014.0,957.0,937.0,911.0,931.0,376.0,874.0,829.0,787.0,747.0,702.0,643.0,596.0,574.0,556.0,551.0,355.0,552.0,534.0,529.0,509.0,502.0,489.0,474.0,470.0,463.0,467.0,338.0,469.0,468.0,457.0,460.0,458.0,461.0,458.0,449.0,426.0,415.0,325.0,400.0,391.0,369.0,349.0,334.0,325.0,317.0,300.0,301.0,291.0,318.0,301.0,295.0,295.0,289.0,278.0,284.0,284.0,280.0,255.0,236.0,311.0,224.0,205.0,187.0,180.0,181.0,163.0,144.0,121.0,103.0,84.0,310.0,77.0,59.0,48.0,39.0,29.0,25.0,18.0,15.0,8.0,18.0
Amager Øst,2053,,,,,,,,,,,,,,,,,,,,,,,,,,,,,,,,,,,,,,,,,,,,,,,,,,,,,,,,,,,,,,,,,,,,,,,,,,,,,,,,,,,,,,,,,,,,,,,,,,,,,,,,,,,,,,,,,,,,,,,,,,,,,,,,,,,,,,,,,,,,,,,,,,,,,,,,,,,,,,,,,,,,,,,,,,,,,,,,,,,,,,,,,,,,,,,,,,,,,,,,,,,,,,,,,,,510.0,454.0,307.0,306.0,304.0,303.0,306.0,309.0,312.0,320.0,328.0,365.0,407.0,435.0,537.0,683.0,792.0,848.0,881.0,898.0,885.0,879.0,872.0,376.0,898.0,837.0,795.0,748.0,712.0,678.0,622.0,599.0,558.0,540.0,352.0,520.0,525.0,496.0,487.0,471.0,468.0,447.0,436.0,438.0,432.0,338.0,427.0,429.0,427.0,425.0,429.0,429.0,426.0,429.0,415.0,405.0,325.0,397.0,383.0,369.0,353.0,337.0,320.0,307.0,286.0,279.0,272.0,320.0,266.0,263.0,275.0,268.0,266.0,251.0,256.0,260.0,253.0,235.0,317.0,224.0,193.0,173.0,163.0,146.0,138.0,125.0,105.0,88.0,71.0,308.0,51.0,39.0,29.0,23.0,22.0,12.0,7.0,5.0,2.0,14.0,485.0,444.0,306.0,305.0,302.0,302.0,304.0,302.0,303.0,306.0,315.0,381.0,403.0,504.0,679.0,875.0,978.0,1014.0,1019.0,997.0,928.0,897.0,875.0,373.0,882.0,828.0,781.0,742.0,697.0,658.0,604.0,574.0,547.0,537.0,353.0,531.0,534.0,519.0,513.0,500.0,490.0,477.0,468.0,459.0,457.0,336.0,461.0,465.0,461.0,453.0,456.0,455.0,456.0,450.0,441.0,417.0,322.0,408.0,392.0,386.0,362.0,345.0,326.0,320.0,310.0,299.0,295.0,315.0,287.0,295.0,288.0,289.0,285.0,272.0,277.0,276.0,273.0,245.0,308.0,227.0,216.0,195.0,176.0,167.0,167.0,150.0,134.0,109.0,89.0,307.0,75.0,64.0,50.0,40.0,31.0,24.0,19.0,14.0,9.0,19.0
Amager Øst,2054,,,,,,,,,,,,,,,,,,,,,,,,,,,,,,,,,,,,,,,,,,,,,,,,,,,,,,,,,,,,,,,,,,,,,,,,,,,,,,,,,,,,,,,,,,,,,,,,,,,,,,,,,,,,,,,,,,,,,,,,,,,,,,,,,,,,,,,,,,,,,,,,,,,,,,,,,,,,,,,,,,,,,,,,,,,,,,,,,,,,,,,,,,,,,,,,,,,,,,,,,,,,,,,,,,,507.0,451.0,304.0,304.0,302.0,301.0,305.0,308.0,311.0,319.0,327.0,364.0,404.0,431.0,524.0,672.0,785.0,847.0,880.0,901.0,913.0,874.0,860.0,374.0,848.0,847.0,791.0,742.0,711.0,667.0,643.0,602.0,562.0,524.0,350.0,514.0,500.0,495.0,475.0,477.0,465.0,454.0,437.0,437.0,433.0,336.0,423.0,421.0,427.0,423.0,421.0,426.0,420.0,422.0,423.0,409.0,323.0,401.0,390.0,377.0,364.0,344.0,330.0,316.0,303.0,279.0,271.0,318.0,266.0,259.0,258.0,268.0,258.0,260.0,244.0,248.0,253.0,245.0,314.0,222.0,210.0,183.0,161.0,148.0,136.0,124.0,112.0,93.0,71.0,305.0,57.0,43.0,30.0,25.0,23.0,13.0,8.0,5.0,3.0,15.0,481.0,441.0,303.0,303.0,300.0,300.0,303.0,300.0,302.0,305.0,314.0,380.0,401.0,492.0,666.0,866.0,975.0,1016.0,1020.0,1002.0,965.0,889.0,863.0,370.0,830.0,836.0,781.0,736.0,692.0,654.0,617.0,581.0,546.0,528.0,350.0,518.0,513.0,519.0,504.0,505.0,488.0,477.0,470.0,458.0,453.0,334.0,451.0,458.0,459.0,457.0,449.0,453.0,449.0,448.0,443.0,432.0,320.0,410.0,399.0,387.0,378.0,358.0,337.0,322.0,313.0,308.0,293.0,312.0,291.0,281.0,287.0,283.0,286.0,279.0,265.0,269.0,269.0,262.0,305.0,235.0,219.0,205.0,183.0,164.0,155.0,154.0,139.0,121.0,95.0,304.0,80.0,63.0,55.0,42.0,31.0,26.0,19.0,15.0,8.0,20.0
Amager Øst,2055,,,,,,,,,,,,,,,,,,,,,,,,,,,,,,,,,,,,,,,,,,,,,,,,,,,,,,,,,,,,,,,,,,,,,,,,,,,,,,,,,,,,,,,,,,,,,,,,,,,,,,,,,,,,,,,,,,,,,,,,,,,,,,,,,,,,,,,,,,,,,,,,,,,,,,,,,,,,,,,,,,,,,,,,,,,,,,,,,,,,,,,,,,,,,,,,,,,,,,,,,,,,,,,,,,,504.0,448.0,301.0,301.0,299.0,298.0,303.0,306.0,309.0,318.0,326.0,363.0,402.0,426.0,511.0,660.0,778.0,844.0,882.0,901.0,916.0,903.0,855.0,372.0,836.0,800.0,801.0,738.0,705.0,666.0,632.0,622.0,565.0,528.0,348.0,498.0,494.0,471.0,474.0,464.0,470.0,451.0,444.0,437.0,432.0,334.0,423.0,416.0,419.0,423.0,419.0,418.0,417.0,416.0,416.0,417.0,321.0,405.0,394.0,384.0,371.0,355.0,337.0,326.0,312.0,295.0,272.0,315.0,265.0,259.0,254.0,252.0,258.0,252.0,252.0,237.0,242.0,245.0,312.0,232.0,208.0,199.0,171.0,146.0,137.0,122.0,111.0,99.0,76.0,302.0,58.0,48.0,33.0,25.0,25.0,14.0,8.0,5.0,3.0,16.0,479.0,438.0,300.0,300.0,298.0,298.0,300.0,299.0,300.0,304.0,313.0,378.0,398.0,478.0,653.0,855.0,969.0,1016.0,1023.0,1003.0,970.0,925.0,855.0,368.0,818.0,788.0,789.0,736.0,687.0,649.0,613.0,594.0,553.0,528.0,348.0,509.0,500.0,499.0,504.0,495.0,493.0,476.0,471.0,460.0,452.0,331.0,448.0,448.0,452.0,455.0,453.0,446.0,447.0,442.0,441.0,434.0,318.0,424.0,402.0,394.0,379.0,374.0,350.0,332.0,315.0,311.0,303.0,310.0,289.0,285.0,274.0,282.0,279.0,279.0,271.0,258.0,263.0,259.0,303.0,251.0,227.0,209.0,193.0,171.0,151.0,143.0,143.0,126.0,105.0,301.0,85.0,67.0,54.0,46.0,33.0,26.0,20.0,15.0,9.0,20.0
Amager Øst,2056,,,,,,,,,,,,,,,,,,,,,,,,,,,,,,,,,,,,,,,,,,,,,,,,,,,,,,,,,,,,,,,,,,,,,,,,,,,,,,,,,,,,,,,,,,,,,,,,,,,,,,,,,,,,,,,,,,,,,,,,,,,,,,,,,,,,,,,,,,,,,,,,,,,,,,,,,,,,,,,,,,,,,,,,,,,,,,,,,,,,,,,,,,,,,,,,,,,,,,,,,,,,,,,,,,,501.0,445.0,298.0,298.0,296.0,296.0,300.0,304.0,307.0,316.0,324.0,361.0,399.0,420.0,498.0,648.0,770.0,840.0,880.0,903.0,917.0,906.0,883.0,370.0,831.0,789.0,757.0,747.0,701.0,661.0,632.0,612.0,584.0,531.0,346.0,502.0,479.0,466.0,451.0,463.0,458.0,456.0,440.0,444.0,432.0,332.0,423.0,417.0,414.0,415.0,420.0,416.0,410.0,414.0,410.0,411.0,319.0,413.0,398.0,388.0,378.0,363.0,348.0,333.0,321.0,304.0,287.0,314.0,266.0,258.0,254.0,248.0,243.0,252.0,244.0,245.0,231.0,235.0,310.0,232.0,217.0,198.0,186.0,155.0,136.0,124.0,110.0,99.0,81.0,300.0,61.0,49.0,37.0,28.0,26.0,15.0,9.0,6.0,3.0,16.0,476.0,435.0,298.0,297.0,295.0,296.0,298.0,297.0,299.0,302.0,312.0,376.0,395.0,466.0,640.0,845.0,963.0,1013.0,1024.0,1007.0,971.0,929.0,889.0,366.0,810.0,777.0,744.0,744.0,687.0,644.0,609.0,591.0,566.0,535.0,346.0,509.0,491.0,487.0,485.0,495.0,483.0,480.0,469.0,461.0,454.0,330.0,447.0,445.0,442.0,448.0,451.0,450.0,440.0,440.0,434.0,432.0,316.0,426.0,416.0,397.0,386.0,375.0,365.0,345.0,325.0,313.0,306.0,308.0,299.0,284.0,278.0,269.0,279.0,273.0,271.0,264.0,252.0,253.0,301.0,248.0,243.0,217.0,197.0,180.0,158.0,140.0,133.0,130.0,109.0,299.0,94.0,72.0,57.0,45.0,36.0,28.0,21.0,17.0,9.0,21.0
Amager Øst,2057,,,,,,,,,,,,,,,,,,,,,,,,,,,,,,,,,,,,,,,,,,,,,,,,,,,,,,,,,,,,,,,,,,,,,,,,,,,,,,,,,,,,,,,,,,,,,,,,,,,,,,,,,,,,,,,,,,,,,,,,,,,,,,,,,,,,,,,,,,,,,,,,,,,,,,,,,,,,,,,,,,,,,,,,,,,,,,,,,,,,,,,,,,,,,,,,,,,,,,,,,,,,,,,,,,,500.0,443.0,296.0,295.0,293.0,293.0,298.0,302.0,306.0,315.0,323.0,360.0,397.0,414.0,486.0,637.0,762.0,835.0,878.0,903.0,919.0,907.0,887.0,367.0,859.0,785.0,747.0,707.0,710.0,658.0,627.0,611.0,575.0,548.0,344.0,505.0,482.0,452.0,446.0,441.0,457.0,444.0,446.0,441.0,439.0,330.0,423.0,416.0,415.0,411.0,411.0,417.0,408.0,406.0,408.0,405.0,317.0,407.0,405.0,392.0,382.0,369.0,355.0,344.0,329.0,313.0,296.0,312.0,281.0,259.0,253.0,248.0,239.0,238.0,244.0,238.0,238.0,224.0,308.0,223.0,218.0,206.0,185.0,169.0,144.0,123.0,111.0,98.0,81.0,298.0,65.0,53.0,38.0,31.0,29.0,15.0,10.0,6.0,3.0,17.0,475.0,433.0,295.0,294.0,292.0,293.0,296.0,294.0,297.0,301.0,310.0,374.0,393.0,453.0,627.0,834.0,955.0,1009.0,1023.0,1008.0,974.0,931.0,894.0,364.0,842.0,770.0,734.0,702.0,695.0,645.0,605.0,587.0,563.0,547.0,344.0,515.0,492.0,478.0,472.0,476.0,484.0,471.0,473.0,459.0,455.0,328.0,449.0,444.0,439.0,438.0,444.0,448.0,445.0,433.0,433.0,425.0,314.0,424.0,418.0,410.0,389.0,382.0,367.0,360.0,338.0,324.0,308.0,306.0,302.0,293.0,277.0,273.0,266.0,272.0,266.0,265.0,258.0,242.0,299.0,243.0,240.0,231.0,204.0,184.0,167.0,146.0,130.0,120.0,112.0,297.0,98.0,79.0,61.0,48.0,36.0,30.0,22.0,17.0,10.0,21.0
Amager Øst,2058,,,,,,,,,,,,,,,,,,,,,,,,,,,,,,,,,,,,,,,,,,,,,,,,,,,,,,,,,,,,,,,,,,,,,,,,,,,,,,,,,,,,,,,,,,,,,,,,,,,,,,,,,,,,,,,,,,,,,,,,,,,,,,,,,,,,,,,,,,,,,,,,,,,,,,,,,,,,,,,,,,,,,,,,,,,,,,,,,,,,,,,,,,,,,,,,,,,,,,,,,,,,,,,,,,,499.0,442.0,295.0,293.0,291.0,290.0,295.0,300.0,303.0,313.0,321.0,358.0,396.0,408.0,474.0,626.0,754.0,829.0,875.0,902.0,920.0,911.0,888.0,366.0,863.0,811.0,744.0,698.0,673.0,667.0,624.0,607.0,575.0,541.0,342.0,522.0,485.0,456.0,432.0,436.0,434.0,444.0,434.0,447.0,436.0,329.0,430.0,417.0,415.0,412.0,407.0,409.0,409.0,404.0,401.0,403.0,316.0,401.0,400.0,399.0,386.0,374.0,361.0,351.0,339.0,321.0,305.0,310.0,290.0,274.0,254.0,247.0,239.0,234.0,231.0,238.0,232.0,231.0,306.0,212.0,209.0,207.0,193.0,169.0,157.0,131.0,110.0,99.0,79.0,296.0,66.0,56.0,41.0,32.0,31.0,18.0,10.0,7.0,3.0,18.0,474.0,432.0,294.0,292.0,289.0,290.0,293.0,292.0,294.0,299.0,309.0,371.0,392.0,442.0,614.0,823.0,947.0,1004.0,1020.0,1007.0,975.0,934.0,896.0,362.0,847.0,801.0,728.0,693.0,656.0,652.0,606.0,584.0,560.0,545.0,342.0,528.0,498.0,478.0,464.0,464.0,465.0,471.0,465.0,464.0,454.0,326.0,450.0,446.0,438.0,436.0,434.0,441.0,443.0,437.0,426.0,424.0,313.0,418.0,416.0,413.0,402.0,385.0,373.0,362.0,352.0,336.0,318.0,305.0,304.0,296.0,286.0,272.0,270.0,260.0,265.0,259.0,258.0,248.0,298.0,232.0,235.0,229.0,218.0,191.0,171.0,154.0,135.0,118.0,104.0,295.0,101.0,83.0,68.0,51.0,38.0,30.0,24.0,18.0,9.0,22.0
Amager Øst,2059,,,,,,,,,,,,,,,,,,,,,,,,,,,,,,,,,,,,,,,,,,,,,,,,,,,,,,,,,,,,,,,,,,,,,,,,,,,,,,,,,,,,,,,,,,,,,,,,,,,,,,,,,,,,,,,,,,,,,,,,,,,,,,,,,,,,,,,,,,,,,,,,,,,,,,,,,,,,,,,,,,,,,,,,,,,,,,,,,,,,,,,,,,,,,,,,,,,,,,,,,,,,,,,,,,,499.0,442.0,293.0,291.0,289.0,288.0,292.0,297.0,301.0,310.0,319.0,356.0,395.0,403.0,464.0,615.0,746.0,823.0,872.0,900.0,919.0,912.0,892.0,364.0,865.0,816.0,769.0,695.0,665.0,632.0,633.0,604.0,571.0,541.0,341.0,515.0,502.0,459.0,436.0,422.0,430.0,421.0,433.0,434.0,442.0,327.0,427.0,424.0,415.0,411.0,409.0,405.0,401.0,405.0,399.0,396.0,315.0,399.0,394.0,394.0,394.0,377.0,366.0,357.0,347.0,331.0,312.0,309.0,299.0,282.0,269.0,249.0,239.0,235.0,227.0,225.0,232.0,225.0,305.0,219.0,199.0,199.0,194.0,176.0,157.0,142.0,117.0,98.0,80.0,295.0,65.0,56.0,43.0,34.0,33.0,19.0,11.0,7.0,4.0,19.0,474.0,432.0,292.0,291.0,287.0,288.0,290.0,289.0,292.0,296.0,307.0,369.0,391.0,432.0,602.0,812.0,939.0,999.0,1017.0,1005.0,974.0,936.0,900.0,361.0,849.0,805.0,757.0,687.0,648.0,617.0,613.0,584.0,556.0,541.0,341.0,525.0,510.0,485.0,464.0,456.0,453.0,453.0,465.0,455.0,458.0,325.0,448.0,447.0,441.0,435.0,432.0,431.0,436.0,436.0,430.0,417.0,311.0,416.0,410.0,411.0,405.0,397.0,376.0,368.0,354.0,350.0,330.0,304.0,314.0,298.0,289.0,280.0,269.0,264.0,253.0,258.0,253.0,249.0,296.0,238.0,225.0,224.0,216.0,203.0,177.0,158.0,143.0,123.0,102.0,294.0,94.0,86.0,71.0,57.0,41.0,32.0,24.0,19.0,10.0,22.0
Amager Øst,2060,,,,,,,,,,,,,,,,,,,,,,,,,,,,,,,,,,,,,,,,,,,,,,,,,,,,,,,,,,,,,,,,,,,,,,,,,,,,,,,,,,,,,,,,,,,,,,,,,,,,,,,,,,,,,,,,,,,,,,,,,,,,,,,,,,,,,,,,,,,,,,,,,,,,,,,,,,,,,,,,,,,,,,,,,,,,,,,,,,,,,,,,,,,,,,,,,,,,,,,,,,,,,,,,,,,499.0,441.0,292.0,290.0,287.0,286.0,290.0,294.0,298.0,308.0,317.0,353.0,394.0,397.0,454.0,605.0,737.0,817.0,867.0,896.0,917.0,912.0,893.0,364.0,869.0,818.0,773.0,718.0,662.0,625.0,600.0,613.0,569.0,537.0,339.0,515.0,495.0,474.0,439.0,426.0,416.0,417.0,412.0,434.0,430.0,326.0,432.0,421.0,422.0,412.0,408.0,406.0,397.0,397.0,400.0,394.0,313.0,392.0,392.0,388.0,389.0,385.0,370.0,362.0,353.0,338.0,322.0,308.0,306.0,291.0,277.0,263.0,240.0,234.0,228.0,221.0,219.0,225.0,304.0,214.0,206.0,190.0,187.0,177.0,164.0,142.0,128.0,105.0,80.0,293.0,65.0,56.0,43.0,37.0,36.0,20.0,12.0,8.0,4.0,21.0,474.0,432.0,291.0,289.0,286.0,286.0,288.0,287.0,289.0,294.0,304.0,366.0,390.0,422.0,591.0,801.0,930.0,992.0,1012.0,1002.0,972.0,936.0,902.0,360.0,853.0,807.0,761.0,714.0,643.0,609.0,580.0,591.0,557.0,539.0,339.0,522.0,508.0,497.0,471.0,456.0,445.0,441.0,447.0,455.0,449.0,323.0,453.0,445.0,442.0,437.0,431.0,430.0,426.0,428.0,429.0,421.0,310.0,410.0,408.0,405.0,403.0,400.0,389.0,371.0,360.0,352.0,344.0,302.0,326.0,308.0,291.0,284.0,278.0,263.0,257.0,247.0,253.0,244.0,295.0,239.0,231.0,214.0,212.0,202.0,188.0,163.0,147.0,130.0,107.0,293.0,92.0,80.0,73.0,59.0,45.0,34.0,26.0,20.0,11.0,23.0
Bispebjerg,1986,238.0,209.0,,,,,,0.0,0.0,0.0,,0.0,,0.0,,,,,,,,,,,,4.0,,4.0,32.0,33.0,96.0,76.0,114.0,143.0,200.0,146.0,160.0,72.0,46.0,17.0,30.0,54.0,,,9.0,13.0,49.0,53.0,,,,,50.0,70.0,154.0,503.0,995.0,936.0,1219.0,1275.0,3051.0,3111.0,2304.0,1866.0,1734.0,1567.0,1859.0,2189.0,6117.0,11420.0,,,,,,,,,,,,,,,,,,,,,,,,,,,,,,,,,,,,,,,,,,,,,,,,,,,,,,,,,,,,,,,,,,,,,,,,,,,,,,,,,,,,,,,,,,,,,,,,,,,,,,,,,,,,,,,,,,,,,,,,,,,,,,,,,,,,,,,,,,,,,,,,,,,,,,,,,,,,,,,,,,,,,,,,,,,,,,,,,,,,,,,,,,,,,,,,,,,,,,,,,,,,,,,,,,,,,,,,,,,,,,,,,,,,,,,,,,,,,,,,,,,,,,,,,,,,,,,,,,,,,,,,,,,,,,,,,,,,,,,,,,,,,,,,,,,,,,,,,,,,,,,,,,,,,,,,,,,,,,,,,,,,,,,,,,,,,,,,,,,,
Bispebjerg,1987,256.0,225.0,77.0,57.0,,,,,0.0,0.0,,0.0,,0.0,20.0,19.0,7.0,9.0,,,,,,,,,,6.0,,,106.0,79.0,160.0,145.0,209.0,182.0,188.0,81.0,,,36.0,53.0,,,11.0,13.0,57.0,51.0,113.0,86.0,,,56.0,62.0,146.0,481.0,945.0,909.0,1199.0,1209.0,3105.0,3181.0,2260.0,1861.0,1830.0,1639.0,1765.0,2060.0,5947.0,11151.0,,,,,,,,,,,,,,,,,,,,,,,,,,,,,,,1315499.0,79563.0,16534.0,1427675.0,66939.0,21328.0,1439070.0,140933.0,10211.0,1061685.0,114000.0,9313.0,1405942.0,84762.0,16587.0,1680047.0,78015.0,21535.0,2127197.0,128679.0,16531.0,2031607.0,95336.0,21310.0,1791325.0,111255.0,16101.0,1746734.0,83592.0,20896.0,,,,,,,,,,,,,,,,,,,,,,,,,,,,,,,,,,,,,,,,,,,,,,,,,,,,,,,,,,,,,,,,,,,,,,,,,,,,,,,,,,,,,,,,,,,,,,,,,,,,,,,,,,,,,,,,,,,,,,,,,,,,,,,,,,,,,,,,,,,,,,,,,,,,,,,,,,,,,,,,,,,,,,,,,,,,,,,,,,,,,,,,,,,,,,,,,,,,,,,,,,,,,,,,,,,,,,,,,,,,,,,,,,,,,,,,,,,,,,,,,,,,,,,,,,,,,,,,,,,,,,,,,,,,,,,,,,,,,,,,
Bispebjerg,1988,240.0,225.0,90.0,68.0,,,0.0,,0.0,0.0,0.0,0.0,,0.0,,,9.0,11.0,,,8.0,,,,,,,7.0,44.0,39.0,123.0,101.0,202.0,155.0,193.0,190.0,210.0,93.0,73.0,36.0,35.0,55.0,,,12.0,10.0,67.0,54.0,116.0,81.0,,,,,141.0,450.0,964.0,909.0,1124.0,1096.0,3302.0,3429.0,2278.0,1840.0,1934.0,1688.0,1678.0,1905.0,5681.0,10857.0,,,,,,,,,,,,,,,,,,,,,,,,,,,,,,,1370258.0,82805.0,16548.0,1515843.0,71290.0,21263.0,1490578.0,147787.0,10086.0,1135892.0,121668.0,9336.0,1471873.0,88715.0,16591.0,1766326.0,82477.0,21416.0,2229521.0,135311.0,16477.0,2171305.0,102290.0,21227.0,1876559.0,116658.0,16086.0,1849244.0,88727.0,20842.0,,,,,,,,,,,,,,,,,,,,,,,,,,,,,,,,,,,,,,,,,,,,,,,,,,,,,,,,,,,,,,,,,,,,,,,,,,,,,,,,,,,,,,,,,,,,,,,,,,,,,,,,,,,,,,,,,,,,,,,,,,,,,,,,,,,,,,,,,,,,,,,,,,,,,,,,,,,,,,,,,,,,,,,,,,,,,,,,,,,,,,,,,,,,,,,,,,,,,,,,,,,,,,,,,,,,,,,,,,,,,,,,,,,,,,,,,,,,,,,,,,,,,,,,,,,,,,,,,,,,,,,,,,,,,,,,,,,,,,,,
Bispebjerg,1989,234.0,218.0,99.0,88.0,,,0.0,,0.0,0.0,0.0,0.0,,0.0,22.0,20.0,,16.0,,,9.0,,3.0,5.0,,0.0,,8.0,48.0,41.0,129.0,111.0,223.0,181.0,191.0,189.0,212.0,106.0,94.0,43.0,44.0,57.0,6.0,5.0,,11.0,69.0,48.0,114.0,87.0,104.0,90.0,,59.0,146.0,429.0,955.0,935.0,1097.0,1086.0,3327.0,3571.0,2301.0,1870.0,2009.0,1713.0,1624.0,1826.0,5456.0,10535.0,,,,,,,,,,,,,,,,,,,,,,,,,,,,,,,1446645.0,86594.0,16706.0,1610093.0,75766.0,21251.0,1534455.0,150777.0,10177.0,1188161.0,125267.0,9485.0,1556221.0,92892.0,16753.0,1865518.0,87162.0,21403.0,2342654.0,141277.0,16582.0,2298234.0,108407.0,21200.0,1954659.0,121930.0,16031.0,1948399.0,94121.0,20701.0,,,,,,,,,,,,,,,,,,,,,,,,,,,,,,,,,,,,,,,,,,,,,,,,,,,,,,,,,,,,,,,,,,,,,,,,,,,,,,,,,,,,,,,,,,,,,,,,,,,,,,,,,,,,,,,,,,,,,,,,,,,,,,,,,,,,,,,,,,,,,,,,,,,,,,,,,,,,,,,,,,,,,,,,,,,,,,,,,,,,,,,,,,,,,,,,,,,,,,,,,,,,,,,,,,,,,,,,,,,,,,,,,,,,,,,,,,,,,,,,,,,,,,,,,,,,,,,,,,,,,,,,,,,,,,,,,,,,,,,,
Bispebjerg,1990,232.0,221.0,137.0,118.0,,,0.0,,0.0,0.0,0.0,0.0,,0.0,24.0,26.0,18.0,,,,7.0,,4.0,7.0,0.0,,,6.0,41.0,43.0,111.0,88.0,243.0,202.0,202.0,178.0,230.0,139.0,98.0,47.0,51.0,58.0,4.0,6.0,16.0,,77.0,60.0,111.0,89.0,114.0,96.0,67.0,,136.0,415.0,1091.0,978.0,1060.0,1098.0,3538.0,3779.0,2396.0,1958.0,2047.0,1742.0,1600.0,1749.0,5234.0,10228.0,,,,,,,,,,,,,,,,,,,,,,,,,,,,,,,1467453.0,88931.0,16501.0,1647766.0,78750.0,20924.0,1538842.0,155549.0,9893.0,1211643.0,129325.0,9369.0,1578656.0,95358.0,16555.0,1897592.0,90134.0,21053.0,2364463.0,144043.0,16415.0,2348472.0,112448.0,20885.0,1976092.0,124911.0,15820.0,1978195.0,97386.0,20313.0,,,,,,,,,,,,,,,,,,,,,,,,,,,,,,,,,,,,,,,,,,,,,,,,,,,,,,,,,,,,,,,,,,,,,,,,,,,,,,,,,,,,,,,,,,,,,,,,,,,,,,,,,,,,,,,,,,,,,,,,,,,,,,,,,,,,,,,,,,,,,,,,,,,,,,,,,,,,,,,,,,,,,,,,,,,,,,,,,,,,,,,,,,,,,,,,,,,,,,,,,,,,,,,,,,,,,,,,,,,,,,,,,,,,,,,,,,,,,,,,,,,,,,,,,,,,,,,,,,,,,,,,,,,,,,,,,,,,,,,,
Bispebjerg,1991,253.0,244.0,161.0,129.0,,,,,0.0,,0.0,0.0,,0.0,23.0,24.0,,,,,,,3.0,,,,,6.0,42.0,44.0,105.0,78.0,274.0,247.0,240.0,200.0,216.0,143.0,113.0,59.0,56.0,60.0,6.0,3.0,,,83.0,69.0,89.0,95.0,112.0,94.0,,,133.0,393.0,1100.0,1035.0,1053.0,1092.0,3508.0,3765.0,2474.0,2001.0,2051.0,1729.0,1581.0,1682.0,4952.0,9827.0,,,,,,,,,,,,,,,,,,,,,,,,,,,,,,,1501163.0,90847.0,16524.0,1660772.0,80804.0,20553.0,1562917.0,157600.0,9917.0,1207654.0,129175.0,9349.0,1614564.0,97398.0,16577.0,1910336.0,92300.0,20697.0,2438268.0,147684.0,16510.0,2394580.0,116649.0,20528.0,2030902.0,128262.0,15834.0,2001908.0,100538.0,19912.0,,,,,,,,,,,,,,,,,,,,,,,,,,,,,,,,,,,,,,,,,,,,,,,,,,,,,,,,,,,,,,,,,,,,,,,,,,,,,,,,,,,,,,,,,,,,,,,,,,,,,,,,,,,,,,,,,,,,,,,,,,,,,,,,,,,,,,,,,,,,,,,,,,,,,,,,,,,,,,,,,,,,,,,,,,,,,,,,,,,,,,,,,,,,,,,,,,,,,,,,,,,,,,,,,,,,,,,,,,,,,,,,,,,,,,,,,,,,,,,,,,,,,,,,,,,,,,,,,,,,,,,,,,,,,,,,,,,,,,,,
Bispebjerg,1992,246.0,241.0,174.0,130.0,,,,,0.0,0.0,0.0,0.0,,0.0,,,16.0,,,,,,,,,,,8.0,43.0,48.0,122.0,99.0,322.0,280.0,301.0,220.0,216.0,151.0,132.0,69.0,61.0,65.0,,,8.0,,91.0,86.0,97.0,92.0,,,,,117.0,380.0,1145.0,1064.0,966.0,1026.0,3632.0,3773.0,2516.0,2003.0,2081.0,1755.0,1538.0,1602.0,4726.0,9459.0,,,,,,,,,,,,,,,,,,,,,,,,,,,,,,,1545189.0,93325.0,16557.0,1684370.0,82843.0,20332.0,1568546.0,159373.0,9842.0,1208418.0,132183.0,9142.0,1657230.0,99749.0,16614.0,1937415.0,94536.0,20494.0,2479406.0,149895.0,16541.0,2418115.0,119107.0,20302.0,2061796.0,130510.0,15798.0,2022747.0,103017.0,19635.0,,,,,,,,,,,,,,,,,,,,,,,,,,,,,,,,,,,,,,,,,,,,,,,,,,,,,,,,,,,,,,,,,,,,,,,,,,,,,,,,,,,,,,,,,,,,,,,,,,,,,,,,,,,,,,,,,,,,,,,,,,,,,,,,,,,,,,,,,,,,,,,,,,,,,,,,,,,,,,,,,,,,,,,,,,,,,,,,,,,,,,,,,,,,,,,,,,,,,,,,,,,,,,,,,,,,,,,,,,,,,,,,,,,,,,,,,,,,,,,,,,,,,,,,,,,,,,,,,,,,,,,,,,,,,,,,,,,,,,,,
Bispebjerg,1993,292.0,245.0,167.0,126.0,,,,,,0.0,0.0,0.0,,,20.0,31.0,,,,,,,,,,,,,55.0,50.0,122.0,109.0,402.0,331.0,355.0,229.0,245.0,168.0,119.0,71.0,84.0,76.0,4.0,8.0,,,113.0,101.0,101.0,92.0,,,,,112.0,369.0,1164.0,1081.0,911.0,950.0,3680.0,3840.0,2508.0,2050.0,2123.0,1755.0,1542.0,1570.0,4546.0,9139.0,,,,,,,,,,,,,,,,,,,,,,,,,,,,,,,1565272.0,95142.0,16452.0,1688436.0,85038.0,19855.0,1566786.0,158357.0,9894.0,1214778.0,133771.0,9081.0,1677881.0,101677.0,16502.0,1937856.0,96859.0,20007.0,2496101.0,151813.0,16442.0,2417205.0,121976.0,19817.0,2076391.0,132957.0,15617.0,2021146.0,105814.0,19101.0,,,,,,,,,,,,,,,,,,,,,,,,,,,,,,,,,,,,,,,,,,,,,,,,,,,,,,,,,,,,,,,,,,,,,,,,,,,,,,,,,,,,,,,,,,,,,,,,,,,,,,,,,,,,,,,,,,,,,,,,,,,,,,,,,,,,,,,,,,,,,,,,,,,,,,,,,,,,,,,,,,,,,,,,,,,,,,,,,,,,,,,,,,,,,,,,,,,,,,,,,,,,,,,,,,,,,,,,,,,,,,,,,,,,,,,,,,,,,,,,,,,,,,,,,,,,,,,,,,,,,,,,,,,,,,,,,,,,,,,,
Bispebjerg,1994,312.0,277.0,160.0,117.0,29.0,21.0,,,0.0,0.0,,0.0,,,,,,,14.0,15.0,,,5.0,5.0,0.0,,,,63.0,52.0,107.0,105.0,425.0,347.0,417.0,253.0,237.0,172.0,150.0,77.0,84.0,74.0,,,,,94.0,113.0,112.0,87.0,122.0,111.0,,,109.0,329.0,1184.0,1145.0,896.0,920.0,3652.0,3925.0,2589.0,2058.0,2152.0,1781.0,1557.0,1560.0,4212.0,8519.0,,,,,,,,,,,,,,,,,,,,,,,,,,,,,,,1674438.0,99515.0,16826.0,1784636.0,89920.0,19847.0,1665795.0,158240.0,10527.0,1256915.0,128769.0,9761.0,1799748.0,106614.0,16881.0,2031995.0,101788.0,19963.0,2699895.0,160584.0,16813.0,2693737.0,135979.0,19810.0,2321621.0,138861.0,16719.0,2321055.0,118108.0,19652.0,,,,,,,,,,,,,,,,,,,,,,,,,,,,,,,,,,,,,,,,,,,,,,,,,,,,,,,,,,,,,,,,,,,,,,,,,,,,,,,,,,,,,,,,,,,,,,,,,,,,,,,,,,,,,,,,,,,,,,,,,,,,,,,,,,,,,,,,,,,,,,,,,,,,,,,,,,,,,,,,,,,,,,,,,,,,,,,,,,,,,,,,,,,,,,,,,,,,,,,,,,,,,,,,,,,,,,,,,,,,,,,,,,,,,,,,,,,,,,,,,,,,,,,,,,,,,,,,,,,,,,,,,,,,,,,,,,,,,,,,
Bispebjerg,1995,348.0,313.0,152.0,123.0,,,,,0.0,,,0.0,,,24.0,39.0,,,,,,,9.0,,0.0,,,,70.0,70.0,130.0,114.0,481.0,430.0,551.0,300.0,260.0,193.0,174.0,84.0,94.0,75.0,5.0,6.0,,,116.0,140.0,130.0,87.0,122.0,107.0,,,99.0,314.0,1221.0,1224.0,902.0,908.0,3749.0,4022.0,2700.0,2158.0,2165.0,1753.0,1630.0,1568.0,4023.0,8131.0,,,,,,,,,,,,,,,,,,,,,,,,,,,,,,,1782651.0,103163.0,17280.0,1859268.0,93638.0,19856.0,1791374.0,166423.0,10764.0,1329203.0,140330.0,9472.0,1915868.0,110476.0,17342.0,2113026.0,105778.0,19976.0,2845686.0,164958.0,17251.0,2781146.0,140214.0,19835.0,2422208.0,141699.0,17094.0,2373603.0,121053.0,19608.0,,,,,,,,,,,,,,,,,,,,,,,,,,,,,,,,,,,,,,,,,,,,,,,,,,,,,,,,,,,,,,,,,,,,,,,,,,,,,,,,,,,,,,,,,,,,,,,,,,,,,,,,,,,,,,,,,,,,,,,,,,,,,,,,,,,,,,,,,,,,,,,,,,,,,,,,,,,,,,,,,,,,,,,,,,,,,,,,,,,,,,,,,,,,,,,,,,,,,,,,,,,,,,,,,,,,,,,,,,,,,,,,,,,,,,,,,,,,,,,,,,,,,,,,,,,,,,,,,,,,,,,,,,,,,,,,,,,,,,,,
Bispebjerg,1996,428.0,374.0,165.0,142.0,,,,,,,,0.0,,,24.0,41.0,,,,,,,,,0.0,,,,90.0,83.0,143.0,139.0,534.0,498.0,725.0,367.0,292.0,226.0,198.0,100.0,102.0,83.0,5.0,11.0,,,119.0,145.0,151.0,91.0,117.0,116.0,,,108.0,302.0,1263.0,1270.0,932.0,891.0,3902.0,4218.0,2732.0,2188.0,2195.0,1766.0,1674.0,1565.0,3873.0,7706.0,,,,,,,,,,,,,,,,,,,,,,,,,,,,,,,1868578.0,106320.0,17575.0,1907435.0,96854.0,19694.0,1901463.0,167294.0,11366.0,1398632.0,143039.0,9778.0,2003377.0,113564.0,17641.0,2160267.0,109027.0,19814.0,2969295.0,169181.0,17551.0,2839897.0,144443.0,19661.0,2525138.0,145440.0,17362.0,2415994.0,124114.0,19466.0,,,,,,,,,,,,,,,,,,,,,,,,,,,,,,,,,,,,,,,,,,,,,,,,,,,,,,,,,,,,,,,,,,,,,,,,,,,,,,,,,,,,,,,,,,,,,,,,,,,,,,,,,,,,,,,,,,,,,,,,,,,,,,,,,,,,,,,,,,,,,,,,,,,,,,,,,,,,,,,,,,,,,,,,,,,,,,,,,,,,,,,,,,,,,,,,,,,,,,,,,,,,,,,,,,,,,,,,,,,,,,,,,,,,,,,,,,,,,,,,,,,,,,,,,,,,,,,,,,,,,,,,,,,,,,,,,,,,,,,,
Bispebjerg,1997,452.0,433.0,173.0,147.0,,,,,,,,0.0,,,22.0,47.0,,,,,,,,,0.0,,,,101.0,85.0,158.0,179.0,592.0,571.0,847.0,422.0,320.0,235.0,229.0,120.0,115.0,93.0,9.0,15.0,,,142.0,168.0,159.0,100.0,124.0,112.0,,,105.0,275.0,1289.0,1300.0,889.0,843.0,4096.0,4347.0,2835.0,2285.0,2109.0,1706.0,1753.0,1614.0,3639.0,7240.0,,,,,,,,,,,,,,,,,,,,,,,,,,,,,,,1924355.0,108887.0,17673.0,1949319.0,99212.0,19648.0,2021815.0,173234.0,11671.0,1478839.0,147309.0,10039.0,2060034.0,116091.0,17745.0,2203300.0,111520.0,19757.0,3061817.0,173622.0,17635.0,2895387.0,147536.0,19625.0,2570147.0,147633.0,17409.0,2429409.0,125208.0,19403.0,,,,,,,,,,,,,,,,,,,,,,,,,,,,,,,,,,,,,,,,,,,,,,,,,,,,,,,,,,,,,,,,,,,,,,,,,,,,,,,,,,,,,,,,,,,,,,,,,,,,,,,,,,,,,,,,,,,,,,,,,,,,,,,,,,,,,,,,,,,,,,,,,,,,,,,,,,,,,,,,,,,,,,,,,,,,,,,,,,,,,,,,,,,,,,,,,,,,,,,,,,,,,,,,,,,,,,,,,,,,,,,,,,,,,,,,,,,,,,,,,,,,,,,,,,,,,,,,,,,,,,,,,,,,,,,,,,,,,,,,
Bispebjerg,1998,506.0,463.0,172.0,159.0,,,,,0.0,,,0.0,0.0,,23.0,45.0,,,,,,,9.0,,,,7.0,,86.0,76.0,187.0,185.0,590.0,623.0,922.0,468.0,380.0,251.0,240.0,126.0,129.0,113.0,8.0,7.0,,,160.0,186.0,177.0,104.0,113.0,105.0,,,102.0,264.0,1327.0,1311.0,873.0,874.0,4143.0,4424.0,2851.0,2375.0,2059.0,1672.0,1842.0,1662.0,3418.0,6804.0,,,,,,,,,,,,,,,,,,,,,,,,,,,,,,,2053223.0,114911.0,17868.0,2033942.0,103788.0,19597.0,2232932.0,180833.0,12348.0,1615524.0,152610.0,10586.0,2191767.0,122336.0,17916.0,2302720.0,116907.0,19697.0,3252088.0,182190.0,17850.0,3005507.0,153515.0,19578.0,2711351.0,152830.0,17741.0,2516580.0,129640.0,19412.0,0.0,0.0,7051.0,9320.0,0.0,0.0,0.0,0.0,0.0,0.0,0.0,0.0,0.0,0.0,0.0,0.0,2115.0,2656.0,0.0,0.0,0.0,0.0,131.0,746.0,0.0,0.0,0.0,0.0,0.0,0.0,0.0,0.0,0.0,0.0,0.0,0.0,365.0,702.0,0.0,0.0,0.0,0.0,15.0,294.0,0.0,0.0,0.0,0.0,0.0,0.0,0.0,0.0,0.0,0.0,0.0,0.0,180.0,604.0,0.0,0.0,0.0,0.0,1.0,68.0,0.0,0.0,0.0,0.0,0.0,0.0,0.0,0.0,0.0,0.0,0.0,0.0,26.0,207.0,0.0,0.0,,,,,,,,,,,,,,,,,,,,,,,,,,,,,,,,,,,,,,,,,,,,,,,,,,,,,,,,,,,,,,,,,,,,,,,,,,,,,,,,,,,,,,,,,,,,,,,,,,,,,,,,,,,,,,,,,,,,,,,,,,,,,,,,,,,,,,,,,,,,,,,,,,,,,,,,,,,,,,,,,,,,,,,,,,,,,,,,,,,,,,,,,,,,,,,,,,,,,,,,
Bispebjerg,1999,554.0,518.0,175.0,176.0,,,,,0.0,,,0.0,0.0,,20.0,42.0,,,,,,,11.0,,0.0,,6.0,,78.0,77.0,212.0,190.0,586.0,684.0,997.0,552.0,405.0,267.0,235.0,141.0,154.0,127.0,6.0,8.0,,,156.0,210.0,184.0,111.0,112.0,103.0,,,102.0,250.0,1339.0,1311.0,902.0,878.0,4257.0,4497.0,2850.0,2379.0,2068.0,1680.0,1915.0,1701.0,3253.0,6451.0,,,,,,,,,,,,,,,,,,,,,,,,,,,,,,,2160224.0,119224.0,18119.0,2112916.0,107418.0,19670.0,2406795.0,190728.0,12619.0,1746605.0,159362.0,10960.0,2304697.0,126694.0,18191.0,2394442.0,120944.0,19798.0,3424193.0,189318.0,18087.0,3120372.0,158886.0,19639.0,2861809.0,159637.0,17927.0,2610424.0,134392.0,19424.0,0.0,0.0,7063.0,9102.0,0.0,0.0,0.0,0.0,0.0,0.0,0.0,0.0,0.0,0.0,0.0,0.0,2088.0,2545.0,0.0,0.0,0.0,0.0,138.0,766.0,0.0,0.0,0.0,0.0,0.0,0.0,0.0,0.0,0.0,0.0,0.0,0.0,404.0,711.0,0.0,0.0,0.0,0.0,25.0,304.0,0.0,0.0,0.0,0.0,0.0,0.0,0.0,0.0,0.0,0.0,0.0,0.0,168.0,640.0,0.0,0.0,0.0,0.0,2.0,69.0,0.0,0.0,0.0,0.0,0.0,0.0,0.0,0.0,0.0,0.0,0.0,0.0,25.0,199.0,0.0,0.0,,,,,,,,,,,,,,,,,,,,,,,,,,,,,,,,,,,,,,,,,,,,,,,,,,,,,,,,,,,,,,,,,,,,,,,,,,,,,,,,,,,,,,,,,,,,,,,,,,,,,,,,,,,,,,,,,,,,,,,,,,,,,,,,,,,,,,,,,,,,,,,,,,,,,,,,,,,,,,,,,,,,,,,,,,,,,,,,,,,,,,,,,,,,,,,,,,,,,,,,
Bispebjerg,2000,623.0,584.0,181.0,177.0,151.0,139.0,,,0.0,,,0.0,0.0,,23.0,38.0,,,30.0,22.0,,,,,,,6.0,,103.0,90.0,231.0,212.0,607.0,739.0,1066.0,651.0,453.0,287.0,240.0,162.0,168.0,137.0,8.0,5.0,,,154.0,217.0,172.0,129.0,,,,,109.0,243.0,1332.0,1277.0,930.0,888.0,4358.0,4651.0,2901.0,2391.0,2093.0,1681.0,1913.0,1725.0,3127.0,6121.0,,,,,,,,,,,,,,,,,,,,,,,,,,,,,,,2275278.0,123993.0,18350.0,2196948.0,111617.0,19683.0,2570389.0,198624.0,12941.0,1860389.0,165353.0,11251.0,2428176.0,131787.0,18425.0,2495441.0,125880.0,19824.0,3604091.0,196784.0,18315.0,3243086.0,165017.0,19653.0,2974612.0,164707.0,18060.0,2683937.0,138383.0,19395.0,0.0,0.0,7052.0,8955.0,0.0,0.0,0.0,0.0,0.0,0.0,0.0,0.0,0.0,0.0,0.0,0.0,2176.0,2477.0,0.0,0.0,0.0,0.0,135.0,750.0,0.0,0.0,0.0,0.0,0.0,0.0,0.0,0.0,0.0,0.0,0.0,0.0,399.0,742.0,0.0,0.0,0.0,0.0,31.0,315.0,0.0,0.0,0.0,0.0,0.0,0.0,0.0,0.0,0.0,0.0,0.0,0.0,181.0,665.0,0.0,0.0,0.0,0.0,2.0,74.0,0.0,0.0,0.0,0.0,0.0,0.0,0.0,0.0,0.0,0.0,0.0,0.0,26.0,216.0,0.0,0.0,,,,,,,,,,,,,,,,,,,,,,,,,,,,,,,,,,,,,,,,,,,,,,,,,,,,,,,,,,,,,,,,,,,,,,,,,,,,,,,,,,,,,,,,,,,,,,,,,,,,,,,,,,,,,,,,,,,,,,,,,,,,,,,,,,,,,,,,,,,,,,,,,,,,,,,,,,,,,,,,,,,,,,,,,,,,,,,,,,,,,,,,,,,,,,,,,,,,,,,,
Bispebjerg,2001,685.0,645.0,193.0,185.0,165.0,160.0,,,,,,0.0,0.0,0.0,28.0,36.0,,,32.0,19.0,,,,,,,7.0,9.0,96.0,77.0,245.0,214.0,618.0,745.0,1090.0,709.0,533.0,326.0,250.0,175.0,177.0,151.0,6.0,3.0,,,188.0,203.0,169.0,131.0,116.0,99.0,,,116.0,227.0,1376.0,1294.0,902.0,905.0,4524.0,4824.0,2865.0,2380.0,2098.0,1670.0,1902.0,1739.0,3061.0,5821.0,,,,,,,,,,,,,,,,,,,,,,,,,,,,,,,2380216.0,128911.0,18464.0,2291389.0,116184.0,19722.0,2735079.0,208276.0,13132.0,1987241.0,172954.0,11490.0,2539546.0,136785.0,18566.0,2599709.0,130882.0,19863.0,3783785.0,205462.0,18416.0,3402941.0,172791.0,19694.0,3116736.0,172272.0,18092.0,2804052.0,144740.0,19373.0,0.0,0.0,7064.0,8745.0,0.0,0.0,0.0,0.0,0.0,0.0,0.0,0.0,0.0,0.0,0.0,0.0,2278.0,2405.0,0.0,0.0,0.0,0.0,131.0,773.0,0.0,0.0,0.0,0.0,0.0,0.0,0.0,0.0,0.0,0.0,0.0,0.0,435.0,749.0,0.0,0.0,0.0,0.0,35.0,318.0,0.0,0.0,0.0,0.0,0.0,0.0,0.0,0.0,0.0,0.0,0.0,0.0,176.0,678.0,0.0,0.0,0.0,0.0,1.0,69.0,0.0,0.0,0.0,0.0,0.0,0.0,0.0,0.0,0.0,0.0,0.0,0.0,30.0,231.0,0.0,0.0,,,,,,,,,,,,,,,,,,,,,,,,,,,,,,,,,,,,,,,,,,,,,,,,,,,,,,,,,,,,,,,,,,,,,,,,,,,,,,,,,,,,,,,,,,,,,,,,,,,,,,,,,,,,,,,,,,,,,,,,,,,,,,,,,,,,,,,,,,,,,,,,,,,,,,,,,,,,,,,,,,,,,,,,,,,,,,,,,,,,,,,,,,,,,,,,,,,,,,,,
Bispebjerg,2002,765.0,697.0,218.0,220.0,196.0,195.0,,,,,,0.0,0.0,0.0,28.0,37.0,18.0,20.0,31.0,19.0,,,,,,3.0,7.0,8.0,79.0,73.0,245.0,213.0,610.0,803.0,1087.0,749.0,599.0,335.0,262.0,197.0,189.0,165.0,10.0,4.0,16.0,18.0,189.0,230.0,170.0,143.0,109.0,97.0,129.0,109.0,117.0,228.0,1405.0,1348.0,911.0,892.0,4574.0,4826.0,2986.0,2432.0,2071.0,1692.0,1921.0,1795.0,2953.0,5531.0,,,,,,,,,,,,,,,,,,,,,,,,,,,,,,,2468815.0,133673.0,18469.0,2369640.0,121820.0,19452.0,2765266.0,210543.0,13134.0,2045406.0,177892.0,11498.0,2642680.0,142301.0,18571.0,2682366.0,136981.0,19582.0,3863715.0,209757.0,18420.0,3478330.0,179083.0,19423.0,3170712.0,175313.0,18086.0,2855029.0,149236.0,19131.0,0.0,0.0,7107.75,8490.75,0.0,0.0,0.0,0.0,0.0,0.0,0.0,0.0,0.0,0.0,0.0,0.0,2273.5,2316.0,0.0,0.0,0.0,0.0,131.5,777.75,0.0,0.0,0.0,0.0,0.0,0.0,0.0,0.0,0.0,0.0,0.0,0.0,431.0,743.0,0.0,0.0,0.0,0.0,35.5,327.75,0.0,0.0,0.0,0.0,0.0,0.0,0.0,0.0,0.0,0.0,0.0,0.0,198.75,726.25,0.0,0.0,0.0,0.0,4.75,83.5,0.0,0.0,0.0,0.0,0.0,0.0,0.0,0.0,0.0,0.0,0.0,0.0,39.5,236.25,0.0,0.0,,,,,,,,,,,,,,,,,,,,,,,,,,,,,,,,,,,,,,,,,,,,,,,,,,,,,,,,,,,,,,,,,,,,,,,,,,,,,,,,,,,,,,,,,,,,,,,,,,,,,,,,,,,,,,,,,,,,,,,,,,,,,,,,,,,,,,,,,,,,,,,,,,,,,,,,,,,,,,,,,,,,,,,,,,,,,,,,,,,,,,,,,,,,,,,,,,,,,,,,
Bispebjerg,2003,759.0,700.0,255.0,233.0,217.0,204.0,,,,,,0.0,0.0,0.0,,,15.0,19.0,35.0,25.0,,,,,,,6.0,6.0,64.0,64.0,245.0,201.0,582.0,782.0,1078.0,786.0,658.0,361.0,295.0,209.0,200.0,189.0,,,14.0,22.0,172.0,234.0,183.0,135.0,117.0,91.0,,,119.0,212.0,1397.0,1356.0,936.0,885.0,4531.0,4764.0,3118.0,2486.0,2035.0,1674.0,1918.0,1775.0,2836.0,5240.0,,,,,,,,,,,,,,,,,,,,,,,,,,,,,,,2546838.0,137059.0,18582.0,2439886.0,125657.0,19417.0,2782934.0,213333.0,13045.0,2074830.0,177457.0,11692.0,2729024.0,146039.0,18687.0,2753833.0,140825.0,19555.0,3938958.0,212538.0,18533.0,3553830.0,183244.0,19394.0,3241937.0,177913.0,18222.0,2916723.0,152588.0,19115.0,0.0,0.0,7169.25,8307.5,0.0,0.0,0.0,0.0,0.0,0.0,0.0,0.0,0.0,0.0,0.0,0.0,2319.5,2223.5,0.0,0.0,0.0,0.0,141.25,781.5,0.0,0.0,0.0,0.0,0.0,0.0,0.0,0.0,0.0,0.0,0.0,0.0,429.5,730.25,0.0,0.0,0.0,0.0,34.25,329.75,0.0,0.0,0.0,0.0,0.0,0.0,0.0,0.0,0.0,0.0,0.0,0.0,185.75,738.75,0.0,0.0,0.0,0.0,4.25,95.5,0.0,0.0,0.0,0.0,0.0,0.0,0.0,0.0,0.0,0.0,0.0,0.0,38.25,239.0,0.0,0.0,,,,,,,,,,,,,,,,,,,,,,,,,,,,,,,,,,,,,,,,,,,,,,,,,,,,,,,,,,,,,,,,,,,,,,,,,,,,,,,,,,,,,,,,,,,,,,,,,,,,,,,,,,,,,,,,,,,,,,,,,,,,,,,,,,,,,,,,,,,,,,,,,,,,,,,,,,,,,,,,,,,,,,,,,,,,,,,,,,,,,,,,,,,,,,,,,,,,,,,,
Bispebjerg,2004,758.0,745.0,284.0,249.0,210.0,209.0,,,,,0.0,0.0,,0.0,30.0,28.0,16.0,26.0,38.0,29.0,,,,,7.0,5.0,,6.0,56.0,55.0,233.0,202.0,578.0,730.0,1077.0,798.0,706.0,393.0,306.0,233.0,222.0,204.0,9.0,5.0,13.0,19.0,158.0,258.0,163.0,144.0,116.0,89.0,131.0,123.0,119.0,208.0,1405.0,1358.0,932.0,946.0,4513.0,4762.0,3192.0,2563.0,2084.0,1676.0,1938.0,1760.0,2766.0,4990.0,,,,,,,,,,,,,,,,,,,,,,,,,,,,,,,2654440.0,142743.0,18596.0,2551034.0,132185.0,19299.0,2838997.0,217198.0,13071.0,2160484.0,184389.0,11717.0,2849131.0,152474.0,18686.0,2871431.0,147875.0,19418.0,4004996.0,216043.0,18538.0,3651624.0,189390.0,19281.0,3264641.0,179949.0,18142.0,2968366.0,156312.0,18990.0,0.0,0.0,7312.25,8201.75,0.0,0.0,0.0,0.0,0.0,0.0,0.0,0.0,0.0,0.0,0.0,0.0,2301.0,2102.75,0.0,0.0,0.0,0.0,152.25,796.0,0.0,0.0,0.0,0.0,0.0,0.0,0.0,0.0,0.0,0.0,0.0,0.0,442.25,726.25,0.0,0.0,0.0,0.0,38.5,354.0,0.0,0.0,0.0,0.0,0.0,0.0,0.0,0.0,0.0,0.0,0.0,0.0,167.75,752.5,0.0,0.0,0.0,0.0,4.0,97.75,0.0,0.0,0.0,0.0,0.0,0.0,0.0,0.0,0.0,0.0,0.0,0.0,45.25,230.25,0.0,0.0,,,,,,,,,,,,,,,,,,,,,,,,,,,,,,,,,,,,,,,,,,,,,,,,,,,,,,,,,,,,,,,,,,,,,,,,,,,,,,,,,,,,,,,,,,,,,,,,,,,,,,,,,,,,,,,,,,,,,,,,,,,,,,,,,,,,,,,,,,,,,,,,,,,,,,,,,,,,,,,,,,,,,,,,,,,,,,,,,,,,,,,,,,,,,,,,,,,,,,,,
Bispebjerg,2005,764.0,783.0,338.0,295.0,214.0,217.0,,,,0.0,0.0,,,0.0,33.0,27.0,19.0,25.0,31.0,33.0,,,,3.0,8.0,,,6.0,53.0,51.0,214.0,190.0,583.0,678.0,1074.0,832.0,769.0,434.0,310.0,258.0,240.0,214.0,10.0,8.0,13.0,14.0,145.0,299.0,165.0,147.0,123.0,90.0,131.0,125.0,126.0,198.0,1366.0,1342.0,942.0,976.0,4390.0,4661.0,3184.0,2591.0,2101.0,1682.0,1951.0,1768.0,2697.0,4767.0,,,,,,,,,,,,,,,,,,,,,,,,,,,,,,,2732343.0,147169.0,18566.0,2627092.0,136444.0,19254.0,2937315.0,221835.0,13241.0,2272081.0,187203.0,12137.0,2931723.0,157062.0,18666.0,2957065.0,152725.0,19362.0,4118313.0,222636.0,18498.0,3761047.0,195653.0,19223.0,3344047.0,184907.0,18085.0,3040678.0,161138.0,18870.0,0.0,0.0,7476.75,8204.25,0.0,0.0,0.0,0.0,0.0,0.0,0.0,0.0,0.0,0.0,0.0,0.0,2281.5,2020.75,0.0,0.0,0.0,0.0,153.0,814.5,0.0,0.0,0.0,0.0,0.0,0.0,0.0,0.0,0.0,0.0,0.0,0.0,442.25,706.5,0.0,0.0,0.0,0.0,38.5,365.25,0.0,0.0,0.0,0.0,0.0,0.0,0.0,0.0,0.0,0.0,0.0,0.0,165.25,767.0,0.0,0.0,0.0,0.0,2.0,106.5,0.0,0.0,0.0,0.0,0.0,0.0,0.0,0.0,0.0,0.0,0.0,0.0,37.75,239.5,0.0,0.0,,,,,,,,,,,,,,,,,,,,,,,,,,,,,,,,,,,,,,,,,,,,,,,,,,,,,,,,,,,,,,,,,,,,,,,,,,,,,,,,,,,,,,,,,,,,,,,,,,,,,,,,,,,,,,,,,,,,,,,,,,,,,,,,,,,,,,,,,,,,,,,,,,,,,,,,,,,,,,,,,,,,,,,,,,,,,,,,,,,,,,,,,,,,,,,,,,,,,,,,
Bispebjerg,2006,761.0,785.0,362.0,325.0,207.0,209.0,,,,,0.0,,,0.0,35.0,27.0,23.0,26.0,34.0,36.0,,,,,8.0,,,7.0,49.0,50.0,214.0,202.0,566.0,672.0,1023.0,859.0,851.0,455.0,313.0,277.0,275.0,228.0,7.0,7.0,15.0,17.0,159.0,284.0,167.0,176.0,128.0,89.0,126.0,127.0,136.0,192.0,1315.0,1302.0,985.0,1018.0,4369.0,4698.0,3206.0,2567.0,2076.0,1691.0,1966.0,1741.0,2674.0,4562.0,,,,,,,,,,,,,,,,,,,,,,,,,,,,,,,2922161.0,153459.0,19042.0,2720772.0,140790.0,19325.0,3269596.0,234649.0,13934.0,2457092.0,195054.0,12597.0,3135234.0,164148.0,19100.0,3082417.0,158912.0,19397.0,4457719.0,234753.0,18989.0,3927585.0,203555.0,19295.0,3598589.0,192541.0,18690.0,3160999.0,166412.0,18995.0,0.0,0.0,7566.0,8110.75,0.0,0.0,0.0,0.0,0.0,0.0,0.0,0.0,0.0,0.0,0.0,0.0,2308.25,1958.75,0.0,0.0,0.0,0.0,158.0,846.0,0.0,0.0,0.0,0.0,0.0,0.0,0.0,0.0,0.0,0.0,0.0,0.0,447.75,710.5,0.0,0.0,0.0,0.0,37.0,365.25,0.0,0.0,0.0,0.0,0.0,0.0,0.0,0.0,0.0,0.0,0.0,0.0,168.75,777.0,0.0,0.0,0.0,0.0,3.75,111.5,0.0,0.0,0.0,0.0,0.0,0.0,0.0,0.0,0.0,0.0,0.0,0.0,40.0,240.5,0.0,0.0,,,,,,,,,,,,,,,,,,,,,,,,,,,,,,,,,,,,,,,,,,,,,,,,,,,,,,,,,,,,,,,,,,,,,,,,,,,,,,,,,,,,,,,,,,,,,,,,,,,,,,,,,,,,,,,,,,,,,,,,,,,,,,,,,,,,,,,,,,,,,,,,,,,,,,,,,,,,,,,,,,,,,,,,,,,,,,,,,,,,,,,,,,,,,,,,,,,,,,,,
Bispebjerg,2007,753.0,750.0,400.0,371.0,222.0,222.0,,,,,0.0,,,0.0,36.0,31.0,23.0,28.0,33.0,42.0,,,,,9.0,,,6.0,40.0,49.0,205.0,193.0,584.0,672.0,998.0,875.0,916.0,493.0,335.0,293.0,313.0,240.0,11.0,7.0,20.0,19.0,254.0,406.0,218.0,183.0,153.0,95.0,109.0,124.0,140.0,194.0,1349.0,1330.0,1018.0,1056.0,4443.0,4769.0,3276.0,2569.0,2153.0,1724.0,1881.0,1694.0,2668.0,4331.0,,,,,,,,,,,,,,,,,,,,,,,,,,,,,,,3061051.0,157591.0,19424.0,2829455.0,145123.0,19497.0,3569568.0,245230.0,14556.0,2686416.0,202718.0,13252.0,3280305.0,168255.0,19496.0,3209798.0,164016.0,19570.0,4767949.0,246113.0,19373.0,4157746.0,213524.0,19472.0,3801196.0,200665.0,18943.0,3302874.0,172339.0,19165.0,0.0,0.0,7805.0,7945.0,0.0,0.0,0.0,0.0,0.0,0.0,0.0,0.0,0.0,0.0,0.0,0.0,2378.5,1938.25,0.0,0.0,0.0,0.0,175.75,864.75,0.0,0.0,0.0,0.0,0.0,0.0,0.0,0.0,0.0,0.0,0.0,0.0,459.75,731.5,0.0,0.0,0.0,0.0,33.5,380.0,0.0,0.0,0.0,0.0,0.0,0.0,0.0,0.0,0.0,0.0,0.0,0.0,185.75,762.5,0.0,0.0,0.0,0.0,4.0,112.0,0.0,0.0,0.0,0.0,0.0,0.0,0.0,0.0,0.0,0.0,0.0,0.0,37.25,254.25,0.0,0.0,,,,,,,,,,,,,,,,,,,,,,,,,,,,,,,,,,,,,,,,,,,,,,,,,,,,,,,,,,,,,,,,,,,,,,,,,,,,,,,,,,,,,,,,,,,,,,,,,,,,,,,,,,,,,,,,,,,,,,,,,,,,,,,,,,,,,,,,,,,,,,,,,,,,,,,,,,,,,,,,,,,,,,,,,,,,,,,,,,,,,,,,,,,,,,,,,,,,,,,,
Bispebjerg,2008,751.0,731.0,418.0,406.0,241.0,234.0,90.0,84.0,,,,,,0.0,38.0,31.0,20.0,30.0,42.0,42.0,22.0,20.0,,,,,,7.0,42.0,46.0,180.0,157.0,674.0,683.0,1025.0,900.0,936.0,535.0,386.0,304.0,333.0,247.0,12.0,9.0,21.0,29.0,349.0,488.0,236.0,224.0,161.0,99.0,110.0,121.0,142.0,191.0,1383.0,1392.0,1006.0,1068.0,4524.0,4925.0,3402.0,2689.0,2113.0,1749.0,1859.0,1656.0,2661.0,4081.0,1740.0,976.0,565.0,396.0,494.0,217.0,124.0,68.0,34.0,31.0,621.0,377.0,264.0,212.0,272.0,175.0,97.0,47.0,39.0,51.0,471.0,266.0,138.0,86.0,106.0,256.0,112.0,48.0,25.0,34.0,3169715.0,161055.0,19681.0,2939429.0,149986.0,19598.0,3786703.0,261784.0,14465.0,2882521.0,215628.0,13368.0,3402303.0,172138.0,19765.0,3312771.0,168298.0,19684.0,4979228.0,253667.0,19629.0,4357402.0,222612.0,19574.0,3925854.0,204110.0,19234.0,3396254.0,176383.0,19255.0,0.0,0.0,7821.25,7817.5,0.0,0.0,0.0,0.0,0.0,0.0,0.0,0.0,0.0,0.0,0.0,0.0,2428.25,1937.0,0.0,0.0,0.0,0.0,178.5,868.0,0.0,0.0,0.0,0.0,0.0,0.0,0.0,0.0,0.0,0.0,0.0,0.0,515.0,770.5,0.0,0.0,0.0,0.0,36.0,392.25,0.0,0.0,0.0,0.0,0.0,0.0,0.0,0.0,0.0,0.0,0.0,0.0,176.25,770.5,0.0,0.0,0.0,0.0,2.75,118.5,0.0,0.0,0.0,0.0,0.0,0.0,0.0,0.0,0.0,0.0,0.0,0.0,30.75,256.75,0.0,0.0,,,,,,,,,,,,,,,,,,,,,,,,,,,,,,,,,,,,,,,,,,,,,,,,,,,,,,,,,,,,,,,,,,,,,,,,,,,,,,,,,,,,,,,,,,,,,,,,,,,,,,,,,,,,,,,,,,,,,,,,,,,,,,,,,,,,,,,,,,,,,,,,,,,,,,,,,,,,,,,,,,,,,,,,,,,,,,,,,,,,,,,,,,,,,,,,,,,,,,,,
Bispebjerg,2009,765.0,715.0,446.0,437.0,272.0,235.0,100.0,99.0,,,0.0,,,0.0,44.0,40.0,,,37.0,33.0,26.0,22.0,,,13.0,,,,63.0,36.0,168.0,148.0,766.0,738.0,1026.0,915.0,1004.0,594.0,437.0,324.0,353.0,266.0,15.0,10.0,,,437.0,569.0,250.0,241.0,187.0,105.0,119.0,123.0,,,1505.0,1472.0,984.0,1070.0,4532.0,4995.0,3461.0,2740.0,2067.0,1730.0,1843.0,1574.0,2629.0,3946.0,1861.0,1211.0,797.0,559.0,758.0,235.0,154.0,109.0,46.0,54.0,626.0,472.0,334.0,261.0,375.0,208.0,125.0,68.0,45.0,66.0,508.0,317.0,211.0,161.0,211.0,284.0,143.0,75.0,46.0,52.0,3263711.0,163603.0,19949.0,3076293.0,155282.0,19811.0,3716931.0,258479.0,14380.0,2986873.0,222056.0,13451.0,3514015.0,175245.0,20052.0,3461484.0,173708.0,19927.0,5010291.0,252217.0,19865.0,4493257.0,227231.0,19774.0,3978555.0,203945.0,19508.0,3512931.0,180902.0,19419.0,0.0,0.0,7710.0,7711.75,0.0,0.0,0.0,0.0,0.0,0.0,0.0,0.0,0.0,0.0,0.0,0.0,2419.5,1944.5,0.0,0.0,0.0,0.0,174.25,885.5,0.0,0.0,0.0,0.0,0.0,0.0,0.0,0.0,0.0,0.0,0.0,0.0,516.5,803.0,0.0,0.0,0.0,0.0,40.0,396.25,0.0,0.0,0.0,0.0,0.0,0.0,0.0,0.0,0.0,0.0,0.0,0.0,197.25,785.5,0.0,0.0,0.0,0.0,5.25,124.75,0.0,0.0,0.0,0.0,0.0,0.0,0.0,0.0,0.0,0.0,0.0,0.0,28.0,252.25,0.0,0.0,,,,,,,,,,,,,,,,,,,,,,,,,,,,,,,,,,,,,,,,,,,,,,,,,,,,,,,,,,,,,,,,,,,,,,,,,,,,,,,,,,,,,,,,,,,,,,,,,,,,,,,,,,,,,,,,,,,,,,,,,,,,,,,,,,,,,,,,,,,,,,,,,,,,,,,,,,,,,,,,,,,,,,,,,,,,,,,,,,,,,,,,,,,,,,,,,,,,,,,,
Bispebjerg,2010,758.0,720.0,494.0,459.0,296.0,254.0,124.0,112.0,,,0.0,,,0.0,46.0,52.0,,,35.0,37.0,27.0,16.0,,,13.0,,0.0,,74.0,53.0,143.0,149.0,806.0,819.0,989.0,956.0,1048.0,634.0,487.0,353.0,384.0,290.0,19.0,18.0,,,460.0,637.0,278.0,271.0,166.0,118.0,123.0,118.0,,,1559.0,1503.0,997.0,1052.0,4521.0,5029.0,3541.0,2867.0,2083.0,1688.0,1822.0,1592.0,2617.0,3799.0,1892.0,1251.0,988.0,725.0,1037.0,192.0,166.0,109.0,71.0,112.0,632.0,450.0,381.0,334.0,420.0,270.0,133.0,95.0,55.0,82.0,493.0,328.0,288.0,210.0,333.0,305.0,174.0,115.0,55.0,90.0,3489167.0,168893.0,20659.0,3282698.0,160382.0,20468.0,3737476.0,262205.0,14254.0,3043164.0,223204.0,13634.0,3751077.0,180853.0,20741.0,3694721.0,180020.0,20524.0,5157025.0,250074.0,20622.0,4655567.0,227511.0,20463.0,4131964.0,209160.0,19755.0,3672087.0,186656.0,19673.0,0.0,0.0,7612.5,7575.25,0.0,0.0,0.0,0.0,0.0,0.0,0.0,0.0,0.0,0.0,0.0,0.0,2482.75,1951.0,0.0,0.0,0.0,0.0,186.0,889.0,0.0,0.0,0.0,0.0,0.0,0.0,0.0,0.0,0.0,0.0,0.0,0.0,521.0,811.0,0.0,0.0,0.0,0.0,36.0,389.75,0.0,0.0,0.0,0.0,0.0,0.0,0.0,0.0,0.0,0.0,0.0,0.0,216.0,797.5,0.0,0.0,0.0,0.0,6.25,127.25,0.0,0.0,0.0,0.0,0.0,0.0,0.0,0.0,0.0,0.0,0.0,0.0,30.25,252.25,0.0,0.0,,,,,,,,,,,,,,,,,,,,,,,,,,,,,,,,,,,,,,,,,,,,,,,,,,,,,,,,,,,,,,,,,,,,,,,,,,,,,,,,,,,,,,,,,,,,,,,,,,,,,,,,,,,,,,,,,,,,,,,,,,,,,,,,,,,,,,,,,,,,,,,,,,,,,,,,,,,,,,,,,,,,,,,,,,,,,,,,,,,,,,,,,,,,,,,,,,,,,,,,
Bispebjerg,2011,749.0,723.0,565.0,509.0,328.0,319.0,139.0,124.0,,,,,,0.0,56.0,61.0,,,36.0,49.0,29.0,13.0,,,,,,,81.0,66.0,162.0,141.0,895.0,886.0,1059.0,979.0,1115.0,688.0,539.0,377.0,412.0,314.0,16.0,21.0,,,567.0,696.0,326.0,313.0,177.0,132.0,119.0,123.0,,,1642.0,1531.0,1039.0,1078.0,4572.0,5134.0,3557.0,2880.0,2108.0,1696.0,1823.0,1585.0,2612.0,3667.0,2103.0,1356.0,910.0,638.0,1118.0,276.0,216.0,131.0,74.0,155.0,651.0,456.0,302.0,252.0,431.0,259.0,121.0,92.0,56.0,95.0,540.0,380.0,247.0,197.0,327.0,377.0,183.0,138.0,59.0,110.0,3618243.0,169974.0,21287.0,3355653.0,161438.0,20786.0,3868469.0,260556.0,14847.0,3056011.0,218489.0,13987.0,3885378.0,181985.0,21350.0,3797179.0,182136.0,20848.0,5317779.0,250107.0,21262.0,4744110.0,228291.0,20781.0,4264770.0,207896.0,20514.0,3746310.0,186023.0,20139.0,0.0,0.0,7446.5,7372.25,0.0,0.0,0.0,0.0,0.0,0.0,0.0,0.0,0.0,0.0,0.0,0.0,2503.0,1920.0,0.0,0.0,0.0,0.0,194.25,909.25,0.0,0.0,0.0,0.0,0.0,0.0,0.0,0.0,0.0,0.0,0.0,0.0,544.25,829.5,0.0,0.0,0.0,0.0,42.25,403.75,0.0,0.0,0.0,0.0,0.0,0.0,0.0,0.0,0.0,0.0,0.0,0.0,236.25,815.75,0.0,0.0,0.0,0.0,5.75,131.5,0.0,0.0,0.0,0.0,0.0,0.0,0.0,0.0,0.0,0.0,0.0,0.0,34.25,257.5,0.0,0.0,,,,,,,,,,,,,,,,,,,,,,,,,,,,,,,,,,,,,,,,,,,,,,,,,,,,,,,,,,,,,,,,,,,,,,,,,,,,,,,,,,,,,,,,,,,,,,,,,,,,,,,,,,,,,,,,,,,,,,,,,,,,,,,,,,,,,,,,,,,,,,,,,,,,,,,,,,,,,,,,,,,,,,,,,,,,,,,,,,,,,,,,,,,,,,,,,,,,,,,,
Bispebjerg,2012,747.0,660.0,626.0,584.0,353.0,361.0,155.0,139.0,,,,,,0.0,59.0,65.0,24.0,22.0,51.0,71.0,31.0,14.0,,,,,,8.0,96.0,70.0,157.0,137.0,902.0,901.0,1137.0,1025.0,1165.0,733.0,576.0,397.0,418.0,341.0,17.0,26.0,34.0,35.0,605.0,739.0,345.0,336.0,189.0,138.0,130.0,130.0,173.0,203.0,1689.0,1606.0,1064.0,1067.0,4790.0,5376.0,3508.0,2848.0,2139.0,1686.0,1801.0,1562.0,2657.0,3555.0,2023.0,1374.0,970.0,716.0,1155.0,291.0,192.0,147.0,112.0,180.0,591.0,408.0,291.0,256.0,404.0,255.0,144.0,108.0,64.0,89.0,506.0,393.0,261.0,210.0,355.0,380.0,237.0,163.0,74.0,127.0,3740615.0,172426.0,21694.0,3449274.0,162855.0,21180.0,3980469.0,262183.0,15182.0,3127143.0,218773.0,14294.0,4012908.0,184391.0,21763.0,3898176.0,183608.0,21231.0,5501194.0,253745.0,21680.0,4876834.0,230289.0,21177.0,4428924.0,210650.0,21025.0,3874716.0,188679.0,20536.0,0.0,0.0,7302.75,7191.25,0.0,0.0,0.0,0.0,0.0,0.0,0.0,0.0,0.0,0.0,0.0,0.0,2640.5,1868.0,0.0,0.0,0.0,0.0,198.75,945.75,0.0,0.0,0.0,0.0,0.0,0.0,0.0,0.0,0.0,0.0,0.0,0.0,547.75,839.0,0.0,0.0,0.0,0.0,38.25,405.25,0.0,0.0,0.0,0.0,0.0,0.0,0.0,0.0,0.0,0.0,0.0,0.0,234.5,842.75,0.0,0.0,0.0,0.0,7.25,136.25,0.0,0.0,0.0,0.0,0.0,0.0,0.0,0.0,0.0,0.0,0.0,0.0,44.25,249.0,0.0,0.0,,,,,,,,,,,,,,,,,,,,,,,,,,,,,,,,,,,,,,,,,,,,,,,,,,,,,,,,,,,,,,,,,,,,,,,,,,,,,,,,,,,,,,,,,,,,,,,,,,,,,,,,,,,,,,,,,,,,,,,,,,,,,,,,,,,,,,,,,,,,,,,,,,,,,,,,,,,,,,,,,,,,,,,,,,,,,,,,,,,,,,,,,,,,,,,,,,,,,,,,
Bispebjerg,2013,744.0,680.0,650.0,602.0,418.0,400.0,172.0,144.0,,,,,,0.0,78.0,85.0,25.0,23.0,49.0,73.0,31.0,16.0,,,,,,9.0,122.0,76.0,136.0,121.0,887.0,873.0,1151.0,1066.0,1162.0,770.0,658.0,414.0,439.0,363.0,16.0,21.0,39.0,36.0,634.0,782.0,358.0,385.0,209.0,157.0,134.0,127.0,179.0,205.0,1738.0,1643.0,1008.0,1043.0,4968.0,5661.0,3509.0,2829.0,2168.0,1686.0,1758.0,1569.0,2669.0,3461.0,2073.0,1371.0,991.0,753.0,1038.0,314.0,217.0,182.0,105.0,160.0,535.0,362.0,257.0,246.0,373.0,244.0,166.0,101.0,60.0,85.0,530.0,380.0,287.0,241.0,293.0,450.0,246.0,164.0,101.0,127.0,3834492.0,174485.0,21976.0,3556453.0,164066.0,21677.0,4072236.0,261695.0,15561.0,3218218.0,218525.0,14727.0,4111518.0,186667.0,22026.0,4021079.0,185022.0,21733.0,5606462.0,255431.0,21949.0,5005638.0,231026.0,21667.0,4469245.0,210664.0,21215.0,3948851.0,188238.0,20978.0,0.0,0.0,7176.25,7113.25,0.0,0.0,0.0,0.0,0.0,0.0,0.0,0.0,0.0,0.0,0.0,0.0,2708.5,1850.25,0.0,0.0,0.0,0.0,183.0,934.75,0.0,0.0,0.0,0.0,0.0,0.0,0.0,0.0,0.0,0.0,0.0,0.0,551.5,824.5,0.0,0.0,0.0,0.0,39.5,420.5,0.0,0.0,0.0,0.0,0.0,0.0,0.0,0.0,0.0,0.0,0.0,0.0,240.5,887.75,0.0,0.0,0.0,0.0,7.25,136.75,0.0,0.0,0.0,0.0,0.0,0.0,0.0,0.0,0.0,0.0,0.0,0.0,45.75,253.5,0.0,0.0,,,,,,,,,,,,,,,,,,,,,,,,,,,,,,,,,,,,,,,,,,,,,,,,,,,,,,,,,,,,,,,,,,,,,,,,,,,,,,,,,,,,,,,,,,,,,,,,,,,,,,,,,,,,,,,,,,,,,,,,,,,,,,,,,,,,,,,,,,,,,,,,,,,,,,,,,,,,,,,,,,,,,,,,,,,,,,,,,,,,,,,,,,,,,,,,,,,,,,,,
Bispebjerg,2014,744.0,684.0,677.0,664.0,447.0,450.0,182.0,147.0,,,,,,0.0,91.0,88.0,25.0,26.0,54.0,70.0,27.0,23.0,,,,,,9.0,137.0,91.0,126.0,127.0,901.0,872.0,1230.0,1116.0,1171.0,772.0,694.0,467.0,472.0,386.0,17.0,35.0,38.0,42.0,663.0,829.0,434.0,439.0,215.0,177.0,144.0,145.0,170.0,212.0,1768.0,1654.0,997.0,1013.0,5086.0,5907.0,3450.0,2845.0,2131.0,1658.0,1741.0,1561.0,2656.0,3365.0,1896.0,1233.0,874.0,691.0,857.0,359.0,299.0,183.0,137.0,160.0,326.0,239.0,210.0,174.0,272.0,182.0,100.0,78.0,44.0,76.0,542.0,346.0,247.0,199.0,238.0,487.0,249.0,156.0,137.0,111.0,3963111.0,176917.0,22401.0,3694124.0,166717.0,22158.0,4179037.0,262091.0,15945.0,3344750.0,219127.0,15264.0,4263669.0,189842.0,22459.0,4173099.0,187817.0,22219.0,5760169.0,257576.0,22363.0,5172196.0,233497.0,22151.0,4582716.0,211927.0,21624.0,4055276.0,189242.0,21429.0,0.0,0.0,7038.25,6994.0,0.0,0.0,0.0,0.0,0.0,0.0,0.0,0.0,0.0,0.0,0.0,0.0,2826.75,1830.75,0.0,0.0,0.0,0.0,192.25,911.25,0.0,0.0,0.0,0.0,0.0,0.0,0.0,0.0,0.0,0.0,0.0,0.0,559.25,837.5,0.0,0.0,0.0,0.0,37.5,442.25,0.0,0.0,0.0,0.0,0.0,0.0,0.0,0.0,0.0,0.0,0.0,0.0,237.0,867.25,0.0,0.0,0.0,0.0,6.25,142.5,0.0,0.0,0.0,0.0,0.0,0.0,0.0,0.0,0.0,0.0,0.0,0.0,44.5,266.25,0.0,0.0,,,,,,,,,,,,,,,,,,,,,,,,,,,,,,,,,,,,,,,,,,,,,,,,,,,,,,,,,,,,,,,,,,,,,,,,,,,,,,,,,,,,,,,,,,,,,,,,,,,,,,,,,,,,,,,,,,,,,,,,,,,,,,,,,,,,,,,,,,,,,,,,,,,,,,,,,,,,,,,,,,,,,,,,,,,,,,,,,,,,,,,,,,,,,,,,,,,,,,,,
Bispebjerg,2015,755.0,690.0,687.0,664.0,523.0,514.0,179.0,150.0,,,,0.0,,,98.0,97.0,30.0,28.0,50.0,76.0,26.0,27.0,,,,4.0,,,153.0,107.0,127.0,127.0,829.0,921.0,1306.0,1153.0,1169.0,808.0,772.0,500.0,488.0,412.0,23.0,38.0,32.0,46.0,738.0,921.0,507.0,499.0,240.0,188.0,149.0,145.0,176.0,215.0,1757.0,1680.0,1001.0,962.0,5300.0,6135.0,3372.0,2847.0,2108.0,1668.0,1765.0,1564.0,2630.0,3306.0,2090.0,1207.0,861.0,575.0,759.0,416.0,309.0,203.0,112.0,178.0,343.0,206.0,173.0,145.0,214.0,170.0,97.0,60.0,41.0,70.0,538.0,315.0,229.0,159.0,200.0,623.0,280.0,196.0,118.0,97.0,4144232.0,180797.0,22922.0,3806998.0,168354.0,22613.0,4405827.0,268255.0,16424.0,3478620.0,221964.0,15672.0,4458399.0,193945.0,22988.0,4322206.0,190498.0,22689.0,6032185.0,263829.0,22864.0,5343949.0,236406.0,22605.0,4762495.0,215839.0,22065.0,4164646.0,191056.0,21798.0,0.0,0.0,6844.75,6918.0,0.0,0.0,0.0,0.0,0.0,0.0,0.0,0.0,0.0,0.0,0.0,0.0,3010.0,1802.5,0.0,0.0,0.0,0.0,196.0,895.75,0.0,0.0,0.0,0.0,0.0,0.0,0.0,0.0,0.0,0.0,0.0,0.0,601.25,816.0,0.0,0.0,0.0,0.0,43.25,429.5,0.0,0.0,0.0,0.0,0.0,0.0,0.0,0.0,0.0,0.0,0.0,0.0,244.5,834.0,0.0,0.0,0.0,0.0,6.0,139.0,0.0,0.0,0.0,0.0,0.0,0.0,0.0,0.0,0.0,0.0,0.0,0.0,44.75,282.75,0.0,0.0,,,,,,,,,,,,,,,,,,,,,,,,,,,,,,,,,,,,,,,,,,,,,,,,,,,,,,,,,,,,,,,,,,,,,,,,,,,,,,,,,,,,,,,,,,,,,,,,,,,,,,,,,,,,,,,,,,,,,,,,,,,,,,,,,,,,,,,,,,,,,,,,,,,,,,,,,,,,,,,,,,,,,,,,,,,,,,,,,,,,,,,,,,,,,,,,,,,,,,,,
Bispebjerg,2016,747.0,713.0,711.0,675.0,578.0,558.0,191.0,162.0,,,,,,,108.0,121.0,33.0,34.0,54.0,76.0,27.0,26.0,,,,,,,141.0,90.0,127.0,136.0,815.0,934.0,1336.0,1167.0,1105.0,819.0,862.0,512.0,513.0,456.0,30.0,33.0,35.0,64.0,821.0,1085.0,590.0,557.0,241.0,207.0,156.0,140.0,183.0,219.0,1757.0,1635.0,960.0,934.0,5527.0,6346.0,3287.0,2868.0,2095.0,1619.0,1773.0,1543.0,2638.0,3286.0,2205.0,1320.0,836.0,516.0,637.0,526.0,387.0,247.0,136.0,133.0,285.0,204.0,142.0,120.0,196.0,181.0,103.0,68.0,36.0,51.0,535.0,298.0,189.0,134.0,156.0,678.0,328.0,190.0,90.0,101.0,4259789.0,183953.0,23157.0,3928201.0,171695.0,22879.0,4606211.0,272912.0,16878.0,3650828.0,227594.0,16041.0,4589875.0,197550.0,23234.0,4473059.0,194811.0,22961.0,6194295.0,268407.0,23078.0,5519739.0,241321.0,22873.0,4898907.0,221010.0,22166.0,4300813.0,196250.0,21915.0,0.0,0.0,6851.25,6821.75,0.0,0.0,0.0,0.0,0.0,0.0,0.0,0.0,0.0,0.0,0.0,0.0,3149.0,1796.5,0.0,0.0,0.0,0.0,188.5,897.0,0.0,0.0,0.0,0.0,0.0,0.0,0.0,0.0,0.0,0.0,0.0,0.0,639.75,799.5,0.0,0.0,0.0,0.0,44.25,412.5,0.0,0.0,0.0,0.0,0.0,0.0,0.0,0.0,0.0,0.0,0.0,0.0,248.0,814.25,0.0,0.0,0.0,0.0,5.75,132.75,0.0,0.0,0.0,0.0,0.0,0.0,0.0,0.0,0.0,0.0,0.0,0.0,45.5,281.75,0.0,0.0,,,,,,,,,,,,,,,,,,,,,,,,,,,,,,,,,,,,,,,,,,,,,,,,,,,,,,,,,,,,,,,,,,,,,,,,,,,,,,,,,,,,,,,,,,,,,,,,,,,,,,,,,,,,,,,,,,,,,,,,,,,,,,,,,,,,,,,,,,,,,,,,,,,,,,,,,,,,,,,,,,,,,,,,,,,,,,,,,,,,,,,,,,,,,,,,,,,,,,,,
Bispebjerg,2017,733.0,694.0,686.0,668.0,658.0,576.0,197.0,169.0,,,,,,,132.0,129.0,36.0,33.0,58.0,81.0,34.0,28.0,,,,,,,124.0,96.0,129.0,124.0,767.0,894.0,1353.0,1198.0,1056.0,812.0,936.0,556.0,552.0,472.0,25.0,29.0,35.0,57.0,887.0,1159.0,663.0,581.0,242.0,226.0,162.0,136.0,189.0,226.0,1812.0,1682.0,977.0,968.0,5455.0,6331.0,3371.0,2951.0,2004.0,1554.0,1847.0,1586.0,2618.0,3226.0,2131.0,1243.0,794.0,562.0,626.0,639.0,399.0,252.0,159.0,161.0,245.0,180.0,130.0,133.0,160.0,118.0,76.0,56.0,44.0,68.0,484.0,283.0,187.0,118.0,138.0,645.0,305.0,169.0,108.0,99.0,4349096.0,187817.0,23156.0,4018877.0,175130.0,22948.0,4731884.0,279184.0,16949.0,3808041.0,234774.0,16220.0,4694271.0,202139.0,23223.0,4590784.0,199305.0,23034.0,6321136.0,273749.0,23091.0,5639882.0,245896.0,22936.0,4980768.0,225998.0,22039.0,4401910.0,200808.0,21921.0,0.0,0.0,6905.75,6838.0,0.0,0.0,0.0,0.0,0.0,0.0,0.0,0.0,0.0,0.0,0.0,0.0,3190.0,1817.5,0.0,0.0,0.0,0.0,181.5,848.25,0.0,0.0,0.0,0.0,0.0,0.0,0.0,0.0,0.0,0.0,0.0,0.0,673.75,808.5,0.0,0.0,0.0,0.0,46.0,416.5,0.0,0.0,0.0,0.0,0.0,0.0,0.0,0.0,0.0,0.0,0.0,0.0,276.25,831.25,0.0,0.0,0.0,0.0,9.25,128.75,0.0,0.0,0.0,0.0,0.0,0.0,0.0,0.0,0.0,0.0,0.0,0.0,53.5,283.75,0.0,0.0,,,,,,,,,,,,,,,,,,,,,,,,,,,,,,,,,,,,,,,,,,,,,,,,,,,,,,,,,,,,,,,,,,,,,,,,,,,,,,,,,,,,,,,,,,,,,,,,,,,,,,,,,,,,,,,,,,,,,,,,,,,,,,,,,,,,,,,,,,,,,,,,,,,,,,,,,,,,,,,,,,,,,,,,,,,,,,,,,,,,,,,,,,,,,,,,,,,,,,,,
Bispebjerg,2018,736.0,673.0,651.0,641.0,649.0,635.0,206.0,191.0,54.0,53.0,,,,,139.0,132.0,37.0,34.0,54.0,71.0,44.0,35.0,16.0,12.0,,,,,101.0,78.0,124.0,128.0,711.0,860.0,1231.0,1135.0,993.0,821.0,954.0,584.0,584.0,484.0,21.0,35.0,41.0,64.0,940.0,1274.0,697.0,588.0,259.0,234.0,173.0,138.0,198.0,235.0,1851.0,1733.0,983.0,962.0,5410.0,6191.0,3377.0,3082.0,2030.0,1556.0,1833.0,1601.0,2654.0,3184.0,1977.0,1258.0,853.0,493.0,522.0,590.0,451.0,264.0,152.0,153.0,242.0,165.0,148.0,96.0,127.0,129.0,83.0,54.0,38.0,39.0,438.0,259.0,178.0,93.0,108.0,578.0,300.0,209.0,114.0,95.0,4569568.0,195707.0,23349.0,4186291.0,181705.0,23039.0,5056658.0,292614.0,17281.0,4025985.0,244414.0,16472.0,4919941.0,210146.0,23412.0,4808876.0,207969.0,23123.0,6624651.0,284478.0,23287.0,5850307.0,254140.0,23020.0,5114945.0,230788.0,22163.0,4463157.0,203426.0,21940.0,0.0,0.0,6851.5,6829.75,0.0,0.0,0.0,0.0,0.0,0.0,0.0,0.0,0.0,0.0,0.0,0.0,3294.0,1848.25,0.0,0.0,0.0,0.0,193.25,874.0,0.0,0.0,0.0,0.0,0.0,0.0,0.0,0.0,0.0,0.0,0.0,0.0,688.0,842.25,0.0,0.0,0.0,0.0,45.5,418.0,0.0,0.0,0.0,0.0,0.0,0.0,0.0,0.0,0.0,0.0,0.0,0.0,291.75,856.75,0.0,0.0,0.0,0.0,10.25,133.25,0.0,0.0,0.0,0.0,0.0,0.0,0.0,0.0,0.0,0.0,0.0,0.0,60.5,285.25,0.0,0.0,,,,,,,,,,,,,,,,,,,,,,,,,,,,,,,,,,,,,,,,,,,,,,,,,,,,,,,,,,,,,,,,,,,,,,,,,,,,,,,,,,,,,,,,,,,,,,,,,,,,,,,,,,,,,,,,,,,,,,,,,,,,,,,,,,,,,,,,,,,,,,,,,,,,,,,,,,,,,,,,,,,,,,,,,,,,,,,,,,,,,,,,,,,,,,,,,,,,,,,,
Bispebjerg,2019,724.0,656.0,647.0,626.0,660.0,619.0,235.0,217.0,69.0,59.0,,,,,130.0,140.0,42.0,40.0,52.0,70.0,45.0,35.0,17.0,13.0,,,,,101.0,85.0,140.0,114.0,660.0,767.0,1168.0,1140.0,948.0,846.0,987.0,618.0,652.0,521.0,19.0,33.0,38.0,59.0,1023.0,1213.0,759.0,678.0,262.0,246.0,184.0,151.0,214.0,236.0,1865.0,1775.0,1016.0,992.0,5265.0,5973.0,3555.0,3254.0,2042.0,1561.0,1785.0,1585.0,2653.0,3154.0,1900.0,1265.0,821.0,490.0,547.0,577.0,419.0,299.0,182.0,175.0,212.0,150.0,115.0,84.0,110.0,111.0,89.0,43.0,32.0,48.0,380.0,270.0,161.0,82.0,117.0,620.0,337.0,203.0,110.0,97.0,4658068.0,201875.0,23074.0,4325841.0,187754.0,23040.0,5178526.0,299233.0,17306.0,4215067.0,251977.0,16728.0,5031465.0,217473.0,23136.0,4951980.0,214232.0,23115.0,6764873.0,293755.0,23029.0,6062128.0,263296.0,23024.0,5236651.0,237921.0,22010.0,4613894.0,209162.0,22059.0,0.0,0.0,6841.0,6779.25,0.0,0.0,0.0,0.0,0.0,0.0,0.0,0.0,0.0,0.0,0.0,0.0,3325.25,1853.25,0.0,0.0,0.0,0.0,204.25,892.0,0.0,0.0,0.0,0.0,0.0,0.0,0.0,0.0,0.0,0.0,0.0,0.0,707.0,898.75,0.0,0.0,0.0,0.0,41.0,401.25,0.0,0.0,0.0,0.0,0.0,0.0,0.0,0.0,0.0,0.0,0.0,0.0,322.25,883.0,0.0,0.0,0.0,0.0,8.75,129.25,0.0,0.0,0.0,0.0,0.0,0.0,0.0,0.0,0.0,0.0,0.0,0.0,59.0,286.75,0.0,0.0,,,,,,,,,,,,,,,,,,,,,,,,,,,,,,,,,,,,,,,,,,,,,,,,,,,,,,,,,,,,,,,,,,,,,,,,,,,,,,,,,,,,,,,,,,,,,,,,,,,,,,,,,,,,,,,,,,,,,,,,,,,,,,,,,,,,,,,,,,,,,,,,,,,,,,,,,,,,,,,,,,,,,,,,,,,,,,,,,,,,,,,,,,,,,,,,,,,,,,,,
Bispebjerg,2020,688.0,627.0,653.0,605.0,662.0,674.0,254.0,226.0,84.0,80.0,,,,,131.0,139.0,39.0,32.0,57.0,71.0,41.0,40.0,19.0,11.0,,,,,96.0,65.0,139.0,110.0,623.0,723.0,1095.0,1112.0,890.0,829.0,996.0,634.0,705.0,553.0,21.0,31.0,44.0,64.0,899.0,1177.0,787.0,710.0,270.0,242.0,177.0,151.0,220.0,239.0,1939.0,1881.0,1015.0,999.0,5028.0,5814.0,3603.0,3383.0,2043.0,1574.0,1768.0,1563.0,2685.0,3093.0,1928.0,1326.0,934.0,699.0,807.0,572.0,470.0,320.0,193.0,244.0,201.0,147.0,134.0,131.0,159.0,135.0,93.0,59.0,50.0,65.0,425.0,278.0,175.0,163.0,191.0,595.0,338.0,246.0,162.0,148.0,4849908.0,213267.0,22741.0,4539969.0,198209.0,22905.0,5343329.0,317375.0,16836.0,4449963.0,268555.0,16570.0,5227959.0,228925.0,22837.0,5195854.0,225926.0,22998.0,7043278.0,310031.0,22718.0,6370974.0,278221.0,22899.0,5424818.0,249566.0,21737.0,4846306.0,220628.0,21966.0,0.0,0.0,6976.0,6841.25,0.0,0.0,0.0,0.0,0.0,0.0,0.0,0.0,0.0,0.0,0.0,0.0,3354.75,1808.25,0.0,0.0,0.0,0.0,210.5,925.5,0.0,0.0,0.0,0.0,0.0,0.0,0.0,0.0,0.0,0.0,0.0,0.0,745.25,901.0,0.0,0.0,0.0,0.0,46.5,401.25,0.0,0.0,0.0,0.0,0.0,0.0,0.0,0.0,0.0,0.0,0.0,0.0,323.75,933.75,0.0,0.0,0.0,0.0,11.5,124.75,0.0,0.0,0.0,0.0,0.0,0.0,0.0,0.0,0.0,0.0,0.0,0.0,71.0,291.25,0.0,0.0,,,,,,,,,,,,,,,,,,,,,,,,,,,,,,,,,,,,,,,,,,,,,,,,,,,,,,,,,,,,,,,,,,,,,,,,,,,,,,,,,,,,,,,,,,,,,,,,,,,,,,,,,,,,,,,,,,,,,,,,,,,,,,,,,,,,,,,,,,,,,,,,,,,,,,,,,,,,,,,,,,,,,,,,,,,,,,,,,,,,,,,,,,,,,,,,,,,,,,,,
Bispebjerg,2021,645.0,594.0,606.0,587.0,674.0,698.0,279.0,242.0,94.0,90.0,,,,,132.0,140.0,44.0,37.0,60.0,73.0,36.0,38.0,17.0,9.0,,,,,73.0,64.0,134.0,103.0,519.0,607.0,1091.0,1103.0,847.0,812.0,999.0,650.0,750.0,605.0,24.0,32.0,43.0,54.0,808.0,1044.0,851.0,746.0,265.0,263.0,174.0,140.0,229.0,245.0,1979.0,1829.0,1042.0,1033.0,4818.0,5627.0,3640.0,3467.0,2012.0,1564.0,1709.0,1543.0,2692.0,3092.0,1880.0,1252.0,940.0,593.0,638.0,600.0,482.0,305.0,175.0,163.0,191.0,160.0,136.0,102.0,138.0,143.0,74.0,68.0,52.0,63.0,376.0,242.0,202.0,137.0,135.0,570.0,294.0,229.0,127.0,139.0,5065889.0,225542.0,22461.0,4715800.0,207882.0,22685.0,5641718.0,328637.0,17167.0,4709211.0,277830.0,16950.0,5454224.0,241637.0,22572.0,5412755.0,237412.0,22799.0,7365222.0,328233.0,22439.0,6630099.0,292307.0,22682.0,5649769.0,263417.0,21448.0,5034624.0,231232.0,21773.0,0.0,0.0,7114.5,7058.25,0.0,0.0,0.0,0.0,0.0,0.0,0.0,0.0,0.0,0.0,0.0,0.0,3362.25,1744.0,0.0,0.0,0.0,0.0,220.25,914.25,0.0,0.0,0.0,0.0,0.0,0.0,0.0,0.0,0.0,0.0,0.0,0.0,702.0,852.0,0.0,0.0,0.0,0.0,46.0,415.75,0.0,0.0,0.0,0.0,0.0,0.0,0.0,0.0,0.0,0.0,0.0,0.0,352.25,955.25,0.0,0.0,0.0,0.0,9.5,119.5,0.0,0.0,0.0,0.0,0.0,0.0,0.0,0.0,0.0,0.0,0.0,0.0,68.5,293.0,0.0,0.0,,,,,,,,,,,,,,,,,,,,,,,,,,,,,,,,,,,,,,,,,,,,,,,,,,,,,,,,,,,,,,,,,,,,,,,,,,,,,,,,,,,,,,,,,,,,,,,,,,,,,,,,,,,,,,,,,,,,,,,,,,,,,,,,,,,,,,,,,,,,,,,,,,,,,,,,,,,,,,,,,,,,,,,,,,,,,,,,,,,,,,,,,,,,,,,,,,,,,,,,
Bispebjerg,2022,564.0,543.0,568.0,533.0,722.0,725.0,296.0,276.0,105.0,92.0,,,,,138.0,146.0,47.0,43.0,59.0,68.0,34.0,36.0,20.0,10.0,,,,,82.0,61.0,127.0,115.0,490.0,564.0,1092.0,1079.0,848.0,801.0,995.0,666.0,803.0,628.0,23.0,21.0,34.0,56.0,805.0,947.0,855.0,765.0,317.0,279.0,167.0,144.0,229.0,247.0,2000.0,1825.0,1049.0,1090.0,4573.0,5395.0,3617.0,3538.0,1970.0,1544.0,1665.0,1513.0,2674.0,3084.0,2018.0,1239.0,690.0,379.0,301.0,720.0,420.0,257.0,132.0,81.0,236.0,159.0,99.0,55.0,52.0,112.0,78.0,46.0,30.0,34.0,402.0,247.0,102.0,58.0,63.0,548.0,335.0,186.0,104.0,71.0,5247116.0,231784.0,22638.0,4800551.0,209521.0,22912.0,6039911.0,343567.0,17580.0,5011649.0,288374.0,17379.0,5608907.0,246947.0,22713.0,5555636.0,241718.0,22984.0,7649838.0,338070.0,22628.0,6796894.0,296730.0,22906.0,5793831.0,267762.0,21638.0,5177919.0,235242.0,22011.0,0.0,0.0,7278.0,7242.5,0.0,0.0,0.0,0.0,0.0,0.0,0.0,0.0,0.0,0.0,0.0,0.0,3270.5,1729.75,0.0,0.0,0.0,0.0,217.0,914.5,0.0,0.0,0.0,0.0,0.0,0.0,0.0,0.0,0.0,0.0,0.0,0.0,732.75,820.25,0.0,0.0,0.0,0.0,42.75,430.5,0.0,0.0,0.0,0.0,0.0,0.0,0.0,0.0,0.0,0.0,0.0,0.0,382.0,957.25,0.0,0.0,0.0,0.0,6.75,122.25,0.0,0.0,0.0,0.0,0.0,0.0,0.0,0.0,0.0,0.0,0.0,0.0,67.0,299.25,0.0,0.0,,,,,,,,,,,,,,,,,,,,,,,,,,,,,,,,,,,,,,,,,,,,,,,,,,,,,,,,,,,,,,,,,,,,,,,,,,,,,,,,,,,,,,,,,,,,,,,,,,,,,,,,,,,,,,,,,,,,,,,,,,,,,,,,,,,,,,,,,,,,,,,,,,,,,,,,,,,,,,,,,,,,,,,,,,,,,,,,,,,,,,,,,,,,,,,,,,,,,,,,
Bispebjerg,2023,531.0,473.0,552.0,524.0,719.0,743.0,339.0,310.0,110.0,87.0,,,,,126.0,136.0,51.0,57.0,56.0,56.0,44.0,41.0,20.0,11.0,,,,,93.0,80.0,181.0,144.0,460.0,526.0,1057.0,1101.0,858.0,827.0,977.0,719.0,893.0,678.0,23.0,15.0,35.0,42.0,819.0,1011.0,899.0,821.0,342.0,291.0,175.0,149.0,227.0,247.0,1979.0,1831.0,1067.0,1075.0,4386.0,5375.0,3766.0,3675.0,1982.0,1539.0,1688.0,1525.0,2674.0,3052.0,1960.0,1196.0,730.0,377.0,338.0,677.0,442.0,268.0,132.0,97.0,201.0,134.0,78.0,52.0,58.0,146.0,87.0,48.0,37.0,27.0,379.0,190.0,123.0,62.0,62.0,557.0,343.0,213.0,94.0,94.0,5596217.0,248511.0,22519.0,5120491.0,222766.0,22986.0,6410701.0,361492.0,17734.0,5384374.0,305012.0,17653.0,5993356.0,265111.0,22607.0,5944750.0,257571.0,23080.0,8185116.0,364398.0,22462.0,7293959.0,317640.0,22963.0,6115876.0,278767.0,21939.0,5482796.0,242806.0,22581.0,0.0,0.0,7393.0,7256.75,0.0,0.0,0.0,0.0,0.0,0.0,0.0,0.0,0.0,0.0,0.0,0.0,3296.25,1772.5,0.0,0.0,0.0,0.0,214.25,901.0,0.0,0.0,0.0,0.0,0.0,0.0,0.0,0.0,0.0,0.0,0.0,0.0,764.25,836.75,0.0,0.0,0.0,0.0,42.75,433.5,0.0,0.0,0.0,0.0,0.0,0.0,0.0,0.0,0.0,0.0,0.0,0.0,385.0,978.0,0.0,0.0,0.0,0.0,7.0,124.75,0.0,0.0,0.0,0.0,0.0,0.0,0.0,0.0,0.0,0.0,0.0,0.0,57.75,297.5,0.0,0.0,,,,,,,,,,,,,,,,,,,,,,,,,,,,,,,,,,,,,,,,,,,,,,,,,,,,,,,,,,,,,,,,,,,,,,,,,,,,,,,,,,,,,,,,,,,,,,,,,,,,,,,,,,,,,,,,,,,,,,,,,,,,,,,,,,,,,,,,,,,,,,,,,,,,,,,,,,,,,,,,,,,,,,,,,,,,,,,,,,,,,,,,,,,,,,,,,,,,,,,,
Bispebjerg,2024,481.0,440.0,558.0,517.0,690.0,728.0,375.0,356.0,124.0,95.0,,,,,132.0,129.0,53.0,62.0,58.0,54.0,48.0,40.0,19.0,12.0,,,,,75.0,80.0,175.0,135.0,532.0,581.0,1034.0,1081.0,878.0,838.0,960.0,711.0,968.0,765.0,23.0,15.0,31.0,43.0,858.0,1071.0,936.0,851.0,367.0,306.0,183.0,161.0,229.0,247.0,1975.0,1914.0,1055.0,1086.0,4315.0,5281.0,3853.0,3864.0,1945.0,1571.0,1717.0,1500.0,2672.0,3055.0,,,,,,,,,,,,,,,,,,,,,,,,,,,,,,,5972351.0,262187.0,22779.0,5500622.0,235391.0,23368.0,6911806.0,383819.0,18008.0,5881520.0,325702.0,18058.0,6418065.0,281026.0,22838.0,6385548.0,272409.0,23441.0,8788555.0,386497.0,22739.0,7879095.0,337507.0,23345.0,6587567.0,296044.0,22252.0,5942451.0,258536.0,22985.0,0.0,0.0,7516.75,7317.0,0.0,0.0,0.0,0.0,0.0,0.0,0.0,0.0,0.0,0.0,0.0,0.0,3388.5,1804.5,0.0,0.0,0.0,0.0,217.5,885.25,0.0,0.0,0.0,0.0,0.0,0.0,0.0,0.0,0.0,0.0,0.0,0.0,749.0,854.0,0.0,0.0,0.0,0.0,41.5,442.5,0.0,0.0,0.0,0.0,0.0,0.0,0.0,0.0,0.0,0.0,0.0,0.0,407.0,994.75,0.0,0.0,0.0,0.0,7.0,123.25,0.0,0.0,0.0,0.0,0.0,0.0,0.0,0.0,0.0,0.0,0.0,0.0,57.25,293.75,0.0,0.0,,,,,,,,,,,,,,,,,,,,,,,,,,,,,,,,,,,,,,,,,,,,,,,,,,,,,,,,,,,,,,,,,,,,,,,,,,,,,,,,,,,,,,,,,,,,,,,,,,,,,,,,,,,,,,,,,,,,,,,,,,,,,,,,,,,,,,,,,,,,,,,,,,,,,,,,,,,,,,,,,,,,,,,,,,,,,,,,,,,,,,,,,,,,,,,,,,,,,,,,
Bispebjerg,2025,428.0,403.0,547.0,487.0,653.0,723.0,406.0,382.0,128.0,105.0,,,,,123.0,127.0,59.0,66.0,51.0,65.0,49.0,41.0,20.0,10.0,,,,,76.0,70.0,168.0,142.0,511.0,584.0,970.0,997.0,858.0,849.0,929.0,742.0,1035.0,808.0,19.0,16.0,27.0,41.0,805.0,1057.0,976.0,907.0,377.0,340.0,185.0,157.0,232.0,251.0,2052.0,1950.0,1100.0,1084.0,4152.0,5182.0,3983.0,4005.0,1891.0,1581.0,1717.0,1480.0,2686.0,3060.0,,,,,,,,,,,,,,,,,,,,,,,,,,,,,,,,,,,,,,,,,,,,,,,,,,,,,,,,,,,,,,,,,,,,,,,,,,,,,,,,,,,,,,,,,,,,,,,,,,,,,,,,,,,,,,,,,,,,,,,,,,,,,,,,,,,,,,,,,,,,,,,,,,,,,,,,,,,,,,,,,,,,,,,,,,,,,,,,,,,,,,,,,,,,,,,,,,,,,,,,,,,,,,,,,,,,,,,,,,,,,,,,,,,,,,,,,,,,,,,,,,,,,,,,,,,,,,,,,,,,,,,,,,,,,,,,,,,,,,,,,,,,,,,,,,,,,,,,,,,,,,,,,,,,,,,,,,,,,,,,,,,,,,,,,,,,,,,,,,,,
Bispebjerg,2026,,,,,,,,,,,,,,,,,,,,,,,,,,,,,,,,,,,,,,,,,,,,,,,,,,,,,,,,,,,,,,,,,,,,,,,,,,,,,,,,,,,,,,,,,,,,,,,,,,,,,,,,,,,,,,,,,,,,,,,,,,,,,,,,,,,,,,,,,,,,,,,,,,,,,,,,,,,,,,,,,,,,,,,,,,,,,,,,,,,,,,,,,,,,,,,,,,,,,,,,,,,,,,,,,,,402.0,366.0,219.0,208.0,193.0,194.0,189.0,178.0,195.0,198.0,180.0,211.0,267.0,206.0,268.0,435.0,578.0,600.0,687.0,793.0,808.0,875.0,875.0,270.0,870.0,826.0,763.0,795.0,674.0,602.0,582.0,531.0,477.0,475.0,257.0,431.0,352.0,359.0,337.0,331.0,328.0,333.0,277.0,286.0,281.0,243.0,308.0,320.0,285.0,288.0,244.0,269.0,268.0,279.0,270.0,297.0,238.0,316.0,266.0,245.0,231.0,236.0,228.0,221.0,214.0,187.0,158.0,217.0,159.0,126.0,148.0,142.0,134.0,121.0,98.0,108.0,136.0,98.0,223.0,94.0,66.0,66.0,63.0,42.0,45.0,39.0,23.0,17.0,21.0,200.0,8.0,13.0,6.0,5.0,2.0,0.0,3.0,3.0,2.0,3.0,395.0,302.0,183.0,190.0,171.0,194.0,188.0,183.0,158.0,170.0,200.0,192.0,295.0,262.0,390.0,534.0,676.0,827.0,885.0,918.0,964.0,1081.0,1006.0,239.0,948.0,931.0,749.0,726.0,688.0,613.0,520.0,538.0,476.0,406.0,274.0,392.0,346.0,330.0,326.0,286.0,263.0,272.0,247.0,253.0,254.0,215.0,250.0,250.0,247.0,255.0,225.0,242.0,222.0,219.0,239.0,247.0,221.0,239.0,226.0,231.0,187.0,198.0,219.0,166.0,197.0,149.0,155.0,219.0,152.0,164.0,144.0,137.0,125.0,137.0,123.0,154.0,143.0,101.0,196.0,133.0,102.0,91.0,73.0,64.0,71.0,50.0,52.0,52.0,20.0,232.0,23.0,25.0,18.0,25.0,16.0,8.0,11.0,9.0,5.0,11.0
Bispebjerg,2027,,,,,,,,,,,,,,,,,,,,,,,,,,,,,,,,,,,,,,,,,,,,,,,,,,,,,,,,,,,,,,,,,,,,,,,,,,,,,,,,,,,,,,,,,,,,,,,,,,,,,,,,,,,,,,,,,,,,,,,,,,,,,,,,,,,,,,,,,,,,,,,,,,,,,,,,,,,,,,,,,,,,,,,,,,,,,,,,,,,,,,,,,,,,,,,,,,,,,,,,,,,,,,,,,,,429.0,355.0,203.0,212.0,200.0,194.0,192.0,188.0,179.0,195.0,209.0,193.0,320.0,247.0,292.0,391.0,541.0,623.0,672.0,734.0,824.0,829.0,874.0,240.0,846.0,824.0,790.0,725.0,730.0,633.0,573.0,554.0,506.0,455.0,252.0,447.0,410.0,335.0,348.0,324.0,325.0,320.0,329.0,275.0,284.0,234.0,278.0,300.0,320.0,280.0,286.0,247.0,270.0,263.0,272.0,269.0,230.0,291.0,312.0,265.0,243.0,227.0,231.0,222.0,212.0,205.0,179.0,229.0,151.0,156.0,121.0,142.0,137.0,129.0,117.0,93.0,103.0,125.0,209.0,92.0,85.0,61.0,60.0,56.0,37.0,40.0,33.0,20.0,13.0,222.0,17.0,7.0,10.0,4.0,3.0,1.0,1.0,3.0,3.0,4.0,404.0,340.0,226.0,180.0,187.0,168.0,192.0,190.0,183.0,165.0,181.0,222.0,263.0,263.0,389.0,558.0,656.0,757.0,885.0,934.0,933.0,979.0,1035.0,264.0,955.0,907.0,856.0,693.0,682.0,629.0,581.0,494.0,506.0,449.0,223.0,390.0,376.0,339.0,325.0,315.0,279.0,261.0,263.0,249.0,248.0,254.0,259.0,245.0,252.0,245.0,257.0,226.0,242.0,221.0,222.0,241.0,207.0,247.0,238.0,223.0,226.0,186.0,196.0,210.0,164.0,193.0,149.0,215.0,151.0,147.0,159.0,141.0,134.0,122.0,133.0,119.0,145.0,137.0,214.0,97.0,124.0,97.0,84.0,70.0,60.0,64.0,42.0,45.0,47.0,195.0,18.0,20.0,22.0,13.0,22.0,12.0,6.0,9.0,7.0,11.0
Bispebjerg,2028,,,,,,,,,,,,,,,,,,,,,,,,,,,,,,,,,,,,,,,,,,,,,,,,,,,,,,,,,,,,,,,,,,,,,,,,,,,,,,,,,,,,,,,,,,,,,,,,,,,,,,,,,,,,,,,,,,,,,,,,,,,,,,,,,,,,,,,,,,,,,,,,,,,,,,,,,,,,,,,,,,,,,,,,,,,,,,,,,,,,,,,,,,,,,,,,,,,,,,,,,,,,,,,,,,,433.0,377.0,220.0,196.0,202.0,197.0,189.0,189.0,185.0,177.0,200.0,210.0,309.0,230.0,318.0,390.0,487.0,581.0,672.0,712.0,774.0,826.0,834.0,283.0,837.0,797.0,783.0,744.0,672.0,676.0,594.0,545.0,524.0,477.0,224.0,427.0,423.0,382.0,323.0,329.0,317.0,315.0,313.0,320.0,273.0,229.0,277.0,269.0,299.0,311.0,277.0,287.0,248.0,263.0,255.0,269.0,221.0,263.0,288.0,308.0,260.0,239.0,221.0,225.0,213.0,202.0,195.0,220.0,171.0,148.0,148.0,116.0,136.0,131.0,124.0,110.0,88.0,94.0,218.0,116.0,82.0,78.0,56.0,54.0,49.0,33.0,33.0,28.0,15.0,206.0,10.0,14.0,5.0,7.0,3.0,2.0,2.0,1.0,3.0,5.0,409.0,347.0,190.0,219.0,176.0,182.0,165.0,189.0,187.0,185.0,174.0,203.0,293.0,284.0,384.0,531.0,646.0,722.0,817.0,918.0,940.0,944.0,949.0,237.0,968.0,901.0,831.0,778.0,653.0,621.0,589.0,542.0,466.0,474.0,242.0,424.0,371.0,362.0,329.0,311.0,302.0,271.0,251.0,261.0,242.0,207.0,249.0,252.0,245.0,246.0,244.0,255.0,226.0,239.0,221.0,221.0,239.0,239.0,243.0,233.0,218.0,221.0,183.0,188.0,204.0,161.0,190.0,200.0,143.0,145.0,141.0,154.0,135.0,130.0,118.0,128.0,112.0,138.0,208.0,131.0,91.0,117.0,90.0,80.0,65.0,54.0,53.0,36.0,40.0,209.0,40.0,15.0,18.0,16.0,12.0,17.0,9.0,5.0,6.0,12.0
Bispebjerg,2029,,,,,,,,,,,,,,,,,,,,,,,,,,,,,,,,,,,,,,,,,,,,,,,,,,,,,,,,,,,,,,,,,,,,,,,,,,,,,,,,,,,,,,,,,,,,,,,,,,,,,,,,,,,,,,,,,,,,,,,,,,,,,,,,,,,,,,,,,,,,,,,,,,,,,,,,,,,,,,,,,,,,,,,,,,,,,,,,,,,,,,,,,,,,,,,,,,,,,,,,,,,,,,,,,,,436.0,382.0,205.0,212.0,188.0,200.0,194.0,187.0,187.0,183.0,187.0,206.0,328.0,244.0,305.0,405.0,479.0,539.0,634.0,708.0,756.0,787.0,829.0,276.0,804.0,791.0,759.0,741.0,688.0,631.0,630.0,564.0,519.0,495.0,262.0,448.0,408.0,394.0,366.0,308.0,321.0,309.0,306.0,306.0,315.0,205.0,268.0,267.0,270.0,292.0,305.0,278.0,286.0,244.0,257.0,253.0,216.0,263.0,262.0,286.0,302.0,255.0,234.0,216.0,216.0,203.0,193.0,213.0,187.0,167.0,141.0,142.0,112.0,130.0,126.0,117.0,104.0,81.0,209.0,89.0,104.0,77.0,71.0,51.0,47.0,44.0,28.0,28.0,21.0,215.0,12.0,9.0,10.0,4.0,4.0,2.0,3.0,2.0,1.0,5.0,412.0,352.0,203.0,186.0,214.0,172.0,178.0,165.0,187.0,188.0,191.0,197.0,300.0,269.0,396.0,524.0,620.0,707.0,783.0,862.0,924.0,953.0,920.0,262.0,901.0,911.0,826.0,760.0,729.0,599.0,584.0,550.0,508.0,441.0,220.0,448.0,403.0,359.0,350.0,315.0,299.0,294.0,261.0,251.0,253.0,224.0,244.0,243.0,252.0,240.0,246.0,244.0,255.0,224.0,238.0,220.0,198.0,220.0,237.0,239.0,228.0,214.0,217.0,175.0,183.0,199.0,159.0,229.0,182.0,138.0,140.0,137.0,148.0,132.0,125.0,114.0,121.0,108.0,195.0,132.0,122.0,87.0,108.0,85.0,74.0,58.0,45.0,44.0,32.0,204.0,34.0,33.0,14.0,13.0,14.0,9.0,12.0,7.0,3.0,13.0
Bispebjerg,2030,,,,,,,,,,,,,,,,,,,,,,,,,,,,,,,,,,,,,,,,,,,,,,,,,,,,,,,,,,,,,,,,,,,,,,,,,,,,,,,,,,,,,,,,,,,,,,,,,,,,,,,,,,,,,,,,,,,,,,,,,,,,,,,,,,,,,,,,,,,,,,,,,,,,,,,,,,,,,,,,,,,,,,,,,,,,,,,,,,,,,,,,,,,,,,,,,,,,,,,,,,,,,,,,,,,436.0,384.0,214.0,198.0,202.0,188.0,195.0,191.0,185.0,185.0,191.0,195.0,333.0,246.0,314.0,389.0,482.0,529.0,599.0,672.0,743.0,767.0,793.0,291.0,795.0,759.0,752.0,715.0,684.0,642.0,593.0,594.0,534.0,491.0,256.0,464.0,426.0,382.0,378.0,347.0,302.0,311.0,301.0,299.0,301.0,238.0,305.0,259.0,265.0,264.0,287.0,304.0,277.0,280.0,239.0,254.0,195.0,247.0,260.0,262.0,281.0,294.0,249.0,228.0,208.0,207.0,194.0,208.0,185.0,182.0,158.0,134.0,136.0,108.0,126.0,119.0,110.0,95.0,204.0,76.0,80.0,96.0,70.0,64.0,44.0,42.0,37.0,24.0,21.0,206.0,19.0,10.0,7.0,8.0,2.0,3.0,3.0,2.0,2.0,5.0,412.0,353.0,198.0,198.0,183.0,208.0,170.0,178.0,164.0,188.0,193.0,213.0,304.0,269.0,383.0,520.0,608.0,679.0,760.0,823.0,872.0,932.0,925.0,269.0,873.0,854.0,831.0,754.0,712.0,662.0,564.0,545.0,515.0,479.0,242.0,421.0,425.0,388.0,348.0,335.0,304.0,291.0,281.0,259.0,244.0,204.0,256.0,238.0,242.0,247.0,240.0,245.0,245.0,252.0,224.0,236.0,211.0,218.0,218.0,233.0,235.0,225.0,211.0,208.0,172.0,180.0,197.0,190.0,154.0,175.0,134.0,136.0,133.0,144.0,127.0,121.0,108.0,116.0,221.0,103.0,123.0,115.0,80.0,102.0,79.0,66.0,48.0,37.0,39.0,191.0,27.0,28.0,28.0,10.0,10.0,11.0,6.0,9.0,5.0,11.0
Bispebjerg,2031,,,,,,,,,,,,,,,,,,,,,,,,,,,,,,,,,,,,,,,,,,,,,,,,,,,,,,,,,,,,,,,,,,,,,,,,,,,,,,,,,,,,,,,,,,,,,,,,,,,,,,,,,,,,,,,,,,,,,,,,,,,,,,,,,,,,,,,,,,,,,,,,,,,,,,,,,,,,,,,,,,,,,,,,,,,,,,,,,,,,,,,,,,,,,,,,,,,,,,,,,,,,,,,,,,,435.0,383.0,204.0,207.0,188.0,201.0,185.0,193.0,188.0,183.0,191.0,197.0,334.0,236.0,312.0,388.0,468.0,528.0,585.0,641.0,708.0,750.0,773.0,295.0,764.0,747.0,724.0,706.0,660.0,639.0,602.0,563.0,559.0,504.0,269.0,461.0,440.0,398.0,368.0,358.0,337.0,293.0,302.0,293.0,293.0,232.0,291.0,291.0,258.0,258.0,260.0,287.0,301.0,271.0,273.0,238.0,223.0,247.0,244.0,258.0,258.0,276.0,287.0,243.0,220.0,200.0,198.0,187.0,187.0,181.0,172.0,151.0,130.0,131.0,104.0,119.0,112.0,101.0,198.0,89.0,69.0,74.0,87.0,63.0,55.0,39.0,36.0,31.0,18.0,201.0,18.0,15.0,8.0,5.0,5.0,2.0,4.0,3.0,2.0,5.0,411.0,353.0,185.0,194.0,194.0,179.0,203.0,169.0,176.0,166.0,191.0,214.0,305.0,278.0,377.0,501.0,600.0,667.0,732.0,796.0,833.0,884.0,902.0,272.0,877.0,827.0,783.0,755.0,705.0,647.0,618.0,528.0,511.0,485.0,248.0,453.0,400.0,409.0,375.0,333.0,323.0,295.0,278.0,278.0,252.0,224.0,247.0,248.0,237.0,236.0,246.0,240.0,246.0,242.0,251.0,223.0,194.0,233.0,216.0,215.0,229.0,231.0,222.0,202.0,204.0,170.0,179.0,202.0,189.0,149.0,169.0,130.0,132.0,129.0,138.0,123.0,114.0,103.0,186.0,111.0,96.0,116.0,107.0,76.0,94.0,70.0,54.0,40.0,33.0,215.0,33.0,23.0,24.0,20.0,9.0,8.0,7.0,5.0,6.0,11.0
Bispebjerg,2032,,,,,,,,,,,,,,,,,,,,,,,,,,,,,,,,,,,,,,,,,,,,,,,,,,,,,,,,,,,,,,,,,,,,,,,,,,,,,,,,,,,,,,,,,,,,,,,,,,,,,,,,,,,,,,,,,,,,,,,,,,,,,,,,,,,,,,,,,,,,,,,,,,,,,,,,,,,,,,,,,,,,,,,,,,,,,,,,,,,,,,,,,,,,,,,,,,,,,,,,,,,,,,,,,,,432.0,383.0,201.0,197.0,198.0,188.0,197.0,183.0,190.0,186.0,188.0,196.0,334.0,237.0,298.0,383.0,462.0,519.0,584.0,628.0,682.0,718.0,756.0,296.0,748.0,722.0,712.0,682.0,652.0,617.0,601.0,571.0,533.0,525.0,273.0,473.0,438.0,412.0,383.0,349.0,347.0,325.0,285.0,294.0,288.0,245.0,283.0,279.0,288.0,253.0,253.0,261.0,286.0,294.0,264.0,270.0,220.0,233.0,244.0,243.0,254.0,254.0,269.0,278.0,234.0,212.0,191.0,214.0,191.0,182.0,171.0,164.0,145.0,125.0,126.0,99.0,112.0,102.0,179.0,95.0,81.0,64.0,68.0,78.0,55.0,49.0,34.0,30.0,23.0,195.0,16.0,15.0,12.0,6.0,3.0,3.0,3.0,3.0,3.0,5.0,409.0,352.0,208.0,182.0,190.0,189.0,176.0,200.0,168.0,177.0,172.0,211.0,305.0,277.0,375.0,492.0,582.0,658.0,723.0,772.0,808.0,847.0,861.0,274.0,857.0,832.0,760.0,717.0,706.0,640.0,605.0,576.0,497.0,482.0,252.0,460.0,430.0,388.0,394.0,358.0,321.0,313.0,282.0,275.0,268.0,230.0,254.0,240.0,247.0,232.0,235.0,245.0,241.0,244.0,242.0,249.0,212.0,221.0,230.0,212.0,211.0,227.0,228.0,213.0,198.0,200.0,168.0,186.0,172.0,183.0,144.0,164.0,126.0,128.0,124.0,134.0,117.0,109.0,195.0,99.0,103.0,91.0,107.0,100.0,71.0,83.0,57.0,45.0,35.0,181.0,27.0,27.0,19.0,17.0,17.0,7.0,5.0,6.0,3.0,11.0
Bispebjerg,2033,,,,,,,,,,,,,,,,,,,,,,,,,,,,,,,,,,,,,,,,,,,,,,,,,,,,,,,,,,,,,,,,,,,,,,,,,,,,,,,,,,,,,,,,,,,,,,,,,,,,,,,,,,,,,,,,,,,,,,,,,,,,,,,,,,,,,,,,,,,,,,,,,,,,,,,,,,,,,,,,,,,,,,,,,,,,,,,,,,,,,,,,,,,,,,,,,,,,,,,,,,,,,,,,,,,428.0,381.0,194.0,194.0,188.0,197.0,184.0,195.0,181.0,187.0,190.0,193.0,334.0,233.0,295.0,364.0,458.0,514.0,581.0,627.0,671.0,698.0,728.0,297.0,732.0,709.0,692.0,671.0,633.0,611.0,581.0,572.0,540.0,505.0,274.0,492.0,449.0,411.0,396.0,364.0,341.0,335.0,315.0,279.0,288.0,248.0,278.0,270.0,276.0,279.0,249.0,254.0,261.0,280.0,286.0,262.0,231.0,264.0,232.0,243.0,240.0,250.0,249.0,262.0,267.0,226.0,203.0,210.0,185.0,186.0,173.0,164.0,158.0,140.0,122.0,119.0,94.0,103.0,203.0,96.0,85.0,75.0,59.0,61.0,68.0,49.0,42.0,29.0,23.0,177.0,21.0,13.0,12.0,9.0,3.0,2.0,4.0,2.0,3.0,6.0,405.0,351.0,177.0,203.0,179.0,186.0,186.0,176.0,198.0,169.0,181.0,194.0,306.0,269.0,369.0,480.0,576.0,645.0,716.0,765.0,786.0,824.0,828.0,274.0,823.0,814.0,765.0,698.0,674.0,641.0,599.0,565.0,540.0,470.0,253.0,457.0,436.0,415.0,377.0,376.0,344.0,312.0,299.0,278.0,266.0,233.0,269.0,246.0,239.0,241.0,231.0,234.0,246.0,240.0,244.0,241.0,218.0,246.0,219.0,226.0,208.0,209.0,224.0,219.0,209.0,196.0,199.0,203.0,163.0,167.0,176.0,141.0,159.0,123.0,124.0,120.0,127.0,112.0,182.0,105.0,93.0,98.0,84.0,101.0,93.0,63.0,69.0,48.0,40.0,190.0,30.0,23.0,24.0,14.0,15.0,13.0,5.0,4.0,4.0,10.0
Bispebjerg,2034,,,,,,,,,,,,,,,,,,,,,,,,,,,,,,,,,,,,,,,,,,,,,,,,,,,,,,,,,,,,,,,,,,,,,,,,,,,,,,,,,,,,,,,,,,,,,,,,,,,,,,,,,,,,,,,,,,,,,,,,,,,,,,,,,,,,,,,,,,,,,,,,,,,,,,,,,,,,,,,,,,,,,,,,,,,,,,,,,,,,,,,,,,,,,,,,,,,,,,,,,,,,,,,,,,,424.0,378.0,177.0,187.0,185.0,187.0,194.0,182.0,192.0,179.0,191.0,193.0,333.0,228.0,281.0,355.0,436.0,511.0,573.0,625.0,668.0,687.0,711.0,297.0,707.0,693.0,680.0,654.0,621.0,594.0,575.0,553.0,542.0,511.0,275.0,474.0,466.0,421.0,396.0,376.0,354.0,330.0,325.0,306.0,274.0,250.0,278.0,266.0,267.0,268.0,273.0,250.0,253.0,256.0,273.0,282.0,235.0,257.0,262.0,233.0,240.0,236.0,245.0,244.0,253.0,257.0,217.0,222.0,197.0,182.0,178.0,166.0,158.0,152.0,136.0,116.0,113.0,87.0,200.0,97.0,86.0,79.0,69.0,53.0,54.0,61.0,43.0,36.0,22.0,199.0,21.0,17.0,10.0,9.0,5.0,2.0,3.0,4.0,2.0,6.0,401.0,348.0,184.0,173.0,199.0,175.0,183.0,184.0,175.0,197.0,175.0,201.0,305.0,249.0,349.0,468.0,561.0,641.0,703.0,758.0,781.0,804.0,806.0,275.0,792.0,784.0,750.0,703.0,657.0,614.0,598.0,559.0,530.0,509.0,254.0,446.0,433.0,421.0,402.0,360.0,361.0,333.0,298.0,295.0,269.0,235.0,267.0,260.0,245.0,233.0,240.0,231.0,235.0,244.0,240.0,242.0,221.0,239.0,244.0,216.0,222.0,206.0,207.0,215.0,215.0,206.0,194.0,209.0,192.0,158.0,162.0,172.0,137.0,154.0,119.0,120.0,115.0,122.0,197.0,108.0,99.0,88.0,91.0,80.0,94.0,83.0,53.0,58.0,43.0,177.0,35.0,26.0,20.0,18.0,12.0,12.0,9.0,4.0,3.0,9.0
Bispebjerg,2035,,,,,,,,,,,,,,,,,,,,,,,,,,,,,,,,,,,,,,,,,,,,,,,,,,,,,,,,,,,,,,,,,,,,,,,,,,,,,,,,,,,,,,,,,,,,,,,,,,,,,,,,,,,,,,,,,,,,,,,,,,,,,,,,,,,,,,,,,,,,,,,,,,,,,,,,,,,,,,,,,,,,,,,,,,,,,,,,,,,,,,,,,,,,,,,,,,,,,,,,,,,,,,,,,,,419.0,375.0,197.0,171.0,179.0,185.0,184.0,192.0,180.0,190.0,185.0,194.0,331.0,225.0,271.0,333.0,426.0,490.0,573.0,617.0,668.0,684.0,700.0,297.0,693.0,671.0,665.0,644.0,608.0,583.0,560.0,548.0,525.0,513.0,276.0,480.0,451.0,436.0,406.0,376.0,366.0,343.0,320.0,316.0,300.0,251.0,265.0,265.0,263.0,259.0,262.0,272.0,250.0,248.0,251.0,270.0,237.0,276.0,255.0,261.0,231.0,236.0,231.0,240.0,236.0,244.0,247.0,225.0,210.0,194.0,173.0,171.0,160.0,153.0,148.0,129.0,110.0,105.0,211.0,83.0,88.0,80.0,73.0,62.0,47.0,49.0,53.0,37.0,27.0,197.0,21.0,18.0,13.0,8.0,5.0,4.0,4.0,3.0,4.0,6.0,396.0,345.0,172.0,179.0,171.0,194.0,172.0,182.0,183.0,177.0,200.0,195.0,303.0,250.0,324.0,440.0,550.0,624.0,702.0,747.0,774.0,799.0,789.0,274.0,772.0,756.0,724.0,689.0,662.0,599.0,575.0,558.0,525.0,501.0,255.0,482.0,424.0,419.0,407.0,383.0,347.0,350.0,318.0,294.0,284.0,236.0,270.0,258.0,257.0,238.0,232.0,239.0,232.0,233.0,244.0,238.0,223.0,240.0,237.0,240.0,213.0,219.0,203.0,199.0,212.0,213.0,205.0,212.0,188.0,187.0,154.0,159.0,167.0,134.0,149.0,116.0,114.0,110.0,203.0,117.0,100.0,94.0,82.0,86.0,74.0,84.0,69.0,45.0,52.0,192.0,38.0,30.0,23.0,15.0,16.0,10.0,8.0,8.0,3.0,9.0
Bispebjerg,2036,,,,,,,,,,,,,,,,,,,,,,,,,,,,,,,,,,,,,,,,,,,,,,,,,,,,,,,,,,,,,,,,,,,,,,,,,,,,,,,,,,,,,,,,,,,,,,,,,,,,,,,,,,,,,,,,,,,,,,,,,,,,,,,,,,,,,,,,,,,,,,,,,,,,,,,,,,,,,,,,,,,,,,,,,,,,,,,,,,,,,,,,,,,,,,,,,,,,,,,,,,,,,,,,,,,413.0,371.0,196.0,191.0,164.0,178.0,182.0,182.0,189.0,178.0,195.0,190.0,329.0,224.0,260.0,319.0,399.0,481.0,550.0,618.0,659.0,686.0,697.0,295.0,683.0,660.0,647.0,630.0,599.0,572.0,550.0,535.0,520.0,498.0,276.0,482.0,457.0,423.0,419.0,385.0,367.0,354.0,333.0,312.0,309.0,251.0,288.0,253.0,261.0,255.0,253.0,262.0,270.0,245.0,242.0,249.0,238.0,265.0,273.0,255.0,259.0,228.0,231.0,227.0,232.0,229.0,236.0,227.0,239.0,207.0,185.0,167.0,165.0,155.0,148.0,140.0,122.0,102.0,214.0,99.0,75.0,82.0,74.0,66.0,55.0,42.0,43.0,45.0,28.0,208.0,25.0,17.0,14.0,10.0,5.0,4.0,5.0,3.0,3.0,7.0,390.0,341.0,186.0,169.0,176.0,167.0,190.0,172.0,180.0,183.0,183.0,215.0,300.0,242.0,316.0,412.0,520.0,615.0,684.0,747.0,764.0,792.0,785.0,273.0,757.0,739.0,700.0,667.0,650.0,604.0,562.0,539.0,523.0,495.0,254.0,475.0,457.0,411.0,405.0,388.0,368.0,337.0,333.0,313.0,284.0,237.0,284.0,261.0,255.0,249.0,237.0,231.0,239.0,230.0,232.0,242.0,224.0,237.0,238.0,233.0,236.0,211.0,216.0,196.0,196.0,210.0,212.0,214.0,199.0,184.0,181.0,151.0,155.0,163.0,130.0,145.0,111.0,110.0,207.0,106.0,110.0,96.0,87.0,78.0,80.0,67.0,70.0,59.0,41.0,198.0,45.0,32.0,27.0,17.0,13.0,13.0,7.0,7.0,5.0,8.0
Bispebjerg,2037,,,,,,,,,,,,,,,,,,,,,,,,,,,,,,,,,,,,,,,,,,,,,,,,,,,,,,,,,,,,,,,,,,,,,,,,,,,,,,,,,,,,,,,,,,,,,,,,,,,,,,,,,,,,,,,,,,,,,,,,,,,,,,,,,,,,,,,,,,,,,,,,,,,,,,,,,,,,,,,,,,,,,,,,,,,,,,,,,,,,,,,,,,,,,,,,,,,,,,,,,,,,,,,,,,,408.0,366.0,206.0,190.0,182.0,164.0,176.0,181.0,179.0,187.0,184.0,199.0,325.0,221.0,256.0,304.0,386.0,453.0,543.0,597.0,663.0,678.0,702.0,293.0,681.0,653.0,638.0,614.0,587.0,565.0,541.0,526.0,509.0,493.0,274.0,469.0,460.0,429.0,409.0,398.0,376.0,355.0,344.0,324.0,306.0,252.0,298.0,275.0,250.0,254.0,250.0,253.0,260.0,264.0,239.0,240.0,239.0,245.0,262.0,272.0,252.0,255.0,225.0,226.0,219.0,224.0,221.0,228.0,229.0,235.0,198.0,179.0,162.0,160.0,151.0,141.0,133.0,113.0,216.0,97.0,90.0,70.0,76.0,67.0,59.0,49.0,37.0,37.0,34.0,211.0,26.0,21.0,14.0,11.0,6.0,3.0,5.0,4.0,3.0,7.0,386.0,337.0,193.0,182.0,166.0,172.0,165.0,189.0,171.0,182.0,188.0,203.0,297.0,257.0,306.0,401.0,493.0,585.0,677.0,730.0,766.0,784.0,781.0,271.0,756.0,726.0,685.0,646.0,631.0,594.0,567.0,527.0,507.0,494.0,254.0,470.0,451.0,442.0,399.0,387.0,373.0,357.0,322.0,328.0,302.0,237.0,284.0,275.0,257.0,247.0,246.0,236.0,232.0,237.0,230.0,231.0,225.0,240.0,235.0,235.0,230.0,233.0,209.0,208.0,193.0,194.0,209.0,216.0,205.0,194.0,179.0,177.0,147.0,151.0,157.0,127.0,138.0,107.0,209.0,106.0,100.0,104.0,89.0,83.0,73.0,73.0,56.0,60.0,53.0,202.0,36.0,39.0,29.0,20.0,15.0,11.0,9.0,6.0,5.0,10.0
Bispebjerg,2038,,,,,,,,,,,,,,,,,,,,,,,,,,,,,,,,,,,,,,,,,,,,,,,,,,,,,,,,,,,,,,,,,,,,,,,,,,,,,,,,,,,,,,,,,,,,,,,,,,,,,,,,,,,,,,,,,,,,,,,,,,,,,,,,,,,,,,,,,,,,,,,,,,,,,,,,,,,,,,,,,,,,,,,,,,,,,,,,,,,,,,,,,,,,,,,,,,,,,,,,,,,,,,,,,,,403.0,362.0,210.0,200.0,181.0,181.0,162.0,174.0,179.0,178.0,192.0,188.0,322.0,230.0,252.0,300.0,369.0,441.0,513.0,590.0,641.0,683.0,694.0,291.0,687.0,651.0,632.0,608.0,574.0,554.0,536.0,518.0,500.0,484.0,273.0,465.0,447.0,432.0,414.0,389.0,387.0,364.0,345.0,335.0,317.0,251.0,295.0,284.0,271.0,243.0,248.0,249.0,251.0,254.0,257.0,237.0,239.0,235.0,243.0,262.0,268.0,249.0,251.0,221.0,219.0,213.0,216.0,229.0,215.0,225.0,224.0,191.0,174.0,157.0,156.0,143.0,134.0,123.0,217.0,108.0,88.0,84.0,65.0,69.0,60.0,53.0,43.0,32.0,28.0,213.0,32.0,22.0,17.0,10.0,6.0,4.0,5.0,4.0,4.0,7.0,382.0,333.0,196.0,188.0,179.0,163.0,169.0,165.0,187.0,173.0,187.0,206.0,294.0,248.0,317.0,391.0,481.0,559.0,645.0,724.0,748.0,787.0,774.0,269.0,752.0,726.0,675.0,634.0,612.0,578.0,559.0,532.0,497.0,480.0,252.0,469.0,447.0,437.0,428.0,381.0,372.0,362.0,341.0,318.0,316.0,236.0,302.0,275.0,271.0,250.0,245.0,244.0,236.0,230.0,237.0,228.0,226.0,228.0,238.0,232.0,231.0,227.0,230.0,201.0,204.0,191.0,194.0,217.0,203.0,200.0,189.0,175.0,173.0,144.0,147.0,153.0,121.0,132.0,210.0,103.0,100.0,95.0,97.0,85.0,78.0,66.0,61.0,48.0,54.0,204.0,47.0,31.0,35.0,22.0,18.0,12.0,8.0,8.0,4.0,11.0
Bispebjerg,2039,,,,,,,,,,,,,,,,,,,,,,,,,,,,,,,,,,,,,,,,,,,,,,,,,,,,,,,,,,,,,,,,,,,,,,,,,,,,,,,,,,,,,,,,,,,,,,,,,,,,,,,,,,,,,,,,,,,,,,,,,,,,,,,,,,,,,,,,,,,,,,,,,,,,,,,,,,,,,,,,,,,,,,,,,,,,,,,,,,,,,,,,,,,,,,,,,,,,,,,,,,,,,,,,,,,398.0,358.0,212.0,203.0,191.0,181.0,178.0,161.0,173.0,177.0,183.0,197.0,319.0,219.0,258.0,295.0,365.0,421.0,500.0,557.0,634.0,660.0,699.0,288.0,679.0,657.0,630.0,602.0,569.0,543.0,525.0,513.0,493.0,476.0,271.0,456.0,443.0,420.0,417.0,394.0,380.0,375.0,354.0,337.0,328.0,250.0,306.0,282.0,280.0,263.0,238.0,247.0,248.0,245.0,247.0,254.0,239.0,233.0,233.0,244.0,260.0,264.0,245.0,246.0,215.0,212.0,205.0,230.0,211.0,212.0,216.0,216.0,186.0,169.0,154.0,148.0,136.0,124.0,219.0,117.0,98.0,83.0,78.0,60.0,61.0,53.0,46.0,37.0,24.0,215.0,27.0,27.0,17.0,13.0,6.0,4.0,6.0,4.0,4.0,8.0,377.0,330.0,198.0,192.0,186.0,175.0,160.0,168.0,164.0,188.0,179.0,205.0,291.0,247.0,310.0,399.0,472.0,545.0,618.0,689.0,742.0,768.0,776.0,266.0,746.0,722.0,675.0,625.0,601.0,561.0,544.0,524.0,501.0,470.0,250.0,456.0,445.0,432.0,423.0,408.0,367.0,362.0,346.0,336.0,307.0,235.0,315.0,291.0,271.0,263.0,247.0,243.0,244.0,233.0,230.0,234.0,225.0,226.0,227.0,234.0,229.0,229.0,225.0,221.0,198.0,202.0,190.0,217.0,188.0,198.0,195.0,185.0,171.0,169.0,140.0,143.0,146.0,117.0,212.0,127.0,97.0,95.0,89.0,92.0,79.0,70.0,56.0,52.0,43.0,205.0,47.0,40.0,29.0,26.0,19.0,15.0,9.0,7.0,5.0,11.0
Bispebjerg,2040,,,,,,,,,,,,,,,,,,,,,,,,,,,,,,,,,,,,,,,,,,,,,,,,,,,,,,,,,,,,,,,,,,,,,,,,,,,,,,,,,,,,,,,,,,,,,,,,,,,,,,,,,,,,,,,,,,,,,,,,,,,,,,,,,,,,,,,,,,,,,,,,,,,,,,,,,,,,,,,,,,,,,,,,,,,,,,,,,,,,,,,,,,,,,,,,,,,,,,,,,,,,,,,,,,,393.0,354.0,214.0,205.0,194.0,190.0,178.0,176.0,160.0,171.0,183.0,187.0,315.0,226.0,244.0,302.0,361.0,419.0,479.0,543.0,598.0,653.0,676.0,285.0,684.0,649.0,636.0,600.0,564.0,538.0,515.0,503.0,489.0,469.0,268.0,448.0,435.0,416.0,406.0,397.0,384.0,368.0,364.0,345.0,330.0,248.0,316.0,292.0,278.0,271.0,256.0,238.0,246.0,241.0,239.0,245.0,238.0,248.0,231.0,233.0,242.0,256.0,259.0,240.0,238.0,208.0,205.0,229.0,200.0,208.0,203.0,209.0,210.0,180.0,165.0,147.0,141.0,127.0,219.0,118.0,106.0,92.0,77.0,71.0,53.0,55.0,46.0,40.0,28.0,216.0,23.0,22.0,21.0,13.0,8.0,4.0,7.0,5.0,4.0,9.0,372.0,326.0,200.0,194.0,189.0,181.0,172.0,160.0,167.0,167.0,192.0,197.0,288.0,244.0,306.0,396.0,479.0,538.0,604.0,663.0,707.0,762.0,758.0,263.0,748.0,716.0,672.0,625.0,593.0,551.0,528.0,511.0,494.0,475.0,248.0,447.0,433.0,431.0,419.0,404.0,393.0,357.0,345.0,341.0,324.0,233.0,308.0,304.0,287.0,263.0,259.0,245.0,242.0,240.0,233.0,228.0,224.0,232.0,224.0,223.0,231.0,226.0,227.0,217.0,218.0,196.0,201.0,217.0,185.0,184.0,193.0,191.0,181.0,167.0,164.0,137.0,137.0,140.0,212.0,113.0,120.0,93.0,89.0,84.0,86.0,72.0,59.0,48.0,47.0,207.0,38.0,40.0,36.0,21.0,23.0,16.0,11.0,8.0,5.0,12.0
Bispebjerg,2041,,,,,,,,,,,,,,,,,,,,,,,,,,,,,,,,,,,,,,,,,,,,,,,,,,,,,,,,,,,,,,,,,,,,,,,,,,,,,,,,,,,,,,,,,,,,,,,,,,,,,,,,,,,,,,,,,,,,,,,,,,,,,,,,,,,,,,,,,,,,,,,,,,,,,,,,,,,,,,,,,,,,,,,,,,,,,,,,,,,,,,,,,,,,,,,,,,,,,,,,,,,,,,,,,,,388.0,350.0,215.0,207.0,196.0,193.0,187.0,176.0,174.0,158.0,177.0,188.0,312.0,216.0,246.0,287.0,371.0,418.0,479.0,522.0,585.0,617.0,670.0,282.0,662.0,655.0,629.0,606.0,563.0,534.0,511.0,494.0,480.0,466.0,266.0,443.0,428.0,410.0,403.0,387.0,388.0,373.0,358.0,354.0,338.0,246.0,318.0,302.0,288.0,270.0,265.0,255.0,237.0,240.0,235.0,236.0,236.0,240.0,245.0,232.0,231.0,239.0,251.0,254.0,233.0,231.0,202.0,229.0,200.0,197.0,199.0,198.0,203.0,203.0,176.0,158.0,140.0,132.0,219.0,121.0,108.0,99.0,85.0,70.0,63.0,48.0,48.0,40.0,30.0,216.0,27.0,20.0,18.0,16.0,8.0,5.0,7.0,6.0,5.0,10.0,367.0,322.0,201.0,196.0,191.0,185.0,179.0,171.0,159.0,167.0,174.0,208.0,285.0,235.0,300.0,389.0,482.0,547.0,598.0,648.0,681.0,726.0,753.0,261.0,731.0,719.0,667.0,622.0,593.0,545.0,520.0,497.0,482.0,468.0,246.0,452.0,425.0,420.0,417.0,400.0,389.0,381.0,341.0,340.0,329.0,231.0,324.0,298.0,299.0,277.0,259.0,257.0,244.0,238.0,239.0,230.0,223.0,226.0,230.0,221.0,219.0,228.0,224.0,218.0,214.0,216.0,196.0,216.0,195.0,180.0,179.0,189.0,187.0,177.0,163.0,160.0,131.0,132.0,212.0,135.0,106.0,114.0,87.0,85.0,79.0,78.0,61.0,51.0,43.0,207.0,41.0,33.0,36.0,27.0,19.0,19.0,12.0,9.0,6.0,12.0
Bispebjerg,2042,,,,,,,,,,,,,,,,,,,,,,,,,,,,,,,,,,,,,,,,,,,,,,,,,,,,,,,,,,,,,,,,,,,,,,,,,,,,,,,,,,,,,,,,,,,,,,,,,,,,,,,,,,,,,,,,,,,,,,,,,,,,,,,,,,,,,,,,,,,,,,,,,,,,,,,,,,,,,,,,,,,,,,,,,,,,,,,,,,,,,,,,,,,,,,,,,,,,,,,,,,,,,,,,,,,383.0,345.0,216.0,208.0,198.0,196.0,190.0,185.0,174.0,172.0,165.0,182.0,308.0,216.0,235.0,286.0,356.0,430.0,478.0,522.0,562.0,605.0,633.0,279.0,657.0,635.0,634.0,600.0,568.0,533.0,507.0,491.0,471.0,457.0,263.0,440.0,423.0,403.0,396.0,383.0,378.0,377.0,362.0,350.0,347.0,243.0,326.0,304.0,298.0,279.0,264.0,264.0,253.0,231.0,233.0,232.0,234.0,231.0,237.0,244.0,230.0,228.0,235.0,247.0,246.0,226.0,223.0,227.0,197.0,197.0,190.0,193.0,192.0,197.0,199.0,168.0,151.0,131.0,218.0,126.0,110.0,101.0,92.0,78.0,63.0,57.0,42.0,41.0,31.0,216.0,29.0,23.0,16.0,14.0,10.0,6.0,8.0,6.0,6.0,11.0,362.0,318.0,202.0,197.0,193.0,187.0,182.0,178.0,170.0,161.0,172.0,192.0,281.0,242.0,289.0,382.0,476.0,554.0,607.0,643.0,665.0,701.0,718.0,258.0,726.0,703.0,670.0,618.0,591.0,545.0,514.0,489.0,469.0,457.0,243.0,446.0,429.0,412.0,407.0,398.0,385.0,378.0,364.0,337.0,329.0,229.0,329.0,313.0,293.0,289.0,273.0,257.0,255.0,240.0,237.0,236.0,221.0,228.0,224.0,226.0,218.0,217.0,226.0,216.0,215.0,212.0,215.0,215.0,190.0,190.0,175.0,176.0,185.0,183.0,172.0,159.0,153.0,126.0,211.0,127.0,127.0,101.0,106.0,83.0,80.0,72.0,66.0,52.0,46.0,207.0,38.0,36.0,30.0,27.0,24.0,16.0,14.0,10.0,7.0,13.0
Bispebjerg,2043,,,,,,,,,,,,,,,,,,,,,,,,,,,,,,,,,,,,,,,,,,,,,,,,,,,,,,,,,,,,,,,,,,,,,,,,,,,,,,,,,,,,,,,,,,,,,,,,,,,,,,,,,,,,,,,,,,,,,,,,,,,,,,,,,,,,,,,,,,,,,,,,,,,,,,,,,,,,,,,,,,,,,,,,,,,,,,,,,,,,,,,,,,,,,,,,,,,,,,,,,,,,,,,,,,,378.0,341.0,216.0,209.0,199.0,197.0,192.0,188.0,183.0,172.0,176.0,170.0,305.0,211.0,231.0,274.0,355.0,416.0,493.0,523.0,563.0,582.0,621.0,276.0,622.0,630.0,616.0,605.0,563.0,539.0,507.0,487.0,469.0,450.0,261.0,431.0,421.0,398.0,390.0,377.0,374.0,367.0,366.0,354.0,343.0,241.0,335.0,312.0,300.0,289.0,273.0,264.0,262.0,247.0,225.0,231.0,232.0,227.0,229.0,236.0,242.0,227.0,224.0,231.0,239.0,239.0,219.0,225.0,218.0,195.0,189.0,184.0,188.0,187.0,193.0,189.0,161.0,141.0,217.0,125.0,115.0,103.0,94.0,84.0,69.0,57.0,50.0,37.0,32.0,216.0,29.0,24.0,18.0,12.0,9.0,7.0,8.0,7.0,6.0,12.0,358.0,314.0,202.0,198.0,194.0,189.0,184.0,181.0,177.0,170.0,167.0,188.0,278.0,228.0,292.0,371.0,469.0,548.0,617.0,653.0,661.0,685.0,694.0,255.0,694.0,699.0,655.0,621.0,587.0,543.0,515.0,484.0,463.0,445.0,241.0,435.0,424.0,416.0,400.0,389.0,384.0,374.0,361.0,358.0,325.0,227.0,329.0,317.0,308.0,284.0,285.0,271.0,256.0,252.0,239.0,234.0,219.0,233.0,226.0,221.0,223.0,215.0,215.0,218.0,213.0,213.0,211.0,213.0,209.0,186.0,184.0,172.0,173.0,181.0,178.0,168.0,152.0,148.0,210.0,122.0,120.0,121.0,95.0,101.0,78.0,72.0,60.0,56.0,47.0,207.0,40.0,33.0,33.0,23.0,24.0,20.0,12.0,12.0,7.0,14.0
Bispebjerg,2044,,,,,,,,,,,,,,,,,,,,,,,,,,,,,,,,,,,,,,,,,,,,,,,,,,,,,,,,,,,,,,,,,,,,,,,,,,,,,,,,,,,,,,,,,,,,,,,,,,,,,,,,,,,,,,,,,,,,,,,,,,,,,,,,,,,,,,,,,,,,,,,,,,,,,,,,,,,,,,,,,,,,,,,,,,,,,,,,,,,,,,,,,,,,,,,,,,,,,,,,,,,,,,,,,,,373.0,337.0,215.0,209.0,200.0,199.0,194.0,190.0,186.0,181.0,177.0,180.0,301.0,198.0,225.0,269.0,346.0,416.0,481.0,541.0,565.0,584.0,599.0,273.0,611.0,597.0,612.0,588.0,569.0,534.0,513.0,487.0,466.0,448.0,258.0,425.0,413.0,396.0,386.0,371.0,369.0,364.0,358.0,358.0,347.0,239.0,331.0,320.0,307.0,292.0,282.0,272.0,262.0,255.0,240.0,223.0,231.0,226.0,225.0,228.0,234.0,238.0,224.0,220.0,225.0,232.0,231.0,224.0,214.0,215.0,188.0,184.0,180.0,184.0,184.0,185.0,181.0,151.0,215.0,135.0,114.0,108.0,96.0,86.0,75.0,63.0,50.0,43.0,28.0,215.0,30.0,24.0,19.0,14.0,7.0,6.0,10.0,7.0,7.0,13.0,353.0,310.0,202.0,198.0,195.0,190.0,186.0,183.0,180.0,178.0,175.0,183.0,275.0,218.0,280.0,372.0,460.0,542.0,612.0,666.0,671.0,682.0,680.0,253.0,672.0,669.0,652.0,608.0,591.0,540.0,514.0,485.0,459.0,440.0,239.0,424.0,415.0,412.0,404.0,382.0,375.0,373.0,357.0,356.0,346.0,225.0,326.0,318.0,313.0,298.0,281.0,282.0,269.0,252.0,250.0,236.0,218.0,231.0,230.0,222.0,217.0,220.0,214.0,207.0,215.0,211.0,212.0,212.0,206.0,204.0,181.0,181.0,169.0,169.0,176.0,174.0,161.0,147.0,209.0,142.0,116.0,115.0,113.0,91.0,95.0,71.0,61.0,52.0,51.0,206.0,42.0,35.0,30.0,24.0,21.0,20.0,15.0,11.0,8.0,15.0
Bispebjerg,2045,,,,,,,,,,,,,,,,,,,,,,,,,,,,,,,,,,,,,,,,,,,,,,,,,,,,,,,,,,,,,,,,,,,,,,,,,,,,,,,,,,,,,,,,,,,,,,,,,,,,,,,,,,,,,,,,,,,,,,,,,,,,,,,,,,,,,,,,,,,,,,,,,,,,,,,,,,,,,,,,,,,,,,,,,,,,,,,,,,,,,,,,,,,,,,,,,,,,,,,,,,,,,,,,,,,368.0,333.0,214.0,209.0,200.0,200.0,196.0,192.0,188.0,184.0,186.0,181.0,298.0,204.0,207.0,263.0,342.0,407.0,481.0,528.0,584.0,587.0,602.0,270.0,590.0,588.0,581.0,585.0,553.0,540.0,508.0,493.0,466.0,446.0,256.0,423.0,407.0,389.0,384.0,368.0,363.0,359.0,354.0,350.0,351.0,237.0,335.0,317.0,315.0,299.0,285.0,282.0,271.0,256.0,248.0,237.0,229.0,219.0,224.0,224.0,225.0,231.0,234.0,220.0,214.0,219.0,225.0,222.0,225.0,212.0,207.0,183.0,180.0,175.0,180.0,176.0,177.0,169.0,214.0,144.0,124.0,108.0,100.0,88.0,77.0,68.0,55.0,44.0,33.0,213.0,27.0,26.0,19.0,15.0,9.0,5.0,9.0,8.0,7.0,14.0,349.0,306.0,201.0,198.0,195.0,191.0,188.0,186.0,182.0,181.0,183.0,190.0,272.0,212.0,263.0,364.0,461.0,534.0,606.0,660.0,684.0,691.0,677.0,250.0,658.0,648.0,625.0,606.0,579.0,544.0,511.0,485.0,460.0,436.0,236.0,419.0,404.0,402.0,399.0,386.0,368.0,364.0,356.0,352.0,344.0,223.0,346.0,315.0,313.0,303.0,295.0,278.0,280.0,265.0,251.0,247.0,216.0,233.0,228.0,226.0,219.0,215.0,218.0,206.0,204.0,213.0,211.0,210.0,207.0,201.0,198.0,178.0,178.0,166.0,165.0,173.0,167.0,156.0,207.0,142.0,134.0,110.0,108.0,108.0,85.0,86.0,60.0,53.0,47.0,204.0,45.0,36.0,32.0,22.0,22.0,17.0,15.0,13.0,7.0,17.0
Bispebjerg,2046,,,,,,,,,,,,,,,,,,,,,,,,,,,,,,,,,,,,,,,,,,,,,,,,,,,,,,,,,,,,,,,,,,,,,,,,,,,,,,,,,,,,,,,,,,,,,,,,,,,,,,,,,,,,,,,,,,,,,,,,,,,,,,,,,,,,,,,,,,,,,,,,,,,,,,,,,,,,,,,,,,,,,,,,,,,,,,,,,,,,,,,,,,,,,,,,,,,,,,,,,,,,,,,,,,,364.0,329.0,213.0,208.0,200.0,200.0,197.0,194.0,190.0,186.0,189.0,189.0,294.0,204.0,209.0,243.0,340.0,404.0,472.0,527.0,571.0,606.0,604.0,267.0,593.0,567.0,572.0,555.0,550.0,525.0,514.0,489.0,472.0,446.0,253.0,421.0,406.0,383.0,377.0,366.0,360.0,353.0,350.0,346.0,343.0,235.0,339.0,320.0,313.0,306.0,292.0,285.0,280.0,264.0,249.0,246.0,227.0,232.0,217.0,223.0,221.0,223.0,227.0,229.0,214.0,208.0,212.0,220.0,220.0,222.0,204.0,202.0,179.0,175.0,172.0,173.0,169.0,166.0,212.0,162.0,132.0,117.0,100.0,92.0,79.0,70.0,59.0,48.0,34.0,212.0,32.0,23.0,20.0,15.0,9.0,6.0,8.0,8.0,8.0,15.0,344.0,303.0,199.0,197.0,195.0,191.0,188.0,187.0,184.0,183.0,187.0,199.0,268.0,215.0,254.0,340.0,457.0,536.0,599.0,654.0,678.0,706.0,686.0,247.0,656.0,635.0,606.0,580.0,577.0,533.0,514.0,482.0,459.0,437.0,234.0,416.0,399.0,392.0,391.0,382.0,372.0,358.0,348.0,351.0,341.0,221.0,344.0,334.0,311.0,303.0,299.0,292.0,277.0,275.0,263.0,247.0,214.0,243.0,230.0,224.0,221.0,216.0,213.0,210.0,203.0,202.0,212.0,209.0,205.0,202.0,195.0,195.0,175.0,174.0,161.0,161.0,166.0,162.0,206.0,151.0,134.0,128.0,104.0,103.0,101.0,78.0,73.0,52.0,48.0,203.0,42.0,39.0,33.0,24.0,20.0,18.0,13.0,13.0,9.0,18.0
Bispebjerg,2047,,,,,,,,,,,,,,,,,,,,,,,,,,,,,,,,,,,,,,,,,,,,,,,,,,,,,,,,,,,,,,,,,,,,,,,,,,,,,,,,,,,,,,,,,,,,,,,,,,,,,,,,,,,,,,,,,,,,,,,,,,,,,,,,,,,,,,,,,,,,,,,,,,,,,,,,,,,,,,,,,,,,,,,,,,,,,,,,,,,,,,,,,,,,,,,,,,,,,,,,,,,,,,,,,,,360.0,325.0,212.0,207.0,199.0,200.0,197.0,195.0,192.0,188.0,191.0,192.0,290.0,212.0,206.0,242.0,317.0,405.0,470.0,520.0,570.0,593.0,624.0,264.0,595.0,571.0,553.0,547.0,522.0,522.0,499.0,494.0,468.0,452.0,250.0,421.0,404.0,382.0,372.0,359.0,358.0,350.0,344.0,342.0,339.0,232.0,332.0,325.0,316.0,305.0,299.0,292.0,283.0,273.0,257.0,247.0,225.0,240.0,229.0,216.0,220.0,219.0,219.0,222.0,223.0,208.0,202.0,218.0,208.0,218.0,214.0,199.0,197.0,175.0,172.0,165.0,166.0,159.0,211.0,159.0,149.0,125.0,109.0,92.0,83.0,72.0,61.0,51.0,37.0,210.0,33.0,27.0,19.0,16.0,10.0,6.0,9.0,7.0,8.0,17.0,341.0,299.0,198.0,196.0,194.0,191.0,189.0,188.0,186.0,185.0,189.0,202.0,265.0,223.0,254.0,331.0,428.0,535.0,600.0,647.0,672.0,700.0,701.0,244.0,664.0,633.0,594.0,563.0,553.0,531.0,504.0,485.0,457.0,437.0,231.0,417.0,396.0,388.0,381.0,374.0,368.0,362.0,342.0,343.0,339.0,219.0,341.0,333.0,329.0,301.0,299.0,296.0,290.0,273.0,273.0,259.0,212.0,244.0,240.0,226.0,220.0,218.0,214.0,205.0,207.0,201.0,202.0,207.0,207.0,201.0,197.0,192.0,191.0,172.0,169.0,158.0,155.0,161.0,204.0,156.0,142.0,128.0,120.0,99.0,96.0,92.0,66.0,63.0,47.0,202.0,42.0,36.0,36.0,25.0,22.0,17.0,14.0,12.0,9.0,19.0
Bispebjerg,2048,,,,,,,,,,,,,,,,,,,,,,,,,,,,,,,,,,,,,,,,,,,,,,,,,,,,,,,,,,,,,,,,,,,,,,,,,,,,,,,,,,,,,,,,,,,,,,,,,,,,,,,,,,,,,,,,,,,,,,,,,,,,,,,,,,,,,,,,,,,,,,,,,,,,,,,,,,,,,,,,,,,,,,,,,,,,,,,,,,,,,,,,,,,,,,,,,,,,,,,,,,,,,,,,,,,357.0,322.0,210.0,205.0,198.0,199.0,197.0,195.0,193.0,190.0,193.0,194.0,287.0,214.0,211.0,238.0,314.0,379.0,472.0,517.0,562.0,592.0,611.0,261.0,615.0,573.0,556.0,529.0,515.0,496.0,497.0,480.0,473.0,448.0,247.0,427.0,404.0,381.0,371.0,354.0,352.0,349.0,341.0,336.0,335.0,230.0,328.0,318.0,321.0,308.0,298.0,298.0,290.0,276.0,266.0,255.0,222.0,241.0,238.0,228.0,214.0,218.0,215.0,214.0,216.0,216.0,202.0,216.0,198.0,206.0,209.0,209.0,194.0,192.0,172.0,165.0,159.0,156.0,209.0,153.0,146.0,140.0,117.0,100.0,83.0,75.0,63.0,53.0,40.0,209.0,35.0,28.0,22.0,15.0,10.0,7.0,10.0,8.0,7.0,18.0,338.0,296.0,197.0,195.0,193.0,190.0,188.0,188.0,186.0,187.0,191.0,204.0,262.0,224.0,262.0,329.0,419.0,503.0,602.0,648.0,665.0,694.0,695.0,241.0,678.0,641.0,592.0,552.0,537.0,509.0,502.0,475.0,460.0,435.0,228.0,417.0,397.0,385.0,377.0,365.0,360.0,358.0,346.0,337.0,332.0,216.0,339.0,329.0,328.0,319.0,298.0,297.0,294.0,286.0,271.0,269.0,210.0,255.0,241.0,235.0,221.0,217.0,216.0,206.0,202.0,205.0,201.0,205.0,196.0,202.0,195.0,194.0,189.0,188.0,168.0,166.0,152.0,150.0,203.0,156.0,148.0,136.0,121.0,115.0,93.0,88.0,78.0,57.0,57.0,200.0,42.0,37.0,33.0,27.0,23.0,18.0,13.0,12.0,8.0,21.0
Bispebjerg,2049,,,,,,,,,,,,,,,,,,,,,,,,,,,,,,,,,,,,,,,,,,,,,,,,,,,,,,,,,,,,,,,,,,,,,,,,,,,,,,,,,,,,,,,,,,,,,,,,,,,,,,,,,,,,,,,,,,,,,,,,,,,,,,,,,,,,,,,,,,,,,,,,,,,,,,,,,,,,,,,,,,,,,,,,,,,,,,,,,,,,,,,,,,,,,,,,,,,,,,,,,,,,,,,,,,,355.0,319.0,209.0,204.0,197.0,198.0,196.0,195.0,193.0,191.0,195.0,196.0,284.0,214.0,210.0,245.0,312.0,376.0,444.0,521.0,559.0,585.0,610.0,258.0,602.0,592.0,559.0,532.0,498.0,490.0,473.0,478.0,460.0,453.0,244.0,424.0,409.0,381.0,369.0,354.0,347.0,342.0,340.0,333.0,330.0,227.0,324.0,314.0,314.0,312.0,301.0,298.0,297.0,283.0,269.0,263.0,220.0,249.0,239.0,237.0,226.0,212.0,214.0,211.0,208.0,210.0,210.0,214.0,198.0,196.0,198.0,205.0,204.0,190.0,189.0,165.0,159.0,149.0,207.0,150.0,141.0,138.0,130.0,108.0,90.0,76.0,66.0,55.0,41.0,207.0,38.0,30.0,22.0,17.0,9.0,7.0,10.0,9.0,8.0,18.0,336.0,294.0,196.0,193.0,192.0,189.0,188.0,188.0,187.0,188.0,193.0,206.0,259.0,223.0,262.0,341.0,417.0,495.0,566.0,652.0,665.0,687.0,689.0,238.0,673.0,655.0,599.0,550.0,526.0,495.0,482.0,474.0,451.0,437.0,226.0,415.0,397.0,386.0,374.0,361.0,352.0,351.0,342.0,341.0,326.0,214.0,332.0,327.0,325.0,318.0,315.0,295.0,295.0,290.0,284.0,268.0,208.0,265.0,252.0,237.0,231.0,218.0,214.0,208.0,203.0,201.0,205.0,203.0,196.0,192.0,197.0,192.0,191.0,186.0,183.0,164.0,159.0,147.0,201.0,146.0,147.0,141.0,128.0,115.0,108.0,85.0,75.0,67.0,52.0,199.0,50.0,37.0,34.0,25.0,24.0,19.0,14.0,11.0,9.0,21.0
Bispebjerg,2050,,,,,,,,,,,,,,,,,,,,,,,,,,,,,,,,,,,,,,,,,,,,,,,,,,,,,,,,,,,,,,,,,,,,,,,,,,,,,,,,,,,,,,,,,,,,,,,,,,,,,,,,,,,,,,,,,,,,,,,,,,,,,,,,,,,,,,,,,,,,,,,,,,,,,,,,,,,,,,,,,,,,,,,,,,,,,,,,,,,,,,,,,,,,,,,,,,,,,,,,,,,,,,,,,,,352.0,317.0,207.0,203.0,195.0,197.0,195.0,194.0,193.0,191.0,196.0,198.0,282.0,215.0,209.0,244.0,322.0,374.0,440.0,490.0,564.0,581.0,603.0,256.0,602.0,581.0,577.0,535.0,501.0,474.0,466.0,455.0,459.0,441.0,241.0,428.0,406.0,386.0,370.0,353.0,347.0,338.0,333.0,332.0,327.0,224.0,319.0,310.0,310.0,306.0,305.0,301.0,297.0,289.0,276.0,267.0,218.0,258.0,247.0,238.0,234.0,223.0,208.0,210.0,205.0,203.0,204.0,212.0,205.0,196.0,188.0,194.0,200.0,199.0,187.0,182.0,159.0,150.0,205.0,144.0,138.0,133.0,129.0,120.0,97.0,83.0,67.0,58.0,43.0,205.0,40.0,32.0,24.0,18.0,10.0,6.0,10.0,9.0,9.0,18.0,333.0,292.0,194.0,192.0,191.0,188.0,187.0,187.0,187.0,188.0,194.0,207.0,257.0,222.0,260.0,342.0,434.0,492.0,558.0,613.0,669.0,687.0,683.0,236.0,668.0,650.0,613.0,557.0,525.0,485.0,468.0,455.0,450.0,429.0,223.0,417.0,395.0,386.0,375.0,359.0,348.0,342.0,335.0,338.0,330.0,211.0,326.0,321.0,323.0,315.0,314.0,311.0,294.0,291.0,288.0,280.0,205.0,264.0,261.0,247.0,232.0,227.0,216.0,207.0,204.0,201.0,200.0,201.0,199.0,191.0,187.0,194.0,190.0,187.0,181.0,179.0,158.0,154.0,199.0,143.0,138.0,141.0,133.0,123.0,108.0,98.0,73.0,65.0,61.0,197.0,46.0,44.0,34.0,26.0,23.0,20.0,15.0,12.0,8.0,21.0
Bispebjerg,2051,,,,,,,,,,,,,,,,,,,,,,,,,,,,,,,,,,,,,,,,,,,,,,,,,,,,,,,,,,,,,,,,,,,,,,,,,,,,,,,,,,,,,,,,,,,,,,,,,,,,,,,,,,,,,,,,,,,,,,,,,,,,,,,,,,,,,,,,,,,,,,,,,,,,,,,,,,,,,,,,,,,,,,,,,,,,,,,,,,,,,,,,,,,,,,,,,,,,,,,,,,,,,,,,,,,349.0,314.0,205.0,201.0,194.0,196.0,194.0,193.0,192.0,191.0,196.0,199.0,280.0,215.0,207.0,242.0,323.0,387.0,438.0,484.0,531.0,587.0,599.0,253.0,595.0,580.0,567.0,552.0,503.0,476.0,451.0,449.0,436.0,439.0,239.0,416.0,410.0,383.0,375.0,353.0,345.0,337.0,329.0,326.0,326.0,222.0,316.0,305.0,307.0,302.0,299.0,305.0,299.0,290.0,282.0,273.0,215.0,261.0,255.0,246.0,236.0,231.0,219.0,204.0,204.0,199.0,197.0,210.0,200.0,203.0,189.0,184.0,190.0,196.0,196.0,180.0,175.0,150.0,203.0,144.0,133.0,131.0,125.0,120.0,108.0,89.0,73.0,59.0,45.0,203.0,41.0,34.0,26.0,19.0,11.0,7.0,10.0,9.0,9.0,19.0,331.0,289.0,192.0,190.0,190.0,187.0,186.0,186.0,186.0,188.0,194.0,208.0,255.0,221.0,259.0,341.0,435.0,512.0,554.0,603.0,629.0,692.0,683.0,234.0,661.0,644.0,608.0,569.0,531.0,484.0,459.0,442.0,432.0,428.0,221.0,409.0,398.0,384.0,375.0,359.0,346.0,339.0,327.0,331.0,327.0,209.0,330.0,316.0,316.0,312.0,311.0,311.0,310.0,290.0,289.0,284.0,203.0,276.0,261.0,256.0,241.0,229.0,225.0,208.0,203.0,202.0,201.0,198.0,195.0,195.0,186.0,184.0,191.0,186.0,182.0,178.0,172.0,154.0,197.0,149.0,135.0,132.0,133.0,128.0,115.0,99.0,84.0,63.0,59.0,195.0,54.0,41.0,39.0,26.0,23.0,19.0,15.0,13.0,9.0,21.0
Bispebjerg,2052,,,,,,,,,,,,,,,,,,,,,,,,,,,,,,,,,,,,,,,,,,,,,,,,,,,,,,,,,,,,,,,,,,,,,,,,,,,,,,,,,,,,,,,,,,,,,,,,,,,,,,,,,,,,,,,,,,,,,,,,,,,,,,,,,,,,,,,,,,,,,,,,,,,,,,,,,,,,,,,,,,,,,,,,,,,,,,,,,,,,,,,,,,,,,,,,,,,,,,,,,,,,,,,,,,,347.0,312.0,203.0,199.0,192.0,194.0,193.0,192.0,191.0,190.0,196.0,199.0,278.0,214.0,204.0,241.0,323.0,389.0,453.0,482.0,524.0,553.0,605.0,252.0,591.0,574.0,566.0,542.0,519.0,478.0,453.0,434.0,430.0,417.0,237.0,415.0,399.0,387.0,371.0,357.0,345.0,336.0,329.0,321.0,320.0,220.0,315.0,302.0,301.0,298.0,295.0,299.0,304.0,292.0,282.0,279.0,213.0,268.0,259.0,254.0,243.0,233.0,227.0,214.0,199.0,198.0,193.0,207.0,193.0,197.0,195.0,185.0,181.0,186.0,193.0,188.0,173.0,165.0,200.0,146.0,133.0,126.0,123.0,115.0,108.0,99.0,78.0,64.0,46.0,201.0,43.0,35.0,27.0,21.0,12.0,8.0,11.0,9.0,9.0,20.0,328.0,287.0,191.0,189.0,188.0,186.0,185.0,185.0,185.0,187.0,194.0,208.0,253.0,218.0,256.0,340.0,436.0,515.0,577.0,598.0,618.0,650.0,688.0,232.0,661.0,638.0,603.0,565.0,542.0,489.0,458.0,433.0,420.0,411.0,219.0,408.0,390.0,387.0,373.0,359.0,347.0,336.0,324.0,323.0,320.0,207.0,327.0,319.0,311.0,306.0,308.0,308.0,310.0,305.0,288.0,285.0,201.0,280.0,273.0,256.0,250.0,238.0,226.0,217.0,205.0,201.0,201.0,196.0,196.0,190.0,190.0,183.0,181.0,187.0,182.0,179.0,171.0,167.0,195.0,149.0,142.0,129.0,125.0,128.0,120.0,105.0,85.0,72.0,58.0,193.0,52.0,47.0,37.0,30.0,23.0,20.0,14.0,14.0,9.0,21.0
Bispebjerg,2053,,,,,,,,,,,,,,,,,,,,,,,,,,,,,,,,,,,,,,,,,,,,,,,,,,,,,,,,,,,,,,,,,,,,,,,,,,,,,,,,,,,,,,,,,,,,,,,,,,,,,,,,,,,,,,,,,,,,,,,,,,,,,,,,,,,,,,,,,,,,,,,,,,,,,,,,,,,,,,,,,,,,,,,,,,,,,,,,,,,,,,,,,,,,,,,,,,,,,,,,,,,,,,,,,,,344.0,309.0,201.0,197.0,191.0,193.0,191.0,191.0,190.0,189.0,195.0,199.0,276.0,212.0,201.0,239.0,323.0,389.0,455.0,498.0,521.0,545.0,569.0,250.0,597.0,570.0,560.0,541.0,510.0,494.0,455.0,436.0,416.0,412.0,235.0,394.0,397.0,376.0,375.0,354.0,350.0,336.0,328.0,321.0,315.0,218.0,309.0,302.0,299.0,293.0,292.0,295.0,298.0,297.0,285.0,280.0,211.0,273.0,265.0,258.0,252.0,241.0,229.0,222.0,209.0,193.0,192.0,205.0,189.0,190.0,190.0,191.0,181.0,177.0,184.0,186.0,181.0,164.0,198.0,160.0,135.0,126.0,118.0,114.0,104.0,100.0,87.0,69.0,50.0,199.0,44.0,37.0,28.0,21.0,13.0,8.0,12.0,10.0,9.0,21.0,326.0,285.0,189.0,187.0,187.0,184.0,183.0,184.0,184.0,186.0,193.0,208.0,251.0,215.0,253.0,338.0,436.0,516.0,580.0,623.0,612.0,640.0,647.0,231.0,666.0,638.0,598.0,560.0,539.0,500.0,463.0,432.0,412.0,399.0,218.0,392.0,389.0,379.0,376.0,358.0,347.0,337.0,322.0,320.0,312.0,205.0,320.0,316.0,314.0,301.0,302.0,305.0,306.0,305.0,303.0,285.0,199.0,281.0,276.0,267.0,251.0,246.0,235.0,218.0,213.0,203.0,200.0,194.0,196.0,191.0,185.0,187.0,181.0,178.0,183.0,178.0,172.0,166.0,192.0,162.0,141.0,136.0,122.0,120.0,120.0,110.0,90.0,73.0,66.0,191.0,51.0,46.0,43.0,28.0,27.0,20.0,15.0,13.0,10.0,22.0
Bispebjerg,2054,,,,,,,,,,,,,,,,,,,,,,,,,,,,,,,,,,,,,,,,,,,,,,,,,,,,,,,,,,,,,,,,,,,,,,,,,,,,,,,,,,,,,,,,,,,,,,,,,,,,,,,,,,,,,,,,,,,,,,,,,,,,,,,,,,,,,,,,,,,,,,,,,,,,,,,,,,,,,,,,,,,,,,,,,,,,,,,,,,,,,,,,,,,,,,,,,,,,,,,,,,,,,,,,,,,342.0,307.0,199.0,195.0,189.0,191.0,190.0,190.0,189.0,188.0,194.0,198.0,273.0,210.0,198.0,236.0,322.0,390.0,456.0,501.0,538.0,542.0,561.0,248.0,563.0,576.0,556.0,536.0,509.0,485.0,470.0,438.0,419.0,399.0,234.0,389.0,378.0,375.0,365.0,358.0,347.0,341.0,328.0,320.0,315.0,216.0,305.0,296.0,298.0,291.0,287.0,292.0,294.0,291.0,289.0,282.0,209.0,275.0,271.0,265.0,256.0,249.0,237.0,225.0,217.0,203.0,188.0,203.0,189.0,187.0,183.0,186.0,187.0,177.0,175.0,177.0,179.0,171.0,196.0,158.0,148.0,128.0,119.0,109.0,103.0,96.0,88.0,77.0,54.0,196.0,49.0,38.0,30.0,22.0,14.0,9.0,13.0,10.0,10.0,21.0,324.0,283.0,186.0,185.0,185.0,183.0,182.0,183.0,183.0,185.0,192.0,207.0,249.0,211.0,250.0,336.0,436.0,518.0,582.0,626.0,637.0,633.0,637.0,229.0,627.0,643.0,597.0,555.0,534.0,496.0,473.0,438.0,411.0,392.0,216.0,381.0,373.0,378.0,368.0,360.0,345.0,337.0,322.0,318.0,309.0,204.0,312.0,309.0,311.0,304.0,297.0,300.0,304.0,302.0,303.0,299.0,197.0,281.0,278.0,271.0,262.0,247.0,243.0,227.0,214.0,211.0,202.0,192.0,195.0,191.0,186.0,183.0,184.0,178.0,174.0,180.0,172.0,168.0,190.0,161.0,154.0,135.0,128.0,117.0,113.0,110.0,94.0,78.0,67.0,189.0,59.0,45.0,42.0,32.0,26.0,22.0,15.0,14.0,9.0,23.0
Bispebjerg,2055,,,,,,,,,,,,,,,,,,,,,,,,,,,,,,,,,,,,,,,,,,,,,,,,,,,,,,,,,,,,,,,,,,,,,,,,,,,,,,,,,,,,,,,,,,,,,,,,,,,,,,,,,,,,,,,,,,,,,,,,,,,,,,,,,,,,,,,,,,,,,,,,,,,,,,,,,,,,,,,,,,,,,,,,,,,,,,,,,,,,,,,,,,,,,,,,,,,,,,,,,,,,,,,,,,,340.0,305.0,197.0,193.0,187.0,189.0,188.0,188.0,188.0,187.0,193.0,197.0,272.0,208.0,195.0,233.0,321.0,391.0,458.0,502.0,540.0,560.0,558.0,246.0,555.0,544.0,563.0,532.0,505.0,484.0,462.0,452.0,420.0,401.0,232.0,377.0,373.0,356.0,364.0,348.0,351.0,338.0,332.0,320.0,314.0,215.0,305.0,292.0,292.0,290.0,284.0,287.0,291.0,287.0,284.0,287.0,208.0,277.0,272.0,270.0,262.0,253.0,245.0,232.0,219.0,211.0,197.0,202.0,185.0,186.0,180.0,180.0,182.0,183.0,175.0,168.0,171.0,169.0,194.0,166.0,147.0,140.0,120.0,110.0,99.0,95.0,85.0,77.0,60.0,194.0,52.0,42.0,31.0,24.0,14.0,9.0,14.0,11.0,10.0,22.0,322.0,281.0,184.0,183.0,183.0,181.0,180.0,181.0,182.0,184.0,192.0,206.0,248.0,208.0,246.0,333.0,435.0,519.0,584.0,628.0,639.0,658.0,631.0,227.0,617.0,605.0,602.0,555.0,530.0,492.0,470.0,447.0,416.0,391.0,214.0,374.0,363.0,363.0,368.0,353.0,347.0,335.0,322.0,318.0,307.0,202.0,310.0,302.0,305.0,301.0,300.0,295.0,298.0,299.0,300.0,299.0,196.0,294.0,278.0,272.0,265.0,258.0,245.0,234.0,223.0,212.0,210.0,191.0,196.0,190.0,186.0,183.0,181.0,181.0,173.0,170.0,173.0,167.0,189.0,163.0,153.0,147.0,128.0,123.0,110.0,103.0,94.0,82.0,72.0,187.0,59.0,52.0,41.0,32.0,29.0,22.0,17.0,14.0,10.0,23.0
Bispebjerg,2056,,,,,,,,,,,,,,,,,,,,,,,,,,,,,,,,,,,,,,,,,,,,,,,,,,,,,,,,,,,,,,,,,,,,,,,,,,,,,,,,,,,,,,,,,,,,,,,,,,,,,,,,,,,,,,,,,,,,,,,,,,,,,,,,,,,,,,,,,,,,,,,,,,,,,,,,,,,,,,,,,,,,,,,,,,,,,,,,,,,,,,,,,,,,,,,,,,,,,,,,,,,,,,,,,,,338.0,303.0,194.0,191.0,185.0,187.0,186.0,187.0,187.0,186.0,192.0,196.0,270.0,205.0,191.0,230.0,319.0,390.0,459.0,504.0,541.0,562.0,576.0,245.0,552.0,537.0,532.0,539.0,501.0,480.0,461.0,445.0,434.0,403.0,230.0,379.0,361.0,352.0,345.0,347.0,341.0,342.0,329.0,325.0,314.0,213.0,304.0,292.0,289.0,285.0,284.0,285.0,286.0,284.0,280.0,282.0,206.0,281.0,274.0,272.0,268.0,259.0,249.0,240.0,226.0,213.0,204.0,200.0,194.0,182.0,180.0,177.0,176.0,179.0,181.0,169.0,163.0,162.0,193.0,164.0,154.0,139.0,132.0,112.0,100.0,92.0,84.0,75.0,61.0,193.0,58.0,45.0,34.0,24.0,15.0,10.0,14.0,12.0,11.0,23.0,320.0,279.0,183.0,181.0,181.0,179.0,179.0,180.0,180.0,183.0,191.0,204.0,246.0,204.0,242.0,330.0,433.0,519.0,585.0,630.0,640.0,661.0,656.0,226.0,611.0,596.0,568.0,560.0,529.0,488.0,466.0,444.0,425.0,396.0,213.0,373.0,356.0,353.0,353.0,352.0,340.0,338.0,321.0,318.0,308.0,201.0,308.0,299.0,298.0,295.0,298.0,298.0,293.0,294.0,297.0,296.0,195.0,295.0,291.0,272.0,267.0,261.0,255.0,236.0,230.0,220.0,211.0,190.0,204.0,191.0,185.0,183.0,181.0,177.0,177.0,170.0,165.0,169.0,187.0,163.0,154.0,147.0,139.0,123.0,115.0,101.0,89.0,82.0,75.0,185.0,63.0,53.0,47.0,31.0,29.0,25.0,17.0,15.0,10.0,24.0
Bispebjerg,2057,,,,,,,,,,,,,,,,,,,,,,,,,,,,,,,,,,,,,,,,,,,,,,,,,,,,,,,,,,,,,,,,,,,,,,,,,,,,,,,,,,,,,,,,,,,,,,,,,,,,,,,,,,,,,,,,,,,,,,,,,,,,,,,,,,,,,,,,,,,,,,,,,,,,,,,,,,,,,,,,,,,,,,,,,,,,,,,,,,,,,,,,,,,,,,,,,,,,,,,,,,,,,,,,,,,336.0,301.0,193.0,189.0,183.0,185.0,184.0,185.0,185.0,185.0,191.0,195.0,268.0,202.0,187.0,226.0,317.0,389.0,459.0,505.0,543.0,564.0,579.0,243.0,570.0,533.0,525.0,509.0,508.0,477.0,457.0,444.0,427.0,416.0,229.0,381.0,363.0,340.0,341.0,329.0,340.0,332.0,333.0,322.0,319.0,212.0,304.0,291.0,289.0,281.0,279.0,284.0,284.0,279.0,277.0,278.0,205.0,277.0,279.0,274.0,270.0,265.0,255.0,244.0,234.0,220.0,207.0,199.0,201.0,191.0,176.0,176.0,173.0,173.0,176.0,174.0,163.0,154.0,191.0,157.0,152.0,146.0,131.0,123.0,102.0,92.0,81.0,74.0,59.0,191.0,59.0,50.0,37.0,27.0,16.0,10.0,15.0,13.0,12.0,25.0,318.0,278.0,181.0,179.0,179.0,177.0,177.0,178.0,179.0,182.0,189.0,203.0,245.0,200.0,238.0,326.0,431.0,518.0,586.0,632.0,643.0,662.0,659.0,224.0,635.0,590.0,559.0,528.0,534.0,488.0,463.0,441.0,423.0,405.0,212.0,378.0,356.0,346.0,343.0,338.0,340.0,331.0,323.0,317.0,308.0,200.0,309.0,298.0,295.0,288.0,292.0,295.0,296.0,289.0,292.0,293.0,193.0,292.0,292.0,285.0,267.0,263.0,259.0,246.0,232.0,228.0,219.0,188.0,206.0,199.0,186.0,182.0,181.0,178.0,173.0,173.0,164.0,160.0,186.0,164.0,154.0,148.0,139.0,134.0,116.0,106.0,87.0,77.0,75.0,184.0,66.0,56.0,48.0,36.0,29.0,24.0,19.0,15.0,11.0,24.0
Bispebjerg,2058,,,,,,,,,,,,,,,,,,,,,,,,,,,,,,,,,,,,,,,,,,,,,,,,,,,,,,,,,,,,,,,,,,,,,,,,,,,,,,,,,,,,,,,,,,,,,,,,,,,,,,,,,,,,,,,,,,,,,,,,,,,,,,,,,,,,,,,,,,,,,,,,,,,,,,,,,,,,,,,,,,,,,,,,,,,,,,,,,,,,,,,,,,,,,,,,,,,,,,,,,,,,,,,,,,,335.0,300.0,192.0,188.0,181.0,183.0,183.0,183.0,183.0,183.0,190.0,194.0,267.0,200.0,184.0,223.0,315.0,388.0,459.0,506.0,544.0,566.0,580.0,242.0,573.0,551.0,523.0,503.0,481.0,484.0,454.0,441.0,427.0,410.0,228.0,394.0,365.0,343.0,330.0,326.0,322.0,331.0,324.0,326.0,316.0,211.0,309.0,291.0,288.0,282.0,275.0,279.0,284.0,277.0,273.0,275.0,204.0,273.0,275.0,279.0,272.0,267.0,260.0,251.0,238.0,228.0,214.0,198.0,204.0,198.0,184.0,173.0,173.0,170.0,171.0,170.0,168.0,155.0,190.0,150.0,146.0,145.0,137.0,122.0,112.0,94.0,82.0,72.0,58.0,190.0,58.0,51.0,41.0,29.0,17.0,11.0,16.0,14.0,13.0,26.0,318.0,276.0,180.0,178.0,177.0,175.0,175.0,177.0,177.0,180.0,188.0,201.0,243.0,196.0,234.0,323.0,429.0,517.0,585.0,632.0,644.0,665.0,660.0,223.0,638.0,613.0,554.0,521.0,505.0,493.0,463.0,438.0,420.0,403.0,210.0,387.0,360.0,346.0,337.0,329.0,326.0,331.0,316.0,319.0,307.0,199.0,309.0,299.0,294.0,286.0,285.0,289.0,294.0,292.0,287.0,288.0,192.0,289.0,289.0,286.0,279.0,264.0,260.0,249.0,242.0,230.0,227.0,187.0,213.0,201.0,193.0,183.0,180.0,177.0,173.0,170.0,168.0,160.0,185.0,156.0,155.0,148.0,140.0,134.0,126.0,106.0,91.0,75.0,71.0,183.0,67.0,59.0,51.0,37.0,33.0,24.0,19.0,17.0,11.0,25.0
Bispebjerg,2059,,,,,,,,,,,,,,,,,,,,,,,,,,,,,,,,,,,,,,,,,,,,,,,,,,,,,,,,,,,,,,,,,,,,,,,,,,,,,,,,,,,,,,,,,,,,,,,,,,,,,,,,,,,,,,,,,,,,,,,,,,,,,,,,,,,,,,,,,,,,,,,,,,,,,,,,,,,,,,,,,,,,,,,,,,,,,,,,,,,,,,,,,,,,,,,,,,,,,,,,,,,,,,,,,,,335.0,300.0,190.0,186.0,180.0,181.0,181.0,181.0,182.0,181.0,188.0,192.0,266.0,197.0,181.0,220.0,312.0,386.0,458.0,505.0,545.0,567.0,582.0,240.0,574.0,554.0,540.0,500.0,475.0,458.0,461.0,438.0,424.0,410.0,226.0,388.0,378.0,345.0,333.0,315.0,319.0,314.0,323.0,317.0,320.0,210.0,306.0,296.0,288.0,281.0,276.0,276.0,278.0,277.0,271.0,271.0,203.0,270.0,271.0,275.0,277.0,269.0,263.0,255.0,244.0,232.0,221.0,197.0,210.0,201.0,191.0,181.0,170.0,170.0,168.0,165.0,164.0,160.0,189.0,151.0,139.0,139.0,137.0,128.0,112.0,104.0,84.0,72.0,57.0,189.0,57.0,50.0,41.0,32.0,19.0,12.0,17.0,14.0,14.0,28.0,318.0,276.0,179.0,177.0,176.0,174.0,173.0,175.0,175.0,178.0,187.0,200.0,242.0,193.0,230.0,319.0,426.0,515.0,584.0,632.0,644.0,666.0,663.0,222.0,639.0,616.0,576.0,516.0,498.0,466.0,468.0,438.0,417.0,400.0,209.0,385.0,369.0,350.0,336.0,323.0,317.0,317.0,316.0,313.0,309.0,197.0,307.0,299.0,295.0,285.0,283.0,282.0,288.0,290.0,290.0,283.0,191.0,284.0,286.0,283.0,281.0,275.0,261.0,251.0,245.0,240.0,229.0,186.0,221.0,208.0,195.0,191.0,181.0,176.0,173.0,170.0,164.0,163.0,184.0,156.0,148.0,149.0,140.0,135.0,126.0,116.0,91.0,79.0,69.0,182.0,63.0,59.0,54.0,39.0,34.0,28.0,19.0,17.0,12.0,26.0
Bispebjerg,2060,,,,,,,,,,,,,,,,,,,,,,,,,,,,,,,,,,,,,,,,,,,,,,,,,,,,,,,,,,,,,,,,,,,,,,,,,,,,,,,,,,,,,,,,,,,,,,,,,,,,,,,,,,,,,,,,,,,,,,,,,,,,,,,,,,,,,,,,,,,,,,,,,,,,,,,,,,,,,,,,,,,,,,,,,,,,,,,,,,,,,,,,,,,,,,,,,,,,,,,,,,,,,,,,,,,335.0,299.0,189.0,185.0,179.0,180.0,179.0,179.0,180.0,180.0,186.0,191.0,265.0,194.0,178.0,217.0,310.0,384.0,457.0,504.0,544.0,567.0,583.0,239.0,576.0,556.0,543.0,517.0,472.0,452.0,437.0,444.0,421.0,407.0,225.0,388.0,372.0,356.0,335.0,318.0,308.0,311.0,306.0,316.0,311.0,208.0,310.0,293.0,293.0,281.0,275.0,276.0,275.0,272.0,271.0,269.0,202.0,266.0,268.0,271.0,273.0,274.0,265.0,258.0,249.0,238.0,226.0,196.0,218.0,208.0,194.0,188.0,178.0,166.0,168.0,162.0,159.0,156.0,188.0,156.0,140.0,132.0,131.0,128.0,117.0,104.0,92.0,74.0,57.0,188.0,55.0,49.0,41.0,33.0,21.0,13.0,19.0,15.0,14.0,30.0,318.0,276.0,178.0,176.0,175.0,172.0,171.0,173.0,174.0,177.0,185.0,198.0,242.0,190.0,227.0,316.0,423.0,513.0,583.0,630.0,643.0,666.0,664.0,221.0,642.0,618.0,579.0,536.0,493.0,460.0,442.0,443.0,417.0,397.0,208.0,382.0,367.0,359.0,341.0,323.0,311.0,309.0,303.0,313.0,303.0,196.0,310.0,297.0,295.0,285.0,281.0,281.0,281.0,284.0,288.0,286.0,190.0,280.0,281.0,280.0,278.0,277.0,272.0,252.0,247.0,243.0,239.0,185.0,223.0,215.0,202.0,192.0,189.0,178.0,172.0,170.0,165.0,160.0,183.0,159.0,148.0,142.0,141.0,135.0,127.0,116.0,100.0,80.0,72.0,181.0,61.0,56.0,54.0,41.0,36.0,28.0,21.0,17.0,12.0,27.0
Brønshøj-Husum,1986,63.0,72.0,29.0,,0.0,,0.0,0.0,0.0,0.0,0.0,0.0,0.0,0.0,,16.0,,,9.0,,10.0,3.0,,,5.0,3.0,,,22.0,23.0,49.0,40.0,67.0,64.0,110.0,89.0,,,12.0,14.0,,,,5.0,,,49.0,61.0,80.0,102.0,,,48.0,70.0,137.0,318.0,1591.0,1442.0,1883.0,1732.0,2252.0,2204.0,2337.0,2276.0,1768.0,1846.0,1847.0,2176.0,4575.0,7303.0,,,,,,,,,,,,,,,,,,,,,,,,,,,,,,,,,,,,,,,,,,,,,,,,,,,,,,,,,,,,,,,,,,,,,,,,,,,,,,,,,,,,,,,,,,,,,,,,,,,,,,,,,,,,,,,,,,,,,,,,,,,,,,,,,,,,,,,,,,,,,,,,,,,,,,,,,,,,,,,,,,,,,,,,,,,,,,,,,,,,,,,,,,,,,,,,,,,,,,,,,,,,,,,,,,,,,,,,,,,,,,,,,,,,,,,,,,,,,,,,,,,,,,,,,,,,,,,,,,,,,,,,,,,,,,,,,,,,,,,,,,,,,,,,,,,,,,,,,,,,,,,,,,,,,,,,,,,,,,,,,,,,,,,,,,,,,,,,,,,,
Brønshøj-Husum,1987,70.0,81.0,,,,,0.0,0.0,0.0,0.0,0.0,0.0,0.0,0.0,,,,,,,8.0,4.0,,,4.0,3.0,4.0,8.0,31.0,27.0,41.0,39.0,91.0,89.0,111.0,95.0,98.0,39.0,21.0,15.0,30.0,41.0,,,14.0,8.0,44.0,59.0,87.0,105.0,,,41.0,66.0,133.0,315.0,1547.0,1418.0,1784.0,1691.0,2243.0,2228.0,2310.0,2280.0,1872.0,1866.0,1759.0,2048.0,4477.0,7255.0,,,,,,,,,,,,,,,,,,,,,,,,,,,,,,,1263569.0,89915.0,14053.0,1198117.0,70258.0,17053.0,1591623.0,160981.0,9887.0,1090017.0,118506.0,9198.0,1353678.0,95747.0,14138.0,1517206.0,87745.0,17291.0,2120297.0,150965.0,14045.0,1760335.0,103361.0,17031.0,1745625.0,126623.0,13786.0,1479924.0,89141.0,16602.0,,,,,,,,,,,,,,,,,,,,,,,,,,,,,,,,,,,,,,,,,,,,,,,,,,,,,,,,,,,,,,,,,,,,,,,,,,,,,,,,,,,,,,,,,,,,,,,,,,,,,,,,,,,,,,,,,,,,,,,,,,,,,,,,,,,,,,,,,,,,,,,,,,,,,,,,,,,,,,,,,,,,,,,,,,,,,,,,,,,,,,,,,,,,,,,,,,,,,,,,,,,,,,,,,,,,,,,,,,,,,,,,,,,,,,,,,,,,,,,,,,,,,,,,,,,,,,,,,,,,,,,,,,,,,,,,,,,,,,,,
Brønshøj-Husum,1988,90.0,94.0,,,,,0.0,,0.0,0.0,0.0,0.0,0.0,0.0,16.0,15.0,,,,,8.0,,0.0,,3.0,,5.0,9.0,32.0,,56.0,60.0,104.0,103.0,133.0,115.0,104.0,51.0,32.0,,29.0,41.0,8.0,,17.0,,45.0,60.0,89.0,109.0,73.0,,41.0,61.0,132.0,305.0,1558.0,1424.0,1681.0,1570.0,2273.0,2303.0,2287.0,2237.0,1934.0,1928.0,1701.0,1959.0,4389.0,7159.0,,,,,,,,,,,,,,,,,,,,,,,,,,,,,,,1301221.0,92673.0,14041.0,1276387.0,74547.0,17122.0,1634731.0,168355.0,9710.0,1153906.0,126442.0,9126.0,1405725.0,99718.0,14097.0,1590385.0,91903.0,17305.0,2198066.0,157342.0,13970.0,1886726.0,110555.0,17066.0,1819885.0,132384.0,13747.0,1570572.0,94136.0,16684.0,,,,,,,,,,,,,,,,,,,,,,,,,,,,,,,,,,,,,,,,,,,,,,,,,,,,,,,,,,,,,,,,,,,,,,,,,,,,,,,,,,,,,,,,,,,,,,,,,,,,,,,,,,,,,,,,,,,,,,,,,,,,,,,,,,,,,,,,,,,,,,,,,,,,,,,,,,,,,,,,,,,,,,,,,,,,,,,,,,,,,,,,,,,,,,,,,,,,,,,,,,,,,,,,,,,,,,,,,,,,,,,,,,,,,,,,,,,,,,,,,,,,,,,,,,,,,,,,,,,,,,,,,,,,,,,,,,,,,,,,
Brønshøj-Husum,1989,103.0,104.0,,,,,,,0.0,0.0,0.0,0.0,0.0,0.0,22.0,10.0,,,,,,,,,4.0,,6.0,,41.0,29.0,67.0,75.0,118.0,104.0,136.0,132.0,114.0,59.0,40.0,,27.0,,15.0,10.0,,,55.0,51.0,89.0,101.0,,,39.0,60.0,133.0,298.0,1585.0,1420.0,1678.0,1524.0,2309.0,2379.0,2239.0,2239.0,1978.0,2020.0,1648.0,1860.0,4284.0,7084.0,,,,,,,,,,,,,,,,,,,,,,,,,,,,,,,1348573.0,95991.0,14049.0,1338574.0,78828.0,16981.0,1653089.0,173153.0,9547.0,1184049.0,132060.0,8966.0,1460134.0,103416.0,14119.0,1653477.0,96345.0,17162.0,2257576.0,161961.0,13939.0,1970313.0,116483.0,16915.0,1864322.0,137133.0,13595.0,1633357.0,99474.0,16420.0,,,,,,,,,,,,,,,,,,,,,,,,,,,,,,,,,,,,,,,,,,,,,,,,,,,,,,,,,,,,,,,,,,,,,,,,,,,,,,,,,,,,,,,,,,,,,,,,,,,,,,,,,,,,,,,,,,,,,,,,,,,,,,,,,,,,,,,,,,,,,,,,,,,,,,,,,,,,,,,,,,,,,,,,,,,,,,,,,,,,,,,,,,,,,,,,,,,,,,,,,,,,,,,,,,,,,,,,,,,,,,,,,,,,,,,,,,,,,,,,,,,,,,,,,,,,,,,,,,,,,,,,,,,,,,,,,,,,,,,,
Brønshøj-Husum,1990,122.0,117.0,72.0,62.0,,,,,0.0,0.0,0.0,0.0,0.0,0.0,27.0,9.0,,,,,,,,,,,,,47.0,27.0,71.0,73.0,143.0,106.0,135.0,139.0,124.0,76.0,,,,,13.0,12.0,,,49.0,49.0,88.0,105.0,,,35.0,59.0,131.0,284.0,1621.0,1479.0,1681.0,1481.0,2319.0,2368.0,2247.0,2275.0,2037.0,2034.0,1602.0,1784.0,4213.0,6955.0,,,,,,,,,,,,,,,,,,,,,,,,,,,,,,,1382708.0,98624.0,14020.0,1380535.0,81868.0,16863.0,1670570.0,177550.0,9409.0,1229049.0,138609.0,8867.0,1504736.0,106840.0,14084.0,1690469.0,99340.0,17017.0,2320614.0,166150.0,13967.0,2042641.0,121441.0,16820.0,1897517.0,139523.0,13600.0,1683043.0,103134.0,16319.0,,,,,,,,,,,,,,,,,,,,,,,,,,,,,,,,,,,,,,,,,,,,,,,,,,,,,,,,,,,,,,,,,,,,,,,,,,,,,,,,,,,,,,,,,,,,,,,,,,,,,,,,,,,,,,,,,,,,,,,,,,,,,,,,,,,,,,,,,,,,,,,,,,,,,,,,,,,,,,,,,,,,,,,,,,,,,,,,,,,,,,,,,,,,,,,,,,,,,,,,,,,,,,,,,,,,,,,,,,,,,,,,,,,,,,,,,,,,,,,,,,,,,,,,,,,,,,,,,,,,,,,,,,,,,,,,,,,,,,,,
Brønshøj-Husum,1991,145.0,142.0,75.0,73.0,,,,,0.0,0.0,0.0,0.0,0.0,0.0,30.0,14.0,,,,,,,,,,,8.0,10.0,44.0,26.0,79.0,61.0,154.0,144.0,166.0,138.0,130.0,87.0,62.0,27.0,29.0,41.0,10.0,9.0,,,42.0,54.0,81.0,110.0,,,,,128.0,276.0,1654.0,1498.0,1663.0,1490.0,2291.0,2307.0,2209.0,2256.0,2054.0,2068.0,1581.0,1729.0,4117.0,6847.0,,,,,,,,,,,,,,,,,,,,,,,,,,,,,,,1402835.0,100339.0,13981.0,1419369.0,84431.0,16811.0,1677676.0,180318.0,9304.0,1260037.0,140535.0,8966.0,1528676.0,108857.0,14043.0,1727712.0,101888.0,16957.0,2366204.0,169511.0,13959.0,2126681.0,126694.0,16786.0,1932559.0,142614.0,13551.0,1734655.0,106774.0,16246.0,,,,,,,,,,,,,,,,,,,,,,,,,,,,,,,,,,,,,,,,,,,,,,,,,,,,,,,,,,,,,,,,,,,,,,,,,,,,,,,,,,,,,,,,,,,,,,,,,,,,,,,,,,,,,,,,,,,,,,,,,,,,,,,,,,,,,,,,,,,,,,,,,,,,,,,,,,,,,,,,,,,,,,,,,,,,,,,,,,,,,,,,,,,,,,,,,,,,,,,,,,,,,,,,,,,,,,,,,,,,,,,,,,,,,,,,,,,,,,,,,,,,,,,,,,,,,,,,,,,,,,,,,,,,,,,,,,,,,,,,
Brønshøj-Husum,1992,166.0,171.0,96.0,88.0,,,,,0.0,0.0,0.0,0.0,0.0,0.0,28.0,17.0,,,,,,,3.0,,,,8.0,9.0,44.0,27.0,94.0,81.0,170.0,171.0,190.0,159.0,154.0,107.0,65.0,33.0,34.0,42.0,8.0,9.0,,,55.0,50.0,85.0,110.0,89.0,,,,121.0,271.0,1743.0,1542.0,1620.0,1463.0,2215.0,2343.0,2173.0,2303.0,2142.0,2116.0,1544.0,1641.0,4036.0,6667.0,,,,,,,,,,,,,,,,,,,,,,,,,,,,,,,1435980.0,103078.0,13931.0,1460566.0,87375.0,16716.0,1667705.0,182203.0,9153.0,1271459.0,145094.0,8763.0,1568009.0,111953.0,14006.0,1763657.0,104656.0,16852.0,2389884.0,171724.0,13917.0,2167444.0,129974.0,16676.0,1971560.0,145987.0,13505.0,1777594.0,110362.0,16107.0,,,,,,,,,,,,,,,,,,,,,,,,,,,,,,,,,,,,,,,,,,,,,,,,,,,,,,,,,,,,,,,,,,,,,,,,,,,,,,,,,,,,,,,,,,,,,,,,,,,,,,,,,,,,,,,,,,,,,,,,,,,,,,,,,,,,,,,,,,,,,,,,,,,,,,,,,,,,,,,,,,,,,,,,,,,,,,,,,,,,,,,,,,,,,,,,,,,,,,,,,,,,,,,,,,,,,,,,,,,,,,,,,,,,,,,,,,,,,,,,,,,,,,,,,,,,,,,,,,,,,,,,,,,,,,,,,,,,,,,,
Brønshøj-Husum,1993,211.0,187.0,103.0,104.0,,,,,0.0,0.0,0.0,0.0,0.0,0.0,30.0,20.0,17.0,17.0,,,,,,,,,7.0,10.0,36.0,32.0,112.0,96.0,176.0,194.0,213.0,176.0,175.0,110.0,75.0,41.0,36.0,51.0,5.0,8.0,18.0,18.0,52.0,49.0,87.0,108.0,,,,,113.0,255.0,1801.0,1620.0,1566.0,1386.0,2210.0,2261.0,2196.0,2367.0,2165.0,2133.0,1550.0,1622.0,3915.0,6549.0,,,,,,,,,,,,,,,,,,,,,,,,,,,,,,,1475298.0,106267.0,13883.0,1494620.0,90397.0,16534.0,1669185.0,184746.0,9035.0,1272287.0,147546.0,8623.0,1606576.0,115018.0,13968.0,1798774.0,107827.0,16682.0,2411817.0,173875.0,13871.0,2196365.0,133153.0,16495.0,1984170.0,148316.0,13378.0,1794814.0,113138.0,15864.0,,,,,,,,,,,,,,,,,,,,,,,,,,,,,,,,,,,,,,,,,,,,,,,,,,,,,,,,,,,,,,,,,,,,,,,,,,,,,,,,,,,,,,,,,,,,,,,,,,,,,,,,,,,,,,,,,,,,,,,,,,,,,,,,,,,,,,,,,,,,,,,,,,,,,,,,,,,,,,,,,,,,,,,,,,,,,,,,,,,,,,,,,,,,,,,,,,,,,,,,,,,,,,,,,,,,,,,,,,,,,,,,,,,,,,,,,,,,,,,,,,,,,,,,,,,,,,,,,,,,,,,,,,,,,,,,,,,,,,,,
Brønshøj-Husum,1994,261.0,245.0,123.0,120.0,,,,,0.0,0.0,0.0,0.0,0.0,0.0,26.0,16.0,15.0,16.0,,,,,,,,,7.0,8.0,47.0,31.0,121.0,110.0,210.0,237.0,263.0,220.0,171.0,128.0,98.0,53.0,44.0,49.0,6.0,3.0,19.0,23.0,44.0,40.0,87.0,94.0,,,,,109.0,245.0,1857.0,1676.0,1508.0,1346.0,2148.0,2218.0,2203.0,2304.0,2197.0,2189.0,1560.0,1629.0,3794.0,6324.0,,,,,,,,,,,,,,,,,,,,,,,,,,,,,,,1578678.0,112186.0,14072.0,1599175.0,96064.0,16647.0,1772704.0,186600.0,9500.0,1323083.0,147140.0,8992.0,1720062.0,121551.0,14151.0,1915901.0,114157.0,16783.0,2573987.0,183137.0,14055.0,2423029.0,145878.0,16610.0,2148162.0,153792.0,13968.0,2032302.0,123402.0,16469.0,,,,,,,,,,,,,,,,,,,,,,,,,,,,,,,,,,,,,,,,,,,,,,,,,,,,,,,,,,,,,,,,,,,,,,,,,,,,,,,,,,,,,,,,,,,,,,,,,,,,,,,,,,,,,,,,,,,,,,,,,,,,,,,,,,,,,,,,,,,,,,,,,,,,,,,,,,,,,,,,,,,,,,,,,,,,,,,,,,,,,,,,,,,,,,,,,,,,,,,,,,,,,,,,,,,,,,,,,,,,,,,,,,,,,,,,,,,,,,,,,,,,,,,,,,,,,,,,,,,,,,,,,,,,,,,,,,,,,,,,
Brønshøj-Husum,1995,327.0,307.0,146.0,128.0,,,,,0.0,0.0,0.0,0.0,0.0,0.0,27.0,18.0,,,,,,,,,0.0,3.0,7.0,8.0,60.0,38.0,129.0,118.0,288.0,332.0,311.0,255.0,188.0,154.0,118.0,63.0,51.0,54.0,8.0,8.0,,,50.0,46.0,91.0,93.0,,,58.0,64.0,107.0,237.0,1980.0,1750.0,1496.0,1297.0,2132.0,2265.0,2269.0,2345.0,2219.0,2203.0,1622.0,1674.0,3696.0,6131.0,,,,,,,,,,,,,,,,,,,,,,,,,,,,,,,1627640.0,116443.0,13978.0,1666830.0,100315.0,16616.0,1835971.0,198892.0,9231.0,1351337.0,154952.0,8721.0,1781745.0,126643.0,14069.0,1986926.0,118693.0,16740.0,2626674.0,188252.0,13953.0,2487209.0,149976.0,16584.0,2184522.0,158207.0,13808.0,2061044.0,125919.0,16368.0,,,,,,,,,,,,,,,,,,,,,,,,,,,,,,,,,,,,,,,,,,,,,,,,,,,,,,,,,,,,,,,,,,,,,,,,,,,,,,,,,,,,,,,,,,,,,,,,,,,,,,,,,,,,,,,,,,,,,,,,,,,,,,,,,,,,,,,,,,,,,,,,,,,,,,,,,,,,,,,,,,,,,,,,,,,,,,,,,,,,,,,,,,,,,,,,,,,,,,,,,,,,,,,,,,,,,,,,,,,,,,,,,,,,,,,,,,,,,,,,,,,,,,,,,,,,,,,,,,,,,,,,,,,,,,,,,,,,,,,,
Brønshøj-Husum,1996,377.0,352.0,148.0,147.0,,,,,0.0,0.0,0.0,0.0,0.0,0.0,30.0,20.0,12.0,17.0,,,,,4.0,3.0,0.0,5.0,7.0,8.0,64.0,39.0,134.0,118.0,310.0,357.0,358.0,293.0,215.0,163.0,126.0,72.0,59.0,56.0,6.0,6.0,14.0,17.0,52.0,54.0,89.0,85.0,108.0,118.0,57.0,71.0,104.0,224.0,1971.0,1772.0,1458.0,1322.0,2075.0,2193.0,2276.0,2396.0,2204.0,2217.0,1664.0,1713.0,3557.0,5939.0,,,,,,,,,,,,,,,,,,,,,,,,,,,,,,,1731156.0,121136.0,14291.0,1747829.0,104230.0,16769.0,1936971.0,198745.0,9746.0,1430834.0,159691.0,8960.0,1880997.0,130825.0,14378.0,2077627.0,122871.0,16909.0,2757230.0,193422.0,14255.0,2590160.0,154905.0,16721.0,2286837.0,162141.0,14104.0,2133681.0,129150.0,16521.0,,,,,,,,,,,,,,,,,,,,,,,,,,,,,,,,,,,,,,,,,,,,,,,,,,,,,,,,,,,,,,,,,,,,,,,,,,,,,,,,,,,,,,,,,,,,,,,,,,,,,,,,,,,,,,,,,,,,,,,,,,,,,,,,,,,,,,,,,,,,,,,,,,,,,,,,,,,,,,,,,,,,,,,,,,,,,,,,,,,,,,,,,,,,,,,,,,,,,,,,,,,,,,,,,,,,,,,,,,,,,,,,,,,,,,,,,,,,,,,,,,,,,,,,,,,,,,,,,,,,,,,,,,,,,,,,,,,,,,,,
Brønshøj-Husum,1997,465.0,450.0,177.0,166.0,45.0,,3.0,,0.0,0.0,0.0,0.0,0.0,0.0,29.0,26.0,16.0,,6.0,,13.0,,5.0,3.0,0.0,,6.0,8.0,97.0,83.0,197.0,145.0,345.0,448.0,463.0,359.0,249.0,201.0,147.0,82.0,68.0,67.0,5.0,5.0,15.0,,62.0,60.0,88.0,92.0,111.0,115.0,63.0,,98.0,223.0,2040.0,1827.0,1450.0,1352.0,2130.0,2174.0,2310.0,2446.0,2264.0,2245.0,1733.0,1776.0,3459.0,5807.0,,,,,,,,,,,,,,,,,,,,,,,,,,,,,,,1800507.0,124319.0,14483.0,1821934.0,107819.0,16898.0,2036903.0,205209.0,9926.0,1518127.0,166809.0,9101.0,1959831.0,134447.0,14577.0,2154841.0,126592.0,17022.0,2865098.0,198318.0,14447.0,2698272.0,160059.0,16858.0,2339903.0,164469.0,14227.0,2188828.0,131706.0,16619.0,,,,,,,,,,,,,,,,,,,,,,,,,,,,,,,,,,,,,,,,,,,,,,,,,,,,,,,,,,,,,,,,,,,,,,,,,,,,,,,,,,,,,,,,,,,,,,,,,,,,,,,,,,,,,,,,,,,,,,,,,,,,,,,,,,,,,,,,,,,,,,,,,,,,,,,,,,,,,,,,,,,,,,,,,,,,,,,,,,,,,,,,,,,,,,,,,,,,,,,,,,,,,,,,,,,,,,,,,,,,,,,,,,,,,,,,,,,,,,,,,,,,,,,,,,,,,,,,,,,,,,,,,,,,,,,,,,,,,,,,
Brønshøj-Husum,1998,541.0,508.0,198.0,187.0,,,,,0.0,,0.0,0.0,0.0,0.0,30.0,20.0,,,,,,,5.0,,,,6.0,9.0,84.0,84.0,207.0,156.0,364.0,487.0,519.0,415.0,268.0,230.0,177.0,107.0,88.0,73.0,5.0,3.0,,,52.0,53.0,93.0,86.0,100.0,120.0,,,97.0,199.0,2044.0,1883.0,1473.0,1353.0,2097.0,2139.0,2375.0,2506.0,2230.0,2186.0,1851.0,1852.0,3363.0,5685.0,,,,,,,,,,,,,,,,,,,,,,,,,,,,,,,1899951.0,130384.0,14572.0,1918865.0,113354.0,16928.0,2181881.0,212929.0,10247.0,1607259.0,171076.0,9395.0,2063470.0,140919.0,14643.0,2262973.0,132702.0,17053.0,3011145.0,206866.0,14556.0,2813264.0,166515.0,16895.0,2450720.0,169412.0,14466.0,2258554.0,134976.0,16733.0,0.0,0.0,3683.0,5713.0,0.0,0.0,0.0,0.0,0.0,0.0,0.0,0.0,0.0,0.0,0.0,0.0,1129.0,3061.0,0.0,0.0,0.0,0.0,104.0,670.0,0.0,0.0,0.0,0.0,0.0,0.0,0.0,0.0,0.0,0.0,0.0,0.0,460.0,1003.0,0.0,0.0,0.0,0.0,24.0,348.0,0.0,0.0,0.0,0.0,0.0,0.0,0.0,0.0,0.0,0.0,0.0,0.0,300.0,1219.0,0.0,0.0,0.0,0.0,3.0,102.0,0.0,0.0,0.0,0.0,0.0,0.0,0.0,0.0,0.0,0.0,0.0,0.0,58.0,340.0,0.0,0.0,,,,,,,,,,,,,,,,,,,,,,,,,,,,,,,,,,,,,,,,,,,,,,,,,,,,,,,,,,,,,,,,,,,,,,,,,,,,,,,,,,,,,,,,,,,,,,,,,,,,,,,,,,,,,,,,,,,,,,,,,,,,,,,,,,,,,,,,,,,,,,,,,,,,,,,,,,,,,,,,,,,,,,,,,,,,,,,,,,,,,,,,,,,,,,,,,,,,,,,,
Brønshøj-Husum,1999,618.0,552.0,206.0,197.0,,,,,0.0,,0.0,0.0,0.0,0.0,33.0,25.0,,,,,,,5.0,,,,5.0,9.0,79.0,91.0,239.0,174.0,390.0,538.0,604.0,465.0,301.0,251.0,187.0,127.0,104.0,83.0,5.0,4.0,,,55.0,63.0,101.0,82.0,92.0,118.0,,,94.0,202.0,2029.0,1871.0,1506.0,1362.0,2036.0,2153.0,2350.0,2466.0,2223.0,2170.0,1920.0,1948.0,3259.0,5533.0,,,,,,,,,,,,,,,,,,,,,,,,,,,,,,,1983933.0,135201.0,14674.0,1984361.0,117265.0,16922.0,2332443.0,223329.0,10444.0,1705268.0,179407.0,9505.0,2150332.0,145765.0,14752.0,2338955.0,137327.0,17032.0,3146720.0,214808.0,14649.0,2902616.0,171874.0,16888.0,2578099.0,177690.0,14509.0,2344140.0,140435.0,16692.0,0.0,0.0,3694.0,5711.0,0.0,0.0,0.0,0.0,0.0,0.0,0.0,0.0,0.0,0.0,0.0,0.0,1163.0,2981.0,0.0,0.0,0.0,0.0,116.0,654.0,0.0,0.0,0.0,0.0,0.0,0.0,0.0,0.0,0.0,0.0,0.0,0.0,429.0,1009.0,0.0,0.0,0.0,0.0,22.0,365.0,0.0,0.0,0.0,0.0,0.0,0.0,0.0,0.0,0.0,0.0,0.0,0.0,291.0,1229.0,0.0,0.0,0.0,0.0,3.0,92.0,0.0,0.0,0.0,0.0,0.0,0.0,0.0,0.0,0.0,0.0,0.0,0.0,59.0,368.0,0.0,0.0,,,,,,,,,,,,,,,,,,,,,,,,,,,,,,,,,,,,,,,,,,,,,,,,,,,,,,,,,,,,,,,,,,,,,,,,,,,,,,,,,,,,,,,,,,,,,,,,,,,,,,,,,,,,,,,,,,,,,,,,,,,,,,,,,,,,,,,,,,,,,,,,,,,,,,,,,,,,,,,,,,,,,,,,,,,,,,,,,,,,,,,,,,,,,,,,,,,,,,,,
Brønshøj-Husum,2000,664.0,594.0,224.0,204.0,,,,,,,0.0,0.0,0.0,0.0,34.0,27.0,27.0,14.0,,,,,,,3.0,4.0,6.0,11.0,75.0,91.0,221.0,172.0,419.0,541.0,655.0,523.0,323.0,266.0,198.0,141.0,116.0,93.0,3.0,7.0,13.0,16.0,64.0,72.0,103.0,96.0,88.0,119.0,96.0,92.0,93.0,189.0,2041.0,1868.0,1511.0,1414.0,2048.0,2123.0,2287.0,2411.0,2244.0,2233.0,1951.0,1960.0,3189.0,5386.0,,,,,,,,,,,,,,,,,,,,,,,,,,,,,,,2070122.0,141103.0,14671.0,2066890.0,122591.0,16860.0,2449856.0,234481.0,10448.0,1815954.0,187502.0,9685.0,2242233.0,151707.0,14780.0,2437161.0,143506.0,16983.0,3294417.0,225198.0,14629.0,3025903.0,179803.0,16829.0,2632872.0,182826.0,14401.0,2393240.0,144301.0,16585.0,0.0,0.0,3658.0,5655.0,0.0,0.0,0.0,0.0,0.0,0.0,0.0,0.0,0.0,0.0,0.0,0.0,1164.0,2907.0,0.0,0.0,0.0,0.0,110.0,657.0,0.0,0.0,0.0,0.0,0.0,0.0,0.0,0.0,0.0,0.0,0.0,0.0,427.0,978.0,0.0,0.0,0.0,0.0,29.0,380.0,0.0,0.0,0.0,0.0,0.0,0.0,0.0,0.0,0.0,0.0,0.0,0.0,305.0,1271.0,0.0,0.0,0.0,0.0,4.0,89.0,0.0,0.0,0.0,0.0,0.0,0.0,0.0,0.0,0.0,0.0,0.0,0.0,66.0,382.0,0.0,0.0,,,,,,,,,,,,,,,,,,,,,,,,,,,,,,,,,,,,,,,,,,,,,,,,,,,,,,,,,,,,,,,,,,,,,,,,,,,,,,,,,,,,,,,,,,,,,,,,,,,,,,,,,,,,,,,,,,,,,,,,,,,,,,,,,,,,,,,,,,,,,,,,,,,,,,,,,,,,,,,,,,,,,,,,,,,,,,,,,,,,,,,,,,,,,,,,,,,,,,,,
Brønshøj-Husum,2001,742.0,658.0,244.0,225.0,,,,,0.0,,0.0,0.0,0.0,0.0,30.0,30.0,27.0,15.0,,,,,8.0,,3.0,3.0,5.0,10.0,66.0,75.0,227.0,215.0,426.0,548.0,713.0,587.0,368.0,300.0,207.0,149.0,138.0,103.0,6.0,7.0,9.0,16.0,61.0,74.0,94.0,90.0,90.0,115.0,91.0,104.0,87.0,180.0,2016.0,1835.0,1553.0,1423.0,2073.0,2177.0,2264.0,2352.0,2240.0,2245.0,1966.0,2001.0,3086.0,5168.0,,,,,,,,,,,,,,,,,,,,,,,,,,,,,,,2144504.0,145449.0,14744.0,2130311.0,127008.0,16773.0,2569741.0,244644.0,10504.0,1913925.0,196320.0,9749.0,2330790.0,156713.0,14873.0,2505790.0,148044.0,16926.0,3431235.0,233831.0,14674.0,3136214.0,187349.0,16740.0,2747336.0,190219.0,14443.0,2478644.0,150513.0,16468.0,0.0,0.0,3621.0,5527.0,0.0,0.0,0.0,0.0,0.0,0.0,0.0,0.0,0.0,0.0,0.0,0.0,1188.0,2846.0,0.0,0.0,0.0,0.0,121.0,661.0,0.0,0.0,0.0,0.0,0.0,0.0,0.0,0.0,0.0,0.0,0.0,0.0,406.0,952.0,0.0,0.0,0.0,0.0,23.0,379.0,0.0,0.0,0.0,0.0,0.0,0.0,0.0,0.0,0.0,0.0,0.0,0.0,297.0,1314.0,0.0,0.0,0.0,0.0,3.0,85.0,0.0,0.0,0.0,0.0,0.0,0.0,0.0,0.0,0.0,0.0,0.0,0.0,72.0,412.0,0.0,0.0,,,,,,,,,,,,,,,,,,,,,,,,,,,,,,,,,,,,,,,,,,,,,,,,,,,,,,,,,,,,,,,,,,,,,,,,,,,,,,,,,,,,,,,,,,,,,,,,,,,,,,,,,,,,,,,,,,,,,,,,,,,,,,,,,,,,,,,,,,,,,,,,,,,,,,,,,,,,,,,,,,,,,,,,,,,,,,,,,,,,,,,,,,,,,,,,,,,,,,,,
Brønshøj-Husum,2002,780.0,716.0,273.0,253.0,117.0,108.0,5.0,,0.0,,0.0,0.0,0.0,0.0,34.0,27.0,24.0,17.0,11.0,12.0,4.0,,9.0,,4.0,3.0,5.0,10.0,63.0,57.0,239.0,217.0,419.0,569.0,734.0,634.0,431.0,334.0,216.0,158.0,142.0,113.0,5.0,6.0,10.0,10.0,78.0,98.0,94.0,82.0,96.0,116.0,91.0,110.0,80.0,185.0,1971.0,1785.0,1614.0,1487.0,2064.0,2133.0,2257.0,2280.0,2196.0,2219.0,2037.0,2035.0,3018.0,5013.0,,,,,,,,,,,,,,,,,,,,,,,,,,,,,,,2247757.0,151589.0,14828.0,2239090.0,134109.0,16696.0,2619227.0,248929.0,10522.0,1979411.0,202829.0,9759.0,2452370.0,164236.0,14932.0,2641711.0,157058.0,16820.0,3520202.0,238254.0,14775.0,3241193.0,194421.0,16671.0,2814950.0,194161.0,14498.0,2549108.0,155718.0,16370.0,0.0,0.0,3713.75,5364.0,0.0,0.0,0.0,0.0,0.0,0.0,0.0,0.0,0.0,0.0,0.0,0.0,1205.25,2792.75,0.0,0.0,0.0,0.0,113.0,648.25,0.0,0.0,0.0,0.0,0.0,0.0,0.0,0.0,0.0,0.0,0.0,0.0,398.5,962.5,0.0,0.0,0.0,0.0,22.75,390.25,0.0,0.0,0.0,0.0,0.0,0.0,0.0,0.0,0.0,0.0,0.0,0.0,279.5,1343.75,0.0,0.0,0.0,0.0,5.25,114.25,0.0,0.0,0.0,0.0,0.0,0.0,0.0,0.0,0.0,0.0,0.0,0.0,68.0,390.0,0.0,0.0,,,,,,,,,,,,,,,,,,,,,,,,,,,,,,,,,,,,,,,,,,,,,,,,,,,,,,,,,,,,,,,,,,,,,,,,,,,,,,,,,,,,,,,,,,,,,,,,,,,,,,,,,,,,,,,,,,,,,,,,,,,,,,,,,,,,,,,,,,,,,,,,,,,,,,,,,,,,,,,,,,,,,,,,,,,,,,,,,,,,,,,,,,,,,,,,,,,,,,,,
Brønshøj-Husum,2003,813.0,772.0,307.0,261.0,130.0,129.0,4.0,,0.0,,0.0,0.0,0.0,0.0,35.0,30.0,24.0,17.0,12.0,12.0,5.0,,9.0,,3.0,3.0,5.0,10.0,52.0,51.0,247.0,228.0,406.0,566.0,774.0,699.0,479.0,339.0,228.0,177.0,153.0,119.0,5.0,5.0,13.0,11.0,59.0,106.0,99.0,75.0,90.0,113.0,95.0,115.0,81.0,176.0,1903.0,1736.0,1629.0,1524.0,2025.0,2094.0,2208.0,2231.0,2165.0,2239.0,2088.0,2014.0,2992.0,4895.0,,,,,,,,,,,,,,,,,,,,,,,,,,,,,,,2326048.0,157187.0,14798.0,2335949.0,140941.0,16574.0,2646535.0,257270.0,10287.0,2050353.0,210034.0,9762.0,2546246.0,170454.0,14938.0,2737575.0,163721.0,16721.0,3571676.0,242213.0,14746.0,3344676.0,202034.0,16555.0,2865529.0,198224.0,14456.0,2631680.0,161870.0,16258.0,0.0,0.0,3738.5,5233.0,0.0,0.0,0.0,0.0,0.0,0.0,0.0,0.0,0.0,0.0,0.0,0.0,1209.0,2742.5,0.0,0.0,0.0,0.0,105.25,677.75,0.0,0.0,0.0,0.0,0.0,0.0,0.0,0.0,0.0,0.0,0.0,0.0,410.25,960.25,0.0,0.0,0.0,0.0,28.0,396.75,0.0,0.0,0.0,0.0,0.0,0.0,0.0,0.0,0.0,0.0,0.0,0.0,268.5,1341.0,0.0,0.0,0.0,0.0,5.5,122.25,0.0,0.0,0.0,0.0,0.0,0.0,0.0,0.0,0.0,0.0,0.0,0.0,63.75,410.0,0.0,0.0,,,,,,,,,,,,,,,,,,,,,,,,,,,,,,,,,,,,,,,,,,,,,,,,,,,,,,,,,,,,,,,,,,,,,,,,,,,,,,,,,,,,,,,,,,,,,,,,,,,,,,,,,,,,,,,,,,,,,,,,,,,,,,,,,,,,,,,,,,,,,,,,,,,,,,,,,,,,,,,,,,,,,,,,,,,,,,,,,,,,,,,,,,,,,,,,,,,,,,,,
Brønshøj-Husum,2004,845.0,792.0,345.0,303.0,148.0,131.0,8.0,,0.0,,0.0,0.0,0.0,0.0,32.0,30.0,,,15.0,11.0,4.0,,8.0,,,,5.0,12.0,39.0,40.0,237.0,210.0,402.0,540.0,762.0,722.0,505.0,376.0,255.0,195.0,170.0,128.0,4.0,7.0,,,62.0,102.0,107.0,82.0,92.0,102.0,,,86.0,169.0,1948.0,1778.0,1658.0,1551.0,1998.0,2051.0,2205.0,2181.0,2137.0,2206.0,2097.0,2079.0,2948.0,4741.0,,,,,,,,,,,,,,,,,,,,,,,,,,,,,,,2438957.0,164694.0,14809.0,2430727.0,147558.0,16473.0,2703095.0,262029.0,10316.0,2097589.0,217479.0,9645.0,2663357.0,178449.0,14925.0,2856177.0,171955.0,16610.0,3655771.0,248185.0,14730.0,3414227.0,207463.0,16457.0,2897618.0,200875.0,14425.0,2663931.0,165113.0,16134.0,0.0,0.0,3843.0,5136.5,0.0,0.0,0.0,0.0,0.0,0.0,0.0,0.0,0.0,0.0,0.0,0.0,1202.75,2646.0,0.0,0.0,0.0,0.0,109.0,694.0,0.0,0.0,0.0,0.0,0.0,0.0,0.0,0.0,0.0,0.0,0.0,0.0,394.0,946.75,0.0,0.0,0.0,0.0,35.25,416.25,0.0,0.0,0.0,0.0,0.0,0.0,0.0,0.0,0.0,0.0,0.0,0.0,276.25,1330.75,0.0,0.0,0.0,0.0,5.75,137.0,0.0,0.0,0.0,0.0,0.0,0.0,0.0,0.0,0.0,0.0,0.0,0.0,62.75,420.0,0.0,0.0,,,,,,,,,,,,,,,,,,,,,,,,,,,,,,,,,,,,,,,,,,,,,,,,,,,,,,,,,,,,,,,,,,,,,,,,,,,,,,,,,,,,,,,,,,,,,,,,,,,,,,,,,,,,,,,,,,,,,,,,,,,,,,,,,,,,,,,,,,,,,,,,,,,,,,,,,,,,,,,,,,,,,,,,,,,,,,,,,,,,,,,,,,,,,,,,,,,,,,,,
Brønshøj-Husum,2005,851.0,809.0,382.0,325.0,155.0,150.0,,,,,0.0,0.0,0.0,0.0,34.0,35.0,,,13.0,8.0,,,,,,,4.0,12.0,41.0,32.0,222.0,219.0,419.0,517.0,791.0,746.0,558.0,409.0,271.0,214.0,198.0,149.0,3.0,8.0,,,62.0,98.0,93.0,94.0,92.0,105.0,,,87.0,166.0,1877.0,1708.0,1677.0,1571.0,1957.0,1953.0,2124.0,2146.0,2166.0,2179.0,2078.0,2061.0,2878.0,4641.0,,,,,,,,,,,,,,,,,,,,,,,,,,,,,,,2537525.0,171640.0,14784.0,2495819.0,152949.0,16318.0,2831843.0,271171.0,10443.0,2155987.0,220561.0,9775.0,2767837.0,185798.0,14897.0,2937335.0,178790.0,16429.0,3783950.0,257342.0,14704.0,3483983.0,213794.0,16296.0,2984384.0,207552.0,14379.0,2704655.0,169741.0,15934.0,0.0,0.0,3967.75,5120.5,0.0,0.0,0.0,0.0,0.0,0.0,0.0,0.0,0.0,0.0,0.0,0.0,1203.25,2606.75,0.0,0.0,0.0,0.0,124.0,673.75,0.0,0.0,0.0,0.0,0.0,0.0,0.0,0.0,0.0,0.0,0.0,0.0,390.75,892.0,0.0,0.0,0.0,0.0,34.0,427.0,0.0,0.0,0.0,0.0,0.0,0.0,0.0,0.0,0.0,0.0,0.0,0.0,267.0,1323.75,0.0,0.0,0.0,0.0,6.25,142.25,0.0,0.0,0.0,0.0,0.0,0.0,0.0,0.0,0.0,0.0,0.0,0.0,64.5,438.0,0.0,0.0,,,,,,,,,,,,,,,,,,,,,,,,,,,,,,,,,,,,,,,,,,,,,,,,,,,,,,,,,,,,,,,,,,,,,,,,,,,,,,,,,,,,,,,,,,,,,,,,,,,,,,,,,,,,,,,,,,,,,,,,,,,,,,,,,,,,,,,,,,,,,,,,,,,,,,,,,,,,,,,,,,,,,,,,,,,,,,,,,,,,,,,,,,,,,,,,,,,,,,,,
Brønshøj-Husum,2006,850.0,798.0,420.0,382.0,147.0,146.0,,,,,0.0,0.0,0.0,0.0,41.0,38.0,31.0,15.0,12.0,8.0,,,,,,,,,35.0,43.0,214.0,186.0,428.0,513.0,768.0,765.0,616.0,461.0,288.0,217.0,211.0,169.0,4.0,9.0,4.0,6.0,77.0,92.0,96.0,99.0,96.0,102.0,,,,,1819.0,1703.0,1683.0,1566.0,1880.0,1844.0,2081.0,2091.0,2171.0,2204.0,2043.0,2050.0,2909.0,4532.0,,,,,,,,,,,,,,,,,,,,,,,,,,,,,,,2627419.0,177121.0,14834.0,2547993.0,157303.0,16198.0,2982063.0,280744.0,10622.0,2261628.0,227780.0,9929.0,2865414.0,192206.0,14908.0,3019351.0,185384.0,16287.0,3957158.0,267502.0,14793.0,3592179.0,222014.0,16180.0,3123431.0,214625.0,14553.0,2783889.0,174791.0,15927.0,0.0,0.0,4010.75,5058.75,0.0,0.0,0.0,0.0,0.0,0.0,0.0,0.0,0.0,0.0,0.0,0.0,1172.5,2557.5,0.0,0.0,0.0,0.0,127.0,678.25,0.0,0.0,0.0,0.0,0.0,0.0,0.0,0.0,0.0,0.0,0.0,0.0,424.75,843.0,0.0,0.0,0.0,0.0,38.25,403.0,0.0,0.0,0.0,0.0,0.0,0.0,0.0,0.0,0.0,0.0,0.0,0.0,277.0,1319.25,0.0,0.0,0.0,0.0,4.0,141.0,0.0,0.0,0.0,0.0,0.0,0.0,0.0,0.0,0.0,0.0,0.0,0.0,67.0,451.5,0.0,0.0,,,,,,,,,,,,,,,,,,,,,,,,,,,,,,,,,,,,,,,,,,,,,,,,,,,,,,,,,,,,,,,,,,,,,,,,,,,,,,,,,,,,,,,,,,,,,,,,,,,,,,,,,,,,,,,,,,,,,,,,,,,,,,,,,,,,,,,,,,,,,,,,,,,,,,,,,,,,,,,,,,,,,,,,,,,,,,,,,,,,,,,,,,,,,,,,,,,,,,,,
Brønshøj-Husum,2007,862.0,803.0,466.0,435.0,156.0,146.0,,,,,0.0,0.0,0.0,0.0,39.0,43.0,,,16.0,15.0,,,,,8.0,3.0,,,35.0,49.0,202.0,186.0,460.0,503.0,770.0,798.0,671.0,503.0,325.0,240.0,229.0,183.0,5.0,8.0,,,95.0,109.0,89.0,105.0,97.0,95.0,98.0,113.0,,,1791.0,1703.0,1702.0,1550.0,1818.0,1814.0,2003.0,2010.0,2113.0,2157.0,2042.0,2014.0,2889.0,4420.0,,,,,,,,,,,,,,,,,,,,,,,,,,,,,,,2661787.0,179705.0,14812.0,2575827.0,160029.0,16096.0,3117358.0,288858.0,10792.0,2354410.0,232971.0,10106.0,2902818.0,195147.0,14875.0,3047707.0,188398.0,16177.0,4115342.0,278742.0,14764.0,3709771.0,230721.0,16079.0,3182703.0,220485.0,14435.0,2825522.0,178683.0,15813.0,0.0,0.0,4003.0,4950.25,0.0,0.0,0.0,0.0,0.0,0.0,0.0,0.0,0.0,0.0,0.0,0.0,1124.75,2515.0,0.0,0.0,0.0,0.0,124.5,701.5,0.0,0.0,0.0,0.0,0.0,0.0,0.0,0.0,0.0,0.0,0.0,0.0,410.75,812.25,0.0,0.0,0.0,0.0,45.25,403.0,0.0,0.0,0.0,0.0,0.0,0.0,0.0,0.0,0.0,0.0,0.0,0.0,276.5,1337.25,0.0,0.0,0.0,0.0,8.25,145.5,0.0,0.0,0.0,0.0,0.0,0.0,0.0,0.0,0.0,0.0,0.0,0.0,62.0,476.5,0.0,0.0,,,,,,,,,,,,,,,,,,,,,,,,,,,,,,,,,,,,,,,,,,,,,,,,,,,,,,,,,,,,,,,,,,,,,,,,,,,,,,,,,,,,,,,,,,,,,,,,,,,,,,,,,,,,,,,,,,,,,,,,,,,,,,,,,,,,,,,,,,,,,,,,,,,,,,,,,,,,,,,,,,,,,,,,,,,,,,,,,,,,,,,,,,,,,,,,,,,,,,,,
Brønshøj-Husum,2008,845.0,807.0,516.0,472.0,172.0,156.0,62.0,53.0,0.0,,0.0,,0.0,0.0,42.0,44.0,,,16.0,12.0,6.0,7.0,10.0,,8.0,,,,33.0,40.0,180.0,191.0,479.0,499.0,752.0,805.0,710.0,537.0,341.0,269.0,257.0,204.0,7.0,9.0,,,134.0,120.0,107.0,126.0,103.0,98.0,94.0,117.0,,,1790.0,1718.0,1698.0,1555.0,1708.0,1769.0,1966.0,1940.0,2104.0,2144.0,2000.0,1963.0,2891.0,4353.0,1115.0,612.0,420.0,273.0,366.0,110.0,52.0,27.0,12.0,21.0,438.0,270.0,222.0,164.0,216.0,96.0,64.0,34.0,23.0,38.0,328.0,154.0,112.0,58.0,76.0,143.0,72.0,25.0,16.0,15.0,2706332.0,182232.0,14851.0,2650258.0,165135.0,16049.0,3269452.0,308614.0,10594.0,2508501.0,250250.0,10024.0,2983113.0,199981.0,14917.0,3113457.0,192831.0,16146.0,4243849.0,286882.0,14793.0,3852992.0,240286.0,16035.0,3256043.0,225332.0,14450.0,2879174.0,183025.0,15731.0,0.0,0.0,3964.75,4863.0,0.0,0.0,0.0,0.0,0.0,0.0,0.0,0.0,0.0,0.0,0.0,0.0,1092.25,2521.5,0.0,0.0,0.0,0.0,140.0,722.25,0.0,0.0,0.0,0.0,0.0,0.0,0.0,0.0,0.0,0.0,0.0,0.0,393.75,860.0,0.0,0.0,0.0,0.0,47.25,404.75,0.0,0.0,0.0,0.0,0.0,0.0,0.0,0.0,0.0,0.0,0.0,0.0,276.0,1317.5,0.0,0.0,0.0,0.0,10.75,133.25,0.0,0.0,0.0,0.0,0.0,0.0,0.0,0.0,0.0,0.0,0.0,0.0,56.75,487.25,0.0,0.0,,,,,,,,,,,,,,,,,,,,,,,,,,,,,,,,,,,,,,,,,,,,,,,,,,,,,,,,,,,,,,,,,,,,,,,,,,,,,,,,,,,,,,,,,,,,,,,,,,,,,,,,,,,,,,,,,,,,,,,,,,,,,,,,,,,,,,,,,,,,,,,,,,,,,,,,,,,,,,,,,,,,,,,,,,,,,,,,,,,,,,,,,,,,,,,,,,,,,,,,
Brønshøj-Husum,2009,824.0,797.0,566.0,522.0,190.0,180.0,,,,,0.0,,0.0,0.0,43.0,49.0,27.0,28.0,25.0,10.0,,,,,7.0,,4.0,9.0,31.0,38.0,161.0,191.0,557.0,552.0,735.0,794.0,771.0,579.0,364.0,289.0,276.0,215.0,16.0,24.0,16.0,17.0,176.0,172.0,151.0,147.0,115.0,107.0,96.0,109.0,107.0,172.0,1796.0,1704.0,1657.0,1567.0,1613.0,1670.0,1953.0,1894.0,2064.0,2133.0,1974.0,1913.0,2910.0,4295.0,1154.0,766.0,536.0,396.0,528.0,97.0,71.0,33.0,27.0,32.0,470.0,331.0,233.0,203.0,275.0,124.0,79.0,42.0,35.0,52.0,323.0,219.0,176.0,106.0,132.0,140.0,66.0,52.0,25.0,37.0,2780594.0,185931.0,14955.0,2731854.0,170549.0,16018.0,3228765.0,309565.0,10430.0,2573695.0,257601.0,9991.0,3069577.0,203999.0,15047.0,3199357.0,198496.0,16118.0,4257536.0,285377.0,14919.0,3934594.0,245974.0,15996.0,3272147.0,224319.0,14587.0,2966460.0,189224.0,15677.0,0.0,0.0,3913.25,4742.75,0.0,0.0,0.0,0.0,0.0,0.0,0.0,0.0,0.0,0.0,0.0,0.0,1040.0,2508.75,0.0,0.0,0.0,0.0,146.25,716.25,0.0,0.0,0.0,0.0,0.0,0.0,0.0,0.0,0.0,0.0,0.0,0.0,393.0,850.5,0.0,0.0,0.0,0.0,52.5,428.25,0.0,0.0,0.0,0.0,0.0,0.0,0.0,0.0,0.0,0.0,0.0,0.0,261.75,1308.25,0.0,0.0,0.0,0.0,11.75,128.5,0.0,0.0,0.0,0.0,0.0,0.0,0.0,0.0,0.0,0.0,0.0,0.0,49.5,482.75,0.0,0.0,,,,,,,,,,,,,,,,,,,,,,,,,,,,,,,,,,,,,,,,,,,,,,,,,,,,,,,,,,,,,,,,,,,,,,,,,,,,,,,,,,,,,,,,,,,,,,,,,,,,,,,,,,,,,,,,,,,,,,,,,,,,,,,,,,,,,,,,,,,,,,,,,,,,,,,,,,,,,,,,,,,,,,,,,,,,,,,,,,,,,,,,,,,,,,,,,,,,,,,,
Brønshøj-Husum,2010,823.0,785.0,609.0,583.0,220.0,200.0,,,,,,,0.0,0.0,50.0,55.0,24.0,28.0,19.0,11.0,,,,,,,5.0,8.0,46.0,55.0,159.0,172.0,569.0,590.0,749.0,790.0,848.0,630.0,391.0,312.0,282.0,225.0,21.0,24.0,14.0,28.0,238.0,207.0,151.0,172.0,130.0,102.0,92.0,112.0,114.0,172.0,1825.0,1738.0,1626.0,1556.0,1547.0,1581.0,1937.0,1896.0,2003.0,2068.0,1979.0,1930.0,2901.0,4188.0,1098.0,843.0,628.0,479.0,765.0,83.0,75.0,51.0,36.0,53.0,423.0,374.0,276.0,211.0,332.0,130.0,80.0,51.0,50.0,76.0,305.0,237.0,184.0,144.0,250.0,157.0,77.0,66.0,38.0,54.0,3048821.0,199818.0,15258.0,2937801.0,181413.0,16194.0,3338316.0,321952.0,10369.0,2637764.0,265904.0,9920.0,3343499.0,217931.0,15342.0,3471611.0,213362.0,16271.0,4469966.0,293478.0,15231.0,4072923.0,251648.0,16185.0,3492923.0,238637.0,14637.0,3115464.0,199428.0,15622.0,0.0,0.0,3834.75,4648.0,0.0,0.0,0.0,0.0,0.0,0.0,0.0,0.0,0.0,0.0,0.0,0.0,1032.0,2495.5,0.0,0.0,0.0,0.0,164.75,706.0,0.0,0.0,0.0,0.0,0.0,0.0,0.0,0.0,0.0,0.0,0.0,0.0,388.5,873.25,0.0,0.0,0.0,0.0,49.0,414.5,0.0,0.0,0.0,0.0,0.0,0.0,0.0,0.0,0.0,0.0,0.0,0.0,265.75,1313.0,0.0,0.0,0.0,0.0,10.5,135.5,0.0,0.0,0.0,0.0,0.0,0.0,0.0,0.0,0.0,0.0,0.0,0.0,52.0,478.0,0.0,0.0,,,,,,,,,,,,,,,,,,,,,,,,,,,,,,,,,,,,,,,,,,,,,,,,,,,,,,,,,,,,,,,,,,,,,,,,,,,,,,,,,,,,,,,,,,,,,,,,,,,,,,,,,,,,,,,,,,,,,,,,,,,,,,,,,,,,,,,,,,,,,,,,,,,,,,,,,,,,,,,,,,,,,,,,,,,,,,,,,,,,,,,,,,,,,,,,,,,,,,,,
Brønshøj-Husum,2011,805.0,786.0,644.0,630.0,235.0,216.0,97.0,96.0,,,0.0,,,,51.0,55.0,,,27.0,13.0,14.0,8.0,,,13.0,,,,63.0,69.0,151.0,139.0,650.0,648.0,757.0,803.0,901.0,673.0,413.0,349.0,318.0,249.0,31.0,30.0,,,298.0,256.0,186.0,199.0,,,112.0,118.0,120.0,174.0,1864.0,1829.0,1609.0,1525.0,1582.0,1571.0,1914.0,1934.0,1996.0,1987.0,1940.0,1920.0,2885.0,4135.0,1141.0,809.0,608.0,463.0,736.0,82.0,64.0,59.0,40.0,53.0,439.0,311.0,223.0,206.0,308.0,128.0,85.0,77.0,38.0,67.0,332.0,248.0,178.0,134.0,248.0,160.0,101.0,71.0,45.0,60.0,3166670.0,204486.0,15486.0,3013945.0,184136.0,16368.0,3443650.0,323256.0,10653.0,2659062.0,264189.0,10065.0,3464184.0,222220.0,15589.0,3580074.0,217528.0,16458.0,4571165.0,295581.0,15465.0,4119416.0,251675.0,16368.0,3608642.0,241139.0,14965.0,3173337.0,200603.0,15819.0,0.0,0.0,3808.5,4521.25,0.0,0.0,0.0,0.0,0.0,0.0,0.0,0.0,0.0,0.0,0.0,0.0,1006.0,2463.5,0.0,0.0,0.0,0.0,148.0,734.75,0.0,0.0,0.0,0.0,0.0,0.0,0.0,0.0,0.0,0.0,0.0,0.0,392.25,912.75,0.0,0.0,0.0,0.0,49.75,408.0,0.0,0.0,0.0,0.0,0.0,0.0,0.0,0.0,0.0,0.0,0.0,0.0,270.5,1356.75,0.0,0.0,0.0,0.0,10.75,144.5,0.0,0.0,0.0,0.0,0.0,0.0,0.0,0.0,0.0,0.0,0.0,0.0,60.0,491.75,0.0,0.0,,,,,,,,,,,,,,,,,,,,,,,,,,,,,,,,,,,,,,,,,,,,,,,,,,,,,,,,,,,,,,,,,,,,,,,,,,,,,,,,,,,,,,,,,,,,,,,,,,,,,,,,,,,,,,,,,,,,,,,,,,,,,,,,,,,,,,,,,,,,,,,,,,,,,,,,,,,,,,,,,,,,,,,,,,,,,,,,,,,,,,,,,,,,,,,,,,,,,,,,
Brønshøj-Husum,2012,817.0,795.0,681.0,679.0,278.0,234.0,118.0,109.0,,,0.0,3.0,,,72.0,73.0,26.0,30.0,25.0,16.0,16.0,6.0,,,14.0,4.0,,,80.0,81.0,142.0,147.0,640.0,678.0,814.0,839.0,898.0,693.0,458.0,369.0,336.0,271.0,43.0,35.0,41.0,38.0,342.0,336.0,206.0,215.0,150.0,137.0,113.0,127.0,124.0,176.0,1922.0,1885.0,1583.0,1539.0,1639.0,1572.0,1884.0,1907.0,1986.0,1970.0,1909.0,1958.0,2941.0,4090.0,1200.0,799.0,612.0,479.0,779.0,107.0,78.0,60.0,46.0,83.0,451.0,291.0,219.0,182.0,302.0,145.0,82.0,59.0,36.0,79.0,350.0,237.0,200.0,161.0,248.0,147.0,111.0,74.0,54.0,67.0,3285443.0,205739.0,15969.0,3131227.0,186516.0,16788.0,3568416.0,324785.0,10987.0,2746623.0,267467.0,10269.0,3594025.0,223648.0,16070.0,3714168.0,220021.0,16881.0,4739860.0,297095.0,15954.0,4274330.0,254637.0,16786.0,3766040.0,243615.0,15459.0,3311215.0,204220.0,16214.0,0.0,0.0,3761.75,4442.5,0.0,0.0,0.0,0.0,0.0,0.0,0.0,0.0,0.0,0.0,0.0,0.0,1041.75,2433.75,0.0,0.0,0.0,0.0,155.5,726.75,0.0,0.0,0.0,0.0,0.0,0.0,0.0,0.0,0.0,0.0,0.0,0.0,377.25,952.25,0.0,0.0,0.0,0.0,53.5,424.0,0.0,0.0,0.0,0.0,0.0,0.0,0.0,0.0,0.0,0.0,0.0,0.0,286.0,1365.0,0.0,0.0,0.0,0.0,8.5,145.5,0.0,0.0,0.0,0.0,0.0,0.0,0.0,0.0,0.0,0.0,0.0,0.0,66.25,512.0,0.0,0.0,,,,,,,,,,,,,,,,,,,,,,,,,,,,,,,,,,,,,,,,,,,,,,,,,,,,,,,,,,,,,,,,,,,,,,,,,,,,,,,,,,,,,,,,,,,,,,,,,,,,,,,,,,,,,,,,,,,,,,,,,,,,,,,,,,,,,,,,,,,,,,,,,,,,,,,,,,,,,,,,,,,,,,,,,,,,,,,,,,,,,,,,,,,,,,,,,,,,,,,,
Brønshøj-Husum,2013,817.0,798.0,708.0,736.0,322.0,302.0,119.0,118.0,5.0,,0.0,,0.0,,78.0,79.0,29.0,32.0,19.0,13.0,15.0,7.0,6.0,,13.0,,5.0,,98.0,102.0,145.0,142.0,647.0,732.0,921.0,840.0,896.0,763.0,501.0,391.0,363.0,288.0,48.0,42.0,45.0,43.0,363.0,354.0,234.0,234.0,152.0,147.0,132.0,125.0,127.0,187.0,1968.0,1949.0,1576.0,1499.0,1748.0,1679.0,1867.0,1860.0,1972.0,1961.0,1884.0,1968.0,2986.0,4054.0,1203.0,830.0,663.0,534.0,735.0,139.0,101.0,64.0,49.0,81.0,359.0,284.0,219.0,213.0,289.0,131.0,87.0,75.0,55.0,68.0,395.0,256.0,208.0,157.0,220.0,179.0,102.0,97.0,60.0,77.0,3396376.0,208060.0,16324.0,3204628.0,189354.0,16924.0,3635619.0,321253.0,11317.0,2779336.0,267347.0,10396.0,3708743.0,225978.0,16412.0,3809869.0,224044.0,17005.0,4851589.0,297735.0,16295.0,4341865.0,256657.0,16917.0,3819564.0,242036.0,15781.0,3338675.0,204952.0,16290.0,0.0,0.0,3710.25,4325.25,0.0,0.0,0.0,0.0,0.0,0.0,0.0,0.0,0.0,0.0,0.0,0.0,1095.5,2405.75,0.0,0.0,0.0,0.0,161.5,696.5,0.0,0.0,0.0,0.0,0.0,0.0,0.0,0.0,0.0,0.0,0.0,0.0,397.25,959.25,0.0,0.0,0.0,0.0,54.5,432.75,0.0,0.0,0.0,0.0,0.0,0.0,0.0,0.0,0.0,0.0,0.0,0.0,290.25,1385.5,0.0,0.0,0.0,0.0,8.75,144.25,0.0,0.0,0.0,0.0,0.0,0.0,0.0,0.0,0.0,0.0,0.0,0.0,73.75,518.75,0.0,0.0,,,,,,,,,,,,,,,,,,,,,,,,,,,,,,,,,,,,,,,,,,,,,,,,,,,,,,,,,,,,,,,,,,,,,,,,,,,,,,,,,,,,,,,,,,,,,,,,,,,,,,,,,,,,,,,,,,,,,,,,,,,,,,,,,,,,,,,,,,,,,,,,,,,,,,,,,,,,,,,,,,,,,,,,,,,,,,,,,,,,,,,,,,,,,,,,,,,,,,,,
Brønshøj-Husum,2014,800.0,824.0,766.0,750.0,359.0,344.0,134.0,123.0,14.0,,0.0,,0.0,0.0,93.0,80.0,28.0,34.0,23.0,17.0,19.0,5.0,5.0,,10.0,,7.0,8.0,131.0,122.0,141.0,144.0,670.0,758.0,1064.0,860.0,922.0,801.0,552.0,416.0,385.0,315.0,40.0,37.0,55.0,52.0,406.0,402.0,258.0,240.0,182.0,187.0,136.0,121.0,134.0,195.0,1946.0,1912.0,1575.0,1501.0,1810.0,1744.0,1792.0,1795.0,1976.0,1922.0,1892.0,1929.0,3009.0,4018.0,1080.0,711.0,568.0,436.0,647.0,124.0,121.0,74.0,57.0,81.0,296.0,176.0,163.0,134.0,214.0,118.0,52.0,52.0,40.0,63.0,331.0,241.0,207.0,151.0,214.0,211.0,121.0,72.0,54.0,75.0,3542543.0,211659.0,16737.0,3307933.0,192590.0,17176.0,3794966.0,321090.0,11819.0,2879333.0,268896.0,10708.0,3859619.0,229644.0,16807.0,3939544.0,228247.0,17260.0,5029250.0,301063.0,16705.0,4458020.0,259685.0,17167.0,3934047.0,243670.0,16145.0,3401399.0,205721.0,16534.0,0.0,0.0,3622.75,4188.75,0.0,0.0,0.0,0.0,0.0,0.0,0.0,0.0,0.0,0.0,0.0,0.0,1102.0,2372.5,0.0,0.0,0.0,0.0,157.5,700.75,0.0,0.0,0.0,0.0,0.0,0.0,0.0,0.0,0.0,0.0,0.0,0.0,389.75,923.5,0.0,0.0,0.0,0.0,48.5,430.75,0.0,0.0,0.0,0.0,0.0,0.0,0.0,0.0,0.0,0.0,0.0,0.0,305.75,1416.75,0.0,0.0,0.0,0.0,9.75,142.75,0.0,0.0,0.0,0.0,0.0,0.0,0.0,0.0,0.0,0.0,0.0,0.0,67.25,514.5,0.0,0.0,,,,,,,,,,,,,,,,,,,,,,,,,,,,,,,,,,,,,,,,,,,,,,,,,,,,,,,,,,,,,,,,,,,,,,,,,,,,,,,,,,,,,,,,,,,,,,,,,,,,,,,,,,,,,,,,,,,,,,,,,,,,,,,,,,,,,,,,,,,,,,,,,,,,,,,,,,,,,,,,,,,,,,,,,,,,,,,,,,,,,,,,,,,,,,,,,,,,,,,,
Brønshøj-Husum,2015,831.0,844.0,796.0,773.0,409.0,409.0,137.0,121.0,22.0,20.0,0.0,,0.0,,98.0,85.0,36.0,35.0,23.0,16.0,21.0,8.0,5.0,6.0,12.0,,6.0,,147.0,144.0,160.0,148.0,712.0,822.0,1217.0,955.0,927.0,823.0,604.0,451.0,418.0,342.0,44.0,39.0,59.0,55.0,447.0,440.0,288.0,294.0,194.0,181.0,147.0,136.0,139.0,192.0,1955.0,1955.0,1547.0,1474.0,1857.0,1830.0,1753.0,1701.0,1916.0,1958.0,1910.0,1887.0,2981.0,3913.0,1176.0,731.0,563.0,413.0,527.0,159.0,120.0,85.0,68.0,68.0,243.0,182.0,166.0,127.0,167.0,111.0,73.0,52.0,33.0,52.0,373.0,240.0,172.0,124.0,168.0,290.0,116.0,88.0,61.0,72.0,3673016.0,216838.0,16939.0,3406511.0,196002.0,17380.0,3954124.0,330474.0,11965.0,3002343.0,275318.0,10905.0,3995662.0,234680.0,17026.0,4053627.0,231861.0,17483.0,5224010.0,309150.0,16898.0,4609124.0,265350.0,17370.0,4056942.0,248892.0,16300.0,3506757.0,210237.0,16680.0,0.0,0.0,3605.75,4150.25,0.0,0.0,0.0,0.0,0.0,0.0,0.0,0.0,0.0,0.0,0.0,0.0,1128.0,2299.5,0.0,0.0,0.0,0.0,162.0,687.0,0.0,0.0,0.0,0.0,0.0,0.0,0.0,0.0,0.0,0.0,0.0,0.0,391.75,922.5,0.0,0.0,0.0,0.0,45.75,434.5,0.0,0.0,0.0,0.0,0.0,0.0,0.0,0.0,0.0,0.0,0.0,0.0,319.75,1437.0,0.0,0.0,0.0,0.0,8.75,141.75,0.0,0.0,0.0,0.0,0.0,0.0,0.0,0.0,0.0,0.0,0.0,0.0,74.5,531.5,0.0,0.0,,,,,,,,,,,,,,,,,,,,,,,,,,,,,,,,,,,,,,,,,,,,,,,,,,,,,,,,,,,,,,,,,,,,,,,,,,,,,,,,,,,,,,,,,,,,,,,,,,,,,,,,,,,,,,,,,,,,,,,,,,,,,,,,,,,,,,,,,,,,,,,,,,,,,,,,,,,,,,,,,,,,,,,,,,,,,,,,,,,,,,,,,,,,,,,,,,,,,,,,
Brønshøj-Husum,2016,854.0,811.0,808.0,809.0,448.0,474.0,152.0,117.0,26.0,33.0,0.0,,0.0,,104.0,88.0,35.0,34.0,27.0,16.0,18.0,9.0,7.0,7.0,13.0,,7.0,,171.0,136.0,144.0,152.0,689.0,824.0,1244.0,1032.0,924.0,834.0,659.0,495.0,440.0,361.0,46.0,37.0,57.0,61.0,479.0,421.0,332.0,323.0,207.0,191.0,150.0,128.0,153.0,191.0,1974.0,1974.0,1539.0,1471.0,1873.0,1884.0,1667.0,1640.0,1938.0,1926.0,1880.0,1937.0,3007.0,3861.0,1157.0,727.0,491.0,337.0,466.0,214.0,157.0,86.0,59.0,56.0,254.0,180.0,125.0,104.0,156.0,87.0,53.0,57.0,24.0,51.0,363.0,210.0,140.0,85.0,147.0,239.0,127.0,83.0,65.0,56.0,3720820.0,219998.0,16913.0,3485536.0,198064.0,17598.0,4024107.0,332159.0,12115.0,3099793.0,277685.0,11163.0,4054902.0,238243.0,17020.0,4148743.0,234472.0,17694.0,5275294.0,312795.0,16865.0,4706449.0,267549.0,17591.0,4129409.0,254415.0,16231.0,3599743.0,213711.0,16844.0,0.0,0.0,3561.75,4134.5,0.0,0.0,0.0,0.0,0.0,0.0,0.0,0.0,0.0,0.0,0.0,0.0,1165.5,2270.0,0.0,0.0,0.0,0.0,172.75,710.5,0.0,0.0,0.0,0.0,0.0,0.0,0.0,0.0,0.0,0.0,0.0,0.0,417.5,903.5,0.0,0.0,0.0,0.0,46.5,432.0,0.0,0.0,0.0,0.0,0.0,0.0,0.0,0.0,0.0,0.0,0.0,0.0,316.0,1423.25,0.0,0.0,0.0,0.0,7.0,141.25,0.0,0.0,0.0,0.0,0.0,0.0,0.0,0.0,0.0,0.0,0.0,0.0,77.75,557.5,0.0,0.0,,,,,,,,,,,,,,,,,,,,,,,,,,,,,,,,,,,,,,,,,,,,,,,,,,,,,,,,,,,,,,,,,,,,,,,,,,,,,,,,,,,,,,,,,,,,,,,,,,,,,,,,,,,,,,,,,,,,,,,,,,,,,,,,,,,,,,,,,,,,,,,,,,,,,,,,,,,,,,,,,,,,,,,,,,,,,,,,,,,,,,,,,,,,,,,,,,,,,,,,
Brønshøj-Husum,2017,877.0,833.0,834.0,784.0,472.0,512.0,150.0,129.0,41.0,39.0,0.0,,0.0,,99.0,91.0,32.0,34.0,26.0,20.0,18.0,11.0,14.0,6.0,11.0,,8.0,,157.0,140.0,149.0,139.0,684.0,789.0,1242.0,1077.0,879.0,862.0,707.0,536.0,477.0,389.0,38.0,31.0,51.0,60.0,474.0,413.0,346.0,322.0,205.0,201.0,156.0,123.0,158.0,197.0,1955.0,1971.0,1569.0,1501.0,1951.0,1994.0,1614.0,1607.0,1881.0,1904.0,1844.0,1923.0,3015.0,3803.0,1127.0,636.0,541.0,360.0,428.0,227.0,135.0,96.0,92.0,73.0,174.0,141.0,130.0,96.0,134.0,83.0,50.0,40.0,36.0,41.0,388.0,176.0,168.0,85.0,117.0,255.0,134.0,107.0,51.0,63.0,3796071.0,223469.0,16987.0,3586764.0,202436.0,17718.0,4104973.0,338248.0,12136.0,3208576.0,279980.0,11460.0,4139907.0,242256.0,17089.0,4267526.0,239574.0,17813.0,5380030.0,317631.0,16938.0,4839560.0,273313.0,17707.0,4195072.0,259484.0,16167.0,3697216.0,218615.0,16912.0,0.0,0.0,3551.25,4055.75,0.0,0.0,0.0,0.0,0.0,0.0,0.0,0.0,0.0,0.0,0.0,0.0,1212.25,2215.75,0.0,0.0,0.0,0.0,174.25,701.75,0.0,0.0,0.0,0.0,0.0,0.0,0.0,0.0,0.0,0.0,0.0,0.0,415.0,921.0,0.0,0.0,0.0,0.0,51.0,426.0,0.0,0.0,0.0,0.0,0.0,0.0,0.0,0.0,0.0,0.0,0.0,0.0,316.0,1399.75,0.0,0.0,0.0,0.0,7.5,151.75,0.0,0.0,0.0,0.0,0.0,0.0,0.0,0.0,0.0,0.0,0.0,0.0,76.0,576.5,0.0,0.0,,,,,,,,,,,,,,,,,,,,,,,,,,,,,,,,,,,,,,,,,,,,,,,,,,,,,,,,,,,,,,,,,,,,,,,,,,,,,,,,,,,,,,,,,,,,,,,,,,,,,,,,,,,,,,,,,,,,,,,,,,,,,,,,,,,,,,,,,,,,,,,,,,,,,,,,,,,,,,,,,,,,,,,,,,,,,,,,,,,,,,,,,,,,,,,,,,,,,,,,
Brønshøj-Husum,2018,870.0,824.0,834.0,770.0,506.0,546.0,151.0,147.0,56.0,53.0,0.0,,0.0,,102.0,99.0,34.0,32.0,24.0,22.0,20.0,13.0,12.0,4.0,9.0,,8.0,,148.0,134.0,165.0,143.0,679.0,760.0,1204.0,1098.0,898.0,877.0,741.0,573.0,519.0,425.0,28.0,24.0,64.0,50.0,444.0,404.0,336.0,315.0,216.0,210.0,156.0,135.0,151.0,200.0,1974.0,1964.0,1560.0,1542.0,1882.0,2044.0,1651.0,1645.0,1855.0,1838.0,1844.0,1908.0,3010.0,3773.0,1051.0,722.0,491.0,302.0,338.0,220.0,133.0,118.0,64.0,75.0,203.0,153.0,124.0,78.0,103.0,91.0,56.0,38.0,36.0,34.0,293.0,226.0,120.0,75.0,81.0,244.0,154.0,91.0,49.0,45.0,3974421.0,231353.0,17179.0,3695256.0,207075.0,17845.0,4332418.0,350236.0,12370.0,3336647.0,287642.0,11600.0,4331286.0,250262.0,17307.0,4416370.0,246120.0,17944.0,5608784.0,327616.0,17120.0,4961537.0,278238.0,17832.0,4297877.0,263366.0,16319.0,3719971.0,218783.0,17003.0,0.0,0.0,3590.75,4020.5,0.0,0.0,0.0,0.0,0.0,0.0,0.0,0.0,0.0,0.0,0.0,0.0,1248.5,2217.75,0.0,0.0,0.0,0.0,172.0,714.25,0.0,0.0,0.0,0.0,0.0,0.0,0.0,0.0,0.0,0.0,0.0,0.0,406.75,929.5,0.0,0.0,0.0,0.0,50.5,399.75,0.0,0.0,0.0,0.0,0.0,0.0,0.0,0.0,0.0,0.0,0.0,0.0,329.5,1404.0,0.0,0.0,0.0,0.0,10.25,142.75,0.0,0.0,0.0,0.0,0.0,0.0,0.0,0.0,0.0,0.0,0.0,0.0,75.0,592.5,0.0,0.0,,,,,,,,,,,,,,,,,,,,,,,,,,,,,,,,,,,,,,,,,,,,,,,,,,,,,,,,,,,,,,,,,,,,,,,,,,,,,,,,,,,,,,,,,,,,,,,,,,,,,,,,,,,,,,,,,,,,,,,,,,,,,,,,,,,,,,,,,,,,,,,,,,,,,,,,,,,,,,,,,,,,,,,,,,,,,,,,,,,,,,,,,,,,,,,,,,,,,,,,
Brønshøj-Husum,2019,867.0,850.0,819.0,750.0,536.0,564.0,167.0,157.0,67.0,62.0,0.0,,0.0,,114.0,111.0,33.0,32.0,21.0,17.0,18.0,14.0,12.0,3.0,9.0,,7.0,,165.0,145.0,172.0,147.0,617.0,743.0,1221.0,1142.0,884.0,876.0,814.0,624.0,532.0,441.0,25.0,25.0,63.0,48.0,425.0,397.0,390.0,348.0,239.0,205.0,160.0,143.0,150.0,193.0,1933.0,1979.0,1639.0,1568.0,1913.0,2060.0,1612.0,1676.0,1859.0,1810.0,1823.0,1894.0,3019.0,3723.0,951.0,697.0,460.0,314.0,340.0,189.0,164.0,111.0,85.0,71.0,177.0,139.0,94.0,64.0,121.0,82.0,42.0,42.0,30.0,24.0,271.0,184.0,116.0,74.0,65.0,232.0,168.0,97.0,61.0,59.0,4106228.0,240482.0,17075.0,3812387.0,214674.0,17759.0,4525457.0,363257.0,12458.0,3515626.0,299661.0,11732.0,4479432.0,260629.0,17187.0,4541356.0,254560.0,17840.0,5839891.0,342918.0,17030.0,5150345.0,290193.0,17748.0,4480050.0,274110.0,16344.0,3884945.0,228782.0,16981.0,0.0,0.0,3636.0,4014.5,0.0,0.0,0.0,0.0,0.0,0.0,0.0,0.0,0.0,0.0,0.0,0.0,1264.5,2206.0,0.0,0.0,0.0,0.0,177.0,710.0,0.0,0.0,0.0,0.0,0.0,0.0,0.0,0.0,0.0,0.0,0.0,0.0,443.75,947.0,0.0,0.0,0.0,0.0,49.25,406.75,0.0,0.0,0.0,0.0,0.0,0.0,0.0,0.0,0.0,0.0,0.0,0.0,328.75,1435.25,0.0,0.0,0.0,0.0,13.5,141.25,0.0,0.0,0.0,0.0,0.0,0.0,0.0,0.0,0.0,0.0,0.0,0.0,85.5,603.5,0.0,0.0,,,,,,,,,,,,,,,,,,,,,,,,,,,,,,,,,,,,,,,,,,,,,,,,,,,,,,,,,,,,,,,,,,,,,,,,,,,,,,,,,,,,,,,,,,,,,,,,,,,,,,,,,,,,,,,,,,,,,,,,,,,,,,,,,,,,,,,,,,,,,,,,,,,,,,,,,,,,,,,,,,,,,,,,,,,,,,,,,,,,,,,,,,,,,,,,,,,,,,,,
Brønshøj-Husum,2020,860.0,830.0,788.0,720.0,543.0,601.0,185.0,169.0,73.0,76.0,0.0,3.0,0.0,3.0,107.0,107.0,34.0,43.0,23.0,16.0,20.0,13.0,15.0,3.0,7.0,4.0,10.0,11.0,145.0,121.0,196.0,168.0,536.0,707.0,1184.0,1114.0,872.0,850.0,827.0,669.0,570.0,480.0,24.0,24.0,53.0,43.0,381.0,387.0,381.0,326.0,228.0,212.0,166.0,138.0,166.0,195.0,1938.0,1991.0,1662.0,1592.0,1844.0,2013.0,1634.0,1670.0,1845.0,1838.0,1790.0,1827.0,3020.0,3693.0,1034.0,708.0,597.0,443.0,501.0,215.0,162.0,142.0,93.0,107.0,192.0,148.0,119.0,124.0,141.0,78.0,43.0,55.0,39.0,34.0,310.0,186.0,160.0,112.0,108.0,239.0,169.0,121.0,75.0,111.0,4280677.0,252846.0,16930.0,3956556.0,224371.0,17634.0,4585892.0,376109.0,12193.0,3638999.0,312226.0,11655.0,4651150.0,272077.0,17095.0,4724170.0,265956.0,17763.0,6063433.0,358486.0,16914.0,5331380.0,302404.0,17630.0,4574317.0,281566.0,16246.0,4015870.0,238062.0,16869.0,0.0,0.0,3734.5,4009.25,0.0,0.0,0.0,0.0,0.0,0.0,0.0,0.0,0.0,0.0,0.0,0.0,1274.25,2188.25,0.0,0.0,0.0,0.0,169.0,707.25,0.0,0.0,0.0,0.0,0.0,0.0,0.0,0.0,0.0,0.0,0.0,0.0,461.0,955.25,0.0,0.0,0.0,0.0,44.0,440.0,0.0,0.0,0.0,0.0,0.0,0.0,0.0,0.0,0.0,0.0,0.0,0.0,344.75,1457.75,0.0,0.0,0.0,0.0,11.5,131.0,0.0,0.0,0.0,0.0,0.0,0.0,0.0,0.0,0.0,0.0,0.0,0.0,84.5,618.25,0.0,0.0,,,,,,,,,,,,,,,,,,,,,,,,,,,,,,,,,,,,,,,,,,,,,,,,,,,,,,,,,,,,,,,,,,,,,,,,,,,,,,,,,,,,,,,,,,,,,,,,,,,,,,,,,,,,,,,,,,,,,,,,,,,,,,,,,,,,,,,,,,,,,,,,,,,,,,,,,,,,,,,,,,,,,,,,,,,,,,,,,,,,,,,,,,,,,,,,,,,,,,,,
Brønshøj-Husum,2021,852.0,811.0,761.0,705.0,623.0,646.0,211.0,192.0,84.0,83.0,0.0,4.0,0.0,3.0,101.0,112.0,36.0,40.0,19.0,19.0,22.0,17.0,12.0,4.0,9.0,4.0,9.0,12.0,140.0,114.0,205.0,174.0,461.0,570.0,1114.0,1110.0,858.0,852.0,845.0,723.0,626.0,525.0,22.0,21.0,47.0,42.0,265.0,324.0,397.0,335.0,218.0,211.0,152.0,144.0,172.0,203.0,1964.0,1957.0,1708.0,1646.0,1802.0,1972.0,1666.0,1675.0,1855.0,1859.0,1740.0,1727.0,2975.0,3625.0,934.0,689.0,536.0,385.0,445.0,211.0,201.0,134.0,82.0,83.0,172.0,137.0,113.0,88.0,132.0,70.0,46.0,49.0,37.0,36.0,237.0,147.0,122.0,91.0,118.0,244.0,158.0,118.0,87.0,76.0,4470515.0,264998.0,16870.0,4112190.0,235980.0,17426.0,4883719.0,387105.0,12616.0,3842704.0,321323.0,11959.0,4893773.0,286588.0,17076.0,4901016.0,278799.0,17579.0,6316139.0,374667.0,16858.0,5541123.0,318108.0,17419.0,4797255.0,297523.0,16124.0,4154551.0,248716.0,16704.0,0.0,0.0,3828.0,4043.75,0.0,0.0,0.0,0.0,0.0,0.0,0.0,0.0,0.0,0.0,0.0,0.0,1296.5,2147.0,0.0,0.0,0.0,0.0,162.75,699.5,0.0,0.0,0.0,0.0,0.0,0.0,0.0,0.0,0.0,0.0,0.0,0.0,455.75,929.75,0.0,0.0,0.0,0.0,38.0,450.5,0.0,0.0,0.0,0.0,0.0,0.0,0.0,0.0,0.0,0.0,0.0,0.0,368.0,1477.0,0.0,0.0,0.0,0.0,11.0,136.5,0.0,0.0,0.0,0.0,0.0,0.0,0.0,0.0,0.0,0.0,0.0,0.0,86.0,616.75,0.0,0.0,,,,,,,,,,,,,,,,,,,,,,,,,,,,,,,,,,,,,,,,,,,,,,,,,,,,,,,,,,,,,,,,,,,,,,,,,,,,,,,,,,,,,,,,,,,,,,,,,,,,,,,,,,,,,,,,,,,,,,,,,,,,,,,,,,,,,,,,,,,,,,,,,,,,,,,,,,,,,,,,,,,,,,,,,,,,,,,,,,,,,,,,,,,,,,,,,,,,,,,,
Brønshøj-Husum,2022,784.0,763.0,698.0,664.0,660.0,682.0,239.0,208.0,90.0,91.0,0.0,4.0,0.0,4.0,74.0,96.0,45.0,50.0,21.0,21.0,22.0,17.0,14.0,3.0,7.0,4.0,10.0,12.0,130.0,104.0,224.0,173.0,424.0,519.0,1070.0,1085.0,891.0,863.0,855.0,734.0,674.0,561.0,22.0,21.0,51.0,50.0,261.0,272.0,391.0,345.0,240.0,222.0,163.0,131.0,175.0,200.0,1980.0,1926.0,1685.0,1663.0,1782.0,1924.0,1716.0,1703.0,1755.0,1791.0,1731.0,1669.0,2953.0,3592.0,1063.0,638.0,380.0,210.0,198.0,268.0,176.0,80.0,59.0,40.0,174.0,123.0,85.0,53.0,58.0,72.0,44.0,22.0,14.0,17.0,257.0,148.0,101.0,44.0,42.0,292.0,147.0,92.0,40.0,41.0,4565502.0,268622.0,16996.0,4102316.0,235508.0,17419.0,5115223.0,398630.0,12832.0,3996836.0,329718.0,12122.0,4945392.0,288934.0,17116.0,4962727.0,283148.0,17527.0,6481354.0,381570.0,16986.0,5555389.0,318964.0,17417.0,4899056.0,300445.0,16306.0,4172071.0,249094.0,16749.0,0.0,0.0,3883.5,4058.5,0.0,0.0,0.0,0.0,0.0,0.0,0.0,0.0,0.0,0.0,0.0,0.0,1288.25,2125.0,0.0,0.0,0.0,0.0,167.75,658.75,0.0,0.0,0.0,0.0,0.0,0.0,0.0,0.0,0.0,0.0,0.0,0.0,448.25,887.5,0.0,0.0,0.0,0.0,40.25,458.0,0.0,0.0,0.0,0.0,0.0,0.0,0.0,0.0,0.0,0.0,0.0,0.0,380.25,1474.75,0.0,0.0,0.0,0.0,5.75,118.75,0.0,0.0,0.0,0.0,0.0,0.0,0.0,0.0,0.0,0.0,0.0,0.0,91.0,608.0,0.0,0.0,,,,,,,,,,,,,,,,,,,,,,,,,,,,,,,,,,,,,,,,,,,,,,,,,,,,,,,,,,,,,,,,,,,,,,,,,,,,,,,,,,,,,,,,,,,,,,,,,,,,,,,,,,,,,,,,,,,,,,,,,,,,,,,,,,,,,,,,,,,,,,,,,,,,,,,,,,,,,,,,,,,,,,,,,,,,,,,,,,,,,,,,,,,,,,,,,,,,,,,,
Brønshøj-Husum,2023,740.0,747.0,666.0,658.0,689.0,703.0,252.0,221.0,99.0,99.0,0.0,5.0,0.0,3.0,75.0,96.0,52.0,50.0,21.0,19.0,17.0,10.0,17.0,7.0,6.0,6.0,11.0,11.0,103.0,106.0,244.0,192.0,448.0,552.0,1012.0,1083.0,918.0,875.0,847.0,755.0,738.0,602.0,24.0,20.0,43.0,35.0,259.0,283.0,365.0,368.0,250.0,226.0,159.0,132.0,190.0,202.0,1958.0,1876.0,1690.0,1677.0,1744.0,1842.0,1758.0,1717.0,1706.0,1749.0,1749.0,1641.0,2951.0,3564.0,975.0,643.0,410.0,210.0,208.0,258.0,163.0,110.0,66.0,38.0,166.0,117.0,75.0,34.0,54.0,62.0,50.0,32.0,23.0,22.0,246.0,155.0,89.0,47.0,42.0,243.0,158.0,104.0,40.0,52.0,4918741.0,289610.0,16984.0,4388937.0,251012.0,17485.0,5417100.0,415709.0,13031.0,4260953.0,344821.0,12357.0,5341947.0,312907.0,17072.0,5347272.0,304168.0,17580.0,6913153.0,408096.0,16940.0,5909320.0,338468.0,17459.0,5119526.0,308833.0,16577.0,4366646.0,254808.0,17137.0,0.0,0.0,3903.5,4038.5,0.0,0.0,0.0,0.0,0.0,0.0,0.0,0.0,0.0,0.0,0.0,0.0,1250.25,2139.75,0.0,0.0,0.0,0.0,162.5,674.75,0.0,0.0,0.0,0.0,0.0,0.0,0.0,0.0,0.0,0.0,0.0,0.0,430.0,874.0,0.0,0.0,0.0,0.0,38.75,427.0,0.0,0.0,0.0,0.0,0.0,0.0,0.0,0.0,0.0,0.0,0.0,0.0,385.0,1492.0,0.0,0.0,0.0,0.0,8.25,118.75,0.0,0.0,0.0,0.0,0.0,0.0,0.0,0.0,0.0,0.0,0.0,0.0,94.5,590.0,0.0,0.0,,,,,,,,,,,,,,,,,,,,,,,,,,,,,,,,,,,,,,,,,,,,,,,,,,,,,,,,,,,,,,,,,,,,,,,,,,,,,,,,,,,,,,,,,,,,,,,,,,,,,,,,,,,,,,,,,,,,,,,,,,,,,,,,,,,,,,,,,,,,,,,,,,,,,,,,,,,,,,,,,,,,,,,,,,,,,,,,,,,,,,,,,,,,,,,,,,,,,,,,
Brønshøj-Husum,2024,691.0,692.0,626.0,626.0,694.0,721.0,288.0,248.0,97.0,101.0,9.0,,0.0,,78.0,91.0,49.0,53.0,22.0,30.0,19.0,13.0,15.0,5.0,6.0,,11.0,,127.0,112.0,287.0,218.0,637.0,654.0,985.0,1068.0,971.0,882.0,846.0,771.0,772.0,644.0,22.0,18.0,41.0,40.0,283.0,278.0,353.0,374.0,260.0,231.0,154.0,145.0,191.0,204.0,1995.0,1881.0,1677.0,1668.0,1760.0,1921.0,1797.0,1784.0,1658.0,1699.0,1759.0,1586.0,2935.0,3557.0,,,,,,,,,,,,,,,,,,,,,,,,,,,,,,,5106510.0,296339.0,17232.0,4557601.0,259678.0,17551.0,5743671.0,431985.0,13296.0,4525211.0,363150.0,12461.0,5548018.0,320824.0,17293.0,5554908.0,315172.0,17625.0,7346095.0,427173.0,17197.0,6271304.0,357727.0,17531.0,5461443.0,324372.0,16837.0,4615613.0,267851.0,17232.0,0.0,0.0,3936.75,4046.75,0.0,0.0,0.0,0.0,0.0,0.0,0.0,0.0,0.0,0.0,0.0,0.0,1229.0,2178.25,0.0,0.0,0.0,0.0,160.5,671.25,0.0,0.0,0.0,0.0,0.0,0.0,0.0,0.0,0.0,0.0,0.0,0.0,429.25,838.5,0.0,0.0,0.0,0.0,41.25,411.5,0.0,0.0,0.0,0.0,0.0,0.0,0.0,0.0,0.0,0.0,0.0,0.0,392.25,1543.5,0.0,0.0,0.0,0.0,11.25,123.25,0.0,0.0,0.0,0.0,0.0,0.0,0.0,0.0,0.0,0.0,0.0,0.0,83.75,591.5,0.0,0.0,,,,,,,,,,,,,,,,,,,,,,,,,,,,,,,,,,,,,,,,,,,,,,,,,,,,,,,,,,,,,,,,,,,,,,,,,,,,,,,,,,,,,,,,,,,,,,,,,,,,,,,,,,,,,,,,,,,,,,,,,,,,,,,,,,,,,,,,,,,,,,,,,,,,,,,,,,,,,,,,,,,,,,,,,,,,,,,,,,,,,,,,,,,,,,,,,,,,,,,,
Brønshøj-Husum,2025,647.0,650.0,624.0,620.0,713.0,703.0,302.0,285.0,101.0,102.0,12.0,,0.0,,80.0,86.0,62.0,59.0,16.0,23.0,18.0,16.0,17.0,8.0,7.0,,12.0,,134.0,114.0,266.0,212.0,751.0,731.0,938.0,1046.0,1013.0,892.0,806.0,781.0,849.0,691.0,17.0,19.0,40.0,36.0,255.0,253.0,359.0,357.0,267.0,244.0,139.0,140.0,208.0,208.0,1942.0,1873.0,1690.0,1673.0,1700.0,1768.0,1789.0,1800.0,1660.0,1642.0,1685.0,1615.0,2934.0,3451.0,,,,,,,,,,,,,,,,,,,,,,,,,,,,,,,,,,,,,,,,,,,,,,,,,,,,,,,,,,,,,,,,,,,,,,,,,,,,,,,,,,,,,,,,,,,,,,,,,,,,,,,,,,,,,,,,,,,,,,,,,,,,,,,,,,,,,,,,,,,,,,,,,,,,,,,,,,,,,,,,,,,,,,,,,,,,,,,,,,,,,,,,,,,,,,,,,,,,,,,,,,,,,,,,,,,,,,,,,,,,,,,,,,,,,,,,,,,,,,,,,,,,,,,,,,,,,,,,,,,,,,,,,,,,,,,,,,,,,,,,,,,,,,,,,,,,,,,,,,,,,,,,,,,,,,,,,,,,,,,,,,,,,,,,,,,,,,,,,,,,
Brønshøj-Husum,2026,,,,,,,,,,,,,,,,,,,,,,,,,,,,,,,,,,,,,,,,,,,,,,,,,,,,,,,,,,,,,,,,,,,,,,,,,,,,,,,,,,,,,,,,,,,,,,,,,,,,,,,,,,,,,,,,,,,,,,,,,,,,,,,,,,,,,,,,,,,,,,,,,,,,,,,,,,,,,,,,,,,,,,,,,,,,,,,,,,,,,,,,,,,,,,,,,,,,,,,,,,,,,,,,,,,271.0,292.0,264.0,280.0,252.0,259.0,282.0,274.0,256.0,284.0,273.0,277.0,299.0,260.0,290.0,345.0,375.0,369.0,394.0,347.0,369.0,393.0,361.0,255.0,332.0,341.0,385.0,369.0,345.0,351.0,368.0,370.0,313.0,345.0,294.0,333.0,337.0,346.0,322.0,290.0,289.0,288.0,296.0,316.0,295.0,288.0,290.0,247.0,299.0,257.0,273.0,232.0,241.0,252.0,243.0,273.0,277.0,285.0,301.0,253.0,239.0,204.0,178.0,227.0,174.0,174.0,183.0,270.0,157.0,165.0,153.0,158.0,130.0,122.0,137.0,117.0,124.0,101.0,323.0,99.0,77.0,85.0,60.0,40.0,37.0,41.0,30.0,22.0,21.0,280.0,30.0,7.0,4.0,13.0,7.0,2.0,3.0,2.0,2.0,2.0,262.0,240.0,270.0,292.0,232.0,257.0,257.0,291.0,275.0,242.0,251.0,267.0,280.0,260.0,316.0,345.0,373.0,349.0,369.0,398.0,383.0,377.0,385.0,269.0,360.0,366.0,375.0,392.0,351.0,367.0,381.0,359.0,349.0,350.0,273.0,324.0,308.0,260.0,288.0,273.0,297.0,297.0,274.0,270.0,301.0,297.0,304.0,297.0,259.0,291.0,220.0,247.0,238.0,243.0,270.0,245.0,297.0,241.0,219.0,257.0,223.0,208.0,215.0,225.0,154.0,179.0,161.0,286.0,148.0,167.0,174.0,180.0,138.0,157.0,104.0,135.0,142.0,139.0,278.0,121.0,111.0,88.0,91.0,72.0,60.0,61.0,48.0,52.0,43.0,289.0,37.0,27.0,28.0,22.0,16.0,10.0,10.0,13.0,6.0,21.0
Brønshøj-Husum,2027,,,,,,,,,,,,,,,,,,,,,,,,,,,,,,,,,,,,,,,,,,,,,,,,,,,,,,,,,,,,,,,,,,,,,,,,,,,,,,,,,,,,,,,,,,,,,,,,,,,,,,,,,,,,,,,,,,,,,,,,,,,,,,,,,,,,,,,,,,,,,,,,,,,,,,,,,,,,,,,,,,,,,,,,,,,,,,,,,,,,,,,,,,,,,,,,,,,,,,,,,,,,,,,,,,,290.0,268.0,277.0,266.0,276.0,249.0,255.0,280.0,274.0,259.0,287.0,282.0,286.0,284.0,292.0,327.0,369.0,369.0,363.0,390.0,346.0,357.0,377.0,284.0,362.0,342.0,333.0,379.0,365.0,342.0,360.0,355.0,367.0,314.0,252.0,342.0,327.0,329.0,337.0,320.0,288.0,286.0,290.0,296.0,307.0,284.0,288.0,291.0,245.0,296.0,257.0,267.0,230.0,238.0,251.0,243.0,278.0,273.0,281.0,294.0,245.0,233.0,200.0,174.0,220.0,169.0,170.0,273.0,177.0,154.0,160.0,148.0,152.0,126.0,117.0,133.0,111.0,118.0,273.0,93.0,94.0,72.0,75.0,54.0,37.0,33.0,37.0,27.0,18.0,317.0,16.0,21.0,5.0,3.0,10.0,4.0,2.0,2.0,1.0,3.0,274.0,253.0,285.0,266.0,281.0,232.0,252.0,253.0,288.0,274.0,243.0,254.0,240.0,287.0,300.0,334.0,366.0,366.0,356.0,393.0,384.0,369.0,367.0,269.0,362.0,356.0,372.0,370.0,385.0,353.0,364.0,378.0,355.0,343.0,268.0,344.0,322.0,307.0,259.0,284.0,271.0,294.0,292.0,272.0,269.0,268.0,293.0,297.0,289.0,261.0,289.0,219.0,247.0,235.0,244.0,264.0,289.0,245.0,242.0,213.0,253.0,217.0,204.0,214.0,217.0,151.0,173.0,294.0,161.0,144.0,164.0,169.0,174.0,135.0,150.0,102.0,130.0,133.0,284.0,132.0,113.0,105.0,81.0,86.0,68.0,57.0,53.0,43.0,43.0,277.0,38.0,30.0,22.0,24.0,17.0,12.0,7.0,8.0,8.0,18.0
Brønshøj-Husum,2028,,,,,,,,,,,,,,,,,,,,,,,,,,,,,,,,,,,,,,,,,,,,,,,,,,,,,,,,,,,,,,,,,,,,,,,,,,,,,,,,,,,,,,,,,,,,,,,,,,,,,,,,,,,,,,,,,,,,,,,,,,,,,,,,,,,,,,,,,,,,,,,,,,,,,,,,,,,,,,,,,,,,,,,,,,,,,,,,,,,,,,,,,,,,,,,,,,,,,,,,,,,,,,,,,,,292.0,289.0,310.0,278.0,261.0,270.0,245.0,253.0,277.0,273.0,260.0,291.0,268.0,289.0,312.0,324.0,352.0,365.0,363.0,370.0,382.0,342.0,355.0,275.0,377.0,367.0,337.0,341.0,375.0,362.0,354.0,352.0,357.0,362.0,278.0,314.0,336.0,320.0,321.0,333.0,315.0,284.0,287.0,290.0,289.0,246.0,298.0,287.0,285.0,246.0,292.0,253.0,263.0,228.0,238.0,250.0,275.0,244.0,270.0,276.0,284.0,239.0,227.0,195.0,170.0,212.0,165.0,273.0,165.0,174.0,149.0,154.0,143.0,146.0,120.0,114.0,125.0,105.0,274.0,109.0,88.0,88.0,64.0,68.0,50.0,33.0,29.0,33.0,22.0,269.0,14.0,12.0,16.0,5.0,3.0,6.0,3.0,1.0,1.0,3.0,277.0,267.0,272.0,279.0,256.0,277.0,227.0,247.0,250.0,284.0,270.0,247.0,255.0,278.0,321.0,320.0,354.0,360.0,369.0,384.0,385.0,372.0,365.0,237.0,351.0,359.0,366.0,373.0,369.0,384.0,351.0,363.0,373.0,349.0,268.0,336.0,339.0,318.0,301.0,255.0,279.0,266.0,289.0,289.0,271.0,262.0,262.0,286.0,289.0,288.0,258.0,285.0,220.0,243.0,234.0,238.0,263.0,262.0,245.0,236.0,212.0,245.0,211.0,202.0,205.0,211.0,147.0,285.0,171.0,155.0,141.0,159.0,163.0,169.0,129.0,145.0,98.0,122.0,289.0,127.0,123.0,107.0,96.0,77.0,81.0,64.0,50.0,48.0,36.0,280.0,38.0,30.0,24.0,19.0,18.0,13.0,9.0,6.0,5.0,18.0
Brønshøj-Husum,2029,,,,,,,,,,,,,,,,,,,,,,,,,,,,,,,,,,,,,,,,,,,,,,,,,,,,,,,,,,,,,,,,,,,,,,,,,,,,,,,,,,,,,,,,,,,,,,,,,,,,,,,,,,,,,,,,,,,,,,,,,,,,,,,,,,,,,,,,,,,,,,,,,,,,,,,,,,,,,,,,,,,,,,,,,,,,,,,,,,,,,,,,,,,,,,,,,,,,,,,,,,,,,,,,,,,294.0,291.0,264.0,309.0,272.0,256.0,265.0,243.0,253.0,276.0,274.0,270.0,287.0,300.0,322.0,345.0,356.0,360.0,364.0,374.0,371.0,370.0,343.0,260.0,361.0,381.0,357.0,346.0,345.0,371.0,372.0,347.0,355.0,355.0,270.0,359.0,312.0,330.0,313.0,318.0,326.0,309.0,283.0,287.0,282.0,268.0,281.0,295.0,280.0,283.0,245.0,285.0,250.0,260.0,228.0,237.0,240.0,249.0,242.0,265.0,267.0,276.0,234.0,221.0,190.0,165.0,205.0,272.0,161.0,162.0,168.0,144.0,148.0,137.0,139.0,117.0,108.0,116.0,274.0,97.0,103.0,83.0,78.0,59.0,62.0,44.0,30.0,26.0,27.0,270.0,18.0,10.0,9.0,13.0,3.0,2.0,4.0,2.0,1.0,3.0,278.0,270.0,275.0,267.0,270.0,253.0,270.0,223.0,244.0,249.0,280.0,272.0,268.0,277.0,324.0,345.0,354.0,359.0,369.0,398.0,381.0,377.0,368.0,250.0,350.0,350.0,368.0,368.0,373.0,371.0,379.0,352.0,361.0,367.0,239.0,343.0,333.0,335.0,312.0,295.0,253.0,273.0,262.0,286.0,286.0,261.0,263.0,256.0,278.0,288.0,284.0,256.0,284.0,218.0,242.0,228.0,256.0,236.0,262.0,239.0,234.0,206.0,239.0,210.0,194.0,201.0,204.0,261.0,146.0,166.0,152.0,137.0,154.0,159.0,160.0,125.0,140.0,93.0,281.0,116.0,119.0,116.0,98.0,91.0,74.0,75.0,56.0,45.0,39.0,285.0,33.0,31.0,25.0,21.0,15.0,14.0,10.0,7.0,4.0,16.0
Brønshøj-Husum,2030,,,,,,,,,,,,,,,,,,,,,,,,,,,,,,,,,,,,,,,,,,,,,,,,,,,,,,,,,,,,,,,,,,,,,,,,,,,,,,,,,,,,,,,,,,,,,,,,,,,,,,,,,,,,,,,,,,,,,,,,,,,,,,,,,,,,,,,,,,,,,,,,,,,,,,,,,,,,,,,,,,,,,,,,,,,,,,,,,,,,,,,,,,,,,,,,,,,,,,,,,,,,,,,,,,,298.0,294.0,266.0,266.0,303.0,268.0,252.0,263.0,243.0,253.0,277.0,282.0,291.0,286.0,329.0,350.0,366.0,357.0,355.0,370.0,370.0,360.0,364.0,277.0,350.0,366.0,368.0,359.0,349.0,346.0,381.0,364.0,352.0,355.0,258.0,354.0,354.0,309.0,324.0,312.0,313.0,320.0,307.0,283.0,279.0,262.0,276.0,280.0,287.0,278.0,280.0,242.0,280.0,248.0,258.0,228.0,261.0,236.0,246.0,239.0,257.0,261.0,269.0,227.0,216.0,185.0,162.0,239.0,200.0,158.0,157.0,161.0,139.0,142.0,131.0,134.0,111.0,101.0,273.0,107.0,92.0,96.0,74.0,70.0,53.0,55.0,39.0,26.0,21.0,270.0,21.0,13.0,8.0,8.0,9.0,2.0,2.0,3.0,1.0,3.0,283.0,272.0,280.0,270.0,259.0,268.0,248.0,263.0,222.0,243.0,249.0,281.0,272.0,299.0,321.0,339.0,366.0,351.0,360.0,391.0,387.0,372.0,372.0,264.0,351.0,349.0,361.0,371.0,371.0,377.0,368.0,379.0,352.0,358.0,253.0,361.0,340.0,330.0,330.0,306.0,292.0,250.0,270.0,261.0,285.0,236.0,279.0,258.0,250.0,278.0,285.0,282.0,257.0,279.0,218.0,236.0,255.0,226.0,237.0,255.0,237.0,228.0,202.0,236.0,202.0,190.0,194.0,254.0,201.0,142.0,163.0,148.0,133.0,149.0,150.0,155.0,121.0,131.0,259.0,89.0,108.0,111.0,106.0,92.0,85.0,66.0,64.0,48.0,36.0,277.0,33.0,26.0,23.0,21.0,15.0,11.0,10.0,7.0,4.0,13.0
Brønshøj-Husum,2031,,,,,,,,,,,,,,,,,,,,,,,,,,,,,,,,,,,,,,,,,,,,,,,,,,,,,,,,,,,,,,,,,,,,,,,,,,,,,,,,,,,,,,,,,,,,,,,,,,,,,,,,,,,,,,,,,,,,,,,,,,,,,,,,,,,,,,,,,,,,,,,,,,,,,,,,,,,,,,,,,,,,,,,,,,,,,,,,,,,,,,,,,,,,,,,,,,,,,,,,,,,,,,,,,,,306.0,301.0,266.0,269.0,263.0,298.0,264.0,252.0,262.0,245.0,256.0,285.0,297.0,297.0,325.0,360.0,378.0,371.0,359.0,370.0,373.0,365.0,362.0,283.0,372.0,362.0,360.0,373.0,363.0,355.0,364.0,375.0,370.0,355.0,276.0,357.0,352.0,349.0,308.0,325.0,309.0,309.0,318.0,306.0,276.0,254.0,273.0,275.0,274.0,284.0,275.0,276.0,241.0,277.0,249.0,258.0,257.0,229.0,234.0,243.0,232.0,253.0,255.0,261.0,222.0,209.0,181.0,258.0,159.0,196.0,154.0,152.0,156.0,135.0,136.0,128.0,127.0,104.0,243.0,93.0,101.0,86.0,86.0,67.0,64.0,47.0,49.0,35.0,21.0,271.0,17.0,15.0,10.0,7.0,6.0,6.0,2.0,2.0,2.0,3.0,290.0,279.0,274.0,277.0,262.0,259.0,264.0,244.0,261.0,223.0,243.0,256.0,277.0,308.0,341.0,343.0,367.0,365.0,360.0,389.0,387.0,381.0,374.0,270.0,362.0,355.0,364.0,369.0,377.0,378.0,378.0,371.0,379.0,352.0,268.0,356.0,360.0,340.0,327.0,324.0,304.0,288.0,249.0,269.0,262.0,251.0,278.0,273.0,253.0,252.0,276.0,283.0,283.0,255.0,278.0,214.0,234.0,234.0,228.0,232.0,253.0,232.0,224.0,202.0,229.0,199.0,185.0,253.0,192.0,196.0,141.0,158.0,144.0,130.0,142.0,146.0,149.0,114.0,253.0,124.0,84.0,102.0,102.0,99.0,87.0,78.0,57.0,57.0,39.0,258.0,31.0,27.0,20.0,20.0,16.0,12.0,8.0,7.0,4.0,12.0
Brønshøj-Husum,2032,,,,,,,,,,,,,,,,,,,,,,,,,,,,,,,,,,,,,,,,,,,,,,,,,,,,,,,,,,,,,,,,,,,,,,,,,,,,,,,,,,,,,,,,,,,,,,,,,,,,,,,,,,,,,,,,,,,,,,,,,,,,,,,,,,,,,,,,,,,,,,,,,,,,,,,,,,,,,,,,,,,,,,,,,,,,,,,,,,,,,,,,,,,,,,,,,,,,,,,,,,,,,,,,,,,307.0,306.0,267.0,268.0,265.0,259.0,291.0,263.0,251.0,262.0,247.0,265.0,302.0,298.0,327.0,356.0,381.0,378.0,365.0,369.0,368.0,361.0,360.0,287.0,368.0,376.0,353.0,363.0,371.0,362.0,370.0,358.0,377.0,370.0,280.0,356.0,354.0,347.0,344.0,308.0,321.0,305.0,307.0,315.0,296.0,270.0,270.0,273.0,270.0,274.0,281.0,271.0,273.0,241.0,276.0,250.0,250.0,260.0,230.0,233.0,238.0,230.0,250.0,251.0,257.0,217.0,206.0,253.0,180.0,160.0,193.0,152.0,149.0,151.0,130.0,133.0,122.0,122.0,259.0,98.0,90.0,96.0,78.0,79.0,64.0,58.0,44.0,46.0,31.0,240.0,18.0,13.0,13.0,9.0,5.0,4.0,5.0,1.0,1.0,4.0,291.0,283.0,255.0,270.0,268.0,261.0,254.0,258.0,242.0,259.0,224.0,249.0,282.0,286.0,342.0,354.0,368.0,363.0,367.0,385.0,380.0,375.0,376.0,273.0,358.0,361.0,365.0,368.0,371.0,380.0,377.0,380.0,370.0,376.0,273.0,349.0,353.0,357.0,335.0,319.0,319.0,298.0,284.0,247.0,268.0,265.0,255.0,273.0,267.0,254.0,250.0,275.0,284.0,280.0,257.0,272.0,247.0,215.0,236.0,223.0,232.0,247.0,229.0,225.0,199.0,225.0,195.0,233.0,186.0,189.0,194.0,140.0,155.0,144.0,127.0,140.0,142.0,142.0,251.0,111.0,120.0,82.0,97.0,100.0,100.0,86.0,75.0,58.0,52.0,250.0,43.0,31.0,27.0,20.0,19.0,15.0,10.0,9.0,6.0,13.0
Brønshøj-Husum,2033,,,,,,,,,,,,,,,,,,,,,,,,,,,,,,,,,,,,,,,,,,,,,,,,,,,,,,,,,,,,,,,,,,,,,,,,,,,,,,,,,,,,,,,,,,,,,,,,,,,,,,,,,,,,,,,,,,,,,,,,,,,,,,,,,,,,,,,,,,,,,,,,,,,,,,,,,,,,,,,,,,,,,,,,,,,,,,,,,,,,,,,,,,,,,,,,,,,,,,,,,,,,,,,,,,,306.0,305.0,237.0,269.0,263.0,261.0,254.0,289.0,262.0,251.0,260.0,256.0,305.0,279.0,326.0,351.0,378.0,379.0,371.0,372.0,365.0,356.0,354.0,291.0,363.0,370.0,361.0,353.0,361.0,367.0,374.0,364.0,362.0,376.0,283.0,369.0,353.0,349.0,342.0,341.0,305.0,316.0,302.0,304.0,304.0,274.0,286.0,267.0,265.0,267.0,269.0,274.0,267.0,270.0,242.0,274.0,264.0,251.0,256.0,226.0,226.0,234.0,226.0,244.0,245.0,249.0,212.0,246.0,203.0,177.0,155.0,186.0,147.0,144.0,145.0,127.0,126.0,116.0,254.0,113.0,93.0,84.0,86.0,70.0,73.0,56.0,53.0,40.0,37.0,254.0,25.0,13.0,10.0,11.0,6.0,3.0,3.0,3.0,1.0,3.0,291.0,283.0,246.0,252.0,261.0,267.0,256.0,249.0,255.0,240.0,255.0,231.0,285.0,277.0,324.0,349.0,377.0,363.0,364.0,390.0,375.0,366.0,367.0,277.0,356.0,355.0,369.0,367.0,369.0,373.0,376.0,378.0,378.0,367.0,276.0,370.0,346.0,351.0,351.0,327.0,315.0,312.0,293.0,280.0,247.0,269.0,260.0,250.0,265.0,266.0,251.0,248.0,275.0,280.0,278.0,250.0,259.0,269.0,216.0,230.0,221.0,226.0,242.0,228.0,218.0,195.0,217.0,245.0,193.0,182.0,186.0,188.0,137.0,151.0,137.0,124.0,135.0,133.0,232.0,134.0,104.0,113.0,76.0,92.0,95.0,91.0,75.0,66.0,47.0,247.0,45.0,35.0,24.0,23.0,16.0,15.0,10.0,8.0,5.0,13.0
Brønshøj-Husum,2034,,,,,,,,,,,,,,,,,,,,,,,,,,,,,,,,,,,,,,,,,,,,,,,,,,,,,,,,,,,,,,,,,,,,,,,,,,,,,,,,,,,,,,,,,,,,,,,,,,,,,,,,,,,,,,,,,,,,,,,,,,,,,,,,,,,,,,,,,,,,,,,,,,,,,,,,,,,,,,,,,,,,,,,,,,,,,,,,,,,,,,,,,,,,,,,,,,,,,,,,,,,,,,,,,,,304.0,304.0,249.0,239.0,264.0,258.0,256.0,252.0,286.0,261.0,250.0,266.0,304.0,269.0,301.0,344.0,367.0,375.0,368.0,375.0,365.0,350.0,347.0,293.0,354.0,362.0,355.0,358.0,350.0,356.0,376.0,364.0,367.0,362.0,286.0,373.0,364.0,348.0,344.0,339.0,335.0,301.0,312.0,299.0,292.0,276.0,292.0,281.0,259.0,262.0,262.0,263.0,268.0,263.0,269.0,242.0,267.0,273.0,248.0,252.0,219.0,222.0,230.0,221.0,239.0,238.0,243.0,259.0,209.0,199.0,172.0,152.0,180.0,142.0,138.0,141.0,120.0,119.0,248.0,107.0,107.0,88.0,75.0,77.0,65.0,65.0,52.0,47.0,33.0,249.0,30.0,18.0,10.0,9.0,8.0,4.0,3.0,2.0,2.0,3.0,288.0,281.0,243.0,243.0,245.0,259.0,261.0,249.0,247.0,253.0,238.0,257.0,284.0,257.0,308.0,332.0,368.0,367.0,361.0,386.0,376.0,358.0,356.0,279.0,345.0,350.0,362.0,369.0,365.0,370.0,368.0,376.0,375.0,374.0,279.0,361.0,365.0,344.0,345.0,341.0,321.0,307.0,306.0,288.0,278.0,271.0,240.0,253.0,243.0,263.0,262.0,249.0,248.0,271.0,278.0,270.0,263.0,248.0,269.0,211.0,228.0,216.0,221.0,241.0,222.0,214.0,190.0,256.0,216.0,189.0,179.0,181.0,182.0,134.0,144.0,134.0,121.0,127.0,243.0,127.0,126.0,98.0,104.0,72.0,88.0,88.0,79.0,67.0,54.0,229.0,42.0,38.0,29.0,22.0,18.0,13.0,11.0,8.0,5.0,13.0
Brønshøj-Husum,2035,,,,,,,,,,,,,,,,,,,,,,,,,,,,,,,,,,,,,,,,,,,,,,,,,,,,,,,,,,,,,,,,,,,,,,,,,,,,,,,,,,,,,,,,,,,,,,,,,,,,,,,,,,,,,,,,,,,,,,,,,,,,,,,,,,,,,,,,,,,,,,,,,,,,,,,,,,,,,,,,,,,,,,,,,,,,,,,,,,,,,,,,,,,,,,,,,,,,,,,,,,,,,,,,,,,304.0,303.0,245.0,251.0,236.0,260.0,254.0,255.0,252.0,284.0,260.0,258.0,304.0,276.0,290.0,321.0,363.0,367.0,369.0,375.0,371.0,353.0,345.0,293.0,351.0,357.0,350.0,354.0,355.0,348.0,368.0,367.0,367.0,368.0,289.0,362.0,368.0,359.0,344.0,342.0,335.0,330.0,299.0,310.0,289.0,280.0,282.0,288.0,272.0,256.0,258.0,257.0,258.0,264.0,262.0,267.0,270.0,244.0,269.0,245.0,244.0,216.0,218.0,224.0,217.0,233.0,234.0,263.0,239.0,206.0,194.0,168.0,148.0,174.0,137.0,135.0,134.0,115.0,261.0,110.0,102.0,100.0,79.0,69.0,71.0,58.0,59.0,47.0,39.0,245.0,26.0,22.0,15.0,9.0,6.0,5.0,4.0,2.0,1.0,4.0,289.0,281.0,226.0,239.0,236.0,244.0,254.0,255.0,247.0,245.0,251.0,242.0,284.0,275.0,289.0,317.0,358.0,362.0,368.0,386.0,375.0,362.0,352.0,280.0,339.0,343.0,359.0,364.0,370.0,367.0,366.0,370.0,373.0,373.0,282.0,369.0,358.0,362.0,338.0,337.0,337.0,314.0,302.0,301.0,286.0,275.0,269.0,234.0,246.0,242.0,260.0,260.0,250.0,245.0,269.0,270.0,266.0,267.0,249.0,262.0,211.0,223.0,211.0,221.0,234.0,218.0,208.0,261.0,189.0,211.0,186.0,175.0,176.0,177.0,128.0,140.0,130.0,114.0,255.0,122.0,119.0,118.0,91.0,98.0,70.0,82.0,77.0,71.0,56.0,240.0,49.0,36.0,31.0,25.0,17.0,15.0,9.0,9.0,5.0,12.0
Brønshøj-Husum,2036,,,,,,,,,,,,,,,,,,,,,,,,,,,,,,,,,,,,,,,,,,,,,,,,,,,,,,,,,,,,,,,,,,,,,,,,,,,,,,,,,,,,,,,,,,,,,,,,,,,,,,,,,,,,,,,,,,,,,,,,,,,,,,,,,,,,,,,,,,,,,,,,,,,,,,,,,,,,,,,,,,,,,,,,,,,,,,,,,,,,,,,,,,,,,,,,,,,,,,,,,,,,,,,,,,,306.0,305.0,242.0,248.0,247.0,234.0,256.0,253.0,255.0,252.0,283.0,268.0,305.0,270.0,291.0,314.0,345.0,368.0,364.0,381.0,374.0,362.0,351.0,295.0,353.0,358.0,347.0,352.0,355.0,355.0,362.0,361.0,371.0,368.0,291.0,369.0,360.0,365.0,356.0,344.0,339.0,331.0,328.0,299.0,300.0,284.0,280.0,279.0,279.0,268.0,252.0,253.0,253.0,255.0,262.0,261.0,275.0,268.0,242.0,266.0,238.0,239.0,212.0,213.0,221.0,212.0,229.0,267.0,231.0,235.0,201.0,189.0,163.0,144.0,167.0,134.0,129.0,127.0,266.0,107.0,105.0,96.0,90.0,72.0,64.0,63.0,53.0,53.0,38.0,259.0,31.0,19.0,17.0,13.0,7.0,4.0,4.0,2.0,1.0,4.0,291.0,283.0,238.0,224.0,232.0,236.0,241.0,249.0,253.0,246.0,245.0,255.0,286.0,264.0,300.0,304.0,347.0,359.0,366.0,396.0,379.0,365.0,359.0,282.0,339.0,340.0,354.0,364.0,368.0,374.0,366.0,370.0,369.0,372.0,283.0,369.0,368.0,356.0,357.0,332.0,334.0,330.0,310.0,299.0,300.0,279.0,278.0,263.0,229.0,246.0,240.0,258.0,261.0,247.0,244.0,262.0,270.0,268.0,268.0,243.0,260.0,206.0,218.0,211.0,215.0,230.0,212.0,264.0,207.0,186.0,208.0,181.0,170.0,172.0,169.0,126.0,136.0,123.0,260.0,110.0,115.0,112.0,109.0,86.0,94.0,66.0,72.0,70.0,59.0,253.0,50.0,42.0,30.0,28.0,20.0,14.0,11.0,8.0,6.0,13.0
Brønshøj-Husum,2037,,,,,,,,,,,,,,,,,,,,,,,,,,,,,,,,,,,,,,,,,,,,,,,,,,,,,,,,,,,,,,,,,,,,,,,,,,,,,,,,,,,,,,,,,,,,,,,,,,,,,,,,,,,,,,,,,,,,,,,,,,,,,,,,,,,,,,,,,,,,,,,,,,,,,,,,,,,,,,,,,,,,,,,,,,,,,,,,,,,,,,,,,,,,,,,,,,,,,,,,,,,,,,,,,,,302.0,304.0,255.0,245.0,243.0,243.0,230.0,254.0,252.0,254.0,252.0,288.0,305.0,277.0,282.0,306.0,334.0,345.0,360.0,370.0,374.0,359.0,354.0,294.0,353.0,355.0,344.0,345.0,349.0,351.0,364.0,353.0,363.0,370.0,291.0,367.0,366.0,356.0,359.0,354.0,339.0,334.0,328.0,325.0,289.0,284.0,290.0,276.0,270.0,274.0,262.0,246.0,248.0,249.0,253.0,260.0,278.0,260.0,264.0,239.0,257.0,234.0,235.0,208.0,209.0,215.0,209.0,271.0,226.0,228.0,229.0,196.0,183.0,159.0,139.0,163.0,128.0,123.0,269.0,118.0,102.0,99.0,87.0,81.0,67.0,57.0,58.0,48.0,44.0,262.0,31.0,23.0,16.0,15.0,9.0,4.0,4.0,3.0,1.0,4.0,287.0,282.0,249.0,235.0,218.0,231.0,231.0,236.0,246.0,251.0,245.0,249.0,285.0,271.0,287.0,305.0,331.0,343.0,359.0,388.0,383.0,363.0,357.0,281.0,340.0,335.0,347.0,354.0,363.0,368.0,369.0,366.0,367.0,366.0,284.0,367.0,366.0,365.0,350.0,348.0,328.0,326.0,324.0,305.0,296.0,279.0,290.0,271.0,255.0,228.0,242.0,238.0,258.0,256.0,246.0,238.0,273.0,260.0,268.0,261.0,241.0,253.0,203.0,218.0,205.0,211.0,223.0,268.0,211.0,203.0,184.0,202.0,176.0,167.0,164.0,165.0,123.0,128.0,263.0,118.0,103.0,109.0,104.0,103.0,83.0,87.0,58.0,65.0,58.0,257.0,53.0,43.0,35.0,28.0,22.0,16.0,11.0,9.0,5.0,13.0
Brønshøj-Husum,2038,,,,,,,,,,,,,,,,,,,,,,,,,,,,,,,,,,,,,,,,,,,,,,,,,,,,,,,,,,,,,,,,,,,,,,,,,,,,,,,,,,,,,,,,,,,,,,,,,,,,,,,,,,,,,,,,,,,,,,,,,,,,,,,,,,,,,,,,,,,,,,,,,,,,,,,,,,,,,,,,,,,,,,,,,,,,,,,,,,,,,,,,,,,,,,,,,,,,,,,,,,,,,,,,,,,300.0,301.0,258.0,257.0,241.0,239.0,238.0,229.0,253.0,251.0,254.0,260.0,304.0,295.0,285.0,298.0,323.0,336.0,338.0,366.0,364.0,360.0,351.0,294.0,357.0,355.0,341.0,343.0,343.0,345.0,361.0,355.0,355.0,363.0,290.0,367.0,363.0,361.0,352.0,357.0,349.0,334.0,331.0,325.0,313.0,284.0,279.0,285.0,267.0,265.0,267.0,255.0,241.0,244.0,247.0,251.0,278.0,258.0,257.0,260.0,232.0,252.0,230.0,229.0,204.0,204.0,212.0,274.0,207.0,224.0,222.0,223.0,191.0,177.0,153.0,136.0,155.0,122.0,272.0,114.0,113.0,96.0,89.0,79.0,75.0,59.0,52.0,52.0,40.0,265.0,36.0,23.0,19.0,14.0,11.0,6.0,4.0,2.0,2.0,4.0,285.0,279.0,253.0,246.0,228.0,217.0,227.0,226.0,234.0,245.0,249.0,248.0,284.0,267.0,292.0,295.0,330.0,329.0,343.0,383.0,375.0,366.0,355.0,281.0,338.0,337.0,343.0,348.0,354.0,364.0,364.0,369.0,363.0,364.0,283.0,361.0,364.0,364.0,359.0,342.0,343.0,321.0,321.0,319.0,302.0,280.0,286.0,282.0,262.0,253.0,225.0,240.0,239.0,254.0,255.0,239.0,274.0,236.0,260.0,261.0,259.0,236.0,247.0,203.0,211.0,202.0,205.0,271.0,222.0,207.0,201.0,180.0,197.0,173.0,159.0,160.0,159.0,116.0,266.0,123.0,111.0,98.0,101.0,99.0,98.0,77.0,77.0,53.0,54.0,260.0,53.0,46.0,37.0,31.0,22.0,18.0,12.0,9.0,6.0,13.0
Brønshøj-Husum,2039,,,,,,,,,,,,,,,,,,,,,,,,,,,,,,,,,,,,,,,,,,,,,,,,,,,,,,,,,,,,,,,,,,,,,,,,,,,,,,,,,,,,,,,,,,,,,,,,,,,,,,,,,,,,,,,,,,,,,,,,,,,,,,,,,,,,,,,,,,,,,,,,,,,,,,,,,,,,,,,,,,,,,,,,,,,,,,,,,,,,,,,,,,,,,,,,,,,,,,,,,,,,,,,,,,,297.0,298.0,261.0,261.0,253.0,237.0,235.0,236.0,229.0,253.0,251.0,262.0,301.0,270.0,298.0,298.0,318.0,324.0,330.0,345.0,360.0,350.0,353.0,293.0,354.0,359.0,341.0,340.0,340.0,339.0,355.0,352.0,356.0,355.0,290.0,361.0,363.0,358.0,357.0,350.0,352.0,344.0,332.0,329.0,314.0,284.0,302.0,276.0,276.0,262.0,259.0,260.0,249.0,237.0,243.0,246.0,278.0,251.0,254.0,253.0,252.0,228.0,247.0,225.0,225.0,199.0,201.0,274.0,210.0,206.0,218.0,217.0,216.0,185.0,171.0,150.0,130.0,147.0,275.0,114.0,110.0,106.0,87.0,81.0,73.0,66.0,55.0,48.0,42.0,269.0,33.0,27.0,19.0,17.0,10.0,7.0,5.0,3.0,1.0,4.0,282.0,277.0,256.0,250.0,239.0,228.0,213.0,222.0,225.0,233.0,243.0,252.0,281.0,264.0,289.0,298.0,321.0,325.0,330.0,366.0,370.0,358.0,358.0,280.0,336.0,335.0,344.0,345.0,348.0,355.0,359.0,364.0,366.0,360.0,283.0,359.0,358.0,361.0,358.0,350.0,338.0,336.0,316.0,316.0,316.0,279.0,292.0,279.0,272.0,260.0,249.0,224.0,240.0,235.0,252.0,248.0,274.0,237.0,236.0,253.0,259.0,252.0,231.0,246.0,198.0,208.0,196.0,271.0,205.0,218.0,205.0,197.0,176.0,193.0,165.0,156.0,156.0,150.0,269.0,112.0,116.0,105.0,91.0,96.0,94.0,91.0,68.0,69.0,45.0,263.0,49.0,45.0,39.0,33.0,25.0,18.0,14.0,10.0,6.0,14.0
Brønshøj-Husum,2040,,,,,,,,,,,,,,,,,,,,,,,,,,,,,,,,,,,,,,,,,,,,,,,,,,,,,,,,,,,,,,,,,,,,,,,,,,,,,,,,,,,,,,,,,,,,,,,,,,,,,,,,,,,,,,,,,,,,,,,,,,,,,,,,,,,,,,,,,,,,,,,,,,,,,,,,,,,,,,,,,,,,,,,,,,,,,,,,,,,,,,,,,,,,,,,,,,,,,,,,,,,,,,,,,,,294.0,296.0,265.0,264.0,257.0,249.0,233.0,233.0,235.0,230.0,253.0,258.0,299.0,271.0,274.0,309.0,317.0,320.0,318.0,337.0,339.0,347.0,343.0,290.0,356.0,356.0,345.0,340.0,338.0,337.0,349.0,346.0,354.0,356.0,289.0,353.0,357.0,358.0,353.0,356.0,346.0,347.0,341.0,330.0,317.0,284.0,303.0,298.0,268.0,272.0,257.0,252.0,254.0,245.0,235.0,241.0,278.0,245.0,247.0,250.0,245.0,248.0,225.0,241.0,221.0,219.0,196.0,274.0,199.0,208.0,201.0,214.0,211.0,210.0,179.0,167.0,143.0,125.0,276.0,137.0,109.0,104.0,96.0,79.0,75.0,65.0,61.0,50.0,39.0,272.0,34.0,24.0,22.0,16.0,12.0,6.0,6.0,3.0,2.0,4.0,279.0,274.0,260.0,253.0,243.0,239.0,223.0,209.0,220.0,224.0,233.0,246.0,279.0,265.0,284.0,298.0,325.0,320.0,326.0,353.0,354.0,354.0,350.0,277.0,339.0,333.0,343.0,346.0,345.0,349.0,350.0,359.0,362.0,363.0,282.0,355.0,356.0,355.0,355.0,349.0,346.0,330.0,330.0,311.0,313.0,279.0,306.0,284.0,270.0,270.0,256.0,246.0,224.0,236.0,234.0,245.0,274.0,245.0,237.0,230.0,251.0,252.0,247.0,231.0,239.0,195.0,202.0,272.0,195.0,201.0,216.0,201.0,192.0,173.0,184.0,161.0,152.0,147.0,270.0,144.0,106.0,110.0,98.0,87.0,92.0,88.0,80.0,62.0,58.0,266.0,41.0,43.0,39.0,35.0,26.0,20.0,14.0,11.0,6.0,14.0
Brønshøj-Husum,2041,,,,,,,,,,,,,,,,,,,,,,,,,,,,,,,,,,,,,,,,,,,,,,,,,,,,,,,,,,,,,,,,,,,,,,,,,,,,,,,,,,,,,,,,,,,,,,,,,,,,,,,,,,,,,,,,,,,,,,,,,,,,,,,,,,,,,,,,,,,,,,,,,,,,,,,,,,,,,,,,,,,,,,,,,,,,,,,,,,,,,,,,,,,,,,,,,,,,,,,,,,,,,,,,,,,290.0,293.0,268.0,268.0,260.0,253.0,245.0,232.0,233.0,235.0,232.0,260.0,296.0,267.0,272.0,288.0,328.0,321.0,316.0,325.0,332.0,327.0,340.0,288.0,346.0,358.0,342.0,344.0,338.0,335.0,347.0,341.0,348.0,354.0,286.0,354.0,349.0,352.0,353.0,352.0,352.0,341.0,345.0,339.0,319.0,283.0,307.0,299.0,288.0,264.0,266.0,250.0,246.0,249.0,242.0,234.0,278.0,240.0,242.0,243.0,242.0,241.0,243.0,220.0,236.0,217.0,216.0,274.0,195.0,197.0,203.0,197.0,208.0,205.0,202.0,176.0,159.0,137.0,276.0,117.0,131.0,104.0,94.0,88.0,74.0,67.0,60.0,55.0,41.0,272.0,32.0,25.0,20.0,19.0,12.0,8.0,6.0,4.0,2.0,5.0,276.0,272.0,263.0,257.0,246.0,243.0,235.0,219.0,208.0,219.0,225.0,238.0,277.0,258.0,281.0,292.0,328.0,324.0,322.0,347.0,342.0,339.0,347.0,275.0,332.0,336.0,341.0,345.0,346.0,346.0,345.0,351.0,357.0,359.0,280.0,358.0,352.0,353.0,350.0,347.0,345.0,339.0,325.0,325.0,309.0,278.0,304.0,297.0,275.0,268.0,266.0,253.0,246.0,220.0,234.0,228.0,273.0,243.0,245.0,231.0,229.0,245.0,247.0,246.0,225.0,235.0,190.0,271.0,201.0,192.0,199.0,211.0,196.0,189.0,166.0,180.0,157.0,143.0,270.0,141.0,135.0,101.0,102.0,93.0,83.0,85.0,77.0,72.0,52.0,267.0,52.0,36.0,36.0,35.0,28.0,22.0,16.0,11.0,7.0,15.0
Brønshøj-Husum,2042,,,,,,,,,,,,,,,,,,,,,,,,,,,,,,,,,,,,,,,,,,,,,,,,,,,,,,,,,,,,,,,,,,,,,,,,,,,,,,,,,,,,,,,,,,,,,,,,,,,,,,,,,,,,,,,,,,,,,,,,,,,,,,,,,,,,,,,,,,,,,,,,,,,,,,,,,,,,,,,,,,,,,,,,,,,,,,,,,,,,,,,,,,,,,,,,,,,,,,,,,,,,,,,,,,,287.0,290.0,268.0,271.0,263.0,256.0,248.0,244.0,232.0,233.0,235.0,241.0,293.0,268.0,265.0,283.0,311.0,332.0,317.0,325.0,321.0,321.0,322.0,286.0,344.0,349.0,345.0,341.0,342.0,335.0,345.0,339.0,343.0,347.0,284.0,352.0,350.0,345.0,348.0,351.0,347.0,347.0,339.0,342.0,327.0,281.0,308.0,303.0,290.0,284.0,259.0,259.0,244.0,242.0,246.0,239.0,277.0,233.0,237.0,238.0,235.0,237.0,237.0,238.0,217.0,231.0,214.0,274.0,214.0,193.0,193.0,199.0,193.0,203.0,198.0,198.0,168.0,152.0,276.0,129.0,112.0,123.0,94.0,86.0,82.0,66.0,61.0,55.0,45.0,273.0,34.0,24.0,21.0,17.0,14.0,8.0,7.0,4.0,2.0,5.0,273.0,269.0,263.0,259.0,249.0,245.0,238.0,230.0,217.0,208.0,218.0,230.0,274.0,250.0,273.0,288.0,323.0,328.0,326.0,344.0,336.0,328.0,332.0,273.0,330.0,329.0,344.0,343.0,345.0,347.0,342.0,346.0,348.0,354.0,278.0,354.0,355.0,349.0,347.0,342.0,343.0,338.0,333.0,320.0,322.0,276.0,300.0,296.0,288.0,273.0,263.0,262.0,252.0,241.0,220.0,228.0,273.0,226.0,243.0,239.0,230.0,223.0,240.0,246.0,239.0,221.0,228.0,271.0,190.0,197.0,190.0,195.0,206.0,193.0,181.0,163.0,175.0,148.0,270.0,138.0,133.0,128.0,94.0,97.0,90.0,78.0,76.0,70.0,60.0,268.0,47.0,45.0,31.0,33.0,28.0,23.0,17.0,13.0,8.0,17.0
Brønshøj-Husum,2043,,,,,,,,,,,,,,,,,,,,,,,,,,,,,,,,,,,,,,,,,,,,,,,,,,,,,,,,,,,,,,,,,,,,,,,,,,,,,,,,,,,,,,,,,,,,,,,,,,,,,,,,,,,,,,,,,,,,,,,,,,,,,,,,,,,,,,,,,,,,,,,,,,,,,,,,,,,,,,,,,,,,,,,,,,,,,,,,,,,,,,,,,,,,,,,,,,,,,,,,,,,,,,,,,,,284.0,286.0,269.0,272.0,266.0,260.0,251.0,247.0,244.0,233.0,233.0,242.0,290.0,252.0,263.0,275.0,307.0,318.0,329.0,326.0,321.0,310.0,316.0,283.0,325.0,347.0,336.0,344.0,339.0,340.0,346.0,337.0,342.0,343.0,282.0,346.0,348.0,345.0,341.0,346.0,347.0,343.0,345.0,338.0,331.0,279.0,317.0,305.0,293.0,286.0,278.0,253.0,254.0,240.0,239.0,243.0,275.0,238.0,229.0,233.0,230.0,231.0,233.0,232.0,234.0,212.0,227.0,273.0,212.0,212.0,189.0,189.0,194.0,188.0,196.0,194.0,189.0,160.0,276.0,142.0,124.0,107.0,112.0,86.0,80.0,73.0,62.0,56.0,45.0,273.0,37.0,26.0,20.0,18.0,13.0,9.0,7.0,5.0,2.0,6.0,270.0,266.0,264.0,260.0,252.0,249.0,241.0,233.0,228.0,217.0,208.0,222.0,271.0,242.0,266.0,281.0,319.0,324.0,332.0,349.0,333.0,322.0,322.0,271.0,316.0,327.0,337.0,346.0,343.0,347.0,344.0,343.0,344.0,346.0,276.0,349.0,351.0,352.0,343.0,339.0,338.0,336.0,333.0,329.0,318.0,274.0,312.0,292.0,287.0,286.0,269.0,260.0,262.0,248.0,240.0,214.0,271.0,226.0,226.0,236.0,237.0,224.0,219.0,239.0,239.0,234.0,215.0,270.0,227.0,187.0,195.0,186.0,190.0,202.0,185.0,177.0,159.0,165.0,270.0,143.0,130.0,126.0,119.0,90.0,93.0,84.0,69.0,69.0,59.0,268.0,55.0,41.0,39.0,29.0,27.0,23.0,18.0,14.0,9.0,18.0
Brønshøj-Husum,2044,,,,,,,,,,,,,,,,,,,,,,,,,,,,,,,,,,,,,,,,,,,,,,,,,,,,,,,,,,,,,,,,,,,,,,,,,,,,,,,,,,,,,,,,,,,,,,,,,,,,,,,,,,,,,,,,,,,,,,,,,,,,,,,,,,,,,,,,,,,,,,,,,,,,,,,,,,,,,,,,,,,,,,,,,,,,,,,,,,,,,,,,,,,,,,,,,,,,,,,,,,,,,,,,,,,281.0,284.0,269.0,272.0,268.0,263.0,255.0,250.0,247.0,244.0,233.0,240.0,288.0,249.0,248.0,272.0,301.0,316.0,317.0,338.0,323.0,311.0,305.0,281.0,320.0,329.0,334.0,336.0,343.0,337.0,351.0,338.0,340.0,342.0,280.0,341.0,342.0,344.0,341.0,339.0,342.0,342.0,341.0,344.0,327.0,277.0,320.0,313.0,295.0,290.0,280.0,271.0,248.0,250.0,238.0,237.0,274.0,242.0,234.0,226.0,226.0,226.0,227.0,227.0,227.0,228.0,210.0,272.0,225.0,211.0,207.0,186.0,185.0,189.0,183.0,193.0,186.0,180.0,275.0,150.0,137.0,118.0,97.0,102.0,81.0,72.0,68.0,56.0,46.0,273.0,38.0,28.0,21.0,17.0,13.0,8.0,8.0,5.0,3.0,6.0,267.0,263.0,264.0,261.0,253.0,252.0,245.0,236.0,232.0,228.0,217.0,213.0,269.0,231.0,259.0,276.0,314.0,322.0,328.0,356.0,338.0,320.0,316.0,269.0,306.0,314.0,336.0,339.0,346.0,345.0,343.0,345.0,342.0,342.0,274.0,341.0,346.0,349.0,347.0,336.0,336.0,331.0,330.0,329.0,326.0,272.0,309.0,304.0,283.0,285.0,281.0,266.0,260.0,257.0,246.0,233.0,269.0,212.0,226.0,221.0,235.0,231.0,220.0,219.0,233.0,235.0,228.0,269.0,215.0,223.0,186.0,191.0,181.0,187.0,194.0,182.0,173.0,151.0,269.0,159.0,135.0,124.0,117.0,113.0,87.0,87.0,75.0,63.0,58.0,268.0,53.0,47.0,36.0,35.0,23.0,22.0,18.0,15.0,9.0,19.0
Brønshøj-Husum,2045,,,,,,,,,,,,,,,,,,,,,,,,,,,,,,,,,,,,,,,,,,,,,,,,,,,,,,,,,,,,,,,,,,,,,,,,,,,,,,,,,,,,,,,,,,,,,,,,,,,,,,,,,,,,,,,,,,,,,,,,,,,,,,,,,,,,,,,,,,,,,,,,,,,,,,,,,,,,,,,,,,,,,,,,,,,,,,,,,,,,,,,,,,,,,,,,,,,,,,,,,,,,,,,,,,,278.0,281.0,269.0,272.0,268.0,264.0,258.0,254.0,250.0,248.0,244.0,241.0,285.0,246.0,239.0,260.0,298.0,310.0,316.0,328.0,334.0,313.0,307.0,279.0,310.0,324.0,318.0,334.0,334.0,341.0,348.0,343.0,341.0,341.0,278.0,341.0,338.0,338.0,340.0,339.0,335.0,337.0,340.0,339.0,332.0,275.0,316.0,316.0,303.0,292.0,284.0,273.0,265.0,245.0,247.0,236.0,272.0,235.0,238.0,230.0,219.0,222.0,222.0,222.0,223.0,223.0,225.0,270.0,208.0,223.0,206.0,203.0,182.0,181.0,184.0,180.0,185.0,178.0,274.0,169.0,145.0,130.0,107.0,90.0,95.0,73.0,67.0,62.0,47.0,272.0,38.0,28.0,23.0,18.0,13.0,9.0,8.0,5.0,3.0,7.0,264.0,261.0,264.0,261.0,254.0,253.0,247.0,240.0,235.0,231.0,228.0,221.0,266.0,222.0,244.0,271.0,310.0,318.0,326.0,353.0,345.0,325.0,315.0,266.0,301.0,305.0,323.0,338.0,340.0,348.0,342.0,345.0,343.0,340.0,271.0,338.0,339.0,344.0,344.0,339.0,332.0,329.0,326.0,326.0,327.0,271.0,317.0,301.0,295.0,282.0,281.0,278.0,265.0,255.0,255.0,239.0,268.0,231.0,213.0,220.0,219.0,229.0,227.0,220.0,213.0,228.0,229.0,267.0,227.0,211.0,221.0,182.0,187.0,179.0,180.0,190.0,177.0,164.0,268.0,146.0,150.0,128.0,116.0,112.0,108.0,82.0,77.0,68.0,53.0,267.0,53.0,47.0,41.0,32.0,28.0,20.0,18.0,15.0,10.0,21.0
Brønshøj-Husum,2046,,,,,,,,,,,,,,,,,,,,,,,,,,,,,,,,,,,,,,,,,,,,,,,,,,,,,,,,,,,,,,,,,,,,,,,,,,,,,,,,,,,,,,,,,,,,,,,,,,,,,,,,,,,,,,,,,,,,,,,,,,,,,,,,,,,,,,,,,,,,,,,,,,,,,,,,,,,,,,,,,,,,,,,,,,,,,,,,,,,,,,,,,,,,,,,,,,,,,,,,,,,,,,,,,,,275.0,278.0,268.0,272.0,268.0,264.0,259.0,257.0,254.0,251.0,248.0,252.0,282.0,247.0,234.0,248.0,291.0,308.0,311.0,327.0,325.0,324.0,308.0,276.0,311.0,314.0,313.0,318.0,333.0,332.0,352.0,340.0,346.0,341.0,275.0,340.0,337.0,334.0,334.0,338.0,335.0,331.0,336.0,338.0,328.0,273.0,322.0,313.0,307.0,299.0,286.0,277.0,268.0,261.0,243.0,245.0,270.0,235.0,232.0,234.0,223.0,215.0,218.0,217.0,218.0,218.0,220.0,268.0,224.0,207.0,219.0,203.0,199.0,178.0,176.0,181.0,173.0,177.0,272.0,167.0,162.0,138.0,118.0,99.0,85.0,86.0,68.0,61.0,51.0,270.0,39.0,29.0,23.0,20.0,14.0,8.0,8.0,5.0,3.0,8.0,262.0,258.0,264.0,261.0,254.0,254.0,249.0,242.0,238.0,234.0,232.0,232.0,264.0,226.0,234.0,254.0,309.0,316.0,323.0,351.0,343.0,332.0,320.0,264.0,300.0,299.0,314.0,325.0,339.0,342.0,345.0,343.0,343.0,342.0,269.0,336.0,335.0,337.0,339.0,336.0,335.0,325.0,324.0,321.0,324.0,268.0,317.0,308.0,292.0,293.0,278.0,278.0,277.0,260.0,253.0,248.0,266.0,237.0,231.0,207.0,218.0,215.0,224.0,226.0,214.0,209.0,223.0,266.0,228.0,223.0,209.0,216.0,178.0,184.0,172.0,176.0,186.0,168.0,266.0,158.0,138.0,143.0,120.0,111.0,107.0,101.0,73.0,71.0,57.0,265.0,49.0,46.0,40.0,37.0,26.0,23.0,16.0,15.0,10.0,23.0
Brønshøj-Husum,2047,,,,,,,,,,,,,,,,,,,,,,,,,,,,,,,,,,,,,,,,,,,,,,,,,,,,,,,,,,,,,,,,,,,,,,,,,,,,,,,,,,,,,,,,,,,,,,,,,,,,,,,,,,,,,,,,,,,,,,,,,,,,,,,,,,,,,,,,,,,,,,,,,,,,,,,,,,,,,,,,,,,,,,,,,,,,,,,,,,,,,,,,,,,,,,,,,,,,,,,,,,,,,,,,,,,273.0,275.0,267.0,272.0,268.0,265.0,260.0,258.0,257.0,254.0,251.0,256.0,279.0,257.0,232.0,241.0,276.0,304.0,310.0,323.0,324.0,316.0,319.0,273.0,313.0,315.0,303.0,313.0,317.0,331.0,343.0,344.0,343.0,346.0,273.0,340.0,336.0,333.0,330.0,332.0,334.0,331.0,329.0,334.0,327.0,270.0,318.0,318.0,304.0,303.0,294.0,280.0,272.0,264.0,258.0,241.0,268.0,244.0,231.0,228.0,226.0,218.0,211.0,213.0,214.0,213.0,214.0,267.0,218.0,222.0,203.0,215.0,199.0,194.0,173.0,173.0,174.0,167.0,270.0,167.0,161.0,154.0,126.0,109.0,93.0,76.0,79.0,62.0,51.0,269.0,42.0,29.0,23.0,20.0,15.0,9.0,8.0,5.0,3.0,9.0,259.0,255.0,262.0,261.0,254.0,254.0,249.0,243.0,241.0,238.0,234.0,235.0,261.0,235.0,235.0,246.0,290.0,316.0,322.0,348.0,340.0,329.0,327.0,261.0,304.0,299.0,308.0,316.0,326.0,341.0,339.0,346.0,342.0,341.0,267.0,337.0,333.0,333.0,331.0,331.0,332.0,328.0,320.0,319.0,319.0,266.0,314.0,309.0,299.0,290.0,289.0,275.0,277.0,272.0,259.0,247.0,264.0,245.0,237.0,225.0,206.0,213.0,211.0,224.0,220.0,211.0,204.0,264.0,222.0,224.0,221.0,205.0,210.0,176.0,177.0,168.0,172.0,176.0,265.0,163.0,150.0,132.0,133.0,114.0,107.0,100.0,89.0,67.0,59.0,264.0,53.0,43.0,40.0,36.0,30.0,22.0,19.0,13.0,10.0,24.0
Brønshøj-Husum,2048,,,,,,,,,,,,,,,,,,,,,,,,,,,,,,,,,,,,,,,,,,,,,,,,,,,,,,,,,,,,,,,,,,,,,,,,,,,,,,,,,,,,,,,,,,,,,,,,,,,,,,,,,,,,,,,,,,,,,,,,,,,,,,,,,,,,,,,,,,,,,,,,,,,,,,,,,,,,,,,,,,,,,,,,,,,,,,,,,,,,,,,,,,,,,,,,,,,,,,,,,,,,,,,,,,,271.0,273.0,265.0,270.0,268.0,265.0,260.0,259.0,258.0,257.0,255.0,259.0,276.0,260.0,238.0,238.0,271.0,289.0,309.0,321.0,320.0,315.0,312.0,270.0,324.0,317.0,305.0,304.0,313.0,315.0,342.0,335.0,347.0,344.0,270.0,345.0,337.0,332.0,330.0,328.0,328.0,330.0,329.0,327.0,323.0,268.0,316.0,314.0,309.0,300.0,297.0,287.0,274.0,268.0,262.0,257.0,265.0,240.0,240.0,228.0,221.0,222.0,214.0,207.0,209.0,209.0,210.0,264.0,213.0,216.0,217.0,201.0,210.0,195.0,189.0,171.0,166.0,167.0,269.0,157.0,161.0,153.0,141.0,116.0,102.0,84.0,71.0,72.0,52.0,267.0,43.0,32.0,24.0,20.0,15.0,10.0,8.0,5.0,3.0,9.0,257.0,253.0,261.0,259.0,254.0,254.0,249.0,244.0,242.0,240.0,238.0,238.0,258.0,237.0,243.0,245.0,283.0,297.0,323.0,347.0,337.0,327.0,325.0,258.0,311.0,303.0,308.0,310.0,317.0,328.0,338.0,340.0,345.0,340.0,264.0,337.0,334.0,331.0,328.0,324.0,327.0,325.0,323.0,316.0,317.0,264.0,310.0,306.0,300.0,297.0,286.0,285.0,275.0,273.0,271.0,252.0,261.0,244.0,245.0,231.0,223.0,202.0,209.0,211.0,218.0,216.0,205.0,262.0,204.0,218.0,222.0,216.0,201.0,207.0,169.0,173.0,165.0,164.0,263.0,170.0,154.0,144.0,124.0,127.0,110.0,100.0,89.0,82.0,57.0,263.0,54.0,46.0,37.0,36.0,29.0,25.0,17.0,16.0,9.0,25.0
Brønshøj-Husum,2049,,,,,,,,,,,,,,,,,,,,,,,,,,,,,,,,,,,,,,,,,,,,,,,,,,,,,,,,,,,,,,,,,,,,,,,,,,,,,,,,,,,,,,,,,,,,,,,,,,,,,,,,,,,,,,,,,,,,,,,,,,,,,,,,,,,,,,,,,,,,,,,,,,,,,,,,,,,,,,,,,,,,,,,,,,,,,,,,,,,,,,,,,,,,,,,,,,,,,,,,,,,,,,,,,,,269.0,271.0,264.0,269.0,266.0,264.0,260.0,259.0,259.0,258.0,257.0,262.0,274.0,261.0,238.0,245.0,269.0,284.0,292.0,321.0,319.0,312.0,312.0,268.0,318.0,328.0,307.0,306.0,303.0,311.0,325.0,334.0,338.0,348.0,267.0,343.0,342.0,333.0,329.0,328.0,324.0,324.0,328.0,327.0,316.0,265.0,312.0,312.0,305.0,306.0,295.0,290.0,281.0,271.0,266.0,260.0,263.0,255.0,237.0,236.0,220.0,216.0,218.0,209.0,203.0,205.0,206.0,262.0,209.0,211.0,212.0,214.0,197.0,206.0,189.0,186.0,164.0,160.0,266.0,158.0,152.0,154.0,140.0,129.0,109.0,92.0,78.0,65.0,61.0,266.0,43.0,32.0,26.0,21.0,15.0,10.0,9.0,6.0,3.0,9.0,255.0,251.0,259.0,258.0,252.0,253.0,249.0,244.0,243.0,241.0,240.0,241.0,256.0,237.0,243.0,255.0,282.0,292.0,304.0,349.0,336.0,324.0,322.0,256.0,309.0,310.0,312.0,310.0,312.0,319.0,325.0,339.0,339.0,343.0,261.0,336.0,334.0,333.0,326.0,321.0,320.0,320.0,320.0,319.0,314.0,261.0,308.0,302.0,297.0,298.0,293.0,283.0,285.0,270.0,271.0,263.0,259.0,249.0,244.0,238.0,229.0,217.0,198.0,209.0,205.0,214.0,211.0,260.0,205.0,200.0,216.0,217.0,211.0,198.0,199.0,167.0,169.0,156.0,261.0,158.0,162.0,148.0,135.0,119.0,122.0,103.0,89.0,81.0,68.0,261.0,52.0,48.0,40.0,34.0,30.0,24.0,20.0,15.0,10.0,25.0
Brønshøj-Husum,2050,,,,,,,,,,,,,,,,,,,,,,,,,,,,,,,,,,,,,,,,,,,,,,,,,,,,,,,,,,,,,,,,,,,,,,,,,,,,,,,,,,,,,,,,,,,,,,,,,,,,,,,,,,,,,,,,,,,,,,,,,,,,,,,,,,,,,,,,,,,,,,,,,,,,,,,,,,,,,,,,,,,,,,,,,,,,,,,,,,,,,,,,,,,,,,,,,,,,,,,,,,,,,,,,,,,267.0,269.0,262.0,267.0,265.0,263.0,259.0,259.0,259.0,259.0,259.0,265.0,272.0,263.0,237.0,245.0,278.0,282.0,288.0,304.0,320.0,311.0,309.0,265.0,318.0,322.0,318.0,308.0,305.0,301.0,321.0,318.0,337.0,339.0,265.0,346.0,339.0,338.0,329.0,327.0,324.0,320.0,322.0,326.0,316.0,263.0,306.0,309.0,303.0,302.0,300.0,288.0,285.0,277.0,269.0,264.0,260.0,259.0,252.0,234.0,229.0,217.0,212.0,212.0,205.0,199.0,202.0,260.0,205.0,207.0,206.0,209.0,210.0,193.0,200.0,187.0,178.0,158.0,264.0,151.0,153.0,146.0,142.0,130.0,122.0,98.0,86.0,72.0,55.0,264.0,51.0,33.0,27.0,23.0,16.0,10.0,9.0,6.0,3.0,10.0,254.0,249.0,258.0,256.0,251.0,252.0,249.0,244.0,243.0,242.0,241.0,243.0,254.0,237.0,243.0,255.0,294.0,291.0,299.0,329.0,339.0,324.0,320.0,254.0,307.0,308.0,319.0,314.0,311.0,314.0,316.0,326.0,338.0,337.0,259.0,339.0,333.0,333.0,328.0,319.0,317.0,313.0,315.0,316.0,317.0,258.0,304.0,300.0,293.0,296.0,294.0,290.0,283.0,280.0,269.0,264.0,256.0,260.0,249.0,237.0,236.0,223.0,213.0,199.0,203.0,202.0,209.0,257.0,210.0,201.0,199.0,212.0,212.0,209.0,191.0,196.0,163.0,161.0,259.0,151.0,150.0,154.0,139.0,129.0,115.0,115.0,92.0,82.0,68.0,259.0,63.0,46.0,41.0,37.0,28.0,25.0,20.0,17.0,10.0,26.0
Brønshøj-Husum,2051,,,,,,,,,,,,,,,,,,,,,,,,,,,,,,,,,,,,,,,,,,,,,,,,,,,,,,,,,,,,,,,,,,,,,,,,,,,,,,,,,,,,,,,,,,,,,,,,,,,,,,,,,,,,,,,,,,,,,,,,,,,,,,,,,,,,,,,,,,,,,,,,,,,,,,,,,,,,,,,,,,,,,,,,,,,,,,,,,,,,,,,,,,,,,,,,,,,,,,,,,,,,,,,,,,,265.0,267.0,260.0,266.0,263.0,261.0,258.0,258.0,259.0,259.0,259.0,266.0,270.0,265.0,236.0,244.0,278.0,292.0,287.0,300.0,303.0,312.0,307.0,263.0,314.0,322.0,312.0,318.0,307.0,303.0,311.0,314.0,320.0,338.0,262.0,337.0,343.0,335.0,334.0,328.0,323.0,320.0,318.0,320.0,315.0,260.0,306.0,303.0,300.0,300.0,296.0,293.0,283.0,281.0,275.0,267.0,258.0,263.0,256.0,248.0,227.0,225.0,213.0,207.0,208.0,201.0,196.0,257.0,201.0,204.0,203.0,203.0,205.0,206.0,188.0,197.0,180.0,172.0,262.0,150.0,147.0,146.0,134.0,131.0,122.0,110.0,92.0,79.0,60.0,261.0,46.0,38.0,27.0,24.0,18.0,11.0,9.0,6.0,4.0,10.0,252.0,248.0,256.0,255.0,250.0,251.0,248.0,244.0,243.0,242.0,242.0,243.0,252.0,237.0,242.0,255.0,295.0,303.0,297.0,324.0,319.0,327.0,320.0,252.0,305.0,306.0,317.0,321.0,315.0,313.0,311.0,318.0,325.0,336.0,256.0,332.0,336.0,331.0,328.0,320.0,315.0,310.0,309.0,311.0,314.0,256.0,307.0,296.0,291.0,291.0,292.0,291.0,290.0,278.0,279.0,262.0,254.0,261.0,260.0,242.0,235.0,231.0,219.0,213.0,194.0,200.0,197.0,255.0,208.0,207.0,200.0,195.0,207.0,210.0,200.0,188.0,191.0,156.0,257.0,156.0,144.0,144.0,145.0,133.0,125.0,108.0,102.0,84.0,69.0,257.0,63.0,55.0,41.0,38.0,30.0,24.0,20.0,16.0,11.0,26.0
Brønshøj-Husum,2052,,,,,,,,,,,,,,,,,,,,,,,,,,,,,,,,,,,,,,,,,,,,,,,,,,,,,,,,,,,,,,,,,,,,,,,,,,,,,,,,,,,,,,,,,,,,,,,,,,,,,,,,,,,,,,,,,,,,,,,,,,,,,,,,,,,,,,,,,,,,,,,,,,,,,,,,,,,,,,,,,,,,,,,,,,,,,,,,,,,,,,,,,,,,,,,,,,,,,,,,,,,,,,,,,,,263.0,265.0,258.0,264.0,262.0,260.0,257.0,257.0,259.0,259.0,259.0,266.0,268.0,264.0,235.0,243.0,278.0,293.0,297.0,298.0,298.0,295.0,309.0,261.0,312.0,319.0,312.0,312.0,317.0,305.0,313.0,304.0,317.0,321.0,260.0,336.0,334.0,339.0,331.0,332.0,324.0,319.0,318.0,316.0,309.0,258.0,305.0,302.0,294.0,296.0,294.0,289.0,288.0,279.0,279.0,274.0,255.0,267.0,260.0,252.0,240.0,223.0,221.0,208.0,204.0,204.0,198.0,255.0,195.0,200.0,199.0,200.0,199.0,201.0,200.0,186.0,189.0,174.0,259.0,163.0,145.0,140.0,134.0,124.0,124.0,111.0,103.0,85.0,66.0,259.0,51.0,35.0,32.0,24.0,18.0,12.0,10.0,6.0,4.0,10.0,250.0,246.0,254.0,253.0,248.0,249.0,246.0,242.0,242.0,242.0,242.0,244.0,250.0,235.0,241.0,254.0,295.0,305.0,310.0,322.0,314.0,307.0,322.0,250.0,304.0,303.0,315.0,319.0,322.0,317.0,310.0,312.0,316.0,323.0,254.0,332.0,330.0,334.0,326.0,320.0,317.0,309.0,306.0,304.0,309.0,254.0,305.0,299.0,287.0,289.0,287.0,289.0,291.0,285.0,277.0,271.0,251.0,260.0,261.0,253.0,240.0,230.0,226.0,219.0,207.0,190.0,195.0,252.0,197.0,205.0,205.0,196.0,191.0,205.0,201.0,197.0,184.0,181.0,254.0,151.0,148.0,138.0,135.0,140.0,129.0,118.0,97.0,93.0,71.0,254.0,63.0,55.0,48.0,37.0,31.0,25.0,19.0,17.0,11.0,28.0
Brønshøj-Husum,2053,,,,,,,,,,,,,,,,,,,,,,,,,,,,,,,,,,,,,,,,,,,,,,,,,,,,,,,,,,,,,,,,,,,,,,,,,,,,,,,,,,,,,,,,,,,,,,,,,,,,,,,,,,,,,,,,,,,,,,,,,,,,,,,,,,,,,,,,,,,,,,,,,,,,,,,,,,,,,,,,,,,,,,,,,,,,,,,,,,,,,,,,,,,,,,,,,,,,,,,,,,,,,,,,,,,262.0,263.0,255.0,261.0,260.0,258.0,255.0,256.0,257.0,259.0,259.0,266.0,266.0,263.0,233.0,241.0,278.0,293.0,298.0,309.0,297.0,291.0,292.0,260.0,315.0,317.0,309.0,312.0,311.0,315.0,314.0,305.0,307.0,318.0,258.0,320.0,333.0,330.0,335.0,330.0,328.0,319.0,317.0,317.0,306.0,256.0,299.0,301.0,293.0,290.0,291.0,287.0,284.0,284.0,277.0,278.0,253.0,273.0,263.0,256.0,244.0,236.0,219.0,216.0,204.0,199.0,201.0,252.0,197.0,194.0,196.0,197.0,196.0,195.0,195.0,198.0,179.0,183.0,256.0,165.0,158.0,139.0,129.0,125.0,118.0,112.0,104.0,94.0,71.0,256.0,55.0,39.0,30.0,28.0,18.0,12.0,11.0,7.0,4.0,11.0,249.0,244.0,251.0,251.0,246.0,248.0,245.0,241.0,241.0,241.0,242.0,244.0,249.0,233.0,238.0,253.0,296.0,305.0,312.0,335.0,311.0,302.0,303.0,248.0,307.0,303.0,313.0,317.0,320.0,324.0,314.0,311.0,311.0,315.0,253.0,319.0,329.0,328.0,329.0,319.0,317.0,310.0,304.0,302.0,302.0,252.0,300.0,297.0,290.0,286.0,285.0,284.0,289.0,287.0,284.0,270.0,249.0,268.0,260.0,255.0,251.0,235.0,226.0,226.0,213.0,204.0,186.0,250.0,195.0,194.0,203.0,201.0,192.0,188.0,197.0,198.0,193.0,175.0,251.0,176.0,144.0,142.0,130.0,130.0,135.0,122.0,105.0,89.0,79.0,252.0,65.0,56.0,48.0,43.0,31.0,26.0,21.0,16.0,11.0,28.0
Brønshøj-Husum,2054,,,,,,,,,,,,,,,,,,,,,,,,,,,,,,,,,,,,,,,,,,,,,,,,,,,,,,,,,,,,,,,,,,,,,,,,,,,,,,,,,,,,,,,,,,,,,,,,,,,,,,,,,,,,,,,,,,,,,,,,,,,,,,,,,,,,,,,,,,,,,,,,,,,,,,,,,,,,,,,,,,,,,,,,,,,,,,,,,,,,,,,,,,,,,,,,,,,,,,,,,,,,,,,,,,,260.0,261.0,253.0,259.0,257.0,256.0,253.0,254.0,256.0,257.0,259.0,266.0,264.0,262.0,230.0,239.0,278.0,294.0,299.0,310.0,307.0,289.0,288.0,258.0,298.0,320.0,307.0,309.0,311.0,310.0,325.0,307.0,309.0,308.0,257.0,316.0,316.0,329.0,326.0,333.0,326.0,324.0,318.0,316.0,306.0,254.0,296.0,296.0,293.0,290.0,285.0,284.0,282.0,280.0,282.0,276.0,251.0,277.0,269.0,259.0,248.0,240.0,232.0,215.0,212.0,200.0,197.0,250.0,200.0,195.0,190.0,193.0,194.0,193.0,190.0,193.0,190.0,174.0,254.0,173.0,160.0,151.0,128.0,120.0,118.0,107.0,106.0,96.0,79.0,254.0,60.0,42.0,32.0,26.0,21.0,12.0,11.0,7.0,4.0,11.0,247.0,243.0,249.0,248.0,244.0,246.0,243.0,240.0,240.0,240.0,241.0,243.0,247.0,230.0,236.0,252.0,296.0,307.0,313.0,337.0,324.0,300.0,299.0,246.0,289.0,306.0,312.0,314.0,318.0,322.0,321.0,315.0,310.0,309.0,251.0,311.0,316.0,327.0,323.0,322.0,315.0,310.0,305.0,300.0,300.0,250.0,293.0,292.0,288.0,288.0,282.0,282.0,284.0,284.0,285.0,276.0,247.0,267.0,269.0,253.0,253.0,245.0,230.0,225.0,220.0,209.0,199.0,248.0,186.0,191.0,192.0,199.0,197.0,190.0,181.0,194.0,194.0,183.0,249.0,170.0,167.0,138.0,134.0,125.0,126.0,127.0,109.0,97.0,76.0,249.0,73.0,58.0,49.0,44.0,36.0,26.0,21.0,17.0,11.0,29.0
Brønshøj-Husum,2055,,,,,,,,,,,,,,,,,,,,,,,,,,,,,,,,,,,,,,,,,,,,,,,,,,,,,,,,,,,,,,,,,,,,,,,,,,,,,,,,,,,,,,,,,,,,,,,,,,,,,,,,,,,,,,,,,,,,,,,,,,,,,,,,,,,,,,,,,,,,,,,,,,,,,,,,,,,,,,,,,,,,,,,,,,,,,,,,,,,,,,,,,,,,,,,,,,,,,,,,,,,,,,,,,,,259.0,260.0,250.0,256.0,255.0,254.0,252.0,253.0,255.0,256.0,257.0,265.0,263.0,260.0,227.0,237.0,276.0,294.0,300.0,311.0,308.0,299.0,286.0,256.0,294.0,303.0,311.0,307.0,308.0,309.0,319.0,317.0,310.0,310.0,255.0,306.0,313.0,312.0,325.0,324.0,329.0,322.0,323.0,316.0,305.0,252.0,296.0,292.0,287.0,289.0,284.0,278.0,279.0,278.0,279.0,281.0,250.0,275.0,273.0,265.0,252.0,244.0,236.0,227.0,211.0,208.0,197.0,248.0,196.0,198.0,191.0,188.0,190.0,190.0,187.0,188.0,186.0,184.0,252.0,165.0,168.0,154.0,139.0,119.0,114.0,107.0,101.0,98.0,81.0,251.0,67.0,46.0,35.0,29.0,20.0,14.0,11.0,7.0,4.0,12.0,246.0,241.0,246.0,246.0,242.0,244.0,241.0,238.0,238.0,239.0,240.0,242.0,245.0,227.0,233.0,250.0,295.0,307.0,314.0,338.0,325.0,312.0,296.0,244.0,285.0,288.0,316.0,314.0,316.0,320.0,319.0,322.0,314.0,309.0,249.0,305.0,308.0,314.0,322.0,316.0,318.0,309.0,305.0,301.0,298.0,248.0,291.0,286.0,283.0,286.0,284.0,279.0,282.0,279.0,283.0,278.0,246.0,274.0,268.0,262.0,251.0,247.0,241.0,230.0,219.0,216.0,204.0,246.0,198.0,183.0,190.0,188.0,195.0,194.0,183.0,179.0,190.0,185.0,247.0,178.0,162.0,160.0,131.0,129.0,120.0,119.0,114.0,100.0,82.0,247.0,70.0,64.0,51.0,45.0,36.0,30.0,22.0,18.0,12.0,29.0
Brønshøj-Husum,2056,,,,,,,,,,,,,,,,,,,,,,,,,,,,,,,,,,,,,,,,,,,,,,,,,,,,,,,,,,,,,,,,,,,,,,,,,,,,,,,,,,,,,,,,,,,,,,,,,,,,,,,,,,,,,,,,,,,,,,,,,,,,,,,,,,,,,,,,,,,,,,,,,,,,,,,,,,,,,,,,,,,,,,,,,,,,,,,,,,,,,,,,,,,,,,,,,,,,,,,,,,,,,,,,,,,258.0,258.0,248.0,254.0,253.0,251.0,249.0,251.0,253.0,255.0,256.0,264.0,261.0,258.0,224.0,234.0,275.0,294.0,301.0,313.0,309.0,301.0,296.0,255.0,293.0,299.0,294.0,311.0,307.0,307.0,319.0,312.0,320.0,312.0,253.0,309.0,303.0,309.0,309.0,324.0,320.0,325.0,320.0,321.0,305.0,251.0,295.0,293.0,284.0,284.0,284.0,277.0,273.0,275.0,276.0,278.0,248.0,281.0,272.0,270.0,257.0,248.0,240.0,231.0,223.0,207.0,206.0,247.0,197.0,194.0,194.0,189.0,184.0,187.0,185.0,186.0,181.0,180.0,250.0,174.0,160.0,161.0,142.0,129.0,114.0,104.0,101.0,94.0,82.0,249.0,68.0,51.0,39.0,31.0,22.0,13.0,13.0,8.0,5.0,12.0,245.0,240.0,244.0,243.0,239.0,241.0,239.0,236.0,237.0,237.0,239.0,241.0,244.0,224.0,230.0,248.0,294.0,307.0,315.0,340.0,326.0,314.0,308.0,243.0,282.0,284.0,298.0,318.0,315.0,318.0,317.0,321.0,322.0,313.0,247.0,305.0,302.0,306.0,309.0,315.0,312.0,311.0,304.0,301.0,300.0,247.0,289.0,283.0,277.0,282.0,282.0,281.0,279.0,278.0,278.0,275.0,244.0,276.0,274.0,261.0,260.0,246.0,243.0,241.0,224.0,215.0,210.0,244.0,204.0,195.0,181.0,186.0,185.0,192.0,187.0,180.0,175.0,181.0,245.0,179.0,169.0,155.0,151.0,126.0,124.0,114.0,106.0,105.0,85.0,245.0,76.0,62.0,56.0,46.0,37.0,31.0,25.0,18.0,12.0,30.0
Brønshøj-Husum,2057,,,,,,,,,,,,,,,,,,,,,,,,,,,,,,,,,,,,,,,,,,,,,,,,,,,,,,,,,,,,,,,,,,,,,,,,,,,,,,,,,,,,,,,,,,,,,,,,,,,,,,,,,,,,,,,,,,,,,,,,,,,,,,,,,,,,,,,,,,,,,,,,,,,,,,,,,,,,,,,,,,,,,,,,,,,,,,,,,,,,,,,,,,,,,,,,,,,,,,,,,,,,,,,,,,,257.0,257.0,246.0,251.0,250.0,249.0,247.0,249.0,251.0,253.0,255.0,262.0,260.0,255.0,221.0,231.0,273.0,293.0,301.0,313.0,310.0,302.0,297.0,253.0,302.0,298.0,291.0,295.0,311.0,305.0,317.0,312.0,316.0,322.0,252.0,310.0,305.0,299.0,305.0,307.0,320.0,316.0,324.0,318.0,310.0,249.0,295.0,292.0,284.0,281.0,278.0,277.0,272.0,270.0,273.0,275.0,247.0,277.0,277.0,268.0,262.0,253.0,244.0,235.0,227.0,218.0,205.0,245.0,205.0,195.0,190.0,192.0,186.0,181.0,182.0,183.0,179.0,175.0,248.0,171.0,170.0,154.0,149.0,132.0,123.0,103.0,98.0,94.0,79.0,247.0,70.0,52.0,43.0,34.0,24.0,15.0,13.0,9.0,5.0,13.0,244.0,239.0,242.0,241.0,237.0,239.0,237.0,234.0,235.0,236.0,238.0,239.0,243.0,221.0,227.0,245.0,293.0,307.0,316.0,341.0,328.0,315.0,310.0,242.0,294.0,282.0,294.0,300.0,319.0,318.0,315.0,318.0,320.0,320.0,246.0,309.0,302.0,301.0,301.0,303.0,311.0,305.0,307.0,300.0,300.0,245.0,291.0,282.0,275.0,275.0,278.0,279.0,281.0,274.0,276.0,271.0,243.0,273.0,276.0,267.0,259.0,254.0,242.0,243.0,234.0,220.0,210.0,243.0,210.0,200.0,193.0,178.0,182.0,183.0,185.0,184.0,176.0,167.0,244.0,176.0,170.0,162.0,146.0,145.0,122.0,117.0,102.0,98.0,89.0,243.0,79.0,68.0,55.0,51.0,38.0,32.0,25.0,21.0,12.0,31.0
Brønshøj-Husum,2058,,,,,,,,,,,,,,,,,,,,,,,,,,,,,,,,,,,,,,,,,,,,,,,,,,,,,,,,,,,,,,,,,,,,,,,,,,,,,,,,,,,,,,,,,,,,,,,,,,,,,,,,,,,,,,,,,,,,,,,,,,,,,,,,,,,,,,,,,,,,,,,,,,,,,,,,,,,,,,,,,,,,,,,,,,,,,,,,,,,,,,,,,,,,,,,,,,,,,,,,,,,,,,,,,,,257.0,257.0,244.0,250.0,248.0,247.0,245.0,246.0,249.0,251.0,253.0,261.0,259.0,253.0,218.0,229.0,272.0,292.0,301.0,314.0,311.0,303.0,298.0,252.0,304.0,308.0,289.0,291.0,295.0,309.0,315.0,309.0,315.0,317.0,251.0,321.0,307.0,301.0,296.0,304.0,304.0,316.0,315.0,322.0,307.0,248.0,300.0,292.0,283.0,281.0,275.0,272.0,273.0,269.0,268.0,272.0,245.0,274.0,274.0,274.0,260.0,258.0,249.0,239.0,231.0,223.0,216.0,244.0,204.0,203.0,191.0,188.0,189.0,182.0,177.0,180.0,177.0,173.0,247.0,166.0,166.0,163.0,143.0,139.0,126.0,112.0,98.0,91.0,79.0,246.0,68.0,54.0,44.0,38.0,26.0,16.0,14.0,9.0,5.0,14.0,244.0,238.0,240.0,239.0,235.0,237.0,235.0,232.0,233.0,234.0,236.0,238.0,242.0,218.0,223.0,243.0,291.0,306.0,316.0,341.0,328.0,316.0,311.0,241.0,296.0,293.0,292.0,296.0,301.0,321.0,315.0,317.0,318.0,319.0,245.0,316.0,306.0,301.0,296.0,295.0,299.0,305.0,301.0,303.0,299.0,244.0,291.0,283.0,274.0,273.0,272.0,275.0,279.0,277.0,273.0,269.0,241.0,268.0,274.0,269.0,265.0,254.0,249.0,242.0,236.0,230.0,215.0,241.0,210.0,206.0,199.0,189.0,175.0,180.0,176.0,183.0,181.0,168.0,242.0,163.0,167.0,164.0,153.0,142.0,140.0,116.0,105.0,94.0,83.0,242.0,82.0,70.0,59.0,51.0,42.0,33.0,26.0,21.0,14.0,32.0
Brønshøj-Husum,2059,,,,,,,,,,,,,,,,,,,,,,,,,,,,,,,,,,,,,,,,,,,,,,,,,,,,,,,,,,,,,,,,,,,,,,,,,,,,,,,,,,,,,,,,,,,,,,,,,,,,,,,,,,,,,,,,,,,,,,,,,,,,,,,,,,,,,,,,,,,,,,,,,,,,,,,,,,,,,,,,,,,,,,,,,,,,,,,,,,,,,,,,,,,,,,,,,,,,,,,,,,,,,,,,,,,257.0,257.0,243.0,248.0,246.0,244.0,242.0,244.0,247.0,249.0,251.0,259.0,258.0,250.0,215.0,226.0,269.0,291.0,300.0,313.0,311.0,304.0,300.0,251.0,305.0,310.0,299.0,290.0,291.0,294.0,320.0,308.0,313.0,317.0,250.0,316.0,318.0,303.0,298.0,294.0,300.0,300.0,314.0,313.0,311.0,247.0,298.0,297.0,284.0,280.0,276.0,269.0,267.0,269.0,267.0,267.0,244.0,272.0,271.0,270.0,266.0,256.0,254.0,244.0,235.0,227.0,220.0,243.0,215.0,203.0,199.0,189.0,185.0,185.0,178.0,175.0,174.0,171.0,246.0,164.0,161.0,159.0,151.0,134.0,132.0,116.0,106.0,90.0,77.0,245.0,68.0,52.0,45.0,39.0,29.0,18.0,15.0,9.0,5.0,15.0,244.0,238.0,239.0,238.0,233.0,235.0,233.0,230.0,231.0,232.0,234.0,236.0,241.0,215.0,220.0,240.0,289.0,306.0,315.0,341.0,329.0,317.0,313.0,240.0,297.0,295.0,303.0,294.0,298.0,304.0,319.0,317.0,316.0,317.0,244.0,315.0,314.0,305.0,296.0,290.0,291.0,293.0,301.0,297.0,301.0,243.0,290.0,284.0,275.0,272.0,270.0,269.0,275.0,275.0,275.0,266.0,240.0,267.0,269.0,267.0,267.0,260.0,249.0,250.0,236.0,232.0,224.0,240.0,214.0,206.0,205.0,195.0,186.0,173.0,174.0,174.0,179.0,173.0,241.0,164.0,155.0,161.0,154.0,148.0,137.0,132.0,104.0,96.0,79.0,241.0,77.0,74.0,62.0,55.0,42.0,36.0,27.0,22.0,14.0,34.0
Brønshøj-Husum,2060,,,,,,,,,,,,,,,,,,,,,,,,,,,,,,,,,,,,,,,,,,,,,,,,,,,,,,,,,,,,,,,,,,,,,,,,,,,,,,,,,,,,,,,,,,,,,,,,,,,,,,,,,,,,,,,,,,,,,,,,,,,,,,,,,,,,,,,,,,,,,,,,,,,,,,,,,,,,,,,,,,,,,,,,,,,,,,,,,,,,,,,,,,,,,,,,,,,,,,,,,,,,,,,,,,,257.0,256.0,242.0,247.0,244.0,243.0,240.0,242.0,244.0,247.0,249.0,257.0,258.0,248.0,212.0,223.0,267.0,289.0,299.0,313.0,311.0,304.0,301.0,251.0,307.0,311.0,301.0,300.0,290.0,290.0,303.0,312.0,312.0,315.0,249.0,316.0,313.0,314.0,300.0,297.0,291.0,296.0,298.0,312.0,302.0,246.0,301.0,294.0,288.0,281.0,275.0,270.0,264.0,264.0,267.0,266.0,243.0,267.0,269.0,268.0,263.0,262.0,253.0,248.0,240.0,231.0,225.0,242.0,220.0,214.0,199.0,197.0,187.0,182.0,181.0,176.0,169.0,169.0,244.0,163.0,160.0,155.0,148.0,141.0,128.0,121.0,110.0,98.0,77.0,243.0,66.0,52.0,44.0,41.0,30.0,19.0,16.0,10.0,6.0,15.0,244.0,238.0,238.0,236.0,232.0,233.0,231.0,228.0,229.0,230.0,232.0,234.0,241.0,212.0,217.0,237.0,287.0,304.0,314.0,341.0,328.0,317.0,314.0,239.0,298.0,296.0,305.0,305.0,295.0,300.0,302.0,321.0,316.0,315.0,243.0,313.0,312.0,312.0,300.0,290.0,286.0,285.0,289.0,297.0,295.0,242.0,292.0,282.0,275.0,273.0,269.0,267.0,269.0,270.0,274.0,268.0,239.0,263.0,267.0,262.0,265.0,262.0,255.0,249.0,243.0,232.0,227.0,239.0,224.0,211.0,205.0,200.0,191.0,184.0,167.0,171.0,171.0,171.0,240.0,168.0,156.0,149.0,152.0,149.0,143.0,130.0,119.0,96.0,82.0,239.0,74.0,69.0,65.0,57.0,46.0,36.0,30.0,23.0,15.0,35.0
Indre By,1986,58.0,36.0,,,,,,,,0.0,0.0,,0.0,0.0,49.0,45.0,,,,,,,,4.0,5.0,,9.0,16.0,18.0,24.0,53.0,26.0,147.0,92.0,164.0,116.0,106.0,46.0,34.0,32.0,32.0,69.0,26.0,19.0,34.0,50.0,306.0,267.0,380.0,351.0,248.0,202.0,126.0,142.0,127.0,374.0,1332.0,1178.0,1592.0,1624.0,4315.0,4390.0,3557.0,3048.0,2426.0,2329.0,1757.0,1835.0,3324.0,5195.0,,,,,,,,,,,,,,,,,,,,,,,,,,,,,,,,,,,,,,,,,,,,,,,,,,,,,,,,,,,,,,,,,,,,,,,,,,,,,,,,,,,,,,,,,,,,,,,,,,,,,,,,,,,,,,,,,,,,,,,,,,,,,,,,,,,,,,,,,,,,,,,,,,,,,,,,,,,,,,,,,,,,,,,,,,,,,,,,,,,,,,,,,,,,,,,,,,,,,,,,,,,,,,,,,,,,,,,,,,,,,,,,,,,,,,,,,,,,,,,,,,,,,,,,,,,,,,,,,,,,,,,,,,,,,,,,,,,,,,,,,,,,,,,,,,,,,,,,,,,,,,,,,,,,,,,,,,,,,,,,,,,,,,,,,,,,,,,,,,,,
Indre By,1987,51.0,35.0,,,,,,,0.0,0.0,,0.0,0.0,,49.0,46.0,,,,,,,10.0,4.0,,7.0,8.0,,17.0,26.0,50.0,38.0,139.0,91.0,146.0,116.0,111.0,51.0,36.0,31.0,29.0,71.0,33.0,23.0,43.0,50.0,299.0,265.0,399.0,350.0,257.0,230.0,114.0,134.0,143.0,348.0,1313.0,1162.0,1529.0,1574.0,4294.0,4391.0,3443.0,2962.0,2594.0,2485.0,1708.0,1780.0,3225.0,5077.0,,,,,,,,,,,,,,,,,,,,,,,,,,,,,,,1584647.0,92697.0,17095.0,1437949.0,76593.0,18774.0,2203427.0,162303.0,13576.0,1541622.0,119952.0,12852.0,1677514.0,97473.0,17210.0,1740399.0,91871.0,18944.0,2917705.0,170776.0,17085.0,2333421.0,124423.0,18754.0,2348754.0,143348.0,16385.0,1971978.0,108410.0,18190.0,,,,,,,,,,,,,,,,,,,,,,,,,,,,,,,,,,,,,,,,,,,,,,,,,,,,,,,,,,,,,,,,,,,,,,,,,,,,,,,,,,,,,,,,,,,,,,,,,,,,,,,,,,,,,,,,,,,,,,,,,,,,,,,,,,,,,,,,,,,,,,,,,,,,,,,,,,,,,,,,,,,,,,,,,,,,,,,,,,,,,,,,,,,,,,,,,,,,,,,,,,,,,,,,,,,,,,,,,,,,,,,,,,,,,,,,,,,,,,,,,,,,,,,,,,,,,,,,,,,,,,,,,,,,,,,,,,,,,,,,
Indre By,1988,50.0,44.0,,,,,,,0.0,0.0,,0.0,0.0,,52.0,48.0,,,,,,,9.0,5.0,,5.0,8.0,,13.0,29.0,51.0,34.0,170.0,105.0,152.0,101.0,116.0,67.0,45.0,35.0,29.0,65.0,38.0,20.0,39.0,45.0,266.0,281.0,386.0,325.0,266.0,251.0,115.0,139.0,141.0,353.0,1275.0,1159.0,1425.0,1408.0,4333.0,4441.0,3364.0,2919.0,2660.0,2566.0,1693.0,1779.0,3145.0,4937.0,,,,,,,,,,,,,,,,,,,,,,,,,,,,,,,1648448.0,95529.0,17256.0,1538666.0,82106.0,18740.0,2302858.0,170721.0,13489.0,1628849.0,127573.0,12768.0,1753365.0,101304.0,17308.0,1838174.0,97402.0,18872.0,3080083.0,180502.0,17064.0,2514462.0,134860.0,18645.0,2510403.0,151302.0,16592.0,2094997.0,115224.0,18182.0,,,,,,,,,,,,,,,,,,,,,,,,,,,,,,,,,,,,,,,,,,,,,,,,,,,,,,,,,,,,,,,,,,,,,,,,,,,,,,,,,,,,,,,,,,,,,,,,,,,,,,,,,,,,,,,,,,,,,,,,,,,,,,,,,,,,,,,,,,,,,,,,,,,,,,,,,,,,,,,,,,,,,,,,,,,,,,,,,,,,,,,,,,,,,,,,,,,,,,,,,,,,,,,,,,,,,,,,,,,,,,,,,,,,,,,,,,,,,,,,,,,,,,,,,,,,,,,,,,,,,,,,,,,,,,,,,,,,,,,,
Indre By,1989,51.0,38.0,,,,,,,0.0,0.0,,0.0,0.0,,57.0,42.0,,,,,,,9.0,3.0,,5.0,8.0,,14.0,32.0,43.0,33.0,168.0,109.0,162.0,110.0,119.0,65.0,44.0,35.0,39.0,65.0,27.0,14.0,41.0,34.0,256.0,254.0,360.0,320.0,270.0,252.0,121.0,139.0,143.0,332.0,1303.0,1184.0,1375.0,1397.0,4371.0,4508.0,3383.0,2798.0,2729.0,2640.0,1692.0,1772.0,3011.0,4775.0,,,,,,,,,,,,,,,,,,,,,,,,,,,,,,,1670884.0,98039.0,17043.0,1586281.0,85019.0,18658.0,2333337.0,178199.0,13094.0,1654682.0,130908.0,12640.0,1788551.0,104545.0,17108.0,1883344.0,100103.0,18814.0,3073523.0,183768.0,16725.0,2574297.0,139211.0,18492.0,2519751.0,157672.0,15981.0,2155415.0,120738.0,17852.0,,,,,,,,,,,,,,,,,,,,,,,,,,,,,,,,,,,,,,,,,,,,,,,,,,,,,,,,,,,,,,,,,,,,,,,,,,,,,,,,,,,,,,,,,,,,,,,,,,,,,,,,,,,,,,,,,,,,,,,,,,,,,,,,,,,,,,,,,,,,,,,,,,,,,,,,,,,,,,,,,,,,,,,,,,,,,,,,,,,,,,,,,,,,,,,,,,,,,,,,,,,,,,,,,,,,,,,,,,,,,,,,,,,,,,,,,,,,,,,,,,,,,,,,,,,,,,,,,,,,,,,,,,,,,,,,,,,,,,,,
Indre By,1990,53.0,39.0,,,,,,3.0,,0.0,,0.0,0.0,,51.0,40.0,,,,,,25.0,,3.0,,6.0,8.0,,8.0,18.0,34.0,40.0,164.0,105.0,158.0,118.0,104.0,63.0,51.0,35.0,36.0,66.0,21.0,13.0,31.0,40.0,245.0,251.0,337.0,301.0,259.0,267.0,120.0,139.0,142.0,324.0,1300.0,1224.0,1359.0,1394.0,4349.0,4615.0,3278.0,2793.0,2810.0,2666.0,1694.0,1772.0,2909.0,4637.0,,,,,,,,,,,,,,,,,,,,,,,,,,,,,,,1707975.0,100516.0,16992.0,1636948.0,88055.0,18590.0,2344582.0,179813.0,13039.0,1715748.0,136181.0,12599.0,1829858.0,107304.0,17053.0,1947912.0,104133.0,18706.0,3209792.0,190877.0,16816.0,2653065.0,143712.0,18461.0,2603910.0,162714.0,16003.0,2229419.0,125115.0,17819.0,,,,,,,,,,,,,,,,,,,,,,,,,,,,,,,,,,,,,,,,,,,,,,,,,,,,,,,,,,,,,,,,,,,,,,,,,,,,,,,,,,,,,,,,,,,,,,,,,,,,,,,,,,,,,,,,,,,,,,,,,,,,,,,,,,,,,,,,,,,,,,,,,,,,,,,,,,,,,,,,,,,,,,,,,,,,,,,,,,,,,,,,,,,,,,,,,,,,,,,,,,,,,,,,,,,,,,,,,,,,,,,,,,,,,,,,,,,,,,,,,,,,,,,,,,,,,,,,,,,,,,,,,,,,,,,,,,,,,,,,
Indre By,1991,51.0,31.0,24.0,17.0,,,6.0,,,0.0,,0.0,0.0,0.0,46.0,37.0,19.0,,,,14.0,,,5.0,,,6.0,13.0,8.0,15.0,27.0,,189.0,115.0,165.0,109.0,105.0,71.0,52.0,,37.0,65.0,19.0,7.0,35.0,25.0,232.0,270.0,363.0,290.0,282.0,272.0,134.0,142.0,141.0,310.0,1283.0,1285.0,1288.0,1348.0,4400.0,4671.0,3209.0,2760.0,2804.0,2703.0,1697.0,1788.0,2838.0,4473.0,,,,,,,,,,,,,,,,,,,,,,,,,,,,,,,1784016.0,105289.0,16944.0,1679942.0,91014.0,18458.0,2407587.0,185099.0,13007.0,1756383.0,140466.0,12504.0,1919764.0,112821.0,17016.0,1977678.0,106562.0,18559.0,3339514.0,197488.0,16910.0,2755922.0,149551.0,18428.0,2674387.0,166369.0,16075.0,2303615.0,129526.0,17785.0,,,,,,,,,,,,,,,,,,,,,,,,,,,,,,,,,,,,,,,,,,,,,,,,,,,,,,,,,,,,,,,,,,,,,,,,,,,,,,,,,,,,,,,,,,,,,,,,,,,,,,,,,,,,,,,,,,,,,,,,,,,,,,,,,,,,,,,,,,,,,,,,,,,,,,,,,,,,,,,,,,,,,,,,,,,,,,,,,,,,,,,,,,,,,,,,,,,,,,,,,,,,,,,,,,,,,,,,,,,,,,,,,,,,,,,,,,,,,,,,,,,,,,,,,,,,,,,,,,,,,,,,,,,,,,,,,,,,,,,,
Indre By,1992,44.0,35.0,,,,,,3.0,,0.0,,0.0,0.0,0.0,47.0,33.0,21.0,23.0,,,,29.0,10.0,,,6.0,7.0,12.0,12.0,16.0,,,159.0,115.0,151.0,120.0,,,51.0,34.0,42.0,66.0,20.0,9.0,36.0,29.0,248.0,265.0,361.0,272.0,281.0,264.0,153.0,153.0,140.0,303.0,1296.0,1346.0,1228.0,1246.0,4520.0,4760.0,3231.0,2744.0,2763.0,2713.0,1717.0,1800.0,2740.0,4348.0,,,,,,,,,,,,,,,,,,,,,,,,,,,,,,,1823295.0,106863.0,17062.0,1748343.0,94439.0,18513.0,2426164.0,186829.0,12986.0,1812927.0,143066.0,12672.0,1961626.0,114427.0,17143.0,2056710.0,110487.0,18615.0,3428553.0,201218.0,17039.0,2870727.0,155284.0,18487.0,2753779.0,170439.0,16157.0,2387962.0,133975.0,17824.0,,,,,,,,,,,,,,,,,,,,,,,,,,,,,,,,,,,,,,,,,,,,,,,,,,,,,,,,,,,,,,,,,,,,,,,,,,,,,,,,,,,,,,,,,,,,,,,,,,,,,,,,,,,,,,,,,,,,,,,,,,,,,,,,,,,,,,,,,,,,,,,,,,,,,,,,,,,,,,,,,,,,,,,,,,,,,,,,,,,,,,,,,,,,,,,,,,,,,,,,,,,,,,,,,,,,,,,,,,,,,,,,,,,,,,,,,,,,,,,,,,,,,,,,,,,,,,,,,,,,,,,,,,,,,,,,,,,,,,,,
Indre By,1993,44.0,32.0,31.0,16.0,,,,3.0,0.0,,,0.0,0.0,0.0,48.0,38.0,16.0,28.0,,,,29.0,7.0,,,7.0,9.0,13.0,12.0,17.0,23.0,31.0,144.0,115.0,179.0,128.0,103.0,79.0,58.0,36.0,41.0,66.0,21.0,18.0,42.0,32.0,238.0,273.0,385.0,272.0,292.0,273.0,168.0,147.0,134.0,295.0,1330.0,1380.0,1191.0,1206.0,4675.0,4825.0,3223.0,2738.0,2682.0,2701.0,1844.0,1900.0,2699.0,4252.0,,,,,,,,,,,,,,,,,,,,,,,,,,,,,,,1901878.0,109688.0,17339.0,1813442.0,97828.0,18537.0,2448853.0,186494.0,13131.0,1863661.0,146780.0,12697.0,2048400.0,117501.0,17433.0,2139105.0,114777.0,18637.0,3420826.0,197713.0,17302.0,2932468.0,158460.0,18506.0,2806355.0,172190.0,16298.0,2462168.0,138378.0,17793.0,,,,,,,,,,,,,,,,,,,,,,,,,,,,,,,,,,,,,,,,,,,,,,,,,,,,,,,,,,,,,,,,,,,,,,,,,,,,,,,,,,,,,,,,,,,,,,,,,,,,,,,,,,,,,,,,,,,,,,,,,,,,,,,,,,,,,,,,,,,,,,,,,,,,,,,,,,,,,,,,,,,,,,,,,,,,,,,,,,,,,,,,,,,,,,,,,,,,,,,,,,,,,,,,,,,,,,,,,,,,,,,,,,,,,,,,,,,,,,,,,,,,,,,,,,,,,,,,,,,,,,,,,,,,,,,,,,,,,,,,
Indre By,1994,45.0,33.0,34.0,10.0,6.0,6.0,,3.0,0.0,0.0,,0.0,0.0,0.0,46.0,44.0,19.0,29.0,31.0,30.0,,24.0,7.0,3.0,,5.0,9.0,14.0,17.0,16.0,22.0,22.0,151.0,136.0,181.0,103.0,113.0,95.0,58.0,35.0,44.0,67.0,16.0,12.0,36.0,28.0,266.0,250.0,374.0,269.0,299.0,288.0,189.0,174.0,131.0,283.0,1376.0,1416.0,1137.0,1171.0,4800.0,4914.0,3320.0,2810.0,2705.0,2622.0,1936.0,2036.0,2603.0,4104.0,,,,,,,,,,,,,,,,,,,,,,,,,,,,,,,2062313.0,118728.0,17370.0,1937402.0,103983.0,18632.0,2694052.0,197787.0,13621.0,1992670.0,149488.0,13330.0,2213864.0,126964.0,17437.0,2299753.0,122771.0,18732.0,3656369.0,210997.0,17329.0,3146378.0,169215.0,18594.0,3026097.0,177943.0,17006.0,2684426.0,146538.0,18319.0,,,,,,,,,,,,,,,,,,,,,,,,,,,,,,,,,,,,,,,,,,,,,,,,,,,,,,,,,,,,,,,,,,,,,,,,,,,,,,,,,,,,,,,,,,,,,,,,,,,,,,,,,,,,,,,,,,,,,,,,,,,,,,,,,,,,,,,,,,,,,,,,,,,,,,,,,,,,,,,,,,,,,,,,,,,,,,,,,,,,,,,,,,,,,,,,,,,,,,,,,,,,,,,,,,,,,,,,,,,,,,,,,,,,,,,,,,,,,,,,,,,,,,,,,,,,,,,,,,,,,,,,,,,,,,,,,,,,,,,,
Indre By,1995,44.0,39.0,28.0,15.0,8.0,11.0,,4.0,,0.0,,0.0,0.0,0.0,40.0,35.0,,,34.0,40.0,,20.0,,6.0,,,9.0,13.0,,,21.0,24.0,158.0,120.0,200.0,117.0,103.0,98.0,,,41.0,64.0,,,,,273.0,274.0,379.0,279.0,311.0,274.0,213.0,196.0,124.0,275.0,1427.0,1483.0,1070.0,1141.0,4799.0,5022.0,3419.0,2900.0,2608.0,2551.0,2045.0,2157.0,2533.0,3967.0,,,,,,,,,,,,,,,,,,,,,,,,,,,,,,,2078003.0,119970.0,17321.0,2026132.0,108095.0,18744.0,2823882.0,206772.0,13657.0,2088790.0,157597.0,13254.0,2245298.0,128959.0,17411.0,2390877.0,126871.0,18845.0,3710492.0,215238.0,17239.0,3249672.0,173677.0,18711.0,3094694.0,184571.0,16767.0,2726377.0,148901.0,18310.0,,,,,,,,,,,,,,,,,,,,,,,,,,,,,,,,,,,,,,,,,,,,,,,,,,,,,,,,,,,,,,,,,,,,,,,,,,,,,,,,,,,,,,,,,,,,,,,,,,,,,,,,,,,,,,,,,,,,,,,,,,,,,,,,,,,,,,,,,,,,,,,,,,,,,,,,,,,,,,,,,,,,,,,,,,,,,,,,,,,,,,,,,,,,,,,,,,,,,,,,,,,,,,,,,,,,,,,,,,,,,,,,,,,,,,,,,,,,,,,,,,,,,,,,,,,,,,,,,,,,,,,,,,,,,,,,,,,,,,,,
Indre By,1996,40.0,44.0,30.0,13.0,,,,,,,,0.0,0.0,0.0,39.0,36.0,25.0,32.0,,,,,,,,6.0,11.0,13.0,14.0,13.0,23.0,23.0,139.0,113.0,193.0,112.0,103.0,100.0,75.0,49.0,37.0,61.0,20.0,15.0,30.0,26.0,292.0,278.0,386.0,271.0,315.0,284.0,243.0,218.0,123.0,268.0,1503.0,1492.0,1021.0,1090.0,4751.0,5165.0,3497.0,2989.0,2516.0,2501.0,2172.0,2267.0,2457.0,3833.0,,,,,,,,,,,,,,,,,,,,,,,,,,,,,,,2348285.0,133403.0,17603.0,2130376.0,113717.0,18734.0,3100098.0,220037.0,14089.0,2208212.0,164841.0,13396.0,2510153.0,141961.0,17682.0,2547142.0,135371.0,18816.0,4057506.0,231699.0,17512.0,3392770.0,181587.0,18684.0,3303682.0,193051.0,17113.0,2834786.0,154526.0,18345.0,,,,,,,,,,,,,,,,,,,,,,,,,,,,,,,,,,,,,,,,,,,,,,,,,,,,,,,,,,,,,,,,,,,,,,,,,,,,,,,,,,,,,,,,,,,,,,,,,,,,,,,,,,,,,,,,,,,,,,,,,,,,,,,,,,,,,,,,,,,,,,,,,,,,,,,,,,,,,,,,,,,,,,,,,,,,,,,,,,,,,,,,,,,,,,,,,,,,,,,,,,,,,,,,,,,,,,,,,,,,,,,,,,,,,,,,,,,,,,,,,,,,,,,,,,,,,,,,,,,,,,,,,,,,,,,,,,,,,,,,
Indre By,1997,40.0,44.0,26.0,11.0,,,,,,,0.0,0.0,,0.0,45.0,42.0,26.0,34.0,,,,,,,6.0,6.0,,15.0,14.0,12.0,46.0,19.0,114.0,111.0,188.0,131.0,108.0,96.0,84.0,58.0,43.0,58.0,21.0,21.0,27.0,31.0,302.0,285.0,415.0,299.0,317.0,283.0,250.0,221.0,141.0,273.0,1587.0,1584.0,1020.0,1046.0,4804.0,5073.0,3741.0,3107.0,2422.0,2380.0,2327.0,2449.0,2426.0,3770.0,,,,,,,,,,,,,,,,,,,,,,,,,,,,,,,2472403.0,140191.0,17636.0,2228437.0,118945.0,18735.0,3256434.0,229310.0,14201.0,2336393.0,172606.0,13536.0,2640759.0,148733.0,17755.0,2671475.0,141911.0,18825.0,4250775.0,242209.0,17550.0,3534617.0,189169.0,18685.0,3383574.0,198555.0,17041.0,2904285.0,158730.0,18297.0,,,,,,,,,,,,,,,,,,,,,,,,,,,,,,,,,,,,,,,,,,,,,,,,,,,,,,,,,,,,,,,,,,,,,,,,,,,,,,,,,,,,,,,,,,,,,,,,,,,,,,,,,,,,,,,,,,,,,,,,,,,,,,,,,,,,,,,,,,,,,,,,,,,,,,,,,,,,,,,,,,,,,,,,,,,,,,,,,,,,,,,,,,,,,,,,,,,,,,,,,,,,,,,,,,,,,,,,,,,,,,,,,,,,,,,,,,,,,,,,,,,,,,,,,,,,,,,,,,,,,,,,,,,,,,,,,,,,,,,,
Indre By,1998,44.0,38.0,25.0,9.0,,,,,,,0.0,0.0,,0.0,36.0,34.0,,,,,,,,,,,,16.0,,,41.0,24.0,112.0,105.0,196.0,144.0,107.0,89.0,,,50.0,59.0,,,,,320.0,311.0,468.0,302.0,363.0,256.0,272.0,243.0,147.0,276.0,1619.0,1660.0,1013.0,1007.0,4707.0,4946.0,3849.0,3255.0,2351.0,2281.0,2470.0,2599.0,2399.0,3724.0,,,,,,,,,,,,,,,,,,,,,,,,,,,,,,,2694702.0,150165.0,17945.0,2339536.0,124061.0,18858.0,3601218.0,245565.0,14665.0,2498302.0,179257.0,13937.0,2845078.0,157823.0,18027.0,2845673.0,150191.0,18947.0,4633129.0,258834.0,17900.0,3691111.0,196127.0,18820.0,3698788.0,209872.0,17624.0,3019703.0,162717.0,18558.0,0.0,0.0,5523.0,6672.0,0.0,0.0,0.0,0.0,0.0,0.0,0.0,0.0,0.0,0.0,0.0,0.0,2372.0,2647.0,0.0,0.0,0.0,0.0,111.0,697.0,0.0,0.0,0.0,0.0,0.0,0.0,0.0,0.0,0.0,0.0,0.0,0.0,528.0,855.0,0.0,0.0,0.0,0.0,23.0,206.0,0.0,0.0,0.0,0.0,0.0,0.0,0.0,0.0,0.0,0.0,0.0,0.0,237.0,578.0,0.0,0.0,0.0,0.0,1.0,31.0,0.0,0.0,0.0,0.0,0.0,0.0,0.0,0.0,0.0,0.0,0.0,0.0,37.0,94.0,0.0,0.0,,,,,,,,,,,,,,,,,,,,,,,,,,,,,,,,,,,,,,,,,,,,,,,,,,,,,,,,,,,,,,,,,,,,,,,,,,,,,,,,,,,,,,,,,,,,,,,,,,,,,,,,,,,,,,,,,,,,,,,,,,,,,,,,,,,,,,,,,,,,,,,,,,,,,,,,,,,,,,,,,,,,,,,,,,,,,,,,,,,,,,,,,,,,,,,,,,,,,,,,
Indre By,1999,50.0,35.0,,17.0,,,,,,,0.0,0.0,,0.0,40.0,38.0,,,,,,,,,,,,14.0,,,52.0,34.0,112.0,143.0,195.0,156.0,115.0,101.0,,,59.0,72.0,,,,,344.0,351.0,489.0,326.0,384.0,271.0,309.0,266.0,164.0,267.0,1693.0,1713.0,1029.0,1007.0,4705.0,4898.0,3947.0,3340.0,2332.0,2197.0,2534.0,2704.0,2416.0,3675.0,,,,,,,,,,,,,,,,,,,,,,,,,,,,,,,2802380.0,156191.0,17942.0,2451959.0,129603.0,18919.0,3811794.0,259765.0,14674.0,2628924.0,187245.0,14040.0,2958764.0,164011.0,18040.0,2974747.0,156442.0,19015.0,4849056.0,271488.0,17861.0,3849441.0,203955.0,18874.0,3921336.0,223795.0,17522.0,3150493.0,169673.0,18568.0,0.0,0.0,5535.0,6620.0,0.0,0.0,0.0,0.0,0.0,0.0,0.0,0.0,0.0,0.0,0.0,0.0,2456.0,2671.0,0.0,0.0,0.0,0.0,118.0,688.0,0.0,0.0,0.0,0.0,0.0,0.0,0.0,0.0,0.0,0.0,0.0,0.0,513.0,868.0,0.0,0.0,0.0,0.0,22.0,202.0,0.0,0.0,0.0,0.0,0.0,0.0,0.0,0.0,0.0,0.0,0.0,0.0,253.0,625.0,0.0,0.0,0.0,0.0,0.0,25.0,0.0,0.0,0.0,0.0,0.0,0.0,0.0,0.0,0.0,0.0,0.0,0.0,43.0,108.0,0.0,0.0,,,,,,,,,,,,,,,,,,,,,,,,,,,,,,,,,,,,,,,,,,,,,,,,,,,,,,,,,,,,,,,,,,,,,,,,,,,,,,,,,,,,,,,,,,,,,,,,,,,,,,,,,,,,,,,,,,,,,,,,,,,,,,,,,,,,,,,,,,,,,,,,,,,,,,,,,,,,,,,,,,,,,,,,,,,,,,,,,,,,,,,,,,,,,,,,,,,,,,,,
Indre By,2000,54.0,37.0,,,,23.0,0.0,3.0,,,0.0,0.0,,0.0,36.0,35.0,,,,34.0,20.0,16.0,,,9.0,3.0,,13.0,13.0,22.0,65.0,38.0,120.0,142.0,203.0,174.0,106.0,115.0,84.0,64.0,57.0,72.0,21.0,23.0,38.0,45.0,313.0,347.0,468.0,338.0,366.0,280.0,320.0,280.0,182.0,266.0,1820.0,1775.0,1040.0,1030.0,4516.0,4817.0,4049.0,3442.0,2310.0,2178.0,2559.0,2752.0,2459.0,3656.0,,,,,,,,,,,,,,,,,,,,,,,,,,,,,,,3037540.0,169269.0,17945.0,2628783.0,138693.0,18954.0,4084441.0,277363.0,14726.0,2819051.0,198917.0,14172.0,3180889.0,176324.0,18040.0,3230008.0,169483.0,19058.0,5211771.0,292287.0,17831.0,4099746.0,216906.0,18901.0,4056647.0,234217.0,17320.0,3253159.0,176313.0,18451.0,0.0,0.0,5567.0,6512.0,0.0,0.0,0.0,0.0,0.0,0.0,0.0,0.0,0.0,0.0,0.0,0.0,2417.0,2686.0,0.0,0.0,0.0,0.0,116.0,650.0,0.0,0.0,0.0,0.0,0.0,0.0,0.0,0.0,0.0,0.0,0.0,0.0,559.0,870.0,0.0,0.0,0.0,0.0,24.0,221.0,0.0,0.0,0.0,0.0,0.0,0.0,0.0,0.0,0.0,0.0,0.0,0.0,276.0,675.0,0.0,0.0,0.0,0.0,0.0,28.0,0.0,0.0,0.0,0.0,0.0,0.0,0.0,0.0,0.0,0.0,0.0,0.0,47.0,118.0,0.0,0.0,,,,,,,,,,,,,,,,,,,,,,,,,,,,,,,,,,,,,,,,,,,,,,,,,,,,,,,,,,,,,,,,,,,,,,,,,,,,,,,,,,,,,,,,,,,,,,,,,,,,,,,,,,,,,,,,,,,,,,,,,,,,,,,,,,,,,,,,,,,,,,,,,,,,,,,,,,,,,,,,,,,,,,,,,,,,,,,,,,,,,,,,,,,,,,,,,,,,,,,,
Indre By,2001,54.0,42.0,30.0,13.0,28.0,30.0,,,,,0.0,0.0,,0.0,34.0,35.0,38.0,27.0,26.0,38.0,,,,,9.0,3.0,,13.0,14.0,16.0,58.0,46.0,131.0,157.0,202.0,180.0,113.0,120.0,91.0,58.0,60.0,73.0,32.0,33.0,42.0,50.0,330.0,375.0,468.0,343.0,347.0,274.0,308.0,297.0,182.0,268.0,1925.0,1822.0,999.0,1043.0,4444.0,4656.0,4078.0,3511.0,2282.0,2104.0,2640.0,2880.0,2511.0,3660.0,,,,,,,,,,,,,,,,,,,,,,,,,,,,,,,3176231.0,177008.0,17944.0,2749875.0,145059.0,18957.0,4231458.0,287132.0,14737.0,2962012.0,207977.0,14242.0,3350567.0,185411.0,18071.0,3344340.0,175547.0,19051.0,5481213.0,307743.0,17811.0,4301125.0,227657.0,18893.0,4245224.0,246228.0,17241.0,3384428.0,184056.0,18388.0,0.0,0.0,5564.0,6416.0,0.0,0.0,0.0,0.0,0.0,0.0,0.0,0.0,0.0,0.0,0.0,0.0,2382.0,2755.0,0.0,0.0,0.0,0.0,120.0,655.0,0.0,0.0,0.0,0.0,0.0,0.0,0.0,0.0,0.0,0.0,0.0,0.0,608.0,871.0,0.0,0.0,0.0,0.0,19.0,239.0,0.0,0.0,0.0,0.0,0.0,0.0,0.0,0.0,0.0,0.0,0.0,0.0,278.0,715.0,0.0,0.0,0.0,0.0,1.0,28.0,0.0,0.0,0.0,0.0,0.0,0.0,0.0,0.0,0.0,0.0,0.0,0.0,41.0,134.0,0.0,0.0,,,,,,,,,,,,,,,,,,,,,,,,,,,,,,,,,,,,,,,,,,,,,,,,,,,,,,,,,,,,,,,,,,,,,,,,,,,,,,,,,,,,,,,,,,,,,,,,,,,,,,,,,,,,,,,,,,,,,,,,,,,,,,,,,,,,,,,,,,,,,,,,,,,,,,,,,,,,,,,,,,,,,,,,,,,,,,,,,,,,,,,,,,,,,,,,,,,,,,,,
Indre By,2002,68.0,50.0,28.0,16.0,,,5.0,4.0,,,0.0,0.0,,0.0,,,37.0,25.0,,,19.0,15.0,,,,,,11.0,,,34.0,34.0,130.0,183.0,191.0,184.0,122.0,120.0,,,65.0,74.0,29.0,23.0,37.0,46.0,356.0,398.0,481.0,354.0,340.0,265.0,288.0,314.0,195.0,273.0,1948.0,1853.0,1027.0,1047.0,4214.0,4528.0,4206.0,3563.0,2286.0,2123.0,2669.0,2910.0,2559.0,3648.0,,,,,,,,,,,,,,,,,,,,,,,,,,,,,,,3588537.0,198987.0,18034.0,2847626.0,149239.0,19081.0,4356841.0,297253.0,14657.0,3053185.0,213033.0,14332.0,3750973.0,206665.0,18150.0,3484578.0,181772.0,19170.0,6074486.0,339186.0,17909.0,4369488.0,229900.0,19006.0,4313111.0,249818.0,17265.0,3473646.0,187694.0,18507.0,0.0,0.0,5614.25,6413.0,0.0,0.0,0.0,0.0,0.0,0.0,0.0,0.0,0.0,0.0,0.0,0.0,2323.75,2827.75,0.0,0.0,0.0,0.0,120.25,662.75,0.0,0.0,0.0,0.0,0.0,0.0,0.0,0.0,0.0,0.0,0.0,0.0,585.75,849.25,0.0,0.0,0.0,0.0,18.0,244.5,0.0,0.0,0.0,0.0,0.0,0.0,0.0,0.0,0.0,0.0,0.0,0.0,302.0,737.75,0.0,0.0,0.0,0.0,1.25,37.5,0.0,0.0,0.0,0.0,0.0,0.0,0.0,0.0,0.0,0.0,0.0,0.0,47.75,153.5,0.0,0.0,,,,,,,,,,,,,,,,,,,,,,,,,,,,,,,,,,,,,,,,,,,,,,,,,,,,,,,,,,,,,,,,,,,,,,,,,,,,,,,,,,,,,,,,,,,,,,,,,,,,,,,,,,,,,,,,,,,,,,,,,,,,,,,,,,,,,,,,,,,,,,,,,,,,,,,,,,,,,,,,,,,,,,,,,,,,,,,,,,,,,,,,,,,,,,,,,,,,,,,,
Indre By,2003,61.0,52.0,29.0,25.0,31.0,35.0,10.0,8.0,,4.0,0.0,0.0,,0.0,,,36.0,29.0,27.0,38.0,16.0,21.0,,20.0,8.0,3.0,,,,,32.0,35.0,136.0,183.0,203.0,203.0,135.0,138.0,89.0,67.0,,,28.0,22.0,40.0,53.0,352.0,421.0,471.0,353.0,340.0,245.0,274.0,330.0,207.0,275.0,1991.0,1906.0,1079.0,1097.0,4058.0,4402.0,4260.0,3639.0,2355.0,2108.0,2590.0,2889.0,2703.0,3757.0,,,,,,,,,,,,,,,,,,,,,,,,,,,,,,,3626883.0,199850.0,18148.0,2948767.0,154653.0,19067.0,4449933.0,300448.0,14811.0,3110746.0,216475.0,14370.0,3809488.0,208488.0,18272.0,3597180.0,187588.0,19176.0,6056556.0,335580.0,18048.0,4472581.0,235399.0,19000.0,4419964.0,252974.0,17472.0,3545960.0,192162.0,18453.0,0.0,0.0,5569.25,6353.75,0.0,0.0,0.0,0.0,0.0,0.0,0.0,0.0,0.0,0.0,0.0,0.0,2306.0,2893.0,0.0,0.0,0.0,0.0,123.5,685.25,0.0,0.0,0.0,0.0,0.0,0.0,0.0,0.0,0.0,0.0,0.0,0.0,604.75,862.75,0.0,0.0,0.0,0.0,21.25,248.5,0.0,0.0,0.0,0.0,0.0,0.0,0.0,0.0,0.0,0.0,0.0,0.0,311.25,760.75,0.0,0.0,0.0,0.0,2.75,40.0,0.0,0.0,0.0,0.0,0.0,0.0,0.0,0.0,0.0,0.0,0.0,0.0,55.25,169.25,0.0,0.0,,,,,,,,,,,,,,,,,,,,,,,,,,,,,,,,,,,,,,,,,,,,,,,,,,,,,,,,,,,,,,,,,,,,,,,,,,,,,,,,,,,,,,,,,,,,,,,,,,,,,,,,,,,,,,,,,,,,,,,,,,,,,,,,,,,,,,,,,,,,,,,,,,,,,,,,,,,,,,,,,,,,,,,,,,,,,,,,,,,,,,,,,,,,,,,,,,,,,,,,
Indre By,2004,50.0,50.0,28.0,29.0,29.0,36.0,12.0,9.0,,3.0,0.0,0.0,,0.0,,,38.0,26.0,35.0,35.0,21.0,27.0,,21.0,9.0,3.0,,,,,31.0,31.0,149.0,188.0,207.0,200.0,136.0,128.0,92.0,88.0,,,23.0,28.0,41.0,61.0,363.0,451.0,473.0,351.0,353.0,250.0,276.0,322.0,219.0,289.0,2010.0,1941.0,1149.0,1140.0,3917.0,4217.0,4286.0,3719.0,2351.0,2143.0,2592.0,2789.0,2810.0,3877.0,,,,,,,,,,,,,,,,,,,,,,,,,,,,,,,3740050.0,207377.0,18035.0,3119596.0,163621.0,19066.0,4639731.0,317095.0,14632.0,3185928.0,222605.0,14312.0,3916847.0,215947.0,18138.0,3830521.0,200079.0,19145.0,6036699.0,337397.0,17892.0,4595555.0,242164.0,18977.0,4530852.0,261536.0,17324.0,3603557.0,195463.0,18436.0,0.0,0.0,5556.0,6366.75,0.0,0.0,0.0,0.0,0.0,0.0,0.0,0.0,0.0,0.0,0.0,0.0,2286.0,2863.0,0.0,0.0,0.0,0.0,125.75,700.25,0.0,0.0,0.0,0.0,0.0,0.0,0.0,0.0,0.0,0.0,0.0,0.0,583.25,871.0,0.0,0.0,0.0,0.0,25.0,270.0,0.0,0.0,0.0,0.0,0.0,0.0,0.0,0.0,0.0,0.0,0.0,0.0,301.25,778.25,0.0,0.0,0.0,0.0,2.5,40.5,0.0,0.0,0.0,0.0,0.0,0.0,0.0,0.0,0.0,0.0,0.0,0.0,61.0,178.75,0.0,0.0,,,,,,,,,,,,,,,,,,,,,,,,,,,,,,,,,,,,,,,,,,,,,,,,,,,,,,,,,,,,,,,,,,,,,,,,,,,,,,,,,,,,,,,,,,,,,,,,,,,,,,,,,,,,,,,,,,,,,,,,,,,,,,,,,,,,,,,,,,,,,,,,,,,,,,,,,,,,,,,,,,,,,,,,,,,,,,,,,,,,,,,,,,,,,,,,,,,,,,,,
Indre By,2005,61.0,41.0,32.0,27.0,32.0,36.0,15.0,14.0,,3.0,0.0,0.0,,0.0,42.0,43.0,37.0,28.0,33.0,37.0,20.0,28.0,,19.0,7.0,5.0,,9.0,18.0,16.0,31.0,30.0,159.0,207.0,201.0,222.0,160.0,111.0,89.0,98.0,81.0,81.0,26.0,26.0,43.0,46.0,375.0,498.0,469.0,394.0,348.0,253.0,256.0,306.0,250.0,315.0,2033.0,1942.0,1183.0,1225.0,3731.0,4051.0,4213.0,3681.0,2441.0,2191.0,2488.0,2704.0,2984.0,3950.0,,,,,,,,,,,,,,,,,,,,,,,,,,,,,,,3854130.0,214595.0,17960.0,3237969.0,171113.0,18923.0,4722113.0,325596.0,14503.0,3298268.0,229748.0,14356.0,4028600.0,222895.0,18074.0,3964465.0,208678.0,18998.0,6162846.0,345819.0,17821.0,4741637.0,251532.0,18851.0,4616930.0,270296.0,17081.0,3687150.0,202613.0,18198.0,0.0,0.0,5634.25,6366.0,0.0,0.0,0.0,0.0,0.0,0.0,0.0,0.0,0.0,0.0,0.0,0.0,2266.75,2877.5,0.0,0.0,0.0,0.0,130.75,710.5,0.0,0.0,0.0,0.0,0.0,0.0,0.0,0.0,0.0,0.0,0.0,0.0,593.75,869.25,0.0,0.0,0.0,0.0,29.0,269.25,0.0,0.0,0.0,0.0,0.0,0.0,0.0,0.0,0.0,0.0,0.0,0.0,319.0,810.25,0.0,0.0,0.0,0.0,1.5,41.25,0.0,0.0,0.0,0.0,0.0,0.0,0.0,0.0,0.0,0.0,0.0,0.0,60.5,185.0,0.0,0.0,,,,,,,,,,,,,,,,,,,,,,,,,,,,,,,,,,,,,,,,,,,,,,,,,,,,,,,,,,,,,,,,,,,,,,,,,,,,,,,,,,,,,,,,,,,,,,,,,,,,,,,,,,,,,,,,,,,,,,,,,,,,,,,,,,,,,,,,,,,,,,,,,,,,,,,,,,,,,,,,,,,,,,,,,,,,,,,,,,,,,,,,,,,,,,,,,,,,,,,,
Indre By,2006,60.0,39.0,32.0,27.0,38.0,39.0,,,0.0,,,0.0,,0.0,,,33.0,25.0,42.0,52.0,,,16.0,,,7.0,,,,,25.0,27.0,165.0,230.0,203.0,234.0,160.0,106.0,92.0,98.0,,,35.0,27.0,34.0,62.0,428.0,540.0,516.0,420.0,348.0,261.0,263.0,313.0,260.0,337.0,2045.0,1944.0,1238.0,1242.0,3539.0,3904.0,4109.0,3643.0,2493.0,2242.0,2464.0,2598.0,3107.0,4025.0,,,,,,,,,,,,,,,,,,,,,,,,,,,,,,,4288332.0,235067.0,18243.0,3416892.0,178391.0,19154.0,5042586.0,337771.0,14929.0,3513076.0,240260.0,14622.0,4443510.0,242510.0,18323.0,4249643.0,221232.0,19209.0,6960469.0,383560.0,18147.0,5035118.0,263743.0,19091.0,4935830.0,280095.0,17622.0,3858851.0,208238.0,18531.0,0.0,0.0,5906.0,6446.0,0.0,0.0,0.0,0.0,0.0,0.0,0.0,0.0,0.0,0.0,0.0,0.0,2245.25,2885.5,0.0,0.0,0.0,0.0,142.75,755.75,0.0,0.0,0.0,0.0,0.0,0.0,0.0,0.0,0.0,0.0,0.0,0.0,591.0,879.75,0.0,0.0,0.0,0.0,32.0,295.0,0.0,0.0,0.0,0.0,0.0,0.0,0.0,0.0,0.0,0.0,0.0,0.0,321.5,819.0,0.0,0.0,0.0,0.0,2.5,53.75,0.0,0.0,0.0,0.0,0.0,0.0,0.0,0.0,0.0,0.0,0.0,0.0,66.75,190.0,0.0,0.0,,,,,,,,,,,,,,,,,,,,,,,,,,,,,,,,,,,,,,,,,,,,,,,,,,,,,,,,,,,,,,,,,,,,,,,,,,,,,,,,,,,,,,,,,,,,,,,,,,,,,,,,,,,,,,,,,,,,,,,,,,,,,,,,,,,,,,,,,,,,,,,,,,,,,,,,,,,,,,,,,,,,,,,,,,,,,,,,,,,,,,,,,,,,,,,,,,,,,,,,
Indre By,2007,61.0,45.0,37.0,32.0,31.0,36.0,,,0.0,,,,,0.0,,,27.0,29.0,39.0,48.0,,,17.0,,,,,,,,25.0,30.0,186.0,268.0,239.0,234.0,167.0,121.0,108.0,103.0,,,38.0,33.0,40.0,54.0,521.0,682.0,538.0,431.0,381.0,262.0,283.0,310.0,274.0,358.0,2089.0,1956.0,1312.0,1365.0,3517.0,3786.0,3997.0,3645.0,2599.0,2295.0,2386.0,2477.0,3272.0,4197.0,,,,,,,,,,,,,,,,,,,,,,,,,,,,,,,4181911.0,229183.0,18247.0,3461445.0,180209.0,19208.0,5313312.0,354860.0,14973.0,3692829.0,250820.0,14723.0,4333671.0,236477.0,18326.0,4311663.0,223808.0,19265.0,7075677.0,390167.0,18135.0,5276868.0,275483.0,19155.0,5024615.0,288904.0,17392.0,3948575.0,214282.0,18427.0,0.0,0.0,5895.5,6354.0,0.0,0.0,0.0,0.0,0.0,0.0,0.0,0.0,0.0,0.0,0.0,0.0,2240.5,2944.5,0.0,0.0,0.0,0.0,145.5,776.25,0.0,0.0,0.0,0.0,0.0,0.0,0.0,0.0,0.0,0.0,0.0,0.0,582.0,893.0,0.0,0.0,0.0,0.0,33.5,296.0,0.0,0.0,0.0,0.0,0.0,0.0,0.0,0.0,0.0,0.0,0.0,0.0,319.5,854.75,0.0,0.0,0.0,0.0,4.25,63.75,0.0,0.0,0.0,0.0,0.0,0.0,0.0,0.0,0.0,0.0,0.0,0.0,63.0,207.75,0.0,0.0,,,,,,,,,,,,,,,,,,,,,,,,,,,,,,,,,,,,,,,,,,,,,,,,,,,,,,,,,,,,,,,,,,,,,,,,,,,,,,,,,,,,,,,,,,,,,,,,,,,,,,,,,,,,,,,,,,,,,,,,,,,,,,,,,,,,,,,,,,,,,,,,,,,,,,,,,,,,,,,,,,,,,,,,,,,,,,,,,,,,,,,,,,,,,,,,,,,,,,,,
Indre By,2008,58.0,46.0,38.0,32.0,36.0,35.0,,,,,,,,0.0,51.0,41.0,,,33.0,36.0,,,,,,,,,,,25.0,36.0,195.0,309.0,254.0,258.0,166.0,132.0,114.0,103.0,,,,,,,512.0,724.0,560.0,465.0,386.0,266.0,290.0,302.0,282.0,378.0,2164.0,1958.0,1340.0,1408.0,3476.0,3719.0,3816.0,3532.0,2671.0,2367.0,2290.0,2363.0,3406.0,4349.0,1241.0,681.0,423.0,208.0,235.0,352.0,226.0,121.0,72.0,66.0,256.0,120.0,73.0,41.0,53.0,149.0,82.0,61.0,20.0,32.0,209.0,126.0,77.0,39.0,45.0,275.0,127.0,91.0,36.0,39.0,4120674.0,223743.0,18417.0,3512958.0,181090.0,19399.0,5471053.0,365346.0,14975.0,3870636.0,260684.0,14848.0,4336573.0,234447.0,18497.0,4281014.0,219979.0,19461.0,7110313.0,388797.0,18288.0,5470303.0,283127.0,19321.0,5209480.0,296820.0,17551.0,4123635.0,221725.0,18598.0,0.0,0.0,5765.0,6385.5,0.0,0.0,0.0,0.0,0.0,0.0,0.0,0.0,0.0,0.0,0.0,0.0,2222.25,2913.75,0.0,0.0,0.0,0.0,142.5,747.0,0.0,0.0,0.0,0.0,0.0,0.0,0.0,0.0,0.0,0.0,0.0,0.0,578.0,860.75,0.0,0.0,0.0,0.0,32.25,301.5,0.0,0.0,0.0,0.0,0.0,0.0,0.0,0.0,0.0,0.0,0.0,0.0,325.5,902.0,0.0,0.0,0.0,0.0,8.0,59.75,0.0,0.0,0.0,0.0,0.0,0.0,0.0,0.0,0.0,0.0,0.0,0.0,63.25,216.75,0.0,0.0,,,,,,,,,,,,,,,,,,,,,,,,,,,,,,,,,,,,,,,,,,,,,,,,,,,,,,,,,,,,,,,,,,,,,,,,,,,,,,,,,,,,,,,,,,,,,,,,,,,,,,,,,,,,,,,,,,,,,,,,,,,,,,,,,,,,,,,,,,,,,,,,,,,,,,,,,,,,,,,,,,,,,,,,,,,,,,,,,,,,,,,,,,,,,,,,,,,,,,,,
Indre By,2009,55.0,43.0,44.0,33.0,40.0,51.0,,38.0,,,,,,0.0,,,27.0,33.0,36.0,41.0,,35.0,,,,,13.0,,,,29.0,34.0,216.0,348.0,288.0,287.0,168.0,138.0,122.0,101.0,,,43.0,36.0,30.0,57.0,599.0,819.0,599.0,482.0,392.0,268.0,300.0,298.0,304.0,394.0,2169.0,2002.0,1369.0,1482.0,3523.0,3725.0,3781.0,3517.0,2683.0,2377.0,2218.0,2306.0,3491.0,4453.0,1199.0,831.0,561.0,360.0,414.0,318.0,233.0,175.0,125.0,115.0,209.0,153.0,111.0,66.0,106.0,205.0,101.0,73.0,40.0,55.0,219.0,173.0,104.0,71.0,82.0,248.0,171.0,98.0,58.0,56.0,4268467.0,227348.0,18775.0,3661856.0,184812.0,19814.0,5499668.0,361060.0,15232.0,3996264.0,263693.0,15155.0,4492613.0,238145.0,18865.0,4470311.0,224650.0,19899.0,7013007.0,376073.0,18648.0,5526820.0,279981.0,19740.0,5109900.0,285805.0,17879.0,4213295.0,221787.0,18997.0,0.0,0.0,5710.5,6305.0,0.0,0.0,0.0,0.0,0.0,0.0,0.0,0.0,0.0,0.0,0.0,0.0,2250.5,2882.5,0.0,0.0,0.0,0.0,147.0,740.25,0.0,0.0,0.0,0.0,0.0,0.0,0.0,0.0,0.0,0.0,0.0,0.0,593.0,852.5,0.0,0.0,0.0,0.0,32.75,323.5,0.0,0.0,0.0,0.0,0.0,0.0,0.0,0.0,0.0,0.0,0.0,0.0,334.0,921.0,0.0,0.0,0.0,0.0,5.75,57.5,0.0,0.0,0.0,0.0,0.0,0.0,0.0,0.0,0.0,0.0,0.0,0.0,63.0,217.0,0.0,0.0,,,,,,,,,,,,,,,,,,,,,,,,,,,,,,,,,,,,,,,,,,,,,,,,,,,,,,,,,,,,,,,,,,,,,,,,,,,,,,,,,,,,,,,,,,,,,,,,,,,,,,,,,,,,,,,,,,,,,,,,,,,,,,,,,,,,,,,,,,,,,,,,,,,,,,,,,,,,,,,,,,,,,,,,,,,,,,,,,,,,,,,,,,,,,,,,,,,,,,,,
Indre By,2010,49.0,49.0,43.0,40.0,44.0,49.0,,,,,,,,0.0,61.0,49.0,24.0,31.0,39.0,42.0,,,,,,,,10.0,22.0,21.0,27.0,32.0,249.0,359.0,294.0,329.0,166.0,158.0,110.0,111.0,111.0,95.0,42.0,41.0,39.0,49.0,664.0,899.0,621.0,509.0,430.0,282.0,319.0,298.0,304.0,399.0,2178.0,2114.0,1431.0,1507.0,3769.0,3924.0,3785.0,3496.0,2693.0,2443.0,2115.0,2221.0,3585.0,4525.0,1206.0,870.0,572.0,406.0,562.0,339.0,265.0,179.0,122.0,180.0,211.0,123.0,100.0,75.0,112.0,168.0,131.0,78.0,45.0,61.0,219.0,182.0,111.0,79.0,120.0,269.0,169.0,104.0,85.0,89.0,4789915.0,243848.0,19643.0,3828886.0,184917.0,20706.0,5793087.0,378930.0,15288.0,4179113.0,271583.0,15388.0,5003574.0,254079.0,19693.0,4764105.0,229739.0,20737.0,7503587.0,383051.0,19589.0,5666176.0,273900.0,20687.0,5640898.0,312671.0,18041.0,4597830.0,237958.0,19322.0,0.0,0.0,5580.0,6228.5,0.0,0.0,0.0,0.0,0.0,0.0,0.0,0.0,0.0,0.0,0.0,0.0,2297.25,2901.0,0.0,0.0,0.0,0.0,154.0,722.25,0.0,0.0,0.0,0.0,0.0,0.0,0.0,0.0,0.0,0.0,0.0,0.0,616.25,849.25,0.0,0.0,0.0,0.0,33.5,345.75,0.0,0.0,0.0,0.0,0.0,0.0,0.0,0.0,0.0,0.0,0.0,0.0,344.75,928.5,0.0,0.0,0.0,0.0,3.5,58.5,0.0,0.0,0.0,0.0,0.0,0.0,0.0,0.0,0.0,0.0,0.0,0.0,56.25,224.5,0.0,0.0,,,,,,,,,,,,,,,,,,,,,,,,,,,,,,,,,,,,,,,,,,,,,,,,,,,,,,,,,,,,,,,,,,,,,,,,,,,,,,,,,,,,,,,,,,,,,,,,,,,,,,,,,,,,,,,,,,,,,,,,,,,,,,,,,,,,,,,,,,,,,,,,,,,,,,,,,,,,,,,,,,,,,,,,,,,,,,,,,,,,,,,,,,,,,,,,,,,,,,,,
Indre By,2011,49.0,43.0,44.0,42.0,41.0,42.0,,47.0,5.0,3.0,,3.0,,0.0,68.0,51.0,30.0,32.0,37.0,41.0,,43.0,20.0,12.0,,12.0,,12.0,22.0,20.0,29.0,30.0,232.0,373.0,330.0,341.0,173.0,159.0,121.0,114.0,114.0,102.0,44.0,38.0,26.0,56.0,780.0,963.0,663.0,561.0,442.0,268.0,319.0,278.0,315.0,421.0,2213.0,2090.0,1515.0,1572.0,3941.0,4189.0,3746.0,3445.0,2707.0,2490.0,2053.0,2183.0,3667.0,4572.0,1358.0,850.0,565.0,416.0,558.0,350.0,277.0,164.0,139.0,187.0,206.0,128.0,88.0,72.0,101.0,206.0,116.0,63.0,49.0,54.0,259.0,159.0,120.0,69.0,100.0,337.0,170.0,130.0,87.0,116.0,5177905.0,258533.0,20028.0,4282990.0,202860.0,21113.0,6216064.0,394070.0,15774.0,4349601.0,273749.0,15889.0,5410514.0,269542.0,20073.0,5310890.0,251225.0,21140.0,8056100.0,403128.0,19984.0,6127906.0,290450.0,21098.0,6053671.0,324890.0,18633.0,4708087.0,236659.0,19894.0,0.0,0.0,5571.0,6177.5,0.0,0.0,0.0,0.0,0.0,0.0,0.0,0.0,0.0,0.0,0.0,0.0,2371.75,2877.0,0.0,0.0,0.0,0.0,147.75,718.25,0.0,0.0,0.0,0.0,0.0,0.0,0.0,0.0,0.0,0.0,0.0,0.0,644.0,879.75,0.0,0.0,0.0,0.0,39.5,351.25,0.0,0.0,0.0,0.0,0.0,0.0,0.0,0.0,0.0,0.0,0.0,0.0,357.75,935.25,0.0,0.0,0.0,0.0,2.5,59.5,0.0,0.0,0.0,0.0,0.0,0.0,0.0,0.0,0.0,0.0,0.0,0.0,58.0,232.0,0.0,0.0,,,,,,,,,,,,,,,,,,,,,,,,,,,,,,,,,,,,,,,,,,,,,,,,,,,,,,,,,,,,,,,,,,,,,,,,,,,,,,,,,,,,,,,,,,,,,,,,,,,,,,,,,,,,,,,,,,,,,,,,,,,,,,,,,,,,,,,,,,,,,,,,,,,,,,,,,,,,,,,,,,,,,,,,,,,,,,,,,,,,,,,,,,,,,,,,,,,,,,,,
Indre By,2012,46.0,49.0,46.0,44.0,48.0,48.0,,45.0,,,,,,0.0,64.0,57.0,29.0,27.0,59.0,84.0,,40.0,,,,,,12.0,18.0,25.0,32.0,36.0,222.0,361.0,329.0,363.0,189.0,163.0,119.0,120.0,116.0,106.0,41.0,48.0,41.0,70.0,780.0,1036.0,658.0,595.0,447.0,307.0,308.0,274.0,332.0,445.0,2273.0,2076.0,1582.0,1632.0,4159.0,4429.0,3780.0,3407.0,2778.0,2568.0,2067.0,2161.0,3745.0,4651.0,1250.0,807.0,598.0,428.0,614.0,366.0,252.0,198.0,173.0,202.0,163.0,120.0,99.0,62.0,104.0,152.0,94.0,66.0,41.0,66.0,218.0,161.0,109.0,81.0,123.0,351.0,180.0,126.0,71.0,119.0,5375935.0,264018.0,20362.0,4502945.0,208036.0,21645.0,6473330.0,403047.0,16061.0,4540110.0,280513.0,16185.0,5620231.0,275475.0,20402.0,5602346.0,258387.0,21682.0,8303433.0,408613.0,20321.0,6432493.0,297236.0,21641.0,6171976.0,324704.0,19008.0,4942115.0,242000.0,20422.0,0.0,0.0,5501.0,6107.5,0.0,0.0,0.0,0.0,0.0,0.0,0.0,0.0,0.0,0.0,0.0,0.0,2507.5,2899.5,0.0,0.0,0.0,0.0,157.0,755.25,0.0,0.0,0.0,0.0,0.0,0.0,0.0,0.0,0.0,0.0,0.0,0.0,672.0,879.25,0.0,0.0,0.0,0.0,40.75,340.75,0.0,0.0,0.0,0.0,0.0,0.0,0.0,0.0,0.0,0.0,0.0,0.0,366.0,971.75,0.0,0.0,0.0,0.0,3.0,60.0,0.0,0.0,0.0,0.0,0.0,0.0,0.0,0.0,0.0,0.0,0.0,0.0,55.0,247.75,0.0,0.0,,,,,,,,,,,,,,,,,,,,,,,,,,,,,,,,,,,,,,,,,,,,,,,,,,,,,,,,,,,,,,,,,,,,,,,,,,,,,,,,,,,,,,,,,,,,,,,,,,,,,,,,,,,,,,,,,,,,,,,,,,,,,,,,,,,,,,,,,,,,,,,,,,,,,,,,,,,,,,,,,,,,,,,,,,,,,,,,,,,,,,,,,,,,,,,,,,,,,,,,
Indre By,2013,50.0,41.0,47.0,38.0,70.0,65.0,,,,,,,,0.0,68.0,61.0,27.0,24.0,42.0,56.0,,,,,,,,10.0,24.0,26.0,31.0,31.0,198.0,379.0,339.0,352.0,196.0,169.0,120.0,135.0,120.0,110.0,55.0,47.0,45.0,67.0,776.0,990.0,696.0,615.0,473.0,316.0,336.0,268.0,350.0,457.0,2301.0,2095.0,1630.0,1730.0,4230.0,4619.0,3754.0,3336.0,2833.0,2652.0,2094.0,2166.0,3794.0,4732.0,1340.0,869.0,612.0,402.0,536.0,396.0,305.0,220.0,141.0,177.0,190.0,129.0,71.0,75.0,102.0,178.0,97.0,66.0,36.0,63.0,235.0,148.0,112.0,69.0,107.0,341.0,190.0,143.0,81.0,87.0,5742879.0,275914.0,20814.0,4682266.0,214527.0,21826.0,6873976.0,418354.0,16431.0,4716327.0,287651.0,16396.0,5983230.0,286965.0,20850.0,5873647.0,268657.0,21863.0,8791148.0,423425.0,20762.0,6632801.0,304076.0,21813.0,6453190.0,333378.0,19357.0,5108194.0,248067.0,20592.0,0.0,0.0,5442.75,6084.0,0.0,0.0,0.0,0.0,0.0,0.0,0.0,0.0,0.0,0.0,0.0,0.0,2522.25,2876.0,0.0,0.0,0.0,0.0,179.75,746.0,0.0,0.0,0.0,0.0,0.0,0.0,0.0,0.0,0.0,0.0,0.0,0.0,678.25,912.0,0.0,0.0,0.0,0.0,41.5,357.25,0.0,0.0,0.0,0.0,0.0,0.0,0.0,0.0,0.0,0.0,0.0,0.0,378.5,1008.5,0.0,0.0,0.0,0.0,1.75,62.5,0.0,0.0,0.0,0.0,0.0,0.0,0.0,0.0,0.0,0.0,0.0,0.0,57.25,251.0,0.0,0.0,,,,,,,,,,,,,,,,,,,,,,,,,,,,,,,,,,,,,,,,,,,,,,,,,,,,,,,,,,,,,,,,,,,,,,,,,,,,,,,,,,,,,,,,,,,,,,,,,,,,,,,,,,,,,,,,,,,,,,,,,,,,,,,,,,,,,,,,,,,,,,,,,,,,,,,,,,,,,,,,,,,,,,,,,,,,,,,,,,,,,,,,,,,,,,,,,,,,,,,,
Indre By,2014,51.0,43.0,50.0,32.0,71.0,70.0,45.0,29.0,14.0,8.0,,3.0,,0.0,72.0,55.0,28.0,25.0,42.0,45.0,26.0,35.0,13.0,21.0,,14.0,,10.0,33.0,26.0,28.0,30.0,210.0,363.0,343.0,379.0,210.0,176.0,121.0,125.0,124.0,116.0,55.0,45.0,61.0,72.0,815.0,1025.0,727.0,682.0,496.0,331.0,344.0,277.0,359.0,475.0,2300.0,2104.0,1694.0,1746.0,4422.0,4727.0,3575.0,3211.0,2921.0,2716.0,2118.0,2197.0,3875.0,4744.0,1235.0,835.0,563.0,401.0,463.0,432.0,340.0,205.0,153.0,164.0,115.0,70.0,62.0,49.0,77.0,124.0,73.0,41.0,43.0,54.0,201.0,165.0,102.0,66.0,77.0,363.0,187.0,153.0,90.0,91.0,6184777.0,294205.0,21022.0,4958517.0,223770.0,22159.0,7261677.0,436137.0,16650.0,4969453.0,298000.0,16676.0,6425869.0,305252.0,21051.0,6289642.0,283381.0,22195.0,9409202.0,448805.0,20965.0,6996072.0,316007.0,22139.0,6784485.0,345724.0,19624.0,5296890.0,252425.0,20984.0,0.0,0.0,5441.5,6072.75,0.0,0.0,0.0,0.0,0.0,0.0,0.0,0.0,0.0,0.0,0.0,0.0,2541.0,2873.25,0.0,0.0,0.0,0.0,178.75,767.0,0.0,0.0,0.0,0.0,0.0,0.0,0.0,0.0,0.0,0.0,0.0,0.0,683.5,921.75,0.0,0.0,0.0,0.0,45.75,374.0,0.0,0.0,0.0,0.0,0.0,0.0,0.0,0.0,0.0,0.0,0.0,0.0,388.0,1019.0,0.0,0.0,0.0,0.0,3.75,61.0,0.0,0.0,0.0,0.0,0.0,0.0,0.0,0.0,0.0,0.0,0.0,0.0,60.25,254.0,0.0,0.0,,,,,,,,,,,,,,,,,,,,,,,,,,,,,,,,,,,,,,,,,,,,,,,,,,,,,,,,,,,,,,,,,,,,,,,,,,,,,,,,,,,,,,,,,,,,,,,,,,,,,,,,,,,,,,,,,,,,,,,,,,,,,,,,,,,,,,,,,,,,,,,,,,,,,,,,,,,,,,,,,,,,,,,,,,,,,,,,,,,,,,,,,,,,,,,,,,,,,,,,
Indre By,2015,45.0,43.0,46.0,32.0,97.0,82.0,46.0,31.0,,10.0,,3.0,,0.0,72.0,61.0,27.0,26.0,52.0,48.0,22.0,31.0,,24.0,,13.0,,13.0,36.0,25.0,21.0,26.0,207.0,332.0,332.0,408.0,169.0,186.0,126.0,112.0,127.0,130.0,63.0,62.0,58.0,64.0,786.0,1035.0,759.0,707.0,467.0,321.0,327.0,288.0,365.0,457.0,2308.0,2115.0,1806.0,1828.0,4473.0,4772.0,3414.0,3133.0,3026.0,2808.0,2270.0,2320.0,3951.0,4827.0,1416.0,852.0,561.0,351.0,331.0,470.0,362.0,211.0,123.0,116.0,120.0,80.0,61.0,52.0,46.0,128.0,58.0,51.0,32.0,40.0,219.0,147.0,100.0,67.0,57.0,479.0,205.0,138.0,77.0,72.0,6683139.0,310916.0,21495.0,5222013.0,229802.0,22724.0,7750383.0,454435.0,17055.0,5239487.0,305706.0,17139.0,6914386.0,320928.0,21545.0,6693774.0,294077.0,22762.0,10200767.0,475782.0,21440.0,7391852.0,325489.0,22710.0,7038922.0,350335.0,20092.0,5508599.0,256775.0,21453.0,0.0,0.0,5387.25,6077.5,0.0,0.0,0.0,0.0,0.0,0.0,0.0,0.0,0.0,0.0,0.0,0.0,2605.0,2948.75,0.0,0.0,0.0,0.0,192.25,793.25,0.0,0.0,0.0,0.0,0.0,0.0,0.0,0.0,0.0,0.0,0.0,0.0,714.75,927.75,0.0,0.0,0.0,0.0,48.75,386.25,0.0,0.0,0.0,0.0,0.0,0.0,0.0,0.0,0.0,0.0,0.0,0.0,420.0,1045.25,0.0,0.0,0.0,0.0,7.25,55.0,0.0,0.0,0.0,0.0,0.0,0.0,0.0,0.0,0.0,0.0,0.0,0.0,62.0,255.25,0.0,0.0,,,,,,,,,,,,,,,,,,,,,,,,,,,,,,,,,,,,,,,,,,,,,,,,,,,,,,,,,,,,,,,,,,,,,,,,,,,,,,,,,,,,,,,,,,,,,,,,,,,,,,,,,,,,,,,,,,,,,,,,,,,,,,,,,,,,,,,,,,,,,,,,,,,,,,,,,,,,,,,,,,,,,,,,,,,,,,,,,,,,,,,,,,,,,,,,,,,,,,,,
Indre By,2016,54.0,46.0,42.0,39.0,98.0,90.0,43.0,37.0,15.0,11.0,,,,,87.0,73.0,34.0,28.0,45.0,53.0,24.0,30.0,12.0,23.0,,,,,32.0,26.0,18.0,15.0,237.0,339.0,348.0,399.0,186.0,210.0,128.0,114.0,140.0,137.0,73.0,77.0,56.0,74.0,926.0,1358.0,831.0,772.0,513.0,346.0,345.0,289.0,384.0,487.0,2349.0,2095.0,1849.0,1843.0,4604.0,4916.0,3366.0,3074.0,3042.0,2839.0,2378.0,2471.0,4037.0,4916.0,1408.0,866.0,508.0,279.0,316.0,567.0,384.0,209.0,111.0,122.0,108.0,82.0,45.0,25.0,41.0,99.0,61.0,38.0,32.0,29.0,231.0,156.0,87.0,48.0,57.0,403.0,183.0,129.0,63.0,67.0,7124773.0,323339.0,22035.0,5444699.0,234534.0,23215.0,8476771.0,483972.0,17515.0,5505465.0,314006.0,17533.0,7386567.0,334431.0,22087.0,7033595.0,302468.0,23254.0,10779522.0,490804.0,21963.0,7688336.0,331580.0,23187.0,7416898.0,363948.0,20379.0,5792305.0,266386.0,21744.0,0.0,0.0,5334.25,6181.25,0.0,0.0,0.0,0.0,0.0,0.0,0.0,0.0,0.0,0.0,0.0,0.0,2672.0,2990.0,0.0,0.0,0.0,0.0,214.25,794.75,0.0,0.0,0.0,0.0,0.0,0.0,0.0,0.0,0.0,0.0,0.0,0.0,775.0,961.0,0.0,0.0,0.0,0.0,44.75,387.75,0.0,0.0,0.0,0.0,0.0,0.0,0.0,0.0,0.0,0.0,0.0,0.0,423.5,1078.25,0.0,0.0,0.0,0.0,5.0,47.25,0.0,0.0,0.0,0.0,0.0,0.0,0.0,0.0,0.0,0.0,0.0,0.0,66.5,260.25,0.0,0.0,,,,,,,,,,,,,,,,,,,,,,,,,,,,,,,,,,,,,,,,,,,,,,,,,,,,,,,,,,,,,,,,,,,,,,,,,,,,,,,,,,,,,,,,,,,,,,,,,,,,,,,,,,,,,,,,,,,,,,,,,,,,,,,,,,,,,,,,,,,,,,,,,,,,,,,,,,,,,,,,,,,,,,,,,,,,,,,,,,,,,,,,,,,,,,,,,,,,,,,,
Indre By,2017,57.0,45.0,50.0,47.0,117.0,101.0,40.0,43.0,,,,,,,89.0,71.0,34.0,26.0,43.0,55.0,20.0,25.0,,,,,,,36.0,27.0,27.0,21.0,261.0,404.0,377.0,459.0,208.0,237.0,142.0,126.0,147.0,150.0,82.0,64.0,77.0,90.0,1069.0,1390.0,861.0,803.0,569.0,375.0,390.0,304.0,378.0,490.0,2388.0,2163.0,1944.0,1886.0,4615.0,4992.0,3276.0,3062.0,3020.0,2770.0,2551.0,2561.0,4106.0,5004.0,1463.0,827.0,539.0,311.0,310.0,653.0,369.0,230.0,142.0,132.0,105.0,67.0,37.0,30.0,30.0,84.0,72.0,37.0,20.0,30.0,244.0,120.0,95.0,52.0,63.0,377.0,199.0,140.0,67.0,55.0,7389780.0,331365.0,22301.0,5677501.0,242121.0,23449.0,8686658.0,494318.0,17573.0,5725292.0,322879.0,17732.0,7655928.0,342578.0,22348.0,7357738.0,313069.0,23502.0,11251132.0,506260.0,22224.0,8013740.0,342263.0,23414.0,7818028.0,383105.0,20407.0,5998187.0,274869.0,21822.0,0.0,0.0,5482.25,6285.0,0.0,0.0,0.0,0.0,0.0,0.0,0.0,0.0,0.0,0.0,0.0,0.0,2695.75,2995.0,0.0,0.0,0.0,0.0,211.0,798.75,0.0,0.0,0.0,0.0,0.0,0.0,0.0,0.0,0.0,0.0,0.0,0.0,791.5,986.0,0.0,0.0,0.0,0.0,53.75,379.0,0.0,0.0,0.0,0.0,0.0,0.0,0.0,0.0,0.0,0.0,0.0,0.0,435.75,1117.0,0.0,0.0,0.0,0.0,2.75,48.5,0.0,0.0,0.0,0.0,0.0,0.0,0.0,0.0,0.0,0.0,0.0,0.0,71.25,268.25,0.0,0.0,,,,,,,,,,,,,,,,,,,,,,,,,,,,,,,,,,,,,,,,,,,,,,,,,,,,,,,,,,,,,,,,,,,,,,,,,,,,,,,,,,,,,,,,,,,,,,,,,,,,,,,,,,,,,,,,,,,,,,,,,,,,,,,,,,,,,,,,,,,,,,,,,,,,,,,,,,,,,,,,,,,,,,,,,,,,,,,,,,,,,,,,,,,,,,,,,,,,,,,,
Indre By,2018,58.0,45.0,41.0,52.0,119.0,91.0,49.0,46.0,,19.0,,,,,89.0,69.0,38.0,31.0,52.0,58.0,24.0,25.0,,24.0,,,,,38.0,27.0,28.0,18.0,261.0,434.0,397.0,500.0,218.0,231.0,145.0,133.0,152.0,156.0,88.0,81.0,98.0,94.0,1208.0,1688.0,912.0,848.0,575.0,395.0,409.0,292.0,405.0,496.0,2310.0,2143.0,1997.0,1906.0,4550.0,4995.0,3149.0,2910.0,2923.0,2704.0,2641.0,2673.0,4186.0,5033.0,1207.0,843.0,481.0,294.0,266.0,552.0,368.0,163.0,125.0,106.0,71.0,72.0,54.0,23.0,24.0,74.0,61.0,42.0,32.0,18.0,200.0,121.0,80.0,43.0,54.0,310.0,221.0,142.0,71.0,64.0,7725684.0,340894.0,22663.0,5884842.0,247086.0,23817.0,9102597.0,509835.0,17854.0,6005763.0,335517.0,17900.0,8038350.0,353879.0,22715.0,7580583.0,317525.0,23874.0,11728078.0,519125.0,22592.0,8268308.0,347598.0,23787.0,8036494.0,390178.0,20597.0,6066722.0,276615.0,21932.0,0.0,0.0,5499.0,6267.25,0.0,0.0,0.0,0.0,0.0,0.0,0.0,0.0,0.0,0.0,0.0,0.0,2703.5,3016.25,0.0,0.0,0.0,0.0,215.5,800.75,0.0,0.0,0.0,0.0,0.0,0.0,0.0,0.0,0.0,0.0,0.0,0.0,812.0,1004.5,0.0,0.0,0.0,0.0,50.75,376.75,0.0,0.0,0.0,0.0,0.0,0.0,0.0,0.0,0.0,0.0,0.0,0.0,453.75,1107.25,0.0,0.0,0.0,0.0,4.75,47.0,0.0,0.0,0.0,0.0,0.0,0.0,0.0,0.0,0.0,0.0,0.0,0.0,80.5,268.25,0.0,0.0,,,,,,,,,,,,,,,,,,,,,,,,,,,,,,,,,,,,,,,,,,,,,,,,,,,,,,,,,,,,,,,,,,,,,,,,,,,,,,,,,,,,,,,,,,,,,,,,,,,,,,,,,,,,,,,,,,,,,,,,,,,,,,,,,,,,,,,,,,,,,,,,,,,,,,,,,,,,,,,,,,,,,,,,,,,,,,,,,,,,,,,,,,,,,,,,,,,,,,,,
Indre By,2019,52.0,36.0,35.0,46.0,127.0,102.0,55.0,57.0,,22.0,3.0,,,,87.0,71.0,41.0,29.0,42.0,53.0,23.0,22.0,,27.0,16.0,,,,35.0,31.0,29.0,25.0,304.0,440.0,422.0,535.0,222.0,254.0,148.0,146.0,159.0,169.0,96.0,92.0,87.0,97.0,1272.0,1592.0,990.0,900.0,583.0,433.0,402.0,283.0,432.0,502.0,2293.0,2128.0,2065.0,1942.0,4616.0,5069.0,3072.0,2866.0,2863.0,2717.0,2769.0,2723.0,4240.0,5085.0,1203.0,797.0,508.0,316.0,244.0,484.0,360.0,231.0,144.0,111.0,81.0,59.0,37.0,24.0,23.0,77.0,54.0,31.0,25.0,21.0,190.0,113.0,75.0,44.0,38.0,371.0,211.0,134.0,79.0,51.0,8192875.0,360904.0,22701.0,6175002.0,259639.0,23783.0,9359582.0,517934.0,18071.0,6189665.0,344617.0,17961.0,8463631.0,371652.0,22773.0,8092921.0,339425.0,23843.0,12514491.0,552541.0,22649.0,8728181.0,367348.0,23760.0,8220104.0,393683.0,20880.0,6315928.0,285466.0,22125.0,0.0,0.0,5473.75,6267.0,0.0,0.0,0.0,0.0,0.0,0.0,0.0,0.0,0.0,0.0,0.0,0.0,2694.75,3056.25,0.0,0.0,0.0,0.0,224.0,807.0,0.0,0.0,0.0,0.0,0.0,0.0,0.0,0.0,0.0,0.0,0.0,0.0,795.75,986.0,0.0,0.0,0.0,0.0,46.75,365.5,0.0,0.0,0.0,0.0,0.0,0.0,0.0,0.0,0.0,0.0,0.0,0.0,467.75,1136.25,0.0,0.0,0.0,0.0,4.25,53.25,0.0,0.0,0.0,0.0,0.0,0.0,0.0,0.0,0.0,0.0,0.0,0.0,79.5,266.5,0.0,0.0,,,,,,,,,,,,,,,,,,,,,,,,,,,,,,,,,,,,,,,,,,,,,,,,,,,,,,,,,,,,,,,,,,,,,,,,,,,,,,,,,,,,,,,,,,,,,,,,,,,,,,,,,,,,,,,,,,,,,,,,,,,,,,,,,,,,,,,,,,,,,,,,,,,,,,,,,,,,,,,,,,,,,,,,,,,,,,,,,,,,,,,,,,,,,,,,,,,,,,,,
Indre By,2020,54.0,39.0,36.0,45.0,125.0,105.0,60.0,57.0,,,,,,,109.0,90.0,41.0,32.0,44.0,45.0,21.0,22.0,,,,,,,37.0,27.0,27.0,28.0,348.0,403.0,413.0,572.0,222.0,250.0,159.0,165.0,151.0,175.0,80.0,76.0,85.0,120.0,1158.0,1450.0,964.0,885.0,549.0,447.0,418.0,291.0,442.0,505.0,2252.0,2044.0,2056.0,1962.0,4644.0,5071.0,3001.0,2722.0,2837.0,2679.0,2860.0,2816.0,4268.0,5105.0,1193.0,871.0,649.0,423.0,476.0,472.0,366.0,271.0,168.0,207.0,104.0,50.0,59.0,41.0,49.0,100.0,67.0,44.0,43.0,47.0,193.0,156.0,107.0,57.0,67.0,324.0,232.0,168.0,114.0,106.0,8644121.0,377703.0,22886.0,6375452.0,263950.0,24154.0,9654177.0,535659.0,18023.0,6421741.0,355204.0,18079.0,8899210.0,387326.0,22976.0,8435689.0,347907.0,24247.0,13206377.0,577682.0,22861.0,8992209.0,372410.0,24146.0,8756547.0,415258.0,21087.0,6544139.0,292084.0,22405.0,0.0,0.0,5523.75,6324.5,0.0,0.0,0.0,0.0,0.0,0.0,0.0,0.0,0.0,0.0,0.0,0.0,2742.75,3091.75,0.0,0.0,0.0,0.0,217.0,793.5,0.0,0.0,0.0,0.0,0.0,0.0,0.0,0.0,0.0,0.0,0.0,0.0,746.5,1015.0,0.0,0.0,0.0,0.0,41.75,369.5,0.0,0.0,0.0,0.0,0.0,0.0,0.0,0.0,0.0,0.0,0.0,0.0,480.5,1155.5,0.0,0.0,0.0,0.0,5.0,56.25,0.0,0.0,0.0,0.0,0.0,0.0,0.0,0.0,0.0,0.0,0.0,0.0,83.75,272.0,0.0,0.0,,,,,,,,,,,,,,,,,,,,,,,,,,,,,,,,,,,,,,,,,,,,,,,,,,,,,,,,,,,,,,,,,,,,,,,,,,,,,,,,,,,,,,,,,,,,,,,,,,,,,,,,,,,,,,,,,,,,,,,,,,,,,,,,,,,,,,,,,,,,,,,,,,,,,,,,,,,,,,,,,,,,,,,,,,,,,,,,,,,,,,,,,,,,,,,,,,,,,,,,
Indre By,2021,56.0,40.0,36.0,43.0,121.0,116.0,62.0,57.0,,29.0,,,,,110.0,84.0,41.0,32.0,41.0,44.0,20.0,23.0,,25.0,,,,,34.0,29.0,31.0,35.0,328.0,420.0,464.0,568.0,238.0,286.0,148.0,164.0,163.0,183.0,68.0,67.0,73.0,114.0,1127.0,1505.0,985.0,924.0,546.0,450.0,409.0,304.0,431.0,521.0,2173.0,2014.0,2075.0,1959.0,4755.0,5265.0,2959.0,2641.0,2775.0,2585.0,2910.0,2893.0,4364.0,5203.0,1207.0,818.0,571.0,329.0,358.0,541.0,376.0,221.0,122.0,151.0,85.0,52.0,47.0,31.0,46.0,97.0,59.0,45.0,36.0,42.0,183.0,106.0,92.0,55.0,49.0,301.0,225.0,166.0,85.0,70.0,9377658.0,410760.0,22830.0,6917714.0,285255.0,24251.0,10494948.0,572306.0,18338.0,6933128.0,375311.0,18473.0,9705074.0,422364.0,22978.0,9101069.0,373102.0,24393.0,14165622.0,621326.0,22799.0,9692009.0,399802.0,24242.0,9140561.0,436992.0,20917.0,6907364.0,309525.0,22316.0,0.0,0.0,5504.5,6392.5,0.0,0.0,0.0,0.0,0.0,0.0,0.0,0.0,0.0,0.0,0.0,0.0,2851.5,3121.5,0.0,0.0,0.0,0.0,223.75,791.0,0.0,0.0,0.0,0.0,0.0,0.0,0.0,0.0,0.0,0.0,0.0,0.0,707.5,1010.5,0.0,0.0,0.0,0.0,46.75,347.75,0.0,0.0,0.0,0.0,0.0,0.0,0.0,0.0,0.0,0.0,0.0,0.0,476.5,1159.75,0.0,0.0,0.0,0.0,5.5,61.0,0.0,0.0,0.0,0.0,0.0,0.0,0.0,0.0,0.0,0.0,0.0,0.0,75.0,284.5,0.0,0.0,,,,,,,,,,,,,,,,,,,,,,,,,,,,,,,,,,,,,,,,,,,,,,,,,,,,,,,,,,,,,,,,,,,,,,,,,,,,,,,,,,,,,,,,,,,,,,,,,,,,,,,,,,,,,,,,,,,,,,,,,,,,,,,,,,,,,,,,,,,,,,,,,,,,,,,,,,,,,,,,,,,,,,,,,,,,,,,,,,,,,,,,,,,,,,,,,,,,,,,,
Indre By,2022,56.0,41.0,37.0,43.0,119.0,114.0,79.0,66.0,35.0,,,4.0,,,123.0,87.0,42.0,36.0,32.0,46.0,24.0,24.0,14.0,,,12.0,,,53.0,31.0,37.0,32.0,301.0,395.0,494.0,564.0,262.0,308.0,161.0,173.0,176.0,189.0,61.0,67.0,96.0,108.0,1123.0,1630.0,1004.0,948.0,519.0,454.0,435.0,322.0,438.0,526.0,2054.0,1936.0,2059.0,1985.0,4838.0,5263.0,2806.0,2503.0,2593.0,2500.0,3012.0,2986.0,4407.0,5230.0,1306.0,830.0,422.0,216.0,153.0,624.0,375.0,185.0,82.0,57.0,88.0,74.0,33.0,18.0,20.0,89.0,54.0,33.0,21.0,15.0,169.0,102.0,46.0,42.0,26.0,336.0,225.0,125.0,53.0,35.0,9205198.0,401360.0,22935.0,6883373.0,281805.0,24426.0,10833045.0,583457.0,18567.0,7210570.0,386564.0,18653.0,9502413.0,412915.0,23013.0,9125866.0,372591.0,24493.0,14116660.0,616125.0,22912.0,9764309.0,399865.0,24419.0,9183321.0,440722.0,20837.0,6791195.0,303558.0,22372.0,0.0,0.0,5542.25,6553.75,0.0,0.0,0.0,0.0,0.0,0.0,0.0,0.0,0.0,0.0,0.0,0.0,2818.0,3113.25,0.0,0.0,0.0,0.0,218.25,788.25,0.0,0.0,0.0,0.0,0.0,0.0,0.0,0.0,0.0,0.0,0.0,0.0,738.0,1008.25,0.0,0.0,0.0,0.0,59.75,355.25,0.0,0.0,0.0,0.0,0.0,0.0,0.0,0.0,0.0,0.0,0.0,0.0,468.75,1138.0,0.0,0.0,0.0,0.0,4.5,54.0,0.0,0.0,0.0,0.0,0.0,0.0,0.0,0.0,0.0,0.0,0.0,0.0,73.0,296.5,0.0,0.0,,,,,,,,,,,,,,,,,,,,,,,,,,,,,,,,,,,,,,,,,,,,,,,,,,,,,,,,,,,,,,,,,,,,,,,,,,,,,,,,,,,,,,,,,,,,,,,,,,,,,,,,,,,,,,,,,,,,,,,,,,,,,,,,,,,,,,,,,,,,,,,,,,,,,,,,,,,,,,,,,,,,,,,,,,,,,,,,,,,,,,,,,,,,,,,,,,,,,,,,
Indre By,2023,54.0,39.0,32.0,44.0,129.0,130.0,73.0,66.0,35.0,,,7.0,,,126.0,92.0,45.0,30.0,28.0,45.0,23.0,26.0,16.0,,,18.0,,,73.0,58.0,71.0,62.0,310.0,436.0,513.0,607.0,282.0,359.0,162.0,195.0,187.0,225.0,59.0,65.0,79.0,100.0,1109.0,1646.0,1062.0,982.0,527.0,492.0,447.0,329.0,432.0,527.0,1997.0,1835.0,2017.0,1979.0,4834.0,5292.0,2798.0,2515.0,2436.0,2311.0,3078.0,3008.0,4458.0,5314.0,1236.0,820.0,466.0,250.0,199.0,567.0,351.0,179.0,101.0,83.0,75.0,54.0,35.0,20.0,19.0,74.0,62.0,42.0,26.0,20.0,153.0,122.0,64.0,41.0,30.0,367.0,231.0,146.0,62.0,47.0,9551290.0,422773.0,22592.0,7314996.0,304082.0,24056.0,11083841.0,590257.0,18778.0,7552097.0,398023.0,18974.0,9952557.0,438613.0,22691.0,9595776.0,396815.0,24182.0,14748128.0,654629.0,22529.0,10540325.0,438997.0,24010.0,9498604.0,442516.0,21465.0,7203955.0,313365.0,22989.0,0.0,0.0,5528.25,6566.75,0.0,0.0,0.0,0.0,0.0,0.0,0.0,0.0,0.0,0.0,0.0,0.0,2874.0,3113.75,0.0,0.0,0.0,0.0,233.5,752.25,0.0,0.0,0.0,0.0,0.0,0.0,0.0,0.0,0.0,0.0,0.0,0.0,728.0,1020.25,0.0,0.0,0.0,0.0,57.5,356.5,0.0,0.0,0.0,0.0,0.0,0.0,0.0,0.0,0.0,0.0,0.0,0.0,476.25,1135.25,0.0,0.0,0.0,0.0,3.75,51.25,0.0,0.0,0.0,0.0,0.0,0.0,0.0,0.0,0.0,0.0,0.0,0.0,61.25,282.5,0.0,0.0,,,,,,,,,,,,,,,,,,,,,,,,,,,,,,,,,,,,,,,,,,,,,,,,,,,,,,,,,,,,,,,,,,,,,,,,,,,,,,,,,,,,,,,,,,,,,,,,,,,,,,,,,,,,,,,,,,,,,,,,,,,,,,,,,,,,,,,,,,,,,,,,,,,,,,,,,,,,,,,,,,,,,,,,,,,,,,,,,,,,,,,,,,,,,,,,,,,,,,,,
Indre By,2024,61.0,49.0,39.0,46.0,136.0,134.0,77.0,68.0,,,9.0,10.0,,,110.0,99.0,47.0,30.0,31.0,49.0,22.0,31.0,,,13.0,22.0,,,61.0,55.0,82.0,63.0,283.0,423.0,533.0,595.0,274.0,366.0,165.0,218.0,203.0,227.0,73.0,61.0,81.0,95.0,1155.0,1705.0,1071.0,1023.0,537.0,505.0,454.0,319.0,442.0,531.0,1918.0,1775.0,2034.0,1955.0,4801.0,5306.0,2880.0,2558.0,2273.0,2192.0,3126.0,3027.0,4561.0,5416.0,,,,,,,,,,,,,,,,,,,,,,,,,,,,,,,10426573.0,454436.0,22944.0,8103271.0,329683.0,24579.0,11615838.0,613070.0,18947.0,7962310.0,413971.0,19234.0,10807466.0,469257.0,23031.0,10671914.0,432517.0,24674.0,15954162.0,696993.0,22890.0,11648287.0,474685.0,24539.0,10104295.0,462037.0,21869.0,7941931.0,337366.0,23541.0,0.0,0.0,5545.0,6593.0,0.0,0.0,0.0,0.0,0.0,0.0,0.0,0.0,0.0,0.0,0.0,0.0,2994.25,3175.0,0.0,0.0,0.0,0.0,238.25,756.5,0.0,0.0,0.0,0.0,0.0,0.0,0.0,0.0,0.0,0.0,0.0,0.0,713.0,1042.75,0.0,0.0,0.0,0.0,57.25,356.5,0.0,0.0,0.0,0.0,0.0,0.0,0.0,0.0,0.0,0.0,0.0,0.0,474.5,1136.75,0.0,0.0,0.0,0.0,6.0,49.0,0.0,0.0,0.0,0.0,0.0,0.0,0.0,0.0,0.0,0.0,0.0,0.0,61.5,282.25,0.0,0.0,,,,,,,,,,,,,,,,,,,,,,,,,,,,,,,,,,,,,,,,,,,,,,,,,,,,,,,,,,,,,,,,,,,,,,,,,,,,,,,,,,,,,,,,,,,,,,,,,,,,,,,,,,,,,,,,,,,,,,,,,,,,,,,,,,,,,,,,,,,,,,,,,,,,,,,,,,,,,,,,,,,,,,,,,,,,,,,,,,,,,,,,,,,,,,,,,,,,,,,,
Indre By,2025,55.0,55.0,39.0,45.0,132.0,129.0,90.0,58.0,40.0,39.0,,,,,116.0,108.0,46.0,32.0,37.0,47.0,22.0,35.0,16.0,19.0,,,,,56.0,52.0,93.0,58.0,288.0,390.0,509.0,597.0,299.0,390.0,178.0,236.0,213.0,255.0,81.0,61.0,82.0,97.0,1157.0,1728.0,1062.0,1061.0,559.0,518.0,446.0,341.0,455.0,548.0,1929.0,1832.0,1977.0,1886.0,4751.0,5291.0,3023.0,2744.0,2080.0,2047.0,3174.0,3037.0,4689.0,5555.0,,,,,,,,,,,,,,,,,,,,,,,,,,,,,,,,,,,,,,,,,,,,,,,,,,,,,,,,,,,,,,,,,,,,,,,,,,,,,,,,,,,,,,,,,,,,,,,,,,,,,,,,,,,,,,,,,,,,,,,,,,,,,,,,,,,,,,,,,,,,,,,,,,,,,,,,,,,,,,,,,,,,,,,,,,,,,,,,,,,,,,,,,,,,,,,,,,,,,,,,,,,,,,,,,,,,,,,,,,,,,,,,,,,,,,,,,,,,,,,,,,,,,,,,,,,,,,,,,,,,,,,,,,,,,,,,,,,,,,,,,,,,,,,,,,,,,,,,,,,,,,,,,,,,,,,,,,,,,,,,,,,,,,,,,,,,,,,,,,,,
Indre By,2026,,,,,,,,,,,,,,,,,,,,,,,,,,,,,,,,,,,,,,,,,,,,,,,,,,,,,,,,,,,,,,,,,,,,,,,,,,,,,,,,,,,,,,,,,,,,,,,,,,,,,,,,,,,,,,,,,,,,,,,,,,,,,,,,,,,,,,,,,,,,,,,,,,,,,,,,,,,,,,,,,,,,,,,,,,,,,,,,,,,,,,,,,,,,,,,,,,,,,,,,,,,,,,,,,,,321.0,271.0,176.0,190.0,203.0,206.0,222.0,221.0,252.0,228.0,261.0,262.0,224.0,316.0,470.0,559.0,681.0,651.0,734.0,771.0,701.0,731.0,711.0,210.0,736.0,648.0,597.0,549.0,439.0,442.0,390.0,397.0,319.0,344.0,218.0,329.0,284.0,269.0,291.0,251.0,319.0,257.0,331.0,289.0,314.0,180.0,380.0,418.0,387.0,390.0,423.0,376.0,351.0,352.0,374.0,422.0,183.0,369.0,341.0,310.0,274.0,248.0,249.0,203.0,229.0,216.0,214.0,212.0,203.0,170.0,205.0,201.0,168.0,211.0,203.0,195.0,170.0,197.0,185.0,157.0,165.0,117.0,141.0,88.0,84.0,58.0,40.0,28.0,32.0,208.0,19.0,13.0,9.0,11.0,9.0,2.0,5.0,1.0,3.0,1.0,316.0,265.0,177.0,169.0,185.0,182.0,192.0,201.0,247.0,245.0,252.0,292.0,189.0,383.0,603.0,715.0,824.0,829.0,907.0,833.0,850.0,788.0,744.0,187.0,653.0,657.0,511.0,459.0,436.0,413.0,381.0,375.0,305.0,298.0,223.0,308.0,254.0,267.0,262.0,263.0,316.0,339.0,321.0,299.0,310.0,201.0,373.0,366.0,357.0,385.0,382.0,341.0,379.0,342.0,390.0,396.0,178.0,358.0,330.0,327.0,287.0,256.0,227.0,249.0,243.0,234.0,255.0,166.0,227.0,233.0,228.0,217.0,212.0,242.0,233.0,230.0,232.0,249.0,187.0,241.0,190.0,203.0,173.0,120.0,100.0,91.0,78.0,59.0,55.0,206.0,26.0,26.0,21.0,16.0,10.0,7.0,7.0,4.0,1.0,10.0
Indre By,2027,,,,,,,,,,,,,,,,,,,,,,,,,,,,,,,,,,,,,,,,,,,,,,,,,,,,,,,,,,,,,,,,,,,,,,,,,,,,,,,,,,,,,,,,,,,,,,,,,,,,,,,,,,,,,,,,,,,,,,,,,,,,,,,,,,,,,,,,,,,,,,,,,,,,,,,,,,,,,,,,,,,,,,,,,,,,,,,,,,,,,,,,,,,,,,,,,,,,,,,,,,,,,,,,,,,325.0,281.0,204.0,174.0,189.0,203.0,209.0,222.0,230.0,259.0,243.0,284.0,241.0,313.0,433.0,576.0,632.0,710.0,697.0,756.0,758.0,701.0,705.0,200.0,675.0,681.0,591.0,552.0,510.0,412.0,414.0,373.0,374.0,305.0,197.0,324.0,309.0,276.0,266.0,284.0,247.0,308.0,269.0,329.0,291.0,207.0,322.0,392.0,415.0,382.0,398.0,417.0,371.0,347.0,349.0,369.0,171.0,419.0,360.0,329.0,302.0,266.0,246.0,244.0,200.0,225.0,214.0,181.0,207.0,194.0,167.0,197.0,193.0,166.0,203.0,195.0,188.0,163.0,211.0,188.0,147.0,156.0,108.0,130.0,78.0,76.0,52.0,34.0,24.0,190.0,27.0,16.0,10.0,7.0,9.0,7.0,2.0,4.0,1.0,3.0,311.0,277.0,202.0,181.0,170.0,185.0,183.0,201.0,217.0,261.0,269.0,285.0,235.0,406.0,541.0,712.0,819.0,863.0,847.0,887.0,831.0,805.0,743.0,173.0,686.0,618.0,596.0,477.0,432.0,411.0,393.0,360.0,353.0,289.0,179.0,288.0,292.0,253.0,265.0,259.0,269.0,315.0,336.0,320.0,303.0,207.0,315.0,377.0,368.0,364.0,392.0,381.0,340.0,374.0,343.0,400.0,189.0,396.0,353.0,323.0,323.0,279.0,251.0,226.0,248.0,241.0,231.0,172.0,255.0,223.0,224.0,226.0,214.0,209.0,237.0,227.0,224.0,224.0,170.0,242.0,229.0,182.0,193.0,161.0,111.0,93.0,82.0,71.0,51.0,185.0,45.0,22.0,23.0,17.0,12.0,8.0,6.0,4.0,3.0,7.0
Indre By,2028,,,,,,,,,,,,,,,,,,,,,,,,,,,,,,,,,,,,,,,,,,,,,,,,,,,,,,,,,,,,,,,,,,,,,,,,,,,,,,,,,,,,,,,,,,,,,,,,,,,,,,,,,,,,,,,,,,,,,,,,,,,,,,,,,,,,,,,,,,,,,,,,,,,,,,,,,,,,,,,,,,,,,,,,,,,,,,,,,,,,,,,,,,,,,,,,,,,,,,,,,,,,,,,,,,,334.0,286.0,186.0,198.0,172.0,188.0,204.0,207.0,226.0,234.0,264.0,261.0,250.0,327.0,426.0,532.0,628.0,667.0,729.0,726.0,748.0,733.0,685.0,214.0,669.0,632.0,616.0,549.0,511.0,468.0,390.0,393.0,356.0,350.0,187.0,291.0,308.0,295.0,269.0,259.0,273.0,243.0,309.0,271.0,326.0,187.0,297.0,333.0,389.0,406.0,386.0,396.0,408.0,365.0,343.0,345.0,193.0,367.0,405.0,347.0,318.0,292.0,263.0,241.0,238.0,197.0,221.0,170.0,207.0,198.0,190.0,160.0,188.0,189.0,161.0,195.0,186.0,178.0,182.0,156.0,175.0,140.0,144.0,100.0,115.0,71.0,68.0,45.0,30.0,210.0,21.0,22.0,13.0,8.0,6.0,8.0,6.0,1.0,3.0,2.0,319.0,275.0,181.0,202.0,178.0,170.0,183.0,188.0,212.0,228.0,279.0,295.0,245.0,399.0,553.0,650.0,794.0,846.0,860.0,838.0,867.0,789.0,752.0,211.0,682.0,637.0,566.0,546.0,446.0,407.0,387.0,368.0,339.0,328.0,167.0,277.0,271.0,283.0,249.0,258.0,263.0,265.0,311.0,330.0,319.0,168.0,303.0,319.0,375.0,369.0,367.0,390.0,375.0,335.0,366.0,347.0,193.0,396.0,388.0,344.0,319.0,312.0,272.0,248.0,224.0,244.0,236.0,181.0,229.0,248.0,214.0,221.0,222.0,209.0,204.0,230.0,220.0,215.0,175.0,217.0,230.0,219.0,173.0,180.0,148.0,103.0,84.0,75.0,61.0,168.0,41.0,38.0,20.0,19.0,13.0,9.0,6.0,4.0,3.0,7.0
Indre By,2029,,,,,,,,,,,,,,,,,,,,,,,,,,,,,,,,,,,,,,,,,,,,,,,,,,,,,,,,,,,,,,,,,,,,,,,,,,,,,,,,,,,,,,,,,,,,,,,,,,,,,,,,,,,,,,,,,,,,,,,,,,,,,,,,,,,,,,,,,,,,,,,,,,,,,,,,,,,,,,,,,,,,,,,,,,,,,,,,,,,,,,,,,,,,,,,,,,,,,,,,,,,,,,,,,,,341.0,294.0,204.0,182.0,195.0,173.0,190.0,203.0,214.0,230.0,242.0,282.0,255.0,312.0,439.0,524.0,590.0,660.0,690.0,744.0,725.0,724.0,704.0,224.0,652.0,629.0,576.0,569.0,510.0,470.0,434.0,375.0,374.0,337.0,200.0,330.0,280.0,296.0,287.0,262.0,252.0,266.0,249.0,307.0,273.0,179.0,329.0,306.0,335.0,382.0,407.0,384.0,389.0,401.0,360.0,339.0,176.0,344.0,357.0,389.0,335.0,309.0,290.0,258.0,236.0,232.0,195.0,191.0,215.0,198.0,194.0,182.0,154.0,184.0,182.0,155.0,187.0,177.0,172.0,171.0,147.0,166.0,129.0,133.0,89.0,104.0,63.0,58.0,39.0,186.0,25.0,17.0,17.0,9.0,6.0,5.0,6.0,4.0,1.0,4.0,327.0,283.0,166.0,184.0,199.0,178.0,170.0,188.0,200.0,223.0,251.0,305.0,245.0,407.0,546.0,655.0,744.0,819.0,839.0,840.0,830.0,816.0,739.0,221.0,688.0,633.0,580.0,524.0,504.0,420.0,386.0,364.0,348.0,320.0,200.0,313.0,264.0,267.0,277.0,245.0,262.0,260.0,265.0,308.0,329.0,157.0,318.0,307.0,321.0,376.0,371.0,368.0,384.0,369.0,330.0,368.0,160.0,346.0,389.0,378.0,340.0,308.0,303.0,267.0,245.0,223.0,240.0,185.0,234.0,223.0,238.0,212.0,217.0,217.0,205.0,199.0,224.0,212.0,182.0,209.0,208.0,220.0,208.0,162.0,165.0,137.0,93.0,77.0,64.0,172.0,50.0,35.0,34.0,17.0,14.0,10.0,8.0,4.0,2.0,7.0
Indre By,2030,,,,,,,,,,,,,,,,,,,,,,,,,,,,,,,,,,,,,,,,,,,,,,,,,,,,,,,,,,,,,,,,,,,,,,,,,,,,,,,,,,,,,,,,,,,,,,,,,,,,,,,,,,,,,,,,,,,,,,,,,,,,,,,,,,,,,,,,,,,,,,,,,,,,,,,,,,,,,,,,,,,,,,,,,,,,,,,,,,,,,,,,,,,,,,,,,,,,,,,,,,,,,,,,,,,345.0,299.0,181.0,198.0,181.0,194.0,176.0,190.0,209.0,219.0,239.0,264.0,262.0,336.0,425.0,525.0,576.0,629.0,681.0,707.0,729.0,702.0,693.0,227.0,660.0,610.0,572.0,532.0,525.0,467.0,434.0,411.0,359.0,352.0,208.0,320.0,314.0,272.0,289.0,278.0,254.0,247.0,269.0,252.0,304.0,189.0,279.0,335.0,306.0,332.0,385.0,403.0,377.0,383.0,394.0,353.0,169.0,335.0,334.0,344.0,374.0,324.0,304.0,283.0,252.0,231.0,229.0,173.0,191.0,205.0,193.0,186.0,174.0,152.0,178.0,175.0,150.0,177.0,190.0,168.0,160.0,140.0,153.0,119.0,117.0,81.0,92.0,54.0,49.0,175.0,33.0,20.0,14.0,13.0,7.0,5.0,4.0,4.0,4.0,3.0,331.0,287.0,168.0,169.0,184.0,199.0,178.0,177.0,200.0,211.0,245.0,284.0,252.0,423.0,547.0,636.0,740.0,775.0,809.0,814.0,821.0,782.0,755.0,221.0,673.0,633.0,574.0,532.0,486.0,466.0,394.0,363.0,345.0,329.0,208.0,306.0,295.0,260.0,263.0,270.0,252.0,259.0,260.0,265.0,310.0,185.0,327.0,320.0,308.0,325.0,378.0,372.0,366.0,379.0,363.0,333.0,150.0,363.0,341.0,379.0,373.0,330.0,300.0,297.0,264.0,243.0,220.0,153.0,238.0,229.0,215.0,234.0,208.0,212.0,212.0,200.0,193.0,215.0,186.0,205.0,199.0,198.0,209.0,194.0,149.0,152.0,122.0,83.0,65.0,177.0,51.0,42.0,30.0,28.0,12.0,11.0,8.0,5.0,2.0,6.0
Indre By,2031,,,,,,,,,,,,,,,,,,,,,,,,,,,,,,,,,,,,,,,,,,,,,,,,,,,,,,,,,,,,,,,,,,,,,,,,,,,,,,,,,,,,,,,,,,,,,,,,,,,,,,,,,,,,,,,,,,,,,,,,,,,,,,,,,,,,,,,,,,,,,,,,,,,,,,,,,,,,,,,,,,,,,,,,,,,,,,,,,,,,,,,,,,,,,,,,,,,,,,,,,,,,,,,,,,,345.0,301.0,171.0,177.0,194.0,181.0,196.0,177.0,197.0,214.0,227.0,260.0,265.0,318.0,435.0,501.0,570.0,612.0,649.0,692.0,692.0,695.0,671.0,231.0,647.0,609.0,554.0,527.0,491.0,478.0,431.0,410.0,387.0,339.0,210.0,332.0,305.0,302.0,268.0,280.0,268.0,248.0,250.0,268.0,252.0,197.0,306.0,288.0,332.0,303.0,337.0,383.0,395.0,372.0,378.0,384.0,177.0,348.0,324.0,322.0,333.0,361.0,319.0,297.0,276.0,246.0,228.0,166.0,223.0,184.0,200.0,185.0,178.0,172.0,148.0,171.0,168.0,143.0,173.0,169.0,157.0,152.0,129.0,142.0,106.0,106.0,73.0,79.0,47.0,191.0,42.0,27.0,16.0,10.0,10.0,6.0,4.0,3.0,4.0,4.0,331.0,289.0,173.0,171.0,170.0,184.0,197.0,184.0,189.0,209.0,232.0,277.0,254.0,399.0,546.0,621.0,715.0,765.0,769.0,781.0,790.0,766.0,724.0,226.0,683.0,617.0,570.0,524.0,489.0,450.0,431.0,368.0,344.0,325.0,208.0,314.0,290.0,289.0,257.0,257.0,275.0,249.0,258.0,259.0,269.0,192.0,309.0,328.0,320.0,310.0,329.0,379.0,369.0,362.0,371.0,364.0,173.0,331.0,356.0,333.0,374.0,360.0,320.0,295.0,294.0,262.0,240.0,144.0,219.0,234.0,222.0,213.0,230.0,203.0,208.0,207.0,195.0,186.0,156.0,208.0,196.0,191.0,189.0,196.0,178.0,138.0,135.0,110.0,71.0,181.0,52.0,44.0,37.0,25.0,20.0,9.0,9.0,5.0,3.0,6.0
Indre By,2032,,,,,,,,,,,,,,,,,,,,,,,,,,,,,,,,,,,,,,,,,,,,,,,,,,,,,,,,,,,,,,,,,,,,,,,,,,,,,,,,,,,,,,,,,,,,,,,,,,,,,,,,,,,,,,,,,,,,,,,,,,,,,,,,,,,,,,,,,,,,,,,,,,,,,,,,,,,,,,,,,,,,,,,,,,,,,,,,,,,,,,,,,,,,,,,,,,,,,,,,,,,,,,,,,,,351.0,305.0,187.0,169.0,176.0,194.0,185.0,197.0,186.0,203.0,222.0,249.0,269.0,316.0,415.0,509.0,553.0,616.0,642.0,672.0,685.0,671.0,667.0,236.0,635.0,603.0,555.0,515.0,490.0,453.0,444.0,410.0,388.0,365.0,216.0,324.0,318.0,297.0,297.0,264.0,272.0,261.0,253.0,253.0,267.0,202.0,257.0,312.0,289.0,327.0,308.0,338.0,377.0,389.0,368.0,372.0,186.0,379.0,336.0,312.0,311.0,322.0,354.0,311.0,290.0,270.0,243.0,174.0,223.0,213.0,179.0,192.0,178.0,175.0,166.0,142.0,165.0,160.0,167.0,137.0,159.0,149.0,140.0,120.0,126.0,97.0,95.0,62.0,67.0,176.0,40.0,34.0,21.0,12.0,8.0,8.0,5.0,3.0,3.0,5.0,336.0,292.0,177.0,176.0,173.0,172.0,184.0,202.0,196.0,201.0,230.0,265.0,259.0,392.0,521.0,621.0,706.0,750.0,767.0,755.0,767.0,743.0,714.0,230.0,663.0,629.0,560.0,524.0,485.0,454.0,421.0,402.0,350.0,326.0,214.0,313.0,299.0,286.0,284.0,253.0,265.0,271.0,251.0,258.0,264.0,194.0,272.0,312.0,327.0,322.0,314.0,334.0,377.0,366.0,357.0,373.0,180.0,361.0,326.0,347.0,329.0,361.0,349.0,315.0,292.0,291.0,258.0,165.0,239.0,216.0,225.0,218.0,209.0,225.0,198.0,203.0,202.0,187.0,147.0,181.0,198.0,187.0,181.0,177.0,180.0,163.0,123.0,122.0,93.0,153.0,57.0,44.0,38.0,31.0,18.0,16.0,7.0,5.0,3.0,5.0
Indre By,2033,,,,,,,,,,,,,,,,,,,,,,,,,,,,,,,,,,,,,,,,,,,,,,,,,,,,,,,,,,,,,,,,,,,,,,,,,,,,,,,,,,,,,,,,,,,,,,,,,,,,,,,,,,,,,,,,,,,,,,,,,,,,,,,,,,,,,,,,,,,,,,,,,,,,,,,,,,,,,,,,,,,,,,,,,,,,,,,,,,,,,,,,,,,,,,,,,,,,,,,,,,,,,,,,,,,349.0,307.0,171.0,183.0,168.0,177.0,196.0,186.0,204.0,192.0,211.0,243.0,271.0,303.0,407.0,482.0,557.0,601.0,646.0,665.0,667.0,662.0,644.0,239.0,628.0,591.0,548.0,512.0,479.0,450.0,421.0,420.0,388.0,365.0,219.0,345.0,311.0,308.0,293.0,289.0,258.0,266.0,264.0,254.0,253.0,206.0,270.0,266.0,310.0,289.0,330.0,310.0,334.0,372.0,383.0,362.0,190.0,369.0,365.0,323.0,302.0,302.0,318.0,344.0,304.0,285.0,267.0,182.0,238.0,214.0,208.0,173.0,185.0,176.0,171.0,161.0,138.0,158.0,174.0,153.0,129.0,150.0,137.0,130.0,107.0,114.0,87.0,81.0,54.0,169.0,56.0,32.0,27.0,16.0,9.0,7.0,6.0,3.0,3.0,5.0,335.0,295.0,151.0,180.0,177.0,174.0,173.0,191.0,214.0,206.0,223.0,262.0,260.0,374.0,508.0,590.0,705.0,741.0,754.0,752.0,744.0,721.0,691.0,233.0,651.0,611.0,569.0,514.0,484.0,449.0,421.0,394.0,379.0,331.0,218.0,313.0,297.0,294.0,283.0,277.0,261.0,262.0,271.0,251.0,262.0,199.0,266.0,276.0,312.0,328.0,326.0,318.0,335.0,373.0,360.0,360.0,183.0,369.0,355.0,319.0,342.0,320.0,350.0,344.0,313.0,290.0,287.0,172.0,256.0,235.0,208.0,222.0,215.0,205.0,220.0,194.0,198.0,194.0,166.0,182.0,173.0,190.0,178.0,170.0,163.0,166.0,146.0,111.0,104.0,145.0,75.0,48.0,39.0,31.0,22.0,14.0,13.0,5.0,3.0,6.0
Indre By,2034,,,,,,,,,,,,,,,,,,,,,,,,,,,,,,,,,,,,,,,,,,,,,,,,,,,,,,,,,,,,,,,,,,,,,,,,,,,,,,,,,,,,,,,,,,,,,,,,,,,,,,,,,,,,,,,,,,,,,,,,,,,,,,,,,,,,,,,,,,,,,,,,,,,,,,,,,,,,,,,,,,,,,,,,,,,,,,,,,,,,,,,,,,,,,,,,,,,,,,,,,,,,,,,,,,,348.0,306.0,165.0,168.0,182.0,170.0,180.0,196.0,195.0,209.0,202.0,232.0,274.0,294.0,380.0,468.0,528.0,604.0,632.0,669.0,660.0,647.0,636.0,241.0,607.0,583.0,539.0,506.0,474.0,440.0,418.0,400.0,397.0,365.0,222.0,345.0,329.0,302.0,303.0,287.0,281.0,253.0,269.0,264.0,253.0,209.0,257.0,276.0,267.0,306.0,295.0,330.0,307.0,333.0,369.0,377.0,194.0,360.0,358.0,351.0,312.0,292.0,298.0,310.0,336.0,298.0,282.0,186.0,262.0,228.0,209.0,200.0,167.0,183.0,171.0,165.0,156.0,133.0,181.0,152.0,144.0,123.0,139.0,128.0,116.0,98.0,102.0,74.0,70.0,175.0,46.0,45.0,25.0,20.0,13.0,8.0,5.0,5.0,3.0,5.0,334.0,294.0,143.0,155.0,181.0,178.0,175.0,180.0,204.0,224.0,227.0,254.0,262.0,361.0,476.0,574.0,675.0,741.0,745.0,741.0,741.0,702.0,671.0,235.0,630.0,599.0,554.0,521.0,474.0,447.0,417.0,393.0,371.0,356.0,220.0,317.0,297.0,293.0,291.0,276.0,283.0,258.0,263.0,270.0,256.0,202.0,264.0,269.0,278.0,314.0,331.0,328.0,318.0,333.0,367.0,363.0,187.0,358.0,364.0,347.0,316.0,331.0,311.0,345.0,340.0,310.0,286.0,175.0,285.0,252.0,228.0,207.0,219.0,211.0,201.0,215.0,190.0,191.0,173.0,190.0,175.0,166.0,181.0,167.0,157.0,151.0,149.0,133.0,95.0,162.0,85.0,64.0,43.0,33.0,23.0,18.0,11.0,8.0,3.0,6.0
Indre By,2035,,,,,,,,,,,,,,,,,,,,,,,,,,,,,,,,,,,,,,,,,,,,,,,,,,,,,,,,,,,,,,,,,,,,,,,,,,,,,,,,,,,,,,,,,,,,,,,,,,,,,,,,,,,,,,,,,,,,,,,,,,,,,,,,,,,,,,,,,,,,,,,,,,,,,,,,,,,,,,,,,,,,,,,,,,,,,,,,,,,,,,,,,,,,,,,,,,,,,,,,,,,,,,,,,,,346.0,305.0,171.0,162.0,167.0,182.0,173.0,182.0,203.0,201.0,218.0,224.0,273.0,280.0,364.0,434.0,515.0,577.0,636.0,656.0,665.0,642.0,624.0,243.0,601.0,566.0,530.0,498.0,469.0,435.0,410.0,398.0,379.0,373.0,224.0,345.0,329.0,319.0,299.0,296.0,279.0,274.0,259.0,271.0,263.0,212.0,257.0,264.0,276.0,266.0,310.0,297.0,326.0,306.0,331.0,363.0,197.0,374.0,348.0,345.0,339.0,301.0,289.0,292.0,304.0,329.0,295.0,190.0,276.0,251.0,223.0,202.0,193.0,166.0,178.0,166.0,160.0,149.0,186.0,128.0,143.0,137.0,115.0,130.0,114.0,106.0,88.0,88.0,64.0,183.0,59.0,37.0,36.0,19.0,16.0,11.0,6.0,4.0,4.0,5.0,332.0,293.0,158.0,147.0,157.0,182.0,178.0,181.0,193.0,215.0,244.0,257.0,262.0,347.0,451.0,536.0,661.0,715.0,747.0,734.0,732.0,700.0,656.0,237.0,614.0,582.0,543.0,509.0,481.0,439.0,415.0,389.0,371.0,351.0,222.0,340.0,301.0,294.0,289.0,284.0,284.0,280.0,260.0,263.0,273.0,205.0,259.0,267.0,271.0,282.0,317.0,334.0,328.0,317.0,330.0,370.0,190.0,361.0,353.0,356.0,343.0,306.0,321.0,306.0,342.0,337.0,306.0,179.0,285.0,280.0,244.0,226.0,204.0,215.0,207.0,197.0,210.0,184.0,176.0,187.0,182.0,168.0,158.0,170.0,154.0,146.0,136.0,136.0,114.0,168.0,78.0,72.0,57.0,36.0,24.0,18.0,14.0,8.0,5.0,6.0
Indre By,2036,,,,,,,,,,,,,,,,,,,,,,,,,,,,,,,,,,,,,,,,,,,,,,,,,,,,,,,,,,,,,,,,,,,,,,,,,,,,,,,,,,,,,,,,,,,,,,,,,,,,,,,,,,,,,,,,,,,,,,,,,,,,,,,,,,,,,,,,,,,,,,,,,,,,,,,,,,,,,,,,,,,,,,,,,,,,,,,,,,,,,,,,,,,,,,,,,,,,,,,,,,,,,,,,,,,349.0,307.0,179.0,168.0,162.0,169.0,186.0,176.0,191.0,209.0,213.0,240.0,276.0,276.0,347.0,424.0,487.0,573.0,618.0,667.0,661.0,654.0,627.0,245.0,597.0,566.0,521.0,495.0,468.0,435.0,409.0,394.0,380.0,361.0,228.0,355.0,332.0,321.0,316.0,295.0,290.0,275.0,280.0,263.0,271.0,216.0,267.0,266.0,266.0,275.0,273.0,311.0,296.0,324.0,305.0,329.0,202.0,362.0,362.0,337.0,335.0,328.0,298.0,283.0,287.0,299.0,325.0,195.0,289.0,265.0,246.0,215.0,196.0,191.0,163.0,172.0,161.0,154.0,191.0,144.0,122.0,137.0,127.0,107.0,116.0,104.0,95.0,76.0,76.0,189.0,55.0,47.0,29.0,27.0,15.0,14.0,8.0,4.0,3.0,6.0,335.0,295.0,166.0,162.0,150.0,160.0,183.0,185.0,196.0,206.0,239.0,274.0,264.0,347.0,437.0,516.0,629.0,710.0,730.0,743.0,732.0,700.0,661.0,239.0,608.0,574.0,533.0,504.0,475.0,448.0,411.0,390.0,370.0,352.0,226.0,338.0,324.0,299.0,292.0,284.0,294.0,283.0,281.0,261.0,269.0,208.0,276.0,264.0,270.0,276.0,288.0,322.0,334.0,327.0,314.0,336.0,194.0,368.0,357.0,347.0,353.0,332.0,298.0,316.0,305.0,339.0,333.0,183.0,306.0,281.0,271.0,242.0,224.0,201.0,212.0,203.0,193.0,203.0,182.0,180.0,180.0,175.0,161.0,149.0,157.0,143.0,132.0,124.0,117.0,173.0,93.0,67.0,64.0,48.0,26.0,19.0,15.0,10.0,5.0,8.0
Indre By,2037,,,,,,,,,,,,,,,,,,,,,,,,,,,,,,,,,,,,,,,,,,,,,,,,,,,,,,,,,,,,,,,,,,,,,,,,,,,,,,,,,,,,,,,,,,,,,,,,,,,,,,,,,,,,,,,,,,,,,,,,,,,,,,,,,,,,,,,,,,,,,,,,,,,,,,,,,,,,,,,,,,,,,,,,,,,,,,,,,,,,,,,,,,,,,,,,,,,,,,,,,,,,,,,,,,,359.0,316.0,188.0,179.0,170.0,166.0,175.0,190.0,186.0,200.0,221.0,240.0,283.0,293.0,349.0,418.0,491.0,557.0,627.0,662.0,685.0,663.0,651.0,252.0,611.0,574.0,531.0,497.0,472.0,441.0,415.0,398.0,382.0,365.0,234.0,348.0,345.0,328.0,322.0,314.0,293.0,288.0,284.0,285.0,267.0,223.0,279.0,277.0,269.0,268.0,282.0,279.0,311.0,297.0,324.0,305.0,208.0,332.0,353.0,351.0,328.0,325.0,324.0,292.0,279.0,283.0,297.0,202.0,319.0,279.0,260.0,238.0,209.0,194.0,187.0,158.0,168.0,156.0,198.0,149.0,137.0,117.0,127.0,119.0,96.0,106.0,93.0,82.0,66.0,197.0,65.0,44.0,38.0,22.0,21.0,13.0,10.0,6.0,4.0,6.0,344.0,304.0,173.0,172.0,166.0,155.0,164.0,192.0,201.0,211.0,231.0,273.0,271.0,366.0,443.0,516.0,622.0,691.0,739.0,740.0,755.0,712.0,673.0,246.0,624.0,579.0,535.0,503.0,478.0,450.0,426.0,392.0,375.0,355.0,232.0,342.0,326.0,324.0,300.0,291.0,297.0,296.0,288.0,284.0,270.0,215.0,274.0,283.0,269.0,277.0,283.0,296.0,325.0,334.0,325.0,320.0,200.0,336.0,365.0,351.0,345.0,343.0,324.0,295.0,315.0,304.0,335.0,190.0,332.0,302.0,273.0,269.0,240.0,221.0,199.0,208.0,200.0,187.0,188.0,199.0,173.0,173.0,167.0,151.0,138.0,146.0,129.0,121.0,107.0,181.0,96.0,80.0,60.0,54.0,35.0,21.0,15.0,10.0,6.0,8.0
Indre By,2038,,,,,,,,,,,,,,,,,,,,,,,,,,,,,,,,,,,,,,,,,,,,,,,,,,,,,,,,,,,,,,,,,,,,,,,,,,,,,,,,,,,,,,,,,,,,,,,,,,,,,,,,,,,,,,,,,,,,,,,,,,,,,,,,,,,,,,,,,,,,,,,,,,,,,,,,,,,,,,,,,,,,,,,,,,,,,,,,,,,,,,,,,,,,,,,,,,,,,,,,,,,,,,,,,,,367.0,326.0,195.0,188.0,181.0,174.0,172.0,179.0,200.0,196.0,214.0,246.0,291.0,298.0,365.0,431.0,490.0,565.0,613.0,676.0,683.0,689.0,663.0,259.0,636.0,589.0,540.0,507.0,475.0,446.0,423.0,405.0,386.0,367.0,241.0,353.0,340.0,341.0,329.0,320.0,311.0,292.0,297.0,291.0,289.0,229.0,276.0,290.0,280.0,271.0,277.0,287.0,280.0,311.0,299.0,322.0,215.0,308.0,324.0,343.0,341.0,319.0,323.0,318.0,287.0,275.0,282.0,208.0,293.0,307.0,274.0,252.0,231.0,207.0,190.0,182.0,155.0,162.0,205.0,151.0,142.0,131.0,109.0,119.0,107.0,89.0,95.0,81.0,71.0,204.0,57.0,52.0,35.0,29.0,18.0,18.0,10.0,7.0,5.0,6.0,351.0,313.0,181.0,180.0,175.0,170.0,159.0,174.0,209.0,216.0,237.0,267.0,280.0,369.0,463.0,530.0,628.0,687.0,723.0,752.0,756.0,736.0,686.0,252.0,638.0,595.0,542.0,507.0,478.0,454.0,429.0,406.0,377.0,360.0,238.0,346.0,331.0,327.0,324.0,299.0,304.0,299.0,300.0,291.0,292.0,221.0,277.0,282.0,287.0,277.0,284.0,291.0,300.0,326.0,332.0,331.0,207.0,321.0,335.0,359.0,349.0,336.0,335.0,320.0,296.0,313.0,302.0,196.0,335.0,328.0,293.0,271.0,267.0,236.0,217.0,196.0,205.0,193.0,195.0,183.0,191.0,167.0,166.0,158.0,140.0,129.0,132.0,118.0,104.0,187.0,88.0,82.0,71.0,50.0,39.0,28.0,17.0,10.0,6.0,10.0
Indre By,2039,,,,,,,,,,,,,,,,,,,,,,,,,,,,,,,,,,,,,,,,,,,,,,,,,,,,,,,,,,,,,,,,,,,,,,,,,,,,,,,,,,,,,,,,,,,,,,,,,,,,,,,,,,,,,,,,,,,,,,,,,,,,,,,,,,,,,,,,,,,,,,,,,,,,,,,,,,,,,,,,,,,,,,,,,,,,,,,,,,,,,,,,,,,,,,,,,,,,,,,,,,,,,,,,,,,374.0,333.0,202.0,195.0,189.0,184.0,180.0,176.0,190.0,210.0,210.0,240.0,300.0,301.0,377.0,456.0,509.0,565.0,622.0,662.0,700.0,690.0,691.0,266.0,649.0,613.0,554.0,517.0,486.0,450.0,427.0,413.0,392.0,371.0,247.0,356.0,345.0,336.0,341.0,326.0,317.0,309.0,302.0,303.0,295.0,235.0,297.0,288.0,293.0,281.0,279.0,282.0,287.0,282.0,312.0,300.0,220.0,324.0,301.0,316.0,334.0,332.0,317.0,317.0,312.0,283.0,274.0,215.0,278.0,282.0,301.0,265.0,244.0,229.0,203.0,185.0,177.0,150.0,212.0,157.0,143.0,136.0,122.0,102.0,107.0,98.0,80.0,82.0,70.0,211.0,61.0,46.0,42.0,27.0,23.0,15.0,13.0,7.0,7.0,7.0,357.0,319.0,187.0,187.0,184.0,179.0,173.0,168.0,192.0,223.0,240.0,273.0,288.0,365.0,479.0,562.0,648.0,693.0,721.0,739.0,772.0,739.0,709.0,260.0,652.0,610.0,557.0,514.0,483.0,455.0,432.0,410.0,390.0,362.0,245.0,351.0,334.0,331.0,328.0,321.0,312.0,306.0,304.0,304.0,300.0,227.0,298.0,284.0,287.0,294.0,284.0,291.0,295.0,302.0,324.0,338.0,212.0,331.0,319.0,330.0,357.0,341.0,329.0,331.0,320.0,295.0,310.0,202.0,302.0,331.0,318.0,291.0,269.0,263.0,232.0,214.0,193.0,198.0,201.0,189.0,177.0,184.0,160.0,156.0,147.0,131.0,117.0,120.0,102.0,194.0,86.0,76.0,73.0,60.0,37.0,32.0,23.0,12.0,7.0,11.0
Indre By,2040,,,,,,,,,,,,,,,,,,,,,,,,,,,,,,,,,,,,,,,,,,,,,,,,,,,,,,,,,,,,,,,,,,,,,,,,,,,,,,,,,,,,,,,,,,,,,,,,,,,,,,,,,,,,,,,,,,,,,,,,,,,,,,,,,,,,,,,,,,,,,,,,,,,,,,,,,,,,,,,,,,,,,,,,,,,,,,,,,,,,,,,,,,,,,,,,,,,,,,,,,,,,,,,,,,,382.0,340.0,209.0,202.0,197.0,193.0,190.0,184.0,186.0,200.0,223.0,237.0,306.0,300.0,383.0,491.0,538.0,588.0,621.0,673.0,687.0,708.0,694.0,274.0,676.0,626.0,577.0,531.0,496.0,460.0,432.0,418.0,400.0,377.0,254.0,359.0,347.0,341.0,337.0,339.0,324.0,315.0,318.0,309.0,307.0,241.0,304.0,309.0,292.0,294.0,289.0,284.0,283.0,288.0,284.0,311.0,226.0,303.0,316.0,294.0,309.0,326.0,330.0,311.0,312.0,307.0,282.0,220.0,270.0,268.0,277.0,291.0,257.0,242.0,224.0,198.0,181.0,172.0,218.0,146.0,149.0,138.0,127.0,115.0,92.0,98.0,89.0,70.0,72.0,217.0,60.0,49.0,38.0,32.0,22.0,19.0,11.0,10.0,6.0,9.0,365.0,325.0,194.0,194.0,191.0,189.0,182.0,182.0,185.0,207.0,248.0,275.0,294.0,372.0,486.0,596.0,684.0,713.0,728.0,738.0,762.0,756.0,713.0,267.0,675.0,624.0,571.0,530.0,491.0,460.0,433.0,413.0,394.0,374.0,252.0,354.0,340.0,335.0,332.0,325.0,334.0,314.0,311.0,308.0,313.0,233.0,306.0,304.0,290.0,295.0,301.0,292.0,296.0,297.0,302.0,330.0,218.0,338.0,329.0,315.0,330.0,348.0,333.0,326.0,331.0,318.0,292.0,207.0,309.0,299.0,321.0,316.0,288.0,265.0,258.0,229.0,211.0,188.0,207.0,195.0,183.0,170.0,176.0,151.0,145.0,137.0,119.0,107.0,104.0,200.0,84.0,74.0,68.0,62.0,44.0,29.0,26.0,15.0,8.0,12.0
Indre By,2041,,,,,,,,,,,,,,,,,,,,,,,,,,,,,,,,,,,,,,,,,,,,,,,,,,,,,,,,,,,,,,,,,,,,,,,,,,,,,,,,,,,,,,,,,,,,,,,,,,,,,,,,,,,,,,,,,,,,,,,,,,,,,,,,,,,,,,,,,,,,,,,,,,,,,,,,,,,,,,,,,,,,,,,,,,,,,,,,,,,,,,,,,,,,,,,,,,,,,,,,,,,,,,,,,,,394.0,350.0,217.0,210.0,204.0,201.0,200.0,195.0,194.0,196.0,215.0,250.0,315.0,300.0,397.0,523.0,585.0,621.0,649.0,677.0,705.0,700.0,718.0,282.0,683.0,655.0,592.0,557.0,513.0,473.0,446.0,425.0,406.0,386.0,263.0,366.0,352.0,345.0,343.0,336.0,337.0,323.0,326.0,325.0,315.0,249.0,317.0,317.0,313.0,295.0,304.0,294.0,286.0,285.0,290.0,285.0,233.0,313.0,297.0,308.0,288.0,302.0,324.0,324.0,307.0,308.0,305.0,227.0,278.0,261.0,264.0,269.0,282.0,255.0,238.0,219.0,193.0,175.0,225.0,166.0,139.0,143.0,129.0,119.0,104.0,85.0,89.0,76.0,61.0,225.0,62.0,49.0,39.0,29.0,26.0,18.0,14.0,8.0,9.0,10.0,376.0,335.0,201.0,202.0,198.0,197.0,193.0,192.0,199.0,201.0,234.0,284.0,303.0,379.0,509.0,625.0,730.0,752.0,753.0,749.0,768.0,751.0,734.0,275.0,684.0,649.0,587.0,546.0,508.0,471.0,441.0,416.0,398.0,379.0,261.0,367.0,344.0,341.0,336.0,329.0,340.0,337.0,320.0,316.0,318.0,241.0,320.0,315.0,310.0,299.0,303.0,309.0,297.0,298.0,297.0,309.0,225.0,331.0,336.0,325.0,315.0,323.0,341.0,330.0,327.0,330.0,316.0,214.0,293.0,306.0,291.0,319.0,313.0,285.0,261.0,254.0,225.0,205.0,213.0,185.0,188.0,176.0,163.0,166.0,140.0,136.0,124.0,109.0,92.0,207.0,86.0,72.0,66.0,57.0,45.0,35.0,24.0,17.0,10.0,13.0
Indre By,2042,,,,,,,,,,,,,,,,,,,,,,,,,,,,,,,,,,,,,,,,,,,,,,,,,,,,,,,,,,,,,,,,,,,,,,,,,,,,,,,,,,,,,,,,,,,,,,,,,,,,,,,,,,,,,,,,,,,,,,,,,,,,,,,,,,,,,,,,,,,,,,,,,,,,,,,,,,,,,,,,,,,,,,,,,,,,,,,,,,,,,,,,,,,,,,,,,,,,,,,,,,,,,,,,,,,405.0,362.0,224.0,217.0,212.0,209.0,208.0,205.0,205.0,204.0,211.0,243.0,325.0,316.0,420.0,575.0,616.0,673.0,684.0,710.0,712.0,720.0,713.0,290.0,707.0,663.0,620.0,573.0,538.0,490.0,459.0,439.0,413.0,391.0,271.0,376.0,360.0,350.0,347.0,342.0,335.0,336.0,334.0,334.0,331.0,258.0,325.0,331.0,322.0,315.0,305.0,309.0,296.0,288.0,287.0,290.0,241.0,289.0,307.0,291.0,301.0,282.0,302.0,319.0,319.0,303.0,307.0,234.0,300.0,268.0,257.0,256.0,262.0,280.0,251.0,232.0,213.0,187.0,232.0,170.0,159.0,134.0,134.0,121.0,108.0,96.0,77.0,77.0,67.0,232.0,53.0,50.0,39.0,30.0,23.0,21.0,14.0,11.0,8.0,12.0,387.0,346.0,208.0,209.0,206.0,204.0,202.0,204.0,209.0,214.0,226.0,274.0,313.0,397.0,543.0,669.0,761.0,798.0,794.0,776.0,784.0,759.0,731.0,283.0,707.0,660.0,612.0,563.0,525.0,489.0,452.0,425.0,402.0,384.0,268.0,373.0,357.0,345.0,343.0,334.0,345.0,343.0,342.0,325.0,327.0,249.0,326.0,329.0,321.0,319.0,307.0,312.0,315.0,300.0,298.0,303.0,232.0,311.0,329.0,331.0,325.0,308.0,317.0,338.0,331.0,326.0,328.0,221.0,316.0,291.0,297.0,290.0,316.0,309.0,280.0,258.0,250.0,219.0,220.0,201.0,179.0,181.0,169.0,155.0,154.0,131.0,123.0,114.0,94.0,214.0,77.0,74.0,65.0,56.0,42.0,37.0,29.0,17.0,11.0,15.0
Indre By,2043,,,,,,,,,,,,,,,,,,,,,,,,,,,,,,,,,,,,,,,,,,,,,,,,,,,,,,,,,,,,,,,,,,,,,,,,,,,,,,,,,,,,,,,,,,,,,,,,,,,,,,,,,,,,,,,,,,,,,,,,,,,,,,,,,,,,,,,,,,,,,,,,,,,,,,,,,,,,,,,,,,,,,,,,,,,,,,,,,,,,,,,,,,,,,,,,,,,,,,,,,,,,,,,,,,,416.0,372.0,231.0,224.0,219.0,217.0,216.0,213.0,216.0,215.0,218.0,238.0,335.0,317.0,466.0,634.0,663.0,699.0,737.0,746.0,747.0,727.0,733.0,298.0,701.0,685.0,626.0,600.0,554.0,513.0,475.0,452.0,426.0,398.0,279.0,381.0,369.0,357.0,351.0,346.0,341.0,335.0,347.0,342.0,340.0,265.0,341.0,340.0,336.0,324.0,325.0,312.0,312.0,298.0,290.0,288.0,248.0,293.0,285.0,299.0,285.0,295.0,283.0,298.0,315.0,315.0,302.0,241.0,303.0,290.0,264.0,249.0,250.0,260.0,274.0,244.0,226.0,207.0,239.0,181.0,162.0,153.0,126.0,126.0,109.0,100.0,87.0,67.0,67.0,239.0,58.0,43.0,40.0,30.0,24.0,19.0,16.0,10.0,10.0,12.0,397.0,356.0,214.0,216.0,213.0,212.0,209.0,213.0,222.0,224.0,238.0,265.0,323.0,402.0,592.0,721.0,802.0,824.0,841.0,817.0,814.0,775.0,738.0,292.0,705.0,682.0,621.0,587.0,541.0,505.0,468.0,435.0,409.0,387.0,276.0,377.0,363.0,358.0,347.0,340.0,349.0,348.0,349.0,346.0,336.0,256.0,335.0,334.0,335.0,331.0,327.0,317.0,317.0,317.0,300.0,305.0,240.0,305.0,310.0,325.0,331.0,318.0,303.0,315.0,339.0,331.0,325.0,228.0,329.0,313.0,283.0,296.0,288.0,312.0,304.0,276.0,254.0,243.0,227.0,215.0,195.0,173.0,174.0,160.0,144.0,144.0,119.0,113.0,99.0,220.0,78.0,66.0,67.0,55.0,41.0,34.0,30.0,20.0,11.0,17.0
Indre By,2044,,,,,,,,,,,,,,,,,,,,,,,,,,,,,,,,,,,,,,,,,,,,,,,,,,,,,,,,,,,,,,,,,,,,,,,,,,,,,,,,,,,,,,,,,,,,,,,,,,,,,,,,,,,,,,,,,,,,,,,,,,,,,,,,,,,,,,,,,,,,,,,,,,,,,,,,,,,,,,,,,,,,,,,,,,,,,,,,,,,,,,,,,,,,,,,,,,,,,,,,,,,,,,,,,,,429.0,383.0,238.0,231.0,227.0,225.0,224.0,222.0,224.0,227.0,230.0,246.0,345.0,316.0,517.0,715.0,714.0,742.0,761.0,805.0,788.0,765.0,743.0,308.0,723.0,681.0,648.0,609.0,581.0,529.0,499.0,469.0,439.0,410.0,287.0,388.0,374.0,367.0,359.0,350.0,346.0,340.0,346.0,356.0,348.0,272.0,351.0,356.0,345.0,338.0,335.0,332.0,315.0,314.0,300.0,291.0,255.0,292.0,288.0,278.0,293.0,280.0,295.0,279.0,295.0,312.0,314.0,249.0,299.0,293.0,285.0,256.0,243.0,248.0,256.0,267.0,239.0,219.0,247.0,200.0,173.0,157.0,143.0,119.0,114.0,102.0,90.0,75.0,59.0,246.0,58.0,46.0,35.0,31.0,24.0,20.0,15.0,12.0,9.0,14.0,409.0,367.0,221.0,223.0,220.0,220.0,217.0,221.0,232.0,239.0,249.0,276.0,333.0,403.0,643.0,787.0,848.0,859.0,869.0,868.0,862.0,806.0,754.0,302.0,715.0,682.0,643.0,598.0,565.0,521.0,484.0,451.0,420.0,395.0,285.0,381.0,368.0,365.0,360.0,344.0,356.0,352.0,354.0,354.0,358.0,263.0,344.0,344.0,342.0,346.0,340.0,336.0,323.0,320.0,317.0,307.0,247.0,306.0,304.0,308.0,325.0,324.0,312.0,301.0,317.0,338.0,329.0,236.0,326.0,326.0,305.0,282.0,293.0,284.0,308.0,299.0,272.0,246.0,234.0,238.0,208.0,188.0,166.0,165.0,149.0,135.0,131.0,109.0,98.0,227.0,82.0,68.0,60.0,56.0,41.0,33.0,28.0,21.0,13.0,18.0
Indre By,2045,,,,,,,,,,,,,,,,,,,,,,,,,,,,,,,,,,,,,,,,,,,,,,,,,,,,,,,,,,,,,,,,,,,,,,,,,,,,,,,,,,,,,,,,,,,,,,,,,,,,,,,,,,,,,,,,,,,,,,,,,,,,,,,,,,,,,,,,,,,,,,,,,,,,,,,,,,,,,,,,,,,,,,,,,,,,,,,,,,,,,,,,,,,,,,,,,,,,,,,,,,,,,,,,,,,442.0,396.0,246.0,238.0,234.0,232.0,232.0,230.0,233.0,236.0,243.0,258.0,356.0,332.0,558.0,800.0,780.0,785.0,801.0,829.0,851.0,805.0,782.0,318.0,732.0,701.0,644.0,631.0,589.0,554.0,514.0,492.0,454.0,422.0,297.0,400.0,382.0,372.0,369.0,358.0,350.0,346.0,352.0,355.0,362.0,281.0,360.0,367.0,362.0,348.0,349.0,342.0,335.0,318.0,316.0,301.0,262.0,294.0,287.0,281.0,274.0,288.0,281.0,291.0,276.0,293.0,311.0,256.0,310.0,289.0,289.0,277.0,250.0,242.0,245.0,250.0,261.0,232.0,255.0,213.0,192.0,167.0,147.0,135.0,108.0,106.0,92.0,78.0,66.0,254.0,51.0,47.0,38.0,27.0,25.0,20.0,15.0,11.0,11.0,15.0,422.0,378.0,228.0,230.0,227.0,227.0,225.0,229.0,240.0,249.0,265.0,289.0,344.0,435.0,668.0,856.0,905.0,896.0,902.0,897.0,918.0,852.0,784.0,311.0,732.0,692.0,644.0,619.0,576.0,544.0,499.0,467.0,435.0,404.0,294.0,389.0,372.0,370.0,367.0,357.0,361.0,359.0,358.0,359.0,366.0,272.0,365.0,354.0,352.0,353.0,356.0,350.0,342.0,326.0,321.0,323.0,254.0,309.0,305.0,302.0,308.0,319.0,318.0,310.0,304.0,318.0,337.0,242.0,330.0,323.0,317.0,304.0,280.0,290.0,280.0,303.0,294.0,264.0,241.0,242.0,231.0,201.0,181.0,158.0,154.0,140.0,122.0,120.0,95.0,234.0,82.0,71.0,61.0,51.0,42.0,33.0,28.0,20.0,14.0,21.0
Indre By,2046,,,,,,,,,,,,,,,,,,,,,,,,,,,,,,,,,,,,,,,,,,,,,,,,,,,,,,,,,,,,,,,,,,,,,,,,,,,,,,,,,,,,,,,,,,,,,,,,,,,,,,,,,,,,,,,,,,,,,,,,,,,,,,,,,,,,,,,,,,,,,,,,,,,,,,,,,,,,,,,,,,,,,,,,,,,,,,,,,,,,,,,,,,,,,,,,,,,,,,,,,,,,,,,,,,,457.0,408.0,253.0,245.0,241.0,239.0,240.0,238.0,241.0,244.0,252.0,273.0,367.0,355.0,637.0,845.0,852.0,839.0,838.0,870.0,878.0,869.0,824.0,328.0,769.0,709.0,662.0,628.0,611.0,562.0,540.0,507.0,477.0,436.0,306.0,412.0,394.0,379.0,374.0,367.0,358.0,350.0,357.0,360.0,362.0,290.0,375.0,376.0,372.0,363.0,360.0,357.0,346.0,337.0,321.0,317.0,270.0,304.0,289.0,281.0,276.0,269.0,288.0,278.0,287.0,275.0,293.0,263.0,308.0,300.0,285.0,281.0,269.0,248.0,238.0,239.0,244.0,253.0,262.0,225.0,204.0,185.0,157.0,139.0,122.0,101.0,96.0,80.0,69.0,262.0,57.0,42.0,38.0,29.0,22.0,21.0,16.0,11.0,10.0,16.0,436.0,390.0,235.0,237.0,234.0,234.0,233.0,237.0,249.0,258.0,275.0,309.0,355.0,477.0,735.0,874.0,967.0,943.0,936.0,929.0,952.0,908.0,828.0,321.0,763.0,709.0,653.0,621.0,597.0,555.0,521.0,481.0,449.0,419.0,303.0,399.0,381.0,374.0,372.0,363.0,374.0,364.0,365.0,363.0,371.0,280.0,374.0,374.0,362.0,364.0,363.0,366.0,357.0,345.0,327.0,328.0,262.0,325.0,308.0,303.0,302.0,303.0,314.0,316.0,313.0,304.0,317.0,250.0,338.0,328.0,315.0,316.0,302.0,277.0,285.0,276.0,298.0,286.0,248.0,260.0,234.0,223.0,193.0,172.0,147.0,144.0,127.0,113.0,105.0,242.0,80.0,71.0,64.0,52.0,38.0,34.0,27.0,19.0,13.0,22.0
Indre By,2047,,,,,,,,,,,,,,,,,,,,,,,,,,,,,,,,,,,,,,,,,,,,,,,,,,,,,,,,,,,,,,,,,,,,,,,,,,,,,,,,,,,,,,,,,,,,,,,,,,,,,,,,,,,,,,,,,,,,,,,,,,,,,,,,,,,,,,,,,,,,,,,,,,,,,,,,,,,,,,,,,,,,,,,,,,,,,,,,,,,,,,,,,,,,,,,,,,,,,,,,,,,,,,,,,,,472.0,422.0,261.0,252.0,248.0,246.0,247.0,246.0,249.0,253.0,261.0,283.0,379.0,388.0,731.0,930.0,876.0,900.0,882.0,905.0,919.0,893.0,888.0,338.0,807.0,743.0,669.0,646.0,607.0,582.0,547.0,531.0,490.0,456.0,315.0,425.0,405.0,391.0,381.0,372.0,367.0,357.0,360.0,366.0,367.0,298.0,375.0,391.0,381.0,374.0,375.0,367.0,360.0,348.0,339.0,321.0,278.0,320.0,299.0,283.0,276.0,271.0,271.0,284.0,276.0,285.0,275.0,271.0,290.0,298.0,296.0,277.0,274.0,268.0,245.0,233.0,234.0,237.0,269.0,245.0,215.0,196.0,173.0,148.0,126.0,114.0,92.0,84.0,71.0,269.0,60.0,46.0,34.0,29.0,23.0,18.0,16.0,12.0,10.0,17.0,450.0,403.0,243.0,244.0,240.0,241.0,240.0,245.0,258.0,268.0,284.0,322.0,366.0,543.0,809.0,939.0,967.0,994.0,978.0,961.0,987.0,940.0,879.0,331.0,804.0,737.0,667.0,629.0,597.0,574.0,530.0,501.0,462.0,432.0,312.0,413.0,391.0,383.0,376.0,368.0,380.0,377.0,369.0,370.0,375.0,289.0,379.0,384.0,382.0,374.0,373.0,373.0,373.0,360.0,345.0,334.0,270.0,329.0,324.0,306.0,303.0,297.0,299.0,312.0,318.0,313.0,304.0,257.0,319.0,335.0,319.0,314.0,314.0,298.0,273.0,281.0,273.0,290.0,255.0,281.0,252.0,226.0,214.0,183.0,160.0,138.0,131.0,117.0,98.0,248.0,87.0,69.0,64.0,55.0,39.0,31.0,29.0,19.0,13.0,23.0
Indre By,2048,,,,,,,,,,,,,,,,,,,,,,,,,,,,,,,,,,,,,,,,,,,,,,,,,,,,,,,,,,,,,,,,,,,,,,,,,,,,,,,,,,,,,,,,,,,,,,,,,,,,,,,,,,,,,,,,,,,,,,,,,,,,,,,,,,,,,,,,,,,,,,,,,,,,,,,,,,,,,,,,,,,,,,,,,,,,,,,,,,,,,,,,,,,,,,,,,,,,,,,,,,,,,,,,,,,488.0,435.0,267.0,260.0,255.0,253.0,254.0,253.0,256.0,261.0,270.0,293.0,390.0,416.0,854.0,1026.0,939.0,908.0,935.0,946.0,954.0,932.0,912.0,348.0,867.0,778.0,700.0,653.0,624.0,578.0,566.0,538.0,511.0,468.0,324.0,444.0,418.0,402.0,392.0,378.0,371.0,366.0,367.0,369.0,372.0,306.0,379.0,391.0,396.0,382.0,386.0,382.0,371.0,362.0,351.0,339.0,285.0,325.0,315.0,292.0,278.0,272.0,272.0,268.0,281.0,274.0,285.0,278.0,273.0,282.0,294.0,288.0,271.0,273.0,264.0,239.0,228.0,228.0,276.0,230.0,235.0,208.0,185.0,164.0,135.0,117.0,104.0,80.0,74.0,275.0,62.0,49.0,38.0,26.0,24.0,20.0,14.0,12.0,11.0,17.0,465.0,416.0,249.0,251.0,247.0,248.0,247.0,252.0,266.0,276.0,294.0,334.0,378.0,599.0,923.0,1008.0,1016.0,982.0,1026.0,1001.0,1022.0,972.0,908.0,341.0,854.0,775.0,692.0,643.0,606.0,575.0,548.0,510.0,480.0,444.0,321.0,426.0,404.0,392.0,384.0,371.0,385.0,383.0,382.0,373.0,381.0,297.0,382.0,388.0,392.0,394.0,384.0,384.0,380.0,376.0,360.0,352.0,277.0,335.0,328.0,321.0,307.0,298.0,294.0,298.0,314.0,319.0,312.0,264.0,305.0,317.0,327.0,319.0,312.0,311.0,294.0,270.0,277.0,265.0,262.0,285.0,272.0,243.0,218.0,203.0,171.0,151.0,126.0,121.0,102.0,255.0,82.0,76.0,62.0,55.0,41.0,32.0,25.0,20.0,13.0,24.0
Indre By,2049,,,,,,,,,,,,,,,,,,,,,,,,,,,,,,,,,,,,,,,,,,,,,,,,,,,,,,,,,,,,,,,,,,,,,,,,,,,,,,,,,,,,,,,,,,,,,,,,,,,,,,,,,,,,,,,,,,,,,,,,,,,,,,,,,,,,,,,,,,,,,,,,,,,,,,,,,,,,,,,,,,,,,,,,,,,,,,,,,,,,,,,,,,,,,,,,,,,,,,,,,,,,,,,,,,,505.0,450.0,274.0,266.0,262.0,260.0,260.0,259.0,263.0,269.0,279.0,304.0,403.0,445.0,955.0,1159.0,1012.0,955.0,932.0,998.0,994.0,965.0,950.0,358.0,888.0,833.0,730.0,682.0,630.0,593.0,562.0,555.0,516.0,487.0,333.0,455.0,437.0,414.0,402.0,389.0,377.0,370.0,376.0,375.0,375.0,314.0,384.0,395.0,396.0,396.0,394.0,394.0,386.0,374.0,365.0,351.0,292.0,343.0,320.0,307.0,287.0,274.0,273.0,269.0,266.0,280.0,275.0,285.0,283.0,265.0,278.0,286.0,281.0,270.0,269.0,257.0,234.0,222.0,284.0,221.0,221.0,226.0,195.0,174.0,149.0,125.0,107.0,90.0,71.0,282.0,65.0,51.0,40.0,29.0,21.0,20.0,15.0,11.0,11.0,18.0,481.0,429.0,255.0,257.0,254.0,255.0,254.0,259.0,273.0,285.0,302.0,347.0,390.0,659.0,1007.0,1127.0,1069.0,1016.0,1007.0,1048.0,1065.0,1004.0,936.0,351.0,881.0,821.0,726.0,666.0,618.0,582.0,547.0,526.0,487.0,460.0,330.0,437.0,417.0,405.0,393.0,378.0,388.0,387.0,388.0,386.0,384.0,305.0,388.0,390.0,396.0,405.0,404.0,395.0,391.0,384.0,375.0,367.0,284.0,353.0,334.0,326.0,321.0,301.0,295.0,292.0,301.0,315.0,317.0,271.0,314.0,303.0,310.0,326.0,317.0,309.0,307.0,290.0,266.0,269.0,269.0,261.0,276.0,262.0,234.0,207.0,190.0,161.0,137.0,117.0,106.0,262.0,85.0,71.0,69.0,53.0,41.0,33.0,26.0,18.0,13.0,24.0
Indre By,2050,,,,,,,,,,,,,,,,,,,,,,,,,,,,,,,,,,,,,,,,,,,,,,,,,,,,,,,,,,,,,,,,,,,,,,,,,,,,,,,,,,,,,,,,,,,,,,,,,,,,,,,,,,,,,,,,,,,,,,,,,,,,,,,,,,,,,,,,,,,,,,,,,,,,,,,,,,,,,,,,,,,,,,,,,,,,,,,,,,,,,,,,,,,,,,,,,,,,,,,,,,,,,,,,,,,522.0,465.0,281.0,272.0,268.0,267.0,267.0,266.0,270.0,276.0,287.0,313.0,416.0,476.0,1053.0,1261.0,1122.0,1012.0,969.0,990.0,1048.0,1002.0,983.0,369.0,923.0,852.0,780.0,713.0,658.0,599.0,577.0,551.0,532.0,491.0,343.0,473.0,447.0,432.0,414.0,398.0,388.0,376.0,379.0,384.0,382.0,323.0,387.0,400.0,399.0,396.0,409.0,402.0,398.0,388.0,376.0,365.0,300.0,355.0,337.0,313.0,302.0,282.0,275.0,270.0,266.0,265.0,280.0,292.0,273.0,274.0,262.0,271.0,279.0,280.0,266.0,263.0,252.0,228.0,291.0,216.0,212.0,213.0,213.0,185.0,159.0,139.0,114.0,93.0,80.0,290.0,62.0,53.0,41.0,31.0,24.0,18.0,15.0,11.0,10.0,18.0,497.0,444.0,262.0,263.0,260.0,262.0,260.0,266.0,281.0,292.0,311.0,359.0,403.0,724.0,1087.0,1209.0,1175.0,1057.0,1037.0,1028.0,1118.0,1045.0,966.0,362.0,910.0,848.0,769.0,699.0,640.0,594.0,554.0,525.0,502.0,466.0,340.0,453.0,428.0,417.0,405.0,387.0,395.0,390.0,392.0,392.0,397.0,313.0,392.0,397.0,398.0,408.0,414.0,414.0,403.0,395.0,383.0,383.0,292.0,368.0,351.0,332.0,326.0,316.0,298.0,293.0,295.0,302.0,313.0,278.0,319.0,312.0,296.0,309.0,324.0,314.0,305.0,303.0,286.0,259.0,276.0,265.0,253.0,266.0,252.0,222.0,193.0,178.0,146.0,127.0,102.0,269.0,89.0,74.0,65.0,58.0,40.0,33.0,28.0,19.0,12.0,24.0
Indre By,2051,,,,,,,,,,,,,,,,,,,,,,,,,,,,,,,,,,,,,,,,,,,,,,,,,,,,,,,,,,,,,,,,,,,,,,,,,,,,,,,,,,,,,,,,,,,,,,,,,,,,,,,,,,,,,,,,,,,,,,,,,,,,,,,,,,,,,,,,,,,,,,,,,,,,,,,,,,,,,,,,,,,,,,,,,,,,,,,,,,,,,,,,,,,,,,,,,,,,,,,,,,,,,,,,,,,545.0,485.0,289.0,280.0,275.0,274.0,275.0,273.0,277.0,284.0,295.0,324.0,432.0,510.0,1154.0,1362.0,1207.0,1111.0,1021.0,1029.0,1043.0,1061.0,1025.0,383.0,957.0,888.0,801.0,766.0,690.0,628.0,585.0,568.0,530.0,508.0,355.0,479.0,467.0,444.0,433.0,411.0,399.0,387.0,386.0,388.0,392.0,333.0,395.0,403.0,405.0,400.0,410.0,418.0,407.0,401.0,391.0,377.0,309.0,369.0,349.0,330.0,308.0,297.0,284.0,272.0,268.0,266.0,266.0,300.0,278.0,265.0,271.0,255.0,265.0,279.0,276.0,261.0,258.0,245.0,299.0,222.0,207.0,205.0,201.0,201.0,168.0,148.0,127.0,100.0,83.0,297.0,70.0,51.0,44.0,32.0,25.0,20.0,14.0,12.0,10.0,18.0,519.0,462.0,270.0,271.0,267.0,269.0,268.0,274.0,288.0,301.0,319.0,373.0,419.0,793.0,1175.0,1292.0,1247.0,1153.0,1077.0,1061.0,1103.0,1100.0,1008.0,376.0,943.0,878.0,796.0,743.0,674.0,618.0,567.0,534.0,503.0,482.0,352.0,461.0,445.0,430.0,419.0,400.0,406.0,399.0,395.0,397.0,404.0,323.0,405.0,401.0,405.0,412.0,419.0,426.0,422.0,407.0,394.0,391.0,301.0,384.0,367.0,348.0,333.0,321.0,312.0,297.0,297.0,297.0,302.0,287.0,316.0,317.0,305.0,296.0,308.0,321.0,310.0,302.0,299.0,279.0,283.0,255.0,256.0,245.0,256.0,239.0,207.0,181.0,163.0,135.0,111.0,276.0,86.0,77.0,67.0,55.0,44.0,33.0,28.0,20.0,12.0,24.0
Indre By,2052,,,,,,,,,,,,,,,,,,,,,,,,,,,,,,,,,,,,,,,,,,,,,,,,,,,,,,,,,,,,,,,,,,,,,,,,,,,,,,,,,,,,,,,,,,,,,,,,,,,,,,,,,,,,,,,,,,,,,,,,,,,,,,,,,,,,,,,,,,,,,,,,,,,,,,,,,,,,,,,,,,,,,,,,,,,,,,,,,,,,,,,,,,,,,,,,,,,,,,,,,,,,,,,,,,,565.0,505.0,296.0,287.0,282.0,280.0,281.0,281.0,284.0,291.0,303.0,334.0,449.0,549.0,1260.0,1462.0,1285.0,1179.0,1108.0,1076.0,1082.0,1052.0,1083.0,397.0,994.0,919.0,833.0,786.0,739.0,656.0,613.0,574.0,544.0,504.0,368.0,494.0,472.0,462.0,443.0,429.0,412.0,398.0,398.0,395.0,396.0,343.0,405.0,411.0,408.0,405.0,414.0,419.0,423.0,409.0,403.0,391.0,318.0,381.0,363.0,342.0,324.0,304.0,299.0,281.0,270.0,267.0,266.0,309.0,265.0,270.0,263.0,264.0,250.0,265.0,275.0,270.0,256.0,251.0,307.0,238.0,212.0,200.0,193.0,190.0,184.0,157.0,135.0,111.0,89.0,305.0,73.0,58.0,42.0,34.0,26.0,21.0,16.0,11.0,11.0,18.0,538.0,481.0,277.0,278.0,273.0,275.0,275.0,281.0,296.0,309.0,327.0,386.0,436.0,873.0,1262.0,1376.0,1314.0,1210.0,1167.0,1098.0,1139.0,1084.0,1058.0,390.0,983.0,909.0,823.0,769.0,715.0,649.0,589.0,545.0,510.0,482.0,364.0,476.0,453.0,446.0,430.0,412.0,419.0,409.0,404.0,399.0,408.0,333.0,412.0,413.0,409.0,419.0,422.0,430.0,435.0,426.0,406.0,402.0,309.0,392.0,383.0,364.0,349.0,327.0,318.0,311.0,300.0,298.0,296.0,295.0,304.0,314.0,310.0,305.0,295.0,306.0,317.0,306.0,298.0,291.0,291.0,274.0,248.0,248.0,236.0,243.0,224.0,195.0,165.0,150.0,118.0,283.0,93.0,75.0,70.0,58.0,42.0,36.0,28.0,20.0,13.0,24.0
Indre By,2053,,,,,,,,,,,,,,,,,,,,,,,,,,,,,,,,,,,,,,,,,,,,,,,,,,,,,,,,,,,,,,,,,,,,,,,,,,,,,,,,,,,,,,,,,,,,,,,,,,,,,,,,,,,,,,,,,,,,,,,,,,,,,,,,,,,,,,,,,,,,,,,,,,,,,,,,,,,,,,,,,,,,,,,,,,,,,,,,,,,,,,,,,,,,,,,,,,,,,,,,,,,,,,,,,,,585.0,523.0,303.0,294.0,289.0,287.0,288.0,287.0,291.0,298.0,311.0,343.0,466.0,587.0,1359.0,1562.0,1363.0,1240.0,1164.0,1161.0,1128.0,1087.0,1073.0,411.0,1048.0,951.0,859.0,817.0,757.0,701.0,639.0,600.0,549.0,516.0,381.0,490.0,486.0,466.0,461.0,439.0,429.0,409.0,408.0,406.0,402.0,355.0,408.0,421.0,415.0,408.0,419.0,422.0,424.0,425.0,411.0,403.0,327.0,395.0,375.0,355.0,336.0,319.0,305.0,295.0,278.0,269.0,268.0,317.0,265.0,257.0,267.0,256.0,259.0,250.0,262.0,270.0,265.0,249.0,315.0,244.0,229.0,205.0,189.0,183.0,174.0,171.0,144.0,118.0,98.0,312.0,78.0,61.0,47.0,33.0,28.0,22.0,16.0,12.0,10.0,18.0,556.0,498.0,284.0,285.0,280.0,282.0,282.0,288.0,304.0,316.0,335.0,398.0,453.0,950.0,1351.0,1457.0,1382.0,1262.0,1218.0,1186.0,1179.0,1116.0,1041.0,404.0,1032.0,945.0,849.0,793.0,738.0,687.0,617.0,565.0,520.0,487.0,377.0,476.0,467.0,453.0,446.0,423.0,431.0,422.0,413.0,408.0,411.0,344.0,416.0,420.0,422.0,423.0,428.0,433.0,439.0,438.0,425.0,414.0,319.0,403.0,391.0,380.0,364.0,343.0,324.0,316.0,314.0,302.0,297.0,303.0,298.0,303.0,307.0,310.0,304.0,293.0,302.0,313.0,302.0,290.0,298.0,286.0,266.0,240.0,239.0,224.0,227.0,211.0,178.0,153.0,132.0,291.0,100.0,81.0,68.0,60.0,44.0,34.0,30.0,20.0,13.0,24.0
Indre By,2054,,,,,,,,,,,,,,,,,,,,,,,,,,,,,,,,,,,,,,,,,,,,,,,,,,,,,,,,,,,,,,,,,,,,,,,,,,,,,,,,,,,,,,,,,,,,,,,,,,,,,,,,,,,,,,,,,,,,,,,,,,,,,,,,,,,,,,,,,,,,,,,,,,,,,,,,,,,,,,,,,,,,,,,,,,,,,,,,,,,,,,,,,,,,,,,,,,,,,,,,,,,,,,,,,,,604.0,540.0,310.0,300.0,296.0,294.0,295.0,294.0,297.0,305.0,318.0,351.0,482.0,624.0,1448.0,1654.0,1439.0,1302.0,1216.0,1216.0,1214.0,1129.0,1106.0,426.0,1035.0,1000.0,887.0,842.0,785.0,717.0,682.0,625.0,572.0,519.0,394.0,501.0,481.0,480.0,464.0,455.0,438.0,426.0,419.0,416.0,413.0,366.0,414.0,423.0,424.0,414.0,421.0,427.0,426.0,426.0,427.0,411.0,337.0,407.0,388.0,367.0,349.0,331.0,321.0,302.0,293.0,277.0,269.0,326.0,267.0,257.0,254.0,260.0,251.0,259.0,248.0,257.0,265.0,258.0,323.0,243.0,235.0,221.0,194.0,179.0,168.0,162.0,156.0,125.0,105.0,320.0,87.0,64.0,50.0,37.0,27.0,23.0,17.0,12.0,11.0,18.0,574.0,514.0,291.0,292.0,287.0,289.0,288.0,295.0,310.0,324.0,342.0,410.0,468.0,1025.0,1434.0,1538.0,1448.0,1316.0,1266.0,1236.0,1274.0,1152.0,1069.0,419.0,1016.0,989.0,881.0,818.0,761.0,708.0,651.0,591.0,537.0,495.0,390.0,480.0,466.0,467.0,452.0,438.0,441.0,433.0,425.0,417.0,419.0,356.0,418.0,423.0,429.0,435.0,431.0,439.0,441.0,442.0,437.0,432.0,328.0,415.0,402.0,387.0,380.0,359.0,339.0,322.0,320.0,316.0,301.0,312.0,299.0,297.0,296.0,307.0,309.0,301.0,289.0,299.0,310.0,295.0,306.0,286.0,278.0,258.0,231.0,227.0,210.0,214.0,192.0,165.0,134.0,298.0,111.0,87.0,74.0,58.0,45.0,36.0,29.0,21.0,13.0,25.0
Indre By,2055,,,,,,,,,,,,,,,,,,,,,,,,,,,,,,,,,,,,,,,,,,,,,,,,,,,,,,,,,,,,,,,,,,,,,,,,,,,,,,,,,,,,,,,,,,,,,,,,,,,,,,,,,,,,,,,,,,,,,,,,,,,,,,,,,,,,,,,,,,,,,,,,,,,,,,,,,,,,,,,,,,,,,,,,,,,,,,,,,,,,,,,,,,,,,,,,,,,,,,,,,,,,,,,,,,,623.0,557.0,317.0,307.0,302.0,300.0,301.0,300.0,303.0,311.0,325.0,360.0,498.0,661.0,1529.0,1737.0,1509.0,1362.0,1268.0,1266.0,1269.0,1211.0,1146.0,439.0,1064.0,986.0,931.0,869.0,809.0,743.0,697.0,665.0,594.0,540.0,407.0,503.0,492.0,474.0,476.0,457.0,455.0,435.0,435.0,426.0,422.0,377.0,425.0,429.0,426.0,423.0,427.0,429.0,432.0,428.0,428.0,426.0,347.0,415.0,400.0,379.0,361.0,344.0,332.0,317.0,299.0,292.0,278.0,335.0,268.0,259.0,255.0,248.0,255.0,251.0,256.0,243.0,253.0,258.0,332.0,252.0,233.0,227.0,208.0,184.0,164.0,157.0,148.0,137.0,112.0,327.0,93.0,72.0,53.0,39.0,30.0,22.0,18.0,13.0,11.0,18.0,592.0,530.0,298.0,298.0,293.0,296.0,295.0,301.0,317.0,331.0,349.0,422.0,484.0,1095.0,1510.0,1612.0,1511.0,1367.0,1315.0,1283.0,1329.0,1241.0,1100.0,432.0,1041.0,973.0,920.0,848.0,783.0,728.0,670.0,622.0,560.0,510.0,403.0,488.0,471.0,465.0,465.0,443.0,456.0,443.0,436.0,428.0,428.0,367.0,426.0,425.0,431.0,442.0,444.0,442.0,447.0,444.0,440.0,445.0,339.0,432.0,413.0,398.0,388.0,374.0,354.0,337.0,326.0,321.0,315.0,321.0,303.0,298.0,291.0,297.0,306.0,306.0,297.0,286.0,296.0,302.0,314.0,290.0,278.0,269.0,248.0,220.0,212.0,198.0,195.0,178.0,145.0,305.0,113.0,97.0,79.0,64.0,44.0,37.0,30.0,21.0,14.0,25.0
Indre By,2056,,,,,,,,,,,,,,,,,,,,,,,,,,,,,,,,,,,,,,,,,,,,,,,,,,,,,,,,,,,,,,,,,,,,,,,,,,,,,,,,,,,,,,,,,,,,,,,,,,,,,,,,,,,,,,,,,,,,,,,,,,,,,,,,,,,,,,,,,,,,,,,,,,,,,,,,,,,,,,,,,,,,,,,,,,,,,,,,,,,,,,,,,,,,,,,,,,,,,,,,,,,,,,,,,,,642.0,574.0,324.0,313.0,308.0,306.0,307.0,306.0,309.0,317.0,332.0,368.0,512.0,698.0,1602.0,1811.0,1572.0,1418.0,1318.0,1317.0,1320.0,1263.0,1227.0,453.0,1099.0,1011.0,917.0,912.0,833.0,763.0,721.0,679.0,631.0,559.0,419.0,522.0,494.0,484.0,469.0,469.0,456.0,450.0,443.0,442.0,433.0,389.0,434.0,439.0,431.0,424.0,436.0,434.0,433.0,433.0,430.0,427.0,357.0,430.0,407.0,391.0,373.0,355.0,345.0,328.0,314.0,298.0,292.0,345.0,277.0,260.0,256.0,248.0,243.0,255.0,249.0,251.0,239.0,247.0,340.0,252.0,242.0,226.0,215.0,198.0,168.0,153.0,144.0,130.0,122.0,335.0,99.0,76.0,59.0,41.0,32.0,25.0,18.0,14.0,12.0,19.0,610.0,546.0,304.0,305.0,299.0,301.0,301.0,308.0,323.0,337.0,355.0,433.0,498.0,1162.0,1581.0,1681.0,1569.0,1415.0,1361.0,1331.0,1381.0,1292.0,1182.0,445.0,1071.0,996.0,904.0,885.0,810.0,749.0,688.0,639.0,589.0,531.0,415.0,503.0,478.0,469.0,462.0,455.0,460.0,458.0,446.0,439.0,439.0,379.0,434.0,432.0,432.0,445.0,451.0,454.0,449.0,450.0,442.0,447.0,349.0,445.0,430.0,409.0,398.0,381.0,369.0,352.0,341.0,327.0,320.0,330.0,317.0,302.0,292.0,291.0,296.0,303.0,302.0,294.0,284.0,288.0,323.0,297.0,282.0,269.0,260.0,236.0,206.0,200.0,181.0,181.0,156.0,313.0,122.0,99.0,88.0,68.0,48.0,37.0,31.0,22.0,14.0,26.0
Indre By,2057,,,,,,,,,,,,,,,,,,,,,,,,,,,,,,,,,,,,,,,,,,,,,,,,,,,,,,,,,,,,,,,,,,,,,,,,,,,,,,,,,,,,,,,,,,,,,,,,,,,,,,,,,,,,,,,,,,,,,,,,,,,,,,,,,,,,,,,,,,,,,,,,,,,,,,,,,,,,,,,,,,,,,,,,,,,,,,,,,,,,,,,,,,,,,,,,,,,,,,,,,,,,,,,,,,,661.0,591.0,331.0,319.0,314.0,311.0,312.0,311.0,314.0,322.0,338.0,375.0,526.0,732.0,1667.0,1876.0,1627.0,1465.0,1362.0,1363.0,1370.0,1308.0,1275.0,465.0,1171.0,1040.0,936.0,897.0,871.0,784.0,739.0,699.0,641.0,591.0,431.0,540.0,511.0,484.0,477.0,461.0,467.0,451.0,458.0,449.0,448.0,399.0,443.0,448.0,441.0,428.0,436.0,443.0,438.0,434.0,434.0,428.0,367.0,430.0,422.0,397.0,385.0,367.0,356.0,341.0,325.0,312.0,299.0,354.0,291.0,268.0,258.0,250.0,243.0,244.0,252.0,244.0,246.0,233.0,349.0,241.0,242.0,234.0,214.0,204.0,181.0,157.0,140.0,126.0,116.0,343.0,108.0,82.0,63.0,46.0,34.0,27.0,20.0,13.0,13.0,19.0,628.0,562.0,311.0,311.0,304.0,307.0,307.0,313.0,329.0,343.0,360.0,444.0,512.0,1224.0,1644.0,1742.0,1621.0,1458.0,1403.0,1375.0,1432.0,1337.0,1225.0,457.0,1147.0,1021.0,922.0,868.0,843.0,772.0,705.0,654.0,603.0,557.0,427.0,522.0,491.0,474.0,464.0,451.0,472.0,461.0,459.0,447.0,449.0,389.0,445.0,440.0,439.0,445.0,452.0,460.0,461.0,451.0,447.0,448.0,358.0,447.0,442.0,425.0,409.0,391.0,377.0,367.0,356.0,342.0,326.0,339.0,322.0,315.0,296.0,292.0,290.0,293.0,299.0,299.0,291.0,276.0,331.0,284.0,289.0,273.0,260.0,247.0,221.0,194.0,182.0,167.0,159.0,320.0,132.0,107.0,90.0,76.0,52.0,40.0,31.0,22.0,15.0,26.0
Indre By,2058,,,,,,,,,,,,,,,,,,,,,,,,,,,,,,,,,,,,,,,,,,,,,,,,,,,,,,,,,,,,,,,,,,,,,,,,,,,,,,,,,,,,,,,,,,,,,,,,,,,,,,,,,,,,,,,,,,,,,,,,,,,,,,,,,,,,,,,,,,,,,,,,,,,,,,,,,,,,,,,,,,,,,,,,,,,,,,,,,,,,,,,,,,,,,,,,,,,,,,,,,,,,,,,,,,,676.0,605.0,338.0,325.0,318.0,316.0,317.0,316.0,319.0,327.0,343.0,381.0,538.0,763.0,1722.0,1931.0,1671.0,1503.0,1398.0,1402.0,1413.0,1351.0,1316.0,475.0,1210.0,1102.0,958.0,912.0,853.0,815.0,755.0,714.0,657.0,598.0,440.0,568.0,526.0,499.0,475.0,467.0,456.0,459.0,456.0,462.0,453.0,408.0,458.0,456.0,448.0,436.0,439.0,442.0,446.0,438.0,434.0,431.0,375.0,430.0,422.0,411.0,391.0,378.0,367.0,351.0,337.0,323.0,313.0,362.0,297.0,282.0,266.0,251.0,245.0,243.0,241.0,247.0,240.0,241.0,357.0,228.0,232.0,235.0,221.0,203.0,187.0,169.0,144.0,123.0,113.0,351.0,103.0,89.0,68.0,49.0,38.0,29.0,21.0,15.0,12.0,20.0,642.0,575.0,318.0,317.0,310.0,312.0,311.0,318.0,334.0,348.0,365.0,452.0,524.0,1276.0,1699.0,1793.0,1664.0,1493.0,1437.0,1412.0,1476.0,1380.0,1262.0,467.0,1185.0,1088.0,941.0,882.0,824.0,800.0,724.0,668.0,614.0,567.0,436.0,545.0,508.0,485.0,468.0,451.0,466.0,471.0,461.0,459.0,456.0,397.0,454.0,450.0,446.0,452.0,451.0,461.0,467.0,462.0,448.0,452.0,366.0,447.0,444.0,437.0,424.0,401.0,386.0,374.0,370.0,356.0,340.0,347.0,328.0,320.0,308.0,296.0,291.0,287.0,289.0,296.0,296.0,283.0,338.0,273.0,277.0,280.0,264.0,248.0,231.0,209.0,177.0,169.0,147.0,327.0,135.0,115.0,97.0,78.0,58.0,43.0,34.0,22.0,15.0,27.0
Indre By,2059,,,,,,,,,,,,,,,,,,,,,,,,,,,,,,,,,,,,,,,,,,,,,,,,,,,,,,,,,,,,,,,,,,,,,,,,,,,,,,,,,,,,,,,,,,,,,,,,,,,,,,,,,,,,,,,,,,,,,,,,,,,,,,,,,,,,,,,,,,,,,,,,,,,,,,,,,,,,,,,,,,,,,,,,,,,,,,,,,,,,,,,,,,,,,,,,,,,,,,,,,,,,,,,,,,,693.0,619.0,345.0,331.0,324.0,321.0,321.0,320.0,323.0,331.0,347.0,387.0,551.0,788.0,1765.0,1979.0,1712.0,1538.0,1430.0,1436.0,1452.0,1391.0,1358.0,485.0,1247.0,1137.0,1014.0,933.0,866.0,798.0,785.0,729.0,670.0,612.0,449.0,575.0,553.0,513.0,489.0,464.0,462.0,449.0,464.0,460.0,467.0,416.0,463.0,471.0,456.0,443.0,448.0,445.0,445.0,446.0,438.0,431.0,382.0,433.0,421.0,411.0,404.0,384.0,378.0,362.0,347.0,335.0,324.0,369.0,311.0,288.0,279.0,258.0,246.0,245.0,241.0,237.0,243.0,235.0,365.0,235.0,219.0,225.0,222.0,211.0,186.0,175.0,155.0,126.0,110.0,358.0,100.0,85.0,74.0,53.0,40.0,32.0,23.0,16.0,14.0,21.0,659.0,588.0,324.0,323.0,315.0,317.0,316.0,322.0,338.0,353.0,370.0,461.0,536.0,1318.0,1745.0,1840.0,1703.0,1526.0,1469.0,1446.0,1516.0,1420.0,1300.0,478.0,1220.0,1122.0,1000.0,899.0,836.0,782.0,749.0,684.0,625.0,577.0,445.0,555.0,530.0,502.0,479.0,454.0,466.0,465.0,470.0,460.0,468.0,406.0,461.0,458.0,456.0,459.0,457.0,459.0,467.0,468.0,458.0,453.0,374.0,451.0,443.0,438.0,436.0,416.0,396.0,383.0,377.0,371.0,354.0,354.0,342.0,326.0,314.0,308.0,295.0,288.0,283.0,286.0,293.0,288.0,346.0,279.0,265.0,268.0,270.0,252.0,232.0,218.0,191.0,164.0,149.0,334.0,125.0,118.0,105.0,84.0,59.0,48.0,36.0,24.0,15.0,28.0
Indre By,2060,,,,,,,,,,,,,,,,,,,,,,,,,,,,,,,,,,,,,,,,,,,,,,,,,,,,,,,,,,,,,,,,,,,,,,,,,,,,,,,,,,,,,,,,,,,,,,,,,,,,,,,,,,,,,,,,,,,,,,,,,,,,,,,,,,,,,,,,,,,,,,,,,,,,,,,,,,,,,,,,,,,,,,,,,,,,,,,,,,,,,,,,,,,,,,,,,,,,,,,,,,,,,,,,,,,712.0,635.0,351.0,337.0,330.0,326.0,326.0,324.0,326.0,335.0,352.0,392.0,564.0,813.0,1800.0,2018.0,1749.0,1570.0,1459.0,1468.0,1488.0,1428.0,1397.0,496.0,1284.0,1170.0,1045.0,987.0,886.0,810.0,769.0,757.0,683.0,623.0,459.0,588.0,559.0,539.0,503.0,477.0,459.0,454.0,453.0,468.0,464.0,425.0,476.0,476.0,471.0,450.0,454.0,453.0,448.0,444.0,445.0,435.0,389.0,433.0,425.0,410.0,404.0,397.0,384.0,373.0,357.0,345.0,335.0,377.0,322.0,301.0,285.0,271.0,253.0,246.0,243.0,236.0,233.0,238.0,372.0,230.0,226.0,213.0,213.0,212.0,193.0,175.0,161.0,136.0,113.0,366.0,98.0,83.0,70.0,58.0,43.0,34.0,25.0,17.0,15.0,22.0,676.0,603.0,331.0,329.0,320.0,322.0,321.0,327.0,342.0,357.0,373.0,468.0,548.0,1356.0,1782.0,1881.0,1740.0,1556.0,1499.0,1478.0,1554.0,1457.0,1337.0,489.0,1257.0,1154.0,1030.0,954.0,852.0,793.0,731.0,708.0,640.0,587.0,455.0,565.0,540.0,524.0,495.0,464.0,469.0,464.0,463.0,470.0,468.0,414.0,473.0,465.0,464.0,468.0,464.0,466.0,465.0,468.0,464.0,463.0,381.0,451.0,447.0,437.0,437.0,428.0,410.0,392.0,386.0,377.0,368.0,362.0,356.0,339.0,319.0,314.0,307.0,292.0,284.0,280.0,284.0,286.0,352.0,284.0,272.0,257.0,259.0,258.0,236.0,219.0,199.0,177.0,145.0,341.0,126.0,109.0,108.0,91.0,64.0,49.0,40.0,26.0,16.0,28.0
Nørrebro,1986,609.0,558.0,131.0,140.0,5.0,3.0,0.0,3.0,0.0,0.0,0.0,0.0,0.0,0.0,56.0,43.0,27.0,20.0,40.0,33.0,18.0,20.0,,,,,7.0,9.0,122.0,115.0,325.0,241.0,603.0,492.0,654.0,480.0,456.0,202.0,179.0,102.0,59.0,62.0,18.0,21.0,36.0,39.0,297.0,314.0,367.0,293.0,,,,,174.0,461.0,1950.0,1826.0,1949.0,2145.0,7799.0,8322.0,4474.0,3544.0,2670.0,2312.0,2204.0,2216.0,5136.0,8801.0,,,,,,,,,,,,,,,,,,,,,,,,,,,,,,,,,,,,,,,,,,,,,,,,,,,,,,,,,,,,,,,,,,,,,,,,,,,,,,,,,,,,,,,,,,,,,,,,,,,,,,,,,,,,,,,,,,,,,,,,,,,,,,,,,,,,,,,,,,,,,,,,,,,,,,,,,,,,,,,,,,,,,,,,,,,,,,,,,,,,,,,,,,,,,,,,,,,,,,,,,,,,,,,,,,,,,,,,,,,,,,,,,,,,,,,,,,,,,,,,,,,,,,,,,,,,,,,,,,,,,,,,,,,,,,,,,,,,,,,,,,,,,,,,,,,,,,,,,,,,,,,,,,,,,,,,,,,,,,,,,,,,,,,,,,,,,,,,,,,,
Nørrebro,1987,608.0,577.0,175.0,169.0,5.0,,0.0,,0.0,0.0,0.0,0.0,0.0,0.0,62.0,47.0,24.0,24.0,33.0,,24.0,,,,,,6.0,11.0,135.0,124.0,307.0,261.0,653.0,490.0,669.0,517.0,477.0,222.0,191.0,105.0,73.0,75.0,19.0,20.0,36.0,41.0,298.0,306.0,381.0,291.0,,,,,169.0,443.0,1921.0,1757.0,1725.0,1996.0,7871.0,8570.0,4482.0,3578.0,2783.0,2389.0,2091.0,2088.0,4945.0,8473.0,,,,,,,,,,,,,,,,,,,,,,,,,,,,,,,2039937.0,76721.0,26589.0,1957756.0,66987.0,29226.0,2463058.0,127712.0,19286.0,1859525.0,104280.0,17832.0,2171295.0,81249.0,26724.0,2235191.0,75751.0,29507.0,3325747.0,125155.0,26573.0,2915120.0,99829.0,29201.0,2755055.0,107636.0,25596.0,2441131.0,86722.0,28149.0,,,,,,,,,,,,,,,,,,,,,,,,,,,,,,,,,,,,,,,,,,,,,,,,,,,,,,,,,,,,,,,,,,,,,,,,,,,,,,,,,,,,,,,,,,,,,,,,,,,,,,,,,,,,,,,,,,,,,,,,,,,,,,,,,,,,,,,,,,,,,,,,,,,,,,,,,,,,,,,,,,,,,,,,,,,,,,,,,,,,,,,,,,,,,,,,,,,,,,,,,,,,,,,,,,,,,,,,,,,,,,,,,,,,,,,,,,,,,,,,,,,,,,,,,,,,,,,,,,,,,,,,,,,,,,,,,,,,,,,,
Nørrebro,1988,655.0,631.0,227.0,208.0,7.0,,0.0,,0.0,0.0,0.0,0.0,0.0,0.0,73.0,51.0,30.0,22.0,36.0,,28.0,,,,,,5.0,14.0,133.0,103.0,338.0,280.0,836.0,586.0,729.0,528.0,529.0,242.0,210.0,112.0,82.0,83.0,24.0,21.0,38.0,44.0,294.0,311.0,374.0,308.0,,,,,157.0,424.0,1994.0,1902.0,1701.0,1937.0,8247.0,9141.0,4552.0,3805.0,2912.0,2492.0,2066.0,2033.0,4742.0,8169.0,,,,,,,,,,,,,,,,,,,,,,,,,,,,,,,2165985.0,80109.0,27038.0,2093891.0,71085.0,29456.0,2604261.0,134629.0,19344.0,1989653.0,110047.0,18080.0,2309010.0,85090.0,27136.0,2376772.0,79994.0,29712.0,3554586.0,132229.0,26882.0,3142859.0,106973.0,29380.0,2948086.0,113528.0,25968.0,2613467.0,92231.0,28336.0,,,,,,,,,,,,,,,,,,,,,,,,,,,,,,,,,,,,,,,,,,,,,,,,,,,,,,,,,,,,,,,,,,,,,,,,,,,,,,,,,,,,,,,,,,,,,,,,,,,,,,,,,,,,,,,,,,,,,,,,,,,,,,,,,,,,,,,,,,,,,,,,,,,,,,,,,,,,,,,,,,,,,,,,,,,,,,,,,,,,,,,,,,,,,,,,,,,,,,,,,,,,,,,,,,,,,,,,,,,,,,,,,,,,,,,,,,,,,,,,,,,,,,,,,,,,,,,,,,,,,,,,,,,,,,,,,,,,,,,,
Nørrebro,1989,698.0,685.0,268.0,230.0,,,,,,0.0,0.0,0.0,0.0,0.0,70.0,60.0,,,,,,,,6.0,,,5.0,12.0,127.0,121.0,346.0,271.0,865.0,639.0,714.0,554.0,560.0,279.0,227.0,126.0,88.0,85.0,20.0,27.0,,,310.0,333.0,357.0,287.0,241.0,200.0,,,153.0,406.0,2071.0,1948.0,1649.0,1922.0,8489.0,9318.0,4670.0,3954.0,2997.0,2504.0,2013.0,1970.0,4528.0,7878.0,,,,,,,,,,,,,,,,,,,,,,,,,,,,,,,2232364.0,82634.0,27015.0,2195303.0,74478.0,29476.0,2597874.0,137643.0,18874.0,2051814.0,114377.0,17939.0,2389222.0,88127.0,27111.0,2483575.0,83498.0,29744.0,3637824.0,135846.0,26779.0,3286039.0,111911.0,29363.0,3013116.0,117852.0,25567.0,2733854.0,97152.0,28140.0,,,,,,,,,,,,,,,,,,,,,,,,,,,,,,,,,,,,,,,,,,,,,,,,,,,,,,,,,,,,,,,,,,,,,,,,,,,,,,,,,,,,,,,,,,,,,,,,,,,,,,,,,,,,,,,,,,,,,,,,,,,,,,,,,,,,,,,,,,,,,,,,,,,,,,,,,,,,,,,,,,,,,,,,,,,,,,,,,,,,,,,,,,,,,,,,,,,,,,,,,,,,,,,,,,,,,,,,,,,,,,,,,,,,,,,,,,,,,,,,,,,,,,,,,,,,,,,,,,,,,,,,,,,,,,,,,,,,,,,,
Nørrebro,1990,704.0,691.0,308.0,275.0,,,,,0.0,0.0,0.0,0.0,0.0,0.0,65.0,59.0,,,,,,,9.0,8.0,7.0,3.0,,,,,316.0,266.0,914.0,687.0,772.0,593.0,570.0,305.0,256.0,136.0,,,,,,,328.0,308.0,342.0,291.0,249.0,212.0,111.0,95.0,150.0,391.0,2127.0,1999.0,1601.0,1826.0,8502.0,9588.0,4707.0,4027.0,3037.0,2586.0,1978.0,1927.0,4328.0,7506.0,,,,,,,,,,,,,,,,,,,,,,,,,,,,,,,2286891.0,84866.0,26947.0,2257231.0,76962.0,29329.0,2619794.0,140201.0,18686.0,2121701.0,117885.0,17998.0,2447938.0,90487.0,27053.0,2548055.0,86068.0,29605.0,3713909.0,138537.0,26808.0,3377647.0,115550.0,29231.0,3057349.0,119488.0,25587.0,2792570.0,99710.0,28007.0,,,,,,,,,,,,,,,,,,,,,,,,,,,,,,,,,,,,,,,,,,,,,,,,,,,,,,,,,,,,,,,,,,,,,,,,,,,,,,,,,,,,,,,,,,,,,,,,,,,,,,,,,,,,,,,,,,,,,,,,,,,,,,,,,,,,,,,,,,,,,,,,,,,,,,,,,,,,,,,,,,,,,,,,,,,,,,,,,,,,,,,,,,,,,,,,,,,,,,,,,,,,,,,,,,,,,,,,,,,,,,,,,,,,,,,,,,,,,,,,,,,,,,,,,,,,,,,,,,,,,,,,,,,,,,,,,,,,,,,,
Nørrebro,1991,709.0,687.0,354.0,338.0,,,,,0.0,0.0,0.0,0.0,,,66.0,72.0,,,,,,,9.0,7.0,,,,,143.0,151.0,317.0,285.0,947.0,726.0,844.0,621.0,565.0,340.0,285.0,153.0,110.0,112.0,14.0,24.0,,,333.0,304.0,360.0,292.0,247.0,221.0,,,154.0,366.0,2194.0,2030.0,1582.0,1825.0,8558.0,9572.0,4691.0,4102.0,3028.0,2591.0,1953.0,1843.0,4116.0,7174.0,,,,,,,,,,,,,,,,,,,,,,,,,,,,,,,2358744.0,86268.0,27342.0,2299162.0,78187.0,29406.0,2659878.0,141070.0,18855.0,2151040.0,118737.0,18116.0,2513796.0,91567.0,27453.0,2599077.0,87526.0,29695.0,3859430.0,141340.0,27306.0,3480911.0,118624.0,29344.0,3158375.0,121964.0,25896.0,2864892.0,102740.0,27885.0,,,,,,,,,,,,,,,,,,,,,,,,,,,,,,,,,,,,,,,,,,,,,,,,,,,,,,,,,,,,,,,,,,,,,,,,,,,,,,,,,,,,,,,,,,,,,,,,,,,,,,,,,,,,,,,,,,,,,,,,,,,,,,,,,,,,,,,,,,,,,,,,,,,,,,,,,,,,,,,,,,,,,,,,,,,,,,,,,,,,,,,,,,,,,,,,,,,,,,,,,,,,,,,,,,,,,,,,,,,,,,,,,,,,,,,,,,,,,,,,,,,,,,,,,,,,,,,,,,,,,,,,,,,,,,,,,,,,,,,,
Nørrebro,1992,783.0,740.0,400.0,392.0,22.0,19.0,4.0,,0.0,0.0,0.0,0.0,0.0,,80.0,83.0,,,36.0,36.0,23.0,,8.0,7.0,,,5.0,,175.0,168.0,331.0,331.0,1026.0,835.0,1031.0,671.0,580.0,369.0,306.0,177.0,127.0,127.0,19.0,27.0,,,326.0,341.0,391.0,293.0,258.0,213.0,,,149.0,345.0,2261.0,2161.0,1537.0,1681.0,8689.0,9838.0,4862.0,4187.0,3028.0,2625.0,1928.0,1778.0,3909.0,6788.0,,,,,,,,,,,,,,,,,,,,,,,,,,,,,,,2444610.0,88882.0,27504.0,2361578.0,80149.0,29465.0,2671926.0,142313.0,18775.0,2164882.0,120011.0,18039.0,2599180.0,94057.0,27634.0,2671875.0,89711.0,29783.0,3955885.0,143955.0,27480.0,3567058.0,121312.0,29404.0,3222041.0,124466.0,25887.0,2930282.0,105763.0,27706.0,,,,,,,,,,,,,,,,,,,,,,,,,,,,,,,,,,,,,,,,,,,,,,,,,,,,,,,,,,,,,,,,,,,,,,,,,,,,,,,,,,,,,,,,,,,,,,,,,,,,,,,,,,,,,,,,,,,,,,,,,,,,,,,,,,,,,,,,,,,,,,,,,,,,,,,,,,,,,,,,,,,,,,,,,,,,,,,,,,,,,,,,,,,,,,,,,,,,,,,,,,,,,,,,,,,,,,,,,,,,,,,,,,,,,,,,,,,,,,,,,,,,,,,,,,,,,,,,,,,,,,,,,,,,,,,,,,,,,,,,
Nørrebro,1993,926.0,827.0,423.0,426.0,34.0,36.0,4.0,,0.0,,0.0,0.0,0.0,0.0,72.0,90.0,35.0,27.0,37.0,32.0,19.0,,10.0,,4.0,3.0,6.0,11.0,194.0,178.0,339.0,347.0,1107.0,977.0,1118.0,702.0,604.0,411.0,317.0,199.0,156.0,150.0,22.0,36.0,30.0,39.0,321.0,325.0,379.0,285.0,262.0,224.0,128.0,103.0,137.0,323.0,2289.0,2213.0,1505.0,1568.0,8740.0,9970.0,4952.0,4351.0,3011.0,2585.0,1933.0,1756.0,3691.0,6448.0,,,,,,,,,,,,,,,,,,,,,,,,,,,,,,,2486450.0,89718.0,27714.0,2391928.0,81505.0,29347.0,2604610.0,139837.0,18626.0,2135462.0,118802.0,17975.0,2634204.0,94640.0,27834.0,2706849.0,91195.0,29682.0,3963315.0,143189.0,27679.0,3579817.0,122245.0,29284.0,3209413.0,124768.0,25723.0,2934990.0,107297.0,27354.0,,,,,,,,,,,,,,,,,,,,,,,,,,,,,,,,,,,,,,,,,,,,,,,,,,,,,,,,,,,,,,,,,,,,,,,,,,,,,,,,,,,,,,,,,,,,,,,,,,,,,,,,,,,,,,,,,,,,,,,,,,,,,,,,,,,,,,,,,,,,,,,,,,,,,,,,,,,,,,,,,,,,,,,,,,,,,,,,,,,,,,,,,,,,,,,,,,,,,,,,,,,,,,,,,,,,,,,,,,,,,,,,,,,,,,,,,,,,,,,,,,,,,,,,,,,,,,,,,,,,,,,,,,,,,,,,,,,,,,,,
Nørrebro,1994,1064.0,968.0,426.0,432.0,60.0,66.0,3.0,,0.0,,0.0,0.0,0.0,,77.0,104.0,32.0,24.0,42.0,37.0,17.0,,9.0,,3.0,3.0,6.0,,227.0,215.0,362.0,391.0,1096.0,1093.0,1284.0,799.0,617.0,434.0,352.0,220.0,186.0,187.0,28.0,33.0,35.0,45.0,340.0,363.0,404.0,300.0,245.0,231.0,134.0,107.0,133.0,303.0,2262.0,2217.0,1455.0,1516.0,8694.0,9823.0,5040.0,4401.0,2980.0,2585.0,1923.0,1764.0,3579.0,6105.0,,,,,,,,,,,,,,,,,,,,,,,,,,,,,,,2601890.0,93234.0,27907.0,2590721.0,87619.0,29568.0,2735357.0,142415.0,19207.0,2220210.0,120742.0,18388.0,2798471.0,99849.0,28027.0,2872228.0,96299.0,29826.0,4216603.0,151328.0,27864.0,3972695.0,134649.0,29504.0,3617113.0,130794.0,27655.0,3401478.0,116373.0,29229.0,,,,,,,,,,,,,,,,,,,,,,,,,,,,,,,,,,,,,,,,,,,,,,,,,,,,,,,,,,,,,,,,,,,,,,,,,,,,,,,,,,,,,,,,,,,,,,,,,,,,,,,,,,,,,,,,,,,,,,,,,,,,,,,,,,,,,,,,,,,,,,,,,,,,,,,,,,,,,,,,,,,,,,,,,,,,,,,,,,,,,,,,,,,,,,,,,,,,,,,,,,,,,,,,,,,,,,,,,,,,,,,,,,,,,,,,,,,,,,,,,,,,,,,,,,,,,,,,,,,,,,,,,,,,,,,,,,,,,,,,
Nørrebro,1995,1212.0,1130.0,419.0,425.0,,,,5.0,0.0,,0.0,0.0,0.0,,82.0,116.0,,,,,,15.0,11.0,,,,8.0,,227.0,210.0,385.0,402.0,1068.0,1169.0,1415.0,886.0,642.0,465.0,377.0,235.0,210.0,207.0,26.0,34.0,,,333.0,366.0,418.0,316.0,253.0,221.0,,,137.0,284.0,2305.0,2232.0,1353.0,1478.0,8767.0,9953.0,5131.0,4444.0,2937.0,2563.0,2003.0,1799.0,3346.0,5789.0,,,,,,,,,,,,,,,,,,,,,,,,,,,,,,,2732279.0,96821.0,28220.0,2691027.0,91129.0,29530.0,2894211.0,147951.0,19562.0,2287250.0,125577.0,18214.0,2940050.0,103592.0,28381.0,2980110.0,100162.0,29753.0,4394142.0,156042.0,28160.0,4090131.0,138724.0,29484.0,3730133.0,134419.0,27750.0,3464013.0,119190.0,29063.0,,,,,,,,,,,,,,,,,,,,,,,,,,,,,,,,,,,,,,,,,,,,,,,,,,,,,,,,,,,,,,,,,,,,,,,,,,,,,,,,,,,,,,,,,,,,,,,,,,,,,,,,,,,,,,,,,,,,,,,,,,,,,,,,,,,,,,,,,,,,,,,,,,,,,,,,,,,,,,,,,,,,,,,,,,,,,,,,,,,,,,,,,,,,,,,,,,,,,,,,,,,,,,,,,,,,,,,,,,,,,,,,,,,,,,,,,,,,,,,,,,,,,,,,,,,,,,,,,,,,,,,,,,,,,,,,,,,,,,,,
Nørrebro,1996,1395.0,1311.0,428.0,431.0,109.0,121.0,3.0,5.0,0.0,,0.0,0.0,0.0,,81.0,113.0,,,43.0,45.0,22.0,24.0,15.0,,,,7.0,,223.0,231.0,451.0,429.0,1064.0,1258.0,1554.0,967.0,675.0,523.0,404.0,261.0,229.0,221.0,28.0,29.0,,,349.0,409.0,433.0,288.0,272.0,237.0,,,130.0,272.0,2266.0,2230.0,1247.0,1365.0,9088.0,9974.0,5313.0,4574.0,2857.0,2497.0,2039.0,1843.0,3224.0,5486.0,,,,,,,,,,,,,,,,,,,,,,,,,,,,,,,2882260.0,100277.0,28743.0,2820562.0,94580.0,29822.0,3101980.0,150911.0,20555.0,2418441.0,129529.0,18671.0,3100302.0,107281.0,28899.0,3113054.0,103630.0,30040.0,4604533.0,160588.0,28673.0,4264610.0,143204.0,29780.0,3911964.0,138295.0,28287.0,3599251.0,122498.0,29382.0,,,,,,,,,,,,,,,,,,,,,,,,,,,,,,,,,,,,,,,,,,,,,,,,,,,,,,,,,,,,,,,,,,,,,,,,,,,,,,,,,,,,,,,,,,,,,,,,,,,,,,,,,,,,,,,,,,,,,,,,,,,,,,,,,,,,,,,,,,,,,,,,,,,,,,,,,,,,,,,,,,,,,,,,,,,,,,,,,,,,,,,,,,,,,,,,,,,,,,,,,,,,,,,,,,,,,,,,,,,,,,,,,,,,,,,,,,,,,,,,,,,,,,,,,,,,,,,,,,,,,,,,,,,,,,,,,,,,,,,,
Nørrebro,1997,1567.0,1432.0,440.0,430.0,144.0,151.0,4.0,,0.0,,0.0,0.0,0.0,,78.0,113.0,33.0,37.0,48.0,53.0,21.0,,19.0,,3.0,3.0,7.0,,221.0,201.0,480.0,461.0,1065.0,1296.0,1646.0,1068.0,736.0,566.0,430.0,284.0,258.0,242.0,27.0,31.0,38.0,47.0,403.0,465.0,454.0,293.0,291.0,225.0,141.0,122.0,132.0,267.0,2262.0,2271.0,1164.0,1330.0,9289.0,10041.0,5411.0,4736.0,2814.0,2451.0,2087.0,1902.0,3104.0,5252.0,,,,,,,,,,,,,,,,,,,,,,,,,,,,,,,2988242.0,103679.0,28822.0,2904460.0,96616.0,30062.0,3329331.0,159093.0,20927.0,2563627.0,133314.0,19230.0,3202836.0,110523.0,28979.0,3219992.0,106334.0,30282.0,4785215.0,166390.0,28759.0,4380296.0,145864.0,30030.0,3998724.0,141483.0,28263.0,3644154.0,123259.0,29565.0,,,,,,,,,,,,,,,,,,,,,,,,,,,,,,,,,,,,,,,,,,,,,,,,,,,,,,,,,,,,,,,,,,,,,,,,,,,,,,,,,,,,,,,,,,,,,,,,,,,,,,,,,,,,,,,,,,,,,,,,,,,,,,,,,,,,,,,,,,,,,,,,,,,,,,,,,,,,,,,,,,,,,,,,,,,,,,,,,,,,,,,,,,,,,,,,,,,,,,,,,,,,,,,,,,,,,,,,,,,,,,,,,,,,,,,,,,,,,,,,,,,,,,,,,,,,,,,,,,,,,,,,,,,,,,,,,,,,,,,,
Nørrebro,1998,1697.0,1569.0,468.0,467.0,153.0,182.0,,,0.0,,,0.0,0.0,,81.0,117.0,35.0,29.0,54.0,62.0,,,17.0,,,3.0,5.0,,227.0,187.0,521.0,487.0,1015.0,1315.0,1727.0,1186.0,795.0,612.0,446.0,312.0,289.0,264.0,24.0,28.0,40.0,46.0,362.0,493.0,466.0,301.0,275.0,223.0,154.0,137.0,133.0,268.0,2324.0,2213.0,1119.0,1235.0,9365.0,10240.0,5433.0,4806.0,2733.0,2412.0,2113.0,1947.0,2963.0,4959.0,,,,,,,,,,,,,,,,,,,,,,,,,,,,,,,3197830.0,109342.0,29246.0,3069592.0,101307.0,30300.0,3680757.0,168602.0,21831.0,2795274.0,140255.0,19930.0,3413523.0,116296.0,29352.0,3408159.0,111688.0,30515.0,5109770.0,174962.0,29205.0,4604643.0,152199.0,30254.0,4262124.0,147163.0,28962.0,3806489.0,127197.0,29926.0,0.0,0.0,10715.0,11598.0,0.0,0.0,0.0,0.0,0.0,0.0,0.0,0.0,0.0,0.0,0.0,0.0,4242.0,2551.0,0.0,0.0,0.0,0.0,148.0,1384.0,0.0,0.0,0.0,0.0,0.0,0.0,0.0,0.0,0.0,0.0,0.0,0.0,867.0,1119.0,0.0,0.0,0.0,0.0,22.0,647.0,0.0,0.0,0.0,0.0,0.0,0.0,0.0,0.0,0.0,0.0,0.0,0.0,302.0,1031.0,0.0,0.0,0.0,0.0,7.0,138.0,0.0,0.0,0.0,0.0,0.0,0.0,0.0,0.0,0.0,0.0,0.0,0.0,56.0,459.0,0.0,0.0,,,,,,,,,,,,,,,,,,,,,,,,,,,,,,,,,,,,,,,,,,,,,,,,,,,,,,,,,,,,,,,,,,,,,,,,,,,,,,,,,,,,,,,,,,,,,,,,,,,,,,,,,,,,,,,,,,,,,,,,,,,,,,,,,,,,,,,,,,,,,,,,,,,,,,,,,,,,,,,,,,,,,,,,,,,,,,,,,,,,,,,,,,,,,,,,,,,,,,,,
Nørrebro,1999,1803.0,1675.0,540.0,517.0,190.0,195.0,,,0.0,,,0.0,0.0,,76.0,105.0,30.0,32.0,58.0,58.0,,,20.0,,,3.0,5.0,,204.0,181.0,539.0,490.0,987.0,1368.0,1779.0,1284.0,873.0,657.0,502.0,335.0,319.0,289.0,25.0,22.0,36.0,53.0,384.0,503.0,469.0,329.0,262.0,203.0,178.0,148.0,131.0,250.0,2281.0,2194.0,1085.0,1213.0,9556.0,10411.0,5587.0,4911.0,2679.0,2381.0,2137.0,1967.0,2846.0,4726.0,,,,,,,,,,,,,,,,,,,,,,,,,,,,,,,3367554.0,114773.0,29341.0,3199855.0,105027.0,30467.0,4000158.0,180041.0,22218.0,2989890.0,147024.0,20336.0,3583998.0,121599.0,29474.0,3568200.0,116323.0,30675.0,5400673.0,184355.0,29295.0,4798123.0,157760.0,30414.0,4499355.0,155225.0,28986.0,3970604.0,132085.0,30061.0,0.0,0.0,10701.0,11541.0,0.0,0.0,0.0,0.0,0.0,0.0,0.0,0.0,0.0,0.0,0.0,0.0,4293.0,2511.0,0.0,0.0,0.0,0.0,158.0,1355.0,0.0,0.0,0.0,0.0,0.0,0.0,0.0,0.0,0.0,0.0,0.0,0.0,843.0,1143.0,0.0,0.0,0.0,0.0,28.0,622.0,0.0,0.0,0.0,0.0,0.0,0.0,0.0,0.0,0.0,0.0,0.0,0.0,319.0,1032.0,0.0,0.0,0.0,0.0,6.0,159.0,0.0,0.0,0.0,0.0,0.0,0.0,0.0,0.0,0.0,0.0,0.0,0.0,61.0,495.0,0.0,0.0,,,,,,,,,,,,,,,,,,,,,,,,,,,,,,,,,,,,,,,,,,,,,,,,,,,,,,,,,,,,,,,,,,,,,,,,,,,,,,,,,,,,,,,,,,,,,,,,,,,,,,,,,,,,,,,,,,,,,,,,,,,,,,,,,,,,,,,,,,,,,,,,,,,,,,,,,,,,,,,,,,,,,,,,,,,,,,,,,,,,,,,,,,,,,,,,,,,,,,,,
Nørrebro,2000,1857.0,1740.0,588.0,561.0,234.0,234.0,,,0.0,,0.0,0.0,,,73.0,96.0,28.0,37.0,61.0,61.0,,,18.0,,5.0,5.0,,,193.0,172.0,538.0,503.0,886.0,1325.0,1726.0,1376.0,954.0,685.0,509.0,363.0,335.0,305.0,23.0,25.0,43.0,57.0,414.0,497.0,452.0,336.0,250.0,197.0,175.0,162.0,128.0,242.0,2311.0,2305.0,1097.0,1149.0,9632.0,10483.0,5673.0,4994.0,2630.0,2371.0,2208.0,2023.0,2771.0,4515.0,,,,,,,,,,,,,,,,,,,,,,,,,,,,,,,3541310.0,120559.0,29374.0,3364260.0,109807.0,30638.0,4280459.0,191083.0,22401.0,3201436.0,153841.0,20810.0,3769991.0,127710.0,29520.0,3757102.0,121759.0,30857.0,5680210.0,193877.0,29298.0,5042240.0,164844.0,30588.0,4680616.0,162640.0,28779.0,4137709.0,137224.0,30153.0,0.0,0.0,10719.0,11400.0,0.0,0.0,0.0,0.0,0.0,0.0,0.0,0.0,0.0,0.0,0.0,0.0,4364.0,2496.0,0.0,0.0,0.0,0.0,166.0,1284.0,0.0,0.0,0.0,0.0,0.0,0.0,0.0,0.0,0.0,0.0,0.0,0.0,899.0,1182.0,0.0,0.0,0.0,0.0,30.0,600.0,0.0,0.0,0.0,0.0,0.0,0.0,0.0,0.0,0.0,0.0,0.0,0.0,356.0,1044.0,0.0,0.0,0.0,0.0,8.0,155.0,0.0,0.0,0.0,0.0,0.0,0.0,0.0,0.0,0.0,0.0,0.0,0.0,62.0,509.0,0.0,0.0,,,,,,,,,,,,,,,,,,,,,,,,,,,,,,,,,,,,,,,,,,,,,,,,,,,,,,,,,,,,,,,,,,,,,,,,,,,,,,,,,,,,,,,,,,,,,,,,,,,,,,,,,,,,,,,,,,,,,,,,,,,,,,,,,,,,,,,,,,,,,,,,,,,,,,,,,,,,,,,,,,,,,,,,,,,,,,,,,,,,,,,,,,,,,,,,,,,,,,,,
Nørrebro,2001,1914.0,1804.0,629.0,586.0,273.0,276.0,,,0.0,,0.0,0.0,,,81.0,93.0,31.0,40.0,64.0,69.0,,,15.0,,5.0,7.0,,,179.0,174.0,535.0,484.0,823.0,1255.0,1735.0,1504.0,1005.0,696.0,501.0,378.0,370.0,343.0,29.0,23.0,38.0,38.0,395.0,565.0,469.0,329.0,248.0,202.0,176.0,159.0,134.0,229.0,2382.0,2340.0,1062.0,1138.0,9605.0,10550.0,5814.0,5091.0,2620.0,2373.0,2205.0,2084.0,2675.0,4360.0,,,,,,,,,,,,,,,,,,,,,,,,,,,,,,,3675163.0,125236.0,29346.0,3501700.0,114498.0,30583.0,4500731.0,200621.0,22434.0,3393683.0,161897.0,20962.0,3921026.0,132786.0,29529.0,3897598.0,126513.0,30808.0,5924638.0,202663.0,29234.0,5276927.0,172810.0,30536.0,4875169.0,170449.0,28602.0,4313544.0,143814.0,29994.0,0.0,0.0,10583.0,11268.0,0.0,0.0,0.0,0.0,0.0,0.0,0.0,0.0,0.0,0.0,0.0,0.0,4459.0,2432.0,0.0,0.0,0.0,0.0,155.0,1223.0,0.0,0.0,0.0,0.0,0.0,0.0,0.0,0.0,0.0,0.0,0.0,0.0,885.0,1206.0,0.0,0.0,0.0,0.0,25.0,584.0,0.0,0.0,0.0,0.0,0.0,0.0,0.0,0.0,0.0,0.0,0.0,0.0,380.0,1057.0,0.0,0.0,0.0,0.0,6.0,168.0,0.0,0.0,0.0,0.0,0.0,0.0,0.0,0.0,0.0,0.0,0.0,0.0,62.0,535.0,0.0,0.0,,,,,,,,,,,,,,,,,,,,,,,,,,,,,,,,,,,,,,,,,,,,,,,,,,,,,,,,,,,,,,,,,,,,,,,,,,,,,,,,,,,,,,,,,,,,,,,,,,,,,,,,,,,,,,,,,,,,,,,,,,,,,,,,,,,,,,,,,,,,,,,,,,,,,,,,,,,,,,,,,,,,,,,,,,,,,,,,,,,,,,,,,,,,,,,,,,,,,,,,
Nørrebro,2002,1939.0,1864.0,723.0,654.0,300.0,310.0,,,0.0,,0.0,0.0,,,78.0,101.0,35.0,43.0,65.0,64.0,,,16.0,,7.0,7.0,,,155.0,151.0,511.0,456.0,855.0,1234.0,1729.0,1535.0,1080.0,731.0,521.0,387.0,392.0,366.0,21.0,19.0,31.0,45.0,398.0,590.0,486.0,343.0,250.0,187.0,180.0,167.0,133.0,223.0,2451.0,2380.0,1071.0,1194.0,9274.0,10192.0,6038.0,5317.0,2628.0,2352.0,2238.0,2119.0,2620.0,4212.0,,,,,,,,,,,,,,,,,,,,,,,,,,,,,,,3781359.0,129171.0,29274.0,3628748.0,119308.0,30415.0,4487706.0,202194.0,22195.0,3433726.0,164246.0,20906.0,4032758.0,136931.0,29451.0,4041542.0,131960.0,30627.0,5988825.0,205343.0,29165.0,5397778.0,177751.0,30367.0,4909893.0,172835.0,28408.0,4393246.0,147424.0,29800.0,0.0,0.0,10519.75,10959.0,0.0,0.0,0.0,0.0,0.0,0.0,0.0,0.0,0.0,0.0,0.0,0.0,4445.75,2376.0,0.0,0.0,0.0,0.0,155.75,1226.0,0.0,0.0,0.0,0.0,0.0,0.0,0.0,0.0,0.0,0.0,0.0,0.0,921.0,1168.25,0.0,0.0,0.0,0.0,31.75,572.75,0.0,0.0,0.0,0.0,0.0,0.0,0.0,0.0,0.0,0.0,0.0,0.0,398.5,1118.25,0.0,0.0,0.0,0.0,10.25,192.5,0.0,0.0,0.0,0.0,0.0,0.0,0.0,0.0,0.0,0.0,0.0,0.0,65.0,523.5,0.0,0.0,,,,,,,,,,,,,,,,,,,,,,,,,,,,,,,,,,,,,,,,,,,,,,,,,,,,,,,,,,,,,,,,,,,,,,,,,,,,,,,,,,,,,,,,,,,,,,,,,,,,,,,,,,,,,,,,,,,,,,,,,,,,,,,,,,,,,,,,,,,,,,,,,,,,,,,,,,,,,,,,,,,,,,,,,,,,,,,,,,,,,,,,,,,,,,,,,,,,,,,,
Nørrebro,2003,1847.0,1828.0,841.0,760.0,306.0,304.0,,,0.0,,0.0,,,,71.0,91.0,42.0,54.0,66.0,66.0,,,15.0,,7.0,,,,131.0,118.0,480.0,418.0,795.0,1108.0,1627.0,1561.0,1114.0,764.0,530.0,421.0,423.0,387.0,16.0,18.0,30.0,36.0,435.0,635.0,492.0,367.0,247.0,182.0,180.0,165.0,137.0,209.0,2585.0,2449.0,1077.0,1224.0,8876.0,9799.0,6427.0,5574.0,2615.0,2422.0,2219.0,2087.0,2625.0,4088.0,,,,,,,,,,,,,,,,,,,,,,,,,,,,,,,3840356.0,132577.0,28967.0,3738570.0,123438.0,30287.0,4472622.0,204491.0,21872.0,3502761.0,166347.0,21057.0,4112069.0,140815.0,29202.0,4145932.0,135816.0,30526.0,6026184.0,208880.0,28850.0,5523857.0,182673.0,30239.0,4948407.0,175912.0,28130.0,4488956.0,151449.0,29640.0,0.0,0.0,10448.5,10836.75,0.0,0.0,0.0,0.0,0.0,0.0,0.0,0.0,0.0,0.0,0.0,0.0,4407.5,2334.0,0.0,0.0,0.0,0.0,160.0,1228.5,0.0,0.0,0.0,0.0,0.0,0.0,0.0,0.0,0.0,0.0,0.0,0.0,937.75,1155.25,0.0,0.0,0.0,0.0,34.25,575.25,0.0,0.0,0.0,0.0,0.0,0.0,0.0,0.0,0.0,0.0,0.0,0.0,403.0,1129.0,0.0,0.0,0.0,0.0,12.0,203.0,0.0,0.0,0.0,0.0,0.0,0.0,0.0,0.0,0.0,0.0,0.0,0.0,66.25,534.75,0.0,0.0,,,,,,,,,,,,,,,,,,,,,,,,,,,,,,,,,,,,,,,,,,,,,,,,,,,,,,,,,,,,,,,,,,,,,,,,,,,,,,,,,,,,,,,,,,,,,,,,,,,,,,,,,,,,,,,,,,,,,,,,,,,,,,,,,,,,,,,,,,,,,,,,,,,,,,,,,,,,,,,,,,,,,,,,,,,,,,,,,,,,,,,,,,,,,,,,,,,,,,,,
Nørrebro,2004,1789.0,1744.0,957.0,888.0,305.0,297.0,,,0.0,,0.0,,,,65.0,85.0,44.0,56.0,65.0,64.0,,,15.0,,8.0,,,,105.0,101.0,436.0,407.0,723.0,1046.0,1539.0,1568.0,1181.0,811.0,540.0,442.0,441.0,405.0,18.0,21.0,29.0,32.0,456.0,676.0,503.0,350.0,253.0,183.0,182.0,181.0,142.0,199.0,2673.0,2437.0,1127.0,1212.0,8467.0,9533.0,6494.0,5761.0,2719.0,2457.0,2182.0,2091.0,2630.0,3911.0,,,,,,,,,,,,,,,,,,,,,,,,,,,,,,,3999840.0,138211.0,28940.0,3873961.0,128724.0,30095.0,4549135.0,206807.0,21997.0,3592562.0,171221.0,20982.0,4282878.0,146880.0,29159.0,4291446.0,141552.0,30317.0,6105976.0,212094.0,28789.0,5615410.0,186875.0,30049.0,4972064.0,177238.0,28053.0,4536618.0,154076.0,29444.0,0.0,0.0,10409.75,10742.0,0.0,0.0,0.0,0.0,0.0,0.0,0.0,0.0,0.0,0.0,0.0,0.0,4328.0,2296.25,0.0,0.0,0.0,0.0,174.0,1259.25,0.0,0.0,0.0,0.0,0.0,0.0,0.0,0.0,0.0,0.0,0.0,0.0,929.25,1135.75,0.0,0.0,0.0,0.0,31.75,588.0,0.0,0.0,0.0,0.0,0.0,0.0,0.0,0.0,0.0,0.0,0.0,0.0,406.5,1130.25,0.0,0.0,0.0,0.0,13.25,193.75,0.0,0.0,0.0,0.0,0.0,0.0,0.0,0.0,0.0,0.0,0.0,0.0,71.0,540.25,0.0,0.0,,,,,,,,,,,,,,,,,,,,,,,,,,,,,,,,,,,,,,,,,,,,,,,,,,,,,,,,,,,,,,,,,,,,,,,,,,,,,,,,,,,,,,,,,,,,,,,,,,,,,,,,,,,,,,,,,,,,,,,,,,,,,,,,,,,,,,,,,,,,,,,,,,,,,,,,,,,,,,,,,,,,,,,,,,,,,,,,,,,,,,,,,,,,,,,,,,,,,,,,
Nørrebro,2005,1750.0,1685.0,1048.0,958.0,301.0,307.0,,,,,0.0,,,,67.0,71.0,48.0,61.0,66.0,67.0,,,,,13.0,,,,85.0,95.0,419.0,378.0,724.0,982.0,1409.0,1550.0,1237.0,869.0,559.0,460.0,446.0,411.0,15.0,20.0,36.0,29.0,472.0,703.0,501.0,379.0,246.0,178.0,176.0,189.0,159.0,193.0,2562.0,2436.0,1214.0,1311.0,8155.0,9202.0,6603.0,5814.0,2786.0,2441.0,2152.0,2086.0,2615.0,3822.0,,,,,,,,,,,,,,,,,,,,,,,,,,,,,,,4035392.0,142161.0,28386.0,3939970.0,133531.0,29506.0,4599323.0,211941.0,21701.0,3698204.0,176964.0,20898.0,4335587.0,151462.0,28625.0,4336920.0,146010.0,29703.0,6154344.0,217745.0,28264.0,5710506.0,193866.0,29456.0,4984718.0,181778.0,27422.0,4579559.0,159283.0,28751.0,0.0,0.0,10504.5,10745.0,0.0,0.0,0.0,0.0,0.0,0.0,0.0,0.0,0.0,0.0,0.0,0.0,4262.0,2236.5,0.0,0.0,0.0,0.0,192.5,1272.0,0.0,0.0,0.0,0.0,0.0,0.0,0.0,0.0,0.0,0.0,0.0,0.0,883.5,1123.75,0.0,0.0,0.0,0.0,30.0,589.75,0.0,0.0,0.0,0.0,0.0,0.0,0.0,0.0,0.0,0.0,0.0,0.0,405.5,1133.5,0.0,0.0,0.0,0.0,12.25,201.0,0.0,0.0,0.0,0.0,0.0,0.0,0.0,0.0,0.0,0.0,0.0,0.0,69.25,523.5,0.0,0.0,,,,,,,,,,,,,,,,,,,,,,,,,,,,,,,,,,,,,,,,,,,,,,,,,,,,,,,,,,,,,,,,,,,,,,,,,,,,,,,,,,,,,,,,,,,,,,,,,,,,,,,,,,,,,,,,,,,,,,,,,,,,,,,,,,,,,,,,,,,,,,,,,,,,,,,,,,,,,,,,,,,,,,,,,,,,,,,,,,,,,,,,,,,,,,,,,,,,,,,,
Nørrebro,2006,1629.0,1521.0,1101.0,1052.0,302.0,304.0,73.0,92.0,,,0.0,,,,72.0,69.0,44.0,61.0,64.0,69.0,38.0,30.0,,,13.0,,,,80.0,72.0,378.0,340.0,707.0,944.0,1311.0,1513.0,1265.0,897.0,575.0,492.0,469.0,430.0,22.0,17.0,33.0,32.0,511.0,818.0,501.0,394.0,253.0,154.0,185.0,191.0,159.0,188.0,2512.0,2364.0,1206.0,1324.0,7831.0,8816.0,6488.0,5694.0,2781.0,2467.0,2148.0,2046.0,2602.0,3750.0,,,,,,,,,,,,,,,,,,,,,,,,,,,,,,,4218470.0,148438.0,28419.0,4045157.0,137989.0,29315.0,4973009.0,225217.0,22081.0,3909162.0,186080.0,21008.0,4522866.0,158242.0,28582.0,4481968.0,152045.0,29478.0,6522750.0,230226.0,28332.0,5912903.0,202006.0,29271.0,5265245.0,189377.0,27803.0,4724493.0,164387.0,28740.0,0.0,0.0,10573.25,10724.5,0.0,0.0,0.0,0.0,0.0,0.0,0.0,0.0,0.0,0.0,0.0,0.0,4131.75,2176.75,0.0,0.0,0.0,0.0,195.25,1264.25,0.0,0.0,0.0,0.0,0.0,0.0,0.0,0.0,0.0,0.0,0.0,0.0,862.0,1048.75,0.0,0.0,0.0,0.0,30.25,604.25,0.0,0.0,0.0,0.0,0.0,0.0,0.0,0.0,0.0,0.0,0.0,0.0,397.0,1107.25,0.0,0.0,0.0,0.0,13.0,207.75,0.0,0.0,0.0,0.0,0.0,0.0,0.0,0.0,0.0,0.0,0.0,0.0,66.0,499.5,0.0,0.0,,,,,,,,,,,,,,,,,,,,,,,,,,,,,,,,,,,,,,,,,,,,,,,,,,,,,,,,,,,,,,,,,,,,,,,,,,,,,,,,,,,,,,,,,,,,,,,,,,,,,,,,,,,,,,,,,,,,,,,,,,,,,,,,,,,,,,,,,,,,,,,,,,,,,,,,,,,,,,,,,,,,,,,,,,,,,,,,,,,,,,,,,,,,,,,,,,,,,,,,
Nørrebro,2007,1578.0,1489.0,1196.0,1090.0,316.0,315.0,93.0,107.0,,,0.0,,,,71.0,65.0,46.0,59.0,61.0,72.0,45.0,26.0,,,13.0,,,,76.0,60.0,325.0,308.0,731.0,949.0,1192.0,1459.0,1289.0,963.0,606.0,518.0,505.0,457.0,23.0,11.0,27.0,41.0,566.0,871.0,532.0,413.0,269.0,157.0,192.0,185.0,172.0,196.0,2542.0,2362.0,1239.0,1342.0,7620.0,8643.0,6409.0,5574.0,2807.0,2513.0,2110.0,1983.0,2671.0,3712.0,,,,,,,,,,,,,,,,,,,,,,,,,,,,,,,4325156.0,151893.0,28475.0,4138391.0,140465.0,29462.0,5293326.0,234873.0,22537.0,4157292.0,191474.0,21712.0,4640900.0,162065.0,28636.0,4594547.0,155048.0,29633.0,6818590.0,240133.0,28395.0,6167460.0,209635.0,29420.0,5408178.0,195835.0,27616.0,4853544.0,168315.0,28836.0,0.0,0.0,10533.25,10568.0,0.0,0.0,0.0,0.0,0.0,0.0,0.0,0.0,0.0,0.0,0.0,0.0,4063.75,2175.5,0.0,0.0,0.0,0.0,190.0,1251.25,0.0,0.0,0.0,0.0,0.0,0.0,0.0,0.0,0.0,0.0,0.0,0.0,911.75,1039.0,0.0,0.0,0.0,0.0,34.25,590.75,0.0,0.0,0.0,0.0,0.0,0.0,0.0,0.0,0.0,0.0,0.0,0.0,401.0,1108.75,0.0,0.0,0.0,0.0,15.5,213.5,0.0,0.0,0.0,0.0,0.0,0.0,0.0,0.0,0.0,0.0,0.0,0.0,71.0,492.25,0.0,0.0,,,,,,,,,,,,,,,,,,,,,,,,,,,,,,,,,,,,,,,,,,,,,,,,,,,,,,,,,,,,,,,,,,,,,,,,,,,,,,,,,,,,,,,,,,,,,,,,,,,,,,,,,,,,,,,,,,,,,,,,,,,,,,,,,,,,,,,,,,,,,,,,,,,,,,,,,,,,,,,,,,,,,,,,,,,,,,,,,,,,,,,,,,,,,,,,,,,,,,,,
Nørrebro,2008,1492.0,1394.0,1263.0,1173.0,329.0,342.0,113.0,120.0,,,0.0,3.0,,,71.0,68.0,44.0,54.0,64.0,57.0,55.0,31.0,,,13.0,11.0,,,74.0,56.0,283.0,282.0,742.0,881.0,1156.0,1443.0,1339.0,1009.0,604.0,528.0,532.0,462.0,17.0,11.0,37.0,47.0,677.0,964.0,550.0,433.0,315.0,175.0,189.0,179.0,171.0,203.0,2560.0,2428.0,1274.0,1363.0,7596.0,8709.0,6318.0,5563.0,2886.0,2521.0,2036.0,1912.0,2655.0,3642.0,2765.0,1540.0,887.0,555.0,688.0,516.0,375.0,197.0,90.0,95.0,753.0,482.0,300.0,219.0,322.0,310.0,173.0,97.0,71.0,65.0,626.0,301.0,177.0,112.0,146.0,560.0,209.0,116.0,63.0,60.0,4383397.0,153830.0,28495.0,4284698.0,143738.0,29809.0,5539820.0,247634.0,22371.0,4466504.0,202333.0,22075.0,4727739.0,164862.0,28677.0,4753682.0,158509.0,29990.0,7025403.0,247373.0,28400.0,6471731.0,217435.0,29764.0,5500179.0,198835.0,27662.0,5005544.0,171882.0,29122.0,0.0,0.0,10344.0,10494.5,0.0,0.0,0.0,0.0,0.0,0.0,0.0,0.0,0.0,0.0,0.0,0.0,4115.0,2127.5,0.0,0.0,0.0,0.0,197.75,1216.25,0.0,0.0,0.0,0.0,0.0,0.0,0.0,0.0,0.0,0.0,0.0,0.0,922.0,1045.75,0.0,0.0,0.0,0.0,39.75,558.25,0.0,0.0,0.0,0.0,0.0,0.0,0.0,0.0,0.0,0.0,0.0,0.0,399.5,1116.25,0.0,0.0,0.0,0.0,13.25,233.5,0.0,0.0,0.0,0.0,0.0,0.0,0.0,0.0,0.0,0.0,0.0,0.0,64.5,487.0,0.0,0.0,,,,,,,,,,,,,,,,,,,,,,,,,,,,,,,,,,,,,,,,,,,,,,,,,,,,,,,,,,,,,,,,,,,,,,,,,,,,,,,,,,,,,,,,,,,,,,,,,,,,,,,,,,,,,,,,,,,,,,,,,,,,,,,,,,,,,,,,,,,,,,,,,,,,,,,,,,,,,,,,,,,,,,,,,,,,,,,,,,,,,,,,,,,,,,,,,,,,,,,,
Nørrebro,2009,1373.0,1300.0,1288.0,1200.0,347.0,354.0,131.0,135.0,,0.0,,4.0,,0.0,69.0,61.0,43.0,52.0,71.0,64.0,54.0,27.0,,13.0,,9.0,,7.0,70.0,46.0,246.0,245.0,789.0,883.0,1094.0,1399.0,1329.0,1052.0,633.0,552.0,584.0,495.0,27.0,19.0,43.0,47.0,781.0,1082.0,576.0,468.0,310.0,196.0,200.0,171.0,182.0,202.0,2608.0,2453.0,1246.0,1388.0,7683.0,8897.0,6153.0,5537.0,2897.0,2526.0,1995.0,1925.0,2628.0,3596.0,2901.0,1741.0,1247.0,815.0,1039.0,568.0,411.0,277.0,166.0,171.0,753.0,502.0,364.0,268.0,419.0,442.0,226.0,140.0,81.0,90.0,563.0,328.0,281.0,199.0,240.0,575.0,274.0,185.0,101.0,119.0,4559927.0,158155.0,28832.0,4519676.0,148909.0,30352.0,5541494.0,247875.0,22356.0,4616815.0,205310.0,22487.0,4926194.0,169705.0,29028.0,4985932.0,163008.0,30587.0,7119276.0,247998.0,28707.0,6700022.0,221327.0,30272.0,5608411.0,199929.0,28052.0,5226586.0,176288.0,29648.0,0.0,0.0,10064.25,10474.75,0.0,0.0,0.0,0.0,0.0,0.0,0.0,0.0,0.0,0.0,0.0,0.0,4182.75,2094.75,0.0,0.0,0.0,0.0,196.25,1177.5,0.0,0.0,0.0,0.0,0.0,0.0,0.0,0.0,0.0,0.0,0.0,0.0,960.75,1100.0,0.0,0.0,0.0,0.0,43.0,572.75,0.0,0.0,0.0,0.0,0.0,0.0,0.0,0.0,0.0,0.0,0.0,0.0,419.75,1097.5,0.0,0.0,0.0,0.0,9.5,231.5,0.0,0.0,0.0,0.0,0.0,0.0,0.0,0.0,0.0,0.0,0.0,0.0,64.25,467.25,0.0,0.0,,,,,,,,,,,,,,,,,,,,,,,,,,,,,,,,,,,,,,,,,,,,,,,,,,,,,,,,,,,,,,,,,,,,,,,,,,,,,,,,,,,,,,,,,,,,,,,,,,,,,,,,,,,,,,,,,,,,,,,,,,,,,,,,,,,,,,,,,,,,,,,,,,,,,,,,,,,,,,,,,,,,,,,,,,,,,,,,,,,,,,,,,,,,,,,,,,,,,,,,
Nørrebro,2010,1275.0,1172.0,1295.0,1227.0,363.0,381.0,143.0,147.0,,,0.0,,,0.0,74.0,59.0,42.0,54.0,72.0,66.0,58.0,34.0,,,9.0,,,8.0,71.0,50.0,215.0,225.0,757.0,831.0,1026.0,1311.0,1318.0,1088.0,665.0,566.0,584.0,526.0,24.0,22.0,44.0,41.0,844.0,1160.0,609.0,529.0,315.0,194.0,191.0,166.0,190.0,220.0,2687.0,2589.0,1262.0,1406.0,7978.0,9430.0,6202.0,5513.0,2950.0,2524.0,1951.0,1915.0,2624.0,3542.0,2962.0,1963.0,1453.0,970.0,1465.0,621.0,458.0,337.0,239.0,274.0,700.0,508.0,438.0,295.0,488.0,446.0,227.0,152.0,100.0,165.0,536.0,416.0,291.0,204.0,376.0,659.0,354.0,235.0,132.0,162.0,4868970.0,163641.0,29754.0,4788550.0,153239.0,31249.0,5541382.0,247748.0,22367.0,4638069.0,204672.0,22661.0,5252224.0,175677.0,29897.0,5307488.0,169044.0,31397.0,7294741.0,245639.0,29697.0,6888211.0,220479.0,31242.0,5807786.0,205193.0,28304.0,5413325.0,180396.0,30008.0,0.0,0.0,9852.5,10319.5,0.0,0.0,0.0,0.0,0.0,0.0,0.0,0.0,0.0,0.0,0.0,0.0,4219.75,2062.5,0.0,0.0,0.0,0.0,188.5,1170.0,0.0,0.0,0.0,0.0,0.0,0.0,0.0,0.0,0.0,0.0,0.0,0.0,983.5,1103.75,0.0,0.0,0.0,0.0,40.25,569.5,0.0,0.0,0.0,0.0,0.0,0.0,0.0,0.0,0.0,0.0,0.0,0.0,435.0,1119.0,0.0,0.0,0.0,0.0,11.75,237.25,0.0,0.0,0.0,0.0,0.0,0.0,0.0,0.0,0.0,0.0,0.0,0.0,68.25,474.25,0.0,0.0,,,,,,,,,,,,,,,,,,,,,,,,,,,,,,,,,,,,,,,,,,,,,,,,,,,,,,,,,,,,,,,,,,,,,,,,,,,,,,,,,,,,,,,,,,,,,,,,,,,,,,,,,,,,,,,,,,,,,,,,,,,,,,,,,,,,,,,,,,,,,,,,,,,,,,,,,,,,,,,,,,,,,,,,,,,,,,,,,,,,,,,,,,,,,,,,,,,,,,,,
Nørrebro,2011,1176.0,1069.0,1337.0,1258.0,374.0,360.0,164.0,168.0,,,0.0,,,0.0,88.0,66.0,40.0,54.0,73.0,89.0,62.0,26.0,,,9.0,,,6.0,65.0,60.0,186.0,201.0,752.0,788.0,969.0,1231.0,1272.0,1143.0,706.0,577.0,612.0,561.0,27.0,23.0,36.0,52.0,918.0,1216.0,649.0,606.0,331.0,202.0,194.0,159.0,192.0,229.0,2811.0,2713.0,1231.0,1435.0,8491.0,9920.0,6139.0,5469.0,2994.0,2542.0,1922.0,1878.0,2621.0,3521.0,3102.0,2000.0,1441.0,990.0,1570.0,662.0,496.0,343.0,255.0,376.0,713.0,450.0,335.0,281.0,472.0,431.0,255.0,154.0,80.0,158.0,538.0,398.0,312.0,210.0,375.0,758.0,401.0,297.0,164.0,189.0,5041483.0,166832.0,30219.0,4955034.0,155213.0,31924.0,5744656.0,249075.0,23064.0,4803871.0,205496.0,23377.0,5425570.0,178826.0,30340.0,5541240.0,172931.0,32043.0,7542075.0,249928.0,30177.0,7137220.0,223625.0,31916.0,5996372.0,206593.0,29025.0,5626245.0,182920.0,30758.0,0.0,0.0,9533.75,10104.5,0.0,0.0,0.0,0.0,0.0,0.0,0.0,0.0,0.0,0.0,0.0,0.0,4483.75,2022.75,0.0,0.0,0.0,0.0,202.25,1179.75,0.0,0.0,0.0,0.0,0.0,0.0,0.0,0.0,0.0,0.0,0.0,0.0,1004.0,1066.25,0.0,0.0,0.0,0.0,37.75,597.75,0.0,0.0,0.0,0.0,0.0,0.0,0.0,0.0,0.0,0.0,0.0,0.0,470.75,1175.5,0.0,0.0,0.0,0.0,17.75,221.25,0.0,0.0,0.0,0.0,0.0,0.0,0.0,0.0,0.0,0.0,0.0,0.0,76.75,475.75,0.0,0.0,,,,,,,,,,,,,,,,,,,,,,,,,,,,,,,,,,,,,,,,,,,,,,,,,,,,,,,,,,,,,,,,,,,,,,,,,,,,,,,,,,,,,,,,,,,,,,,,,,,,,,,,,,,,,,,,,,,,,,,,,,,,,,,,,,,,,,,,,,,,,,,,,,,,,,,,,,,,,,,,,,,,,,,,,,,,,,,,,,,,,,,,,,,,,,,,,,,,,,,,
Nørrebro,2012,1051.0,979.0,1296.0,1251.0,397.0,395.0,187.0,190.0,,,0.0,,,0.0,84.0,80.0,40.0,50.0,75.0,103.0,58.0,27.0,,,10.0,,,6.0,91.0,64.0,166.0,155.0,725.0,744.0,946.0,1171.0,1209.0,1158.0,760.0,595.0,610.0,567.0,27.0,25.0,34.0,44.0,888.0,1270.0,704.0,647.0,343.0,209.0,202.0,150.0,194.0,233.0,2892.0,2888.0,1331.0,1491.0,8825.0,10351.0,6238.0,5580.0,3050.0,2640.0,1918.0,1853.0,2578.0,3451.0,3134.0,2001.0,1535.0,1016.0,1579.0,729.0,523.0,428.0,287.0,398.0,599.0,411.0,313.0,260.0,472.0,411.0,214.0,156.0,89.0,146.0,581.0,431.0,329.0,211.0,355.0,814.0,422.0,309.0,169.0,208.0,5202580.0,168679.0,30843.0,5141132.0,157965.0,32546.0,5976224.0,254502.0,23482.0,5049833.0,210911.0,23943.0,5617978.0,181518.0,30950.0,5737784.0,175661.0,32664.0,7812916.0,253674.0,30799.0,7433986.0,228464.0,32539.0,6254689.0,210539.0,29708.0,5890885.0,187327.0,31447.0,0.0,0.0,9218.0,9863.5,0.0,0.0,0.0,0.0,0.0,0.0,0.0,0.0,0.0,0.0,0.0,0.0,4628.25,1996.25,0.0,0.0,0.0,0.0,208.5,1161.0,0.0,0.0,0.0,0.0,0.0,0.0,0.0,0.0,0.0,0.0,0.0,0.0,1040.5,1090.75,0.0,0.0,0.0,0.0,45.75,599.75,0.0,0.0,0.0,0.0,0.0,0.0,0.0,0.0,0.0,0.0,0.0,0.0,503.75,1221.25,0.0,0.0,0.0,0.0,11.75,199.75,0.0,0.0,0.0,0.0,0.0,0.0,0.0,0.0,0.0,0.0,0.0,0.0,73.25,473.25,0.0,0.0,,,,,,,,,,,,,,,,,,,,,,,,,,,,,,,,,,,,,,,,,,,,,,,,,,,,,,,,,,,,,,,,,,,,,,,,,,,,,,,,,,,,,,,,,,,,,,,,,,,,,,,,,,,,,,,,,,,,,,,,,,,,,,,,,,,,,,,,,,,,,,,,,,,,,,,,,,,,,,,,,,,,,,,,,,,,,,,,,,,,,,,,,,,,,,,,,,,,,,,,
Nørrebro,2013,955.0,895.0,1275.0,1244.0,469.0,422.0,201.0,195.0,,,0.0,,,,92.0,75.0,39.0,48.0,72.0,96.0,56.0,33.0,,,10.0,,,,95.0,72.0,147.0,147.0,667.0,732.0,1000.0,1120.0,1184.0,1194.0,799.0,607.0,617.0,579.0,22.0,29.0,37.0,41.0,929.0,1332.0,758.0,659.0,366.0,236.0,194.0,142.0,201.0,236.0,2984.0,2963.0,1340.0,1495.0,9156.0,10857.0,6211.0,5650.0,3100.0,2664.0,1895.0,1867.0,2593.0,3369.0,3260.0,2111.0,1586.0,1044.0,1509.0,881.0,615.0,489.0,298.0,378.0,593.0,386.0,317.0,251.0,404.0,351.0,226.0,171.0,90.0,156.0,592.0,412.0,307.0,230.0,357.0,843.0,472.0,302.0,175.0,214.0,5416223.0,172431.0,31411.0,5354400.0,161515.0,33151.0,6161310.0,254410.0,24218.0,5314489.0,215694.0,24639.0,5854549.0,185770.0,31515.0,5994662.0,180274.0,33253.0,8082144.0,257705.0,31362.0,7721714.0,233017.0,33138.0,6374543.0,210708.0,30253.0,6066372.0,189355.0,32037.0,0.0,0.0,8955.75,9609.75,0.0,0.0,0.0,0.0,0.0,0.0,0.0,0.0,0.0,0.0,0.0,0.0,4751.25,1974.0,0.0,0.0,0.0,0.0,204.25,1181.75,0.0,0.0,0.0,0.0,0.0,0.0,0.0,0.0,0.0,0.0,0.0,0.0,1128.5,1106.25,0.0,0.0,0.0,0.0,52.75,590.0,0.0,0.0,0.0,0.0,0.0,0.0,0.0,0.0,0.0,0.0,0.0,0.0,531.0,1235.25,0.0,0.0,0.0,0.0,12.5,192.0,0.0,0.0,0.0,0.0,0.0,0.0,0.0,0.0,0.0,0.0,0.0,0.0,84.0,472.0,0.0,0.0,,,,,,,,,,,,,,,,,,,,,,,,,,,,,,,,,,,,,,,,,,,,,,,,,,,,,,,,,,,,,,,,,,,,,,,,,,,,,,,,,,,,,,,,,,,,,,,,,,,,,,,,,,,,,,,,,,,,,,,,,,,,,,,,,,,,,,,,,,,,,,,,,,,,,,,,,,,,,,,,,,,,,,,,,,,,,,,,,,,,,,,,,,,,,,,,,,,,,,,,
Nørrebro,2014,885.0,807.0,1236.0,1198.0,509.0,492.0,206.0,205.0,,,,,,,97.0,85.0,39.0,45.0,72.0,96.0,48.0,27.0,,,,,,,87.0,73.0,126.0,119.0,669.0,684.0,1014.0,1073.0,1142.0,1214.0,874.0,643.0,634.0,612.0,27.0,31.0,31.0,38.0,974.0,1316.0,804.0,734.0,355.0,238.0,190.0,139.0,210.0,254.0,3102.0,3098.0,1360.0,1521.0,9331.0,11189.0,6364.0,5857.0,3119.0,2696.0,1912.0,1902.0,2585.0,3251.0,3008.0,1927.0,1412.0,928.0,1273.0,900.0,701.0,499.0,294.0,361.0,349.0,227.0,210.0,175.0,293.0,281.0,160.0,88.0,63.0,120.0,526.0,383.0,249.0,214.0,304.0,952.0,456.0,366.0,182.0,195.0,5630576.0,178301.0,31579.0,5623108.0,166803.0,33711.0,6357758.0,260159.0,24438.0,5574883.0,220290.0,25307.0,6102119.0,192575.0,31687.0,6293634.0,186125.0,33814.0,8346674.0,264755.0,31526.0,8060916.0,239196.0,33700.0,6505418.0,214100.0,30385.0,6288413.0,192660.0,32640.0,0.0,0.0,8702.75,9489.5,0.0,0.0,0.0,0.0,0.0,0.0,0.0,0.0,0.0,0.0,0.0,0.0,4916.25,1942.75,0.0,0.0,0.0,0.0,212.5,1206.5,0.0,0.0,0.0,0.0,0.0,0.0,0.0,0.0,0.0,0.0,0.0,0.0,1206.25,1139.75,0.0,0.0,0.0,0.0,59.0,612.25,0.0,0.0,0.0,0.0,0.0,0.0,0.0,0.0,0.0,0.0,0.0,0.0,546.5,1235.25,0.0,0.0,0.0,0.0,11.5,180.0,0.0,0.0,0.0,0.0,0.0,0.0,0.0,0.0,0.0,0.0,0.0,0.0,92.5,456.0,0.0,0.0,,,,,,,,,,,,,,,,,,,,,,,,,,,,,,,,,,,,,,,,,,,,,,,,,,,,,,,,,,,,,,,,,,,,,,,,,,,,,,,,,,,,,,,,,,,,,,,,,,,,,,,,,,,,,,,,,,,,,,,,,,,,,,,,,,,,,,,,,,,,,,,,,,,,,,,,,,,,,,,,,,,,,,,,,,,,,,,,,,,,,,,,,,,,,,,,,,,,,,,,
Nørrebro,2015,802.0,712.0,1215.0,1185.0,570.0,531.0,207.0,209.0,,,,,,,102.0,100.0,39.0,43.0,66.0,103.0,50.0,35.0,,,,,,,87.0,59.0,115.0,116.0,632.0,694.0,1042.0,1032.0,1041.0,1209.0,918.0,690.0,674.0,639.0,25.0,32.0,36.0,42.0,1070.0,1407.0,819.0,748.0,377.0,264.0,211.0,137.0,210.0,260.0,3247.0,3201.0,1384.0,1552.0,9403.0,11364.0,6347.0,5991.0,3105.0,2708.0,1970.0,1950.0,2595.0,3263.0,3366.0,2038.0,1412.0,826.0,913.0,1113.0,770.0,534.0,287.0,251.0,323.0,248.0,172.0,162.0,212.0,236.0,149.0,89.0,65.0,86.0,576.0,360.0,268.0,146.0,209.0,1118.0,511.0,349.0,166.0,155.0,5886987.0,184470.0,31913.0,5839715.0,171333.0,34084.0,6723844.0,271013.0,24810.0,5879492.0,228117.0,25774.0,6365349.0,198706.0,32034.0,6586315.0,192554.0,34205.0,8752106.0,274722.0,31858.0,8385719.0,246154.0,34067.0,6775564.0,221496.0,30590.0,6507143.0,197665.0,32920.0,0.0,0.0,8567.25,9451.0,0.0,0.0,0.0,0.0,0.0,0.0,0.0,0.0,0.0,0.0,0.0,0.0,5147.25,1926.75,0.0,0.0,0.0,0.0,234.0,1224.25,0.0,0.0,0.0,0.0,0.0,0.0,0.0,0.0,0.0,0.0,0.0,0.0,1267.5,1167.0,0.0,0.0,0.0,0.0,62.75,616.25,0.0,0.0,0.0,0.0,0.0,0.0,0.0,0.0,0.0,0.0,0.0,0.0,577.0,1234.5,0.0,0.0,0.0,0.0,10.25,179.75,0.0,0.0,0.0,0.0,0.0,0.0,0.0,0.0,0.0,0.0,0.0,0.0,97.25,438.0,0.0,0.0,,,,,,,,,,,,,,,,,,,,,,,,,,,,,,,,,,,,,,,,,,,,,,,,,,,,,,,,,,,,,,,,,,,,,,,,,,,,,,,,,,,,,,,,,,,,,,,,,,,,,,,,,,,,,,,,,,,,,,,,,,,,,,,,,,,,,,,,,,,,,,,,,,,,,,,,,,,,,,,,,,,,,,,,,,,,,,,,,,,,,,,,,,,,,,,,,,,,,,,,
Nørrebro,2016,750.0,686.0,1134.0,1100.0,628.0,580.0,208.0,204.0,,,,,0.0,,111.0,111.0,42.0,40.0,77.0,115.0,52.0,35.0,,,,,17.0,,78.0,62.0,121.0,105.0,598.0,663.0,1018.0,1015.0,995.0,1193.0,959.0,740.0,703.0,679.0,30.0,31.0,46.0,47.0,1113.0,1469.0,915.0,829.0,385.0,276.0,223.0,136.0,233.0,274.0,3368.0,3327.0,1438.0,1626.0,9273.0,11160.0,6435.0,6254.0,3132.0,2737.0,2039.0,1987.0,2647.0,3250.0,3290.0,2045.0,1353.0,749.0,817.0,1229.0,914.0,577.0,284.0,250.0,296.0,189.0,165.0,122.0,186.0,204.0,123.0,77.0,60.0,79.0,560.0,304.0,210.0,121.0,160.0,1001.0,515.0,324.0,162.0,142.0,6019052.0,188472.0,31936.0,6027409.0,175931.0,34260.0,7028117.0,280698.0,25038.0,6145786.0,234823.0,26172.0,6527363.0,203656.0,32051.0,6806895.0,197990.0,34380.0,8951029.0,281002.0,31854.0,8661298.0,252914.0,34246.0,6967832.0,229235.0,30396.0,6715726.0,203371.0,33022.0,0.0,0.0,8318.5,9406.25,0.0,0.0,0.0,0.0,0.0,0.0,0.0,0.0,0.0,0.0,0.0,0.0,5268.75,1936.75,0.0,0.0,0.0,0.0,238.25,1213.25,0.0,0.0,0.0,0.0,0.0,0.0,0.0,0.0,0.0,0.0,0.0,0.0,1336.5,1196.25,0.0,0.0,0.0,0.0,53.75,614.5,0.0,0.0,0.0,0.0,0.0,0.0,0.0,0.0,0.0,0.0,0.0,0.0,616.25,1269.75,0.0,0.0,0.0,0.0,9.0,175.75,0.0,0.0,0.0,0.0,0.0,0.0,0.0,0.0,0.0,0.0,0.0,0.0,108.25,439.0,0.0,0.0,,,,,,,,,,,,,,,,,,,,,,,,,,,,,,,,,,,,,,,,,,,,,,,,,,,,,,,,,,,,,,,,,,,,,,,,,,,,,,,,,,,,,,,,,,,,,,,,,,,,,,,,,,,,,,,,,,,,,,,,,,,,,,,,,,,,,,,,,,,,,,,,,,,,,,,,,,,,,,,,,,,,,,,,,,,,,,,,,,,,,,,,,,,,,,,,,,,,,,,,
Nørrebro,2017,679.0,649.0,1087.0,1072.0,686.0,652.0,208.0,207.0,,,,,0.0,,117.0,106.0,44.0,38.0,67.0,100.0,60.0,31.0,,,,,18.0,,66.0,63.0,113.0,92.0,593.0,653.0,994.0,1004.0,917.0,1163.0,970.0,801.0,757.0,720.0,27.0,44.0,48.0,48.0,1118.0,1499.0,953.0,864.0,395.0,290.0,238.0,149.0,227.0,285.0,3515.0,3476.0,1483.0,1599.0,8957.0,10918.0,6515.0,6418.0,3163.0,2792.0,2060.0,2048.0,2668.0,3230.0,3480.0,2129.0,1295.0,791.0,817.0,1525.0,999.0,582.0,335.0,310.0,225.0,189.0,149.0,113.0,155.0,175.0,113.0,86.0,56.0,61.0,504.0,299.0,172.0,135.0,153.0,1051.0,529.0,306.0,152.0,138.0,6258342.0,194141.0,32236.0,6203112.0,179712.0,34517.0,7357262.0,290939.0,25288.0,6414810.0,242517.0,26451.0,6773774.0,209474.0,32337.0,7010477.0,202469.0,34625.0,9316026.0,289759.0,32151.0,8910952.0,258333.0,34494.0,7232226.0,237068.0,30507.0,6898808.0,208392.0,33105.0,0.0,0.0,8317.25,9313.75,0.0,0.0,0.0,0.0,0.0,0.0,0.0,0.0,0.0,0.0,0.0,0.0,5401.75,1904.0,0.0,0.0,0.0,0.0,240.25,1214.25,0.0,0.0,0.0,0.0,0.0,0.0,0.0,0.0,0.0,0.0,0.0,0.0,1401.25,1208.0,0.0,0.0,0.0,0.0,50.75,620.0,0.0,0.0,0.0,0.0,0.0,0.0,0.0,0.0,0.0,0.0,0.0,0.0,638.0,1324.75,0.0,0.0,0.0,0.0,9.25,168.5,0.0,0.0,0.0,0.0,0.0,0.0,0.0,0.0,0.0,0.0,0.0,0.0,107.75,429.25,0.0,0.0,,,,,,,,,,,,,,,,,,,,,,,,,,,,,,,,,,,,,,,,,,,,,,,,,,,,,,,,,,,,,,,,,,,,,,,,,,,,,,,,,,,,,,,,,,,,,,,,,,,,,,,,,,,,,,,,,,,,,,,,,,,,,,,,,,,,,,,,,,,,,,,,,,,,,,,,,,,,,,,,,,,,,,,,,,,,,,,,,,,,,,,,,,,,,,,,,,,,,,,,
Nørrebro,2018,604.0,604.0,1065.0,1023.0,747.0,688.0,229.0,227.0,,,,0.0,0.0,,123.0,110.0,38.0,41.0,73.0,102.0,57.0,38.0,,,,12.0,17.0,,67.0,57.0,90.0,82.0,554.0,621.0,953.0,985.0,892.0,1149.0,1013.0,858.0,797.0,744.0,22.0,33.0,34.0,38.0,1122.0,1543.0,1015.0,957.0,427.0,299.0,234.0,155.0,238.0,290.0,3629.0,3617.0,1595.0,1664.0,8791.0,10745.0,6582.0,6477.0,3173.0,2849.0,2116.0,2098.0,2697.0,3246.0,3005.0,1920.0,1180.0,719.0,714.0,1201.0,891.0,496.0,312.0,288.0,236.0,159.0,121.0,83.0,116.0,166.0,103.0,72.0,46.0,50.0,481.0,282.0,177.0,110.0,116.0,921.0,485.0,314.0,168.0,144.0,6456798.0,200273.0,32240.0,6483535.0,186593.0,34747.0,7707886.0,302828.0,25453.0,6783585.0,252666.0,26848.0,7019683.0,217139.0,32328.0,7313572.0,209786.0,34862.0,9553115.0,297197.0,32144.0,9266581.0,266848.0,34726.0,7323146.0,240719.0,30422.0,7008717.0,210890.0,33234.0,0.0,0.0,8333.25,9340.0,0.0,0.0,0.0,0.0,0.0,0.0,0.0,0.0,0.0,0.0,0.0,0.0,5338.75,1937.75,0.0,0.0,0.0,0.0,237.25,1212.0,0.0,0.0,0.0,0.0,0.0,0.0,0.0,0.0,0.0,0.0,0.0,0.0,1445.25,1262.0,0.0,0.0,0.0,0.0,54.5,632.25,0.0,0.0,0.0,0.0,0.0,0.0,0.0,0.0,0.0,0.0,0.0,0.0,656.75,1342.0,0.0,0.0,0.0,0.0,10.5,150.0,0.0,0.0,0.0,0.0,0.0,0.0,0.0,0.0,0.0,0.0,0.0,0.0,110.5,438.75,0.0,0.0,,,,,,,,,,,,,,,,,,,,,,,,,,,,,,,,,,,,,,,,,,,,,,,,,,,,,,,,,,,,,,,,,,,,,,,,,,,,,,,,,,,,,,,,,,,,,,,,,,,,,,,,,,,,,,,,,,,,,,,,,,,,,,,,,,,,,,,,,,,,,,,,,,,,,,,,,,,,,,,,,,,,,,,,,,,,,,,,,,,,,,,,,,,,,,,,,,,,,,,,
Nørrebro,2019,544.0,535.0,1001.0,1007.0,791.0,724.0,255.0,240.0,,,,,0.0,,121.0,109.0,47.0,41.0,78.0,105.0,52.0,45.0,,,,,16.0,,63.0,56.0,95.0,76.0,523.0,602.0,964.0,959.0,863.0,1119.0,1012.0,898.0,842.0,809.0,29.0,29.0,32.0,41.0,1126.0,1505.0,1125.0,1092.0,424.0,304.0,248.0,160.0,239.0,303.0,3715.0,3571.0,1655.0,1780.0,8435.0,10508.0,6559.0,6506.0,3172.0,2908.0,2207.0,2135.0,2719.0,3218.0,2834.0,1884.0,1257.0,709.0,674.0,1181.0,895.0,574.0,319.0,274.0,236.0,146.0,112.0,95.0,110.0,154.0,105.0,63.0,45.0,39.0,396.0,248.0,168.0,88.0,115.0,867.0,490.0,340.0,162.0,136.0,6656540.0,208382.0,31944.0,6690717.0,192395.0,34776.0,7999968.0,312438.0,25605.0,7069291.0,260609.0,27126.0,7230639.0,225668.0,32041.0,7584369.0,217367.0,34892.0,9882556.0,310060.0,31873.0,9582354.0,275704.0,34756.0,7563880.0,249131.0,30361.0,7248585.0,217082.0,33391.0,0.0,0.0,8437.0,9588.0,0.0,0.0,0.0,0.0,0.0,0.0,0.0,0.0,0.0,0.0,0.0,0.0,5269.75,1976.0,0.0,0.0,0.0,0.0,235.0,1215.0,0.0,0.0,0.0,0.0,0.0,0.0,0.0,0.0,0.0,0.0,0.0,0.0,1392.0,1311.0,0.0,0.0,0.0,0.0,51.25,622.0,0.0,0.0,0.0,0.0,0.0,0.0,0.0,0.0,0.0,0.0,0.0,0.0,711.75,1328.75,0.0,0.0,0.0,0.0,12.25,145.5,0.0,0.0,0.0,0.0,0.0,0.0,0.0,0.0,0.0,0.0,0.0,0.0,110.75,439.5,0.0,0.0,,,,,,,,,,,,,,,,,,,,,,,,,,,,,,,,,,,,,,,,,,,,,,,,,,,,,,,,,,,,,,,,,,,,,,,,,,,,,,,,,,,,,,,,,,,,,,,,,,,,,,,,,,,,,,,,,,,,,,,,,,,,,,,,,,,,,,,,,,,,,,,,,,,,,,,,,,,,,,,,,,,,,,,,,,,,,,,,,,,,,,,,,,,,,,,,,,,,,,,,
Nørrebro,2020,483.0,485.0,942.0,934.0,813.0,769.0,253.0,255.0,105.0,105.0,3.0,,0.0,,127.0,118.0,49.0,51.0,78.0,96.0,45.0,48.0,24.0,13.0,7.0,,14.0,,54.0,52.0,89.0,76.0,503.0,585.0,907.0,936.0,805.0,1043.0,1018.0,961.0,902.0,831.0,31.0,29.0,30.0,42.0,1132.0,1507.0,1155.0,1138.0,436.0,329.0,252.0,167.0,255.0,302.0,3651.0,3579.0,1705.0,1850.0,8229.0,10215.0,6477.0,6601.0,3185.0,2944.0,2206.0,2185.0,2738.0,3277.0,2845.0,1966.0,1455.0,985.0,1088.0,1152.0,862.0,603.0,393.0,434.0,222.0,148.0,142.0,108.0,154.0,231.0,135.0,92.0,75.0,83.0,410.0,269.0,233.0,141.0,172.0,830.0,552.0,385.0,268.0,245.0,6928135.0,219203.0,31606.0,7043657.0,203556.0,34603.0,8240438.0,328933.0,25052.0,7475443.0,278073.0,26883.0,7557359.0,237997.0,31754.0,7970551.0,229421.0,34742.0,10253977.0,324812.0,31569.0,10120921.0,292546.0,34596.0,7805355.0,259564.0,30071.0,7639912.0,229689.0,33262.0,0.0,0.0,8437.0,9699.5,0.0,0.0,0.0,0.0,0.0,0.0,0.0,0.0,0.0,0.0,0.0,0.0,5374.75,2000.25,0.0,0.0,0.0,0.0,239.5,1247.0,0.0,0.0,0.0,0.0,0.0,0.0,0.0,0.0,0.0,0.0,0.0,0.0,1412.75,1308.75,0.0,0.0,0.0,0.0,56.25,617.5,0.0,0.0,0.0,0.0,0.0,0.0,0.0,0.0,0.0,0.0,0.0,0.0,729.75,1367.5,0.0,0.0,0.0,0.0,10.75,147.25,0.0,0.0,0.0,0.0,0.0,0.0,0.0,0.0,0.0,0.0,0.0,0.0,108.25,463.5,0.0,0.0,,,,,,,,,,,,,,,,,,,,,,,,,,,,,,,,,,,,,,,,,,,,,,,,,,,,,,,,,,,,,,,,,,,,,,,,,,,,,,,,,,,,,,,,,,,,,,,,,,,,,,,,,,,,,,,,,,,,,,,,,,,,,,,,,,,,,,,,,,,,,,,,,,,,,,,,,,,,,,,,,,,,,,,,,,,,,,,,,,,,,,,,,,,,,,,,,,,,,,,,
Nørrebro,2021,431.0,417.0,872.0,836.0,809.0,802.0,272.0,261.0,129.0,121.0,4.0,,0.0,,133.0,135.0,47.0,45.0,71.0,83.0,49.0,59.0,28.0,14.0,9.0,,16.0,,41.0,39.0,93.0,79.0,442.0,503.0,842.0,885.0,768.0,992.0,989.0,1008.0,964.0,860.0,20.0,29.0,33.0,45.0,1052.0,1456.0,1193.0,1190.0,448.0,364.0,262.0,165.0,265.0,291.0,3616.0,3438.0,1742.0,1947.0,7959.0,9924.0,6416.0,6597.0,3144.0,2906.0,2255.0,2230.0,2740.0,3319.0,2677.0,1924.0,1306.0,794.0,770.0,1183.0,825.0,497.0,291.0,275.0,180.0,162.0,128.0,108.0,126.0,166.0,120.0,101.0,70.0,74.0,385.0,279.0,201.0,124.0,146.0,763.0,538.0,379.0,201.0,149.0,7301409.0,233578.0,31259.0,7413999.0,214532.0,34559.0,8678457.0,342089.0,25369.0,7973112.0,288996.0,27589.0,7945577.0,252642.0,31450.0,8426215.0,242719.0,34716.0,10826928.0,346595.0,31238.0,10671582.0,308865.0,34551.0,8119126.0,273703.0,29664.0,8039534.0,241609.0,33275.0,0.0,0.0,8542.5,9884.75,0.0,0.0,0.0,0.0,0.0,0.0,0.0,0.0,0.0,0.0,0.0,0.0,5306.5,2008.75,0.0,0.0,0.0,0.0,234.5,1265.75,0.0,0.0,0.0,0.0,0.0,0.0,0.0,0.0,0.0,0.0,0.0,0.0,1425.0,1231.25,0.0,0.0,0.0,0.0,60.75,584.75,0.0,0.0,0.0,0.0,0.0,0.0,0.0,0.0,0.0,0.0,0.0,0.0,749.0,1358.25,0.0,0.0,0.0,0.0,13.25,146.25,0.0,0.0,0.0,0.0,0.0,0.0,0.0,0.0,0.0,0.0,0.0,0.0,104.75,462.25,0.0,0.0,,,,,,,,,,,,,,,,,,,,,,,,,,,,,,,,,,,,,,,,,,,,,,,,,,,,,,,,,,,,,,,,,,,,,,,,,,,,,,,,,,,,,,,,,,,,,,,,,,,,,,,,,,,,,,,,,,,,,,,,,,,,,,,,,,,,,,,,,,,,,,,,,,,,,,,,,,,,,,,,,,,,,,,,,,,,,,,,,,,,,,,,,,,,,,,,,,,,,,,,
Nørrebro,2022,389.0,377.0,765.0,769.0,814.0,813.0,285.0,258.0,140.0,141.0,6.0,,0.0,,121.0,144.0,44.0,53.0,61.0,87.0,49.0,59.0,29.0,17.0,10.0,,15.0,,32.0,29.0,91.0,83.0,398.0,468.0,845.0,844.0,747.0,921.0,962.0,1030.0,1006.0,887.0,18.0,20.0,39.0,46.0,994.0,1453.0,1259.0,1227.0,477.0,370.0,286.0,176.0,280.0,293.0,3536.0,3384.0,1816.0,1983.0,7773.0,9931.0,6297.0,6497.0,3063.0,2908.0,2269.0,2252.0,2766.0,3354.0,3002.0,1783.0,968.0,498.0,341.0,1283.0,801.0,406.0,160.0,109.0,241.0,151.0,81.0,59.0,59.0,187.0,115.0,73.0,47.0,32.0,407.0,221.0,133.0,88.0,60.0,884.0,495.0,275.0,144.0,81.0,7350550.0,235821.0,31170.0,7452053.0,215533.0,34575.0,9051387.0,353749.0,25587.0,8360023.0,300991.0,27775.0,7976578.0,254965.0,31285.0,8490756.0,244761.0,34690.0,10935280.0,351052.0,31150.0,10796624.0,312321.0,34569.0,8250539.0,278377.0,29638.0,8145454.0,244777.0,33277.0,0.0,0.0,8659.5,10211.75,0.0,0.0,0.0,0.0,0.0,0.0,0.0,0.0,0.0,0.0,0.0,0.0,5176.0,2006.75,0.0,0.0,0.0,0.0,248.0,1284.25,0.0,0.0,0.0,0.0,0.0,0.0,0.0,0.0,0.0,0.0,0.0,0.0,1427.25,1167.75,0.0,0.0,0.0,0.0,65.25,580.0,0.0,0.0,0.0,0.0,0.0,0.0,0.0,0.0,0.0,0.0,0.0,0.0,747.0,1369.75,0.0,0.0,0.0,0.0,16.5,140.75,0.0,0.0,0.0,0.0,0.0,0.0,0.0,0.0,0.0,0.0,0.0,0.0,107.75,424.25,0.0,0.0,,,,,,,,,,,,,,,,,,,,,,,,,,,,,,,,,,,,,,,,,,,,,,,,,,,,,,,,,,,,,,,,,,,,,,,,,,,,,,,,,,,,,,,,,,,,,,,,,,,,,,,,,,,,,,,,,,,,,,,,,,,,,,,,,,,,,,,,,,,,,,,,,,,,,,,,,,,,,,,,,,,,,,,,,,,,,,,,,,,,,,,,,,,,,,,,,,,,,,,,
Nørrebro,2023,334.0,335.0,681.0,709.0,822.0,778.0,309.0,290.0,141.0,158.0,11.0,,0.0,,133.0,141.0,48.0,54.0,61.0,76.0,57.0,64.0,32.0,19.0,10.0,,14.0,,44.0,35.0,100.0,86.0,405.0,498.0,817.0,845.0,725.0,887.0,928.0,1084.0,1070.0,943.0,20.0,17.0,31.0,55.0,1042.0,1487.0,1277.0,1290.0,511.0,385.0,289.0,189.0,285.0,302.0,3500.0,3393.0,1863.0,2005.0,7632.0,9738.0,6241.0,6494.0,3009.0,2925.0,2316.0,2303.0,2815.0,3386.0,2830.0,1834.0,1120.0,560.0,397.0,1244.0,808.0,447.0,186.0,138.0,200.0,126.0,83.0,76.0,64.0,160.0,120.0,77.0,46.0,32.0,438.0,269.0,166.0,82.0,61.0,788.0,511.0,347.0,170.0,102.0,7981513.0,257452.0,31002.0,7842701.0,227384.0,34491.0,9567209.0,371412.0,25759.0,8816920.0,315442.0,27951.0,8662238.0,278430.0,31111.0,8966298.0,258857.0,34638.0,12048291.0,389660.0,30920.0,11497513.0,333706.0,34454.0,8689630.0,288558.0,30114.0,8502796.0,251689.0,33783.0,0.0,0.0,8669.0,10157.25,0.0,0.0,0.0,0.0,0.0,0.0,0.0,0.0,0.0,0.0,0.0,0.0,5141.5,2017.5,0.0,0.0,0.0,0.0,255.25,1296.0,0.0,0.0,0.0,0.0,0.0,0.0,0.0,0.0,0.0,0.0,0.0,0.0,1440.75,1206.5,0.0,0.0,0.0,0.0,58.75,581.5,0.0,0.0,0.0,0.0,0.0,0.0,0.0,0.0,0.0,0.0,0.0,0.0,744.0,1410.0,0.0,0.0,0.0,0.0,15.5,135.25,0.0,0.0,0.0,0.0,0.0,0.0,0.0,0.0,0.0,0.0,0.0,0.0,111.75,402.75,0.0,0.0,,,,,,,,,,,,,,,,,,,,,,,,,,,,,,,,,,,,,,,,,,,,,,,,,,,,,,,,,,,,,,,,,,,,,,,,,,,,,,,,,,,,,,,,,,,,,,,,,,,,,,,,,,,,,,,,,,,,,,,,,,,,,,,,,,,,,,,,,,,,,,,,,,,,,,,,,,,,,,,,,,,,,,,,,,,,,,,,,,,,,,,,,,,,,,,,,,,,,,,,
Nørrebro,2024,291.0,305.0,628.0,623.0,838.0,822.0,324.0,324.0,146.0,158.0,,,,,139.0,142.0,53.0,52.0,60.0,89.0,55.0,62.0,29.0,19.0,,,,,42.0,47.0,148.0,131.0,424.0,483.0,817.0,845.0,715.0,894.0,905.0,1119.0,1138.0,1033.0,19.0,19.0,32.0,51.0,1100.0,1549.0,1324.0,1296.0,514.0,419.0,307.0,189.0,293.0,305.0,3502.0,3401.0,1899.0,2016.0,7642.0,9577.0,6173.0,6519.0,3041.0,2942.0,2332.0,2329.0,2875.0,3409.0,,,,,,,,,,,,,,,,,,,,,,,,,,,,,,,8445049.0,270519.0,31218.0,8393888.0,238931.0,35131.0,10109835.0,388795.0,26003.0,9471656.0,331559.0,28567.0,9154617.0,292433.0,31305.0,9674419.0,274506.0,35243.0,12641158.0,405568.0,31169.0,12244362.0,348753.0,35109.0,9249559.0,304653.0,30361.0,9154797.0,265233.0,34516.0,0.0,0.0,8532.0,10075.0,0.0,0.0,0.0,0.0,0.0,0.0,0.0,0.0,0.0,0.0,0.0,0.0,5313.0,2054.0,0.0,0.0,0.0,0.0,271.75,1304.25,0.0,0.0,0.0,0.0,0.0,0.0,0.0,0.0,0.0,0.0,0.0,0.0,1385.25,1228.5,0.0,0.0,0.0,0.0,56.5,571.75,0.0,0.0,0.0,0.0,0.0,0.0,0.0,0.0,0.0,0.0,0.0,0.0,751.0,1452.0,0.0,0.0,0.0,0.0,16.0,135.0,0.0,0.0,0.0,0.0,0.0,0.0,0.0,0.0,0.0,0.0,0.0,0.0,114.5,389.25,0.0,0.0,,,,,,,,,,,,,,,,,,,,,,,,,,,,,,,,,,,,,,,,,,,,,,,,,,,,,,,,,,,,,,,,,,,,,,,,,,,,,,,,,,,,,,,,,,,,,,,,,,,,,,,,,,,,,,,,,,,,,,,,,,,,,,,,,,,,,,,,,,,,,,,,,,,,,,,,,,,,,,,,,,,,,,,,,,,,,,,,,,,,,,,,,,,,,,,,,,,,,,,,
Nørrebro,2025,262.0,286.0,573.0,556.0,818.0,857.0,368.0,348.0,154.0,170.0,,,,,143.0,139.0,55.0,54.0,57.0,77.0,53.0,76.0,30.0,19.0,,,,,51.0,28.0,181.0,151.0,448.0,498.0,819.0,858.0,695.0,862.0,840.0,1130.0,1229.0,1126.0,16.0,19.0,30.0,33.0,1089.0,1556.0,1355.0,1363.0,517.0,446.0,292.0,199.0,299.0,313.0,3552.0,3360.0,1975.0,2086.0,7446.0,9551.0,6261.0,6634.0,2965.0,2997.0,2392.0,2385.0,2942.0,3477.0,,,,,,,,,,,,,,,,,,,,,,,,,,,,,,,,,,,,,,,,,,,,,,,,,,,,,,,,,,,,,,,,,,,,,,,,,,,,,,,,,,,,,,,,,,,,,,,,,,,,,,,,,,,,,,,,,,,,,,,,,,,,,,,,,,,,,,,,,,,,,,,,,,,,,,,,,,,,,,,,,,,,,,,,,,,,,,,,,,,,,,,,,,,,,,,,,,,,,,,,,,,,,,,,,,,,,,,,,,,,,,,,,,,,,,,,,,,,,,,,,,,,,,,,,,,,,,,,,,,,,,,,,,,,,,,,,,,,,,,,,,,,,,,,,,,,,,,,,,,,,,,,,,,,,,,,,,,,,,,,,,,,,,,,,,,,,,,,,,,,
Nørrebro,2026,,,,,,,,,,,,,,,,,,,,,,,,,,,,,,,,,,,,,,,,,,,,,,,,,,,,,,,,,,,,,,,,,,,,,,,,,,,,,,,,,,,,,,,,,,,,,,,,,,,,,,,,,,,,,,,,,,,,,,,,,,,,,,,,,,,,,,,,,,,,,,,,,,,,,,,,,,,,,,,,,,,,,,,,,,,,,,,,,,,,,,,,,,,,,,,,,,,,,,,,,,,,,,,,,,,643.0,530.0,276.0,260.0,276.0,272.0,285.0,276.0,295.0,276.0,311.0,323.0,437.0,336.0,496.0,728.0,889.0,1063.0,1191.0,1245.0,1273.0,1319.0,1225.0,390.0,1178.0,1158.0,996.0,961.0,976.0,818.0,786.0,698.0,632.0,598.0,411.0,557.0,493.0,476.0,466.0,447.0,403.0,413.0,368.0,383.0,397.0,362.0,412.0,387.0,365.0,380.0,335.0,329.0,342.0,338.0,341.0,359.0,328.0,322.0,335.0,309.0,270.0,263.0,248.0,236.0,212.0,215.0,234.0,297.0,187.0,166.0,173.0,150.0,130.0,124.0,114.0,118.0,113.0,112.0,334.0,76.0,104.0,80.0,67.0,44.0,38.0,43.0,27.0,26.0,20.0,307.0,15.0,4.0,6.0,6.0,6.0,3.0,3.0,2.0,2.0,3.0,643.0,472.0,252.0,278.0,236.0,261.0,265.0,333.0,274.0,323.0,292.0,313.0,424.0,396.0,649.0,985.0,1302.0,1450.0,1589.0,1602.0,1549.0,1482.0,1431.0,369.0,1351.0,1255.0,1111.0,1051.0,917.0,851.0,811.0,681.0,685.0,583.0,385.0,603.0,530.0,465.0,442.0,476.0,423.0,412.0,407.0,408.0,390.0,329.0,417.0,402.0,385.0,409.0,389.0,368.0,344.0,344.0,347.0,397.0,321.0,347.0,325.0,283.0,257.0,250.0,247.0,231.0,224.0,201.0,191.0,294.0,202.0,193.0,181.0,184.0,149.0,175.0,138.0,139.0,136.0,127.0,327.0,136.0,124.0,91.0,92.0,67.0,62.0,56.0,44.0,33.0,36.0,290.0,31.0,27.0,23.0,20.0,10.0,16.0,6.0,9.0,0.0,10.0
Nørrebro,2027,,,,,,,,,,,,,,,,,,,,,,,,,,,,,,,,,,,,,,,,,,,,,,,,,,,,,,,,,,,,,,,,,,,,,,,,,,,,,,,,,,,,,,,,,,,,,,,,,,,,,,,,,,,,,,,,,,,,,,,,,,,,,,,,,,,,,,,,,,,,,,,,,,,,,,,,,,,,,,,,,,,,,,,,,,,,,,,,,,,,,,,,,,,,,,,,,,,,,,,,,,,,,,,,,,,659.0,547.0,302.0,273.0,259.0,272.0,270.0,285.0,279.0,298.0,290.0,336.0,468.0,370.0,488.0,725.0,889.0,1032.0,1141.0,1236.0,1253.0,1287.0,1278.0,381.0,1156.0,1138.0,1093.0,943.0,910.0,902.0,762.0,732.0,651.0,592.0,352.0,566.0,528.0,474.0,458.0,447.0,431.0,389.0,406.0,362.0,381.0,377.0,390.0,408.0,382.0,367.0,375.0,333.0,331.0,339.0,334.0,339.0,343.0,356.0,318.0,329.0,303.0,265.0,259.0,239.0,230.0,206.0,206.0,312.0,224.0,180.0,159.0,167.0,144.0,127.0,115.0,110.0,110.0,108.0,292.0,101.0,70.0,97.0,73.0,60.0,39.0,32.0,39.0,23.0,22.0,328.0,17.0,11.0,3.0,5.0,4.0,4.0,3.0,3.0,2.0,3.0,634.0,550.0,283.0,251.0,273.0,239.0,264.0,268.0,333.0,286.0,340.0,334.0,412.0,416.0,644.0,949.0,1213.0,1436.0,1530.0,1616.0,1577.0,1496.0,1411.0,369.0,1361.0,1255.0,1166.0,1029.0,959.0,846.0,787.0,754.0,657.0,635.0,341.0,565.0,578.0,508.0,453.0,433.0,464.0,420.0,411.0,407.0,405.0,359.0,387.0,416.0,403.0,389.0,408.0,384.0,365.0,345.0,350.0,349.0,309.0,398.0,342.0,315.0,277.0,255.0,250.0,248.0,227.0,217.0,196.0,310.0,189.0,196.0,186.0,175.0,177.0,143.0,165.0,132.0,133.0,131.0,287.0,125.0,129.0,119.0,84.0,86.0,63.0,57.0,48.0,40.0,30.0,317.0,31.0,28.0,20.0,16.0,18.0,8.0,8.0,4.0,4.0,7.0
Nørrebro,2028,,,,,,,,,,,,,,,,,,,,,,,,,,,,,,,,,,,,,,,,,,,,,,,,,,,,,,,,,,,,,,,,,,,,,,,,,,,,,,,,,,,,,,,,,,,,,,,,,,,,,,,,,,,,,,,,,,,,,,,,,,,,,,,,,,,,,,,,,,,,,,,,,,,,,,,,,,,,,,,,,,,,,,,,,,,,,,,,,,,,,,,,,,,,,,,,,,,,,,,,,,,,,,,,,,,668.0,561.0,319.0,296.0,268.0,254.0,268.0,268.0,285.0,278.0,301.0,310.0,483.0,375.0,506.0,690.0,850.0,1006.0,1094.0,1187.0,1237.0,1247.0,1249.0,406.0,1185.0,1109.0,1074.0,1015.0,890.0,850.0,825.0,712.0,680.0,606.0,342.0,557.0,534.0,502.0,452.0,435.0,428.0,412.0,380.0,394.0,360.0,324.0,372.0,383.0,399.0,382.0,361.0,371.0,333.0,327.0,333.0,331.0,356.0,335.0,349.0,313.0,320.0,297.0,261.0,249.0,232.0,222.0,198.0,324.0,197.0,215.0,172.0,154.0,158.0,138.0,117.0,111.0,103.0,104.0,304.0,98.0,91.0,68.0,88.0,65.0,53.0,33.0,29.0,32.0,20.0,286.0,19.0,13.0,7.0,3.0,3.0,3.0,3.0,3.0,3.0,3.0,642.0,545.0,306.0,278.0,245.0,272.0,239.0,264.0,269.0,337.0,303.0,367.0,476.0,426.0,650.0,910.0,1143.0,1344.0,1492.0,1547.0,1583.0,1498.0,1408.0,359.0,1334.0,1248.0,1159.0,1076.0,938.0,878.0,777.0,730.0,717.0,609.0,339.0,606.0,539.0,549.0,488.0,438.0,421.0,453.0,416.0,406.0,401.0,318.0,397.0,384.0,415.0,403.0,385.0,402.0,379.0,364.0,346.0,347.0,333.0,349.0,389.0,330.0,306.0,271.0,252.0,247.0,241.0,219.0,210.0,296.0,191.0,183.0,187.0,179.0,169.0,167.0,135.0,157.0,126.0,128.0,300.0,128.0,118.0,124.0,109.0,80.0,81.0,57.0,49.0,44.0,36.0,276.0,27.0,28.0,22.0,14.0,15.0,13.0,4.0,6.0,2.0,9.0
Nørrebro,2029,,,,,,,,,,,,,,,,,,,,,,,,,,,,,,,,,,,,,,,,,,,,,,,,,,,,,,,,,,,,,,,,,,,,,,,,,,,,,,,,,,,,,,,,,,,,,,,,,,,,,,,,,,,,,,,,,,,,,,,,,,,,,,,,,,,,,,,,,,,,,,,,,,,,,,,,,,,,,,,,,,,,,,,,,,,,,,,,,,,,,,,,,,,,,,,,,,,,,,,,,,,,,,,,,,,679.0,572.0,280.0,314.0,291.0,264.0,251.0,267.0,270.0,285.0,286.0,323.0,498.0,358.0,516.0,701.0,819.0,975.0,1067.0,1149.0,1203.0,1237.0,1217.0,421.0,1163.0,1134.0,1047.0,1006.0,950.0,836.0,787.0,766.0,667.0,635.0,365.0,574.0,529.0,510.0,479.0,431.0,418.0,410.0,400.0,371.0,390.0,316.0,353.0,364.0,375.0,399.0,375.0,358.0,370.0,331.0,323.0,330.0,309.0,327.0,329.0,343.0,307.0,314.0,292.0,251.0,244.0,225.0,213.0,338.0,191.0,190.0,205.0,166.0,147.0,151.0,129.0,113.0,104.0,97.0,316.0,95.0,89.0,87.0,63.0,79.0,57.0,45.0,30.0,24.0,27.0,299.0,17.0,14.0,9.0,6.0,2.0,2.0,3.0,3.0,3.0,3.0,653.0,556.0,269.0,301.0,273.0,247.0,272.0,241.0,265.0,277.0,348.0,340.0,476.0,454.0,656.0,913.0,1107.0,1282.0,1415.0,1513.0,1530.0,1512.0,1407.0,414.0,1333.0,1228.0,1155.0,1073.0,984.0,865.0,807.0,724.0,701.0,666.0,332.0,587.0,579.0,516.0,527.0,473.0,428.0,413.0,447.0,413.0,402.0,316.0,394.0,394.0,385.0,414.0,399.0,382.0,398.0,378.0,365.0,343.0,298.0,347.0,343.0,375.0,322.0,301.0,269.0,251.0,242.0,234.0,213.0,319.0,206.0,185.0,176.0,181.0,171.0,161.0,157.0,129.0,150.0,122.0,287.0,125.0,122.0,114.0,115.0,103.0,77.0,73.0,49.0,45.0,40.0,290.0,32.0,25.0,22.0,15.0,13.0,11.0,7.0,4.0,3.0,8.0
Nørrebro,2030,,,,,,,,,,,,,,,,,,,,,,,,,,,,,,,,,,,,,,,,,,,,,,,,,,,,,,,,,,,,,,,,,,,,,,,,,,,,,,,,,,,,,,,,,,,,,,,,,,,,,,,,,,,,,,,,,,,,,,,,,,,,,,,,,,,,,,,,,,,,,,,,,,,,,,,,,,,,,,,,,,,,,,,,,,,,,,,,,,,,,,,,,,,,,,,,,,,,,,,,,,,,,,,,,,,688.0,581.0,292.0,277.0,309.0,287.0,260.0,252.0,269.0,271.0,294.0,313.0,508.0,383.0,511.0,712.0,829.0,955.0,1049.0,1126.0,1171.0,1212.0,1208.0,434.0,1136.0,1112.0,1068.0,979.0,945.0,884.0,778.0,739.0,712.0,626.0,379.0,601.0,547.0,508.0,490.0,457.0,416.0,402.0,398.0,389.0,369.0,338.0,383.0,351.0,358.0,380.0,394.0,373.0,359.0,369.0,329.0,322.0,302.0,329.0,326.0,328.0,338.0,303.0,313.0,285.0,249.0,239.0,220.0,294.0,208.0,189.0,186.0,201.0,161.0,143.0,141.0,126.0,108.0,102.0,329.0,91.0,88.0,89.0,80.0,60.0,73.0,50.0,43.0,27.0,26.0,310.0,24.0,15.0,11.0,8.0,5.0,2.0,2.0,3.0,3.0,4.0,662.0,564.0,282.0,267.0,295.0,275.0,249.0,273.0,244.0,274.0,297.0,382.0,486.0,447.0,691.0,914.0,1114.0,1254.0,1362.0,1447.0,1498.0,1467.0,1421.0,416.0,1327.0,1226.0,1138.0,1070.0,983.0,906.0,796.0,752.0,697.0,655.0,380.0,641.0,564.0,554.0,499.0,510.0,462.0,421.0,410.0,443.0,409.0,311.0,396.0,393.0,394.0,387.0,412.0,397.0,382.0,399.0,382.0,362.0,296.0,344.0,343.0,335.0,369.0,318.0,300.0,271.0,251.0,237.0,231.0,287.0,213.0,204.0,181.0,175.0,176.0,168.0,158.0,153.0,126.0,148.0,309.0,124.0,125.0,121.0,110.0,115.0,105.0,80.0,74.0,55.0,51.0,278.0,47.0,37.0,29.0,19.0,19.0,13.0,8.0,8.0,5.0,11.0
Nørrebro,2031,,,,,,,,,,,,,,,,,,,,,,,,,,,,,,,,,,,,,,,,,,,,,,,,,,,,,,,,,,,,,,,,,,,,,,,,,,,,,,,,,,,,,,,,,,,,,,,,,,,,,,,,,,,,,,,,,,,,,,,,,,,,,,,,,,,,,,,,,,,,,,,,,,,,,,,,,,,,,,,,,,,,,,,,,,,,,,,,,,,,,,,,,,,,,,,,,,,,,,,,,,,,,,,,,,,689.0,586.0,301.0,288.0,273.0,303.0,282.0,261.0,254.0,270.0,281.0,317.0,514.0,368.0,520.0,685.0,823.0,947.0,1017.0,1096.0,1134.0,1170.0,1177.0,441.0,1120.0,1078.0,1041.0,987.0,914.0,878.0,813.0,728.0,689.0,662.0,389.0,592.0,570.0,523.0,486.0,467.0,438.0,398.0,390.0,386.0,384.0,350.0,360.0,374.0,343.0,358.0,371.0,389.0,372.0,356.0,364.0,326.0,321.0,317.0,322.0,321.0,321.0,332.0,300.0,301.0,279.0,242.0,230.0,287.0,213.0,201.0,181.0,179.0,192.0,155.0,133.0,135.0,118.0,102.0,287.0,93.0,83.0,84.0,82.0,72.0,54.0,61.0,46.0,36.0,23.0,322.0,23.0,19.0,10.0,9.0,5.0,4.0,2.0,2.0,3.0,4.0,663.0,569.0,270.0,279.0,262.0,296.0,276.0,249.0,274.0,252.0,291.0,335.0,491.0,471.0,673.0,912.0,1091.0,1242.0,1318.0,1383.0,1424.0,1425.0,1372.0,423.0,1332.0,1210.0,1128.0,1049.0,974.0,902.0,829.0,740.0,720.0,650.0,382.0,630.0,611.0,539.0,532.0,483.0,496.0,453.0,416.0,405.0,436.0,353.0,403.0,392.0,392.0,394.0,384.0,407.0,394.0,382.0,400.0,378.0,290.0,360.0,338.0,332.0,327.0,361.0,315.0,299.0,267.0,244.0,231.0,283.0,227.0,207.0,196.0,176.0,169.0,168.0,159.0,152.0,146.0,122.0,278.0,145.0,118.0,120.0,112.0,104.0,108.0,94.0,69.0,66.0,49.0,298.0,44.0,41.0,30.0,22.0,16.0,14.0,8.0,5.0,6.0,10.0
Nørrebro,2032,,,,,,,,,,,,,,,,,,,,,,,,,,,,,,,,,,,,,,,,,,,,,,,,,,,,,,,,,,,,,,,,,,,,,,,,,,,,,,,,,,,,,,,,,,,,,,,,,,,,,,,,,,,,,,,,,,,,,,,,,,,,,,,,,,,,,,,,,,,,,,,,,,,,,,,,,,,,,,,,,,,,,,,,,,,,,,,,,,,,,,,,,,,,,,,,,,,,,,,,,,,,,,,,,,,691.0,588.0,314.0,296.0,284.0,269.0,298.0,283.0,262.0,255.0,279.0,304.0,520.0,372.0,498.0,689.0,799.0,949.0,1013.0,1071.0,1112.0,1139.0,1142.0,447.0,1098.0,1066.0,1013.0,966.0,922.0,851.0,811.0,759.0,680.0,645.0,396.0,624.0,563.0,545.0,502.0,464.0,449.0,419.0,387.0,379.0,381.0,360.0,373.0,353.0,365.0,344.0,350.0,367.0,387.0,368.0,351.0,360.0,333.0,322.0,311.0,316.0,313.0,315.0,326.0,289.0,293.0,271.0,233.0,304.0,223.0,205.0,192.0,175.0,171.0,185.0,145.0,128.0,126.0,111.0,279.0,93.0,85.0,78.0,77.0,74.0,64.0,46.0,55.0,38.0,30.0,282.0,20.0,18.0,13.0,9.0,6.0,3.0,4.0,2.0,2.0,4.0,665.0,571.0,289.0,268.0,274.0,264.0,296.0,276.0,252.0,280.0,270.0,329.0,497.0,432.0,675.0,894.0,1087.0,1224.0,1313.0,1348.0,1372.0,1363.0,1338.0,428.0,1295.0,1218.0,1114.0,1043.0,958.0,894.0,826.0,771.0,710.0,671.0,389.0,626.0,603.0,584.0,520.0,514.0,471.0,485.0,447.0,411.0,400.0,356.0,428.0,398.0,391.0,391.0,389.0,380.0,404.0,394.0,383.0,395.0,328.0,375.0,353.0,327.0,324.0,323.0,356.0,313.0,295.0,259.0,237.0,279.0,227.0,221.0,199.0,190.0,170.0,161.0,158.0,152.0,146.0,140.0,274.0,119.0,137.0,112.0,110.0,104.0,95.0,94.0,79.0,60.0,58.0,269.0,40.0,36.0,32.0,21.0,18.0,12.0,7.0,3.0,4.0,11.0
Nørrebro,2033,,,,,,,,,,,,,,,,,,,,,,,,,,,,,,,,,,,,,,,,,,,,,,,,,,,,,,,,,,,,,,,,,,,,,,,,,,,,,,,,,,,,,,,,,,,,,,,,,,,,,,,,,,,,,,,,,,,,,,,,,,,,,,,,,,,,,,,,,,,,,,,,,,,,,,,,,,,,,,,,,,,,,,,,,,,,,,,,,,,,,,,,,,,,,,,,,,,,,,,,,,,,,,,,,,,690.0,590.0,275.0,308.0,292.0,280.0,265.0,298.0,283.0,263.0,266.0,302.0,523.0,358.0,496.0,658.0,803.0,931.0,1020.0,1069.0,1092.0,1122.0,1114.0,452.0,1068.0,1049.0,1004.0,941.0,903.0,857.0,787.0,759.0,707.0,638.0,401.0,611.0,592.0,540.0,523.0,480.0,447.0,430.0,406.0,376.0,374.0,366.0,370.0,364.0,345.0,365.0,338.0,346.0,367.0,383.0,362.0,348.0,343.0,355.0,316.0,306.0,308.0,307.0,311.0,315.0,284.0,286.0,262.0,315.0,226.0,216.0,196.0,186.0,167.0,166.0,173.0,139.0,120.0,119.0,296.0,101.0,86.0,81.0,72.0,70.0,66.0,54.0,43.0,46.0,32.0,275.0,25.0,16.0,13.0,11.0,6.0,5.0,3.0,3.0,2.0,4.0,664.0,573.0,262.0,286.0,263.0,275.0,265.0,295.0,278.0,260.0,295.0,310.0,499.0,421.0,639.0,879.0,1076.0,1221.0,1300.0,1346.0,1343.0,1320.0,1285.0,433.0,1264.0,1187.0,1123.0,1030.0,953.0,880.0,819.0,770.0,740.0,663.0,395.0,646.0,600.0,578.0,563.0,504.0,501.0,462.0,478.0,441.0,406.0,363.0,393.0,421.0,397.0,391.0,387.0,384.0,379.0,404.0,395.0,380.0,332.0,392.0,368.0,341.0,319.0,319.0,320.0,353.0,309.0,287.0,253.0,313.0,234.0,221.0,213.0,193.0,183.0,162.0,152.0,153.0,146.0,141.0,270.0,137.0,114.0,130.0,104.0,104.0,98.0,85.0,82.0,71.0,54.0,264.0,50.0,35.0,30.0,24.0,19.0,13.0,6.0,5.0,3.0,10.0
Nørrebro,2034,,,,,,,,,,,,,,,,,,,,,,,,,,,,,,,,,,,,,,,,,,,,,,,,,,,,,,,,,,,,,,,,,,,,,,,,,,,,,,,,,,,,,,,,,,,,,,,,,,,,,,,,,,,,,,,,,,,,,,,,,,,,,,,,,,,,,,,,,,,,,,,,,,,,,,,,,,,,,,,,,,,,,,,,,,,,,,,,,,,,,,,,,,,,,,,,,,,,,,,,,,,,,,,,,,,686.0,590.0,268.0,271.0,304.0,287.0,276.0,266.0,298.0,283.0,273.0,289.0,524.0,352.0,467.0,646.0,767.0,936.0,1003.0,1078.0,1088.0,1103.0,1099.0,455.0,1043.0,1022.0,990.0,932.0,880.0,840.0,791.0,737.0,708.0,661.0,406.0,605.0,582.0,566.0,519.0,499.0,461.0,428.0,417.0,394.0,371.0,371.0,363.0,361.0,354.0,345.0,356.0,335.0,345.0,363.0,377.0,359.0,349.0,344.0,348.0,312.0,299.0,302.0,303.0,300.0,308.0,278.0,276.0,325.0,254.0,220.0,207.0,191.0,178.0,163.0,155.0,167.0,131.0,115.0,307.0,109.0,93.0,82.0,75.0,66.0,63.0,57.0,51.0,37.0,40.0,290.0,28.0,21.0,11.0,11.0,7.0,5.0,4.0,3.0,3.0,3.0,661.0,572.0,257.0,259.0,281.0,265.0,276.0,266.0,296.0,285.0,277.0,330.0,501.0,397.0,607.0,843.0,1053.0,1214.0,1294.0,1334.0,1341.0,1294.0,1248.0,436.0,1217.0,1160.0,1097.0,1039.0,941.0,875.0,806.0,762.0,739.0,690.0,400.0,639.0,618.0,575.0,557.0,544.0,492.0,490.0,456.0,470.0,434.0,368.0,399.0,388.0,418.0,396.0,386.0,383.0,382.0,379.0,405.0,391.0,339.0,378.0,385.0,355.0,332.0,314.0,316.0,320.0,348.0,300.0,280.0,318.0,249.0,228.0,213.0,206.0,187.0,175.0,154.0,147.0,147.0,141.0,302.0,138.0,131.0,109.0,121.0,99.0,98.0,89.0,74.0,75.0,64.0,261.0,47.0,44.0,30.0,23.0,20.0,14.0,8.0,5.0,4.0,9.0
Nørrebro,2035,,,,,,,,,,,,,,,,,,,,,,,,,,,,,,,,,,,,,,,,,,,,,,,,,,,,,,,,,,,,,,,,,,,,,,,,,,,,,,,,,,,,,,,,,,,,,,,,,,,,,,,,,,,,,,,,,,,,,,,,,,,,,,,,,,,,,,,,,,,,,,,,,,,,,,,,,,,,,,,,,,,,,,,,,,,,,,,,,,,,,,,,,,,,,,,,,,,,,,,,,,,,,,,,,,,682.0,587.0,283.0,264.0,269.0,299.0,282.0,276.0,268.0,297.0,293.0,295.0,524.0,337.0,452.0,603.0,755.0,900.0,1009.0,1061.0,1098.0,1100.0,1083.0,457.0,1031.0,999.0,965.0,921.0,873.0,820.0,777.0,739.0,687.0,663.0,409.0,625.0,576.0,558.0,543.0,496.0,480.0,442.0,416.0,405.0,388.0,376.0,360.0,354.0,350.0,353.0,338.0,352.0,335.0,341.0,357.0,372.0,354.0,354.0,337.0,342.0,305.0,294.0,298.0,293.0,295.0,301.0,269.0,331.0,268.0,247.0,211.0,202.0,183.0,173.0,153.0,150.0,157.0,125.0,317.0,105.0,100.0,88.0,76.0,69.0,60.0,54.0,54.0,43.0,32.0,301.0,34.0,23.0,15.0,10.0,7.0,6.0,4.0,4.0,3.0,4.0,656.0,570.0,254.0,254.0,255.0,282.0,267.0,277.0,268.0,302.0,301.0,313.0,501.0,406.0,571.0,795.0,1024.0,1188.0,1293.0,1328.0,1330.0,1292.0,1226.0,437.0,1185.0,1119.0,1073.0,1017.0,949.0,864.0,802.0,751.0,732.0,690.0,402.0,665.0,612.0,592.0,555.0,540.0,530.0,482.0,483.0,450.0,463.0,373.0,426.0,393.0,386.0,416.0,391.0,382.0,380.0,381.0,381.0,401.0,344.0,389.0,372.0,371.0,347.0,327.0,310.0,315.0,317.0,338.0,293.0,324.0,276.0,244.0,220.0,207.0,200.0,179.0,167.0,149.0,142.0,142.0,308.0,139.0,133.0,125.0,102.0,114.0,93.0,89.0,78.0,68.0,68.0,291.0,56.0,43.0,38.0,23.0,20.0,15.0,8.0,6.0,3.0,9.0
Nørrebro,2036,,,,,,,,,,,,,,,,,,,,,,,,,,,,,,,,,,,,,,,,,,,,,,,,,,,,,,,,,,,,,,,,,,,,,,,,,,,,,,,,,,,,,,,,,,,,,,,,,,,,,,,,,,,,,,,,,,,,,,,,,,,,,,,,,,,,,,,,,,,,,,,,,,,,,,,,,,,,,,,,,,,,,,,,,,,,,,,,,,,,,,,,,,,,,,,,,,,,,,,,,,,,,,,,,,,676.0,583.0,294.0,278.0,261.0,265.0,294.0,282.0,278.0,268.0,306.0,313.0,523.0,341.0,425.0,582.0,707.0,889.0,974.0,1070.0,1083.0,1111.0,1081.0,457.0,1018.0,990.0,945.0,899.0,864.0,814.0,758.0,727.0,689.0,644.0,411.0,628.0,594.0,554.0,537.0,518.0,478.0,459.0,429.0,404.0,399.0,378.0,377.0,352.0,345.0,349.0,344.0,335.0,350.0,332.0,336.0,354.0,359.0,367.0,347.0,333.0,335.0,300.0,290.0,288.0,288.0,288.0,291.0,336.0,262.0,261.0,237.0,206.0,194.0,178.0,163.0,148.0,142.0,149.0,322.0,115.0,97.0,95.0,81.0,70.0,63.0,51.0,52.0,46.0,38.0,311.0,29.0,28.0,16.0,13.0,6.0,6.0,6.0,4.0,4.0,4.0,651.0,566.0,282.0,251.0,250.0,257.0,283.0,267.0,279.0,276.0,317.0,335.0,499.0,388.0,564.0,753.0,971.0,1166.0,1265.0,1330.0,1325.0,1284.0,1225.0,438.0,1167.0,1093.0,1038.0,995.0,931.0,872.0,791.0,747.0,721.0,684.0,404.0,665.0,637.0,587.0,571.0,537.0,527.0,519.0,476.0,476.0,444.0,375.0,452.0,419.0,390.0,384.0,410.0,386.0,380.0,380.0,382.0,377.0,348.0,399.0,382.0,360.0,363.0,340.0,323.0,309.0,312.0,309.0,329.0,329.0,289.0,269.0,235.0,214.0,201.0,191.0,170.0,161.0,143.0,138.0,314.0,140.0,133.0,127.0,117.0,98.0,108.0,85.0,78.0,72.0,62.0,297.0,59.0,51.0,38.0,28.0,20.0,15.0,9.0,7.0,4.0,9.0
Nørrebro,2037,,,,,,,,,,,,,,,,,,,,,,,,,,,,,,,,,,,,,,,,,,,,,,,,,,,,,,,,,,,,,,,,,,,,,,,,,,,,,,,,,,,,,,,,,,,,,,,,,,,,,,,,,,,,,,,,,,,,,,,,,,,,,,,,,,,,,,,,,,,,,,,,,,,,,,,,,,,,,,,,,,,,,,,,,,,,,,,,,,,,,,,,,,,,,,,,,,,,,,,,,,,,,,,,,,,671.0,580.0,303.0,289.0,275.0,257.0,261.0,294.0,283.0,278.0,280.0,327.0,520.0,356.0,425.0,551.0,688.0,838.0,966.0,1037.0,1094.0,1099.0,1095.0,456.0,1017.0,980.0,939.0,883.0,845.0,807.0,754.0,711.0,679.0,646.0,412.0,611.0,598.0,570.0,534.0,514.0,499.0,458.0,446.0,417.0,399.0,380.0,388.0,367.0,342.0,344.0,341.0,339.0,334.0,346.0,327.0,332.0,362.0,349.0,360.0,342.0,326.0,329.0,296.0,281.0,282.0,282.0,280.0,340.0,284.0,255.0,250.0,231.0,198.0,188.0,168.0,158.0,140.0,136.0,327.0,137.0,105.0,92.0,88.0,75.0,63.0,54.0,49.0,44.0,40.0,316.0,33.0,23.0,20.0,14.0,8.0,5.0,6.0,5.0,4.0,5.0,647.0,563.0,289.0,279.0,247.0,252.0,258.0,283.0,270.0,286.0,294.0,349.0,497.0,405.0,546.0,740.0,930.0,1112.0,1250.0,1304.0,1330.0,1279.0,1220.0,437.0,1169.0,1079.0,1017.0,965.0,913.0,857.0,799.0,738.0,718.0,674.0,404.0,660.0,638.0,610.0,567.0,553.0,525.0,517.0,512.0,470.0,469.0,377.0,435.0,444.0,415.0,389.0,379.0,404.0,384.0,379.0,381.0,377.0,351.0,376.0,392.0,370.0,352.0,357.0,337.0,322.0,306.0,303.0,302.0,333.0,324.0,282.0,260.0,229.0,208.0,193.0,182.0,165.0,155.0,139.0,319.0,136.0,134.0,128.0,119.0,111.0,93.0,98.0,75.0,72.0,66.0,303.0,55.0,54.0,44.0,28.0,25.0,15.0,9.0,8.0,4.0,9.0
Nørrebro,2038,,,,,,,,,,,,,,,,,,,,,,,,,,,,,,,,,,,,,,,,,,,,,,,,,,,,,,,,,,,,,,,,,,,,,,,,,,,,,,,,,,,,,,,,,,,,,,,,,,,,,,,,,,,,,,,,,,,,,,,,,,,,,,,,,,,,,,,,,,,,,,,,,,,,,,,,,,,,,,,,,,,,,,,,,,,,,,,,,,,,,,,,,,,,,,,,,,,,,,,,,,,,,,,,,,,666.0,576.0,309.0,299.0,286.0,270.0,254.0,262.0,295.0,283.0,290.0,303.0,518.0,370.0,434.0,551.0,655.0,820.0,913.0,1030.0,1062.0,1112.0,1084.0,454.0,1031.0,980.0,931.0,878.0,831.0,791.0,749.0,707.0,665.0,637.0,411.0,612.0,582.0,574.0,549.0,511.0,495.0,478.0,446.0,433.0,412.0,381.0,388.0,378.0,357.0,342.0,336.0,336.0,338.0,330.0,341.0,325.0,364.0,328.0,343.0,354.0,335.0,320.0,324.0,287.0,276.0,276.0,273.0,343.0,273.0,276.0,246.0,244.0,223.0,193.0,178.0,163.0,149.0,134.0,332.0,125.0,125.0,100.0,86.0,81.0,68.0,55.0,51.0,42.0,39.0,321.0,35.0,27.0,17.0,17.0,9.0,6.0,5.0,5.0,5.0,5.0,642.0,559.0,294.0,286.0,274.0,249.0,253.0,259.0,285.0,278.0,303.0,330.0,494.0,418.0,561.0,725.0,913.0,1070.0,1194.0,1292.0,1304.0,1286.0,1217.0,435.0,1166.0,1082.0,1006.0,948.0,887.0,841.0,787.0,746.0,709.0,672.0,404.0,651.0,632.0,611.0,590.0,549.0,540.0,515.0,510.0,505.0,463.0,378.0,459.0,429.0,440.0,413.0,383.0,374.0,400.0,383.0,380.0,377.0,353.0,375.0,370.0,379.0,361.0,347.0,353.0,335.0,318.0,298.0,296.0,336.0,298.0,316.0,273.0,253.0,223.0,199.0,184.0,176.0,159.0,151.0,323.0,137.0,131.0,129.0,120.0,114.0,105.0,85.0,86.0,69.0,66.0,308.0,58.0,51.0,47.0,34.0,25.0,19.0,9.0,8.0,5.0,10.0
Nørrebro,2039,,,,,,,,,,,,,,,,,,,,,,,,,,,,,,,,,,,,,,,,,,,,,,,,,,,,,,,,,,,,,,,,,,,,,,,,,,,,,,,,,,,,,,,,,,,,,,,,,,,,,,,,,,,,,,,,,,,,,,,,,,,,,,,,,,,,,,,,,,,,,,,,,,,,,,,,,,,,,,,,,,,,,,,,,,,,,,,,,,,,,,,,,,,,,,,,,,,,,,,,,,,,,,,,,,,661.0,572.0,314.0,304.0,296.0,281.0,266.0,255.0,264.0,294.0,292.0,311.0,515.0,348.0,447.0,558.0,656.0,784.0,894.0,973.0,1054.0,1079.0,1096.0,452.0,1021.0,993.0,931.0,871.0,827.0,778.0,734.0,703.0,661.0,624.0,410.0,604.0,583.0,560.0,553.0,525.0,493.0,475.0,464.0,434.0,428.0,381.0,401.0,379.0,368.0,356.0,333.0,331.0,334.0,333.0,326.0,337.0,365.0,321.0,322.0,338.0,346.0,330.0,317.0,314.0,282.0,270.0,268.0,345.0,266.0,266.0,266.0,241.0,236.0,216.0,182.0,173.0,154.0,143.0,335.0,124.0,115.0,119.0,93.0,79.0,73.0,59.0,52.0,44.0,37.0,326.0,34.0,29.0,20.0,15.0,11.0,7.0,6.0,5.0,5.0,6.0,637.0,555.0,299.0,291.0,281.0,275.0,251.0,253.0,262.0,292.0,295.0,337.0,491.0,399.0,573.0,738.0,900.0,1049.0,1151.0,1234.0,1293.0,1259.0,1223.0,433.0,1161.0,1079.0,1009.0,938.0,872.0,818.0,772.0,734.0,717.0,663.0,402.0,648.0,624.0,606.0,591.0,571.0,537.0,530.0,509.0,504.0,497.0,378.0,454.0,451.0,425.0,437.0,406.0,378.0,371.0,398.0,384.0,376.0,354.0,375.0,368.0,358.0,370.0,356.0,344.0,351.0,332.0,310.0,291.0,338.0,293.0,291.0,305.0,265.0,245.0,213.0,190.0,178.0,170.0,154.0,326.0,148.0,132.0,126.0,121.0,114.0,107.0,95.0,74.0,78.0,63.0,312.0,58.0,53.0,44.0,36.0,30.0,20.0,11.0,8.0,5.0,11.0
Nørrebro,2040,,,,,,,,,,,,,,,,,,,,,,,,,,,,,,,,,,,,,,,,,,,,,,,,,,,,,,,,,,,,,,,,,,,,,,,,,,,,,,,,,,,,,,,,,,,,,,,,,,,,,,,,,,,,,,,,,,,,,,,,,,,,,,,,,,,,,,,,,,,,,,,,,,,,,,,,,,,,,,,,,,,,,,,,,,,,,,,,,,,,,,,,,,,,,,,,,,,,,,,,,,,,,,,,,,,655.0,568.0,318.0,309.0,301.0,291.0,277.0,267.0,257.0,265.0,304.0,313.0,511.0,355.0,421.0,574.0,662.0,787.0,857.0,955.0,997.0,1071.0,1064.0,449.0,1032.0,984.0,943.0,871.0,821.0,775.0,722.0,689.0,658.0,621.0,408.0,592.0,576.0,560.0,539.0,530.0,506.0,474.0,462.0,451.0,428.0,380.0,416.0,392.0,368.0,367.0,346.0,329.0,330.0,329.0,328.0,322.0,364.0,332.0,315.0,317.0,330.0,340.0,326.0,306.0,308.0,277.0,262.0,346.0,262.0,260.0,256.0,260.0,233.0,229.0,205.0,177.0,163.0,148.0,337.0,132.0,115.0,110.0,110.0,86.0,71.0,63.0,55.0,45.0,39.0,329.0,32.0,28.0,21.0,17.0,10.0,9.0,7.0,6.0,4.0,6.0,631.0,551.0,304.0,296.0,286.0,283.0,275.0,251.0,255.0,270.0,308.0,329.0,487.0,402.0,554.0,753.0,915.0,1039.0,1129.0,1192.0,1235.0,1250.0,1197.0,430.0,1168.0,1075.0,1007.0,940.0,864.0,805.0,752.0,721.0,707.0,671.0,400.0,640.0,621.0,598.0,586.0,573.0,558.0,527.0,523.0,502.0,497.0,376.0,487.0,447.0,446.0,423.0,429.0,400.0,374.0,370.0,398.0,379.0,353.0,374.0,368.0,356.0,351.0,364.0,352.0,343.0,347.0,323.0,302.0,339.0,287.0,286.0,281.0,296.0,258.0,235.0,203.0,184.0,172.0,165.0,328.0,152.0,142.0,127.0,119.0,115.0,108.0,98.0,84.0,68.0,71.0,315.0,55.0,53.0,46.0,33.0,32.0,23.0,11.0,10.0,5.0,11.0
Nørrebro,2041,,,,,,,,,,,,,,,,,,,,,,,,,,,,,,,,,,,,,,,,,,,,,,,,,,,,,,,,,,,,,,,,,,,,,,,,,,,,,,,,,,,,,,,,,,,,,,,,,,,,,,,,,,,,,,,,,,,,,,,,,,,,,,,,,,,,,,,,,,,,,,,,,,,,,,,,,,,,,,,,,,,,,,,,,,,,,,,,,,,,,,,,,,,,,,,,,,,,,,,,,,,,,,,,,,,650.0,563.0,321.0,314.0,306.0,296.0,287.0,277.0,267.0,257.0,277.0,324.0,508.0,354.0,423.0,548.0,684.0,795.0,863.0,919.0,979.0,1015.0,1058.0,447.0,1003.0,995.0,935.0,883.0,822.0,770.0,720.0,679.0,645.0,618.0,406.0,589.0,564.0,553.0,539.0,517.0,511.0,485.0,461.0,450.0,445.0,378.0,417.0,406.0,381.0,368.0,358.0,342.0,327.0,325.0,323.0,324.0,363.0,318.0,325.0,310.0,309.0,324.0,335.0,315.0,301.0,302.0,269.0,346.0,256.0,255.0,250.0,251.0,252.0,227.0,217.0,199.0,168.0,157.0,338.0,137.0,122.0,110.0,102.0,101.0,78.0,62.0,60.0,47.0,40.0,331.0,34.0,26.0,20.0,18.0,11.0,8.0,8.0,7.0,5.0,6.0,626.0,546.0,306.0,300.0,291.0,288.0,283.0,275.0,253.0,262.0,288.0,341.0,484.0,393.0,552.0,735.0,936.0,1057.0,1122.0,1169.0,1195.0,1195.0,1191.0,427.0,1144.0,1082.0,1003.0,939.0,867.0,798.0,741.0,703.0,694.0,661.0,398.0,647.0,614.0,596.0,578.0,568.0,560.0,547.0,520.0,516.0,496.0,375.0,487.0,478.0,443.0,444.0,416.0,422.0,395.0,373.0,370.0,392.0,352.0,377.0,367.0,356.0,348.0,346.0,360.0,351.0,340.0,338.0,315.0,339.0,298.0,280.0,276.0,274.0,288.0,247.0,224.0,197.0,178.0,167.0,329.0,163.0,146.0,137.0,119.0,113.0,108.0,98.0,86.0,77.0,63.0,317.0,63.0,51.0,47.0,35.0,30.0,25.0,13.0,10.0,6.0,12.0
Nørrebro,2042,,,,,,,,,,,,,,,,,,,,,,,,,,,,,,,,,,,,,,,,,,,,,,,,,,,,,,,,,,,,,,,,,,,,,,,,,,,,,,,,,,,,,,,,,,,,,,,,,,,,,,,,,,,,,,,,,,,,,,,,,,,,,,,,,,,,,,,,,,,,,,,,,,,,,,,,,,,,,,,,,,,,,,,,,,,,,,,,,,,,,,,,,,,,,,,,,,,,,,,,,,,,,,,,,,,643.0,558.0,323.0,317.0,310.0,301.0,292.0,287.0,278.0,267.0,268.0,300.0,503.0,362.0,416.0,547.0,659.0,822.0,870.0,925.0,943.0,999.0,1003.0,444.0,998.0,968.0,946.0,876.0,833.0,771.0,716.0,677.0,636.0,606.0,403.0,587.0,561.0,542.0,533.0,516.0,498.0,490.0,472.0,449.0,445.0,376.0,433.0,408.0,395.0,380.0,359.0,353.0,340.0,323.0,320.0,319.0,362.0,320.0,312.0,320.0,303.0,304.0,320.0,324.0,310.0,296.0,293.0,345.0,263.0,250.0,246.0,245.0,243.0,245.0,215.0,211.0,188.0,162.0,337.0,146.0,127.0,117.0,103.0,94.0,91.0,67.0,58.0,51.0,42.0,332.0,35.0,28.0,19.0,18.0,12.0,9.0,8.0,8.0,6.0,7.0,619.0,542.0,308.0,303.0,295.0,293.0,289.0,283.0,276.0,260.0,278.0,323.0,480.0,401.0,540.0,730.0,921.0,1082.0,1141.0,1164.0,1171.0,1157.0,1140.0,424.0,1139.0,1060.0,1010.0,936.0,866.0,801.0,734.0,693.0,677.0,650.0,396.0,639.0,620.0,588.0,576.0,560.0,555.0,549.0,540.0,514.0,509.0,373.0,486.0,479.0,474.0,441.0,436.0,410.0,416.0,392.0,373.0,365.0,351.0,389.0,370.0,355.0,347.0,342.0,343.0,359.0,348.0,331.0,330.0,338.0,311.0,291.0,270.0,269.0,267.0,275.0,236.0,217.0,190.0,173.0,329.0,165.0,157.0,141.0,129.0,114.0,107.0,99.0,86.0,79.0,71.0,318.0,55.0,58.0,45.0,35.0,31.0,23.0,14.0,11.0,6.0,13.0
Nørrebro,2043,,,,,,,,,,,,,,,,,,,,,,,,,,,,,,,,,,,,,,,,,,,,,,,,,,,,,,,,,,,,,,,,,,,,,,,,,,,,,,,,,,,,,,,,,,,,,,,,,,,,,,,,,,,,,,,,,,,,,,,,,,,,,,,,,,,,,,,,,,,,,,,,,,,,,,,,,,,,,,,,,,,,,,,,,,,,,,,,,,,,,,,,,,,,,,,,,,,,,,,,,,,,,,,,,,,633.0,551.0,323.0,318.0,313.0,305.0,296.0,292.0,287.0,277.0,277.0,289.0,498.0,342.0,414.0,533.0,656.0,796.0,898.0,930.0,946.0,960.0,985.0,439.0,944.0,962.0,919.0,884.0,825.0,780.0,715.0,672.0,634.0,597.0,400.0,574.0,558.0,539.0,522.0,510.0,497.0,478.0,476.0,458.0,443.0,373.0,432.0,422.0,396.0,393.0,370.0,354.0,350.0,334.0,317.0,316.0,359.0,314.0,312.0,307.0,313.0,299.0,300.0,310.0,318.0,304.0,287.0,343.0,287.0,256.0,241.0,241.0,237.0,237.0,232.0,209.0,200.0,181.0,336.0,150.0,135.0,121.0,109.0,95.0,86.0,79.0,63.0,50.0,45.0,331.0,37.0,29.0,20.0,17.0,12.0,10.0,9.0,7.0,7.0,8.0,610.0,534.0,309.0,305.0,298.0,297.0,293.0,288.0,284.0,282.0,276.0,309.0,474.0,383.0,540.0,713.0,911.0,1066.0,1166.0,1180.0,1163.0,1131.0,1102.0,420.0,1088.0,1054.0,988.0,940.0,861.0,798.0,736.0,686.0,667.0,633.0,392.0,627.0,612.0,594.0,568.0,557.0,547.0,543.0,542.0,533.0,507.0,370.0,498.0,478.0,474.0,470.0,433.0,428.0,404.0,413.0,391.0,367.0,348.0,362.0,381.0,357.0,347.0,341.0,338.0,342.0,354.0,339.0,323.0,336.0,326.0,303.0,280.0,263.0,261.0,255.0,262.0,228.0,209.0,185.0,327.0,170.0,159.0,151.0,133.0,123.0,108.0,98.0,87.0,80.0,73.0,318.0,62.0,52.0,51.0,34.0,32.0,24.0,14.0,13.0,7.0,14.0
Nørrebro,2044,,,,,,,,,,,,,,,,,,,,,,,,,,,,,,,,,,,,,,,,,,,,,,,,,,,,,,,,,,,,,,,,,,,,,,,,,,,,,,,,,,,,,,,,,,,,,,,,,,,,,,,,,,,,,,,,,,,,,,,,,,,,,,,,,,,,,,,,,,,,,,,,,,,,,,,,,,,,,,,,,,,,,,,,,,,,,,,,,,,,,,,,,,,,,,,,,,,,,,,,,,,,,,,,,,,625.0,543.0,323.0,319.0,314.0,307.0,300.0,296.0,293.0,287.0,286.0,296.0,492.0,326.0,393.0,526.0,643.0,794.0,874.0,961.0,952.0,965.0,948.0,434.0,929.0,911.0,914.0,860.0,833.0,773.0,724.0,672.0,630.0,596.0,396.0,566.0,547.0,536.0,519.0,499.0,491.0,477.0,465.0,463.0,452.0,370.0,431.0,422.0,410.0,395.0,383.0,365.0,352.0,345.0,328.0,313.0,357.0,311.0,307.0,307.0,300.0,307.0,295.0,290.0,304.0,312.0,295.0,341.0,281.0,279.0,248.0,236.0,233.0,232.0,225.0,226.0,199.0,193.0,334.0,168.0,139.0,129.0,113.0,102.0,86.0,74.0,74.0,54.0,44.0,330.0,40.0,30.0,21.0,18.0,11.0,9.0,9.0,8.0,7.0,9.0,602.0,527.0,308.0,305.0,299.0,299.0,297.0,292.0,289.0,291.0,295.0,306.0,469.0,361.0,523.0,711.0,897.0,1058.0,1153.0,1208.0,1180.0,1126.0,1079.0,415.0,1054.0,1009.0,984.0,921.0,866.0,795.0,734.0,687.0,661.0,624.0,388.0,611.0,600.0,586.0,573.0,550.0,544.0,536.0,536.0,535.0,525.0,367.0,496.0,490.0,473.0,471.0,462.0,425.0,422.0,402.0,411.0,385.0,346.0,364.0,355.0,367.0,348.0,341.0,338.0,337.0,338.0,345.0,331.0,334.0,319.0,318.0,293.0,273.0,256.0,250.0,244.0,254.0,221.0,203.0,326.0,182.0,164.0,153.0,142.0,127.0,116.0,99.0,87.0,80.0,73.0,316.0,64.0,57.0,45.0,38.0,30.0,25.0,14.0,12.0,8.0,16.0
Nørrebro,2045,,,,,,,,,,,,,,,,,,,,,,,,,,,,,,,,,,,,,,,,,,,,,,,,,,,,,,,,,,,,,,,,,,,,,,,,,,,,,,,,,,,,,,,,,,,,,,,,,,,,,,,,,,,,,,,,,,,,,,,,,,,,,,,,,,,,,,,,,,,,,,,,,,,,,,,,,,,,,,,,,,,,,,,,,,,,,,,,,,,,,,,,,,,,,,,,,,,,,,,,,,,,,,,,,,,617.0,536.0,322.0,318.0,315.0,309.0,303.0,300.0,297.0,292.0,297.0,304.0,485.0,329.0,367.0,508.0,637.0,780.0,872.0,936.0,983.0,969.0,953.0,429.0,895.0,897.0,866.0,855.0,810.0,781.0,718.0,680.0,629.0,592.0,392.0,565.0,539.0,525.0,516.0,496.0,481.0,471.0,463.0,452.0,457.0,366.0,440.0,422.0,410.0,409.0,385.0,378.0,363.0,347.0,339.0,324.0,354.0,308.0,304.0,302.0,300.0,295.0,303.0,286.0,286.0,299.0,303.0,338.0,289.0,274.0,270.0,243.0,229.0,227.0,220.0,219.0,215.0,193.0,332.0,179.0,156.0,133.0,121.0,105.0,92.0,75.0,70.0,64.0,48.0,328.0,39.0,33.0,22.0,18.0,12.0,9.0,9.0,9.0,7.0,9.0,594.0,520.0,307.0,305.0,300.0,301.0,299.0,297.0,293.0,296.0,306.0,323.0,462.0,354.0,486.0,699.0,895.0,1044.0,1144.0,1195.0,1206.0,1141.0,1074.0,411.0,1032.0,978.0,942.0,917.0,848.0,799.0,731.0,686.0,663.0,619.0,384.0,603.0,585.0,575.0,566.0,555.0,537.0,533.0,529.0,529.0,527.0,363.0,514.0,488.0,485.0,470.0,463.0,453.0,420.0,419.0,401.0,404.0,343.0,381.0,357.0,342.0,357.0,342.0,338.0,337.0,333.0,330.0,337.0,332.0,327.0,312.0,307.0,285.0,266.0,245.0,239.0,236.0,245.0,214.0,324.0,200.0,176.0,158.0,144.0,135.0,120.0,106.0,87.0,80.0,73.0,315.0,65.0,59.0,50.0,34.0,35.0,24.0,14.0,13.0,8.0,17.0
Nørrebro,2046,,,,,,,,,,,,,,,,,,,,,,,,,,,,,,,,,,,,,,,,,,,,,,,,,,,,,,,,,,,,,,,,,,,,,,,,,,,,,,,,,,,,,,,,,,,,,,,,,,,,,,,,,,,,,,,,,,,,,,,,,,,,,,,,,,,,,,,,,,,,,,,,,,,,,,,,,,,,,,,,,,,,,,,,,,,,,,,,,,,,,,,,,,,,,,,,,,,,,,,,,,,,,,,,,,,609.0,529.0,320.0,317.0,315.0,309.0,304.0,302.0,301.0,296.0,302.0,316.0,479.0,335.0,362.0,471.0,625.0,775.0,859.0,934.0,959.0,1001.0,957.0,424.0,899.0,865.0,853.0,811.0,806.0,759.0,725.0,674.0,637.0,592.0,387.0,562.0,538.0,518.0,506.0,494.0,478.0,461.0,458.0,450.0,447.0,363.0,445.0,430.0,410.0,410.0,398.0,380.0,376.0,358.0,341.0,335.0,351.0,318.0,301.0,299.0,294.0,294.0,291.0,293.0,281.0,280.0,290.0,336.0,297.0,281.0,265.0,265.0,236.0,224.0,216.0,214.0,208.0,207.0,330.0,179.0,166.0,149.0,124.0,112.0,96.0,81.0,71.0,60.0,56.0,326.0,42.0,32.0,24.0,19.0,12.0,9.0,9.0,8.0,8.0,10.0,587.0,514.0,305.0,303.0,299.0,301.0,301.0,299.0,298.0,300.0,311.0,335.0,456.0,363.0,472.0,648.0,890.0,1044.0,1131.0,1185.0,1193.0,1166.0,1088.0,405.0,1028.0,958.0,914.0,878.0,845.0,783.0,735.0,683.0,662.0,621.0,380.0,598.0,578.0,561.0,556.0,548.0,542.0,526.0,526.0,522.0,522.0,360.0,517.0,506.0,484.0,482.0,463.0,456.0,447.0,417.0,417.0,395.0,340.0,400.0,373.0,344.0,334.0,351.0,339.0,337.0,333.0,325.0,322.0,329.0,333.0,319.0,301.0,299.0,277.0,254.0,234.0,232.0,229.0,238.0,322.0,211.0,193.0,169.0,149.0,138.0,128.0,109.0,94.0,81.0,74.0,313.0,65.0,60.0,52.0,38.0,31.0,27.0,14.0,13.0,8.0,18.0
Nørrebro,2047,,,,,,,,,,,,,,,,,,,,,,,,,,,,,,,,,,,,,,,,,,,,,,,,,,,,,,,,,,,,,,,,,,,,,,,,,,,,,,,,,,,,,,,,,,,,,,,,,,,,,,,,,,,,,,,,,,,,,,,,,,,,,,,,,,,,,,,,,,,,,,,,,,,,,,,,,,,,,,,,,,,,,,,,,,,,,,,,,,,,,,,,,,,,,,,,,,,,,,,,,,,,,,,,,,,603.0,523.0,318.0,316.0,313.0,309.0,305.0,304.0,303.0,300.0,306.0,321.0,473.0,346.0,360.0,461.0,584.0,770.0,853.0,922.0,957.0,979.0,988.0,419.0,903.0,869.0,824.0,799.0,765.0,755.0,705.0,681.0,632.0,600.0,382.0,562.0,535.0,517.0,499.0,484.0,476.0,458.0,448.0,445.0,445.0,359.0,435.0,435.0,418.0,410.0,399.0,393.0,378.0,370.0,352.0,336.0,347.0,329.0,311.0,296.0,292.0,289.0,290.0,282.0,289.0,276.0,272.0,333.0,284.0,289.0,272.0,260.0,257.0,230.0,213.0,211.0,204.0,202.0,327.0,193.0,167.0,159.0,139.0,116.0,102.0,84.0,76.0,62.0,54.0,324.0,49.0,35.0,24.0,21.0,13.0,10.0,9.0,8.0,8.0,11.0,581.0,507.0,304.0,302.0,298.0,301.0,301.0,300.0,300.0,304.0,315.0,340.0,451.0,374.0,472.0,632.0,829.0,1044.0,1130.0,1172.0,1182.0,1155.0,1113.0,400.0,1041.0,954.0,895.0,853.0,810.0,780.0,720.0,687.0,659.0,620.0,375.0,600.0,573.0,554.0,542.0,538.0,535.0,531.0,519.0,519.0,514.0,355.0,511.0,508.0,501.0,481.0,474.0,455.0,450.0,444.0,416.0,410.0,337.0,391.0,391.0,360.0,335.0,328.0,347.0,338.0,333.0,325.0,317.0,326.0,319.0,325.0,308.0,294.0,291.0,266.0,243.0,227.0,225.0,223.0,319.0,233.0,203.0,186.0,160.0,142.0,130.0,117.0,97.0,87.0,74.0,311.0,65.0,60.0,52.0,40.0,35.0,24.0,16.0,13.0,8.0,19.0
Nørrebro,2048,,,,,,,,,,,,,,,,,,,,,,,,,,,,,,,,,,,,,,,,,,,,,,,,,,,,,,,,,,,,,,,,,,,,,,,,,,,,,,,,,,,,,,,,,,,,,,,,,,,,,,,,,,,,,,,,,,,,,,,,,,,,,,,,,,,,,,,,,,,,,,,,,,,,,,,,,,,,,,,,,,,,,,,,,,,,,,,,,,,,,,,,,,,,,,,,,,,,,,,,,,,,,,,,,,,598.0,517.0,316.0,314.0,312.0,308.0,305.0,305.0,305.0,303.0,310.0,325.0,468.0,349.0,366.0,456.0,573.0,721.0,853.0,916.0,944.0,976.0,967.0,413.0,933.0,873.0,828.0,772.0,754.0,717.0,702.0,662.0,638.0,594.0,378.0,569.0,535.0,515.0,498.0,478.0,466.0,457.0,446.0,436.0,440.0,354.0,432.0,425.0,423.0,417.0,400.0,394.0,391.0,373.0,364.0,347.0,343.0,331.0,322.0,306.0,289.0,287.0,285.0,281.0,278.0,283.0,269.0,329.0,267.0,277.0,279.0,267.0,253.0,251.0,219.0,208.0,200.0,198.0,324.0,188.0,180.0,160.0,148.0,130.0,106.0,90.0,79.0,66.0,55.0,322.0,47.0,41.0,26.0,20.0,14.0,11.0,10.0,8.0,7.0,11.0,576.0,502.0,302.0,300.0,297.0,300.0,301.0,301.0,302.0,307.0,320.0,344.0,445.0,374.0,485.0,628.0,812.0,977.0,1134.0,1172.0,1170.0,1144.0,1102.0,395.0,1064.0,965.0,892.0,836.0,787.0,748.0,718.0,673.0,663.0,617.0,370.0,599.0,575.0,550.0,535.0,525.0,525.0,524.0,524.0,512.0,512.0,351.0,504.0,503.0,504.0,498.0,473.0,466.0,449.0,447.0,442.0,410.0,333.0,406.0,383.0,377.0,350.0,329.0,325.0,346.0,334.0,325.0,317.0,323.0,314.0,312.0,314.0,300.0,287.0,279.0,254.0,235.0,220.0,218.0,316.0,220.0,225.0,196.0,175.0,152.0,135.0,119.0,104.0,90.0,80.0,308.0,66.0,61.0,53.0,40.0,36.0,27.0,14.0,14.0,8.0,20.0
Nørrebro,2049,,,,,,,,,,,,,,,,,,,,,,,,,,,,,,,,,,,,,,,,,,,,,,,,,,,,,,,,,,,,,,,,,,,,,,,,,,,,,,,,,,,,,,,,,,,,,,,,,,,,,,,,,,,,,,,,,,,,,,,,,,,,,,,,,,,,,,,,,,,,,,,,,,,,,,,,,,,,,,,,,,,,,,,,,,,,,,,,,,,,,,,,,,,,,,,,,,,,,,,,,,,,,,,,,,,594.0,513.0,314.0,312.0,310.0,307.0,304.0,304.0,306.0,304.0,312.0,329.0,463.0,351.0,363.0,466.0,569.0,710.0,802.0,919.0,938.0,964.0,964.0,408.0,913.0,902.0,832.0,776.0,728.0,707.0,666.0,659.0,621.0,601.0,373.0,564.0,542.0,515.0,496.0,477.0,460.0,448.0,444.0,433.0,431.0,350.0,428.0,422.0,414.0,423.0,407.0,395.0,392.0,385.0,367.0,359.0,339.0,342.0,324.0,317.0,298.0,284.0,283.0,276.0,276.0,273.0,275.0,326.0,264.0,260.0,268.0,275.0,259.0,247.0,239.0,214.0,198.0,194.0,321.0,184.0,175.0,173.0,150.0,138.0,119.0,93.0,85.0,68.0,59.0,319.0,48.0,39.0,30.0,23.0,14.0,11.0,10.0,9.0,8.0,11.0,572.0,498.0,299.0,298.0,295.0,298.0,300.0,301.0,302.0,308.0,322.0,347.0,441.0,373.0,483.0,649.0,807.0,960.0,1063.0,1179.0,1168.0,1133.0,1093.0,390.0,1054.0,987.0,903.0,833.0,771.0,727.0,688.0,671.0,649.0,621.0,366.0,597.0,574.0,551.0,531.0,519.0,513.0,515.0,518.0,517.0,505.0,347.0,501.0,496.0,498.0,501.0,489.0,465.0,460.0,446.0,446.0,435.0,329.0,405.0,397.0,369.0,366.0,344.0,326.0,324.0,341.0,325.0,317.0,319.0,314.0,306.0,301.0,306.0,293.0,275.0,266.0,246.0,228.0,214.0,313.0,215.0,212.0,216.0,184.0,167.0,144.0,123.0,106.0,96.0,82.0,306.0,71.0,61.0,54.0,41.0,36.0,28.0,16.0,13.0,9.0,20.0
Nørrebro,2050,,,,,,,,,,,,,,,,,,,,,,,,,,,,,,,,,,,,,,,,,,,,,,,,,,,,,,,,,,,,,,,,,,,,,,,,,,,,,,,,,,,,,,,,,,,,,,,,,,,,,,,,,,,,,,,,,,,,,,,,,,,,,,,,,,,,,,,,,,,,,,,,,,,,,,,,,,,,,,,,,,,,,,,,,,,,,,,,,,,,,,,,,,,,,,,,,,,,,,,,,,,,,,,,,,,590.0,509.0,311.0,309.0,308.0,305.0,302.0,303.0,305.0,305.0,314.0,331.0,459.0,353.0,360.0,463.0,585.0,707.0,790.0,864.0,944.0,958.0,953.0,405.0,911.0,884.0,860.0,780.0,733.0,684.0,657.0,626.0,618.0,584.0,369.0,570.0,538.0,522.0,496.0,475.0,460.0,442.0,435.0,432.0,428.0,346.0,419.0,418.0,411.0,414.0,412.0,402.0,394.0,387.0,379.0,363.0,335.0,354.0,335.0,319.0,309.0,293.0,281.0,274.0,271.0,271.0,265.0,322.0,270.0,257.0,252.0,264.0,267.0,254.0,235.0,233.0,204.0,192.0,318.0,181.0,172.0,168.0,161.0,141.0,126.0,104.0,88.0,73.0,61.0,316.0,52.0,40.0,29.0,26.0,15.0,11.0,11.0,10.0,9.0,12.0,568.0,494.0,297.0,296.0,293.0,297.0,299.0,300.0,302.0,309.0,324.0,350.0,437.0,372.0,480.0,649.0,838.0,954.0,1046.0,1106.0,1176.0,1132.0,1083.0,387.0,1045.0,979.0,923.0,843.0,769.0,713.0,669.0,644.0,648.0,609.0,361.0,600.0,572.0,551.0,533.0,515.0,507.0,502.0,508.0,511.0,510.0,343.0,494.0,493.0,491.0,495.0,493.0,481.0,460.0,457.0,446.0,439.0,325.0,431.0,397.0,383.0,359.0,359.0,340.0,325.0,320.0,333.0,318.0,316.0,314.0,306.0,296.0,294.0,299.0,281.0,263.0,258.0,239.0,222.0,310.0,211.0,208.0,205.0,203.0,176.0,158.0,132.0,110.0,98.0,88.0,303.0,73.0,66.0,54.0,41.0,37.0,28.0,16.0,15.0,8.0,21.0
Nørrebro,2051,,,,,,,,,,,,,,,,,,,,,,,,,,,,,,,,,,,,,,,,,,,,,,,,,,,,,,,,,,,,,,,,,,,,,,,,,,,,,,,,,,,,,,,,,,,,,,,,,,,,,,,,,,,,,,,,,,,,,,,,,,,,,,,,,,,,,,,,,,,,,,,,,,,,,,,,,,,,,,,,,,,,,,,,,,,,,,,,,,,,,,,,,,,,,,,,,,,,,,,,,,,,,,,,,,,585.0,506.0,308.0,307.0,306.0,303.0,301.0,302.0,304.0,305.0,315.0,333.0,456.0,353.0,356.0,459.0,585.0,728.0,786.0,851.0,887.0,965.0,946.0,401.0,901.0,882.0,843.0,805.0,736.0,688.0,635.0,618.0,587.0,582.0,365.0,554.0,543.0,517.0,503.0,475.0,458.0,442.0,430.0,423.0,427.0,342.0,416.0,409.0,406.0,411.0,404.0,407.0,400.0,389.0,381.0,374.0,331.0,358.0,346.0,330.0,311.0,304.0,289.0,271.0,270.0,266.0,264.0,318.0,261.0,263.0,249.0,248.0,256.0,260.0,242.0,230.0,222.0,198.0,314.0,179.0,169.0,165.0,158.0,151.0,129.0,111.0,98.0,76.0,66.0,313.0,54.0,43.0,30.0,25.0,17.0,13.0,11.0,10.0,9.0,12.0,563.0,491.0,294.0,294.0,291.0,295.0,297.0,298.0,301.0,309.0,325.0,351.0,433.0,370.0,477.0,646.0,839.0,992.0,1038.0,1088.0,1102.0,1139.0,1081.0,383.0,1035.0,970.0,916.0,861.0,778.0,710.0,656.0,626.0,621.0,607.0,358.0,588.0,575.0,548.0,532.0,517.0,503.0,497.0,496.0,502.0,504.0,338.0,499.0,486.0,488.0,488.0,487.0,485.0,475.0,457.0,456.0,439.0,321.0,435.0,421.0,383.0,372.0,353.0,355.0,338.0,321.0,312.0,325.0,312.0,314.0,306.0,296.0,288.0,287.0,287.0,269.0,255.0,251.0,232.0,306.0,218.0,204.0,200.0,193.0,194.0,167.0,145.0,118.0,102.0,90.0,300.0,78.0,68.0,58.0,41.0,37.0,29.0,17.0,15.0,9.0,21.0
Nørrebro,2052,,,,,,,,,,,,,,,,,,,,,,,,,,,,,,,,,,,,,,,,,,,,,,,,,,,,,,,,,,,,,,,,,,,,,,,,,,,,,,,,,,,,,,,,,,,,,,,,,,,,,,,,,,,,,,,,,,,,,,,,,,,,,,,,,,,,,,,,,,,,,,,,,,,,,,,,,,,,,,,,,,,,,,,,,,,,,,,,,,,,,,,,,,,,,,,,,,,,,,,,,,,,,,,,,,,580.0,501.0,305.0,304.0,303.0,301.0,299.0,300.0,303.0,304.0,314.0,333.0,452.0,351.0,351.0,456.0,583.0,730.0,811.0,846.0,873.0,908.0,953.0,398.0,894.0,872.0,841.0,789.0,759.0,690.0,639.0,597.0,580.0,553.0,362.0,552.0,528.0,522.0,498.0,482.0,457.0,440.0,430.0,418.0,418.0,338.0,415.0,407.0,398.0,406.0,400.0,399.0,406.0,394.0,383.0,376.0,327.0,369.0,350.0,341.0,321.0,307.0,300.0,280.0,267.0,265.0,259.0,314.0,259.0,254.0,255.0,245.0,241.0,251.0,249.0,236.0,220.0,216.0,310.0,186.0,168.0,162.0,155.0,148.0,139.0,114.0,105.0,85.0,68.0,309.0,58.0,45.0,32.0,26.0,17.0,14.0,12.0,10.0,10.0,13.0,559.0,487.0,291.0,291.0,289.0,293.0,295.0,297.0,299.0,308.0,324.0,351.0,430.0,365.0,472.0,644.0,838.0,996.0,1080.0,1078.0,1083.0,1069.0,1089.0,380.0,1033.0,961.0,907.0,854.0,794.0,718.0,654.0,613.0,604.0,583.0,355.0,587.0,564.0,552.0,530.0,516.0,505.0,493.0,490.0,490.0,495.0,335.0,494.0,491.0,481.0,485.0,480.0,479.0,479.0,472.0,456.0,449.0,317.0,435.0,426.0,406.0,372.0,365.0,349.0,353.0,334.0,313.0,305.0,308.0,321.0,307.0,296.0,289.0,282.0,275.0,274.0,261.0,248.0,244.0,303.0,228.0,211.0,196.0,189.0,185.0,183.0,153.0,129.0,109.0,94.0,296.0,81.0,73.0,60.0,45.0,37.0,29.0,17.0,16.0,9.0,22.0
Nørrebro,2053,,,,,,,,,,,,,,,,,,,,,,,,,,,,,,,,,,,,,,,,,,,,,,,,,,,,,,,,,,,,,,,,,,,,,,,,,,,,,,,,,,,,,,,,,,,,,,,,,,,,,,,,,,,,,,,,,,,,,,,,,,,,,,,,,,,,,,,,,,,,,,,,,,,,,,,,,,,,,,,,,,,,,,,,,,,,,,,,,,,,,,,,,,,,,,,,,,,,,,,,,,,,,,,,,,,576.0,498.0,301.0,301.0,301.0,298.0,297.0,299.0,301.0,302.0,313.0,333.0,449.0,349.0,345.0,451.0,582.0,730.0,814.0,874.0,868.0,894.0,898.0,395.0,902.0,866.0,833.0,787.0,745.0,712.0,641.0,600.0,560.0,546.0,359.0,525.0,526.0,508.0,503.0,477.0,464.0,439.0,428.0,418.0,413.0,336.0,407.0,406.0,396.0,398.0,396.0,396.0,397.0,400.0,388.0,379.0,324.0,371.0,361.0,345.0,332.0,316.0,303.0,290.0,275.0,262.0,258.0,311.0,254.0,252.0,246.0,251.0,239.0,236.0,240.0,243.0,226.0,214.0,306.0,202.0,174.0,161.0,152.0,145.0,136.0,122.0,108.0,91.0,76.0,305.0,60.0,48.0,33.0,28.0,17.0,14.0,14.0,12.0,10.0,14.0,555.0,483.0,287.0,288.0,286.0,290.0,293.0,295.0,298.0,306.0,323.0,350.0,427.0,360.0,466.0,640.0,839.0,997.0,1085.0,1121.0,1072.0,1051.0,1023.0,377.0,1042.0,959.0,899.0,847.0,788.0,734.0,661.0,612.0,592.0,567.0,352.0,563.0,562.0,541.0,533.0,514.0,504.0,495.0,487.0,484.0,483.0,332.0,484.0,486.0,486.0,478.0,477.0,472.0,473.0,476.0,471.0,449.0,314.0,444.0,426.0,410.0,395.0,366.0,361.0,348.0,349.0,325.0,306.0,305.0,301.0,313.0,296.0,289.0,282.0,270.0,264.0,266.0,254.0,242.0,299.0,240.0,221.0,203.0,185.0,180.0,175.0,168.0,136.0,119.0,101.0,292.0,83.0,75.0,64.0,46.0,41.0,30.0,18.0,16.0,10.0,23.0
Nørrebro,2054,,,,,,,,,,,,,,,,,,,,,,,,,,,,,,,,,,,,,,,,,,,,,,,,,,,,,,,,,,,,,,,,,,,,,,,,,,,,,,,,,,,,,,,,,,,,,,,,,,,,,,,,,,,,,,,,,,,,,,,,,,,,,,,,,,,,,,,,,,,,,,,,,,,,,,,,,,,,,,,,,,,,,,,,,,,,,,,,,,,,,,,,,,,,,,,,,,,,,,,,,,,,,,,,,,,571.0,494.0,298.0,297.0,298.0,296.0,294.0,296.0,300.0,301.0,312.0,332.0,445.0,346.0,339.0,445.0,579.0,730.0,815.0,877.0,895.0,888.0,884.0,392.0,850.0,875.0,827.0,780.0,744.0,700.0,661.0,603.0,563.0,528.0,357.0,518.0,500.0,506.0,489.0,482.0,460.0,446.0,427.0,416.0,413.0,333.0,401.0,397.0,395.0,396.0,388.0,392.0,394.0,393.0,394.0,384.0,322.0,374.0,363.0,356.0,336.0,327.0,312.0,293.0,286.0,270.0,255.0,308.0,254.0,248.0,244.0,243.0,244.0,234.0,226.0,234.0,232.0,220.0,303.0,200.0,190.0,167.0,151.0,143.0,134.0,120.0,116.0,94.0,81.0,302.0,68.0,50.0,36.0,29.0,19.0,15.0,14.0,13.0,11.0,14.0,550.0,479.0,284.0,284.0,283.0,288.0,290.0,293.0,296.0,305.0,322.0,349.0,423.0,354.0,459.0,634.0,837.0,1000.0,1087.0,1126.0,1114.0,1040.0,1006.0,374.0,979.0,967.0,898.0,839.0,781.0,728.0,675.0,619.0,591.0,556.0,350.0,548.0,539.0,539.0,523.0,517.0,502.0,494.0,489.0,481.0,478.0,330.0,473.0,477.0,481.0,483.0,470.0,469.0,466.0,470.0,475.0,464.0,312.0,445.0,436.0,411.0,400.0,388.0,362.0,360.0,344.0,340.0,318.0,302.0,302.0,294.0,302.0,289.0,282.0,271.0,259.0,256.0,259.0,247.0,296.0,238.0,232.0,213.0,192.0,177.0,170.0,161.0,150.0,127.0,110.0,289.0,90.0,78.0,67.0,50.0,42.0,32.0,18.0,16.0,10.0,24.0
Nørrebro,2055,,,,,,,,,,,,,,,,,,,,,,,,,,,,,,,,,,,,,,,,,,,,,,,,,,,,,,,,,,,,,,,,,,,,,,,,,,,,,,,,,,,,,,,,,,,,,,,,,,,,,,,,,,,,,,,,,,,,,,,,,,,,,,,,,,,,,,,,,,,,,,,,,,,,,,,,,,,,,,,,,,,,,,,,,,,,,,,,,,,,,,,,,,,,,,,,,,,,,,,,,,,,,,,,,,,567.0,490.0,294.0,294.0,294.0,293.0,291.0,294.0,297.0,299.0,311.0,330.0,442.0,342.0,333.0,438.0,575.0,730.0,817.0,878.0,898.0,916.0,877.0,389.0,837.0,825.0,836.0,774.0,737.0,698.0,650.0,622.0,566.0,531.0,354.0,501.0,493.0,480.0,488.0,469.0,464.0,442.0,434.0,416.0,411.0,331.0,402.0,392.0,387.0,395.0,386.0,384.0,390.0,389.0,387.0,390.0,319.0,379.0,367.0,358.0,347.0,331.0,323.0,302.0,289.0,281.0,263.0,305.0,251.0,247.0,240.0,241.0,236.0,239.0,224.0,221.0,224.0,226.0,300.0,206.0,188.0,182.0,158.0,142.0,132.0,118.0,114.0,101.0,84.0,298.0,73.0,57.0,38.0,31.0,20.0,16.0,14.0,13.0,12.0,15.0,546.0,475.0,281.0,281.0,280.0,285.0,288.0,290.0,294.0,303.0,321.0,347.0,420.0,347.0,452.0,628.0,834.0,1001.0,1091.0,1128.0,1118.0,1080.0,996.0,372.0,963.0,910.0,906.0,838.0,775.0,722.0,670.0,632.0,598.0,555.0,347.0,537.0,525.0,517.0,522.0,507.0,505.0,492.0,488.0,483.0,475.0,328.0,468.0,465.0,472.0,478.0,475.0,462.0,463.0,463.0,470.0,468.0,309.0,459.0,437.0,420.0,400.0,393.0,383.0,361.0,355.0,335.0,332.0,299.0,314.0,295.0,284.0,295.0,283.0,271.0,259.0,251.0,250.0,252.0,293.0,243.0,231.0,224.0,201.0,183.0,167.0,157.0,144.0,139.0,117.0,286.0,98.0,84.0,69.0,51.0,45.0,33.0,19.0,17.0,10.0,24.0
Nørrebro,2056,,,,,,,,,,,,,,,,,,,,,,,,,,,,,,,,,,,,,,,,,,,,,,,,,,,,,,,,,,,,,,,,,,,,,,,,,,,,,,,,,,,,,,,,,,,,,,,,,,,,,,,,,,,,,,,,,,,,,,,,,,,,,,,,,,,,,,,,,,,,,,,,,,,,,,,,,,,,,,,,,,,,,,,,,,,,,,,,,,,,,,,,,,,,,,,,,,,,,,,,,,,,,,,,,,,563.0,486.0,291.0,290.0,291.0,289.0,288.0,291.0,295.0,297.0,309.0,328.0,439.0,338.0,326.0,432.0,571.0,727.0,817.0,880.0,899.0,919.0,905.0,387.0,832.0,813.0,790.0,783.0,731.0,692.0,648.0,611.0,584.0,534.0,351.0,504.0,477.0,474.0,463.0,467.0,451.0,446.0,430.0,422.0,411.0,328.0,400.0,393.0,382.0,387.0,385.0,381.0,382.0,385.0,383.0,383.0,317.0,385.0,371.0,361.0,350.0,342.0,327.0,313.0,298.0,284.0,273.0,303.0,259.0,245.0,239.0,236.0,234.0,232.0,229.0,219.0,211.0,219.0,298.0,212.0,194.0,181.0,172.0,149.0,131.0,117.0,112.0,99.0,91.0,295.0,75.0,61.0,43.0,33.0,21.0,17.0,15.0,13.0,12.0,17.0,542.0,472.0,278.0,278.0,276.0,281.0,285.0,288.0,291.0,300.0,319.0,345.0,417.0,341.0,444.0,621.0,830.0,1000.0,1092.0,1132.0,1119.0,1084.0,1035.0,369.0,953.0,895.0,853.0,846.0,774.0,716.0,665.0,628.0,611.0,561.0,344.0,536.0,515.0,503.0,500.0,506.0,495.0,496.0,486.0,483.0,477.0,325.0,466.0,461.0,461.0,469.0,470.0,467.0,457.0,460.0,462.0,463.0,307.0,463.0,450.0,421.0,409.0,393.0,388.0,382.0,356.0,346.0,328.0,297.0,328.0,307.0,285.0,277.0,288.0,272.0,260.0,252.0,245.0,243.0,291.0,249.0,236.0,222.0,212.0,192.0,173.0,153.0,140.0,134.0,128.0,283.0,104.0,91.0,74.0,53.0,47.0,36.0,20.0,18.0,11.0,25.0
Nørrebro,2057,,,,,,,,,,,,,,,,,,,,,,,,,,,,,,,,,,,,,,,,,,,,,,,,,,,,,,,,,,,,,,,,,,,,,,,,,,,,,,,,,,,,,,,,,,,,,,,,,,,,,,,,,,,,,,,,,,,,,,,,,,,,,,,,,,,,,,,,,,,,,,,,,,,,,,,,,,,,,,,,,,,,,,,,,,,,,,,,,,,,,,,,,,,,,,,,,,,,,,,,,,,,,,,,,,,560.0,483.0,289.0,287.0,287.0,286.0,285.0,289.0,293.0,295.0,307.0,326.0,435.0,333.0,320.0,425.0,566.0,724.0,816.0,881.0,901.0,920.0,908.0,384.0,858.0,808.0,779.0,740.0,741.0,687.0,643.0,610.0,574.0,551.0,349.0,506.0,480.0,459.0,457.0,443.0,450.0,434.0,434.0,418.0,417.0,326.0,400.0,391.0,382.0,382.0,378.0,381.0,380.0,378.0,379.0,379.0,315.0,378.0,377.0,366.0,353.0,344.0,338.0,317.0,308.0,293.0,277.0,301.0,269.0,253.0,237.0,236.0,230.0,230.0,222.0,225.0,210.0,206.0,296.0,205.0,199.0,186.0,171.0,162.0,137.0,116.0,110.0,98.0,90.0,293.0,81.0,63.0,46.0,37.0,22.0,18.0,16.0,14.0,13.0,17.0,540.0,469.0,275.0,275.0,273.0,278.0,282.0,285.0,289.0,298.0,317.0,342.0,414.0,334.0,436.0,614.0,825.0,997.0,1092.0,1133.0,1121.0,1085.0,1039.0,366.0,990.0,886.0,840.0,797.0,781.0,715.0,660.0,623.0,607.0,574.0,342.0,543.0,514.0,494.0,487.0,485.0,494.0,485.0,489.0,480.0,476.0,323.0,467.0,458.0,457.0,458.0,461.0,462.0,461.0,453.0,459.0,455.0,305.0,458.0,455.0,434.0,410.0,402.0,389.0,387.0,377.0,348.0,338.0,295.0,324.0,320.0,295.0,278.0,271.0,277.0,260.0,252.0,245.0,238.0,289.0,240.0,241.0,227.0,210.0,203.0,181.0,158.0,137.0,130.0,124.0,281.0,114.0,97.0,81.0,58.0,48.0,37.0,22.0,19.0,12.0,26.0
Nørrebro,2058,,,,,,,,,,,,,,,,,,,,,,,,,,,,,,,,,,,,,,,,,,,,,,,,,,,,,,,,,,,,,,,,,,,,,,,,,,,,,,,,,,,,,,,,,,,,,,,,,,,,,,,,,,,,,,,,,,,,,,,,,,,,,,,,,,,,,,,,,,,,,,,,,,,,,,,,,,,,,,,,,,,,,,,,,,,,,,,,,,,,,,,,,,,,,,,,,,,,,,,,,,,,,,,,,,,559.0,480.0,286.0,285.0,284.0,283.0,282.0,285.0,290.0,292.0,304.0,324.0,433.0,329.0,313.0,418.0,561.0,721.0,814.0,880.0,902.0,923.0,910.0,381.0,862.0,834.0,774.0,730.0,700.0,696.0,639.0,605.0,573.0,542.0,346.0,523.0,483.0,462.0,442.0,438.0,427.0,433.0,422.0,423.0,413.0,324.0,406.0,391.0,381.0,383.0,373.0,373.0,380.0,375.0,372.0,376.0,313.0,374.0,371.0,372.0,357.0,348.0,340.0,327.0,313.0,303.0,286.0,299.0,273.0,262.0,244.0,234.0,230.0,226.0,220.0,218.0,215.0,205.0,294.0,194.0,193.0,192.0,176.0,161.0,149.0,122.0,110.0,96.0,88.0,291.0,80.0,68.0,48.0,40.0,25.0,19.0,17.0,15.0,14.0,18.0,538.0,467.0,273.0,272.0,270.0,275.0,278.0,282.0,286.0,295.0,314.0,340.0,411.0,328.0,429.0,607.0,819.0,994.0,1090.0,1133.0,1123.0,1089.0,1041.0,363.0,994.0,920.0,833.0,786.0,737.0,723.0,659.0,618.0,603.0,570.0,339.0,555.0,520.0,493.0,477.0,472.0,474.0,485.0,479.0,484.0,474.0,321.0,467.0,460.0,454.0,454.0,450.0,454.0,457.0,458.0,453.0,453.0,303.0,451.0,450.0,438.0,423.0,403.0,398.0,388.0,383.0,368.0,340.0,293.0,335.0,316.0,308.0,289.0,272.0,261.0,265.0,253.0,246.0,239.0,287.0,235.0,233.0,232.0,215.0,202.0,191.0,166.0,142.0,127.0,120.0,279.0,111.0,106.0,86.0,63.0,52.0,38.0,23.0,20.0,12.0,27.0
Nørrebro,2059,,,,,,,,,,,,,,,,,,,,,,,,,,,,,,,,,,,,,,,,,,,,,,,,,,,,,,,,,,,,,,,,,,,,,,,,,,,,,,,,,,,,,,,,,,,,,,,,,,,,,,,,,,,,,,,,,,,,,,,,,,,,,,,,,,,,,,,,,,,,,,,,,,,,,,,,,,,,,,,,,,,,,,,,,,,,,,,,,,,,,,,,,,,,,,,,,,,,,,,,,,,,,,,,,,,557.0,479.0,285.0,283.0,282.0,280.0,279.0,282.0,287.0,289.0,302.0,322.0,431.0,324.0,308.0,412.0,555.0,716.0,812.0,878.0,901.0,924.0,912.0,379.0,863.0,838.0,800.0,726.0,691.0,659.0,647.0,601.0,569.0,542.0,344.0,515.0,499.0,465.0,446.0,424.0,422.0,410.0,421.0,411.0,418.0,322.0,402.0,397.0,381.0,382.0,374.0,369.0,372.0,375.0,370.0,368.0,311.0,371.0,367.0,366.0,364.0,352.0,345.0,330.0,323.0,308.0,296.0,297.0,282.0,266.0,254.0,241.0,228.0,226.0,217.0,216.0,209.0,210.0,292.0,193.0,182.0,186.0,181.0,166.0,149.0,133.0,116.0,96.0,87.0,290.0,79.0,67.0,51.0,42.0,27.0,21.0,18.0,16.0,15.0,19.0,537.0,465.0,271.0,270.0,268.0,272.0,275.0,278.0,283.0,293.0,312.0,337.0,409.0,322.0,422.0,600.0,813.0,989.0,1087.0,1131.0,1122.0,1090.0,1044.0,361.0,996.0,924.0,865.0,778.0,727.0,682.0,667.0,618.0,598.0,566.0,337.0,552.0,532.0,499.0,477.0,463.0,461.0,465.0,479.0,474.0,478.0,319.0,465.0,460.0,456.0,452.0,447.0,443.0,448.0,454.0,457.0,446.0,301.0,448.0,442.0,434.0,427.0,415.0,399.0,397.0,384.0,374.0,360.0,292.0,336.0,327.0,305.0,301.0,283.0,261.0,250.0,257.0,247.0,240.0,285.0,236.0,228.0,225.0,220.0,206.0,190.0,176.0,149.0,132.0,117.0,278.0,108.0,103.0,94.0,67.0,57.0,41.0,23.0,21.0,13.0,28.0
Nørrebro,2060,,,,,,,,,,,,,,,,,,,,,,,,,,,,,,,,,,,,,,,,,,,,,,,,,,,,,,,,,,,,,,,,,,,,,,,,,,,,,,,,,,,,,,,,,,,,,,,,,,,,,,,,,,,,,,,,,,,,,,,,,,,,,,,,,,,,,,,,,,,,,,,,,,,,,,,,,,,,,,,,,,,,,,,,,,,,,,,,,,,,,,,,,,,,,,,,,,,,,,,,,,,,,,,,,,,557.0,478.0,283.0,281.0,280.0,277.0,276.0,279.0,283.0,286.0,299.0,319.0,430.0,320.0,302.0,405.0,549.0,711.0,808.0,875.0,899.0,924.0,913.0,377.0,866.0,840.0,803.0,749.0,687.0,650.0,613.0,610.0,566.0,538.0,342.0,515.0,491.0,480.0,448.0,427.0,408.0,406.0,399.0,410.0,406.0,320.0,407.0,393.0,387.0,382.0,373.0,370.0,368.0,368.0,370.0,366.0,309.0,364.0,364.0,362.0,358.0,359.0,348.0,334.0,326.0,318.0,301.0,296.0,292.0,275.0,258.0,251.0,236.0,224.0,217.0,213.0,207.0,204.0,290.0,198.0,182.0,176.0,176.0,171.0,154.0,133.0,126.0,101.0,87.0,288.0,78.0,66.0,51.0,45.0,28.0,23.0,21.0,17.0,15.0,20.0,537.0,464.0,270.0,269.0,266.0,270.0,273.0,275.0,280.0,289.0,309.0,333.0,408.0,317.0,415.0,592.0,806.0,984.0,1083.0,1128.0,1119.0,1089.0,1046.0,360.0,999.0,926.0,868.0,808.0,720.0,673.0,629.0,625.0,599.0,563.0,335.0,548.0,529.0,511.0,483.0,463.0,452.0,452.0,459.0,473.0,468.0,317.0,468.0,458.0,456.0,453.0,445.0,440.0,438.0,445.0,453.0,450.0,299.0,442.0,440.0,426.0,423.0,420.0,411.0,398.0,392.0,375.0,366.0,290.0,356.0,329.0,315.0,298.0,295.0,271.0,251.0,243.0,251.0,241.0,284.0,237.0,229.0,220.0,213.0,211.0,195.0,175.0,158.0,139.0,122.0,276.0,105.0,100.0,92.0,73.0,61.0,45.0,26.0,22.0,13.0,29.0
Valby,1986,150.0,168.0,,,,0.0,0.0,0.0,0.0,,0.0,0.0,0.0,,24.0,32.0,9.0,23.0,,10.0,,,0.0,,0.0,,,,,,93.0,69.0,113.0,120.0,168.0,123.0,138.0,66.0,45.0,,,37.0,,,,,67.0,71.0,,,94.0,76.0,52.0,91.0,139.0,341.0,1678.0,1551.0,1858.0,1894.0,3486.0,3549.0,2775.0,2554.0,2081.0,2083.0,2034.0,2355.0,4950.0,8535.0,,,,,,,,,,,,,,,,,,,,,,,,,,,,,,,,,,,,,,,,,,,,,,,,,,,,,,,,,,,,,,,,,,,,,,,,,,,,,,,,,,,,,,,,,,,,,,,,,,,,,,,,,,,,,,,,,,,,,,,,,,,,,,,,,,,,,,,,,,,,,,,,,,,,,,,,,,,,,,,,,,,,,,,,,,,,,,,,,,,,,,,,,,,,,,,,,,,,,,,,,,,,,,,,,,,,,,,,,,,,,,,,,,,,,,,,,,,,,,,,,,,,,,,,,,,,,,,,,,,,,,,,,,,,,,,,,,,,,,,,,,,,,,,,,,,,,,,,,,,,,,,,,,,,,,,,,,,,,,,,,,,,,,,,,,,,,,,,,,,,
Valby,1987,157.0,169.0,,,,0.0,,,0.0,,0.0,0.0,0.0,,23.0,29.0,,,,11.0,,,0.0,,,,,,51.0,36.0,102.0,83.0,126.0,131.0,185.0,151.0,149.0,70.0,,,,,5.0,6.0,20.0,12.0,72.0,64.0,108.0,132.0,97.0,82.0,53.0,87.0,130.0,345.0,1661.0,1507.0,1809.0,1788.0,3559.0,3691.0,2661.0,2531.0,2179.0,2052.0,1907.0,2247.0,4887.0,8476.0,,,,,,,,,,,,,,,,,,,,,,,,,,,,,,,1462408.0,86421.0,16922.0,1438193.0,69441.0,20711.0,1887611.0,155654.0,12127.0,1335675.0,117453.0,11372.0,1568498.0,92232.0,17006.0,1757702.0,83848.0,20963.0,2465529.0,145751.0,16916.0,2136716.0,103293.0,20686.0,2048472.0,123566.0,16578.0,1814178.0,89757.0,20212.0,,,,,,,,,,,,,,,,,,,,,,,,,,,,,,,,,,,,,,,,,,,,,,,,,,,,,,,,,,,,,,,,,,,,,,,,,,,,,,,,,,,,,,,,,,,,,,,,,,,,,,,,,,,,,,,,,,,,,,,,,,,,,,,,,,,,,,,,,,,,,,,,,,,,,,,,,,,,,,,,,,,,,,,,,,,,,,,,,,,,,,,,,,,,,,,,,,,,,,,,,,,,,,,,,,,,,,,,,,,,,,,,,,,,,,,,,,,,,,,,,,,,,,,,,,,,,,,,,,,,,,,,,,,,,,,,,,,,,,,,
Valby,1988,172.0,197.0,,,,0.0,0.0,,0.0,,0.0,0.0,0.0,,21.0,30.0,,,,13.0,10.0,,0.0,,0.0,0.0,,,,,92.0,93.0,144.0,119.0,178.0,173.0,174.0,74.0,60.0,33.0,,,,,,,81.0,70.0,109.0,121.0,113.0,87.0,55.0,82.0,122.0,336.0,1656.0,1516.0,1691.0,1727.0,3685.0,3807.0,2680.0,2536.0,2294.0,2101.0,1804.0,2156.0,4723.0,8306.0,,,,,,,,,,,,,,,,,,,,,,,,,,,,,,,1522171.0,89524.0,17003.0,1521156.0,73821.0,20606.0,1953817.0,162845.0,11998.0,1415871.0,125922.0,11244.0,1638752.0,96131.0,17047.0,1836592.0,88281.0,20804.0,2583233.0,152673.0,16920.0,2272972.0,110618.0,20548.0,2154236.0,129563.0,16627.0,1915737.0,95216.0,20120.0,,,,,,,,,,,,,,,,,,,,,,,,,,,,,,,,,,,,,,,,,,,,,,,,,,,,,,,,,,,,,,,,,,,,,,,,,,,,,,,,,,,,,,,,,,,,,,,,,,,,,,,,,,,,,,,,,,,,,,,,,,,,,,,,,,,,,,,,,,,,,,,,,,,,,,,,,,,,,,,,,,,,,,,,,,,,,,,,,,,,,,,,,,,,,,,,,,,,,,,,,,,,,,,,,,,,,,,,,,,,,,,,,,,,,,,,,,,,,,,,,,,,,,,,,,,,,,,,,,,,,,,,,,,,,,,,,,,,,,,,
Valby,1989,165.0,178.0,69.0,,0.0,,0.0,0.0,0.0,,0.0,0.0,0.0,,20.0,27.0,,,14.0,,9.0,4.0,,,0.0,,,,,,79.0,98.0,170.0,129.0,188.0,168.0,187.0,82.0,66.0,,,,,,,,86.0,77.0,108.0,126.0,,,58.0,80.0,116.0,313.0,1670.0,1508.0,1620.0,1654.0,3729.0,3936.0,2712.0,2546.0,2360.0,2129.0,1760.0,2084.0,4610.0,8120.0,,,,,,,,,,,,,,,,,,,,,,,,,,,,,,,1573924.0,92513.0,17013.0,1598606.0,77712.0,20571.0,1979146.0,166609.0,11879.0,1461906.0,131254.0,11138.0,1703459.0,99781.0,17072.0,1913237.0,92151.0,20762.0,2653683.0,157293.0,16871.0,2378584.0,116068.0,20493.0,2214911.0,134957.0,16412.0,1996683.0,100114.0,19944.0,,,,,,,,,,,,,,,,,,,,,,,,,,,,,,,,,,,,,,,,,,,,,,,,,,,,,,,,,,,,,,,,,,,,,,,,,,,,,,,,,,,,,,,,,,,,,,,,,,,,,,,,,,,,,,,,,,,,,,,,,,,,,,,,,,,,,,,,,,,,,,,,,,,,,,,,,,,,,,,,,,,,,,,,,,,,,,,,,,,,,,,,,,,,,,,,,,,,,,,,,,,,,,,,,,,,,,,,,,,,,,,,,,,,,,,,,,,,,,,,,,,,,,,,,,,,,,,,,,,,,,,,,,,,,,,,,,,,,,,,
Valby,1990,188.0,198.0,,,,,0.0,0.0,0.0,,0.0,0.0,0.0,,20.0,30.0,,,,,11.0,5.0,3.0,,0.0,,,,,,97.0,93.0,199.0,163.0,201.0,172.0,209.0,97.0,70.0,,,,,,,,76.0,88.0,118.0,112.0,114.0,106.0,63.0,76.0,115.0,314.0,1661.0,1567.0,1620.0,1639.0,3782.0,3968.0,2718.0,2556.0,2385.0,2185.0,1755.0,1992.0,4455.0,7986.0,,,,,,,,,,,,,,,,,,,,,,,,,,,,,,,1605467.0,95043.0,16892.0,1641434.0,80372.0,20423.0,2000452.0,171580.0,11659.0,1499778.0,136841.0,10960.0,1736232.0,102408.0,16954.0,1955425.0,94919.0,20601.0,2703043.0,160695.0,16821.0,2449677.0,120348.0,20355.0,2244671.0,137600.0,16313.0,2041002.0,103305.0,19757.0,,,,,,,,,,,,,,,,,,,,,,,,,,,,,,,,,,,,,,,,,,,,,,,,,,,,,,,,,,,,,,,,,,,,,,,,,,,,,,,,,,,,,,,,,,,,,,,,,,,,,,,,,,,,,,,,,,,,,,,,,,,,,,,,,,,,,,,,,,,,,,,,,,,,,,,,,,,,,,,,,,,,,,,,,,,,,,,,,,,,,,,,,,,,,,,,,,,,,,,,,,,,,,,,,,,,,,,,,,,,,,,,,,,,,,,,,,,,,,,,,,,,,,,,,,,,,,,,,,,,,,,,,,,,,,,,,,,,,,,,
Valby,1991,192.0,211.0,,,,,0.0,0.0,0.0,,0.0,0.0,0.0,,24.0,27.0,,,,,13.0,8.0,,,,0.0,,,,37.0,101.0,106.0,218.0,181.0,215.0,185.0,216.0,111.0,82.0,,,,,9.0,17.0,,79.0,77.0,108.0,108.0,,,,,110.0,315.0,1666.0,1624.0,1616.0,1585.0,3766.0,3939.0,2698.0,2597.0,2366.0,2203.0,1731.0,1925.0,4343.0,7805.0,,,,,,,,,,,,,,,,,,,,,,,,,,,,,,,1638948.0,96762.0,16938.0,1679303.0,82505.0,20354.0,2002126.0,173209.0,11559.0,1533975.0,138671.0,11062.0,1774360.0,104282.0,17015.0,1992845.0,97136.0,20516.0,2772704.0,163804.0,16927.0,2537909.0,124952.0,20311.0,2283453.0,139806.0,16333.0,2103448.0,107226.0,19617.0,,,,,,,,,,,,,,,,,,,,,,,,,,,,,,,,,,,,,,,,,,,,,,,,,,,,,,,,,,,,,,,,,,,,,,,,,,,,,,,,,,,,,,,,,,,,,,,,,,,,,,,,,,,,,,,,,,,,,,,,,,,,,,,,,,,,,,,,,,,,,,,,,,,,,,,,,,,,,,,,,,,,,,,,,,,,,,,,,,,,,,,,,,,,,,,,,,,,,,,,,,,,,,,,,,,,,,,,,,,,,,,,,,,,,,,,,,,,,,,,,,,,,,,,,,,,,,,,,,,,,,,,,,,,,,,,,,,,,,,,
Valby,1992,220.0,205.0,131.0,137.0,5.0,,0.0,0.0,0.0,,0.0,0.0,0.0,,20.0,26.0,,,10.0,,12.0,7.0,4.0,,0.0,0.0,,,,,130.0,114.0,244.0,220.0,238.0,211.0,218.0,120.0,93.0,50.0,,,,,,,74.0,76.0,99.0,113.0,118.0,122.0,73.0,60.0,111.0,310.0,1745.0,1683.0,1537.0,1474.0,3816.0,4009.0,2703.0,2594.0,2437.0,2279.0,1718.0,1870.0,4246.0,7582.0,,,,,,,,,,,,,,,,,,,,,,,,,,,,,,,1683815.0,99311.0,16955.0,1744892.0,86087.0,20269.0,2019621.0,176017.0,11474.0,1581030.0,143144.0,11045.0,1827299.0,107324.0,17026.0,2053337.0,100467.0,20438.0,2824153.0,166705.0,16941.0,2613041.0,129128.0,20236.0,2342144.0,143128.0,16364.0,2164760.0,110792.0,19539.0,,,,,,,,,,,,,,,,,,,,,,,,,,,,,,,,,,,,,,,,,,,,,,,,,,,,,,,,,,,,,,,,,,,,,,,,,,,,,,,,,,,,,,,,,,,,,,,,,,,,,,,,,,,,,,,,,,,,,,,,,,,,,,,,,,,,,,,,,,,,,,,,,,,,,,,,,,,,,,,,,,,,,,,,,,,,,,,,,,,,,,,,,,,,,,,,,,,,,,,,,,,,,,,,,,,,,,,,,,,,,,,,,,,,,,,,,,,,,,,,,,,,,,,,,,,,,,,,,,,,,,,,,,,,,,,,,,,,,,,,
Valby,1993,243.0,232.0,154.0,153.0,10.0,,0.0,0.0,0.0,,0.0,0.0,0.0,,19.0,32.0,19.0,24.0,8.0,,12.0,9.0,,,,,,,,,129.0,114.0,274.0,254.0,261.0,233.0,223.0,144.0,106.0,60.0,,,,,11.0,16.0,75.0,69.0,113.0,131.0,,,,,102.0,305.0,1818.0,1746.0,1496.0,1441.0,3792.0,4062.0,2865.0,2659.0,2438.0,2283.0,1733.0,1859.0,4072.0,7297.0,,,,,,,,,,,,,,,,,,,,,,,,,,,,,,,1717523.0,101888.0,16857.0,1777741.0,88608.0,20063.0,2014338.0,175343.0,11488.0,1593853.0,144045.0,11065.0,1866084.0,110197.0,16934.0,2091991.0,103426.0,20227.0,2838269.0,168513.0,16843.0,2642455.0,131931.0,20029.0,2354269.0,145298.0,16203.0,2185886.0,113147.0,19319.0,,,,,,,,,,,,,,,,,,,,,,,,,,,,,,,,,,,,,,,,,,,,,,,,,,,,,,,,,,,,,,,,,,,,,,,,,,,,,,,,,,,,,,,,,,,,,,,,,,,,,,,,,,,,,,,,,,,,,,,,,,,,,,,,,,,,,,,,,,,,,,,,,,,,,,,,,,,,,,,,,,,,,,,,,,,,,,,,,,,,,,,,,,,,,,,,,,,,,,,,,,,,,,,,,,,,,,,,,,,,,,,,,,,,,,,,,,,,,,,,,,,,,,,,,,,,,,,,,,,,,,,,,,,,,,,,,,,,,,,,
Valby,1994,275.0,242.0,154.0,172.0,21.0,,0.0,0.0,0.0,,0.0,0.0,0.0,,18.0,32.0,,,13.0,,13.0,15.0,,,,,,,,,133.0,126.0,280.0,274.0,316.0,245.0,226.0,165.0,116.0,68.0,,,,,,,74.0,79.0,112.0,108.0,,,,,101.0,286.0,1868.0,1793.0,1498.0,1407.0,3665.0,4022.0,2942.0,2745.0,2455.0,2281.0,1786.0,1883.0,3820.0,6956.0,,,,,,,,,,,,,,,,,,,,,,,,,,,,,,,1837288.0,107981.0,17015.0,1894367.0,94690.0,20006.0,2160724.0,180497.0,11971.0,1662159.0,144335.0,11516.0,2004212.0,117343.0,17080.0,2213327.0,109870.0,20145.0,3033141.0,178525.0,16990.0,2904239.0,145386.0,19976.0,2552613.0,151221.0,16880.0,2455371.0,123940.0,19811.0,,,,,,,,,,,,,,,,,,,,,,,,,,,,,,,,,,,,,,,,,,,,,,,,,,,,,,,,,,,,,,,,,,,,,,,,,,,,,,,,,,,,,,,,,,,,,,,,,,,,,,,,,,,,,,,,,,,,,,,,,,,,,,,,,,,,,,,,,,,,,,,,,,,,,,,,,,,,,,,,,,,,,,,,,,,,,,,,,,,,,,,,,,,,,,,,,,,,,,,,,,,,,,,,,,,,,,,,,,,,,,,,,,,,,,,,,,,,,,,,,,,,,,,,,,,,,,,,,,,,,,,,,,,,,,,,,,,,,,,,
Valby,1995,289.0,259.0,166.0,172.0,24.0,,0.0,0.0,0.0,0.0,0.0,0.0,0.0,,18.0,33.0,,,16.0,,12.0,14.0,,,,,,,,,133.0,120.0,272.0,282.0,330.0,266.0,256.0,180.0,130.0,75.0,,,,,,,84.0,79.0,109.0,108.0,,,,,102.0,268.0,1914.0,1852.0,1451.0,1369.0,3674.0,4015.0,3112.0,2827.0,2394.0,2275.0,1875.0,1910.0,3652.0,6738.0,,,,,,,,,,,,,,,,,,,,,,,,,,,,,,,1960778.0,112417.0,17442.0,1998525.0,98561.0,20277.0,2310948.0,189858.0,12172.0,1729798.0,152742.0,11325.0,2134723.0,121782.0,17529.0,2330771.0,114086.0,20430.0,3204708.0,184073.0,17410.0,3030753.0,149704.0,20245.0,2669140.0,155381.0,17178.0,2528371.0,126577.0,19975.0,,,,,,,,,,,,,,,,,,,,,,,,,,,,,,,,,,,,,,,,,,,,,,,,,,,,,,,,,,,,,,,,,,,,,,,,,,,,,,,,,,,,,,,,,,,,,,,,,,,,,,,,,,,,,,,,,,,,,,,,,,,,,,,,,,,,,,,,,,,,,,,,,,,,,,,,,,,,,,,,,,,,,,,,,,,,,,,,,,,,,,,,,,,,,,,,,,,,,,,,,,,,,,,,,,,,,,,,,,,,,,,,,,,,,,,,,,,,,,,,,,,,,,,,,,,,,,,,,,,,,,,,,,,,,,,,,,,,,,,,
Valby,1996,368.0,329.0,193.0,178.0,42.0,,0.0,,0.0,0.0,0.0,0.0,0.0,,22.0,32.0,18.0,25.0,14.0,,11.0,,,,,,,,,,174.0,158.0,330.0,378.0,416.0,322.0,269.0,206.0,161.0,89.0,,,,,10.0,19.0,98.0,87.0,125.0,103.0,,,,,102.0,253.0,2010.0,2003.0,1437.0,1346.0,3792.0,4111.0,3307.0,2985.0,2415.0,2252.0,1910.0,1982.0,3541.0,6554.0,,,,,,,,,,,,,,,,,,,,,,,,,,,,,,,2032231.0,115935.0,17529.0,2088553.0,102945.0,20288.0,2395268.0,190282.0,12588.0,1831903.0,157868.0,11604.0,2216052.0,125876.0,17605.0,2417755.0,118367.0,20426.0,3289520.0,188102.0,17488.0,3149685.0,155525.0,20252.0,2741841.0,158470.0,17302.0,2621345.0,130884.0,20028.0,,,,,,,,,,,,,,,,,,,,,,,,,,,,,,,,,,,,,,,,,,,,,,,,,,,,,,,,,,,,,,,,,,,,,,,,,,,,,,,,,,,,,,,,,,,,,,,,,,,,,,,,,,,,,,,,,,,,,,,,,,,,,,,,,,,,,,,,,,,,,,,,,,,,,,,,,,,,,,,,,,,,,,,,,,,,,,,,,,,,,,,,,,,,,,,,,,,,,,,,,,,,,,,,,,,,,,,,,,,,,,,,,,,,,,,,,,,,,,,,,,,,,,,,,,,,,,,,,,,,,,,,,,,,,,,,,,,,,,,,
Valby,1997,428.0,383.0,198.0,186.0,52.0,,0.0,,0.0,0.0,0.0,0.0,0.0,,23.0,34.0,,,20.0,,12.0,,12.0,3.0,,,0.0,,74.0,64.0,193.0,170.0,351.0,415.0,482.0,351.0,279.0,216.0,181.0,96.0,85.0,74.0,9.0,8.0,,,92.0,102.0,142.0,87.0,104.0,135.0,,,96.0,242.0,2017.0,2043.0,1427.0,1325.0,3820.0,4081.0,3308.0,3115.0,2365.0,2272.0,1984.0,1978.0,3418.0,6363.0,,,,,,,,,,,,,,,,,,,,,,,,,,,,,,,2122855.0,119631.0,17745.0,2144947.0,105861.0,20262.0,2561266.0,198702.0,12890.0,1923867.0,164279.0,11711.0,2307907.0,129345.0,17843.0,2482346.0,121761.0,20387.0,3441225.0,194376.0,17704.0,3231469.0,159736.0,20230.0,2824315.0,162149.0,17418.0,2649322.0,132585.0,19982.0,,,,,,,,,,,,,,,,,,,,,,,,,,,,,,,,,,,,,,,,,,,,,,,,,,,,,,,,,,,,,,,,,,,,,,,,,,,,,,,,,,,,,,,,,,,,,,,,,,,,,,,,,,,,,,,,,,,,,,,,,,,,,,,,,,,,,,,,,,,,,,,,,,,,,,,,,,,,,,,,,,,,,,,,,,,,,,,,,,,,,,,,,,,,,,,,,,,,,,,,,,,,,,,,,,,,,,,,,,,,,,,,,,,,,,,,,,,,,,,,,,,,,,,,,,,,,,,,,,,,,,,,,,,,,,,,,,,,,,,,
Valby,1998,466.0,436.0,208.0,203.0,79.0,,0.0,0.0,0.0,0.0,0.0,0.0,0.0,,21.0,30.0,19.0,32.0,23.0,,11.0,14.0,11.0,3.0,,,,,,,216.0,193.0,375.0,420.0,517.0,405.0,285.0,240.0,216.0,103.0,,,,,11.0,19.0,95.0,98.0,137.0,95.0,109.0,143.0,,,99.0,228.0,2060.0,2027.0,1400.0,1317.0,3904.0,4088.0,3364.0,3147.0,2367.0,2298.0,2069.0,1997.0,3292.0,6162.0,,,,,,,,,,,,,,,,,,,,,,,,,,,,,,,2272197.0,126839.0,17914.0,2243398.0,110692.0,20267.0,2789733.0,209298.0,13329.0,2058944.0,169530.0,12145.0,2455839.0,136489.0,17993.0,2614193.0,128367.0,20365.0,3674251.0,205461.0,17883.0,3360254.0,166020.0,20240.0,2995597.0,168624.0,17765.0,2741075.0,136460.0,20087.0,0.0,0.0,5612.0,7844.0,0.0,0.0,0.0,0.0,0.0,0.0,0.0,0.0,0.0,0.0,0.0,0.0,2103.0,2982.0,0.0,0.0,0.0,0.0,116.0,818.0,0.0,0.0,0.0,0.0,0.0,0.0,0.0,0.0,0.0,0.0,0.0,0.0,540.0,976.0,0.0,0.0,0.0,0.0,41.0,382.0,0.0,0.0,0.0,0.0,0.0,0.0,0.0,0.0,0.0,0.0,0.0,0.0,289.0,959.0,0.0,0.0,0.0,0.0,2.0,94.0,0.0,0.0,0.0,0.0,0.0,0.0,0.0,0.0,0.0,0.0,0.0,0.0,61.0,267.0,0.0,0.0,,,,,,,,,,,,,,,,,,,,,,,,,,,,,,,,,,,,,,,,,,,,,,,,,,,,,,,,,,,,,,,,,,,,,,,,,,,,,,,,,,,,,,,,,,,,,,,,,,,,,,,,,,,,,,,,,,,,,,,,,,,,,,,,,,,,,,,,,,,,,,,,,,,,,,,,,,,,,,,,,,,,,,,,,,,,,,,,,,,,,,,,,,,,,,,,,,,,,,,,
Valby,1999,501.0,472.0,210.0,212.0,,98.0,,0.0,0.0,0.0,0.0,0.0,0.0,0.0,25.0,31.0,18.0,32.0,,24.0,,17.0,11.0,4.0,,,,,,,217.0,217.0,373.0,441.0,571.0,449.0,309.0,258.0,220.0,113.0,,,,,14.0,16.0,133.0,121.0,150.0,103.0,107.0,129.0,,,92.0,209.0,2058.0,2002.0,1408.0,1356.0,3936.0,4120.0,3410.0,3223.0,2342.0,2252.0,2134.0,2041.0,3194.0,5943.0,,,,,,,,,,,,,,,,,,,,,,,,,,,,,,,2355838.0,131574.0,17905.0,2323791.0,115130.0,20184.0,2960449.0,220698.0,13414.0,2187405.0,177492.0,12324.0,2549829.0,141689.0,17996.0,2699685.0,132976.0,20302.0,3815404.0,213581.0,17864.0,3473842.0,172331.0,20158.0,3136502.0,177153.0,17705.0,2838314.0,142221.0,19957.0,0.0,0.0,5657.0,7685.0,0.0,0.0,0.0,0.0,0.0,0.0,0.0,0.0,0.0,0.0,0.0,0.0,2197.0,2924.0,0.0,0.0,0.0,0.0,124.0,797.0,0.0,0.0,0.0,0.0,0.0,0.0,0.0,0.0,0.0,0.0,0.0,0.0,561.0,972.0,0.0,0.0,0.0,0.0,36.0,370.0,0.0,0.0,0.0,0.0,0.0,0.0,0.0,0.0,0.0,0.0,0.0,0.0,314.0,980.0,0.0,0.0,0.0,0.0,2.0,86.0,0.0,0.0,0.0,0.0,0.0,0.0,0.0,0.0,0.0,0.0,0.0,0.0,66.0,272.0,0.0,0.0,,,,,,,,,,,,,,,,,,,,,,,,,,,,,,,,,,,,,,,,,,,,,,,,,,,,,,,,,,,,,,,,,,,,,,,,,,,,,,,,,,,,,,,,,,,,,,,,,,,,,,,,,,,,,,,,,,,,,,,,,,,,,,,,,,,,,,,,,,,,,,,,,,,,,,,,,,,,,,,,,,,,,,,,,,,,,,,,,,,,,,,,,,,,,,,,,,,,,,,,
Valby,2000,538.0,508.0,222.0,222.0,,124.0,,0.0,0.0,0.0,0.0,0.0,0.0,0.0,33.0,34.0,17.0,31.0,,26.0,,16.0,12.0,5.0,,,,,,,230.0,231.0,357.0,451.0,584.0,522.0,304.0,273.0,232.0,120.0,,,,,14.0,23.0,138.0,143.0,164.0,111.0,102.0,119.0,,,101.0,194.0,2034.0,1993.0,1420.0,1343.0,4001.0,4157.0,3356.0,3199.0,2380.0,2242.0,2133.0,2041.0,3128.0,5745.0,,,,,,,,,,,,,,,,,,,,,,,,,,,,,,,2456925.0,136968.0,17938.0,2406794.0,120358.0,19997.0,3115991.0,230729.0,13505.0,2301736.0,185116.0,12434.0,2656126.0,147325.0,18029.0,2800904.0,139162.0,20127.0,3991552.0,223254.0,17879.0,3592454.0,179902.0,19969.0,3214651.0,182443.0,17620.0,2880221.0,146145.0,19708.0,0.0,0.0,5704.0,7561.0,0.0,0.0,0.0,0.0,0.0,0.0,0.0,0.0,0.0,0.0,0.0,0.0,2198.0,2828.0,0.0,0.0,0.0,0.0,129.0,804.0,0.0,0.0,0.0,0.0,0.0,0.0,0.0,0.0,0.0,0.0,0.0,0.0,534.0,946.0,0.0,0.0,0.0,0.0,38.0,390.0,0.0,0.0,0.0,0.0,0.0,0.0,0.0,0.0,0.0,0.0,0.0,0.0,308.0,1006.0,0.0,0.0,0.0,0.0,2.0,90.0,0.0,0.0,0.0,0.0,0.0,0.0,0.0,0.0,0.0,0.0,0.0,0.0,73.0,288.0,0.0,0.0,,,,,,,,,,,,,,,,,,,,,,,,,,,,,,,,,,,,,,,,,,,,,,,,,,,,,,,,,,,,,,,,,,,,,,,,,,,,,,,,,,,,,,,,,,,,,,,,,,,,,,,,,,,,,,,,,,,,,,,,,,,,,,,,,,,,,,,,,,,,,,,,,,,,,,,,,,,,,,,,,,,,,,,,,,,,,,,,,,,,,,,,,,,,,,,,,,,,,,,,
Valby,2001,577.0,531.0,232.0,244.0,,,,,0.0,0.0,0.0,0.0,0.0,0.0,32.0,34.0,17.0,27.0,,,,,13.0,5.0,,,,,,,219.0,231.0,335.0,468.0,577.0,539.0,358.0,296.0,230.0,144.0,,,,,7.0,19.0,131.0,154.0,162.0,116.0,108.0,111.0,,,95.0,188.0,2045.0,1973.0,1430.0,1373.0,3996.0,4115.0,3407.0,3197.0,2404.0,2220.0,2145.0,2071.0,3056.0,5539.0,,,,,,,,,,,,,,,,,,,,,,,,,,,,,,,2559529.0,142338.0,17982.0,2500444.0,125129.0,19983.0,3238299.0,237499.0,13635.0,2443654.0,195009.0,12531.0,2774748.0,153343.0,18095.0,2902639.0,144202.0,20129.0,4153654.0,231828.0,17917.0,3758435.0,188355.0,19954.0,3333141.0,189372.0,17601.0,3007496.0,153178.0,19634.0,0.0,0.0,5722.0,7428.0,0.0,0.0,0.0,0.0,0.0,0.0,0.0,0.0,0.0,0.0,0.0,0.0,2190.0,2788.0,0.0,0.0,0.0,0.0,126.0,776.0,0.0,0.0,0.0,0.0,0.0,0.0,0.0,0.0,0.0,0.0,0.0,0.0,531.0,912.0,0.0,0.0,0.0,0.0,31.0,398.0,0.0,0.0,0.0,0.0,0.0,0.0,0.0,0.0,0.0,0.0,0.0,0.0,323.0,1071.0,0.0,0.0,0.0,0.0,1.0,94.0,0.0,0.0,0.0,0.0,0.0,0.0,0.0,0.0,0.0,0.0,0.0,0.0,67.0,301.0,0.0,0.0,,,,,,,,,,,,,,,,,,,,,,,,,,,,,,,,,,,,,,,,,,,,,,,,,,,,,,,,,,,,,,,,,,,,,,,,,,,,,,,,,,,,,,,,,,,,,,,,,,,,,,,,,,,,,,,,,,,,,,,,,,,,,,,,,,,,,,,,,,,,,,,,,,,,,,,,,,,,,,,,,,,,,,,,,,,,,,,,,,,,,,,,,,,,,,,,,,,,,,,,
Valby,2002,593.0,558.0,259.0,258.0,138.0,128.0,,4.0,,0.0,0.0,0.0,0.0,0.0,37.0,29.0,,,19.0,26.0,,16.0,,5.0,,,3.0,3.0,51.0,57.0,223.0,233.0,361.0,473.0,596.0,564.0,379.0,318.0,254.0,144.0,138.0,119.0,7.0,10.0,,,131.0,161.0,184.0,126.0,107.0,112.0,,,97.0,180.0,2021.0,1928.0,1434.0,1448.0,3972.0,4109.0,3443.0,3202.0,2361.0,2208.0,2167.0,2125.0,2973.0,5342.0,,,,,,,,,,,,,,,,,,,,,,,,,,,,,,,2670978.0,148165.0,18027.0,2623095.0,132133.0,19852.0,3283044.0,242685.0,13528.0,2521969.0,200714.0,12565.0,2899845.0,160053.0,18118.0,3040471.0,152206.0,19976.0,4241122.0,236208.0,17955.0,3871078.0,195194.0,19832.0,3398747.0,193111.0,17600.0,3072043.0,157524.0,19502.0,0.0,0.0,5725.25,7332.5,0.0,0.0,0.0,0.0,0.0,0.0,0.0,0.0,0.0,0.0,0.0,0.0,2187.5,2722.0,0.0,0.0,0.0,0.0,141.75,780.5,0.0,0.0,0.0,0.0,0.0,0.0,0.0,0.0,0.0,0.0,0.0,0.0,548.5,904.5,0.0,0.0,0.0,0.0,27.5,402.75,0.0,0.0,0.0,0.0,0.0,0.0,0.0,0.0,0.0,0.0,0.0,0.0,304.25,1062.0,0.0,0.0,0.0,0.0,5.25,96.5,0.0,0.0,0.0,0.0,0.0,0.0,0.0,0.0,0.0,0.0,0.0,0.0,68.75,326.25,0.0,0.0,,,,,,,,,,,,,,,,,,,,,,,,,,,,,,,,,,,,,,,,,,,,,,,,,,,,,,,,,,,,,,,,,,,,,,,,,,,,,,,,,,,,,,,,,,,,,,,,,,,,,,,,,,,,,,,,,,,,,,,,,,,,,,,,,,,,,,,,,,,,,,,,,,,,,,,,,,,,,,,,,,,,,,,,,,,,,,,,,,,,,,,,,,,,,,,,,,,,,,,,
Valby,2003,604.0,570.0,288.0,283.0,145.0,152.0,,12.0,,0.0,0.0,0.0,0.0,0.0,43.0,30.0,16.0,29.0,19.0,22.0,,16.0,,8.0,8.0,0.0,3.0,4.0,43.0,53.0,210.0,233.0,379.0,484.0,604.0,569.0,433.0,349.0,264.0,161.0,143.0,124.0,8.0,10.0,7.0,19.0,130.0,186.0,172.0,138.0,119.0,106.0,101.0,114.0,98.0,176.0,2032.0,1904.0,1458.0,1463.0,3813.0,4007.0,3490.0,3188.0,2405.0,2271.0,2173.0,2099.0,2951.0,5123.0,,,,,,,,,,,,,,,,,,,,,,,,,,,,,,,2742133.0,151835.0,18060.0,2715320.0,137429.0,19758.0,3305768.0,246295.0,13422.0,2570547.0,203931.0,12605.0,2988857.0,164521.0,18167.0,3131716.0,157412.0,19895.0,4291592.0,238409.0,18001.0,3966003.0,200922.0,19739.0,3460509.0,196141.0,17643.0,3154522.0,162546.0,19407.0,0.0,0.0,5774.5,7198.25,0.0,0.0,0.0,0.0,0.0,0.0,0.0,0.0,0.0,0.0,0.0,0.0,2140.0,2689.5,0.0,0.0,0.0,0.0,142.25,807.5,0.0,0.0,0.0,0.0,0.0,0.0,0.0,0.0,0.0,0.0,0.0,0.0,527.75,938.75,0.0,0.0,0.0,0.0,34.5,422.5,0.0,0.0,0.0,0.0,0.0,0.0,0.0,0.0,0.0,0.0,0.0,0.0,316.0,1063.25,0.0,0.0,0.0,0.0,4.75,90.25,0.0,0.0,0.0,0.0,0.0,0.0,0.0,0.0,0.0,0.0,0.0,0.0,64.5,328.5,0.0,0.0,,,,,,,,,,,,,,,,,,,,,,,,,,,,,,,,,,,,,,,,,,,,,,,,,,,,,,,,,,,,,,,,,,,,,,,,,,,,,,,,,,,,,,,,,,,,,,,,,,,,,,,,,,,,,,,,,,,,,,,,,,,,,,,,,,,,,,,,,,,,,,,,,,,,,,,,,,,,,,,,,,,,,,,,,,,,,,,,,,,,,,,,,,,,,,,,,,,,,,,,
Valby,2004,619.0,584.0,325.0,298.0,148.0,170.0,24.0,23.0,0.0,0.0,0.0,0.0,0.0,0.0,42.0,31.0,20.0,29.0,22.0,24.0,16.0,21.0,11.0,10.0,11.0,0.0,3.0,4.0,44.0,52.0,203.0,224.0,372.0,452.0,617.0,597.0,451.0,368.0,265.0,185.0,160.0,128.0,13.0,10.0,5.0,18.0,119.0,195.0,175.0,134.0,118.0,102.0,106.0,119.0,98.0,178.0,2004.0,1924.0,1493.0,1477.0,3731.0,3920.0,3565.0,3183.0,2401.0,2305.0,2178.0,2089.0,2891.0,4985.0,,,,,,,,,,,,,,,,,,,,,,,,,,,,,,,2897185.0,160216.0,18083.0,2846272.0,144254.0,19731.0,3403167.0,253684.0,13415.0,2677823.0,210174.0,12741.0,3158737.0,173662.0,18189.0,3286315.0,165658.0,19838.0,4416548.0,245541.0,17987.0,4080560.0,207072.0,19706.0,3525891.0,200141.0,17617.0,3223574.0,166344.0,19379.0,0.0,0.0,5827.5,7105.75,0.0,0.0,0.0,0.0,0.0,0.0,0.0,0.0,0.0,0.0,0.0,0.0,2139.75,2572.0,0.0,0.0,0.0,0.0,144.25,802.25,0.0,0.0,0.0,0.0,0.0,0.0,0.0,0.0,0.0,0.0,0.0,0.0,519.25,950.0,0.0,0.0,0.0,0.0,35.0,419.75,0.0,0.0,0.0,0.0,0.0,0.0,0.0,0.0,0.0,0.0,0.0,0.0,299.25,1079.75,0.0,0.0,0.0,0.0,6.25,98.25,0.0,0.0,0.0,0.0,0.0,0.0,0.0,0.0,0.0,0.0,0.0,0.0,52.5,332.0,0.0,0.0,,,,,,,,,,,,,,,,,,,,,,,,,,,,,,,,,,,,,,,,,,,,,,,,,,,,,,,,,,,,,,,,,,,,,,,,,,,,,,,,,,,,,,,,,,,,,,,,,,,,,,,,,,,,,,,,,,,,,,,,,,,,,,,,,,,,,,,,,,,,,,,,,,,,,,,,,,,,,,,,,,,,,,,,,,,,,,,,,,,,,,,,,,,,,,,,,,,,,,,,
Valby,2005,598.0,546.0,343.0,319.0,153.0,170.0,24.0,,0.0,,0.0,0.0,0.0,0.0,36.0,43.0,,,24.0,27.0,15.0,,10.0,,13.0,0.0,,,45.0,39.0,173.0,190.0,349.0,449.0,568.0,597.0,468.0,396.0,284.0,211.0,174.0,133.0,7.0,12.0,,,121.0,197.0,182.0,149.0,129.0,104.0,109.0,119.0,,,1990.0,1919.0,1527.0,1538.0,3672.0,3870.0,3608.0,3201.0,2412.0,2343.0,2133.0,2060.0,2906.0,4850.0,,,,,,,,,,,,,,,,,,,,,,,,,,,,,,,3000626.0,168149.0,17845.0,2928841.0,150182.0,19502.0,3505860.0,262493.0,13356.0,2772019.0,214685.0,12912.0,3259367.0,181449.0,17963.0,3393034.0,173052.0,19607.0,4554638.0,256513.0,17756.0,4175193.0,214431.0,19471.0,3585225.0,206832.0,17334.0,3283205.0,171914.0,19098.0,0.0,0.0,5903.75,7072.25,0.0,0.0,0.0,0.0,0.0,0.0,0.0,0.0,0.0,0.0,0.0,0.0,2143.25,2556.0,0.0,0.0,0.0,0.0,140.25,821.0,0.0,0.0,0.0,0.0,0.0,0.0,0.0,0.0,0.0,0.0,0.0,0.0,541.25,931.75,0.0,0.0,0.0,0.0,31.75,437.5,0.0,0.0,0.0,0.0,0.0,0.0,0.0,0.0,0.0,0.0,0.0,0.0,287.75,1068.75,0.0,0.0,0.0,0.0,7.75,103.75,0.0,0.0,0.0,0.0,0.0,0.0,0.0,0.0,0.0,0.0,0.0,0.0,49.75,331.25,0.0,0.0,,,,,,,,,,,,,,,,,,,,,,,,,,,,,,,,,,,,,,,,,,,,,,,,,,,,,,,,,,,,,,,,,,,,,,,,,,,,,,,,,,,,,,,,,,,,,,,,,,,,,,,,,,,,,,,,,,,,,,,,,,,,,,,,,,,,,,,,,,,,,,,,,,,,,,,,,,,,,,,,,,,,,,,,,,,,,,,,,,,,,,,,,,,,,,,,,,,,,,,,
Valby,2006,566.0,564.0,368.0,350.0,175.0,189.0,,,,,0.0,0.0,0.0,0.0,33.0,44.0,,,26.0,32.0,,,,,14.0,0.0,,,30.0,36.0,162.0,182.0,344.0,424.0,548.0,605.0,491.0,400.0,275.0,225.0,204.0,152.0,11.0,11.0,,,119.0,205.0,191.0,161.0,129.0,105.0,112.0,128.0,,,1933.0,1909.0,1534.0,1523.0,3553.0,3769.0,3547.0,3213.0,2415.0,2367.0,2080.0,1979.0,2914.0,4671.0,,,,,,,,,,,,,,,,,,,,,,,,,,,,,,,3072301.0,173058.0,17753.0,2988851.0,154622.0,19330.0,3678686.0,272515.0,13499.0,2879152.0,222260.0,12954.0,3339459.0,187263.0,17833.0,3467743.0,178584.0,19418.0,4709947.0,266039.0,17704.0,4311028.0,223323.0,19304.0,3710896.0,212915.0,17429.0,3384396.0,177976.0,19016.0,0.0,0.0,5908.75,6996.75,0.0,0.0,0.0,0.0,0.0,0.0,0.0,0.0,0.0,0.0,0.0,0.0,2106.25,2477.0,0.0,0.0,0.0,0.0,148.75,822.25,0.0,0.0,0.0,0.0,0.0,0.0,0.0,0.0,0.0,0.0,0.0,0.0,545.0,917.0,0.0,0.0,0.0,0.0,34.25,434.25,0.0,0.0,0.0,0.0,0.0,0.0,0.0,0.0,0.0,0.0,0.0,0.0,275.0,1093.25,0.0,0.0,0.0,0.0,8.25,109.5,0.0,0.0,0.0,0.0,0.0,0.0,0.0,0.0,0.0,0.0,0.0,0.0,53.75,332.25,0.0,0.0,,,,,,,,,,,,,,,,,,,,,,,,,,,,,,,,,,,,,,,,,,,,,,,,,,,,,,,,,,,,,,,,,,,,,,,,,,,,,,,,,,,,,,,,,,,,,,,,,,,,,,,,,,,,,,,,,,,,,,,,,,,,,,,,,,,,,,,,,,,,,,,,,,,,,,,,,,,,,,,,,,,,,,,,,,,,,,,,,,,,,,,,,,,,,,,,,,,,,,,,
Valby,2007,551.0,531.0,394.0,378.0,194.0,187.0,,55.0,,0.0,0.0,0.0,0.0,0.0,37.0,47.0,,,27.0,26.0,,19.0,,13.0,,,6.0,3.0,26.0,35.0,160.0,170.0,378.0,436.0,542.0,594.0,505.0,443.0,303.0,232.0,217.0,161.0,14.0,13.0,,,154.0,236.0,201.0,171.0,132.0,99.0,,,110.0,167.0,1912.0,1856.0,1531.0,1547.0,3453.0,3658.0,3432.0,3131.0,2477.0,2412.0,2003.0,1971.0,2899.0,4562.0,,,,,,,,,,,,,,,,,,,,,,,,,,,,,,,3225234.0,179739.0,17944.0,3057044.0,158036.0,19344.0,4016216.0,288521.0,13920.0,3055950.0,231845.0,13181.0,3482659.0,193298.0,18017.0,3573686.0,184078.0,19414.0,5075650.0,283667.0,17893.0,4484461.0,232091.0,19322.0,3939713.0,225217.0,17493.0,3455549.0,181919.0,18995.0,0.0,0.0,5928.25,6866.25,0.0,0.0,0.0,0.0,0.0,0.0,0.0,0.0,0.0,0.0,0.0,0.0,2112.25,2429.5,0.0,0.0,0.0,0.0,158.75,841.25,0.0,0.0,0.0,0.0,0.0,0.0,0.0,0.0,0.0,0.0,0.0,0.0,539.75,962.75,0.0,0.0,0.0,0.0,39.75,417.25,0.0,0.0,0.0,0.0,0.0,0.0,0.0,0.0,0.0,0.0,0.0,0.0,292.0,1103.5,0.0,0.0,0.0,0.0,4.0,114.25,0.0,0.0,0.0,0.0,0.0,0.0,0.0,0.0,0.0,0.0,0.0,0.0,46.0,326.0,0.0,0.0,,,,,,,,,,,,,,,,,,,,,,,,,,,,,,,,,,,,,,,,,,,,,,,,,,,,,,,,,,,,,,,,,,,,,,,,,,,,,,,,,,,,,,,,,,,,,,,,,,,,,,,,,,,,,,,,,,,,,,,,,,,,,,,,,,,,,,,,,,,,,,,,,,,,,,,,,,,,,,,,,,,,,,,,,,,,,,,,,,,,,,,,,,,,,,,,,,,,,,,,
Valby,2008,541.0,508.0,425.0,403.0,187.0,202.0,,68.0,,0.0,0.0,0.0,0.0,0.0,36.0,46.0,,,30.0,29.0,,19.0,,15.0,,,9.0,4.0,22.0,37.0,131.0,156.0,374.0,439.0,554.0,596.0,517.0,471.0,301.0,268.0,254.0,170.0,15.0,15.0,,,194.0,279.0,222.0,186.0,146.0,96.0,,,120.0,159.0,1974.0,1869.0,1532.0,1559.0,3414.0,3649.0,3502.0,3108.0,2495.0,2422.0,1971.0,1938.0,2929.0,4466.0,1429.0,759.0,454.0,279.0,382.0,199.0,114.0,54.0,26.0,33.0,458.0,305.0,188.0,124.0,215.0,119.0,68.0,47.0,29.0,31.0,428.0,184.0,122.0,70.0,79.0,225.0,88.0,43.0,30.0,24.0,3272820.0,180410.0,18141.0,3203962.0,164188.0,19514.0,4244031.0,305019.0,13914.0,3326840.0,247312.0,13452.0,3575827.0,196388.0,18208.0,3695825.0,188726.0,19583.0,5237403.0,289615.0,18084.0,4762941.0,244316.0,19495.0,4038090.0,228360.0,17683.0,3599155.0,187485.0,19197.0,0.0,0.0,5941.0,6787.25,0.0,0.0,0.0,0.0,0.0,0.0,0.0,0.0,0.0,0.0,0.0,0.0,2143.75,2414.5,0.0,0.0,0.0,0.0,164.75,869.75,0.0,0.0,0.0,0.0,0.0,0.0,0.0,0.0,0.0,0.0,0.0,0.0,591.75,985.0,0.0,0.0,0.0,0.0,45.5,433.5,0.0,0.0,0.0,0.0,0.0,0.0,0.0,0.0,0.0,0.0,0.0,0.0,284.25,1135.75,0.0,0.0,0.0,0.0,3.5,111.25,0.0,0.0,0.0,0.0,0.0,0.0,0.0,0.0,0.0,0.0,0.0,0.0,46.75,325.5,0.0,0.0,,,,,,,,,,,,,,,,,,,,,,,,,,,,,,,,,,,,,,,,,,,,,,,,,,,,,,,,,,,,,,,,,,,,,,,,,,,,,,,,,,,,,,,,,,,,,,,,,,,,,,,,,,,,,,,,,,,,,,,,,,,,,,,,,,,,,,,,,,,,,,,,,,,,,,,,,,,,,,,,,,,,,,,,,,,,,,,,,,,,,,,,,,,,,,,,,,,,,,,,
Valby,2009,528.0,514.0,441.0,409.0,192.0,204.0,,,,,0.0,0.0,0.0,0.0,35.0,37.0,,,28.0,28.0,,,,,,,,,34.0,45.0,127.0,145.0,427.0,488.0,543.0,604.0,548.0,510.0,310.0,275.0,271.0,192.0,13.0,20.0,,,250.0,320.0,261.0,204.0,169.0,115.0,,,,,2140.0,2025.0,1548.0,1578.0,3378.0,3736.0,3621.0,3160.0,2530.0,2448.0,1939.0,1946.0,2873.0,4333.0,1547.0,947.0,677.0,450.0,595.0,167.0,112.0,83.0,47.0,56.0,489.0,331.0,268.0,201.0,273.0,170.0,82.0,62.0,30.0,58.0,495.0,308.0,194.0,146.0,161.0,226.0,114.0,70.0,26.0,47.0,3426943.0,185994.0,18425.0,3369761.0,170612.0,19751.0,4261823.0,306121.0,13922.0,3463733.0,252883.0,13697.0,3747490.0,202666.0,18491.0,3884940.0,195725.0,19849.0,5335674.0,290487.0,18368.0,4920136.0,249487.0,19721.0,4102033.0,228360.0,17963.0,3740802.0,192825.0,19400.0,0.0,0.0,5852.25,6641.75,0.0,0.0,0.0,0.0,0.0,0.0,0.0,0.0,0.0,0.0,0.0,0.0,2156.75,2392.75,0.0,0.0,0.0,0.0,168.25,877.75,0.0,0.0,0.0,0.0,0.0,0.0,0.0,0.0,0.0,0.0,0.0,0.0,608.75,1025.25,0.0,0.0,0.0,0.0,43.25,461.0,0.0,0.0,0.0,0.0,0.0,0.0,0.0,0.0,0.0,0.0,0.0,0.0,291.25,1156.75,0.0,0.0,0.0,0.0,3.75,128.0,0.0,0.0,0.0,0.0,0.0,0.0,0.0,0.0,0.0,0.0,0.0,0.0,40.25,335.75,0.0,0.0,,,,,,,,,,,,,,,,,,,,,,,,,,,,,,,,,,,,,,,,,,,,,,,,,,,,,,,,,,,,,,,,,,,,,,,,,,,,,,,,,,,,,,,,,,,,,,,,,,,,,,,,,,,,,,,,,,,,,,,,,,,,,,,,,,,,,,,,,,,,,,,,,,,,,,,,,,,,,,,,,,,,,,,,,,,,,,,,,,,,,,,,,,,,,,,,,,,,,,,,
Valby,2010,517.0,487.0,465.0,442.0,218.0,221.0,66.0,111.0,,,,0.0,0.0,,42.0,43.0,,,25.0,35.0,25.0,24.0,,,,,8.0,,37.0,36.0,118.0,123.0,466.0,489.0,547.0,610.0,550.0,538.0,322.0,298.0,296.0,207.0,21.0,20.0,,,271.0,334.0,272.0,249.0,178.0,118.0,,,131.0,163.0,2217.0,2141.0,1555.0,1600.0,3381.0,3748.0,3758.0,3305.0,2509.0,2415.0,1956.0,1960.0,2875.0,4215.0,1632.0,1104.0,744.0,546.0,823.0,178.0,163.0,99.0,65.0,98.0,523.0,360.0,261.0,216.0,328.0,192.0,102.0,60.0,42.0,79.0,459.0,341.0,246.0,174.0,256.0,280.0,138.0,78.0,49.0,62.0,3725294.0,198428.0,18774.0,3627246.0,181899.0,19941.0,4362585.0,315011.0,13849.0,3586098.0,260997.0,13740.0,4060147.0,215370.0,18852.0,4185521.0,209307.0,19997.0,5524464.0,294905.0,18733.0,5106023.0,256095.0,19938.0,4335663.0,239672.0,18090.0,3939222.0,203210.0,19385.0,0.0,0.0,5800.5,6548.25,0.0,0.0,0.0,0.0,0.0,0.0,0.0,0.0,0.0,0.0,0.0,0.0,2199.5,2379.5,0.0,0.0,0.0,0.0,176.75,896.25,0.0,0.0,0.0,0.0,0.0,0.0,0.0,0.0,0.0,0.0,0.0,0.0,619.75,1026.0,0.0,0.0,0.0,0.0,45.5,461.75,0.0,0.0,0.0,0.0,0.0,0.0,0.0,0.0,0.0,0.0,0.0,0.0,307.75,1197.0,0.0,0.0,0.0,0.0,2.0,128.25,0.0,0.0,0.0,0.0,0.0,0.0,0.0,0.0,0.0,0.0,0.0,0.0,47.75,335.25,0.0,0.0,,,,,,,,,,,,,,,,,,,,,,,,,,,,,,,,,,,,,,,,,,,,,,,,,,,,,,,,,,,,,,,,,,,,,,,,,,,,,,,,,,,,,,,,,,,,,,,,,,,,,,,,,,,,,,,,,,,,,,,,,,,,,,,,,,,,,,,,,,,,,,,,,,,,,,,,,,,,,,,,,,,,,,,,,,,,,,,,,,,,,,,,,,,,,,,,,,,,,,,,
Valby,2011,485.0,455.0,464.0,451.0,238.0,237.0,88.0,115.0,,,,0.0,0.0,,49.0,53.0,,,28.0,36.0,27.0,26.0,,,12.0,,6.0,,44.0,48.0,101.0,132.0,478.0,509.0,553.0,612.0,570.0,562.0,355.0,323.0,311.0,219.0,30.0,25.0,,,301.0,355.0,312.0,302.0,183.0,116.0,,,135.0,162.0,2389.0,2236.0,1573.0,1586.0,3434.0,3750.0,3794.0,3416.0,2532.0,2417.0,1949.0,1981.0,2834.0,4080.0,1662.0,1048.0,756.0,596.0,779.0,229.0,159.0,106.0,85.0,105.0,500.0,330.0,242.0,199.0,277.0,194.0,102.0,58.0,47.0,75.0,468.0,311.0,252.0,195.0,244.0,271.0,146.0,98.0,70.0,78.0,3830990.0,201854.0,18979.0,3739517.0,183814.0,20344.0,4492363.0,320220.0,14029.0,3675781.0,262163.0,14021.0,4167869.0,218637.0,19063.0,4323664.0,211892.0,20405.0,5690532.0,300244.0,18953.0,5266109.0,258917.0,20339.0,4467575.0,243744.0,18329.0,4072277.0,205931.0,19775.0,0.0,0.0,5714.5,6401.5,0.0,0.0,0.0,0.0,0.0,0.0,0.0,0.0,0.0,0.0,0.0,0.0,2177.25,2345.5,0.0,0.0,0.0,0.0,179.75,938.0,0.0,0.0,0.0,0.0,0.0,0.0,0.0,0.0,0.0,0.0,0.0,0.0,664.75,1048.5,0.0,0.0,0.0,0.0,38.0,455.0,0.0,0.0,0.0,0.0,0.0,0.0,0.0,0.0,0.0,0.0,0.0,0.0,356.75,1260.25,0.0,0.0,0.0,0.0,2.0,120.5,0.0,0.0,0.0,0.0,0.0,0.0,0.0,0.0,0.0,0.0,0.0,0.0,55.0,364.5,0.0,0.0,,,,,,,,,,,,,,,,,,,,,,,,,,,,,,,,,,,,,,,,,,,,,,,,,,,,,,,,,,,,,,,,,,,,,,,,,,,,,,,,,,,,,,,,,,,,,,,,,,,,,,,,,,,,,,,,,,,,,,,,,,,,,,,,,,,,,,,,,,,,,,,,,,,,,,,,,,,,,,,,,,,,,,,,,,,,,,,,,,,,,,,,,,,,,,,,,,,,,,,,
Valby,2012,460.0,436.0,485.0,515.0,267.0,250.0,112.0,137.0,5.0,,0.0,,0.0,,57.0,64.0,,,29.0,33.0,33.0,38.0,8.0,,,5.0,4.0,,37.0,42.0,99.0,116.0,438.0,482.0,580.0,643.0,583.0,589.0,370.0,342.0,342.0,227.0,24.0,24.0,,,314.0,391.0,299.0,317.0,181.0,113.0,,,145.0,164.0,2509.0,2388.0,1599.0,1614.0,3459.0,3843.0,3754.0,3437.0,2577.0,2454.0,1922.0,1987.0,2886.0,4090.0,1684.0,1063.0,773.0,541.0,833.0,224.0,161.0,137.0,101.0,122.0,455.0,313.0,219.0,153.0,298.0,193.0,105.0,61.0,48.0,71.0,526.0,345.0,246.0,167.0,252.0,286.0,139.0,110.0,72.0,90.0,3994546.0,206501.0,19344.0,3881612.0,186697.0,20791.0,4634960.0,324305.0,14292.0,3803205.0,265754.0,14311.0,4330855.0,222999.0,19421.0,4501305.0,215755.0,20863.0,5935954.0,307196.0,19323.0,5464525.0,262857.0,20789.0,4646047.0,247842.0,18746.0,4244038.0,209551.0,20253.0,0.0,0.0,5564.5,6285.25,0.0,0.0,0.0,0.0,0.0,0.0,0.0,0.0,0.0,0.0,0.0,0.0,2195.5,2296.75,0.0,0.0,0.0,0.0,200.25,972.0,0.0,0.0,0.0,0.0,0.0,0.0,0.0,0.0,0.0,0.0,0.0,0.0,658.5,1051.25,0.0,0.0,0.0,0.0,36.0,469.5,0.0,0.0,0.0,0.0,0.0,0.0,0.0,0.0,0.0,0.0,0.0,0.0,382.25,1295.0,0.0,0.0,0.0,0.0,5.0,128.0,0.0,0.0,0.0,0.0,0.0,0.0,0.0,0.0,0.0,0.0,0.0,0.0,53.25,387.75,0.0,0.0,,,,,,,,,,,,,,,,,,,,,,,,,,,,,,,,,,,,,,,,,,,,,,,,,,,,,,,,,,,,,,,,,,,,,,,,,,,,,,,,,,,,,,,,,,,,,,,,,,,,,,,,,,,,,,,,,,,,,,,,,,,,,,,,,,,,,,,,,,,,,,,,,,,,,,,,,,,,,,,,,,,,,,,,,,,,,,,,,,,,,,,,,,,,,,,,,,,,,,,,
Valby,2013,460.0,429.0,496.0,513.0,307.0,282.0,110.0,153.0,,,,,0.0,,69.0,80.0,,,31.0,35.0,34.0,34.0,,,13.0,,5.0,,40.0,39.0,97.0,107.0,417.0,501.0,590.0,655.0,552.0,587.0,386.0,356.0,352.0,239.0,27.0,28.0,,,339.0,421.0,341.0,330.0,202.0,133.0,,,152.0,159.0,2558.0,2501.0,1611.0,1620.0,3606.0,4077.0,3693.0,3400.0,2671.0,2479.0,1958.0,2066.0,2878.0,4040.0,1828.0,1119.0,746.0,535.0,777.0,263.0,179.0,138.0,79.0,110.0,467.0,294.0,194.0,184.0,264.0,169.0,111.0,65.0,39.0,58.0,552.0,361.0,242.0,165.0,245.0,377.0,174.0,107.0,68.0,100.0,4179450.0,209349.0,19964.0,4040952.0,190737.0,21186.0,4853410.0,325165.0,14926.0,3949570.0,268678.0,14700.0,4526018.0,226097.0,20018.0,4681120.0,220278.0,21251.0,6142620.0,308055.0,19940.0,5657912.0,267210.0,21174.0,4805960.0,248678.0,19326.0,4362813.0,211428.0,20635.0,0.0,0.0,5545.25,6173.25,0.0,0.0,0.0,0.0,0.0,0.0,0.0,0.0,0.0,0.0,0.0,0.0,2329.0,2247.25,0.0,0.0,0.0,0.0,205.5,1015.5,0.0,0.0,0.0,0.0,0.0,0.0,0.0,0.0,0.0,0.0,0.0,0.0,682.0,1048.5,0.0,0.0,0.0,0.0,37.25,479.75,0.0,0.0,0.0,0.0,0.0,0.0,0.0,0.0,0.0,0.0,0.0,0.0,400.25,1343.5,0.0,0.0,0.0,0.0,5.25,136.5,0.0,0.0,0.0,0.0,0.0,0.0,0.0,0.0,0.0,0.0,0.0,0.0,55.5,387.0,0.0,0.0,,,,,,,,,,,,,,,,,,,,,,,,,,,,,,,,,,,,,,,,,,,,,,,,,,,,,,,,,,,,,,,,,,,,,,,,,,,,,,,,,,,,,,,,,,,,,,,,,,,,,,,,,,,,,,,,,,,,,,,,,,,,,,,,,,,,,,,,,,,,,,,,,,,,,,,,,,,,,,,,,,,,,,,,,,,,,,,,,,,,,,,,,,,,,,,,,,,,,,,,
Valby,2014,457.0,424.0,524.0,519.0,316.0,299.0,121.0,162.0,,,,,0.0,,76.0,73.0,24.0,14.0,34.0,41.0,31.0,31.0,,,,,8.0,,59.0,49.0,76.0,91.0,423.0,528.0,643.0,695.0,566.0,599.0,416.0,375.0,345.0,253.0,30.0,30.0,24.0,33.0,385.0,458.0,352.0,360.0,226.0,143.0,124.0,108.0,154.0,176.0,2657.0,2595.0,1637.0,1624.0,3925.0,4269.0,3684.0,3349.0,2697.0,2532.0,2008.0,2090.0,2894.0,4011.0,1626.0,983.0,717.0,462.0,617.0,281.0,192.0,150.0,91.0,99.0,265.0,173.0,164.0,116.0,197.0,127.0,65.0,46.0,25.0,43.0,561.0,343.0,230.0,160.0,195.0,392.0,210.0,127.0,70.0,83.0,4336899.0,214900.0,20181.0,4204514.0,195341.0,21524.0,5014178.0,329793.0,15204.0,4112243.0,271668.0,15137.0,4706949.0,232626.0,20234.0,4854375.0,225021.0,21573.0,6321492.0,313877.0,20140.0,5861738.0,272411.0,21518.0,4908422.0,251598.0,19509.0,4482952.0,213943.0,20954.0,0.0,0.0,5440.5,6072.75,0.0,0.0,0.0,0.0,0.0,0.0,0.0,0.0,0.0,0.0,0.0,0.0,2414.0,2238.25,0.0,0.0,0.0,0.0,190.5,1026.0,0.0,0.0,0.0,0.0,0.0,0.0,0.0,0.0,0.0,0.0,0.0,0.0,706.75,1049.75,0.0,0.0,0.0,0.0,41.25,493.75,0.0,0.0,0.0,0.0,0.0,0.0,0.0,0.0,0.0,0.0,0.0,0.0,422.5,1357.75,0.0,0.0,0.0,0.0,5.5,138.25,0.0,0.0,0.0,0.0,0.0,0.0,0.0,0.0,0.0,0.0,0.0,0.0,61.0,393.0,0.0,0.0,,,,,,,,,,,,,,,,,,,,,,,,,,,,,,,,,,,,,,,,,,,,,,,,,,,,,,,,,,,,,,,,,,,,,,,,,,,,,,,,,,,,,,,,,,,,,,,,,,,,,,,,,,,,,,,,,,,,,,,,,,,,,,,,,,,,,,,,,,,,,,,,,,,,,,,,,,,,,,,,,,,,,,,,,,,,,,,,,,,,,,,,,,,,,,,,,,,,,,,,
Valby,2015,443.0,437.0,506.0,524.0,324.0,327.0,141.0,173.0,,,0.0,,,,78.0,88.0,20.0,17.0,36.0,39.0,35.0,30.0,,,10.0,,,,48.0,62.0,96.0,93.0,401.0,514.0,667.0,727.0,557.0,608.0,437.0,404.0,371.0,272.0,41.0,34.0,31.0,30.0,436.0,508.0,383.0,371.0,243.0,172.0,137.0,105.0,162.0,188.0,2698.0,2652.0,1643.0,1665.0,3996.0,4335.0,3621.0,3351.0,2738.0,2536.0,2069.0,2166.0,2854.0,3967.0,1715.0,975.0,628.0,439.0,480.0,310.0,239.0,148.0,79.0,96.0,277.0,145.0,133.0,110.0,142.0,145.0,71.0,47.0,38.0,32.0,510.0,322.0,186.0,138.0,138.0,473.0,198.0,114.0,74.0,72.0,4533744.0,220288.0,20581.0,4381478.0,199122.0,22004.0,5247915.0,337573.0,15546.0,4292638.0,275063.0,15606.0,4915641.0,238092.0,20646.0,5063238.0,229511.0,22061.0,6657982.0,324305.0,20530.0,6138035.0,278976.0,22002.0,5183223.0,261198.0,19844.0,4688643.0,218911.0,21418.0,0.0,0.0,5381.75,6032.5,0.0,0.0,0.0,0.0,0.0,0.0,0.0,0.0,0.0,0.0,0.0,0.0,2488.5,2190.25,0.0,0.0,0.0,0.0,202.75,1028.0,0.0,0.0,0.0,0.0,0.0,0.0,0.0,0.0,0.0,0.0,0.0,0.0,708.75,1025.0,0.0,0.0,0.0,0.0,42.25,504.5,0.0,0.0,0.0,0.0,0.0,0.0,0.0,0.0,0.0,0.0,0.0,0.0,449.75,1369.5,0.0,0.0,0.0,0.0,7.25,113.75,0.0,0.0,0.0,0.0,0.0,0.0,0.0,0.0,0.0,0.0,0.0,0.0,67.5,408.75,0.0,0.0,,,,,,,,,,,,,,,,,,,,,,,,,,,,,,,,,,,,,,,,,,,,,,,,,,,,,,,,,,,,,,,,,,,,,,,,,,,,,,,,,,,,,,,,,,,,,,,,,,,,,,,,,,,,,,,,,,,,,,,,,,,,,,,,,,,,,,,,,,,,,,,,,,,,,,,,,,,,,,,,,,,,,,,,,,,,,,,,,,,,,,,,,,,,,,,,,,,,,,,,
Valby,2016,452.0,419.0,514.0,506.0,361.0,393.0,158.0,174.0,,,,,,,94.0,88.0,18.0,20.0,49.0,40.0,38.0,30.0,,,,,,,58.0,68.0,82.0,88.0,398.0,524.0,706.0,788.0,590.0,619.0,466.0,439.0,399.0,309.0,36.0,34.0,48.0,34.0,512.0,594.0,449.0,418.0,297.0,177.0,144.0,106.0,158.0,192.0,2708.0,2628.0,1717.0,1677.0,4093.0,4555.0,3454.0,3254.0,2803.0,2556.0,2118.0,2229.0,2880.0,3909.0,1674.0,1043.0,660.0,347.0,439.0,391.0,275.0,167.0,95.0,105.0,252.0,179.0,131.0,65.0,126.0,124.0,67.0,55.0,31.0,37.0,472.0,305.0,189.0,97.0,112.0,435.0,217.0,118.0,59.0,59.0,4773573.0,224829.0,21232.0,4553913.0,201545.0,22595.0,5621725.0,345082.0,16291.0,4518015.0,277980.0,16253.0,5154749.0,241950.0,21305.0,5298163.0,233718.0,22669.0,6995251.0,330339.0,21176.0,6347326.0,280967.0,22591.0,5438137.0,266366.0,20416.0,4851649.0,221607.0,21893.0,0.0,0.0,5338.75,5982.75,0.0,0.0,0.0,0.0,0.0,0.0,0.0,0.0,0.0,0.0,0.0,0.0,2631.75,2186.25,0.0,0.0,0.0,0.0,215.0,1041.75,0.0,0.0,0.0,0.0,0.0,0.0,0.0,0.0,0.0,0.0,0.0,0.0,727.25,1034.0,0.0,0.0,0.0,0.0,43.25,519.75,0.0,0.0,0.0,0.0,0.0,0.0,0.0,0.0,0.0,0.0,0.0,0.0,454.25,1391.75,0.0,0.0,0.0,0.0,6.5,113.5,0.0,0.0,0.0,0.0,0.0,0.0,0.0,0.0,0.0,0.0,0.0,0.0,82.0,432.25,0.0,0.0,,,,,,,,,,,,,,,,,,,,,,,,,,,,,,,,,,,,,,,,,,,,,,,,,,,,,,,,,,,,,,,,,,,,,,,,,,,,,,,,,,,,,,,,,,,,,,,,,,,,,,,,,,,,,,,,,,,,,,,,,,,,,,,,,,,,,,,,,,,,,,,,,,,,,,,,,,,,,,,,,,,,,,,,,,,,,,,,,,,,,,,,,,,,,,,,,,,,,,,,
Valby,2017,481.0,449.0,508.0,496.0,377.0,429.0,171.0,180.0,,,,,,,101.0,94.0,26.0,25.0,52.0,35.0,39.0,31.0,,,,,,,83.0,84.0,96.0,92.0,429.0,546.0,810.0,844.0,585.0,632.0,483.0,465.0,416.0,326.0,44.0,39.0,47.0,33.0,580.0,656.0,504.0,489.0,295.0,211.0,169.0,121.0,153.0,195.0,2807.0,2612.0,1767.0,1748.0,4345.0,4856.0,3407.0,3198.0,2833.0,2568.0,2172.0,2264.0,2955.0,3939.0,1847.0,1051.0,660.0,405.0,406.0,511.0,329.0,196.0,112.0,94.0,241.0,155.0,125.0,87.0,122.0,111.0,62.0,54.0,27.0,42.0,514.0,279.0,149.0,86.0,94.0,470.0,226.0,136.0,93.0,54.0,5052543.0,228985.0,22065.0,4785790.0,205938.0,23239.0,5957231.0,347969.0,17120.0,4830800.0,284148.0,17001.0,5458569.0,246581.0,22137.0,5598569.0,240138.0,23314.0,7390983.0,335832.0,22008.0,6680131.0,287676.0,23221.0,5693457.0,269653.0,21114.0,5103497.0,227520.0,22431.0,0.0,0.0,5319.0,5930.0,0.0,0.0,0.0,0.0,0.0,0.0,0.0,0.0,0.0,0.0,0.0,0.0,2752.25,2240.0,0.0,0.0,0.0,0.0,216.75,1048.5,0.0,0.0,0.0,0.0,0.0,0.0,0.0,0.0,0.0,0.0,0.0,0.0,794.0,1086.0,0.0,0.0,0.0,0.0,54.25,507.5,0.0,0.0,0.0,0.0,0.0,0.0,0.0,0.0,0.0,0.0,0.0,0.0,479.75,1401.5,0.0,0.0,0.0,0.0,5.5,118.75,0.0,0.0,0.0,0.0,0.0,0.0,0.0,0.0,0.0,0.0,0.0,0.0,78.0,459.75,0.0,0.0,,,,,,,,,,,,,,,,,,,,,,,,,,,,,,,,,,,,,,,,,,,,,,,,,,,,,,,,,,,,,,,,,,,,,,,,,,,,,,,,,,,,,,,,,,,,,,,,,,,,,,,,,,,,,,,,,,,,,,,,,,,,,,,,,,,,,,,,,,,,,,,,,,,,,,,,,,,,,,,,,,,,,,,,,,,,,,,,,,,,,,,,,,,,,,,,,,,,,,,,
Valby,2018,470.0,421.0,495.0,484.0,438.0,457.0,182.0,178.0,,,,,,,118.0,102.0,27.0,32.0,44.0,28.0,42.0,39.0,,,,,,,89.0,101.0,99.0,91.0,453.0,592.0,875.0,866.0,604.0,641.0,498.0,492.0,451.0,356.0,39.0,49.0,50.0,58.0,659.0,749.0,593.0,530.0,315.0,258.0,180.0,122.0,165.0,206.0,2819.0,2676.0,1825.0,1804.0,4631.0,5120.0,3406.0,3170.0,2870.0,2613.0,2189.0,2297.0,2983.0,3936.0,1628.0,1026.0,595.0,378.0,409.0,426.0,307.0,173.0,112.0,116.0,207.0,169.0,89.0,92.0,113.0,99.0,58.0,54.0,28.0,26.0,436.0,262.0,142.0,83.0,95.0,460.0,230.0,137.0,63.0,59.0,5468155.0,238025.0,22973.0,5053202.0,210445.0,24012.0,6548153.0,364130.0,17983.0,5162611.0,290442.0,17775.0,5862781.0,254306.0,23054.0,5948603.0,247076.0,24076.0,7996295.0,348985.0,22913.0,7021470.0,292634.0,23994.0,6051959.0,276383.0,21897.0,5273655.0,228475.0,23082.0,0.0,0.0,5390.25,5988.0,0.0,0.0,0.0,0.0,0.0,0.0,0.0,0.0,0.0,0.0,0.0,0.0,2932.25,2286.25,0.0,0.0,0.0,0.0,225.5,1085.75,0.0,0.0,0.0,0.0,0.0,0.0,0.0,0.0,0.0,0.0,0.0,0.0,840.0,1142.75,0.0,0.0,0.0,0.0,60.25,504.25,0.0,0.0,0.0,0.0,0.0,0.0,0.0,0.0,0.0,0.0,0.0,0.0,487.5,1431.25,0.0,0.0,0.0,0.0,3.5,119.5,0.0,0.0,0.0,0.0,0.0,0.0,0.0,0.0,0.0,0.0,0.0,0.0,71.25,478.0,0.0,0.0,,,,,,,,,,,,,,,,,,,,,,,,,,,,,,,,,,,,,,,,,,,,,,,,,,,,,,,,,,,,,,,,,,,,,,,,,,,,,,,,,,,,,,,,,,,,,,,,,,,,,,,,,,,,,,,,,,,,,,,,,,,,,,,,,,,,,,,,,,,,,,,,,,,,,,,,,,,,,,,,,,,,,,,,,,,,,,,,,,,,,,,,,,,,,,,,,,,,,,,,
Valby,2019,467.0,408.0,479.0,467.0,493.0,498.0,188.0,204.0,,,,,,,126.0,111.0,34.0,32.0,49.0,31.0,36.0,39.0,,,,,,,106.0,110.0,117.0,94.0,453.0,609.0,957.0,935.0,597.0,674.0,509.0,521.0,466.0,376.0,41.0,53.0,52.0,58.0,744.0,775.0,671.0,603.0,333.0,281.0,208.0,123.0,165.0,213.0,2812.0,2751.0,1945.0,1893.0,4985.0,5423.0,3465.0,3239.0,2935.0,2656.0,2216.0,2294.0,3019.0,3938.0,1714.0,1039.0,653.0,411.0,429.0,443.0,358.0,210.0,126.0,113.0,233.0,137.0,119.0,77.0,113.0,94.0,72.0,41.0,18.0,39.0,449.0,238.0,146.0,111.0,95.0,495.0,234.0,137.0,79.0,69.0,5880221.0,246913.0,23815.0,5366727.0,216156.0,24828.0,6933978.0,365620.0,18965.0,5509036.0,296280.0,18594.0,6269105.0,262306.0,23900.0,6365809.0,255758.0,24890.0,8638966.0,363440.0,23770.0,7488489.0,301748.0,24817.0,6417374.0,280615.0,22869.0,5642413.0,235405.0,23969.0,0.0,0.0,5532.75,6064.25,0.0,0.0,0.0,0.0,0.0,0.0,0.0,0.0,0.0,0.0,0.0,0.0,3123.75,2334.5,0.0,0.0,0.0,0.0,233.75,1102.5,0.0,0.0,0.0,0.0,0.0,0.0,0.0,0.0,0.0,0.0,0.0,0.0,900.0,1163.75,0.0,0.0,0.0,0.0,61.25,509.0,0.0,0.0,0.0,0.0,0.0,0.0,0.0,0.0,0.0,0.0,0.0,0.0,484.5,1493.75,0.0,0.0,0.0,0.0,4.75,121.75,0.0,0.0,0.0,0.0,0.0,0.0,0.0,0.0,0.0,0.0,0.0,0.0,68.5,489.25,0.0,0.0,,,,,,,,,,,,,,,,,,,,,,,,,,,,,,,,,,,,,,,,,,,,,,,,,,,,,,,,,,,,,,,,,,,,,,,,,,,,,,,,,,,,,,,,,,,,,,,,,,,,,,,,,,,,,,,,,,,,,,,,,,,,,,,,,,,,,,,,,,,,,,,,,,,,,,,,,,,,,,,,,,,,,,,,,,,,,,,,,,,,,,,,,,,,,,,,,,,,,,,,
Valby,2020,488.0,401.0,472.0,448.0,540.0,527.0,220.0,230.0,74.0,91.0,,,,,135.0,128.0,37.0,41.0,52.0,35.0,37.0,34.0,25.0,26.0,,,,,119.0,134.0,124.0,104.0,540.0,652.0,1031.0,989.0,625.0,670.0,537.0,555.0,495.0,408.0,45.0,42.0,51.0,60.0,755.0,841.0,716.0,652.0,357.0,308.0,227.0,140.0,173.0,217.0,2855.0,2770.0,2009.0,1997.0,5204.0,5629.0,3520.0,3293.0,2972.0,2702.0,2297.0,2293.0,3058.0,4050.0,1820.0,1050.0,830.0,538.0,716.0,464.0,302.0,247.0,141.0,187.0,255.0,143.0,117.0,107.0,167.0,144.0,67.0,47.0,51.0,64.0,460.0,270.0,210.0,137.0,170.0,497.0,268.0,209.0,102.0,128.0,6297696.0,255174.0,24680.0,5811525.0,227030.0,25598.0,7487376.0,384500.0,19473.0,6007996.0,314078.0,19129.0,6754274.0,272185.0,24815.0,6841636.0,266232.0,25698.0,9223834.0,373995.0,24663.0,8127327.0,317561.0,25593.0,6946422.0,293333.0,23681.0,6096470.0,247392.0,24643.0,0.0,0.0,5746.5,6298.0,0.0,0.0,0.0,0.0,0.0,0.0,0.0,0.0,0.0,0.0,0.0,0.0,3291.0,2390.5,0.0,0.0,0.0,0.0,252.25,1133.0,0.0,0.0,0.0,0.0,0.0,0.0,0.0,0.0,0.0,0.0,0.0,0.0,944.5,1208.0,0.0,0.0,0.0,0.0,52.0,523.5,0.0,0.0,0.0,0.0,0.0,0.0,0.0,0.0,0.0,0.0,0.0,0.0,518.0,1592.75,0.0,0.0,0.0,0.0,6.75,117.25,0.0,0.0,0.0,0.0,0.0,0.0,0.0,0.0,0.0,0.0,0.0,0.0,71.5,477.75,0.0,0.0,,,,,,,,,,,,,,,,,,,,,,,,,,,,,,,,,,,,,,,,,,,,,,,,,,,,,,,,,,,,,,,,,,,,,,,,,,,,,,,,,,,,,,,,,,,,,,,,,,,,,,,,,,,,,,,,,,,,,,,,,,,,,,,,,,,,,,,,,,,,,,,,,,,,,,,,,,,,,,,,,,,,,,,,,,,,,,,,,,,,,,,,,,,,,,,,,,,,,,,,
Valby,2021,471.0,404.0,446.0,432.0,585.0,551.0,243.0,245.0,80.0,97.0,,,,,150.0,136.0,48.0,45.0,50.0,35.0,40.0,32.0,27.0,33.0,,,,,114.0,130.0,121.0,104.0,496.0,590.0,1070.0,1034.0,643.0,682.0,575.0,598.0,542.0,454.0,37.0,43.0,56.0,59.0,762.0,858.0,775.0,716.0,368.0,325.0,215.0,150.0,174.0,216.0,2933.0,2852.0,2094.0,2073.0,5507.0,5888.0,3629.0,3404.0,2966.0,2776.0,2322.0,2280.0,3122.0,4068.0,1775.0,1228.0,809.0,493.0,521.0,526.0,419.0,244.0,117.0,133.0,220.0,152.0,118.0,102.0,129.0,127.0,80.0,44.0,33.0,49.0,412.0,294.0,212.0,131.0,117.0,490.0,283.0,191.0,110.0,93.0,6883552.0,267822.0,25702.0,6265145.0,237992.0,26325.0,8204370.0,390591.0,21005.0,6558224.0,322240.0,20352.0,7381021.0,285323.0,25869.0,7406556.0,279630.0,26487.0,10082936.0,392577.0,25684.0,8769531.0,333214.0,26318.0,7541493.0,307102.0,24557.0,6534641.0,257624.0,25365.0,0.0,0.0,6041.5,6575.5,0.0,0.0,0.0,0.0,0.0,0.0,0.0,0.0,0.0,0.0,0.0,0.0,3459.0,2440.25,0.0,0.0,0.0,0.0,242.5,1132.0,0.0,0.0,0.0,0.0,0.0,0.0,0.0,0.0,0.0,0.0,0.0,0.0,972.0,1238.0,0.0,0.0,0.0,0.0,56.5,518.25,0.0,0.0,0.0,0.0,0.0,0.0,0.0,0.0,0.0,0.0,0.0,0.0,538.75,1641.5,0.0,0.0,0.0,0.0,8.5,114.5,0.0,0.0,0.0,0.0,0.0,0.0,0.0,0.0,0.0,0.0,0.0,0.0,79.25,485.0,0.0,0.0,,,,,,,,,,,,,,,,,,,,,,,,,,,,,,,,,,,,,,,,,,,,,,,,,,,,,,,,,,,,,,,,,,,,,,,,,,,,,,,,,,,,,,,,,,,,,,,,,,,,,,,,,,,,,,,,,,,,,,,,,,,,,,,,,,,,,,,,,,,,,,,,,,,,,,,,,,,,,,,,,,,,,,,,,,,,,,,,,,,,,,,,,,,,,,,,,,,,,,,,
Valby,2022,450.0,412.0,426.0,415.0,669.0,649.0,280.0,258.0,97.0,119.0,,,,,157.0,166.0,50.0,45.0,61.0,36.0,47.0,32.0,26.0,33.0,,,,,116.0,139.0,134.0,120.0,532.0,633.0,1139.0,1081.0,702.0,694.0,583.0,594.0,570.0,501.0,52.0,40.0,61.0,71.0,836.0,931.0,866.0,807.0,404.0,361.0,211.0,166.0,188.0,225.0,2982.0,2826.0,2176.0,2117.0,6032.0,6181.0,3626.0,3442.0,2950.0,2702.0,2361.0,2299.0,3128.0,4085.0,2108.0,1121.0,640.0,304.0,242.0,671.0,375.0,197.0,85.0,63.0,244.0,176.0,92.0,53.0,47.0,130.0,67.0,38.0,20.0,30.0,477.0,230.0,151.0,79.0,55.0,586.0,273.0,162.0,67.0,47.0,7129784.0,272306.0,26183.0,6371274.0,238839.0,26676.0,8733081.0,403413.0,21648.0,6955003.0,332966.0,20888.0,7605934.0,289364.0,26285.0,7592442.0,283893.0,26744.0,10463754.0,399945.0,26163.0,8971940.0,336355.0,26674.0,7735413.0,308663.0,25061.0,6695298.0,259598.0,25791.0,0.0,0.0,6441.0,6903.75,0.0,0.0,0.0,0.0,0.0,0.0,0.0,0.0,0.0,0.0,0.0,0.0,3536.25,2483.0,0.0,0.0,0.0,0.0,245.5,1129.25,0.0,0.0,0.0,0.0,0.0,0.0,0.0,0.0,0.0,0.0,0.0,0.0,962.25,1246.75,0.0,0.0,0.0,0.0,62.5,526.0,0.0,0.0,0.0,0.0,0.0,0.0,0.0,0.0,0.0,0.0,0.0,0.0,571.75,1665.5,0.0,0.0,0.0,0.0,9.0,121.75,0.0,0.0,0.0,0.0,0.0,0.0,0.0,0.0,0.0,0.0,0.0,0.0,88.5,483.5,0.0,0.0,,,,,,,,,,,,,,,,,,,,,,,,,,,,,,,,,,,,,,,,,,,,,,,,,,,,,,,,,,,,,,,,,,,,,,,,,,,,,,,,,,,,,,,,,,,,,,,,,,,,,,,,,,,,,,,,,,,,,,,,,,,,,,,,,,,,,,,,,,,,,,,,,,,,,,,,,,,,,,,,,,,,,,,,,,,,,,,,,,,,,,,,,,,,,,,,,,,,,,,,
Valby,2023,432.0,394.0,414.0,381.0,670.0,623.0,325.0,304.0,100.0,129.0,,,,,157.0,171.0,58.0,48.0,60.0,40.0,33.0,34.0,28.0,31.0,,,,,218.0,222.0,272.0,260.0,710.0,804.0,1297.0,1358.0,804.0,883.0,608.0,703.0,654.0,649.0,59.0,54.0,54.0,72.0,876.0,981.0,938.0,869.0,430.0,375.0,228.0,184.0,194.0,222.0,2961.0,2793.0,2230.0,2165.0,6037.0,6111.0,3702.0,3481.0,2859.0,2643.0,2402.0,2334.0,3150.0,4092.0,1874.0,1131.0,603.0,342.0,285.0,552.0,361.0,184.0,90.0,91.0,216.0,129.0,75.0,57.0,54.0,119.0,84.0,42.0,34.0,25.0,472.0,259.0,153.0,82.0,56.0,515.0,298.0,149.0,79.0,59.0,7636166.0,292473.0,26109.0,6765750.0,252850.0,26758.0,9239276.0,424775.0,21751.0,7340209.0,348936.0,21036.0,8150035.0,311367.0,26175.0,8167225.0,304010.0,26865.0,11227869.0,430847.0,26060.0,9556080.0,357557.0,26726.0,8158668.0,320866.0,25427.0,7001448.0,266630.0,26259.0,0.0,0.0,6577.0,6958.25,0.0,0.0,0.0,0.0,0.0,0.0,0.0,0.0,0.0,0.0,0.0,0.0,3539.5,2568.0,0.0,0.0,0.0,0.0,249.75,1101.25,0.0,0.0,0.0,0.0,0.0,0.0,0.0,0.0,0.0,0.0,0.0,0.0,962.5,1252.0,0.0,0.0,0.0,0.0,65.25,525.25,0.0,0.0,0.0,0.0,0.0,0.0,0.0,0.0,0.0,0.0,0.0,0.0,609.75,1723.25,0.0,0.0,0.0,0.0,9.5,120.75,0.0,0.0,0.0,0.0,0.0,0.0,0.0,0.0,0.0,0.0,0.0,0.0,98.75,484.5,0.0,0.0,,,,,,,,,,,,,,,,,,,,,,,,,,,,,,,,,,,,,,,,,,,,,,,,,,,,,,,,,,,,,,,,,,,,,,,,,,,,,,,,,,,,,,,,,,,,,,,,,,,,,,,,,,,,,,,,,,,,,,,,,,,,,,,,,,,,,,,,,,,,,,,,,,,,,,,,,,,,,,,,,,,,,,,,,,,,,,,,,,,,,,,,,,,,,,,,,,,,,,,,
Valby,2024,399.0,359.0,406.0,369.0,639.0,637.0,346.0,302.0,106.0,136.0,,,,,157.0,177.0,65.0,53.0,71.0,45.0,36.0,37.0,28.0,28.0,,,,,169.0,168.0,241.0,203.0,817.0,824.0,1244.0,1282.0,830.0,838.0,574.0,659.0,685.0,666.0,60.0,60.0,47.0,71.0,848.0,983.0,1007.0,916.0,441.0,392.0,239.0,192.0,198.0,225.0,2904.0,2731.0,2236.0,2168.0,5763.0,5904.0,3733.0,3499.0,2773.0,2581.0,2426.0,2363.0,3234.0,4088.0,,,,,,,,,,,,,,,,,,,,,,,,,,,,,,,8212377.0,309527.0,26532.0,7189061.0,265367.0,27091.0,9830083.0,443756.0,22152.0,7932934.0,371253.0,21368.0,8802618.0,331125.0,26584.0,8696274.0,320022.0,27174.0,12158696.0,458905.0,26495.0,10248866.0,378816.0,27055.0,8761458.0,337693.0,25945.0,7544727.0,283338.0,26628.0,0.0,0.0,6633.0,6949.5,0.0,0.0,0.0,0.0,0.0,0.0,0.0,0.0,0.0,0.0,0.0,0.0,3573.75,2623.75,0.0,0.0,0.0,0.0,270.75,1129.5,0.0,0.0,0.0,0.0,0.0,0.0,0.0,0.0,0.0,0.0,0.0,0.0,888.25,1278.5,0.0,0.0,0.0,0.0,62.5,536.5,0.0,0.0,0.0,0.0,0.0,0.0,0.0,0.0,0.0,0.0,0.0,0.0,617.0,1757.5,0.0,0.0,0.0,0.0,11.25,117.25,0.0,0.0,0.0,0.0,0.0,0.0,0.0,0.0,0.0,0.0,0.0,0.0,96.0,471.5,0.0,0.0,,,,,,,,,,,,,,,,,,,,,,,,,,,,,,,,,,,,,,,,,,,,,,,,,,,,,,,,,,,,,,,,,,,,,,,,,,,,,,,,,,,,,,,,,,,,,,,,,,,,,,,,,,,,,,,,,,,,,,,,,,,,,,,,,,,,,,,,,,,,,,,,,,,,,,,,,,,,,,,,,,,,,,,,,,,,,,,,,,,,,,,,,,,,,,,,,,,,,,,,
Valby,2025,376.0,340.0,405.0,368.0,580.0,609.0,380.0,319.0,121.0,142.0,,,,,155.0,182.0,72.0,69.0,65.0,40.0,45.0,33.0,30.0,29.0,,,,,145.0,163.0,245.0,206.0,837.0,852.0,1242.0,1235.0,848.0,871.0,563.0,659.0,716.0,680.0,58.0,68.0,46.0,54.0,803.0,908.0,1006.0,977.0,447.0,391.0,245.0,212.0,218.0,231.0,2908.0,2675.0,2271.0,2158.0,5531.0,5674.0,3861.0,3597.0,2625.0,2549.0,2439.0,2380.0,3324.0,4093.0,,,,,,,,,,,,,,,,,,,,,,,,,,,,,,,,,,,,,,,,,,,,,,,,,,,,,,,,,,,,,,,,,,,,,,,,,,,,,,,,,,,,,,,,,,,,,,,,,,,,,,,,,,,,,,,,,,,,,,,,,,,,,,,,,,,,,,,,,,,,,,,,,,,,,,,,,,,,,,,,,,,,,,,,,,,,,,,,,,,,,,,,,,,,,,,,,,,,,,,,,,,,,,,,,,,,,,,,,,,,,,,,,,,,,,,,,,,,,,,,,,,,,,,,,,,,,,,,,,,,,,,,,,,,,,,,,,,,,,,,,,,,,,,,,,,,,,,,,,,,,,,,,,,,,,,,,,,,,,,,,,,,,,,,,,,,,,,,,,,,
Valby,2026,,,,,,,,,,,,,,,,,,,,,,,,,,,,,,,,,,,,,,,,,,,,,,,,,,,,,,,,,,,,,,,,,,,,,,,,,,,,,,,,,,,,,,,,,,,,,,,,,,,,,,,,,,,,,,,,,,,,,,,,,,,,,,,,,,,,,,,,,,,,,,,,,,,,,,,,,,,,,,,,,,,,,,,,,,,,,,,,,,,,,,,,,,,,,,,,,,,,,,,,,,,,,,,,,,,475.0,404.0,347.0,269.0,292.0,314.0,303.0,300.0,311.0,328.0,319.0,305.0,360.0,343.0,436.0,673.0,876.0,947.0,854.0,925.0,936.0,922.0,877.0,361.0,876.0,849.0,778.0,761.0,679.0,696.0,575.0,557.0,475.0,483.0,360.0,446.0,407.0,424.0,392.0,443.0,384.0,413.0,387.0,354.0,399.0,350.0,403.0,405.0,368.0,355.0,319.0,301.0,295.0,281.0,294.0,345.0,337.0,275.0,311.0,273.0,259.0,232.0,209.0,195.0,186.0,195.0,181.0,297.0,169.0,146.0,160.0,131.0,147.0,128.0,109.0,126.0,129.0,135.0,326.0,97.0,105.0,93.0,56.0,62.0,44.0,50.0,39.0,27.0,23.0,348.0,14.0,6.0,11.0,5.0,4.0,7.0,3.0,3.0,3.0,1.0,455.0,354.0,288.0,305.0,276.0,277.0,278.0,298.0,297.0,281.0,254.0,323.0,346.0,362.0,512.0,819.0,907.0,962.0,1010.0,947.0,915.0,893.0,884.0,365.0,895.0,784.0,708.0,691.0,647.0,625.0,570.0,542.0,434.0,450.0,318.0,472.0,416.0,379.0,376.0,387.0,381.0,395.0,414.0,396.0,414.0,346.0,386.0,367.0,364.0,370.0,342.0,294.0,265.0,321.0,311.0,318.0,326.0,319.0,302.0,264.0,245.0,254.0,239.0,197.0,226.0,211.0,197.0,292.0,166.0,173.0,211.0,172.0,172.0,172.0,134.0,157.0,155.0,140.0,326.0,136.0,122.0,125.0,86.0,76.0,62.0,59.0,69.0,59.0,56.0,301.0,41.0,35.0,30.0,30.0,23.0,12.0,14.0,13.0,4.0,14.0
Valby,2027,,,,,,,,,,,,,,,,,,,,,,,,,,,,,,,,,,,,,,,,,,,,,,,,,,,,,,,,,,,,,,,,,,,,,,,,,,,,,,,,,,,,,,,,,,,,,,,,,,,,,,,,,,,,,,,,,,,,,,,,,,,,,,,,,,,,,,,,,,,,,,,,,,,,,,,,,,,,,,,,,,,,,,,,,,,,,,,,,,,,,,,,,,,,,,,,,,,,,,,,,,,,,,,,,,,487.0,424.0,344.0,339.0,275.0,287.0,315.0,298.0,307.0,315.0,343.0,341.0,365.0,353.0,489.0,642.0,799.0,890.0,931.0,883.0,915.0,921.0,885.0,332.0,848.0,849.0,808.0,754.0,719.0,653.0,654.0,551.0,526.0,462.0,343.0,468.0,439.0,395.0,415.0,385.0,423.0,375.0,406.0,377.0,353.0,340.0,390.0,405.0,398.0,363.0,348.0,318.0,298.0,286.0,282.0,292.0,327.0,345.0,276.0,302.0,264.0,251.0,227.0,205.0,188.0,183.0,188.0,333.0,173.0,164.0,142.0,155.0,127.0,140.0,125.0,106.0,123.0,124.0,303.0,127.0,93.0,99.0,86.0,51.0,58.0,39.0,42.0,35.0,23.0,320.0,19.0,11.0,5.0,8.0,3.0,2.0,5.0,2.0,2.0,3.0,466.0,401.0,300.0,283.0,303.0,275.0,274.0,278.0,308.0,288.0,295.0,285.0,332.0,392.0,530.0,709.0,882.0,939.0,974.0,1000.0,932.0,896.0,858.0,321.0,856.0,845.0,740.0,658.0,655.0,620.0,599.0,541.0,519.0,429.0,338.0,444.0,454.0,407.0,369.0,377.0,390.0,380.0,389.0,415.0,393.0,301.0,409.0,390.0,367.0,359.0,370.0,343.0,292.0,264.0,319.0,314.0,329.0,311.0,316.0,298.0,258.0,240.0,251.0,233.0,195.0,220.0,202.0,322.0,196.0,162.0,170.0,206.0,168.0,168.0,168.0,132.0,152.0,147.0,290.0,139.0,130.0,118.0,117.0,82.0,72.0,60.0,56.0,65.0,54.0,325.0,48.0,35.0,28.0,26.0,24.0,18.0,9.0,11.0,9.0,13.0
Valby,2028,,,,,,,,,,,,,,,,,,,,,,,,,,,,,,,,,,,,,,,,,,,,,,,,,,,,,,,,,,,,,,,,,,,,,,,,,,,,,,,,,,,,,,,,,,,,,,,,,,,,,,,,,,,,,,,,,,,,,,,,,,,,,,,,,,,,,,,,,,,,,,,,,,,,,,,,,,,,,,,,,,,,,,,,,,,,,,,,,,,,,,,,,,,,,,,,,,,,,,,,,,,,,,,,,,,496.0,438.0,315.0,335.0,338.0,269.0,287.0,307.0,301.0,306.0,322.0,356.0,385.0,383.0,500.0,669.0,767.0,836.0,892.0,946.0,890.0,902.0,891.0,338.0,856.0,828.0,813.0,782.0,715.0,689.0,620.0,618.0,523.0,507.0,316.0,449.0,460.0,422.0,387.0,402.0,371.0,410.0,368.0,393.0,373.0,325.0,345.0,389.0,397.0,391.0,353.0,346.0,312.0,289.0,286.0,281.0,319.0,294.0,341.0,270.0,290.0,256.0,244.0,221.0,198.0,185.0,177.0,322.0,180.0,168.0,159.0,138.0,150.0,121.0,136.0,121.0,103.0,117.0,333.0,117.0,120.0,89.0,91.0,78.0,48.0,50.0,32.0,38.0,30.0,296.0,19.0,14.0,9.0,5.0,6.0,2.0,2.0,3.0,1.0,3.0,474.0,414.0,319.0,294.0,280.0,298.0,270.0,270.0,285.0,296.0,299.0,319.0,373.0,369.0,561.0,712.0,800.0,921.0,958.0,975.0,981.0,911.0,865.0,312.0,837.0,813.0,791.0,692.0,630.0,629.0,593.0,567.0,518.0,505.0,301.0,423.0,427.0,438.0,392.0,367.0,378.0,384.0,373.0,389.0,409.0,315.0,386.0,409.0,387.0,359.0,356.0,369.0,337.0,288.0,262.0,318.0,290.0,306.0,307.0,311.0,290.0,252.0,236.0,244.0,227.0,190.0,210.0,323.0,199.0,189.0,158.0,165.0,198.0,163.0,162.0,163.0,128.0,144.0,314.0,145.0,133.0,125.0,111.0,110.0,78.0,69.0,57.0,54.0,58.0,289.0,47.0,41.0,29.0,25.0,21.0,18.0,13.0,8.0,7.0,16.0
Valby,2029,,,,,,,,,,,,,,,,,,,,,,,,,,,,,,,,,,,,,,,,,,,,,,,,,,,,,,,,,,,,,,,,,,,,,,,,,,,,,,,,,,,,,,,,,,,,,,,,,,,,,,,,,,,,,,,,,,,,,,,,,,,,,,,,,,,,,,,,,,,,,,,,,,,,,,,,,,,,,,,,,,,,,,,,,,,,,,,,,,,,,,,,,,,,,,,,,,,,,,,,,,,,,,,,,,,505.0,448.0,292.0,310.0,335.0,328.0,271.0,281.0,309.0,301.0,317.0,340.0,397.0,396.0,525.0,672.0,774.0,805.0,843.0,908.0,932.0,878.0,872.0,357.0,857.0,833.0,792.0,788.0,736.0,685.0,651.0,591.0,581.0,506.0,323.0,490.0,445.0,442.0,412.0,376.0,386.0,363.0,397.0,359.0,387.0,300.0,364.0,345.0,381.0,390.0,378.0,351.0,338.0,303.0,289.0,283.0,305.0,283.0,293.0,331.0,261.0,281.0,251.0,238.0,213.0,194.0,179.0,318.0,171.0,175.0,162.0,155.0,133.0,142.0,118.0,131.0,117.0,98.0,322.0,110.0,111.0,113.0,82.0,82.0,72.0,43.0,42.0,30.0,32.0,325.0,25.0,15.0,11.0,8.0,3.0,4.0,2.0,1.0,2.0,2.0,483.0,423.0,286.0,312.0,292.0,278.0,293.0,267.0,278.0,275.0,307.0,322.0,386.0,395.0,543.0,730.0,789.0,849.0,932.0,952.0,956.0,948.0,872.0,348.0,840.0,796.0,764.0,731.0,662.0,610.0,602.0,561.0,543.0,508.0,294.0,493.0,409.0,415.0,422.0,390.0,370.0,372.0,376.0,375.0,385.0,284.0,402.0,386.0,404.0,378.0,356.0,358.0,363.0,332.0,285.0,263.0,301.0,309.0,303.0,304.0,303.0,284.0,249.0,229.0,237.0,221.0,183.0,288.0,207.0,193.0,185.0,155.0,161.0,192.0,158.0,158.0,158.0,121.0,315.0,142.0,139.0,128.0,118.0,105.0,103.0,74.0,65.0,54.0,49.0,312.0,51.0,40.0,34.0,25.0,20.0,16.0,14.0,11.0,5.0,17.0
Valby,2030,,,,,,,,,,,,,,,,,,,,,,,,,,,,,,,,,,,,,,,,,,,,,,,,,,,,,,,,,,,,,,,,,,,,,,,,,,,,,,,,,,,,,,,,,,,,,,,,,,,,,,,,,,,,,,,,,,,,,,,,,,,,,,,,,,,,,,,,,,,,,,,,,,,,,,,,,,,,,,,,,,,,,,,,,,,,,,,,,,,,,,,,,,,,,,,,,,,,,,,,,,,,,,,,,,,515.0,457.0,320.0,290.0,312.0,327.0,327.0,268.0,286.0,310.0,314.0,339.0,408.0,395.0,545.0,697.0,781.0,817.0,830.0,875.0,906.0,913.0,858.0,370.0,844.0,834.0,800.0,769.0,745.0,705.0,651.0,621.0,561.0,558.0,341.0,492.0,485.0,431.0,433.0,401.0,364.0,377.0,356.0,386.0,356.0,309.0,377.0,363.0,339.0,375.0,379.0,374.0,343.0,327.0,303.0,287.0,285.0,284.0,282.0,287.0,318.0,255.0,275.0,245.0,229.0,210.0,189.0,304.0,174.0,166.0,169.0,158.0,150.0,127.0,138.0,115.0,127.0,111.0,320.0,93.0,105.0,105.0,104.0,75.0,76.0,64.0,37.0,37.0,25.0,315.0,27.0,19.0,12.0,10.0,5.0,2.0,3.0,1.0,1.0,2.0,493.0,431.0,309.0,282.0,311.0,292.0,275.0,289.0,276.0,269.0,289.0,334.0,396.0,412.0,574.0,721.0,812.0,847.0,883.0,934.0,940.0,932.0,907.0,361.0,847.0,802.0,753.0,713.0,698.0,642.0,587.0,572.0,540.0,534.0,327.0,499.0,475.0,402.0,403.0,420.0,394.0,366.0,367.0,378.0,373.0,279.0,380.0,402.0,383.0,394.0,376.0,359.0,354.0,358.0,327.0,285.0,273.0,258.0,306.0,301.0,298.0,297.0,279.0,243.0,225.0,232.0,212.0,297.0,181.0,202.0,188.0,180.0,151.0,156.0,186.0,154.0,153.0,149.0,285.0,120.0,136.0,132.0,120.0,110.0,98.0,95.0,68.0,57.0,46.0,313.0,42.0,43.0,33.0,29.0,20.0,15.0,12.0,11.0,7.0,15.0
Valby,2031,,,,,,,,,,,,,,,,,,,,,,,,,,,,,,,,,,,,,,,,,,,,,,,,,,,,,,,,,,,,,,,,,,,,,,,,,,,,,,,,,,,,,,,,,,,,,,,,,,,,,,,,,,,,,,,,,,,,,,,,,,,,,,,,,,,,,,,,,,,,,,,,,,,,,,,,,,,,,,,,,,,,,,,,,,,,,,,,,,,,,,,,,,,,,,,,,,,,,,,,,,,,,,,,,,,517.0,463.0,309.0,314.0,292.0,305.0,326.0,319.0,272.0,287.0,317.0,335.0,414.0,395.0,549.0,710.0,806.0,828.0,839.0,866.0,878.0,890.0,882.0,377.0,832.0,819.0,798.0,772.0,725.0,711.0,665.0,619.0,585.0,541.0,351.0,536.0,486.0,466.0,423.0,420.0,385.0,355.0,367.0,346.0,379.0,324.0,347.0,374.0,356.0,334.0,363.0,375.0,364.0,332.0,327.0,300.0,291.0,287.0,282.0,276.0,277.0,308.0,251.0,268.0,237.0,226.0,204.0,283.0,183.0,170.0,162.0,165.0,153.0,143.0,124.0,134.0,112.0,121.0,304.0,105.0,89.0,100.0,98.0,94.0,70.0,67.0,54.0,34.0,32.0,313.0,21.0,20.0,15.0,10.0,7.0,3.0,1.0,2.0,0.0,2.0,496.0,436.0,308.0,302.0,282.0,308.0,287.0,271.0,294.0,266.0,281.0,319.0,400.0,425.0,602.0,751.0,815.0,873.0,883.0,896.0,921.0,915.0,891.0,368.0,874.0,803.0,755.0,701.0,680.0,669.0,614.0,558.0,549.0,530.0,338.0,521.0,480.0,461.0,389.0,400.0,421.0,388.0,359.0,367.0,375.0,307.0,368.0,380.0,397.0,372.0,389.0,377.0,354.0,349.0,351.0,326.0,268.0,278.0,257.0,302.0,295.0,292.0,292.0,272.0,239.0,220.0,222.0,270.0,210.0,178.0,197.0,184.0,175.0,148.0,152.0,181.0,150.0,146.0,290.0,147.0,115.0,130.0,125.0,113.0,104.0,92.0,89.0,63.0,51.0,284.0,41.0,37.0,36.0,29.0,23.0,16.0,12.0,10.0,7.0,15.0
Valby,2032,,,,,,,,,,,,,,,,,,,,,,,,,,,,,,,,,,,,,,,,,,,,,,,,,,,,,,,,,,,,,,,,,,,,,,,,,,,,,,,,,,,,,,,,,,,,,,,,,,,,,,,,,,,,,,,,,,,,,,,,,,,,,,,,,,,,,,,,,,,,,,,,,,,,,,,,,,,,,,,,,,,,,,,,,,,,,,,,,,,,,,,,,,,,,,,,,,,,,,,,,,,,,,,,,,,529.0,470.0,309.0,305.0,316.0,287.0,306.0,319.0,321.0,274.0,297.0,336.0,423.0,395.0,549.0,724.0,819.0,856.0,853.0,877.0,876.0,871.0,867.0,385.0,855.0,814.0,789.0,774.0,731.0,696.0,676.0,635.0,586.0,565.0,360.0,525.0,528.0,471.0,458.0,414.0,405.0,376.0,348.0,358.0,344.0,337.0,368.0,347.0,367.0,351.0,326.0,361.0,367.0,353.0,332.0,323.0,308.0,302.0,286.0,276.0,268.0,271.0,302.0,247.0,259.0,234.0,219.0,291.0,198.0,179.0,165.0,159.0,160.0,146.0,139.0,121.0,130.0,107.0,285.0,114.0,101.0,85.0,93.0,89.0,87.0,62.0,56.0,49.0,29.0,299.0,27.0,16.0,16.0,13.0,7.0,4.0,3.0,1.0,1.0,2.0,507.0,443.0,283.0,303.0,302.0,282.0,304.0,284.0,280.0,284.0,278.0,313.0,410.0,417.0,615.0,780.0,841.0,879.0,907.0,898.0,895.0,902.0,880.0,376.0,866.0,831.0,759.0,707.0,674.0,657.0,641.0,587.0,539.0,542.0,347.0,520.0,503.0,469.0,446.0,389.0,405.0,416.0,382.0,361.0,365.0,320.0,370.0,371.0,378.0,387.0,369.0,390.0,373.0,350.0,345.0,350.0,296.0,317.0,276.0,256.0,296.0,291.0,289.0,285.0,267.0,234.0,212.0,266.0,220.0,206.0,175.0,193.0,179.0,171.0,144.0,150.0,176.0,143.0,266.0,143.0,141.0,111.0,122.0,117.0,106.0,97.0,85.0,80.0,54.0,289.0,44.0,35.0,32.0,31.0,24.0,18.0,12.0,9.0,6.0,15.0
Valby,2033,,,,,,,,,,,,,,,,,,,,,,,,,,,,,,,,,,,,,,,,,,,,,,,,,,,,,,,,,,,,,,,,,,,,,,,,,,,,,,,,,,,,,,,,,,,,,,,,,,,,,,,,,,,,,,,,,,,,,,,,,,,,,,,,,,,,,,,,,,,,,,,,,,,,,,,,,,,,,,,,,,,,,,,,,,,,,,,,,,,,,,,,,,,,,,,,,,,,,,,,,,,,,,,,,,,537.0,481.0,296.0,307.0,308.0,310.0,289.0,302.0,323.0,320.0,287.0,319.0,431.0,393.0,554.0,720.0,836.0,869.0,882.0,892.0,887.0,874.0,853.0,395.0,844.0,834.0,787.0,766.0,733.0,703.0,664.0,648.0,601.0,567.0,369.0,548.0,520.0,509.0,464.0,447.0,402.0,395.0,369.0,341.0,355.0,347.0,336.0,366.0,342.0,362.0,342.0,325.0,354.0,355.0,352.0,329.0,321.0,325.0,300.0,280.0,268.0,262.0,267.0,295.0,241.0,256.0,229.0,307.0,213.0,194.0,175.0,163.0,155.0,154.0,143.0,136.0,118.0,125.0,294.0,102.0,109.0,96.0,79.0,85.0,84.0,78.0,54.0,52.0,42.0,281.0,25.0,20.0,13.0,14.0,9.0,4.0,3.0,1.0,0.0,2.0,514.0,453.0,287.0,281.0,303.0,302.0,280.0,300.0,294.0,272.0,294.0,310.0,418.0,412.0,617.0,787.0,870.0,902.0,916.0,921.0,899.0,882.0,869.0,386.0,859.0,826.0,785.0,711.0,681.0,654.0,631.0,611.0,567.0,534.0,355.0,532.0,503.0,492.0,455.0,443.0,396.0,402.0,408.0,383.0,360.0,330.0,361.0,372.0,369.0,370.0,384.0,371.0,386.0,368.0,347.0,344.0,309.0,340.0,314.0,275.0,253.0,291.0,288.0,283.0,281.0,262.0,226.0,293.0,212.0,217.0,203.0,173.0,188.0,176.0,167.0,143.0,147.0,167.0,264.0,142.0,138.0,135.0,106.0,115.0,112.0,102.0,94.0,80.0,71.0,267.0,50.0,40.0,31.0,29.0,26.0,19.0,14.0,11.0,6.0,16.0
Valby,2034,,,,,,,,,,,,,,,,,,,,,,,,,,,,,,,,,,,,,,,,,,,,,,,,,,,,,,,,,,,,,,,,,,,,,,,,,,,,,,,,,,,,,,,,,,,,,,,,,,,,,,,,,,,,,,,,,,,,,,,,,,,,,,,,,,,,,,,,,,,,,,,,,,,,,,,,,,,,,,,,,,,,,,,,,,,,,,,,,,,,,,,,,,,,,,,,,,,,,,,,,,,,,,,,,,,540.0,487.0,278.0,293.0,310.0,302.0,311.0,285.0,307.0,322.0,327.0,310.0,440.0,377.0,538.0,722.0,827.0,887.0,891.0,918.0,899.0,880.0,854.0,402.0,831.0,823.0,802.0,764.0,725.0,703.0,668.0,635.0,612.0,580.0,377.0,550.0,541.0,503.0,499.0,453.0,431.0,393.0,386.0,360.0,338.0,354.0,345.0,335.0,358.0,337.0,350.0,340.0,319.0,342.0,354.0,347.0,329.0,330.0,322.0,293.0,271.0,261.0,257.0,262.0,285.0,239.0,249.0,319.0,222.0,207.0,189.0,172.0,159.0,149.0,150.0,140.0,132.0,113.0,309.0,119.0,98.0,104.0,89.0,72.0,80.0,75.0,66.0,49.0,44.0,289.0,36.0,19.0,16.0,12.0,10.0,5.0,3.0,2.0,1.0,1.0,517.0,459.0,266.0,283.0,282.0,302.0,298.0,277.0,309.0,285.0,283.0,323.0,426.0,404.0,603.0,790.0,872.0,929.0,934.0,929.0,917.0,883.0,851.0,393.0,845.0,817.0,779.0,733.0,683.0,658.0,627.0,602.0,588.0,561.0,364.0,526.0,514.0,491.0,476.0,452.0,447.0,393.0,394.0,408.0,381.0,337.0,356.0,362.0,369.0,360.0,367.0,384.0,366.0,380.0,363.0,346.0,318.0,334.0,336.0,311.0,270.0,249.0,287.0,282.0,279.0,275.0,252.0,306.0,225.0,208.0,213.0,199.0,170.0,183.0,171.0,164.0,140.0,140.0,289.0,164.0,136.0,131.0,127.0,99.0,109.0,106.0,95.0,86.0,71.0,264.0,63.0,44.0,34.0,29.0,23.0,20.0,15.0,12.0,6.0,15.0
Valby,2035,,,,,,,,,,,,,,,,,,,,,,,,,,,,,,,,,,,,,,,,,,,,,,,,,,,,,,,,,,,,,,,,,,,,,,,,,,,,,,,,,,,,,,,,,,,,,,,,,,,,,,,,,,,,,,,,,,,,,,,,,,,,,,,,,,,,,,,,,,,,,,,,,,,,,,,,,,,,,,,,,,,,,,,,,,,,,,,,,,,,,,,,,,,,,,,,,,,,,,,,,,,,,,,,,,,539.0,487.0,285.0,275.0,295.0,304.0,302.0,306.0,290.0,308.0,328.0,343.0,443.0,364.0,515.0,687.0,821.0,868.0,903.0,919.0,917.0,885.0,854.0,408.0,828.0,807.0,787.0,772.0,720.0,692.0,665.0,636.0,599.0,589.0,383.0,560.0,542.0,521.0,493.0,484.0,436.0,420.0,384.0,375.0,355.0,361.0,329.0,343.0,328.0,351.0,326.0,346.0,331.0,309.0,340.0,348.0,336.0,346.0,326.0,314.0,283.0,263.0,256.0,252.0,254.0,281.0,233.0,327.0,241.0,217.0,201.0,185.0,167.0,152.0,146.0,146.0,136.0,127.0,321.0,108.0,114.0,94.0,96.0,82.0,68.0,71.0,64.0,60.0,43.0,303.0,37.0,27.0,16.0,14.0,8.0,6.0,4.0,2.0,1.0,1.0,516.0,459.0,262.0,262.0,283.0,283.0,297.0,294.0,287.0,298.0,296.0,312.0,429.0,408.0,584.0,759.0,869.0,920.0,951.0,937.0,918.0,893.0,847.0,398.0,826.0,801.0,767.0,724.0,699.0,656.0,629.0,596.0,578.0,578.0,369.0,550.0,506.0,500.0,474.0,471.0,456.0,440.0,386.0,394.0,403.0,344.0,375.0,356.0,358.0,359.0,357.0,368.0,378.0,360.0,372.0,361.0,324.0,335.0,331.0,332.0,304.0,266.0,247.0,280.0,278.0,273.0,264.0,314.0,249.0,221.0,204.0,209.0,194.0,166.0,178.0,168.0,160.0,133.0,302.0,139.0,157.0,130.0,124.0,119.0,94.0,103.0,100.0,88.0,77.0,288.0,63.0,55.0,37.0,31.0,23.0,18.0,16.0,13.0,7.0,16.0
Valby,2036,,,,,,,,,,,,,,,,,,,,,,,,,,,,,,,,,,,,,,,,,,,,,,,,,,,,,,,,,,,,,,,,,,,,,,,,,,,,,,,,,,,,,,,,,,,,,,,,,,,,,,,,,,,,,,,,,,,,,,,,,,,,,,,,,,,,,,,,,,,,,,,,,,,,,,,,,,,,,,,,,,,,,,,,,,,,,,,,,,,,,,,,,,,,,,,,,,,,,,,,,,,,,,,,,,,537.0,486.0,298.0,281.0,277.0,289.0,304.0,296.0,309.0,291.0,316.0,345.0,443.0,390.0,488.0,658.0,777.0,861.0,880.0,928.0,913.0,900.0,856.0,410.0,825.0,802.0,771.0,756.0,725.0,687.0,654.0,632.0,598.0,576.0,388.0,568.0,550.0,521.0,509.0,478.0,463.0,424.0,408.0,373.0,370.0,366.0,344.0,327.0,335.0,322.0,338.0,323.0,337.0,320.0,307.0,335.0,342.0,348.0,341.0,317.0,303.0,275.0,258.0,250.0,244.0,252.0,273.0,333.0,228.0,236.0,211.0,197.0,180.0,160.0,149.0,142.0,142.0,131.0,328.0,121.0,103.0,108.0,87.0,88.0,77.0,61.0,60.0,59.0,51.0,314.0,37.0,28.0,22.0,14.0,10.0,5.0,5.0,2.0,1.0,1.0,514.0,457.0,285.0,259.0,262.0,282.0,279.0,293.0,302.0,277.0,307.0,323.0,429.0,394.0,573.0,730.0,831.0,915.0,938.0,950.0,921.0,891.0,853.0,401.0,820.0,783.0,750.0,712.0,690.0,669.0,625.0,596.0,571.0,568.0,374.0,565.0,529.0,493.0,482.0,470.0,474.0,449.0,430.0,386.0,390.0,348.0,396.0,374.0,352.0,348.0,355.0,358.0,362.0,371.0,353.0,370.0,330.0,349.0,332.0,327.0,325.0,298.0,263.0,242.0,275.0,272.0,263.0,319.0,262.0,245.0,217.0,201.0,204.0,189.0,162.0,175.0,163.0,152.0,309.0,132.0,134.0,149.0,123.0,116.0,112.0,90.0,97.0,93.0,79.0,299.0,69.0,56.0,46.0,34.0,25.0,18.0,14.0,14.0,8.0,17.0
Valby,2037,,,,,,,,,,,,,,,,,,,,,,,,,,,,,,,,,,,,,,,,,,,,,,,,,,,,,,,,,,,,,,,,,,,,,,,,,,,,,,,,,,,,,,,,,,,,,,,,,,,,,,,,,,,,,,,,,,,,,,,,,,,,,,,,,,,,,,,,,,,,,,,,,,,,,,,,,,,,,,,,,,,,,,,,,,,,,,,,,,,,,,,,,,,,,,,,,,,,,,,,,,,,,,,,,,,535.0,484.0,309.0,294.0,284.0,272.0,290.0,299.0,300.0,309.0,301.0,335.0,442.0,391.0,502.0,626.0,752.0,817.0,875.0,906.0,924.0,896.0,871.0,411.0,827.0,800.0,768.0,743.0,711.0,691.0,649.0,621.0,595.0,575.0,390.0,556.0,558.0,528.0,510.0,494.0,459.0,450.0,413.0,396.0,368.0,371.0,358.0,341.0,320.0,328.0,311.0,333.0,316.0,325.0,318.0,303.0,346.0,334.0,343.0,332.0,306.0,294.0,270.0,252.0,242.0,243.0,246.0,339.0,265.0,223.0,229.0,207.0,192.0,172.0,157.0,146.0,139.0,137.0,334.0,124.0,116.0,99.0,101.0,80.0,83.0,69.0,52.0,56.0,51.0,321.0,44.0,29.0,23.0,19.0,10.0,6.0,4.0,2.0,1.0,1.0,513.0,456.0,297.0,280.0,259.0,262.0,278.0,277.0,301.0,291.0,289.0,334.0,428.0,402.0,559.0,715.0,803.0,877.0,934.0,936.0,933.0,893.0,853.0,401.0,827.0,777.0,735.0,696.0,679.0,662.0,637.0,592.0,571.0,562.0,376.0,555.0,543.0,515.0,476.0,478.0,473.0,466.0,439.0,428.0,383.0,353.0,384.0,394.0,368.0,342.0,344.0,355.0,353.0,356.0,363.0,350.0,334.0,358.0,345.0,328.0,320.0,318.0,294.0,257.0,239.0,269.0,262.0,325.0,261.0,257.0,240.0,213.0,196.0,199.0,184.0,160.0,171.0,155.0,314.0,151.0,128.0,128.0,141.0,116.0,110.0,106.0,85.0,91.0,83.0,306.0,71.0,61.0,47.0,42.0,27.0,20.0,14.0,13.0,8.0,18.0
Valby,2038,,,,,,,,,,,,,,,,,,,,,,,,,,,,,,,,,,,,,,,,,,,,,,,,,,,,,,,,,,,,,,,,,,,,,,,,,,,,,,,,,,,,,,,,,,,,,,,,,,,,,,,,,,,,,,,,,,,,,,,,,,,,,,,,,,,,,,,,,,,,,,,,,,,,,,,,,,,,,,,,,,,,,,,,,,,,,,,,,,,,,,,,,,,,,,,,,,,,,,,,,,,,,,,,,,,531.0,482.0,316.0,305.0,296.0,278.0,272.0,285.0,303.0,300.0,317.0,321.0,440.0,386.0,498.0,633.0,716.0,793.0,829.0,899.0,898.0,905.0,864.0,409.0,839.0,800.0,764.0,739.0,698.0,677.0,652.0,616.0,584.0,571.0,390.0,554.0,546.0,536.0,516.0,494.0,473.0,446.0,437.0,401.0,390.0,373.0,357.0,355.0,332.0,314.0,317.0,308.0,324.0,304.0,322.0,313.0,351.0,303.0,330.0,333.0,319.0,297.0,288.0,264.0,244.0,240.0,237.0,343.0,239.0,259.0,218.0,225.0,201.0,184.0,169.0,154.0,142.0,134.0,340.0,130.0,119.0,110.0,92.0,92.0,76.0,74.0,59.0,49.0,49.0,327.0,44.0,34.0,24.0,20.0,14.0,6.0,5.0,2.0,1.0,2.0,509.0,454.0,303.0,292.0,280.0,259.0,258.0,274.0,286.0,289.0,301.0,317.0,426.0,411.0,567.0,700.0,785.0,847.0,894.0,931.0,916.0,902.0,852.0,400.0,824.0,781.0,729.0,682.0,663.0,650.0,629.0,602.0,567.0,561.0,376.0,549.0,533.0,527.0,497.0,471.0,480.0,465.0,455.0,437.0,423.0,354.0,377.0,383.0,388.0,357.0,338.0,344.0,349.0,346.0,349.0,360.0,338.0,338.0,352.0,341.0,321.0,314.0,313.0,287.0,254.0,234.0,259.0,329.0,260.0,256.0,253.0,236.0,209.0,192.0,194.0,181.0,157.0,163.0,320.0,154.0,145.0,123.0,122.0,132.0,110.0,104.0,100.0,80.0,81.0,311.0,75.0,64.0,51.0,43.0,34.0,22.0,15.0,13.0,8.0,19.0
Valby,2039,,,,,,,,,,,,,,,,,,,,,,,,,,,,,,,,,,,,,,,,,,,,,,,,,,,,,,,,,,,,,,,,,,,,,,,,,,,,,,,,,,,,,,,,,,,,,,,,,,,,,,,,,,,,,,,,,,,,,,,,,,,,,,,,,,,,,,,,,,,,,,,,,,,,,,,,,,,,,,,,,,,,,,,,,,,,,,,,,,,,,,,,,,,,,,,,,,,,,,,,,,,,,,,,,,,527.0,478.0,321.0,312.0,307.0,290.0,278.0,268.0,289.0,303.0,307.0,334.0,437.0,370.0,494.0,627.0,721.0,757.0,807.0,850.0,891.0,879.0,872.0,407.0,832.0,811.0,764.0,735.0,695.0,665.0,638.0,618.0,579.0,560.0,389.0,550.0,543.0,524.0,524.0,500.0,473.0,459.0,434.0,422.0,394.0,372.0,377.0,354.0,346.0,326.0,303.0,313.0,300.0,312.0,302.0,316.0,352.0,312.0,299.0,321.0,321.0,309.0,291.0,281.0,255.0,242.0,234.0,347.0,231.0,234.0,252.0,214.0,219.0,193.0,180.0,165.0,150.0,138.0,344.0,128.0,125.0,114.0,103.0,85.0,87.0,68.0,63.0,54.0,42.0,332.0,42.0,34.0,28.0,21.0,14.0,8.0,5.0,3.0,1.0,2.0,505.0,451.0,308.0,298.0,292.0,278.0,255.0,255.0,283.0,276.0,299.0,327.0,424.0,394.0,575.0,706.0,773.0,828.0,863.0,890.0,911.0,884.0,859.0,398.0,822.0,779.0,733.0,677.0,651.0,635.0,618.0,595.0,576.0,556.0,375.0,548.0,527.0,518.0,508.0,492.0,475.0,472.0,454.0,453.0,432.0,354.0,414.0,376.0,377.0,375.0,352.0,338.0,338.0,343.0,340.0,346.0,340.0,348.0,333.0,347.0,333.0,315.0,310.0,305.0,281.0,248.0,226.0,333.0,257.0,256.0,252.0,248.0,230.0,204.0,187.0,191.0,177.0,149.0,324.0,161.0,148.0,139.0,117.0,115.0,124.0,104.0,98.0,93.0,72.0,317.0,73.0,67.0,53.0,47.0,35.0,27.0,17.0,14.0,8.0,20.0
Valby,2040,,,,,,,,,,,,,,,,,,,,,,,,,,,,,,,,,,,,,,,,,,,,,,,,,,,,,,,,,,,,,,,,,,,,,,,,,,,,,,,,,,,,,,,,,,,,,,,,,,,,,,,,,,,,,,,,,,,,,,,,,,,,,,,,,,,,,,,,,,,,,,,,,,,,,,,,,,,,,,,,,,,,,,,,,,,,,,,,,,,,,,,,,,,,,,,,,,,,,,,,,,,,,,,,,,,522.0,474.0,327.0,317.0,314.0,301.0,290.0,273.0,272.0,289.0,311.0,325.0,434.0,381.0,470.0,629.0,716.0,761.0,772.0,829.0,842.0,872.0,847.0,405.0,840.0,805.0,774.0,734.0,691.0,662.0,627.0,605.0,580.0,556.0,387.0,539.0,539.0,521.0,512.0,508.0,479.0,460.0,446.0,420.0,415.0,371.0,382.0,373.0,346.0,339.0,314.0,299.0,304.0,289.0,308.0,298.0,352.0,315.0,308.0,291.0,309.0,311.0,302.0,284.0,272.0,253.0,236.0,349.0,228.0,226.0,229.0,247.0,210.0,210.0,190.0,176.0,161.0,145.0,348.0,132.0,123.0,119.0,107.0,95.0,80.0,78.0,58.0,58.0,47.0,336.0,37.0,33.0,28.0,24.0,15.0,8.0,7.0,3.0,1.0,2.0,500.0,447.0,314.0,303.0,298.0,291.0,274.0,252.0,264.0,273.0,288.0,323.0,421.0,397.0,555.0,716.0,780.0,818.0,844.0,860.0,870.0,879.0,842.0,396.0,829.0,777.0,731.0,680.0,646.0,624.0,604.0,585.0,569.0,565.0,373.0,542.0,525.0,511.0,499.0,502.0,495.0,467.0,461.0,452.0,448.0,353.0,424.0,412.0,371.0,365.0,369.0,351.0,332.0,331.0,336.0,337.0,340.0,335.0,342.0,328.0,339.0,326.0,311.0,302.0,299.0,275.0,239.0,334.0,225.0,252.0,252.0,248.0,242.0,225.0,199.0,185.0,186.0,169.0,327.0,149.0,155.0,141.0,132.0,110.0,109.0,117.0,98.0,91.0,82.0,321.0,65.0,65.0,56.0,49.0,38.0,28.0,21.0,15.0,9.0,20.0
Valby,2041,,,,,,,,,,,,,,,,,,,,,,,,,,,,,,,,,,,,,,,,,,,,,,,,,,,,,,,,,,,,,,,,,,,,,,,,,,,,,,,,,,,,,,,,,,,,,,,,,,,,,,,,,,,,,,,,,,,,,,,,,,,,,,,,,,,,,,,,,,,,,,,,,,,,,,,,,,,,,,,,,,,,,,,,,,,,,,,,,,,,,,,,,,,,,,,,,,,,,,,,,,,,,,,,,,,517.0,470.0,330.0,322.0,319.0,307.0,301.0,285.0,277.0,273.0,298.0,329.0,431.0,371.0,471.0,601.0,726.0,760.0,778.0,796.0,824.0,826.0,842.0,402.0,817.0,813.0,768.0,745.0,691.0,659.0,625.0,596.0,569.0,557.0,385.0,535.0,529.0,518.0,510.0,497.0,487.0,465.0,447.0,432.0,413.0,370.0,401.0,378.0,364.0,339.0,327.0,310.0,292.0,293.0,287.0,303.0,351.0,297.0,310.0,299.0,280.0,299.0,304.0,295.0,274.0,269.0,246.0,349.0,230.0,223.0,221.0,225.0,241.0,201.0,206.0,186.0,171.0,156.0,349.0,139.0,127.0,118.0,111.0,98.0,90.0,72.0,66.0,54.0,51.0,340.0,41.0,29.0,27.0,25.0,17.0,9.0,7.0,3.0,1.0,2.0,496.0,444.0,317.0,308.0,303.0,297.0,286.0,270.0,261.0,254.0,284.0,316.0,418.0,390.0,552.0,697.0,794.0,829.0,837.0,842.0,842.0,840.0,838.0,394.0,813.0,784.0,729.0,678.0,649.0,620.0,594.0,572.0,560.0,559.0,372.0,551.0,520.0,510.0,493.0,494.0,505.0,487.0,457.0,459.0,447.0,352.0,439.0,422.0,405.0,360.0,360.0,368.0,345.0,326.0,324.0,333.0,339.0,326.0,330.0,337.0,320.0,331.0,322.0,303.0,297.0,293.0,264.0,334.0,237.0,221.0,248.0,247.0,242.0,237.0,219.0,197.0,181.0,178.0,329.0,168.0,144.0,148.0,134.0,124.0,104.0,103.0,110.0,91.0,81.0,324.0,74.0,58.0,55.0,51.0,40.0,30.0,22.0,19.0,10.0,21.0
Valby,2042,,,,,,,,,,,,,,,,,,,,,,,,,,,,,,,,,,,,,,,,,,,,,,,,,,,,,,,,,,,,,,,,,,,,,,,,,,,,,,,,,,,,,,,,,,,,,,,,,,,,,,,,,,,,,,,,,,,,,,,,,,,,,,,,,,,,,,,,,,,,,,,,,,,,,,,,,,,,,,,,,,,,,,,,,,,,,,,,,,,,,,,,,,,,,,,,,,,,,,,,,,,,,,,,,,,510.0,465.0,334.0,326.0,324.0,312.0,307.0,295.0,289.0,277.0,281.0,317.0,427.0,374.0,452.0,594.0,698.0,774.0,776.0,799.0,790.0,807.0,795.0,399.0,810.0,789.0,775.0,737.0,700.0,658.0,622.0,593.0,560.0,546.0,382.0,536.0,525.0,508.0,505.0,493.0,476.0,472.0,451.0,433.0,425.0,368.0,400.0,396.0,368.0,356.0,327.0,322.0,302.0,281.0,290.0,282.0,349.0,301.0,293.0,301.0,288.0,272.0,293.0,297.0,285.0,272.0,262.0,348.0,240.0,225.0,217.0,218.0,220.0,231.0,198.0,201.0,181.0,165.0,349.0,149.0,134.0,122.0,110.0,103.0,93.0,80.0,62.0,61.0,47.0,341.0,44.0,32.0,24.0,24.0,18.0,10.0,7.0,4.0,2.0,2.0,489.0,439.0,321.0,311.0,308.0,301.0,292.0,282.0,278.0,252.0,265.0,311.0,414.0,381.0,538.0,687.0,777.0,844.0,847.0,835.0,822.0,812.0,800.0,390.0,808.0,767.0,734.0,675.0,647.0,621.0,589.0,562.0,547.0,549.0,369.0,545.0,528.0,505.0,491.0,487.0,496.0,496.0,475.0,455.0,453.0,350.0,438.0,437.0,415.0,392.0,355.0,359.0,360.0,337.0,319.0,322.0,337.0,323.0,321.0,325.0,328.0,313.0,326.0,313.0,297.0,290.0,281.0,333.0,262.0,234.0,218.0,244.0,242.0,237.0,231.0,216.0,192.0,172.0,328.0,176.0,162.0,139.0,141.0,126.0,118.0,99.0,98.0,102.0,82.0,325.0,73.0,66.0,49.0,50.0,42.0,32.0,24.0,20.0,12.0,23.0
Valby,2043,,,,,,,,,,,,,,,,,,,,,,,,,,,,,,,,,,,,,,,,,,,,,,,,,,,,,,,,,,,,,,,,,,,,,,,,,,,,,,,,,,,,,,,,,,,,,,,,,,,,,,,,,,,,,,,,,,,,,,,,,,,,,,,,,,,,,,,,,,,,,,,,,,,,,,,,,,,,,,,,,,,,,,,,,,,,,,,,,,,,,,,,,,,,,,,,,,,,,,,,,,,,,,,,,,,504.0,459.0,335.0,329.0,328.0,317.0,312.0,301.0,299.0,288.0,285.0,298.0,422.0,363.0,444.0,571.0,692.0,749.0,795.0,799.0,793.0,775.0,779.0,395.0,766.0,783.0,753.0,744.0,693.0,667.0,621.0,590.0,558.0,538.0,379.0,525.0,525.0,504.0,496.0,489.0,472.0,462.0,459.0,437.0,426.0,365.0,411.0,396.0,386.0,361.0,343.0,323.0,314.0,291.0,279.0,286.0,348.0,281.0,297.0,285.0,290.0,279.0,267.0,286.0,286.0,282.0,265.0,346.0,256.0,235.0,219.0,214.0,213.0,212.0,227.0,195.0,196.0,175.0,348.0,158.0,143.0,128.0,115.0,102.0,97.0,84.0,69.0,57.0,54.0,341.0,42.0,34.0,26.0,21.0,17.0,11.0,8.0,4.0,2.0,2.0,483.0,433.0,322.0,314.0,311.0,306.0,296.0,288.0,291.0,267.0,263.0,290.0,410.0,374.0,525.0,671.0,767.0,830.0,864.0,845.0,816.0,793.0,774.0,387.0,772.0,763.0,718.0,680.0,644.0,620.0,591.0,558.0,538.0,536.0,366.0,535.0,522.0,512.0,486.0,486.0,490.0,487.0,484.0,473.0,450.0,348.0,445.0,436.0,429.0,401.0,385.0,355.0,353.0,353.0,330.0,316.0,336.0,311.0,318.0,317.0,317.0,321.0,308.0,317.0,307.0,291.0,279.0,332.0,279.0,258.0,230.0,215.0,238.0,237.0,232.0,228.0,211.0,184.0,327.0,171.0,170.0,155.0,133.0,133.0,120.0,112.0,95.0,92.0,91.0,325.0,74.0,65.0,56.0,45.0,41.0,33.0,25.0,22.0,12.0,25.0
Valby,2044,,,,,,,,,,,,,,,,,,,,,,,,,,,,,,,,,,,,,,,,,,,,,,,,,,,,,,,,,,,,,,,,,,,,,,,,,,,,,,,,,,,,,,,,,,,,,,,,,,,,,,,,,,,,,,,,,,,,,,,,,,,,,,,,,,,,,,,,,,,,,,,,,,,,,,,,,,,,,,,,,,,,,,,,,,,,,,,,,,,,,,,,,,,,,,,,,,,,,,,,,,,,,,,,,,,498.0,454.0,335.0,331.0,331.0,321.0,317.0,306.0,305.0,299.0,295.0,302.0,418.0,340.0,429.0,559.0,672.0,745.0,773.0,821.0,795.0,780.0,750.0,392.0,752.0,742.0,748.0,724.0,700.0,661.0,630.0,590.0,555.0,537.0,376.0,518.0,515.0,504.0,492.0,480.0,469.0,459.0,449.0,445.0,429.0,363.0,412.0,406.0,386.0,378.0,348.0,339.0,315.0,302.0,288.0,275.0,346.0,284.0,277.0,288.0,274.0,281.0,273.0,261.0,276.0,284.0,275.0,345.0,258.0,250.0,229.0,216.0,210.0,205.0,209.0,222.0,191.0,190.0,347.0,168.0,152.0,138.0,120.0,106.0,97.0,87.0,72.0,64.0,50.0,340.0,47.0,32.0,29.0,23.0,15.0,10.0,9.0,4.0,2.0,3.0,477.0,428.0,322.0,316.0,314.0,310.0,301.0,292.0,297.0,280.0,277.0,287.0,405.0,346.0,516.0,660.0,754.0,822.0,853.0,864.0,826.0,789.0,757.0,383.0,748.0,730.0,716.0,666.0,649.0,618.0,590.0,560.0,535.0,529.0,363.0,523.0,513.0,507.0,493.0,480.0,488.0,481.0,476.0,483.0,468.0,345.0,442.0,443.0,429.0,415.0,395.0,384.0,349.0,346.0,345.0,327.0,334.0,306.0,306.0,314.0,309.0,310.0,316.0,300.0,311.0,300.0,280.0,330.0,277.0,274.0,253.0,226.0,211.0,233.0,232.0,229.0,223.0,201.0,326.0,183.0,166.0,163.0,148.0,126.0,126.0,114.0,106.0,89.0,83.0,325.0,82.0,66.0,55.0,51.0,37.0,33.0,27.0,23.0,14.0,28.0
Valby,2045,,,,,,,,,,,,,,,,,,,,,,,,,,,,,,,,,,,,,,,,,,,,,,,,,,,,,,,,,,,,,,,,,,,,,,,,,,,,,,,,,,,,,,,,,,,,,,,,,,,,,,,,,,,,,,,,,,,,,,,,,,,,,,,,,,,,,,,,,,,,,,,,,,,,,,,,,,,,,,,,,,,,,,,,,,,,,,,,,,,,,,,,,,,,,,,,,,,,,,,,,,,,,,,,,,,492.0,449.0,334.0,331.0,333.0,324.0,320.0,311.0,310.0,305.0,307.0,312.0,413.0,342.0,395.0,545.0,663.0,729.0,770.0,800.0,818.0,782.0,754.0,388.0,724.0,730.0,710.0,720.0,681.0,668.0,624.0,598.0,555.0,534.0,373.0,517.0,508.0,495.0,493.0,477.0,460.0,455.0,446.0,435.0,437.0,360.0,416.0,408.0,396.0,378.0,364.0,344.0,330.0,303.0,299.0,284.0,344.0,274.0,281.0,270.0,277.0,267.0,275.0,267.0,252.0,274.0,276.0,343.0,267.0,252.0,244.0,226.0,212.0,202.0,203.0,205.0,217.0,185.0,345.0,181.0,162.0,146.0,129.0,111.0,101.0,87.0,75.0,67.0,56.0,339.0,44.0,37.0,27.0,25.0,17.0,9.0,8.0,5.0,2.0,3.0,472.0,423.0,321.0,316.0,316.0,313.0,305.0,297.0,301.0,285.0,290.0,299.0,401.0,339.0,474.0,654.0,746.0,811.0,845.0,853.0,844.0,799.0,753.0,379.0,732.0,708.0,685.0,664.0,636.0,622.0,588.0,559.0,537.0,526.0,360.0,517.0,502.0,498.0,488.0,487.0,483.0,480.0,470.0,474.0,477.0,343.0,459.0,440.0,435.0,415.0,409.0,394.0,376.0,342.0,338.0,341.0,332.0,316.0,301.0,302.0,306.0,303.0,306.0,307.0,294.0,304.0,289.0,329.0,278.0,273.0,269.0,249.0,222.0,207.0,228.0,229.0,224.0,213.0,325.0,200.0,177.0,159.0,156.0,140.0,119.0,119.0,108.0,99.0,80.0,324.0,75.0,73.0,56.0,51.0,42.0,30.0,26.0,24.0,15.0,31.0
Valby,2046,,,,,,,,,,,,,,,,,,,,,,,,,,,,,,,,,,,,,,,,,,,,,,,,,,,,,,,,,,,,,,,,,,,,,,,,,,,,,,,,,,,,,,,,,,,,,,,,,,,,,,,,,,,,,,,,,,,,,,,,,,,,,,,,,,,,,,,,,,,,,,,,,,,,,,,,,,,,,,,,,,,,,,,,,,,,,,,,,,,,,,,,,,,,,,,,,,,,,,,,,,,,,,,,,,,486.0,443.0,333.0,330.0,333.0,325.0,324.0,315.0,315.0,310.0,313.0,324.0,408.0,348.0,387.0,502.0,655.0,721.0,756.0,797.0,798.0,805.0,755.0,383.0,729.0,703.0,698.0,683.0,678.0,650.0,630.0,593.0,563.0,534.0,369.0,515.0,507.0,488.0,483.0,477.0,457.0,447.0,443.0,432.0,428.0,357.0,423.0,411.0,398.0,388.0,365.0,359.0,335.0,318.0,301.0,295.0,341.0,283.0,271.0,273.0,259.0,268.0,261.0,268.0,258.0,250.0,267.0,341.0,269.0,261.0,246.0,241.0,221.0,204.0,199.0,199.0,200.0,210.0,343.0,178.0,175.0,156.0,137.0,120.0,106.0,91.0,75.0,70.0,59.0,337.0,50.0,35.0,30.0,24.0,18.0,10.0,8.0,5.0,2.0,3.0,466.0,418.0,320.0,315.0,316.0,314.0,308.0,301.0,306.0,289.0,296.0,313.0,396.0,344.0,460.0,603.0,744.0,806.0,835.0,846.0,835.0,816.0,763.0,375.0,729.0,693.0,665.0,636.0,634.0,610.0,593.0,557.0,536.0,528.0,356.0,513.0,495.0,487.0,480.0,483.0,489.0,474.0,468.0,468.0,469.0,340.0,468.0,457.0,433.0,422.0,409.0,407.0,386.0,368.0,335.0,335.0,329.0,330.0,311.0,298.0,295.0,299.0,299.0,298.0,301.0,287.0,292.0,326.0,287.0,273.0,268.0,265.0,244.0,218.0,203.0,225.0,225.0,214.0,323.0,211.0,193.0,171.0,152.0,147.0,132.0,114.0,113.0,101.0,89.0,322.0,73.0,68.0,62.0,52.0,41.0,34.0,24.0,24.0,15.0,33.0
Valby,2047,,,,,,,,,,,,,,,,,,,,,,,,,,,,,,,,,,,,,,,,,,,,,,,,,,,,,,,,,,,,,,,,,,,,,,,,,,,,,,,,,,,,,,,,,,,,,,,,,,,,,,,,,,,,,,,,,,,,,,,,,,,,,,,,,,,,,,,,,,,,,,,,,,,,,,,,,,,,,,,,,,,,,,,,,,,,,,,,,,,,,,,,,,,,,,,,,,,,,,,,,,,,,,,,,,,482.0,438.0,332.0,329.0,332.0,326.0,325.0,318.0,319.0,315.0,317.0,329.0,403.0,360.0,384.0,489.0,608.0,718.0,749.0,784.0,795.0,786.0,778.0,379.0,731.0,708.0,674.0,672.0,643.0,647.0,613.0,599.0,558.0,542.0,365.0,515.0,506.0,487.0,477.0,468.0,457.0,444.0,434.0,429.0,424.0,353.0,415.0,419.0,401.0,390.0,374.0,360.0,349.0,323.0,315.0,297.0,338.0,294.0,279.0,263.0,262.0,252.0,263.0,255.0,259.0,256.0,244.0,338.0,260.0,263.0,255.0,243.0,236.0,213.0,201.0,196.0,195.0,195.0,341.0,201.0,173.0,168.0,147.0,127.0,114.0,96.0,79.0,70.0,62.0,336.0,52.0,39.0,29.0,27.0,17.0,11.0,8.0,4.0,2.0,4.0,462.0,413.0,319.0,314.0,315.0,315.0,309.0,304.0,309.0,294.0,300.0,319.0,391.0,356.0,457.0,587.0,691.0,807.0,832.0,837.0,827.0,808.0,780.0,371.0,738.0,690.0,652.0,618.0,608.0,608.0,581.0,561.0,534.0,527.0,352.0,515.0,492.0,481.0,469.0,474.0,485.0,481.0,463.0,467.0,463.0,336.0,460.0,466.0,449.0,420.0,415.0,408.0,400.0,378.0,360.0,332.0,327.0,325.0,324.0,307.0,290.0,288.0,295.0,291.0,292.0,294.0,277.0,324.0,289.0,282.0,269.0,264.0,259.0,239.0,213.0,200.0,220.0,215.0,321.0,213.0,204.0,186.0,163.0,144.0,140.0,126.0,109.0,106.0,91.0,321.0,81.0,66.0,57.0,56.0,42.0,33.0,27.0,22.0,15.0,35.0
Valby,2048,,,,,,,,,,,,,,,,,,,,,,,,,,,,,,,,,,,,,,,,,,,,,,,,,,,,,,,,,,,,,,,,,,,,,,,,,,,,,,,,,,,,,,,,,,,,,,,,,,,,,,,,,,,,,,,,,,,,,,,,,,,,,,,,,,,,,,,,,,,,,,,,,,,,,,,,,,,,,,,,,,,,,,,,,,,,,,,,,,,,,,,,,,,,,,,,,,,,,,,,,,,,,,,,,,,478.0,434.0,330.0,328.0,331.0,325.0,325.0,320.0,322.0,318.0,322.0,334.0,399.0,364.0,390.0,483.0,596.0,671.0,750.0,778.0,783.0,784.0,761.0,374.0,753.0,710.0,678.0,649.0,634.0,614.0,611.0,582.0,564.0,538.0,361.0,522.0,506.0,486.0,477.0,462.0,448.0,444.0,431.0,421.0,421.0,349.0,411.0,411.0,409.0,393.0,376.0,369.0,351.0,337.0,320.0,310.0,335.0,296.0,290.0,271.0,253.0,255.0,247.0,256.0,247.0,257.0,249.0,335.0,238.0,254.0,257.0,251.0,238.0,227.0,210.0,197.0,191.0,189.0,339.0,187.0,194.0,167.0,158.0,136.0,121.0,103.0,83.0,74.0,62.0,334.0,54.0,41.0,32.0,25.0,19.0,11.0,9.0,5.0,2.0,4.0,458.0,409.0,318.0,313.0,314.0,314.0,309.0,305.0,312.0,297.0,305.0,322.0,387.0,356.0,471.0,581.0,677.0,754.0,835.0,834.0,818.0,800.0,772.0,366.0,754.0,699.0,649.0,605.0,590.0,583.0,579.0,550.0,538.0,525.0,348.0,515.0,494.0,478.0,464.0,464.0,476.0,476.0,469.0,461.0,461.0,333.0,454.0,458.0,458.0,435.0,414.0,414.0,400.0,391.0,370.0,356.0,323.0,322.0,320.0,320.0,299.0,284.0,285.0,287.0,285.0,286.0,282.0,322.0,274.0,284.0,277.0,264.0,259.0,254.0,233.0,210.0,197.0,211.0,319.0,215.0,207.0,197.0,178.0,155.0,137.0,133.0,120.0,102.0,95.0,319.0,82.0,73.0,56.0,53.0,46.0,34.0,27.0,25.0,14.0,37.0
Valby,2049,,,,,,,,,,,,,,,,,,,,,,,,,,,,,,,,,,,,,,,,,,,,,,,,,,,,,,,,,,,,,,,,,,,,,,,,,,,,,,,,,,,,,,,,,,,,,,,,,,,,,,,,,,,,,,,,,,,,,,,,,,,,,,,,,,,,,,,,,,,,,,,,,,,,,,,,,,,,,,,,,,,,,,,,,,,,,,,,,,,,,,,,,,,,,,,,,,,,,,,,,,,,,,,,,,,474.0,430.0,328.0,326.0,330.0,324.0,325.0,320.0,324.0,321.0,325.0,338.0,395.0,366.0,386.0,493.0,591.0,659.0,703.0,781.0,777.0,773.0,759.0,370.0,738.0,732.0,681.0,653.0,612.0,606.0,580.0,580.0,549.0,543.0,357.0,518.0,513.0,486.0,475.0,462.0,443.0,436.0,432.0,418.0,413.0,346.0,408.0,406.0,401.0,401.0,379.0,372.0,359.0,339.0,334.0,316.0,331.0,309.0,293.0,282.0,261.0,246.0,250.0,241.0,247.0,245.0,250.0,332.0,243.0,233.0,248.0,253.0,246.0,229.0,224.0,207.0,193.0,186.0,336.0,182.0,182.0,187.0,157.0,147.0,130.0,109.0,89.0,77.0,65.0,331.0,55.0,43.0,34.0,28.0,18.0,12.0,9.0,5.0,2.0,4.0,455.0,406.0,316.0,312.0,313.0,313.0,309.0,305.0,313.0,300.0,308.0,326.0,383.0,355.0,468.0,602.0,671.0,740.0,782.0,839.0,816.0,792.0,765.0,362.0,747.0,714.0,657.0,603.0,579.0,567.0,556.0,549.0,528.0,529.0,344.0,513.0,494.0,480.0,461.0,459.0,466.0,468.0,465.0,467.0,455.0,329.0,452.0,452.0,451.0,444.0,428.0,413.0,406.0,392.0,383.0,367.0,320.0,345.0,317.0,315.0,311.0,292.0,280.0,277.0,282.0,279.0,275.0,318.0,280.0,269.0,280.0,272.0,259.0,253.0,248.0,230.0,207.0,189.0,317.0,210.0,208.0,199.0,188.0,168.0,147.0,131.0,127.0,112.0,92.0,317.0,86.0,74.0,62.0,52.0,43.0,37.0,28.0,24.0,16.0,38.0
Valby,2050,,,,,,,,,,,,,,,,,,,,,,,,,,,,,,,,,,,,,,,,,,,,,,,,,,,,,,,,,,,,,,,,,,,,,,,,,,,,,,,,,,,,,,,,,,,,,,,,,,,,,,,,,,,,,,,,,,,,,,,,,,,,,,,,,,,,,,,,,,,,,,,,,,,,,,,,,,,,,,,,,,,,,,,,,,,,,,,,,,,,,,,,,,,,,,,,,,,,,,,,,,,,,,,,,,,471.0,427.0,326.0,324.0,328.0,323.0,324.0,319.0,324.0,323.0,328.0,342.0,392.0,368.0,382.0,490.0,608.0,656.0,692.0,734.0,782.0,768.0,749.0,367.0,736.0,718.0,702.0,655.0,616.0,585.0,572.0,551.0,547.0,529.0,353.0,523.0,508.0,493.0,475.0,461.0,443.0,430.0,423.0,418.0,410.0,342.0,400.0,404.0,397.0,393.0,386.0,374.0,362.0,346.0,336.0,329.0,328.0,315.0,305.0,285.0,272.0,254.0,242.0,244.0,233.0,245.0,239.0,329.0,244.0,238.0,228.0,245.0,248.0,237.0,226.0,220.0,202.0,188.0,333.0,179.0,177.0,175.0,176.0,147.0,141.0,118.0,94.0,83.0,69.0,329.0,58.0,43.0,36.0,30.0,21.0,12.0,10.0,5.0,3.0,4.0,451.0,403.0,314.0,310.0,312.0,312.0,308.0,305.0,314.0,301.0,311.0,329.0,380.0,354.0,464.0,601.0,696.0,735.0,769.0,787.0,821.0,791.0,758.0,359.0,741.0,708.0,672.0,610.0,577.0,556.0,541.0,527.0,527.0,519.0,341.0,517.0,492.0,480.0,463.0,456.0,461.0,458.0,457.0,463.0,461.0,325.0,446.0,450.0,444.0,436.0,437.0,427.0,405.0,398.0,383.0,379.0,317.0,355.0,339.0,313.0,307.0,304.0,288.0,273.0,272.0,275.0,269.0,315.0,273.0,275.0,265.0,274.0,267.0,254.0,248.0,245.0,226.0,198.0,314.0,189.0,204.0,201.0,191.0,178.0,160.0,141.0,125.0,118.0,101.0,314.0,84.0,78.0,63.0,57.0,42.0,36.0,30.0,25.0,15.0,39.0
Valby,2051,,,,,,,,,,,,,,,,,,,,,,,,,,,,,,,,,,,,,,,,,,,,,,,,,,,,,,,,,,,,,,,,,,,,,,,,,,,,,,,,,,,,,,,,,,,,,,,,,,,,,,,,,,,,,,,,,,,,,,,,,,,,,,,,,,,,,,,,,,,,,,,,,,,,,,,,,,,,,,,,,,,,,,,,,,,,,,,,,,,,,,,,,,,,,,,,,,,,,,,,,,,,,,,,,,,467.0,424.0,323.0,322.0,326.0,321.0,323.0,318.0,323.0,323.0,330.0,344.0,389.0,369.0,378.0,485.0,607.0,675.0,688.0,722.0,734.0,773.0,743.0,364.0,727.0,716.0,689.0,676.0,618.0,589.0,553.0,543.0,519.0,527.0,350.0,509.0,514.0,488.0,482.0,461.0,441.0,430.0,418.0,410.0,411.0,338.0,397.0,396.0,394.0,389.0,379.0,382.0,365.0,349.0,344.0,331.0,324.0,327.0,311.0,297.0,274.0,264.0,249.0,236.0,236.0,231.0,239.0,325.0,234.0,239.0,232.0,225.0,241.0,239.0,234.0,222.0,215.0,196.0,329.0,181.0,174.0,171.0,166.0,164.0,141.0,127.0,102.0,88.0,74.0,325.0,61.0,46.0,37.0,32.0,22.0,13.0,10.0,6.0,3.0,4.0,447.0,400.0,311.0,308.0,310.0,310.0,307.0,304.0,313.0,301.0,312.0,331.0,377.0,351.0,461.0,598.0,697.0,764.0,763.0,774.0,769.0,796.0,757.0,356.0,734.0,702.0,666.0,624.0,584.0,554.0,530.0,512.0,506.0,518.0,337.0,507.0,496.0,478.0,463.0,458.0,458.0,453.0,447.0,455.0,457.0,322.0,452.0,444.0,442.0,430.0,430.0,435.0,419.0,397.0,389.0,380.0,313.0,367.0,349.0,334.0,305.0,300.0,300.0,281.0,268.0,266.0,265.0,312.0,267.0,268.0,270.0,260.0,269.0,261.0,248.0,245.0,240.0,216.0,311.0,198.0,184.0,196.0,193.0,181.0,169.0,152.0,134.0,117.0,107.0,311.0,92.0,76.0,66.0,58.0,47.0,35.0,29.0,27.0,16.0,40.0
Valby,2052,,,,,,,,,,,,,,,,,,,,,,,,,,,,,,,,,,,,,,,,,,,,,,,,,,,,,,,,,,,,,,,,,,,,,,,,,,,,,,,,,,,,,,,,,,,,,,,,,,,,,,,,,,,,,,,,,,,,,,,,,,,,,,,,,,,,,,,,,,,,,,,,,,,,,,,,,,,,,,,,,,,,,,,,,,,,,,,,,,,,,,,,,,,,,,,,,,,,,,,,,,,,,,,,,,,463.0,420.0,320.0,319.0,324.0,319.0,321.0,317.0,322.0,322.0,330.0,345.0,386.0,369.0,373.0,481.0,604.0,676.0,710.0,718.0,722.0,727.0,749.0,361.0,721.0,708.0,687.0,663.0,637.0,591.0,556.0,525.0,512.0,500.0,347.0,507.0,500.0,493.0,478.0,467.0,441.0,429.0,418.0,405.0,403.0,335.0,398.0,393.0,386.0,386.0,375.0,375.0,372.0,352.0,347.0,339.0,321.0,330.0,323.0,303.0,286.0,267.0,259.0,243.0,228.0,234.0,226.0,321.0,234.0,229.0,234.0,230.0,221.0,232.0,236.0,230.0,217.0,210.0,326.0,189.0,175.0,167.0,162.0,155.0,157.0,128.0,110.0,95.0,78.0,322.0,66.0,48.0,39.0,32.0,23.0,14.0,11.0,5.0,3.0,4.0,444.0,396.0,308.0,305.0,308.0,308.0,305.0,302.0,312.0,301.0,312.0,331.0,374.0,346.0,456.0,596.0,696.0,767.0,793.0,767.0,756.0,747.0,762.0,353.0,732.0,695.0,660.0,618.0,596.0,560.0,528.0,502.0,492.0,497.0,335.0,506.0,486.0,482.0,461.0,458.0,460.0,451.0,442.0,445.0,449.0,319.0,448.0,450.0,437.0,428.0,423.0,428.0,427.0,411.0,389.0,386.0,310.0,368.0,361.0,344.0,325.0,299.0,297.0,292.0,275.0,262.0,256.0,308.0,263.0,262.0,263.0,265.0,255.0,264.0,256.0,245.0,240.0,230.0,307.0,216.0,192.0,178.0,188.0,183.0,173.0,162.0,145.0,126.0,106.0,308.0,97.0,83.0,65.0,61.0,48.0,38.0,29.0,27.0,17.0,41.0
Valby,2053,,,,,,,,,,,,,,,,,,,,,,,,,,,,,,,,,,,,,,,,,,,,,,,,,,,,,,,,,,,,,,,,,,,,,,,,,,,,,,,,,,,,,,,,,,,,,,,,,,,,,,,,,,,,,,,,,,,,,,,,,,,,,,,,,,,,,,,,,,,,,,,,,,,,,,,,,,,,,,,,,,,,,,,,,,,,,,,,,,,,,,,,,,,,,,,,,,,,,,,,,,,,,,,,,,,460.0,417.0,317.0,316.0,322.0,317.0,319.0,315.0,321.0,321.0,329.0,345.0,383.0,367.0,367.0,476.0,603.0,676.0,712.0,741.0,718.0,715.0,705.0,358.0,728.0,702.0,680.0,661.0,626.0,609.0,558.0,528.0,495.0,494.0,344.0,482.0,498.0,480.0,483.0,463.0,448.0,429.0,417.0,405.0,398.0,332.0,390.0,393.0,383.0,379.0,372.0,370.0,365.0,358.0,349.0,342.0,318.0,337.0,327.0,315.0,292.0,278.0,262.0,253.0,235.0,227.0,228.0,318.0,221.0,229.0,224.0,231.0,226.0,214.0,229.0,232.0,225.0,212.0,322.0,202.0,184.0,169.0,159.0,151.0,149.0,142.0,111.0,103.0,85.0,318.0,70.0,52.0,41.0,34.0,24.0,15.0,11.0,6.0,3.0,5.0,441.0,393.0,305.0,302.0,306.0,306.0,303.0,301.0,311.0,300.0,311.0,331.0,371.0,341.0,450.0,592.0,696.0,767.0,797.0,798.0,749.0,734.0,716.0,350.0,738.0,694.0,655.0,613.0,591.0,572.0,534.0,501.0,482.0,484.0,332.0,486.0,485.0,472.0,464.0,456.0,460.0,452.0,440.0,441.0,439.0,316.0,440.0,446.0,442.0,422.0,421.0,422.0,420.0,419.0,402.0,386.0,307.0,373.0,362.0,356.0,335.0,318.0,295.0,289.0,286.0,269.0,252.0,305.0,254.0,259.0,258.0,259.0,260.0,250.0,258.0,253.0,241.0,231.0,304.0,229.0,209.0,186.0,171.0,179.0,174.0,165.0,154.0,136.0,114.0,305.0,96.0,88.0,71.0,60.0,50.0,39.0,31.0,26.0,17.0,42.0
Valby,2054,,,,,,,,,,,,,,,,,,,,,,,,,,,,,,,,,,,,,,,,,,,,,,,,,,,,,,,,,,,,,,,,,,,,,,,,,,,,,,,,,,,,,,,,,,,,,,,,,,,,,,,,,,,,,,,,,,,,,,,,,,,,,,,,,,,,,,,,,,,,,,,,,,,,,,,,,,,,,,,,,,,,,,,,,,,,,,,,,,,,,,,,,,,,,,,,,,,,,,,,,,,,,,,,,,,456.0,414.0,313.0,313.0,319.0,314.0,317.0,313.0,319.0,320.0,328.0,344.0,380.0,364.0,360.0,470.0,600.0,676.0,713.0,743.0,741.0,711.0,694.0,356.0,685.0,710.0,675.0,655.0,624.0,599.0,575.0,530.0,498.0,478.0,341.0,476.0,473.0,478.0,469.0,468.0,444.0,435.0,417.0,404.0,398.0,330.0,385.0,385.0,384.0,376.0,365.0,368.0,360.0,352.0,356.0,344.0,315.0,341.0,334.0,318.0,303.0,284.0,272.0,255.0,244.0,233.0,222.0,315.0,224.0,216.0,223.0,221.0,227.0,218.0,211.0,225.0,227.0,219.0,319.0,204.0,196.0,177.0,160.0,148.0,145.0,135.0,123.0,104.0,92.0,315.0,76.0,55.0,44.0,36.0,25.0,15.0,12.0,6.0,4.0,5.0,437.0,391.0,302.0,299.0,303.0,304.0,301.0,299.0,309.0,298.0,310.0,330.0,368.0,335.0,443.0,587.0,695.0,769.0,798.0,801.0,778.0,727.0,704.0,348.0,693.0,699.0,653.0,608.0,586.0,568.0,546.0,507.0,481.0,475.0,330.0,473.0,466.0,471.0,455.0,460.0,458.0,452.0,442.0,439.0,435.0,314.0,431.0,438.0,439.0,428.0,416.0,420.0,414.0,412.0,410.0,399.0,304.0,374.0,367.0,357.0,346.0,328.0,313.0,288.0,283.0,280.0,259.0,302.0,250.0,249.0,254.0,253.0,254.0,254.0,244.0,255.0,248.0,231.0,301.0,230.0,223.0,201.0,179.0,163.0,170.0,167.0,158.0,145.0,123.0,301.0,104.0,88.0,75.0,66.0,50.0,41.0,32.0,29.0,17.0,43.0
Valby,2055,,,,,,,,,,,,,,,,,,,,,,,,,,,,,,,,,,,,,,,,,,,,,,,,,,,,,,,,,,,,,,,,,,,,,,,,,,,,,,,,,,,,,,,,,,,,,,,,,,,,,,,,,,,,,,,,,,,,,,,,,,,,,,,,,,,,,,,,,,,,,,,,,,,,,,,,,,,,,,,,,,,,,,,,,,,,,,,,,,,,,,,,,,,,,,,,,,,,,,,,,,,,,,,,,,,453.0,411.0,310.0,310.0,315.0,312.0,314.0,311.0,318.0,319.0,327.0,343.0,377.0,360.0,353.0,463.0,597.0,675.0,715.0,744.0,743.0,734.0,689.0,353.0,675.0,669.0,683.0,650.0,618.0,597.0,565.0,547.0,500.0,481.0,339.0,460.0,467.0,454.0,468.0,455.0,448.0,431.0,423.0,404.0,397.0,327.0,385.0,381.0,376.0,377.0,362.0,361.0,358.0,348.0,350.0,351.0,313.0,343.0,338.0,325.0,306.0,294.0,278.0,266.0,247.0,243.0,228.0,313.0,217.0,219.0,212.0,221.0,218.0,219.0,215.0,208.0,220.0,221.0,316.0,211.0,198.0,190.0,168.0,149.0,143.0,132.0,118.0,115.0,94.0,312.0,82.0,60.0,47.0,39.0,26.0,16.0,12.0,7.0,4.0,5.0,434.0,387.0,298.0,296.0,300.0,301.0,299.0,297.0,307.0,297.0,309.0,328.0,365.0,328.0,436.0,581.0,692.0,770.0,801.0,802.0,781.0,755.0,697.0,345.0,682.0,658.0,659.0,607.0,581.0,563.0,542.0,518.0,487.0,474.0,327.0,464.0,453.0,452.0,454.0,450.0,462.0,450.0,442.0,440.0,433.0,312.0,427.0,429.0,431.0,425.0,421.0,414.0,412.0,406.0,403.0,406.0,302.0,386.0,368.0,362.0,348.0,339.0,323.0,305.0,282.0,277.0,269.0,300.0,257.0,246.0,245.0,250.0,249.0,249.0,249.0,241.0,250.0,238.0,298.0,231.0,224.0,215.0,194.0,171.0,155.0,162.0,160.0,149.0,131.0,298.0,112.0,95.0,75.0,70.0,54.0,41.0,34.0,29.0,19.0,44.0
Valby,2056,,,,,,,,,,,,,,,,,,,,,,,,,,,,,,,,,,,,,,,,,,,,,,,,,,,,,,,,,,,,,,,,,,,,,,,,,,,,,,,,,,,,,,,,,,,,,,,,,,,,,,,,,,,,,,,,,,,,,,,,,,,,,,,,,,,,,,,,,,,,,,,,,,,,,,,,,,,,,,,,,,,,,,,,,,,,,,,,,,,,,,,,,,,,,,,,,,,,,,,,,,,,,,,,,,,450.0,408.0,307.0,306.0,312.0,308.0,312.0,309.0,316.0,317.0,325.0,341.0,374.0,356.0,346.0,456.0,592.0,673.0,715.0,746.0,743.0,736.0,711.0,351.0,670.0,659.0,644.0,657.0,614.0,592.0,564.0,537.0,516.0,483.0,336.0,463.0,452.0,448.0,444.0,454.0,436.0,436.0,419.0,410.0,397.0,325.0,384.0,381.0,372.0,369.0,363.0,358.0,351.0,345.0,345.0,345.0,311.0,350.0,339.0,329.0,313.0,298.0,289.0,272.0,258.0,246.0,237.0,311.0,224.0,213.0,214.0,209.0,217.0,210.0,217.0,212.0,204.0,215.0,313.0,213.0,205.0,192.0,180.0,157.0,144.0,130.0,115.0,111.0,103.0,309.0,84.0,65.0,51.0,41.0,29.0,17.0,13.0,7.0,4.0,6.0,431.0,384.0,295.0,293.0,296.0,298.0,296.0,295.0,305.0,295.0,308.0,326.0,362.0,322.0,428.0,575.0,688.0,768.0,801.0,805.0,781.0,758.0,724.0,343.0,675.0,648.0,621.0,612.0,581.0,559.0,537.0,514.0,498.0,479.0,325.0,463.0,444.0,440.0,436.0,450.0,452.0,454.0,440.0,440.0,435.0,309.0,425.0,425.0,421.0,417.0,418.0,419.0,406.0,404.0,397.0,400.0,300.0,393.0,379.0,363.0,353.0,340.0,334.0,315.0,299.0,276.0,267.0,298.0,267.0,252.0,242.0,241.0,246.0,244.0,244.0,246.0,237.0,240.0,296.0,238.0,225.0,216.0,206.0,185.0,162.0,148.0,155.0,151.0,135.0,296.0,119.0,102.0,81.0,69.0,58.0,45.0,34.0,31.0,19.0,45.0
Valby,2057,,,,,,,,,,,,,,,,,,,,,,,,,,,,,,,,,,,,,,,,,,,,,,,,,,,,,,,,,,,,,,,,,,,,,,,,,,,,,,,,,,,,,,,,,,,,,,,,,,,,,,,,,,,,,,,,,,,,,,,,,,,,,,,,,,,,,,,,,,,,,,,,,,,,,,,,,,,,,,,,,,,,,,,,,,,,,,,,,,,,,,,,,,,,,,,,,,,,,,,,,,,,,,,,,,,448.0,405.0,304.0,303.0,309.0,305.0,308.0,306.0,313.0,315.0,323.0,340.0,371.0,352.0,339.0,448.0,587.0,670.0,713.0,746.0,745.0,737.0,713.0,348.0,692.0,655.0,635.0,621.0,622.0,588.0,559.0,536.0,508.0,499.0,334.0,466.0,455.0,434.0,439.0,431.0,435.0,424.0,424.0,406.0,403.0,323.0,384.0,380.0,372.0,364.0,356.0,359.0,349.0,339.0,343.0,341.0,309.0,345.0,346.0,331.0,317.0,304.0,292.0,282.0,263.0,256.0,241.0,309.0,233.0,219.0,208.0,212.0,206.0,210.0,208.0,213.0,208.0,199.0,312.0,208.0,208.0,198.0,182.0,168.0,152.0,131.0,113.0,108.0,100.0,307.0,93.0,67.0,55.0,45.0,30.0,18.0,14.0,8.0,4.0,6.0,430.0,382.0,293.0,290.0,293.0,295.0,293.0,292.0,303.0,293.0,306.0,324.0,360.0,316.0,421.0,568.0,683.0,766.0,801.0,806.0,783.0,759.0,727.0,340.0,701.0,641.0,612.0,577.0,586.0,558.0,533.0,510.0,494.0,490.0,323.0,468.0,444.0,432.0,424.0,432.0,452.0,445.0,444.0,438.0,435.0,307.0,427.0,423.0,418.0,407.0,410.0,416.0,411.0,398.0,395.0,394.0,298.0,387.0,387.0,374.0,354.0,345.0,336.0,326.0,309.0,292.0,266.0,296.0,265.0,262.0,248.0,238.0,237.0,241.0,239.0,241.0,241.0,227.0,294.0,239.0,231.0,217.0,208.0,197.0,175.0,155.0,142.0,146.0,137.0,294.0,123.0,109.0,88.0,75.0,58.0,48.0,37.0,32.0,20.0,47.0
Valby,2058,,,,,,,,,,,,,,,,,,,,,,,,,,,,,,,,,,,,,,,,,,,,,,,,,,,,,,,,,,,,,,,,,,,,,,,,,,,,,,,,,,,,,,,,,,,,,,,,,,,,,,,,,,,,,,,,,,,,,,,,,,,,,,,,,,,,,,,,,,,,,,,,,,,,,,,,,,,,,,,,,,,,,,,,,,,,,,,,,,,,,,,,,,,,,,,,,,,,,,,,,,,,,,,,,,,447.0,404.0,302.0,301.0,306.0,302.0,305.0,303.0,310.0,312.0,321.0,338.0,369.0,348.0,332.0,442.0,581.0,666.0,712.0,746.0,746.0,739.0,714.0,346.0,695.0,677.0,632.0,613.0,588.0,596.0,556.0,532.0,507.0,491.0,332.0,481.0,457.0,437.0,424.0,426.0,412.0,423.0,412.0,411.0,399.0,321.0,390.0,380.0,371.0,365.0,351.0,351.0,350.0,336.0,337.0,339.0,307.0,340.0,341.0,338.0,319.0,309.0,299.0,286.0,273.0,262.0,251.0,307.0,236.0,228.0,214.0,206.0,209.0,200.0,208.0,205.0,209.0,203.0,310.0,192.0,202.0,201.0,188.0,171.0,162.0,138.0,114.0,106.0,97.0,305.0,90.0,74.0,57.0,49.0,33.0,20.0,15.0,8.0,5.0,7.0,429.0,381.0,291.0,288.0,291.0,292.0,290.0,289.0,300.0,291.0,304.0,322.0,358.0,310.0,413.0,561.0,678.0,763.0,800.0,806.0,784.0,761.0,729.0,338.0,705.0,666.0,606.0,569.0,553.0,564.0,533.0,507.0,491.0,488.0,320.0,479.0,449.0,431.0,416.0,420.0,433.0,444.0,435.0,442.0,433.0,306.0,427.0,425.0,416.0,405.0,401.0,409.0,409.0,403.0,389.0,392.0,297.0,381.0,381.0,382.0,365.0,347.0,341.0,327.0,319.0,302.0,282.0,294.0,264.0,260.0,258.0,244.0,235.0,233.0,236.0,236.0,237.0,232.0,292.0,227.0,233.0,223.0,209.0,198.0,187.0,167.0,148.0,134.0,132.0,292.0,126.0,112.0,93.0,81.0,63.0,48.0,39.0,34.0,20.0,49.0
Valby,2059,,,,,,,,,,,,,,,,,,,,,,,,,,,,,,,,,,,,,,,,,,,,,,,,,,,,,,,,,,,,,,,,,,,,,,,,,,,,,,,,,,,,,,,,,,,,,,,,,,,,,,,,,,,,,,,,,,,,,,,,,,,,,,,,,,,,,,,,,,,,,,,,,,,,,,,,,,,,,,,,,,,,,,,,,,,,,,,,,,,,,,,,,,,,,,,,,,,,,,,,,,,,,,,,,,,447.0,403.0,300.0,299.0,304.0,299.0,302.0,300.0,308.0,310.0,319.0,335.0,368.0,344.0,326.0,435.0,576.0,662.0,709.0,744.0,745.0,740.0,717.0,344.0,696.0,680.0,653.0,609.0,580.0,564.0,563.0,529.0,503.0,491.0,330.0,474.0,472.0,439.0,428.0,412.0,407.0,401.0,411.0,399.0,404.0,319.0,386.0,386.0,371.0,364.0,352.0,347.0,342.0,337.0,334.0,332.0,306.0,338.0,336.0,333.0,325.0,310.0,303.0,292.0,277.0,272.0,256.0,305.0,246.0,231.0,223.0,213.0,204.0,202.0,198.0,205.0,201.0,204.0,308.0,196.0,187.0,195.0,191.0,176.0,165.0,148.0,121.0,107.0,96.0,303.0,88.0,72.0,63.0,51.0,36.0,22.0,16.0,9.0,5.0,7.0,428.0,380.0,290.0,286.0,288.0,289.0,287.0,286.0,297.0,288.0,302.0,319.0,356.0,304.0,406.0,554.0,673.0,759.0,797.0,804.0,784.0,762.0,731.0,336.0,706.0,669.0,629.0,564.0,546.0,533.0,539.0,507.0,488.0,484.0,319.0,477.0,460.0,437.0,416.0,412.0,422.0,426.0,434.0,433.0,437.0,304.0,425.0,425.0,418.0,403.0,398.0,400.0,401.0,400.0,394.0,386.0,295.0,379.0,375.0,376.0,372.0,357.0,342.0,332.0,321.0,312.0,291.0,293.0,279.0,260.0,256.0,254.0,241.0,230.0,228.0,234.0,233.0,228.0,291.0,231.0,221.0,224.0,215.0,199.0,188.0,178.0,160.0,139.0,122.0,290.0,121.0,115.0,97.0,87.0,68.0,52.0,39.0,36.0,22.0,50.0
Valby,2060,,,,,,,,,,,,,,,,,,,,,,,,,,,,,,,,,,,,,,,,,,,,,,,,,,,,,,,,,,,,,,,,,,,,,,,,,,,,,,,,,,,,,,,,,,,,,,,,,,,,,,,,,,,,,,,,,,,,,,,,,,,,,,,,,,,,,,,,,,,,,,,,,,,,,,,,,,,,,,,,,,,,,,,,,,,,,,,,,,,,,,,,,,,,,,,,,,,,,,,,,,,,,,,,,,,446.0,402.0,299.0,297.0,302.0,297.0,300.0,297.0,304.0,307.0,316.0,333.0,368.0,339.0,320.0,428.0,570.0,657.0,705.0,741.0,743.0,739.0,717.0,343.0,699.0,681.0,656.0,629.0,577.0,557.0,533.0,536.0,500.0,487.0,329.0,473.0,465.0,454.0,430.0,415.0,394.0,396.0,390.0,398.0,392.0,317.0,391.0,383.0,377.0,364.0,351.0,348.0,339.0,330.0,335.0,330.0,304.0,332.0,335.0,328.0,321.0,317.0,304.0,296.0,283.0,276.0,266.0,304.0,252.0,241.0,227.0,222.0,210.0,197.0,200.0,195.0,201.0,197.0,306.0,198.0,191.0,181.0,186.0,179.0,170.0,151.0,130.0,113.0,97.0,302.0,87.0,71.0,61.0,56.0,38.0,24.0,18.0,10.0,5.0,8.0,428.0,380.0,288.0,284.0,287.0,287.0,284.0,283.0,294.0,286.0,299.0,316.0,356.0,299.0,399.0,547.0,667.0,755.0,794.0,802.0,782.0,762.0,732.0,335.0,709.0,670.0,632.0,585.0,541.0,526.0,509.0,512.0,488.0,481.0,317.0,473.0,457.0,447.0,421.0,412.0,414.0,415.0,416.0,433.0,428.0,302.0,429.0,424.0,419.0,405.0,397.0,397.0,392.0,393.0,392.0,391.0,293.0,374.0,373.0,370.0,367.0,364.0,353.0,334.0,326.0,314.0,301.0,291.0,289.0,275.0,256.0,252.0,250.0,236.0,225.0,225.0,230.0,224.0,289.0,228.0,225.0,213.0,216.0,205.0,189.0,180.0,171.0,151.0,127.0,289.0,112.0,111.0,99.0,90.0,72.0,56.0,43.0,37.0,24.0,52.0
Vanløse,1986,30.0,38.0,13.0,,0.0,,0.0,0.0,0.0,0.0,0.0,0.0,0.0,0.0,,,,,12.0,,6.0,4.0,,,,,,5.0,,,15.0,18.0,37.0,40.0,71.0,57.0,,,,10.0,,28.0,,,,14.0,56.0,55.0,89.0,97.0,,73.0,,,97.0,309.0,1233.0,1283.0,1438.0,1414.0,2588.0,2639.0,2319.0,2235.0,1655.0,1599.0,1374.0,1778.0,4128.0,7439.0,,,,,,,,,,,,,,,,,,,,,,,,,,,,,,,,,,,,,,,,,,,,,,,,,,,,,,,,,,,,,,,,,,,,,,,,,,,,,,,,,,,,,,,,,,,,,,,,,,,,,,,,,,,,,,,,,,,,,,,,,,,,,,,,,,,,,,,,,,,,,,,,,,,,,,,,,,,,,,,,,,,,,,,,,,,,,,,,,,,,,,,,,,,,,,,,,,,,,,,,,,,,,,,,,,,,,,,,,,,,,,,,,,,,,,,,,,,,,,,,,,,,,,,,,,,,,,,,,,,,,,,,,,,,,,,,,,,,,,,,,,,,,,,,,,,,,,,,,,,,,,,,,,,,,,,,,,,,,,,,,,,,,,,,,,,,,,,,,,,,
Vanløse,1987,30.0,38.0,19.0,8.0,0.0,0.0,0.0,0.0,0.0,0.0,0.0,0.0,0.0,0.0,,,8.0,6.0,6.0,11.0,11.0,6.0,,,,,,,,,15.0,17.0,62.0,35.0,67.0,56.0,56.0,25.0,16.0,,,,,,8.0,8.0,60.0,57.0,87.0,103.0,,,,,92.0,301.0,1259.0,1241.0,1399.0,1391.0,2594.0,2723.0,2324.0,2195.0,1726.0,1709.0,1368.0,1682.0,3981.0,7231.0,,,,,,,,,,,,,,,,,,,,,,,,,,,,,,,1204507.0,91410.0,13177.0,1196214.0,72022.0,16609.0,1625981.0,166716.0,9753.0,1145215.0,124075.0,9230.0,1284378.0,96942.0,13249.0,1475245.0,87859.0,16791.0,2089145.0,158593.0,13173.0,1803369.0,108702.0,16590.0,1730415.0,133592.0,12953.0,1550430.0,95043.0,16313.0,,,,,,,,,,,,,,,,,,,,,,,,,,,,,,,,,,,,,,,,,,,,,,,,,,,,,,,,,,,,,,,,,,,,,,,,,,,,,,,,,,,,,,,,,,,,,,,,,,,,,,,,,,,,,,,,,,,,,,,,,,,,,,,,,,,,,,,,,,,,,,,,,,,,,,,,,,,,,,,,,,,,,,,,,,,,,,,,,,,,,,,,,,,,,,,,,,,,,,,,,,,,,,,,,,,,,,,,,,,,,,,,,,,,,,,,,,,,,,,,,,,,,,,,,,,,,,,,,,,,,,,,,,,,,,,,,,,,,,,,
Vanløse,1988,37.0,34.0,,13.0,0.0,0.0,,0.0,0.0,0.0,0.0,0.0,0.0,0.0,,,,7.0,5.0,8.0,,7.0,0.0,,,,4.0,5.0,,,27.0,22.0,83.0,52.0,77.0,61.0,62.0,35.0,,,10.0,28.0,,,,10.0,53.0,63.0,88.0,94.0,65.0,,39.0,58.0,92.0,283.0,1258.0,1208.0,1384.0,1352.0,2679.0,2869.0,2313.0,2160.0,1842.0,1760.0,1299.0,1609.0,3863.0,7018.0,,,,,,,,,,,,,,,,,,,,,,,,,,,,,,,1263669.0,95451.0,13239.0,1273659.0,76547.0,16639.0,1706043.0,175194.0,9738.0,1236826.0,133006.0,9299.0,1350699.0,101855.0,13261.0,1560910.0,92983.0,16787.0,2219721.0,168505.0,13173.0,1943998.0,117129.0,16597.0,1834561.0,141338.0,12980.0,1659185.0,101275.0,16383.0,,,,,,,,,,,,,,,,,,,,,,,,,,,,,,,,,,,,,,,,,,,,,,,,,,,,,,,,,,,,,,,,,,,,,,,,,,,,,,,,,,,,,,,,,,,,,,,,,,,,,,,,,,,,,,,,,,,,,,,,,,,,,,,,,,,,,,,,,,,,,,,,,,,,,,,,,,,,,,,,,,,,,,,,,,,,,,,,,,,,,,,,,,,,,,,,,,,,,,,,,,,,,,,,,,,,,,,,,,,,,,,,,,,,,,,,,,,,,,,,,,,,,,,,,,,,,,,,,,,,,,,,,,,,,,,,,,,,,,,,
Vanløse,1989,41.0,47.0,,16.0,,0.0,,0.0,0.0,0.0,0.0,0.0,0.0,0.0,7.0,9.0,,,,7.0,,10.0,,4.0,,,,,,,26.0,25.0,108.0,61.0,82.0,67.0,69.0,47.0,,,,,,,,,63.0,62.0,79.0,83.0,,84.0,35.0,,83.0,278.0,1312.0,1236.0,1324.0,1287.0,2775.0,2989.0,2260.0,2147.0,1914.0,1825.0,1286.0,1582.0,3728.0,6844.0,,,,,,,,,,,,,,,,,,,,,,,,,,,,,,,1310652.0,98560.0,13298.0,1343001.0,81031.0,16574.0,1744655.0,180289.0,9677.0,1283174.0,138587.0,9259.0,1409896.0,105816.0,13324.0,1629853.0,97526.0,16712.0,2275686.0,172466.0,13195.0,2038552.0,123466.0,16511.0,1898635.0,147147.0,12903.0,1733472.0,107037.0,16195.0,,,,,,,,,,,,,,,,,,,,,,,,,,,,,,,,,,,,,,,,,,,,,,,,,,,,,,,,,,,,,,,,,,,,,,,,,,,,,,,,,,,,,,,,,,,,,,,,,,,,,,,,,,,,,,,,,,,,,,,,,,,,,,,,,,,,,,,,,,,,,,,,,,,,,,,,,,,,,,,,,,,,,,,,,,,,,,,,,,,,,,,,,,,,,,,,,,,,,,,,,,,,,,,,,,,,,,,,,,,,,,,,,,,,,,,,,,,,,,,,,,,,,,,,,,,,,,,,,,,,,,,,,,,,,,,,,,,,,,,,
Vanløse,1990,47.0,61.0,27.0,22.0,,0.0,,0.0,0.0,0.0,0.0,0.0,0.0,0.0,,,,8.0,,10.0,,8.0,,4.0,,,,,,,28.0,22.0,110.0,79.0,90.0,67.0,71.0,56.0,,,,,,,,16.0,74.0,78.0,75.0,78.0,,89.0,33.0,,83.0,268.0,1348.0,1263.0,1282.0,1298.0,2852.0,2993.0,2294.0,2180.0,1943.0,1860.0,1306.0,1546.0,3606.0,6677.0,,,,,,,,,,,,,,,,,,,,,,,,,,,,,,,1348407.0,101437.0,13293.0,1385827.0,83959.0,16506.0,1789171.0,184774.0,9683.0,1337466.0,143505.0,9320.0,1455714.0,109271.0,13322.0,1674042.0,100755.0,16615.0,2341537.0,176893.0,13237.0,2111371.0,128273.0,16460.0,1943947.0,149996.0,12960.0,1785821.0,110680.0,16135.0,,,,,,,,,,,,,,,,,,,,,,,,,,,,,,,,,,,,,,,,,,,,,,,,,,,,,,,,,,,,,,,,,,,,,,,,,,,,,,,,,,,,,,,,,,,,,,,,,,,,,,,,,,,,,,,,,,,,,,,,,,,,,,,,,,,,,,,,,,,,,,,,,,,,,,,,,,,,,,,,,,,,,,,,,,,,,,,,,,,,,,,,,,,,,,,,,,,,,,,,,,,,,,,,,,,,,,,,,,,,,,,,,,,,,,,,,,,,,,,,,,,,,,,,,,,,,,,,,,,,,,,,,,,,,,,,,,,,,,,,
Vanløse,1991,56.0,60.0,,,,,,0.0,0.0,0.0,,0.0,0.0,0.0,,,,,,,,8.0,,,,,,,,,34.0,,109.0,92.0,98.0,82.0,72.0,51.0,38.0,,,,,,,,73.0,89.0,78.0,85.0,,,,,81.0,255.0,1379.0,1291.0,1255.0,1310.0,2885.0,2996.0,2286.0,2177.0,2018.0,1945.0,1292.0,1526.0,3492.0,6475.0,,,,,,,,,,,,,,,,,,,,,,,,,,,,,,,1378787.0,103832.0,13279.0,1417915.0,86548.0,16383.0,1825012.0,188944.0,9659.0,1369313.0,146639.0,9338.0,1489383.0,111748.0,13328.0,1703726.0,103300.0,16493.0,2415988.0,182050.0,13271.0,2189373.0,133833.0,16359.0,2000491.0,154574.0,12942.0,1839504.0,114883.0,16012.0,,,,,,,,,,,,,,,,,,,,,,,,,,,,,,,,,,,,,,,,,,,,,,,,,,,,,,,,,,,,,,,,,,,,,,,,,,,,,,,,,,,,,,,,,,,,,,,,,,,,,,,,,,,,,,,,,,,,,,,,,,,,,,,,,,,,,,,,,,,,,,,,,,,,,,,,,,,,,,,,,,,,,,,,,,,,,,,,,,,,,,,,,,,,,,,,,,,,,,,,,,,,,,,,,,,,,,,,,,,,,,,,,,,,,,,,,,,,,,,,,,,,,,,,,,,,,,,,,,,,,,,,,,,,,,,,,,,,,,,,
Vanløse,1992,60.0,58.0,,,,,,0.0,0.0,0.0,0.0,0.0,0.0,0.0,,,,10.0,,,,9.0,,,,,,,,,,,126.0,100.0,116.0,82.0,,,41.0,,,,,4.0,,12.0,78.0,82.0,74.0,89.0,116.0,93.0,,44.0,81.0,247.0,1428.0,1323.0,1210.0,1287.0,2889.0,3016.0,2399.0,2253.0,2028.0,1947.0,1325.0,1483.0,3330.0,6285.0,,,,,,,,,,,,,,,,,,,,,,,,,,,,,,,1418094.0,106113.0,13364.0,1465969.0,89607.0,16360.0,1845350.0,191904.0,9616.0,1411013.0,149377.0,9446.0,1538479.0,114752.0,13407.0,1753859.0,106592.0,16454.0,2454258.0,183757.0,13356.0,2251571.0,137854.0,16333.0,2056945.0,158287.0,12995.0,1897890.0,118781.0,15978.0,,,,,,,,,,,,,,,,,,,,,,,,,,,,,,,,,,,,,,,,,,,,,,,,,,,,,,,,,,,,,,,,,,,,,,,,,,,,,,,,,,,,,,,,,,,,,,,,,,,,,,,,,,,,,,,,,,,,,,,,,,,,,,,,,,,,,,,,,,,,,,,,,,,,,,,,,,,,,,,,,,,,,,,,,,,,,,,,,,,,,,,,,,,,,,,,,,,,,,,,,,,,,,,,,,,,,,,,,,,,,,,,,,,,,,,,,,,,,,,,,,,,,,,,,,,,,,,,,,,,,,,,,,,,,,,,,,,,,,,,
Vanløse,1993,48.0,73.0,36.0,39.0,,5.0,,0.0,0.0,0.0,0.0,0.0,0.0,0.0,17.0,13.0,,,,7.0,,8.0,3.0,,,4.0,,,,,39.0,32.0,121.0,110.0,132.0,79.0,74.0,69.0,46.0,21.0,,,,,,,66.0,68.0,81.0,90.0,109.0,,,53.0,76.0,235.0,1509.0,1402.0,1179.0,1253.0,2946.0,3082.0,2450.0,2299.0,2082.0,2033.0,1359.0,1514.0,3202.0,6044.0,,,,,,,,,,,,,,,,,,,,,,,,,,,,,,,1479277.0,109747.0,13479.0,1522590.0,92796.0,16408.0,1871854.0,192816.0,9708.0,1451837.0,152568.0,9516.0,1604772.0,118591.0,13532.0,1815019.0,110015.0,16498.0,2516307.0,186891.0,13464.0,2317426.0,141488.0,16379.0,2103567.0,161008.0,13065.0,1950519.0,121907.0,16000.0,,,,,,,,,,,,,,,,,,,,,,,,,,,,,,,,,,,,,,,,,,,,,,,,,,,,,,,,,,,,,,,,,,,,,,,,,,,,,,,,,,,,,,,,,,,,,,,,,,,,,,,,,,,,,,,,,,,,,,,,,,,,,,,,,,,,,,,,,,,,,,,,,,,,,,,,,,,,,,,,,,,,,,,,,,,,,,,,,,,,,,,,,,,,,,,,,,,,,,,,,,,,,,,,,,,,,,,,,,,,,,,,,,,,,,,,,,,,,,,,,,,,,,,,,,,,,,,,,,,,,,,,,,,,,,,,,,,,,,,,
Vanløse,1994,65.0,78.0,42.0,48.0,9.0,11.0,0.0,0.0,0.0,0.0,0.0,0.0,0.0,0.0,,,10.0,,9.0,6.0,9.0,11.0,,,,,,,,,29.0,34.0,139.0,125.0,150.0,98.0,85.0,74.0,54.0,,,,,,6.0,,66.0,64.0,91.0,92.0,,,,61.0,76.0,227.0,1599.0,1506.0,1168.0,1213.0,2965.0,3132.0,2523.0,2377.0,2101.0,2070.0,1435.0,1527.0,3090.0,5845.0,,,,,,,,,,,,,,,,,,,,,,,,,,,,,,,1567380.0,116439.0,13461.0,1617559.0,98356.0,16446.0,1981793.0,197508.0,10034.0,1513573.0,151463.0,9993.0,1696692.0,125755.0,13492.0,1927259.0,116599.0,16529.0,2639952.0,196367.0,13444.0,2510436.0,152833.0,16426.0,2218028.0,166194.0,13346.0,2129234.0,130700.0,16291.0,,,,,,,,,,,,,,,,,,,,,,,,,,,,,,,,,,,,,,,,,,,,,,,,,,,,,,,,,,,,,,,,,,,,,,,,,,,,,,,,,,,,,,,,,,,,,,,,,,,,,,,,,,,,,,,,,,,,,,,,,,,,,,,,,,,,,,,,,,,,,,,,,,,,,,,,,,,,,,,,,,,,,,,,,,,,,,,,,,,,,,,,,,,,,,,,,,,,,,,,,,,,,,,,,,,,,,,,,,,,,,,,,,,,,,,,,,,,,,,,,,,,,,,,,,,,,,,,,,,,,,,,,,,,,,,,,,,,,,,,
Vanløse,1995,79.0,81.0,37.0,51.0,14.0,15.0,0.0,0.0,0.0,0.0,0.0,0.0,0.0,0.0,13.0,10.0,,6.0,8.0,8.0,7.0,13.0,,,,,,,,,31.0,30.0,138.0,134.0,162.0,100.0,84.0,83.0,,,,,,,,12.0,62.0,72.0,90.0,88.0,,,,75.0,73.0,207.0,1642.0,1582.0,1175.0,1208.0,2902.0,3167.0,2596.0,2464.0,2125.0,2121.0,1504.0,1563.0,2941.0,5656.0,,,,,,,,,,,,,,,,,,,,,,,,,,,,,,,1640218.0,121282.0,13524.0,1681596.0,103337.0,16273.0,2074673.0,207488.0,9999.0,1579473.0,160353.0,9850.0,1773698.0,130775.0,13563.0,2000709.0,122233.0,16368.0,2739056.0,202998.0,13493.0,2585179.0,159078.0,16251.0,2270386.0,170156.0,13343.0,2164957.0,134645.0,16079.0,,,,,,,,,,,,,,,,,,,,,,,,,,,,,,,,,,,,,,,,,,,,,,,,,,,,,,,,,,,,,,,,,,,,,,,,,,,,,,,,,,,,,,,,,,,,,,,,,,,,,,,,,,,,,,,,,,,,,,,,,,,,,,,,,,,,,,,,,,,,,,,,,,,,,,,,,,,,,,,,,,,,,,,,,,,,,,,,,,,,,,,,,,,,,,,,,,,,,,,,,,,,,,,,,,,,,,,,,,,,,,,,,,,,,,,,,,,,,,,,,,,,,,,,,,,,,,,,,,,,,,,,,,,,,,,,,,,,,,,,
Vanløse,1996,93.0,89.0,36.0,52.0,19.0,18.0,0.0,0.0,0.0,0.0,0.0,0.0,0.0,0.0,17.0,9.0,9.0,4.0,12.0,8.0,8.0,14.0,,,,,,,,,39.0,38.0,157.0,141.0,177.0,118.0,101.0,91.0,67.0,38.0,,,,,6.0,13.0,79.0,66.0,93.0,92.0,,,,,66.0,197.0,1719.0,1600.0,1136.0,1200.0,2982.0,3188.0,2645.0,2530.0,2143.0,2133.0,1566.0,1647.0,2796.0,5315.0,,,,,,,,,,,,,,,,,,,,,,,,,,,,,,,1723450.0,126464.0,13628.0,1747642.0,107428.0,16268.0,2201257.0,212149.0,10376.0,1669690.0,165726.0,10075.0,1861077.0,136173.0,13667.0,2075304.0,126961.0,16346.0,2845893.0,209349.0,13594.0,2669204.0,164299.0,16246.0,2355216.0,174862.0,13469.0,2222971.0,138193.0,16086.0,,,,,,,,,,,,,,,,,,,,,,,,,,,,,,,,,,,,,,,,,,,,,,,,,,,,,,,,,,,,,,,,,,,,,,,,,,,,,,,,,,,,,,,,,,,,,,,,,,,,,,,,,,,,,,,,,,,,,,,,,,,,,,,,,,,,,,,,,,,,,,,,,,,,,,,,,,,,,,,,,,,,,,,,,,,,,,,,,,,,,,,,,,,,,,,,,,,,,,,,,,,,,,,,,,,,,,,,,,,,,,,,,,,,,,,,,,,,,,,,,,,,,,,,,,,,,,,,,,,,,,,,,,,,,,,,,,,,,,,,
Vanløse,1997,103.0,90.0,33.0,61.0,27.0,31.0,0.0,0.0,0.0,0.0,0.0,0.0,0.0,0.0,16.0,11.0,,,15.0,9.0,7.0,15.0,6.0,4.0,,,3.0,4.0,14.0,22.0,48.0,37.0,145.0,153.0,212.0,127.0,96.0,103.0,74.0,43.0,32.0,39.0,6.0,5.0,,,93.0,83.0,92.0,89.0,98.0,105.0,,,68.0,186.0,1717.0,1621.0,1152.0,1189.0,3028.0,3185.0,2684.0,2611.0,2148.0,2112.0,1631.0,1765.0,2704.0,5083.0,,,,,,,,,,,,,,,,,,,,,,,,,,,,,,,1778071.0,130472.0,13628.0,1805860.0,110782.0,16301.0,2316976.0,220454.0,10510.0,1769945.0,172678.0,10250.0,1918636.0,140128.0,13692.0,2137895.0,130439.0,16390.0,2938289.0,216321.0,13583.0,2757223.0,169352.0,16281.0,2403186.0,179476.0,13390.0,2270003.0,141073.0,16091.0,,,,,,,,,,,,,,,,,,,,,,,,,,,,,,,,,,,,,,,,,,,,,,,,,,,,,,,,,,,,,,,,,,,,,,,,,,,,,,,,,,,,,,,,,,,,,,,,,,,,,,,,,,,,,,,,,,,,,,,,,,,,,,,,,,,,,,,,,,,,,,,,,,,,,,,,,,,,,,,,,,,,,,,,,,,,,,,,,,,,,,,,,,,,,,,,,,,,,,,,,,,,,,,,,,,,,,,,,,,,,,,,,,,,,,,,,,,,,,,,,,,,,,,,,,,,,,,,,,,,,,,,,,,,,,,,,,,,,,,,
Vanløse,1998,105.0,104.0,29.0,52.0,,35.0,0.0,0.0,,0.0,0.0,0.0,0.0,0.0,16.0,16.0,,7.0,,8.0,9.0,13.0,,8.0,,,,,14.0,26.0,55.0,44.0,146.0,165.0,218.0,142.0,113.0,104.0,,,,,6.0,5.0,,13.0,92.0,92.0,95.0,84.0,98.0,100.0,,86.0,65.0,180.0,1731.0,1684.0,1165.0,1200.0,3085.0,3200.0,2703.0,2718.0,2073.0,2070.0,1750.0,1846.0,2578.0,4923.0,,,,,,,,,,,,,,,,,,,,,,,,,,,,,,,1911006.0,138338.0,13814.0,1889505.0,116521.0,16216.0,2509421.0,230476.0,10888.0,1889895.0,179069.0,10554.0,2055816.0,148467.0,13847.0,2246262.0,137934.0,16285.0,3144327.0,227850.0,13800.0,2864906.0,176890.0,16196.0,2551398.0,186016.0,13716.0,2340336.0,145435.0,16092.0,0.0,0.0,4119.0,6361.0,0.0,0.0,0.0,0.0,0.0,0.0,0.0,0.0,0.0,0.0,0.0,0.0,1650.0,2526.0,0.0,0.0,0.0,0.0,88.0,566.0,0.0,0.0,0.0,0.0,0.0,0.0,0.0,0.0,0.0,0.0,0.0,0.0,403.0,907.0,0.0,0.0,0.0,0.0,25.0,223.0,0.0,0.0,0.0,0.0,0.0,0.0,0.0,0.0,0.0,0.0,0.0,0.0,241.0,968.0,0.0,0.0,0.0,0.0,1.0,20.0,0.0,0.0,0.0,0.0,0.0,0.0,0.0,0.0,0.0,0.0,0.0,0.0,34.0,184.0,0.0,0.0,,,,,,,,,,,,,,,,,,,,,,,,,,,,,,,,,,,,,,,,,,,,,,,,,,,,,,,,,,,,,,,,,,,,,,,,,,,,,,,,,,,,,,,,,,,,,,,,,,,,,,,,,,,,,,,,,,,,,,,,,,,,,,,,,,,,,,,,,,,,,,,,,,,,,,,,,,,,,,,,,,,,,,,,,,,,,,,,,,,,,,,,,,,,,,,,,,,,,,,,
Vanløse,1999,120.0,115.0,,52.0,43.0,44.0,,0.0,,0.0,0.0,0.0,0.0,0.0,14.0,16.0,,9.0,17.0,11.0,,10.0,,9.0,,,,,16.0,24.0,61.0,47.0,147.0,173.0,247.0,150.0,124.0,110.0,,,,,5.0,8.0,9.0,9.0,105.0,107.0,119.0,91.0,90.0,98.0,85.0,85.0,60.0,174.0,1725.0,1700.0,1206.0,1188.0,3137.0,3327.0,2697.0,2650.0,2034.0,2103.0,1796.0,1847.0,2524.0,4712.0,,,,,,,,,,,,,,,,,,,,,,,,,,,,,,,1982960.0,143050.0,13862.0,1965496.0,121424.0,16187.0,2646844.0,240229.0,11018.0,2006202.0,188076.0,10667.0,2135706.0,153548.0,13909.0,2327601.0,143202.0,16254.0,3264405.0,235970.0,13834.0,2972299.0,183861.0,16166.0,2672398.0,194583.0,13734.0,2429839.0,151713.0,16016.0,0.0,0.0,4155.0,6217.0,0.0,0.0,0.0,0.0,0.0,0.0,0.0,0.0,0.0,0.0,0.0,0.0,1754.0,2486.0,0.0,0.0,0.0,0.0,75.0,570.0,0.0,0.0,0.0,0.0,0.0,0.0,0.0,0.0,0.0,0.0,0.0,0.0,393.0,900.0,0.0,0.0,0.0,0.0,20.0,202.0,0.0,0.0,0.0,0.0,0.0,0.0,0.0,0.0,0.0,0.0,0.0,0.0,247.0,1013.0,0.0,0.0,0.0,0.0,1.0,23.0,0.0,0.0,0.0,0.0,0.0,0.0,0.0,0.0,0.0,0.0,0.0,0.0,39.0,198.0,0.0,0.0,,,,,,,,,,,,,,,,,,,,,,,,,,,,,,,,,,,,,,,,,,,,,,,,,,,,,,,,,,,,,,,,,,,,,,,,,,,,,,,,,,,,,,,,,,,,,,,,,,,,,,,,,,,,,,,,,,,,,,,,,,,,,,,,,,,,,,,,,,,,,,,,,,,,,,,,,,,,,,,,,,,,,,,,,,,,,,,,,,,,,,,,,,,,,,,,,,,,,,,,
Vanløse,2000,148.0,141.0,,,45.0,51.0,,,,0.0,0.0,0.0,0.0,0.0,15.0,12.0,,,18.0,13.0,,,,,,,,,,,58.0,62.0,157.0,188.0,275.0,193.0,133.0,116.0,91.0,64.0,,,,,7.0,16.0,100.0,107.0,132.0,97.0,,,,,60.0,170.0,1713.0,1702.0,1273.0,1208.0,3140.0,3302.0,2708.0,2677.0,2077.0,2106.0,1827.0,1897.0,2467.0,4546.0,,,,,,,,,,,,,,,,,,,,,,,,,,,,,,,2087648.0,149556.0,13959.0,2053049.0,127179.0,16143.0,2797452.0,251796.0,11110.0,2119558.0,197132.0,10752.0,2247006.0,160271.0,14020.0,2433521.0,150078.0,16215.0,3440774.0,247253.0,13916.0,3104294.0,192598.0,16118.0,2752149.0,200404.0,13733.0,2469891.0,155124.0,15922.0,0.0,0.0,4151.0,6138.0,0.0,0.0,0.0,0.0,0.0,0.0,0.0,0.0,0.0,0.0,0.0,0.0,1775.0,2461.0,0.0,0.0,0.0,0.0,83.0,589.0,0.0,0.0,0.0,0.0,0.0,0.0,0.0,0.0,0.0,0.0,0.0,0.0,384.0,864.0,0.0,0.0,0.0,0.0,22.0,209.0,0.0,0.0,0.0,0.0,0.0,0.0,0.0,0.0,0.0,0.0,0.0,0.0,240.0,1044.0,0.0,0.0,0.0,0.0,2.0,27.0,0.0,0.0,0.0,0.0,0.0,0.0,0.0,0.0,0.0,0.0,0.0,0.0,42.0,212.0,0.0,0.0,,,,,,,,,,,,,,,,,,,,,,,,,,,,,,,,,,,,,,,,,,,,,,,,,,,,,,,,,,,,,,,,,,,,,,,,,,,,,,,,,,,,,,,,,,,,,,,,,,,,,,,,,,,,,,,,,,,,,,,,,,,,,,,,,,,,,,,,,,,,,,,,,,,,,,,,,,,,,,,,,,,,,,,,,,,,,,,,,,,,,,,,,,,,,,,,,,,,,,,,
Vanløse,2001,156.0,156.0,49.0,58.0,54.0,51.0,,,,0.0,0.0,,0.0,0.0,16.0,14.0,,,22.0,13.0,,,,9.0,,,,,,,69.0,56.0,184.0,198.0,273.0,229.0,138.0,108.0,98.0,69.0,,,,,,,82.0,110.0,152.0,106.0,83.0,98.0,,,61.0,171.0,1765.0,1682.0,1314.0,1244.0,3119.0,3276.0,2748.0,2695.0,2083.0,2101.0,1867.0,1941.0,2440.0,4425.0,,,,,,,,,,,,,,,,,,,,,,,,,,,,,,,2177099.0,155418.0,14008.0,2124653.0,131688.0,16134.0,2946447.0,262396.0,11229.0,2244052.0,206350.0,10875.0,2345114.0,166639.0,14073.0,2515124.0,155130.0,16213.0,3606244.0,258382.0,13957.0,3238043.0,201033.0,16107.0,2882092.0,209576.0,13752.0,2584191.0,162589.0,15894.0,0.0,0.0,4226.0,6022.0,0.0,0.0,0.0,0.0,0.0,0.0,0.0,0.0,0.0,0.0,0.0,0.0,1756.0,2409.0,0.0,0.0,0.0,0.0,82.0,597.0,0.0,0.0,0.0,0.0,0.0,0.0,0.0,0.0,0.0,0.0,0.0,0.0,386.0,885.0,0.0,0.0,0.0,0.0,26.0,231.0,0.0,0.0,0.0,0.0,0.0,0.0,0.0,0.0,0.0,0.0,0.0,0.0,237.0,1051.0,0.0,0.0,0.0,0.0,1.0,28.0,0.0,0.0,0.0,0.0,0.0,0.0,0.0,0.0,0.0,0.0,0.0,0.0,41.0,223.0,0.0,0.0,,,,,,,,,,,,,,,,,,,,,,,,,,,,,,,,,,,,,,,,,,,,,,,,,,,,,,,,,,,,,,,,,,,,,,,,,,,,,,,,,,,,,,,,,,,,,,,,,,,,,,,,,,,,,,,,,,,,,,,,,,,,,,,,,,,,,,,,,,,,,,,,,,,,,,,,,,,,,,,,,,,,,,,,,,,,,,,,,,,,,,,,,,,,,,,,,,,,,,,,
Vanløse,2002,178.0,175.0,53.0,63.0,58.0,60.0,,,,0.0,0.0,,0.0,0.0,,,,,21.0,13.0,,,,10.0,0.0,,,,16.0,25.0,65.0,69.0,190.0,192.0,276.0,266.0,161.0,112.0,,,,,,,,,86.0,114.0,140.0,101.0,82.0,89.0,,,57.0,165.0,1805.0,1673.0,1376.0,1261.0,3057.0,3317.0,2794.0,2673.0,2128.0,2119.0,1906.0,1941.0,2368.0,4306.0,,,,,,,,,,,,,,,,,,,,,,,,,,,,,,,2274264.0,161135.0,14114.0,2222961.0,139179.0,15972.0,3012521.0,266902.0,11287.0,2317948.0,212480.0,10909.0,2469134.0,174103.0,14182.0,2621555.0,163490.0,16035.0,3687120.0,262354.0,14054.0,3327120.0,208610.0,15949.0,2938996.0,213125.0,13790.0,2646001.0,168364.0,15716.0,0.0,0.0,4275.5,5904.0,0.0,0.0,0.0,0.0,0.0,0.0,0.0,0.0,0.0,0.0,0.0,0.0,1730.75,2328.5,0.0,0.0,0.0,0.0,84.25,597.0,0.0,0.0,0.0,0.0,0.0,0.0,0.0,0.0,0.0,0.0,0.0,0.0,417.25,849.25,0.0,0.0,0.0,0.0,22.5,236.25,0.0,0.0,0.0,0.0,0.0,0.0,0.0,0.0,0.0,0.0,0.0,0.0,246.75,1047.5,0.0,0.0,0.0,0.0,3.0,27.25,0.0,0.0,0.0,0.0,0.0,0.0,0.0,0.0,0.0,0.0,0.0,0.0,44.5,250.25,0.0,0.0,,,,,,,,,,,,,,,,,,,,,,,,,,,,,,,,,,,,,,,,,,,,,,,,,,,,,,,,,,,,,,,,,,,,,,,,,,,,,,,,,,,,,,,,,,,,,,,,,,,,,,,,,,,,,,,,,,,,,,,,,,,,,,,,,,,,,,,,,,,,,,,,,,,,,,,,,,,,,,,,,,,,,,,,,,,,,,,,,,,,,,,,,,,,,,,,,,,,,,,,
Vanløse,2003,189.0,182.0,63.0,68.0,65.0,71.0,,,,0.0,0.0,,0.0,0.0,,,,,15.0,17.0,,,,10.0,,,,,,,60.0,66.0,182.0,202.0,283.0,251.0,170.0,125.0,98.0,83.0,,,,,,,88.0,121.0,144.0,94.0,86.0,95.0,,,63.0,153.0,1794.0,1703.0,1376.0,1300.0,2970.0,3219.0,2935.0,2699.0,2131.0,2138.0,1903.0,1991.0,2360.0,4139.0,,,,,,,,,,,,,,,,,,,,,,,,,,,,,,,2353014.0,166869.0,14101.0,2304639.0,144946.0,15900.0,3008778.0,271012.0,11102.0,2355559.0,216603.0,10875.0,2551216.0,179980.0,14175.0,2717583.0,170200.0,15967.0,3726156.0,265075.0,14057.0,3400943.0,214179.0,15879.0,2976056.0,215344.0,13820.0,2714622.0,173248.0,15669.0,0.0,0.0,4285.0,5801.75,0.0,0.0,0.0,0.0,0.0,0.0,0.0,0.0,0.0,0.0,0.0,0.0,1719.25,2269.75,0.0,0.0,0.0,0.0,90.25,600.25,0.0,0.0,0.0,0.0,0.0,0.0,0.0,0.0,0.0,0.0,0.0,0.0,439.5,869.75,0.0,0.0,0.0,0.0,25.0,247.25,0.0,0.0,0.0,0.0,0.0,0.0,0.0,0.0,0.0,0.0,0.0,0.0,238.25,1038.75,0.0,0.0,0.0,0.0,3.5,27.5,0.0,0.0,0.0,0.0,0.0,0.0,0.0,0.0,0.0,0.0,0.0,0.0,44.75,267.75,0.0,0.0,,,,,,,,,,,,,,,,,,,,,,,,,,,,,,,,,,,,,,,,,,,,,,,,,,,,,,,,,,,,,,,,,,,,,,,,,,,,,,,,,,,,,,,,,,,,,,,,,,,,,,,,,,,,,,,,,,,,,,,,,,,,,,,,,,,,,,,,,,,,,,,,,,,,,,,,,,,,,,,,,,,,,,,,,,,,,,,,,,,,,,,,,,,,,,,,,,,,,,,,
Vanløse,2004,203.0,200.0,70.0,73.0,57.0,71.0,10.0,,0.0,0.0,0.0,,0.0,0.0,,,,,12.0,13.0,11.0,,4.0,12.0,,3.0,,,,,72.0,62.0,187.0,213.0,309.0,265.0,206.0,144.0,100.0,88.0,,,3.0,3.0,,,99.0,138.0,135.0,100.0,86.0,84.0,,,61.0,153.0,1771.0,1714.0,1415.0,1330.0,2902.0,3077.0,2896.0,2712.0,2138.0,2158.0,1922.0,2022.0,2338.0,4021.0,,,,,,,,,,,,,,,,,,,,,,,,,,,,,,,2483771.0,174926.0,14199.0,2436823.0,153462.0,15879.0,3098420.0,278360.0,11131.0,2440983.0,222819.0,10955.0,2710353.0,189960.0,14268.0,2862458.0,179667.0,15932.0,3825333.0,270609.0,14136.0,3514670.0,221620.0,15859.0,3037704.0,218179.0,13923.0,2770340.0,177030.0,15649.0,0.0,0.0,4286.0,5767.75,0.0,0.0,0.0,0.0,0.0,0.0,0.0,0.0,0.0,0.0,0.0,0.0,1716.25,2244.0,0.0,0.0,0.0,0.0,93.5,619.25,0.0,0.0,0.0,0.0,0.0,0.0,0.0,0.0,0.0,0.0,0.0,0.0,424.5,879.75,0.0,0.0,0.0,0.0,29.75,247.0,0.0,0.0,0.0,0.0,0.0,0.0,0.0,0.0,0.0,0.0,0.0,0.0,243.75,1033.75,0.0,0.0,0.0,0.0,1.25,33.25,0.0,0.0,0.0,0.0,0.0,0.0,0.0,0.0,0.0,0.0,0.0,0.0,38.5,275.25,0.0,0.0,,,,,,,,,,,,,,,,,,,,,,,,,,,,,,,,,,,,,,,,,,,,,,,,,,,,,,,,,,,,,,,,,,,,,,,,,,,,,,,,,,,,,,,,,,,,,,,,,,,,,,,,,,,,,,,,,,,,,,,,,,,,,,,,,,,,,,,,,,,,,,,,,,,,,,,,,,,,,,,,,,,,,,,,,,,,,,,,,,,,,,,,,,,,,,,,,,,,,,,,
Vanløse,2005,196.0,194.0,88.0,86.0,60.0,59.0,15.0,,0.0,0.0,0.0,,0.0,0.0,24.0,22.0,12.0,9.0,14.0,16.0,13.0,,4.0,12.0,,3.0,,,15.0,22.0,66.0,68.0,197.0,209.0,306.0,277.0,229.0,149.0,96.0,99.0,76.0,63.0,3.0,3.0,3.0,5.0,95.0,133.0,143.0,114.0,88.0,83.0,,,,,1760.0,1699.0,1458.0,1391.0,2872.0,3043.0,2892.0,2693.0,2120.0,2188.0,1966.0,2037.0,2323.0,3953.0,,,,,,,,,,,,,,,,,,,,,,,,,,,,,,,2596775.0,183570.0,14146.0,2501978.0,159220.0,15714.0,3226961.0,288482.0,11186.0,2519021.0,228048.0,11046.0,2813488.0,197813.0,14223.0,2966834.0,188143.0,15769.0,3967397.0,281976.0,14070.0,3580271.0,228101.0,15696.0,3105210.0,225702.0,13758.0,2815888.0,182376.0,15440.0,0.0,0.0,4413.25,5732.0,0.0,0.0,0.0,0.0,0.0,0.0,0.0,0.0,0.0,0.0,0.0,0.0,1666.5,2265.75,0.0,0.0,0.0,0.0,98.75,625.0,0.0,0.0,0.0,0.0,0.0,0.0,0.0,0.0,0.0,0.0,0.0,0.0,425.5,860.5,0.0,0.0,0.0,0.0,28.25,251.25,0.0,0.0,0.0,0.0,0.0,0.0,0.0,0.0,0.0,0.0,0.0,0.0,261.25,1052.5,0.0,0.0,0.0,0.0,2.25,43.25,0.0,0.0,0.0,0.0,0.0,0.0,0.0,0.0,0.0,0.0,0.0,0.0,39.25,286.5,0.0,0.0,,,,,,,,,,,,,,,,,,,,,,,,,,,,,,,,,,,,,,,,,,,,,,,,,,,,,,,,,,,,,,,,,,,,,,,,,,,,,,,,,,,,,,,,,,,,,,,,,,,,,,,,,,,,,,,,,,,,,,,,,,,,,,,,,,,,,,,,,,,,,,,,,,,,,,,,,,,,,,,,,,,,,,,,,,,,,,,,,,,,,,,,,,,,,,,,,,,,,,,,
Vanløse,2006,218.0,202.0,93.0,109.0,64.0,60.0,22.0,,0.0,0.0,0.0,0.0,0.0,,,,,,14.0,16.0,9.0,,4.0,10.0,,,,,,,55.0,73.0,189.0,205.0,293.0,280.0,244.0,158.0,97.0,107.0,,,4.0,4.0,,,105.0,162.0,154.0,116.0,89.0,74.0,,,66.0,148.0,1754.0,1683.0,1479.0,1432.0,2745.0,2944.0,2966.0,2723.0,2130.0,2167.0,1945.0,2021.0,2340.0,3822.0,,,,,,,,,,,,,,,,,,,,,,,,,,,,,,,2663292.0,189275.0,14071.0,2543151.0,163715.0,15534.0,3375438.0,300654.0,11227.0,2613877.0,237323.0,11014.0,2881286.0,204289.0,14104.0,3021014.0,193903.0,15580.0,4126512.0,294058.0,14033.0,3677116.0,236973.0,15517.0,3222754.0,233077.0,13827.0,2880339.0,187938.0,15326.0,0.0,0.0,4468.5,5608.5,0.0,0.0,0.0,0.0,0.0,0.0,0.0,0.0,0.0,0.0,0.0,0.0,1647.5,2204.25,0.0,0.0,0.0,0.0,99.75,628.25,0.0,0.0,0.0,0.0,0.0,0.0,0.0,0.0,0.0,0.0,0.0,0.0,423.0,826.5,0.0,0.0,0.0,0.0,28.25,263.75,0.0,0.0,0.0,0.0,0.0,0.0,0.0,0.0,0.0,0.0,0.0,0.0,264.75,1094.0,0.0,0.0,0.0,0.0,4.5,48.5,0.0,0.0,0.0,0.0,0.0,0.0,0.0,0.0,0.0,0.0,0.0,0.0,39.5,290.75,0.0,0.0,,,,,,,,,,,,,,,,,,,,,,,,,,,,,,,,,,,,,,,,,,,,,,,,,,,,,,,,,,,,,,,,,,,,,,,,,,,,,,,,,,,,,,,,,,,,,,,,,,,,,,,,,,,,,,,,,,,,,,,,,,,,,,,,,,,,,,,,,,,,,,,,,,,,,,,,,,,,,,,,,,,,,,,,,,,,,,,,,,,,,,,,,,,,,,,,,,,,,,,,
Vanløse,2007,192.0,195.0,111.0,118.0,50.0,60.0,24.0,,0.0,0.0,0.0,0.0,0.0,,,,,,22.0,13.0,7.0,,3.0,10.0,,,,,,,50.0,75.0,194.0,197.0,275.0,280.0,253.0,172.0,104.0,112.0,,,5.0,10.0,,,99.0,179.0,157.0,126.0,98.0,82.0,,,76.0,149.0,1746.0,1673.0,1472.0,1478.0,2605.0,2843.0,2931.0,2630.0,2142.0,2194.0,1934.0,1961.0,2376.0,3784.0,,,,,,,,,,,,,,,,,,,,,,,,,,,,,,,2695079.0,192533.0,13998.0,2602567.0,167626.0,15526.0,3485372.0,308987.0,11280.0,2767632.0,248062.0,11157.0,2919542.0,208093.0,14030.0,3076433.0,197752.0,15557.0,4265954.0,305759.0,13952.0,3854535.0,248567.0,15507.0,3284718.0,240850.0,13638.0,2960861.0,194091.0,15255.0,0.0,0.0,4434.25,5540.5,0.0,0.0,0.0,0.0,0.0,0.0,0.0,0.0,0.0,0.0,0.0,0.0,1569.5,2192.75,0.0,0.0,0.0,0.0,100.25,613.25,0.0,0.0,0.0,0.0,0.0,0.0,0.0,0.0,0.0,0.0,0.0,0.0,440.0,834.5,0.0,0.0,0.0,0.0,29.0,283.0,0.0,0.0,0.0,0.0,0.0,0.0,0.0,0.0,0.0,0.0,0.0,0.0,255.5,1086.25,0.0,0.0,0.0,0.0,4.25,45.5,0.0,0.0,0.0,0.0,0.0,0.0,0.0,0.0,0.0,0.0,0.0,0.0,43.0,296.25,0.0,0.0,,,,,,,,,,,,,,,,,,,,,,,,,,,,,,,,,,,,,,,,,,,,,,,,,,,,,,,,,,,,,,,,,,,,,,,,,,,,,,,,,,,,,,,,,,,,,,,,,,,,,,,,,,,,,,,,,,,,,,,,,,,,,,,,,,,,,,,,,,,,,,,,,,,,,,,,,,,,,,,,,,,,,,,,,,,,,,,,,,,,,,,,,,,,,,,,,,,,,,,,
Vanløse,2008,201.0,188.0,125.0,130.0,65.0,62.0,,,,0.0,0.0,0.0,0.0,,21.0,24.0,12.0,10.0,18.0,11.0,,,,10.0,,,,7.0,,,63.0,72.0,221.0,223.0,264.0,291.0,270.0,186.0,113.0,117.0,,,,,8.0,10.0,124.0,216.0,168.0,140.0,110.0,79.0,,,81.0,143.0,1732.0,1689.0,1501.0,1477.0,2515.0,2830.0,2870.0,2600.0,2142.0,2224.0,1875.0,1938.0,2457.0,3755.0,888.0,471.0,251.0,138.0,170.0,150.0,71.0,49.0,22.0,21.0,219.0,154.0,90.0,60.0,73.0,92.0,31.0,23.0,14.0,17.0,265.0,137.0,61.0,27.0,47.0,162.0,78.0,28.0,15.0,12.0,2772406.0,196722.0,14093.0,2694450.0,173779.0,15505.0,3689116.0,329238.0,11205.0,2945080.0,261297.0,11271.0,3029002.0,214261.0,14137.0,3175346.0,204334.0,15540.0,4468693.0,318056.0,14050.0,4042376.0,260832.0,15498.0,3408991.0,247567.0,13770.0,3051609.0,199817.0,15272.0,0.0,0.0,4414.0,5488.5,0.0,0.0,0.0,0.0,0.0,0.0,0.0,0.0,0.0,0.0,0.0,0.0,1535.5,2190.0,0.0,0.0,0.0,0.0,99.0,629.25,0.0,0.0,0.0,0.0,0.0,0.0,0.0,0.0,0.0,0.0,0.0,0.0,419.25,868.5,0.0,0.0,0.0,0.0,31.25,280.0,0.0,0.0,0.0,0.0,0.0,0.0,0.0,0.0,0.0,0.0,0.0,0.0,251.75,1088.25,0.0,0.0,0.0,0.0,1.75,44.75,0.0,0.0,0.0,0.0,0.0,0.0,0.0,0.0,0.0,0.0,0.0,0.0,44.0,296.5,0.0,0.0,,,,,,,,,,,,,,,,,,,,,,,,,,,,,,,,,,,,,,,,,,,,,,,,,,,,,,,,,,,,,,,,,,,,,,,,,,,,,,,,,,,,,,,,,,,,,,,,,,,,,,,,,,,,,,,,,,,,,,,,,,,,,,,,,,,,,,,,,,,,,,,,,,,,,,,,,,,,,,,,,,,,,,,,,,,,,,,,,,,,,,,,,,,,,,,,,,,,,,,,
Vanløse,2009,197.0,183.0,142.0,146.0,62.0,75.0,25.0,,0.0,0.0,0.0,0.0,0.0,,,,,,23.0,13.0,9.0,,4.0,11.0,,,,,,,55.0,70.0,223.0,231.0,258.0,315.0,280.0,197.0,118.0,123.0,,,15.0,11.0,,,164.0,252.0,173.0,145.0,128.0,82.0,,,89.0,140.0,1761.0,1707.0,1514.0,1505.0,2566.0,2774.0,2848.0,2620.0,2161.0,2216.0,1838.0,1918.0,2497.0,3674.0,1002.0,615.0,404.0,312.0,300.0,136.0,92.0,49.0,33.0,41.0,252.0,177.0,137.0,118.0,116.0,115.0,69.0,38.0,21.0,26.0,342.0,200.0,126.0,106.0,87.0,157.0,77.0,54.0,34.0,30.0,2818178.0,197573.0,14264.0,2804504.0,178996.0,15668.0,3648711.0,324734.0,11236.0,3058005.0,270596.0,11301.0,3097478.0,216319.0,14319.0,3269509.0,208050.0,15715.0,4445721.0,312683.0,14218.0,4167968.0,266358.0,15648.0,3413739.0,245169.0,13924.0,3168896.0,205839.0,15395.0,0.0,0.0,4380.75,5353.75,0.0,0.0,0.0,0.0,0.0,0.0,0.0,0.0,0.0,0.0,0.0,0.0,1572.25,2159.5,0.0,0.0,0.0,0.0,103.25,624.5,0.0,0.0,0.0,0.0,0.0,0.0,0.0,0.0,0.0,0.0,0.0,0.0,425.25,884.25,0.0,0.0,0.0,0.0,31.75,278.0,0.0,0.0,0.0,0.0,0.0,0.0,0.0,0.0,0.0,0.0,0.0,0.0,257.75,1120.25,0.0,0.0,0.0,0.0,1.0,49.25,0.0,0.0,0.0,0.0,0.0,0.0,0.0,0.0,0.0,0.0,0.0,0.0,44.25,303.25,0.0,0.0,,,,,,,,,,,,,,,,,,,,,,,,,,,,,,,,,,,,,,,,,,,,,,,,,,,,,,,,,,,,,,,,,,,,,,,,,,,,,,,,,,,,,,,,,,,,,,,,,,,,,,,,,,,,,,,,,,,,,,,,,,,,,,,,,,,,,,,,,,,,,,,,,,,,,,,,,,,,,,,,,,,,,,,,,,,,,,,,,,,,,,,,,,,,,,,,,,,,,,,,
Vanløse,2010,183.0,183.0,165.0,157.0,73.0,74.0,30.0,45.0,0.0,0.0,0.0,0.0,0.0,0.0,22.0,34.0,11.0,12.0,21.0,10.0,11.0,9.0,4.0,11.0,,,,,11.0,11.0,45.0,60.0,246.0,281.0,271.0,310.0,282.0,219.0,135.0,123.0,108.0,87.0,13.0,13.0,8.0,15.0,203.0,274.0,191.0,172.0,137.0,82.0,,,,,1883.0,1743.0,1521.0,1479.0,2536.0,2817.0,2848.0,2647.0,2193.0,2213.0,1825.0,1917.0,2500.0,3656.0,1089.0,682.0,504.0,342.0,458.0,146.0,105.0,90.0,53.0,56.0,258.0,190.0,158.0,98.0,148.0,150.0,70.0,39.0,29.0,36.0,318.0,227.0,149.0,121.0,172.0,217.0,90.0,68.0,41.0,46.0,3082242.0,212130.0,14530.0,3036627.0,189387.0,16034.0,3745928.0,338600.0,11063.0,3150398.0,275843.0,11421.0,3368903.0,231063.0,14580.0,3570601.0,222218.0,16068.0,4631689.0,319471.0,14498.0,4333161.0,270400.0,16025.0,3631675.0,258980.0,14023.0,3355824.0,214828.0,15621.0,0.0,0.0,4343.25,5358.5,0.0,0.0,0.0,0.0,0.0,0.0,0.0,0.0,0.0,0.0,0.0,0.0,1609.0,2144.0,0.0,0.0,0.0,0.0,115.5,626.75,0.0,0.0,0.0,0.0,0.0,0.0,0.0,0.0,0.0,0.0,0.0,0.0,419.25,872.75,0.0,0.0,0.0,0.0,25.75,282.75,0.0,0.0,0.0,0.0,0.0,0.0,0.0,0.0,0.0,0.0,0.0,0.0,260.75,1134.0,0.0,0.0,0.0,0.0,1.75,50.5,0.0,0.0,0.0,0.0,0.0,0.0,0.0,0.0,0.0,0.0,0.0,0.0,40.0,308.25,0.0,0.0,,,,,,,,,,,,,,,,,,,,,,,,,,,,,,,,,,,,,,,,,,,,,,,,,,,,,,,,,,,,,,,,,,,,,,,,,,,,,,,,,,,,,,,,,,,,,,,,,,,,,,,,,,,,,,,,,,,,,,,,,,,,,,,,,,,,,,,,,,,,,,,,,,,,,,,,,,,,,,,,,,,,,,,,,,,,,,,,,,,,,,,,,,,,,,,,,,,,,,,,
Vanløse,2011,210.0,171.0,181.0,188.0,94.0,84.0,36.0,,0.0,,0.0,0.0,0.0,0.0,28.0,29.0,13.0,7.0,24.0,13.0,12.0,,,,,,,,25.0,21.0,41.0,52.0,261.0,282.0,289.0,357.0,291.0,234.0,147.0,135.0,115.0,94.0,7.0,14.0,11.0,15.0,226.0,253.0,184.0,169.0,,,,,,,1948.0,1823.0,1508.0,1461.0,2600.0,2923.0,2770.0,2647.0,2199.0,2213.0,1832.0,1901.0,2532.0,3677.0,1113.0,718.0,475.0,346.0,500.0,164.0,105.0,76.0,60.0,75.0,280.0,187.0,132.0,98.0,155.0,121.0,74.0,41.0,31.0,44.0,330.0,246.0,152.0,120.0,150.0,218.0,106.0,74.0,37.0,76.0,3239176.0,217278.0,14908.0,3148116.0,194472.0,16188.0,3866964.0,339059.0,11405.0,3193102.0,275600.0,11586.0,3533180.0,236333.0,14950.0,3715351.0,229201.0,16210.0,4772394.0,320639.0,14884.0,4415149.0,272776.0,16186.0,3748090.0,259348.0,14452.0,3417828.0,216647.0,15776.0,0.0,0.0,4298.75,5283.5,0.0,0.0,0.0,0.0,0.0,0.0,0.0,0.0,0.0,0.0,0.0,0.0,1639.25,2149.5,0.0,0.0,0.0,0.0,120.25,649.75,0.0,0.0,0.0,0.0,0.0,0.0,0.0,0.0,0.0,0.0,0.0,0.0,427.5,856.75,0.0,0.0,0.0,0.0,24.75,293.75,0.0,0.0,0.0,0.0,0.0,0.0,0.0,0.0,0.0,0.0,0.0,0.0,270.75,1177.25,0.0,0.0,0.0,0.0,3.75,50.25,0.0,0.0,0.0,0.0,0.0,0.0,0.0,0.0,0.0,0.0,0.0,0.0,39.75,325.0,0.0,0.0,,,,,,,,,,,,,,,,,,,,,,,,,,,,,,,,,,,,,,,,,,,,,,,,,,,,,,,,,,,,,,,,,,,,,,,,,,,,,,,,,,,,,,,,,,,,,,,,,,,,,,,,,,,,,,,,,,,,,,,,,,,,,,,,,,,,,,,,,,,,,,,,,,,,,,,,,,,,,,,,,,,,,,,,,,,,,,,,,,,,,,,,,,,,,,,,,,,,,,,,
Vanløse,2012,190.0,181.0,204.0,199.0,100.0,94.0,53.0,,0.0,,0.0,0.0,0.0,0.0,32.0,32.0,,,29.0,18.0,11.0,,8.0,,,,3.0,4.0,29.0,21.0,38.0,42.0,276.0,307.0,332.0,365.0,294.0,258.0,157.0,137.0,124.0,93.0,8.0,11.0,,,243.0,280.0,216.0,181.0,152.0,93.0,,,107.0,167.0,1987.0,1903.0,1538.0,1439.0,2711.0,3001.0,2753.0,2580.0,2222.0,2238.0,1854.0,1966.0,2625.0,3675.0,1196.0,739.0,511.0,342.0,527.0,201.0,130.0,94.0,65.0,100.0,273.0,179.0,124.0,100.0,132.0,144.0,81.0,43.0,24.0,53.0,330.0,228.0,167.0,97.0,167.0,248.0,121.0,83.0,56.0,75.0,3347108.0,219339.0,15260.0,3251678.0,198104.0,16414.0,4004198.0,342972.0,11675.0,3274228.0,280016.0,11693.0,3661224.0,239296.0,15300.0,3816973.0,231993.0,16453.0,4949378.0,324698.0,15243.0,4560759.0,277892.0,16412.0,3917222.0,264213.0,14826.0,3549632.0,221700.0,16011.0,0.0,0.0,4321.75,5197.0,0.0,0.0,0.0,0.0,0.0,0.0,0.0,0.0,0.0,0.0,0.0,0.0,1677.0,2115.5,0.0,0.0,0.0,0.0,127.75,677.25,0.0,0.0,0.0,0.0,0.0,0.0,0.0,0.0,0.0,0.0,0.0,0.0,440.25,836.25,0.0,0.0,0.0,0.0,26.75,295.75,0.0,0.0,0.0,0.0,0.0,0.0,0.0,0.0,0.0,0.0,0.0,0.0,294.5,1211.5,0.0,0.0,0.0,0.0,5.25,55.0,0.0,0.0,0.0,0.0,0.0,0.0,0.0,0.0,0.0,0.0,0.0,0.0,46.25,335.75,0.0,0.0,,,,,,,,,,,,,,,,,,,,,,,,,,,,,,,,,,,,,,,,,,,,,,,,,,,,,,,,,,,,,,,,,,,,,,,,,,,,,,,,,,,,,,,,,,,,,,,,,,,,,,,,,,,,,,,,,,,,,,,,,,,,,,,,,,,,,,,,,,,,,,,,,,,,,,,,,,,,,,,,,,,,,,,,,,,,,,,,,,,,,,,,,,,,,,,,,,,,,,,,
Vanløse,2013,199.0,176.0,204.0,205.0,120.0,108.0,,,,,0.0,,0.0,0.0,31.0,37.0,,,24.0,17.0,,,,,,11.0,3.0,5.0,32.0,23.0,36.0,34.0,257.0,299.0,346.0,353.0,286.0,287.0,177.0,152.0,129.0,101.0,8.0,8.0,,,245.0,354.0,225.0,211.0,153.0,92.0,,,111.0,161.0,2111.0,1988.0,1543.0,1464.0,2903.0,3033.0,2717.0,2590.0,2276.0,2246.0,1866.0,2029.0,2608.0,3622.0,1213.0,748.0,474.0,355.0,484.0,225.0,139.0,102.0,65.0,86.0,237.0,180.0,91.0,95.0,115.0,124.0,62.0,48.0,34.0,48.0,358.0,235.0,151.0,112.0,147.0,269.0,132.0,82.0,49.0,88.0,3493345.0,225741.0,15475.0,3369131.0,202618.0,16628.0,4131752.0,346885.0,11911.0,3376645.0,282375.0,11958.0,3810503.0,245775.0,15504.0,3971450.0,238325.0,16664.0,5111687.0,330854.0,15450.0,4694027.0,282381.0,16623.0,4004872.0,266938.0,15003.0,3629980.0,223714.0,16226.0,0.0,0.0,4291.75,5107.25,0.0,0.0,0.0,0.0,0.0,0.0,0.0,0.0,0.0,0.0,0.0,0.0,1690.0,2099.0,0.0,0.0,0.0,0.0,120.0,684.25,0.0,0.0,0.0,0.0,0.0,0.0,0.0,0.0,0.0,0.0,0.0,0.0,454.25,841.25,0.0,0.0,0.0,0.0,28.75,309.25,0.0,0.0,0.0,0.0,0.0,0.0,0.0,0.0,0.0,0.0,0.0,0.0,310.0,1240.5,0.0,0.0,0.0,0.0,3.75,56.25,0.0,0.0,0.0,0.0,0.0,0.0,0.0,0.0,0.0,0.0,0.0,0.0,45.0,347.0,0.0,0.0,,,,,,,,,,,,,,,,,,,,,,,,,,,,,,,,,,,,,,,,,,,,,,,,,,,,,,,,,,,,,,,,,,,,,,,,,,,,,,,,,,,,,,,,,,,,,,,,,,,,,,,,,,,,,,,,,,,,,,,,,,,,,,,,,,,,,,,,,,,,,,,,,,,,,,,,,,,,,,,,,,,,,,,,,,,,,,,,,,,,,,,,,,,,,,,,,,,,,,,,
Vanløse,2014,204.0,185.0,200.0,219.0,136.0,107.0,72.0,74.0,0.0,,0.0,,0.0,0.0,38.0,43.0,19.0,14.0,22.0,20.0,10.0,10.0,8.0,,3.0,,4.0,4.0,29.0,18.0,39.0,41.0,271.0,294.0,367.0,369.0,290.0,304.0,196.0,177.0,143.0,107.0,11.0,10.0,18.0,24.0,264.0,347.0,243.0,239.0,166.0,104.0,98.0,79.0,109.0,164.0,2114.0,1997.0,1583.0,1478.0,2991.0,3161.0,2667.0,2520.0,2292.0,2266.0,1871.0,2044.0,2654.0,3621.0,1103.0,636.0,446.0,320.0,382.0,234.0,148.0,98.0,81.0,87.0,134.0,93.0,86.0,71.0,73.0,101.0,51.0,28.0,19.0,39.0,333.0,220.0,130.0,99.0,118.0,301.0,124.0,104.0,50.0,65.0,3623265.0,231904.0,15624.0,3478397.0,207914.0,16730.0,4247837.0,351817.0,12074.0,3470810.0,287986.0,12052.0,3949992.0,252234.0,15660.0,4103630.0,244876.0,16758.0,5261338.0,337157.0,15605.0,4811407.0,287609.0,16729.0,4100668.0,270261.0,15173.0,3697655.0,226503.0,16325.0,0.0,0.0,4189.5,5026.25,0.0,0.0,0.0,0.0,0.0,0.0,0.0,0.0,0.0,0.0,0.0,0.0,1750.5,2115.75,0.0,0.0,0.0,0.0,128.5,681.0,0.0,0.0,0.0,0.0,0.0,0.0,0.0,0.0,0.0,0.0,0.0,0.0,445.0,828.75,0.0,0.0,0.0,0.0,36.25,313.5,0.0,0.0,0.0,0.0,0.0,0.0,0.0,0.0,0.0,0.0,0.0,0.0,322.5,1260.25,0.0,0.0,0.0,0.0,1.0,57.0,0.0,0.0,0.0,0.0,0.0,0.0,0.0,0.0,0.0,0.0,0.0,0.0,46.25,359.5,0.0,0.0,,,,,,,,,,,,,,,,,,,,,,,,,,,,,,,,,,,,,,,,,,,,,,,,,,,,,,,,,,,,,,,,,,,,,,,,,,,,,,,,,,,,,,,,,,,,,,,,,,,,,,,,,,,,,,,,,,,,,,,,,,,,,,,,,,,,,,,,,,,,,,,,,,,,,,,,,,,,,,,,,,,,,,,,,,,,,,,,,,,,,,,,,,,,,,,,,,,,,,,,
Vanløse,2015,203.0,191.0,209.0,220.0,153.0,129.0,72.0,66.0,6.0,,0.0,,0.0,0.0,46.0,45.0,17.0,11.0,22.0,19.0,10.0,14.0,9.0,,3.0,,4.0,4.0,30.0,26.0,36.0,35.0,260.0,305.0,391.0,396.0,292.0,310.0,221.0,188.0,148.0,122.0,17.0,18.0,19.0,17.0,254.0,340.0,272.0,261.0,169.0,112.0,99.0,83.0,114.0,165.0,2116.0,2033.0,1543.0,1478.0,3033.0,3192.0,2610.0,2436.0,2310.0,2288.0,1897.0,2065.0,2707.0,3633.0,1213.0,652.0,410.0,273.0,331.0,253.0,174.0,111.0,56.0,78.0,156.0,78.0,57.0,54.0,79.0,95.0,48.0,27.0,24.0,19.0,338.0,189.0,126.0,82.0,98.0,371.0,163.0,89.0,57.0,57.0,3747362.0,236427.0,15850.0,3588063.0,211075.0,16999.0,4394280.0,357986.0,12275.0,3603851.0,291621.0,12358.0,4085823.0,257164.0,15888.0,4234448.0,248690.0,17027.0,5451991.0,344431.0,15829.0,4979729.0,292994.0,16996.0,4241757.0,275528.0,15395.0,3819856.0,230181.0,16595.0,0.0,0.0,4076.0,4975.5,0.0,0.0,0.0,0.0,0.0,0.0,0.0,0.0,0.0,0.0,0.0,0.0,1795.0,2103.75,0.0,0.0,0.0,0.0,145.75,681.75,0.0,0.0,0.0,0.0,0.0,0.0,0.0,0.0,0.0,0.0,0.0,0.0,479.75,801.0,0.0,0.0,0.0,0.0,39.5,305.5,0.0,0.0,0.0,0.0,0.0,0.0,0.0,0.0,0.0,0.0,0.0,0.0,338.25,1255.75,0.0,0.0,0.0,0.0,1.75,54.25,0.0,0.0,0.0,0.0,0.0,0.0,0.0,0.0,0.0,0.0,0.0,0.0,55.75,371.5,0.0,0.0,,,,,,,,,,,,,,,,,,,,,,,,,,,,,,,,,,,,,,,,,,,,,,,,,,,,,,,,,,,,,,,,,,,,,,,,,,,,,,,,,,,,,,,,,,,,,,,,,,,,,,,,,,,,,,,,,,,,,,,,,,,,,,,,,,,,,,,,,,,,,,,,,,,,,,,,,,,,,,,,,,,,,,,,,,,,,,,,,,,,,,,,,,,,,,,,,,,,,,,,
Vanløse,2016,198.0,188.0,218.0,212.0,171.0,147.0,69.0,69.0,12.0,,0.0,,0.0,0.0,54.0,52.0,16.0,12.0,23.0,21.0,14.0,18.0,8.0,,4.0,,5.0,6.0,38.0,32.0,30.0,38.0,283.0,305.0,416.0,427.0,288.0,320.0,234.0,192.0,159.0,138.0,16.0,15.0,18.0,27.0,315.0,398.0,313.0,290.0,173.0,124.0,114.0,87.0,116.0,172.0,2129.0,2031.0,1594.0,1530.0,3133.0,3373.0,2539.0,2374.0,2370.0,2283.0,1907.0,2076.0,2749.0,3636.0,1119.0,617.0,415.0,247.0,244.0,260.0,176.0,123.0,76.0,49.0,137.0,68.0,68.0,39.0,63.0,76.0,43.0,23.0,19.0,22.0,321.0,196.0,109.0,58.0,70.0,325.0,134.0,92.0,55.0,40.0,3869196.0,242294.0,15969.0,3703278.0,215758.0,17164.0,4531949.0,363137.0,12480.0,3744458.0,296896.0,12612.0,4201805.0,262269.0,16021.0,4376305.0,254540.0,17193.0,5619756.0,352424.0,15946.0,5129551.0,298890.0,17162.0,4373549.0,283133.0,15447.0,3951906.0,236330.0,16722.0,0.0,0.0,3966.5,4855.5,0.0,0.0,0.0,0.0,0.0,0.0,0.0,0.0,0.0,0.0,0.0,0.0,1864.0,2109.75,0.0,0.0,0.0,0.0,152.75,674.0,0.0,0.0,0.0,0.0,0.0,0.0,0.0,0.0,0.0,0.0,0.0,0.0,526.0,776.25,0.0,0.0,0.0,0.0,36.0,300.0,0.0,0.0,0.0,0.0,0.0,0.0,0.0,0.0,0.0,0.0,0.0,0.0,341.0,1278.0,0.0,0.0,0.0,0.0,2.0,53.5,0.0,0.0,0.0,0.0,0.0,0.0,0.0,0.0,0.0,0.0,0.0,0.0,56.0,367.25,0.0,0.0,,,,,,,,,,,,,,,,,,,,,,,,,,,,,,,,,,,,,,,,,,,,,,,,,,,,,,,,,,,,,,,,,,,,,,,,,,,,,,,,,,,,,,,,,,,,,,,,,,,,,,,,,,,,,,,,,,,,,,,,,,,,,,,,,,,,,,,,,,,,,,,,,,,,,,,,,,,,,,,,,,,,,,,,,,,,,,,,,,,,,,,,,,,,,,,,,,,,,,,,
Vanløse,2017,200.0,167.0,218.0,212.0,186.0,165.0,64.0,82.0,16.0,,0.0,,0.0,0.0,64.0,55.0,18.0,13.0,20.0,27.0,12.0,19.0,10.0,,4.0,,6.0,6.0,42.0,36.0,43.0,28.0,292.0,309.0,423.0,435.0,287.0,324.0,253.0,197.0,161.0,149.0,22.0,15.0,15.0,26.0,325.0,412.0,319.0,310.0,194.0,142.0,133.0,80.0,120.0,179.0,2129.0,2010.0,1591.0,1533.0,3179.0,3477.0,2481.0,2335.0,2342.0,2261.0,1889.0,2103.0,2800.0,3646.0,1194.0,631.0,394.0,270.0,254.0,363.0,199.0,118.0,80.0,85.0,110.0,75.0,47.0,31.0,60.0,73.0,40.0,35.0,25.0,13.0,327.0,173.0,112.0,79.0,49.0,321.0,144.0,82.0,55.0,47.0,4006575.0,247640.0,16179.0,3789338.0,220515.0,17184.0,4701145.0,369587.0,12720.0,3841789.0,303124.0,12674.0,4342908.0,267635.0,16227.0,4497958.0,261205.0,17220.0,5814732.0,360001.0,16152.0,5238285.0,304906.0,17180.0,4528340.0,290129.0,15608.0,4038947.0,241535.0,16722.0,0.0,0.0,4004.5,4813.5,0.0,0.0,0.0,0.0,0.0,0.0,0.0,0.0,0.0,0.0,0.0,0.0,1889.25,2081.0,0.0,0.0,0.0,0.0,152.25,684.0,0.0,0.0,0.0,0.0,0.0,0.0,0.0,0.0,0.0,0.0,0.0,0.0,506.75,791.25,0.0,0.0,0.0,0.0,33.75,292.75,0.0,0.0,0.0,0.0,0.0,0.0,0.0,0.0,0.0,0.0,0.0,0.0,353.75,1281.0,0.0,0.0,0.0,0.0,2.5,54.5,0.0,0.0,0.0,0.0,0.0,0.0,0.0,0.0,0.0,0.0,0.0,0.0,64.25,364.0,0.0,0.0,,,,,,,,,,,,,,,,,,,,,,,,,,,,,,,,,,,,,,,,,,,,,,,,,,,,,,,,,,,,,,,,,,,,,,,,,,,,,,,,,,,,,,,,,,,,,,,,,,,,,,,,,,,,,,,,,,,,,,,,,,,,,,,,,,,,,,,,,,,,,,,,,,,,,,,,,,,,,,,,,,,,,,,,,,,,,,,,,,,,,,,,,,,,,,,,,,,,,,,,
Vanløse,2018,202.0,171.0,229.0,204.0,207.0,177.0,65.0,79.0,19.0,23.0,0.0,0.0,0.0,0.0,79.0,57.0,18.0,14.0,19.0,24.0,18.0,18.0,11.0,10.0,4.0,13.0,6.0,10.0,36.0,29.0,41.0,28.0,299.0,336.0,443.0,453.0,289.0,333.0,279.0,207.0,175.0,163.0,22.0,15.0,20.0,31.0,361.0,387.0,339.0,318.0,213.0,171.0,134.0,76.0,131.0,183.0,2131.0,1928.0,1645.0,1567.0,3235.0,3442.0,2394.0,2337.0,2339.0,2219.0,1871.0,2088.0,2840.0,3616.0,1039.0,685.0,412.0,258.0,234.0,284.0,228.0,132.0,85.0,71.0,116.0,90.0,47.0,41.0,39.0,72.0,44.0,28.0,16.0,21.0,295.0,163.0,99.0,61.0,49.0,272.0,160.0,106.0,55.0,54.0,4134585.0,254123.0,16270.0,3922763.0,225784.0,17374.0,4883434.0,382265.0,12775.0,3984406.0,309661.0,12867.0,4484829.0,274806.0,16320.0,4663425.0,267767.0,17416.0,5998657.0,369398.0,16239.0,5386722.0,310206.0,17365.0,4630048.0,295925.0,15646.0,4061310.0,241213.0,16837.0,0.0,0.0,4057.25,4805.0,0.0,0.0,0.0,0.0,0.0,0.0,0.0,0.0,0.0,0.0,0.0,0.0,1891.25,2060.75,0.0,0.0,0.0,0.0,158.25,689.25,0.0,0.0,0.0,0.0,0.0,0.0,0.0,0.0,0.0,0.0,0.0,0.0,514.5,793.75,0.0,0.0,0.0,0.0,35.25,295.75,0.0,0.0,0.0,0.0,0.0,0.0,0.0,0.0,0.0,0.0,0.0,0.0,361.5,1288.5,0.0,0.0,0.0,0.0,1.25,59.25,0.0,0.0,0.0,0.0,0.0,0.0,0.0,0.0,0.0,0.0,0.0,0.0,71.25,372.25,0.0,0.0,,,,,,,,,,,,,,,,,,,,,,,,,,,,,,,,,,,,,,,,,,,,,,,,,,,,,,,,,,,,,,,,,,,,,,,,,,,,,,,,,,,,,,,,,,,,,,,,,,,,,,,,,,,,,,,,,,,,,,,,,,,,,,,,,,,,,,,,,,,,,,,,,,,,,,,,,,,,,,,,,,,,,,,,,,,,,,,,,,,,,,,,,,,,,,,,,,,,,,,,
Vanløse,2019,222.0,178.0,229.0,206.0,217.0,205.0,70.0,83.0,22.0,31.0,0.0,0.0,0.0,0.0,85.0,73.0,18.0,14.0,17.0,28.0,21.0,21.0,8.0,10.0,5.0,13.0,6.0,12.0,39.0,28.0,42.0,40.0,288.0,318.0,482.0,504.0,298.0,336.0,279.0,214.0,198.0,182.0,22.0,17.0,31.0,35.0,335.0,373.0,370.0,356.0,224.0,183.0,146.0,75.0,136.0,182.0,2108.0,1896.0,1691.0,1634.0,3215.0,3455.0,2351.0,2347.0,2325.0,2177.0,1905.0,2085.0,2842.0,3646.0,1144.0,653.0,401.0,236.0,272.0,350.0,223.0,143.0,91.0,95.0,101.0,83.0,43.0,28.0,50.0,67.0,40.0,35.0,13.0,15.0,298.0,156.0,83.0,60.0,50.0,328.0,151.0,97.0,44.0,62.0,4293702.0,263871.0,16272.0,4042750.0,231942.0,17430.0,5026766.0,390247.0,12881.0,4124108.0,316436.0,13033.0,4649118.0,284785.0,16325.0,4829409.0,276393.0,17473.0,6220792.0,382865.0,16248.0,5566365.0,319410.0,17427.0,4756227.0,302347.0,15731.0,4204107.0,248235.0,16936.0,0.0,0.0,4033.75,4809.0,0.0,0.0,0.0,0.0,0.0,0.0,0.0,0.0,0.0,0.0,0.0,0.0,1927.25,2061.25,0.0,0.0,0.0,0.0,158.5,693.25,0.0,0.0,0.0,0.0,0.0,0.0,0.0,0.0,0.0,0.0,0.0,0.0,525.5,799.25,0.0,0.0,0.0,0.0,35.75,294.25,0.0,0.0,0.0,0.0,0.0,0.0,0.0,0.0,0.0,0.0,0.0,0.0,370.5,1288.75,0.0,0.0,0.0,0.0,1.5,66.5,0.0,0.0,0.0,0.0,0.0,0.0,0.0,0.0,0.0,0.0,0.0,0.0,66.5,370.0,0.0,0.0,,,,,,,,,,,,,,,,,,,,,,,,,,,,,,,,,,,,,,,,,,,,,,,,,,,,,,,,,,,,,,,,,,,,,,,,,,,,,,,,,,,,,,,,,,,,,,,,,,,,,,,,,,,,,,,,,,,,,,,,,,,,,,,,,,,,,,,,,,,,,,,,,,,,,,,,,,,,,,,,,,,,,,,,,,,,,,,,,,,,,,,,,,,,,,,,,,,,,,,,
Vanløse,2020,218.0,167.0,219.0,203.0,233.0,219.0,72.0,83.0,26.0,38.0,0.0,0.0,0.0,0.0,86.0,71.0,22.0,16.0,22.0,29.0,23.0,21.0,7.0,11.0,5.0,11.0,6.0,13.0,36.0,39.0,45.0,43.0,264.0,305.0,481.0,521.0,312.0,342.0,295.0,229.0,214.0,188.0,15.0,14.0,25.0,35.0,320.0,384.0,341.0,385.0,217.0,192.0,146.0,83.0,140.0,175.0,2049.0,1897.0,1740.0,1689.0,3189.0,3425.0,2330.0,2314.0,2287.0,2204.0,1912.0,2056.0,2846.0,3649.0,1063.0,670.0,494.0,331.0,416.0,320.0,218.0,142.0,83.0,125.0,110.0,59.0,61.0,53.0,64.0,75.0,56.0,37.0,21.0,35.0,281.0,165.0,132.0,92.0,96.0,277.0,172.0,122.0,82.0,96.0,4430695.0,272893.0,16236.0,4250444.0,244559.0,17380.0,5186028.0,410384.0,12637.0,4355130.0,338026.0,12884.0,4843620.0,296591.0,16331.0,5048669.0,289140.0,17461.0,6403554.0,394721.0,16223.0,5851087.0,336734.0,17376.0,4886523.0,312118.0,15656.0,4419557.0,262335.0,16847.0,0.0,0.0,4044.25,4897.0,0.0,0.0,0.0,0.0,0.0,0.0,0.0,0.0,0.0,0.0,0.0,0.0,1880.5,2085.75,0.0,0.0,0.0,0.0,162.25,686.5,0.0,0.0,0.0,0.0,0.0,0.0,0.0,0.0,0.0,0.0,0.0,0.0,545.0,788.5,0.0,0.0,0.0,0.0,30.0,294.0,0.0,0.0,0.0,0.0,0.0,0.0,0.0,0.0,0.0,0.0,0.0,0.0,358.5,1300.0,0.0,0.0,0.0,0.0,3.25,75.5,0.0,0.0,0.0,0.0,0.0,0.0,0.0,0.0,0.0,0.0,0.0,0.0,68.0,379.5,0.0,0.0,,,,,,,,,,,,,,,,,,,,,,,,,,,,,,,,,,,,,,,,,,,,,,,,,,,,,,,,,,,,,,,,,,,,,,,,,,,,,,,,,,,,,,,,,,,,,,,,,,,,,,,,,,,,,,,,,,,,,,,,,,,,,,,,,,,,,,,,,,,,,,,,,,,,,,,,,,,,,,,,,,,,,,,,,,,,,,,,,,,,,,,,,,,,,,,,,,,,,,,,
Vanløse,2021,196.0,159.0,225.0,201.0,260.0,240.0,81.0,88.0,30.0,,0.0,,0.0,0.0,74.0,74.0,24.0,17.0,25.0,34.0,17.0,19.0,11.0,,4.0,,6.0,14.0,28.0,38.0,51.0,42.0,231.0,264.0,467.0,505.0,306.0,356.0,287.0,234.0,233.0,199.0,13.0,13.0,23.0,25.0,269.0,371.0,398.0,379.0,204.0,195.0,166.0,89.0,144.0,169.0,1997.0,1842.0,1797.0,1735.0,3180.0,3332.0,2299.0,2343.0,2235.0,2222.0,1917.0,2031.0,2864.0,3644.0,960.0,654.0,443.0,304.0,291.0,293.0,235.0,122.0,76.0,83.0,83.0,56.0,60.0,47.0,52.0,54.0,48.0,29.0,31.0,24.0,228.0,158.0,113.0,81.0,68.0,302.0,157.0,119.0,69.0,64.0,4711390.0,291312.0,16173.0,4420855.0,255985.0,17270.0,5499956.0,423987.0,12972.0,4552287.0,346947.0,13121.0,5138444.0,315145.0,16305.0,5294463.0,304524.0,17386.0,6802534.0,420871.0,16163.0,6089524.0,352668.0,17267.0,5121109.0,329205.0,15556.0,4560471.0,272870.0,16713.0,0.0,0.0,4194.25,4964.0,0.0,0.0,0.0,0.0,0.0,0.0,0.0,0.0,0.0,0.0,0.0,0.0,1903.75,2086.25,0.0,0.0,0.0,0.0,163.75,664.25,0.0,0.0,0.0,0.0,0.0,0.0,0.0,0.0,0.0,0.0,0.0,0.0,524.25,809.5,0.0,0.0,0.0,0.0,38.75,304.75,0.0,0.0,0.0,0.0,0.0,0.0,0.0,0.0,0.0,0.0,0.0,0.0,369.5,1283.0,0.0,0.0,0.0,0.0,2.0,70.0,0.0,0.0,0.0,0.0,0.0,0.0,0.0,0.0,0.0,0.0,0.0,0.0,68.25,372.0,0.0,0.0,,,,,,,,,,,,,,,,,,,,,,,,,,,,,,,,,,,,,,,,,,,,,,,,,,,,,,,,,,,,,,,,,,,,,,,,,,,,,,,,,,,,,,,,,,,,,,,,,,,,,,,,,,,,,,,,,,,,,,,,,,,,,,,,,,,,,,,,,,,,,,,,,,,,,,,,,,,,,,,,,,,,,,,,,,,,,,,,,,,,,,,,,,,,,,,,,,,,,,,,
Vanløse,2022,193.0,150.0,218.0,193.0,263.0,264.0,96.0,92.0,35.0,,0.0,,0.0,0.0,76.0,71.0,29.0,18.0,23.0,34.0,20.0,16.0,10.0,,5.0,,5.0,15.0,37.0,30.0,43.0,43.0,213.0,245.0,483.0,462.0,292.0,361.0,297.0,258.0,238.0,212.0,12.0,15.0,26.0,37.0,281.0,387.0,402.0,391.0,209.0,201.0,165.0,98.0,157.0,166.0,1898.0,1806.0,1833.0,1780.0,3163.0,3239.0,2264.0,2301.0,2182.0,2167.0,1920.0,2028.0,2892.0,3650.0,1089.0,601.0,279.0,145.0,146.0,365.0,205.0,76.0,45.0,51.0,105.0,73.0,32.0,25.0,17.0,85.0,50.0,27.0,6.0,14.0,255.0,134.0,62.0,33.0,26.0,279.0,139.0,82.0,36.0,38.0,4689203.0,288212.0,16270.0,4374605.0,253336.0,17268.0,5604451.0,426486.0,13141.0,4657766.0,351795.0,13240.0,5112142.0,313186.0,16323.0,5265574.0,303947.0,17324.0,6788194.0,417298.0,16267.0,6042839.0,349985.0,17266.0,5119311.0,326362.0,15686.0,4541290.0,271495.0,16727.0,0.0,0.0,4301.0,4999.5,0.0,0.0,0.0,0.0,0.0,0.0,0.0,0.0,0.0,0.0,0.0,0.0,1902.5,2058.0,0.0,0.0,0.0,0.0,155.25,675.0,0.0,0.0,0.0,0.0,0.0,0.0,0.0,0.0,0.0,0.0,0.0,0.0,513.25,791.0,0.0,0.0,0.0,0.0,40.0,293.25,0.0,0.0,0.0,0.0,0.0,0.0,0.0,0.0,0.0,0.0,0.0,0.0,366.5,1280.75,0.0,0.0,0.0,0.0,1.0,70.25,0.0,0.0,0.0,0.0,0.0,0.0,0.0,0.0,0.0,0.0,0.0,0.0,71.0,368.0,0.0,0.0,,,,,,,,,,,,,,,,,,,,,,,,,,,,,,,,,,,,,,,,,,,,,,,,,,,,,,,,,,,,,,,,,,,,,,,,,,,,,,,,,,,,,,,,,,,,,,,,,,,,,,,,,,,,,,,,,,,,,,,,,,,,,,,,,,,,,,,,,,,,,,,,,,,,,,,,,,,,,,,,,,,,,,,,,,,,,,,,,,,,,,,,,,,,,,,,,,,,,,,,
Vanløse,2023,176.0,144.0,220.0,188.0,272.0,270.0,112.0,103.0,47.0,,0.0,,0.0,0.0,80.0,64.0,29.0,20.0,20.0,34.0,21.0,23.0,11.0,,5.0,,6.0,17.0,42.0,34.0,51.0,47.0,215.0,264.0,479.0,476.0,323.0,349.0,290.0,303.0,272.0,229.0,7.0,16.0,36.0,38.0,322.0,400.0,432.0,399.0,218.0,200.0,170.0,110.0,161.0,170.0,1807.0,1726.0,1843.0,1787.0,3060.0,3192.0,2323.0,2256.0,2041.0,2065.0,1927.0,2023.0,2903.0,3690.0,929.0,617.0,297.0,165.0,130.0,306.0,201.0,112.0,44.0,43.0,88.0,55.0,41.0,22.0,14.0,64.0,47.0,18.0,19.0,19.0,204.0,126.0,58.0,44.0,21.0,267.0,188.0,68.0,36.0,33.0,5098560.0,311877.0,16348.0,4643593.0,270448.0,17170.0,5978421.0,448292.0,13336.0,4898521.0,369198.0,13268.0,5561493.0,339219.0,16395.0,5663921.0,328801.0,17226.0,7357146.0,450833.0,16319.0,6413089.0,373745.0,17159.0,5442477.0,340006.0,16007.0,4729257.0,280119.0,16883.0,0.0,0.0,4287.75,4926.5,0.0,0.0,0.0,0.0,0.0,0.0,0.0,0.0,0.0,0.0,0.0,0.0,1908.25,2078.0,0.0,0.0,0.0,0.0,150.75,673.0,0.0,0.0,0.0,0.0,0.0,0.0,0.0,0.0,0.0,0.0,0.0,0.0,507.75,807.75,0.0,0.0,0.0,0.0,36.75,292.25,0.0,0.0,0.0,0.0,0.0,0.0,0.0,0.0,0.0,0.0,0.0,0.0,377.75,1268.75,0.0,0.0,0.0,0.0,1.25,72.75,0.0,0.0,0.0,0.0,0.0,0.0,0.0,0.0,0.0,0.0,0.0,0.0,63.75,376.0,0.0,0.0,,,,,,,,,,,,,,,,,,,,,,,,,,,,,,,,,,,,,,,,,,,,,,,,,,,,,,,,,,,,,,,,,,,,,,,,,,,,,,,,,,,,,,,,,,,,,,,,,,,,,,,,,,,,,,,,,,,,,,,,,,,,,,,,,,,,,,,,,,,,,,,,,,,,,,,,,,,,,,,,,,,,,,,,,,,,,,,,,,,,,,,,,,,,,,,,,,,,,,,,
Vanløse,2024,162.0,138.0,219.0,181.0,290.0,266.0,127.0,124.0,,,,,0.0,0.0,81.0,60.0,32.0,21.0,25.0,31.0,20.0,23.0,,,,,6.0,17.0,35.0,38.0,63.0,59.0,215.0,243.0,469.0,463.0,333.0,382.0,282.0,295.0,289.0,255.0,8.0,14.0,30.0,33.0,336.0,416.0,441.0,404.0,237.0,205.0,163.0,116.0,167.0,169.0,1821.0,1692.0,1812.0,1733.0,3025.0,3156.0,2422.0,2265.0,1959.0,2005.0,1937.0,2007.0,2990.0,3750.0,,,,,,,,,,,,,,,,,,,,,,,,,,,,,,,5394027.0,326258.0,16533.0,4857605.0,280835.0,17297.0,6307105.0,468442.0,13464.0,5199467.0,389911.0,13335.0,5880339.0,355050.0,16562.0,5948361.0,343142.0,17335.0,7897486.0,478230.0,16514.0,6817264.0,394403.0,17285.0,5732727.0,353501.0,16217.0,5024480.0,295072.0,17028.0,0.0,0.0,4330.75,4897.25,0.0,0.0,0.0,0.0,0.0,0.0,0.0,0.0,0.0,0.0,0.0,0.0,1916.75,2080.25,0.0,0.0,0.0,0.0,161.0,669.75,0.0,0.0,0.0,0.0,0.0,0.0,0.0,0.0,0.0,0.0,0.0,0.0,485.0,800.75,0.0,0.0,0.0,0.0,36.5,290.75,0.0,0.0,0.0,0.0,0.0,0.0,0.0,0.0,0.0,0.0,0.0,0.0,378.5,1291.75,0.0,0.0,0.0,0.0,2.25,66.5,0.0,0.0,0.0,0.0,0.0,0.0,0.0,0.0,0.0,0.0,0.0,0.0,72.25,376.0,0.0,0.0,,,,,,,,,,,,,,,,,,,,,,,,,,,,,,,,,,,,,,,,,,,,,,,,,,,,,,,,,,,,,,,,,,,,,,,,,,,,,,,,,,,,,,,,,,,,,,,,,,,,,,,,,,,,,,,,,,,,,,,,,,,,,,,,,,,,,,,,,,,,,,,,,,,,,,,,,,,,,,,,,,,,,,,,,,,,,,,,,,,,,,,,,,,,,,,,,,,,,,,,
Vanløse,2025,156.0,121.0,212.0,178.0,279.0,281.0,157.0,140.0,54.0,57.0,5.0,8.0,0.0,0.0,76.0,61.0,33.0,29.0,26.0,18.0,17.0,24.0,13.0,9.0,5.0,8.0,6.0,16.0,30.0,38.0,66.0,75.0,252.0,261.0,445.0,440.0,324.0,408.0,276.0,312.0,307.0,265.0,9.0,11.0,33.0,34.0,312.0,405.0,457.0,411.0,243.0,213.0,161.0,117.0,173.0,171.0,1818.0,1677.0,1791.0,1739.0,2973.0,3050.0,2459.0,2326.0,1932.0,1931.0,1936.0,2002.0,3046.0,3788.0,,,,,,,,,,,,,,,,,,,,,,,,,,,,,,,,,,,,,,,,,,,,,,,,,,,,,,,,,,,,,,,,,,,,,,,,,,,,,,,,,,,,,,,,,,,,,,,,,,,,,,,,,,,,,,,,,,,,,,,,,,,,,,,,,,,,,,,,,,,,,,,,,,,,,,,,,,,,,,,,,,,,,,,,,,,,,,,,,,,,,,,,,,,,,,,,,,,,,,,,,,,,,,,,,,,,,,,,,,,,,,,,,,,,,,,,,,,,,,,,,,,,,,,,,,,,,,,,,,,,,,,,,,,,,,,,,,,,,,,,,,,,,,,,,,,,,,,,,,,,,,,,,,,,,,,,,,,,,,,,,,,,,,,,,,,,,,,,,,,,
Vanløse,2026,,,,,,,,,,,,,,,,,,,,,,,,,,,,,,,,,,,,,,,,,,,,,,,,,,,,,,,,,,,,,,,,,,,,,,,,,,,,,,,,,,,,,,,,,,,,,,,,,,,,,,,,,,,,,,,,,,,,,,,,,,,,,,,,,,,,,,,,,,,,,,,,,,,,,,,,,,,,,,,,,,,,,,,,,,,,,,,,,,,,,,,,,,,,,,,,,,,,,,,,,,,,,,,,,,,224.0,213.0,231.0,204.0,180.0,208.0,212.0,241.0,220.0,229.0,206.0,224.0,241.0,235.0,249.0,312.0,356.0,420.0,400.0,444.0,451.0,519.0,428.0,191.0,460.0,448.0,395.0,380.0,370.0,350.0,328.0,314.0,268.0,262.0,208.0,273.0,250.0,227.0,243.0,242.0,231.0,250.0,263.0,247.0,263.0,205.0,323.0,253.0,243.0,243.0,253.0,245.0,218.0,219.0,206.0,227.0,183.0,235.0,218.0,220.0,180.0,207.0,187.0,138.0,154.0,167.0,156.0,182.0,153.0,146.0,126.0,108.0,127.0,122.0,99.0,126.0,136.0,100.0,189.0,78.0,53.0,63.0,60.0,52.0,43.0,35.0,31.0,24.0,17.0,195.0,9.0,12.0,12.0,5.0,3.0,4.0,2.0,1.0,1.0,1.0,214.0,205.0,187.0,189.0,195.0,206.0,195.0,203.0,228.0,200.0,214.0,224.0,178.0,245.0,276.0,358.0,393.0,401.0,456.0,458.0,495.0,468.0,458.0,192.0,452.0,435.0,368.0,345.0,340.0,353.0,293.0,295.0,259.0,263.0,222.0,274.0,258.0,255.0,261.0,234.0,292.0,281.0,236.0,248.0,267.0,181.0,259.0,274.0,267.0,300.0,248.0,205.0,219.0,224.0,235.0,231.0,211.0,219.0,215.0,238.0,238.0,184.0,179.0,161.0,192.0,180.0,169.0,169.0,173.0,169.0,139.0,133.0,131.0,158.0,152.0,141.0,142.0,137.0,150.0,114.0,100.0,84.0,75.0,69.0,59.0,62.0,49.0,49.0,38.0,166.0,34.0,20.0,20.0,19.0,15.0,5.0,12.0,4.0,2.0,10.0
Vanløse,2027,,,,,,,,,,,,,,,,,,,,,,,,,,,,,,,,,,,,,,,,,,,,,,,,,,,,,,,,,,,,,,,,,,,,,,,,,,,,,,,,,,,,,,,,,,,,,,,,,,,,,,,,,,,,,,,,,,,,,,,,,,,,,,,,,,,,,,,,,,,,,,,,,,,,,,,,,,,,,,,,,,,,,,,,,,,,,,,,,,,,,,,,,,,,,,,,,,,,,,,,,,,,,,,,,,,251.0,205.0,195.0,227.0,206.0,181.0,208.0,214.0,244.0,223.0,230.0,223.0,208.0,237.0,277.0,319.0,365.0,398.0,440.0,422.0,462.0,475.0,510.0,218.0,426.0,440.0,434.0,378.0,377.0,354.0,339.0,322.0,307.0,264.0,188.0,255.0,265.0,243.0,226.0,241.0,240.0,230.0,251.0,263.0,247.0,200.0,263.0,316.0,258.0,242.0,242.0,248.0,241.0,220.0,219.0,201.0,195.0,226.0,237.0,215.0,213.0,178.0,206.0,185.0,135.0,153.0,164.0,180.0,152.0,148.0,140.0,123.0,106.0,124.0,116.0,96.0,120.0,129.0,183.0,95.0,73.0,52.0,59.0,56.0,46.0,39.0,33.0,28.0,20.0,192.0,14.0,8.0,9.0,9.0,4.0,2.0,3.0,1.0,1.0,1.0,242.0,196.0,169.0,189.0,188.0,194.0,206.0,195.0,205.0,230.0,207.0,224.0,194.0,249.0,303.0,338.0,391.0,428.0,438.0,484.0,474.0,488.0,461.0,173.0,438.0,423.0,424.0,345.0,335.0,332.0,339.0,287.0,290.0,254.0,185.0,262.0,275.0,256.0,252.0,261.0,232.0,297.0,280.0,234.0,248.0,214.0,267.0,258.0,272.0,272.0,298.0,245.0,206.0,217.0,225.0,234.0,178.0,230.0,219.0,214.0,232.0,233.0,184.0,177.0,158.0,188.0,177.0,208.0,166.0,167.0,165.0,137.0,132.0,129.0,154.0,146.0,137.0,137.0,169.0,131.0,109.0,96.0,82.0,72.0,64.0,55.0,58.0,45.0,44.0,154.0,30.0,31.0,17.0,18.0,14.0,12.0,4.0,8.0,2.0,8.0
Vanløse,2028,,,,,,,,,,,,,,,,,,,,,,,,,,,,,,,,,,,,,,,,,,,,,,,,,,,,,,,,,,,,,,,,,,,,,,,,,,,,,,,,,,,,,,,,,,,,,,,,,,,,,,,,,,,,,,,,,,,,,,,,,,,,,,,,,,,,,,,,,,,,,,,,,,,,,,,,,,,,,,,,,,,,,,,,,,,,,,,,,,,,,,,,,,,,,,,,,,,,,,,,,,,,,,,,,,,253.0,227.0,189.0,192.0,225.0,203.0,180.0,208.0,216.0,242.0,220.0,239.0,201.0,234.0,274.0,331.0,359.0,398.0,417.0,447.0,443.0,475.0,474.0,190.0,487.0,411.0,426.0,407.0,373.0,359.0,340.0,331.0,313.0,296.0,210.0,254.0,249.0,255.0,238.0,223.0,238.0,236.0,229.0,250.0,261.0,181.0,245.0,257.0,316.0,255.0,239.0,238.0,243.0,241.0,218.0,212.0,190.0,199.0,228.0,233.0,207.0,209.0,178.0,203.0,178.0,134.0,150.0,189.0,160.0,147.0,142.0,136.0,119.0,103.0,118.0,111.0,91.0,113.0,179.0,123.0,89.0,70.0,49.0,56.0,50.0,42.0,36.0,30.0,24.0,184.0,17.0,11.0,6.0,7.0,7.0,3.0,2.0,2.0,1.0,1.0,244.0,218.0,155.0,170.0,186.0,186.0,193.0,203.0,195.0,206.0,233.0,216.0,186.0,247.0,306.0,346.0,365.0,417.0,451.0,463.0,492.0,467.0,473.0,186.0,437.0,407.0,411.0,390.0,333.0,326.0,316.0,323.0,281.0,279.0,167.0,251.0,261.0,268.0,251.0,249.0,256.0,235.0,293.0,273.0,233.0,180.0,246.0,263.0,255.0,274.0,268.0,291.0,242.0,203.0,215.0,222.0,207.0,231.0,228.0,217.0,208.0,227.0,231.0,182.0,172.0,155.0,185.0,176.0,173.0,160.0,162.0,162.0,135.0,129.0,125.0,148.0,141.0,132.0,203.0,131.0,125.0,104.0,93.0,79.0,67.0,60.0,52.0,53.0,40.0,169.0,35.0,28.0,27.0,15.0,13.0,11.0,9.0,3.0,4.0,7.0
Vanløse,2029,,,,,,,,,,,,,,,,,,,,,,,,,,,,,,,,,,,,,,,,,,,,,,,,,,,,,,,,,,,,,,,,,,,,,,,,,,,,,,,,,,,,,,,,,,,,,,,,,,,,,,,,,,,,,,,,,,,,,,,,,,,,,,,,,,,,,,,,,,,,,,,,,,,,,,,,,,,,,,,,,,,,,,,,,,,,,,,,,,,,,,,,,,,,,,,,,,,,,,,,,,,,,,,,,,,254.0,228.0,181.0,187.0,192.0,222.0,202.0,182.0,210.0,215.0,238.0,232.0,219.0,246.0,270.0,323.0,361.0,389.0,410.0,425.0,458.0,458.0,470.0,184.0,455.0,456.0,398.0,400.0,395.0,354.0,344.0,331.0,321.0,301.0,184.0,282.0,247.0,240.0,248.0,233.0,220.0,233.0,234.0,229.0,247.0,199.0,258.0,239.0,259.0,308.0,250.0,234.0,233.0,243.0,238.0,210.0,172.0,209.0,202.0,224.0,224.0,204.0,209.0,175.0,196.0,176.0,132.0,185.0,147.0,155.0,142.0,138.0,132.0,116.0,98.0,113.0,106.0,86.0,187.0,108.0,114.0,85.0,66.0,46.0,50.0,45.0,38.0,33.0,26.0,180.0,20.0,13.0,8.0,5.0,5.0,6.0,2.0,1.0,2.0,2.0,244.0,219.0,169.0,157.0,169.0,184.0,185.0,190.0,202.0,196.0,211.0,237.0,204.0,239.0,300.0,344.0,365.0,392.0,436.0,468.0,473.0,481.0,453.0,179.0,443.0,403.0,396.0,378.0,370.0,323.0,311.0,303.0,312.0,272.0,178.0,274.0,250.0,256.0,261.0,248.0,244.0,256.0,233.0,285.0,269.0,162.0,231.0,243.0,260.0,257.0,269.0,263.0,286.0,237.0,201.0,212.0,174.0,219.0,230.0,227.0,212.0,205.0,225.0,227.0,176.0,169.0,153.0,202.0,180.0,166.0,156.0,159.0,158.0,132.0,125.0,121.0,144.0,136.0,172.0,126.0,125.0,119.0,102.0,89.0,73.0,62.0,56.0,48.0,47.0,201.0,33.0,32.0,24.0,23.0,12.0,11.0,9.0,6.0,1.0,8.0
Vanløse,2030,,,,,,,,,,,,,,,,,,,,,,,,,,,,,,,,,,,,,,,,,,,,,,,,,,,,,,,,,,,,,,,,,,,,,,,,,,,,,,,,,,,,,,,,,,,,,,,,,,,,,,,,,,,,,,,,,,,,,,,,,,,,,,,,,,,,,,,,,,,,,,,,,,,,,,,,,,,,,,,,,,,,,,,,,,,,,,,,,,,,,,,,,,,,,,,,,,,,,,,,,,,,,,,,,,,258.0,230.0,179.0,179.0,188.0,191.0,220.0,203.0,185.0,210.0,214.0,249.0,222.0,247.0,283.0,323.0,358.0,394.0,407.0,421.0,442.0,472.0,459.0,200.0,454.0,432.0,436.0,377.0,392.0,374.0,341.0,337.0,323.0,310.0,181.0,288.0,274.0,240.0,237.0,244.0,230.0,218.0,232.0,234.0,228.0,178.0,246.0,251.0,240.0,255.0,302.0,246.0,230.0,234.0,241.0,229.0,189.0,208.0,211.0,200.0,217.0,221.0,204.0,206.0,170.0,193.0,172.0,168.0,130.0,143.0,148.0,137.0,134.0,128.0,110.0,95.0,108.0,100.0,185.0,82.0,100.0,108.0,80.0,62.0,41.0,45.0,42.0,35.0,27.0,188.0,21.0,16.0,10.0,7.0,4.0,3.0,4.0,1.0,1.0,2.0,248.0,221.0,200.0,171.0,158.0,169.0,184.0,183.0,190.0,203.0,202.0,221.0,207.0,262.0,300.0,341.0,368.0,394.0,418.0,456.0,477.0,468.0,468.0,196.0,430.0,410.0,394.0,368.0,363.0,358.0,309.0,301.0,296.0,302.0,173.0,270.0,273.0,247.0,251.0,260.0,245.0,246.0,254.0,230.0,282.0,173.0,267.0,229.0,240.0,262.0,254.0,265.0,261.0,279.0,235.0,199.0,159.0,209.0,218.0,228.0,222.0,209.0,204.0,222.0,220.0,173.0,166.0,171.0,149.0,174.0,162.0,153.0,156.0,154.0,128.0,121.0,117.0,138.0,197.0,130.0,120.0,119.0,115.0,96.0,80.0,67.0,57.0,50.0,41.0,172.0,37.0,29.0,27.0,21.0,17.0,8.0,8.0,5.0,3.0,6.0
Vanløse,2031,,,,,,,,,,,,,,,,,,,,,,,,,,,,,,,,,,,,,,,,,,,,,,,,,,,,,,,,,,,,,,,,,,,,,,,,,,,,,,,,,,,,,,,,,,,,,,,,,,,,,,,,,,,,,,,,,,,,,,,,,,,,,,,,,,,,,,,,,,,,,,,,,,,,,,,,,,,,,,,,,,,,,,,,,,,,,,,,,,,,,,,,,,,,,,,,,,,,,,,,,,,,,,,,,,,256.0,231.0,185.0,176.0,179.0,187.0,190.0,220.0,205.0,186.0,208.0,225.0,221.0,256.0,276.0,320.0,349.0,383.0,402.0,411.0,430.0,451.0,463.0,201.0,440.0,425.0,413.0,403.0,368.0,368.0,355.0,332.0,326.0,310.0,194.0,295.0,279.0,263.0,236.0,233.0,239.0,226.0,216.0,230.0,230.0,174.0,226.0,239.0,252.0,236.0,250.0,293.0,240.0,230.0,233.0,232.0,169.0,225.0,208.0,207.0,194.0,213.0,220.0,201.0,199.0,169.0,189.0,182.0,169.0,126.0,137.0,144.0,133.0,130.0,121.0,106.0,90.0,102.0,167.0,95.0,77.0,96.0,101.0,75.0,55.0,38.0,42.0,38.0,29.0,185.0,22.0,17.0,12.0,8.0,5.0,3.0,3.0,3.0,1.0,2.0,246.0,222.0,172.0,199.0,170.0,158.0,169.0,182.0,183.0,191.0,206.0,211.0,206.0,244.0,306.0,328.0,356.0,388.0,411.0,433.0,458.0,464.0,450.0,197.0,438.0,394.0,396.0,363.0,351.0,349.0,337.0,297.0,292.0,286.0,187.0,296.0,268.0,268.0,242.0,249.0,255.0,246.0,244.0,248.0,228.0,168.0,279.0,263.0,227.0,241.0,258.0,250.0,261.0,255.0,275.0,231.0,167.0,197.0,208.0,216.0,223.0,218.0,208.0,201.0,215.0,215.0,171.0,155.0,162.0,145.0,169.0,159.0,150.0,152.0,150.0,124.0,118.0,113.0,167.0,132.0,124.0,114.0,116.0,109.0,88.0,74.0,62.0,52.0,43.0,195.0,32.0,34.0,25.0,23.0,15.0,13.0,6.0,5.0,3.0,7.0
Vanløse,2032,,,,,,,,,,,,,,,,,,,,,,,,,,,,,,,,,,,,,,,,,,,,,,,,,,,,,,,,,,,,,,,,,,,,,,,,,,,,,,,,,,,,,,,,,,,,,,,,,,,,,,,,,,,,,,,,,,,,,,,,,,,,,,,,,,,,,,,,,,,,,,,,,,,,,,,,,,,,,,,,,,,,,,,,,,,,,,,,,,,,,,,,,,,,,,,,,,,,,,,,,,,,,,,,,,,256.0,230.0,182.0,181.0,176.0,178.0,187.0,192.0,221.0,204.0,185.0,219.0,223.0,237.0,279.0,313.0,344.0,378.0,394.0,406.0,422.0,440.0,446.0,201.0,443.0,414.0,406.0,384.0,389.0,348.0,352.0,345.0,322.0,313.0,195.0,295.0,285.0,268.0,258.0,233.0,230.0,234.0,224.0,216.0,227.0,186.0,228.0,220.0,239.0,247.0,231.0,244.0,285.0,240.0,229.0,224.0,166.0,228.0,225.0,204.0,200.0,191.0,213.0,217.0,195.0,197.0,166.0,164.0,185.0,163.0,122.0,133.0,139.0,130.0,123.0,116.0,101.0,86.0,180.0,97.0,89.0,73.0,90.0,95.0,66.0,50.0,35.0,38.0,32.0,168.0,24.0,17.0,12.0,10.0,6.0,4.0,2.0,2.0,2.0,2.0,246.0,221.0,194.0,173.0,197.0,170.0,158.0,168.0,182.0,184.0,194.0,214.0,208.0,234.0,287.0,331.0,346.0,379.0,407.0,427.0,439.0,447.0,446.0,198.0,424.0,402.0,382.0,364.0,347.0,338.0,330.0,323.0,289.0,284.0,189.0,282.0,293.0,264.0,262.0,241.0,245.0,256.0,244.0,238.0,245.0,182.0,226.0,273.0,259.0,228.0,237.0,253.0,247.0,256.0,253.0,270.0,163.0,227.0,196.0,206.0,211.0,219.0,217.0,206.0,196.0,211.0,211.0,164.0,167.0,157.0,141.0,166.0,156.0,146.0,147.0,144.0,121.0,113.0,153.0,108.0,125.0,117.0,110.0,109.0,98.0,80.0,69.0,56.0,45.0,166.0,34.0,29.0,28.0,21.0,17.0,12.0,10.0,4.0,3.0,6.0
Vanløse,2033,,,,,,,,,,,,,,,,,,,,,,,,,,,,,,,,,,,,,,,,,,,,,,,,,,,,,,,,,,,,,,,,,,,,,,,,,,,,,,,,,,,,,,,,,,,,,,,,,,,,,,,,,,,,,,,,,,,,,,,,,,,,,,,,,,,,,,,,,,,,,,,,,,,,,,,,,,,,,,,,,,,,,,,,,,,,,,,,,,,,,,,,,,,,,,,,,,,,,,,,,,,,,,,,,,,254.0,230.0,166.0,179.0,181.0,176.0,178.0,189.0,194.0,219.0,201.0,198.0,223.0,231.0,262.0,308.0,339.0,374.0,393.0,401.0,418.0,433.0,435.0,203.0,428.0,416.0,397.0,377.0,373.0,365.0,334.0,343.0,333.0,310.0,196.0,299.0,286.0,274.0,263.0,253.0,230.0,227.0,232.0,223.0,213.0,188.0,224.0,221.0,222.0,235.0,242.0,226.0,239.0,283.0,238.0,221.0,178.0,221.0,228.0,220.0,197.0,197.0,192.0,210.0,210.0,193.0,193.0,162.0,163.0,179.0,157.0,119.0,130.0,136.0,123.0,119.0,111.0,97.0,163.0,82.0,91.0,85.0,69.0,84.0,84.0,60.0,47.0,33.0,32.0,179.0,26.0,19.0,13.0,11.0,7.0,4.0,3.0,1.0,1.0,3.0,245.0,221.0,166.0,193.0,173.0,195.0,169.0,158.0,170.0,183.0,189.0,203.0,208.0,233.0,277.0,312.0,348.0,371.0,400.0,424.0,432.0,430.0,431.0,200.0,419.0,391.0,389.0,353.0,348.0,335.0,320.0,317.0,313.0,282.0,189.0,280.0,280.0,288.0,259.0,260.0,237.0,247.0,253.0,238.0,236.0,183.0,243.0,223.0,269.0,259.0,226.0,233.0,251.0,243.0,253.0,248.0,177.0,265.0,226.0,195.0,201.0,207.0,218.0,215.0,201.0,193.0,207.0,161.0,205.0,162.0,154.0,139.0,163.0,152.0,142.0,142.0,140.0,116.0,160.0,109.0,104.0,119.0,113.0,104.0,99.0,90.0,75.0,62.0,49.0,152.0,36.0,31.0,24.0,24.0,16.0,13.0,9.0,6.0,2.0,6.0
Vanløse,2034,,,,,,,,,,,,,,,,,,,,,,,,,,,,,,,,,,,,,,,,,,,,,,,,,,,,,,,,,,,,,,,,,,,,,,,,,,,,,,,,,,,,,,,,,,,,,,,,,,,,,,,,,,,,,,,,,,,,,,,,,,,,,,,,,,,,,,,,,,,,,,,,,,,,,,,,,,,,,,,,,,,,,,,,,,,,,,,,,,,,,,,,,,,,,,,,,,,,,,,,,,,,,,,,,,,252.0,229.0,176.0,163.0,180.0,180.0,176.0,180.0,191.0,194.0,215.0,211.0,223.0,212.0,249.0,291.0,331.0,371.0,388.0,400.0,412.0,428.0,429.0,203.0,418.0,403.0,398.0,370.0,366.0,351.0,348.0,326.0,332.0,320.0,198.0,296.0,289.0,275.0,269.0,258.0,249.0,227.0,225.0,231.0,220.0,189.0,211.0,218.0,222.0,219.0,230.0,236.0,221.0,239.0,279.0,230.0,179.0,218.0,222.0,223.0,212.0,194.0,197.0,190.0,204.0,208.0,190.0,173.0,190.0,158.0,172.0,153.0,116.0,127.0,130.0,119.0,113.0,105.0,161.0,93.0,77.0,87.0,80.0,65.0,75.0,76.0,56.0,43.0,27.0,164.0,27.0,21.0,14.0,11.0,8.0,5.0,3.0,2.0,1.0,3.0,243.0,220.0,152.0,167.0,192.0,172.0,194.0,168.0,161.0,172.0,188.0,197.0,208.0,221.0,268.0,302.0,331.0,373.0,393.0,418.0,430.0,424.0,416.0,200.0,405.0,385.0,379.0,359.0,338.0,335.0,317.0,308.0,308.0,303.0,191.0,278.0,279.0,276.0,281.0,257.0,255.0,240.0,245.0,247.0,236.0,184.0,234.0,238.0,221.0,268.0,254.0,222.0,231.0,246.0,241.0,249.0,178.0,244.0,262.0,224.0,191.0,198.0,207.0,216.0,209.0,198.0,190.0,173.0,202.0,199.0,159.0,152.0,137.0,159.0,148.0,137.0,138.0,135.0,158.0,112.0,104.0,99.0,116.0,107.0,96.0,92.0,84.0,69.0,55.0,159.0,40.0,34.0,27.0,21.0,18.0,13.0,10.0,6.0,3.0,6.0
Vanløse,2035,,,,,,,,,,,,,,,,,,,,,,,,,,,,,,,,,,,,,,,,,,,,,,,,,,,,,,,,,,,,,,,,,,,,,,,,,,,,,,,,,,,,,,,,,,,,,,,,,,,,,,,,,,,,,,,,,,,,,,,,,,,,,,,,,,,,,,,,,,,,,,,,,,,,,,,,,,,,,,,,,,,,,,,,,,,,,,,,,,,,,,,,,,,,,,,,,,,,,,,,,,,,,,,,,,,250.0,228.0,161.0,173.0,164.0,179.0,180.0,178.0,183.0,192.0,193.0,224.0,223.0,220.0,230.0,273.0,316.0,361.0,387.0,395.0,413.0,424.0,424.0,204.0,413.0,394.0,386.0,371.0,360.0,345.0,336.0,338.0,317.0,320.0,198.0,305.0,287.0,279.0,270.0,264.0,254.0,245.0,225.0,225.0,227.0,191.0,217.0,206.0,219.0,218.0,215.0,225.0,231.0,221.0,237.0,268.0,180.0,227.0,219.0,219.0,216.0,208.0,194.0,195.0,185.0,203.0,205.0,175.0,187.0,185.0,153.0,167.0,149.0,114.0,121.0,125.0,114.0,108.0,172.0,101.0,87.0,74.0,82.0,75.0,58.0,68.0,71.0,51.0,36.0,163.0,23.0,22.0,16.0,12.0,8.0,6.0,4.0,2.0,1.0,2.0,241.0,218.0,159.0,154.0,167.0,190.0,172.0,192.0,170.0,164.0,179.0,196.0,207.0,214.0,252.0,287.0,323.0,358.0,396.0,412.0,425.0,422.0,410.0,200.0,393.0,373.0,374.0,350.0,343.0,326.0,317.0,305.0,300.0,299.0,192.0,298.0,277.0,275.0,270.0,279.0,254.0,257.0,238.0,240.0,245.0,186.0,234.0,230.0,235.0,222.0,263.0,249.0,221.0,227.0,244.0,237.0,179.0,245.0,243.0,259.0,218.0,188.0,198.0,204.0,211.0,206.0,195.0,175.0,186.0,196.0,194.0,156.0,149.0,135.0,155.0,143.0,134.0,133.0,170.0,130.0,107.0,99.0,96.0,110.0,98.0,89.0,86.0,77.0,60.0,158.0,44.0,38.0,29.0,24.0,16.0,15.0,10.0,7.0,3.0,6.0
Vanløse,2036,,,,,,,,,,,,,,,,,,,,,,,,,,,,,,,,,,,,,,,,,,,,,,,,,,,,,,,,,,,,,,,,,,,,,,,,,,,,,,,,,,,,,,,,,,,,,,,,,,,,,,,,,,,,,,,,,,,,,,,,,,,,,,,,,,,,,,,,,,,,,,,,,,,,,,,,,,,,,,,,,,,,,,,,,,,,,,,,,,,,,,,,,,,,,,,,,,,,,,,,,,,,,,,,,,,247.0,226.0,161.0,159.0,173.0,163.0,179.0,182.0,181.0,184.0,191.0,205.0,221.0,230.0,229.0,255.0,297.0,349.0,376.0,395.0,408.0,426.0,421.0,203.0,408.0,390.0,378.0,360.0,360.0,339.0,330.0,327.0,327.0,306.0,199.0,305.0,295.0,277.0,274.0,266.0,260.0,250.0,243.0,225.0,222.0,191.0,224.0,211.0,207.0,215.0,214.0,210.0,220.0,230.0,219.0,228.0,182.0,263.0,228.0,216.0,212.0,212.0,208.0,192.0,190.0,185.0,201.0,176.0,202.0,182.0,178.0,149.0,163.0,145.0,109.0,117.0,120.0,109.0,174.0,103.0,94.0,83.0,70.0,77.0,67.0,53.0,63.0,65.0,43.0,173.0,31.0,18.0,16.0,14.0,9.0,6.0,5.0,3.0,2.0,2.0,238.0,217.0,158.0,160.0,154.0,166.0,189.0,170.0,192.0,172.0,172.0,189.0,206.0,210.0,241.0,271.0,307.0,351.0,382.0,415.0,420.0,417.0,409.0,199.0,387.0,363.0,362.0,345.0,336.0,331.0,309.0,305.0,297.0,292.0,192.0,295.0,297.0,273.0,270.0,268.0,274.0,256.0,255.0,233.0,237.0,187.0,243.0,230.0,227.0,235.0,219.0,258.0,247.0,218.0,225.0,240.0,181.0,234.0,244.0,241.0,252.0,215.0,188.0,195.0,199.0,208.0,204.0,176.0,191.0,181.0,192.0,191.0,154.0,147.0,132.0,149.0,139.0,129.0,172.0,128.0,124.0,102.0,97.0,92.0,101.0,91.0,83.0,79.0,68.0,170.0,49.0,42.0,32.0,26.0,18.0,13.0,11.0,7.0,4.0,7.0
Vanløse,2037,,,,,,,,,,,,,,,,,,,,,,,,,,,,,,,,,,,,,,,,,,,,,,,,,,,,,,,,,,,,,,,,,,,,,,,,,,,,,,,,,,,,,,,,,,,,,,,,,,,,,,,,,,,,,,,,,,,,,,,,,,,,,,,,,,,,,,,,,,,,,,,,,,,,,,,,,,,,,,,,,,,,,,,,,,,,,,,,,,,,,,,,,,,,,,,,,,,,,,,,,,,,,,,,,,,245.0,224.0,171.0,159.0,160.0,172.0,164.0,181.0,185.0,182.0,183.0,204.0,220.0,214.0,234.0,250.0,282.0,329.0,367.0,384.0,409.0,421.0,424.0,202.0,406.0,386.0,375.0,353.0,351.0,340.0,325.0,321.0,317.0,314.0,199.0,293.0,296.0,284.0,273.0,270.0,262.0,256.0,248.0,242.0,223.0,192.0,220.0,218.0,212.0,204.0,211.0,209.0,206.0,220.0,228.0,211.0,183.0,225.0,262.0,224.0,209.0,209.0,212.0,205.0,187.0,189.0,182.0,178.0,198.0,196.0,176.0,173.0,146.0,159.0,139.0,107.0,112.0,114.0,175.0,105.0,97.0,90.0,79.0,66.0,69.0,61.0,50.0,58.0,54.0,175.0,36.0,24.0,14.0,15.0,10.0,7.0,5.0,3.0,2.0,3.0,236.0,215.0,170.0,159.0,160.0,153.0,166.0,187.0,172.0,193.0,179.0,183.0,205.0,204.0,236.0,261.0,293.0,336.0,377.0,402.0,423.0,413.0,406.0,199.0,387.0,358.0,354.0,335.0,331.0,325.0,314.0,298.0,297.0,289.0,192.0,288.0,294.0,292.0,268.0,268.0,265.0,276.0,255.0,250.0,232.0,187.0,236.0,239.0,227.0,227.0,231.0,216.0,254.0,242.0,216.0,221.0,182.0,236.0,233.0,242.0,235.0,248.0,214.0,186.0,191.0,197.0,205.0,178.0,200.0,186.0,178.0,189.0,188.0,151.0,143.0,127.0,146.0,134.0,174.0,124.0,122.0,118.0,100.0,93.0,85.0,93.0,85.0,76.0,70.0,172.0,55.0,47.0,36.0,29.0,20.0,15.0,10.0,8.0,4.0,7.0
Vanløse,2038,,,,,,,,,,,,,,,,,,,,,,,,,,,,,,,,,,,,,,,,,,,,,,,,,,,,,,,,,,,,,,,,,,,,,,,,,,,,,,,,,,,,,,,,,,,,,,,,,,,,,,,,,,,,,,,,,,,,,,,,,,,,,,,,,,,,,,,,,,,,,,,,,,,,,,,,,,,,,,,,,,,,,,,,,,,,,,,,,,,,,,,,,,,,,,,,,,,,,,,,,,,,,,,,,,,243.0,222.0,173.0,169.0,160.0,160.0,172.0,166.0,185.0,186.0,182.0,196.0,219.0,215.0,221.0,253.0,274.0,316.0,346.0,377.0,398.0,423.0,419.0,202.0,410.0,385.0,372.0,351.0,345.0,331.0,326.0,317.0,312.0,306.0,198.0,300.0,285.0,286.0,279.0,269.0,266.0,258.0,254.0,248.0,239.0,192.0,221.0,215.0,219.0,209.0,200.0,206.0,205.0,207.0,219.0,220.0,184.0,208.0,226.0,256.0,216.0,206.0,209.0,209.0,199.0,186.0,187.0,179.0,180.0,193.0,190.0,172.0,170.0,143.0,152.0,134.0,102.0,108.0,177.0,110.0,98.0,93.0,85.0,75.0,59.0,63.0,57.0,46.0,49.0,176.0,45.0,29.0,19.0,13.0,11.0,7.0,5.0,3.0,2.0,3.0,234.0,213.0,172.0,171.0,159.0,159.0,153.0,165.0,188.0,174.0,198.0,189.0,204.0,200.0,232.0,256.0,284.0,322.0,361.0,398.0,411.0,416.0,402.0,198.0,385.0,359.0,350.0,328.0,323.0,320.0,308.0,302.0,290.0,289.0,191.0,285.0,287.0,290.0,286.0,267.0,265.0,267.0,274.0,250.0,248.0,188.0,231.0,232.0,235.0,228.0,224.0,227.0,215.0,249.0,239.0,213.0,183.0,218.0,235.0,231.0,236.0,231.0,246.0,212.0,182.0,188.0,194.0,179.0,201.0,195.0,183.0,175.0,186.0,183.0,148.0,138.0,125.0,141.0,176.0,129.0,119.0,117.0,116.0,96.0,86.0,79.0,88.0,78.0,68.0,173.0,57.0,52.0,40.0,32.0,22.0,16.0,11.0,7.0,4.0,8.0
Vanløse,2039,,,,,,,,,,,,,,,,,,,,,,,,,,,,,,,,,,,,,,,,,,,,,,,,,,,,,,,,,,,,,,,,,,,,,,,,,,,,,,,,,,,,,,,,,,,,,,,,,,,,,,,,,,,,,,,,,,,,,,,,,,,,,,,,,,,,,,,,,,,,,,,,,,,,,,,,,,,,,,,,,,,,,,,,,,,,,,,,,,,,,,,,,,,,,,,,,,,,,,,,,,,,,,,,,,,240.0,220.0,175.0,171.0,170.0,160.0,160.0,174.0,170.0,186.0,185.0,195.0,217.0,207.0,221.0,242.0,276.0,306.0,335.0,356.0,391.0,411.0,422.0,200.0,405.0,388.0,371.0,348.0,342.0,326.0,318.0,317.0,308.0,301.0,197.0,292.0,290.0,275.0,281.0,275.0,265.0,262.0,256.0,253.0,245.0,192.0,237.0,216.0,216.0,215.0,205.0,196.0,202.0,205.0,205.0,211.0,184.0,216.0,209.0,221.0,247.0,213.0,206.0,207.0,203.0,197.0,183.0,179.0,184.0,176.0,186.0,185.0,168.0,166.0,137.0,147.0,129.0,99.0,178.0,104.0,103.0,94.0,88.0,81.0,67.0,54.0,59.0,53.0,39.0,179.0,41.0,36.0,22.0,17.0,10.0,8.0,6.0,3.0,2.0,4.0,231.0,211.0,174.0,173.0,171.0,159.0,159.0,153.0,167.0,190.0,180.0,205.0,202.0,202.0,229.0,254.0,279.0,313.0,347.0,381.0,407.0,405.0,405.0,196.0,382.0,356.0,350.0,325.0,316.0,312.0,304.0,298.0,295.0,283.0,190.0,285.0,284.0,284.0,284.0,284.0,264.0,268.0,266.0,268.0,248.0,187.0,246.0,227.0,229.0,236.0,224.0,220.0,225.0,211.0,246.0,235.0,183.0,210.0,217.0,233.0,226.0,232.0,230.0,243.0,206.0,180.0,186.0,180.0,191.0,196.0,191.0,181.0,173.0,182.0,179.0,143.0,136.0,121.0,177.0,135.0,124.0,114.0,114.0,110.0,88.0,80.0,74.0,80.0,69.0,176.0,55.0,53.0,45.0,36.0,25.0,18.0,12.0,8.0,4.0,8.0
Vanløse,2040,,,,,,,,,,,,,,,,,,,,,,,,,,,,,,,,,,,,,,,,,,,,,,,,,,,,,,,,,,,,,,,,,,,,,,,,,,,,,,,,,,,,,,,,,,,,,,,,,,,,,,,,,,,,,,,,,,,,,,,,,,,,,,,,,,,,,,,,,,,,,,,,,,,,,,,,,,,,,,,,,,,,,,,,,,,,,,,,,,,,,,,,,,,,,,,,,,,,,,,,,,,,,,,,,,,237.0,218.0,177.0,173.0,173.0,170.0,160.0,162.0,177.0,172.0,185.0,197.0,215.0,206.0,211.0,243.0,268.0,308.0,323.0,345.0,370.0,406.0,410.0,199.0,408.0,384.0,374.0,347.0,340.0,324.0,312.0,310.0,308.0,297.0,196.0,287.0,284.0,280.0,271.0,277.0,271.0,262.0,260.0,255.0,250.0,191.0,242.0,231.0,217.0,213.0,211.0,200.0,193.0,201.0,203.0,198.0,184.0,207.0,217.0,205.0,214.0,243.0,213.0,204.0,201.0,202.0,194.0,180.0,181.0,180.0,170.0,182.0,181.0,165.0,159.0,133.0,141.0,123.0,179.0,95.0,97.0,99.0,89.0,83.0,72.0,61.0,51.0,54.0,45.0,180.0,33.0,33.0,27.0,19.0,13.0,7.0,6.0,4.0,3.0,4.0,229.0,209.0,176.0,175.0,173.0,171.0,159.0,158.0,154.0,169.0,195.0,189.0,200.0,213.0,228.0,253.0,279.0,309.0,337.0,367.0,389.0,402.0,394.0,195.0,384.0,354.0,349.0,325.0,313.0,306.0,296.0,293.0,290.0,287.0,189.0,279.0,284.0,281.0,278.0,282.0,280.0,267.0,266.0,260.0,266.0,186.0,247.0,242.0,225.0,230.0,232.0,220.0,218.0,220.0,210.0,241.0,183.0,231.0,210.0,216.0,228.0,223.0,231.0,227.0,236.0,203.0,178.0,180.0,183.0,186.0,193.0,189.0,179.0,170.0,178.0,173.0,141.0,131.0,178.0,117.0,130.0,118.0,111.0,108.0,101.0,82.0,75.0,68.0,71.0,176.0,56.0,52.0,46.0,40.0,27.0,20.0,14.0,9.0,4.0,9.0
Vanløse,2041,,,,,,,,,,,,,,,,,,,,,,,,,,,,,,,,,,,,,,,,,,,,,,,,,,,,,,,,,,,,,,,,,,,,,,,,,,,,,,,,,,,,,,,,,,,,,,,,,,,,,,,,,,,,,,,,,,,,,,,,,,,,,,,,,,,,,,,,,,,,,,,,,,,,,,,,,,,,,,,,,,,,,,,,,,,,,,,,,,,,,,,,,,,,,,,,,,,,,,,,,,,,,,,,,,,235.0,215.0,178.0,175.0,174.0,172.0,170.0,163.0,166.0,177.0,172.0,198.0,213.0,206.0,208.0,233.0,272.0,303.0,325.0,334.0,360.0,383.0,405.0,197.0,397.0,387.0,371.0,350.0,339.0,322.0,311.0,305.0,301.0,298.0,195.0,284.0,279.0,274.0,275.0,267.0,273.0,267.0,260.0,260.0,253.0,190.0,248.0,236.0,232.0,214.0,209.0,206.0,196.0,193.0,200.0,196.0,183.0,196.0,208.0,212.0,199.0,211.0,242.0,211.0,199.0,200.0,199.0,179.0,192.0,177.0,174.0,167.0,179.0,178.0,158.0,154.0,128.0,135.0,179.0,119.0,90.0,94.0,94.0,85.0,75.0,66.0,58.0,47.0,46.0,181.0,38.0,26.0,25.0,24.0,14.0,10.0,6.0,4.0,3.0,4.0,226.0,207.0,177.0,177.0,175.0,173.0,171.0,158.0,159.0,157.0,176.0,202.0,198.0,199.0,234.0,251.0,281.0,311.0,335.0,358.0,376.0,384.0,392.0,194.0,375.0,356.0,346.0,324.0,313.0,303.0,291.0,286.0,286.0,283.0,188.0,283.0,278.0,281.0,275.0,277.0,279.0,283.0,266.0,261.0,258.0,185.0,264.0,243.0,239.0,226.0,227.0,228.0,218.0,214.0,218.0,206.0,182.0,237.0,230.0,208.0,211.0,224.0,222.0,228.0,222.0,232.0,201.0,180.0,175.0,178.0,183.0,191.0,187.0,176.0,166.0,172.0,169.0,136.0,178.0,127.0,113.0,124.0,116.0,106.0,100.0,94.0,78.0,69.0,60.0,177.0,58.0,53.0,45.0,41.0,31.0,23.0,16.0,10.0,5.0,9.0
Vanløse,2042,,,,,,,,,,,,,,,,,,,,,,,,,,,,,,,,,,,,,,,,,,,,,,,,,,,,,,,,,,,,,,,,,,,,,,,,,,,,,,,,,,,,,,,,,,,,,,,,,,,,,,,,,,,,,,,,,,,,,,,,,,,,,,,,,,,,,,,,,,,,,,,,,,,,,,,,,,,,,,,,,,,,,,,,,,,,,,,,,,,,,,,,,,,,,,,,,,,,,,,,,,,,,,,,,,,232.0,213.0,179.0,176.0,176.0,174.0,172.0,173.0,167.0,167.0,176.0,185.0,211.0,206.0,205.0,229.0,262.0,309.0,322.0,336.0,348.0,375.0,383.0,195.0,393.0,376.0,374.0,347.0,343.0,321.0,309.0,304.0,297.0,291.0,193.0,284.0,276.0,269.0,269.0,271.0,264.0,269.0,265.0,260.0,257.0,189.0,250.0,241.0,237.0,228.0,210.0,205.0,202.0,196.0,192.0,193.0,182.0,193.0,197.0,204.0,206.0,196.0,211.0,239.0,205.0,198.0,198.0,179.0,196.0,187.0,171.0,170.0,164.0,175.0,170.0,154.0,148.0,123.0,179.0,130.0,111.0,87.0,89.0,89.0,76.0,68.0,62.0,53.0,40.0,181.0,39.0,30.0,20.0,22.0,18.0,11.0,7.0,4.0,3.0,4.0,223.0,204.0,178.0,178.0,178.0,175.0,173.0,169.0,160.0,161.0,163.0,185.0,196.0,208.0,222.0,253.0,278.0,315.0,338.0,356.0,367.0,371.0,374.0,192.0,372.0,348.0,349.0,322.0,312.0,304.0,289.0,281.0,279.0,279.0,187.0,280.0,282.0,275.0,275.0,274.0,273.0,282.0,282.0,261.0,259.0,184.0,257.0,260.0,240.0,240.0,223.0,223.0,226.0,214.0,211.0,214.0,181.0,204.0,235.0,228.0,204.0,208.0,223.0,220.0,223.0,219.0,229.0,179.0,197.0,171.0,175.0,180.0,188.0,183.0,172.0,161.0,168.0,163.0,178.0,131.0,122.0,108.0,121.0,110.0,98.0,93.0,88.0,71.0,62.0,178.0,50.0,55.0,46.0,40.0,32.0,25.0,17.0,11.0,5.0,10.0
Vanløse,2043,,,,,,,,,,,,,,,,,,,,,,,,,,,,,,,,,,,,,,,,,,,,,,,,,,,,,,,,,,,,,,,,,,,,,,,,,,,,,,,,,,,,,,,,,,,,,,,,,,,,,,,,,,,,,,,,,,,,,,,,,,,,,,,,,,,,,,,,,,,,,,,,,,,,,,,,,,,,,,,,,,,,,,,,,,,,,,,,,,,,,,,,,,,,,,,,,,,,,,,,,,,,,,,,,,,229.0,211.0,179.0,177.0,178.0,176.0,174.0,175.0,176.0,168.0,167.0,188.0,209.0,196.0,203.0,224.0,259.0,300.0,331.0,334.0,350.0,362.0,375.0,194.0,372.0,373.0,363.0,350.0,340.0,325.0,308.0,302.0,296.0,287.0,192.0,278.0,276.0,267.0,265.0,266.0,267.0,260.0,268.0,264.0,257.0,188.0,254.0,244.0,242.0,233.0,224.0,206.0,201.0,201.0,195.0,185.0,181.0,190.0,194.0,193.0,198.0,202.0,196.0,209.0,231.0,205.0,196.0,178.0,196.0,192.0,181.0,167.0,167.0,162.0,168.0,166.0,148.0,142.0,178.0,119.0,122.0,107.0,83.0,85.0,80.0,70.0,64.0,57.0,45.0,181.0,34.0,31.0,23.0,18.0,16.0,13.0,8.0,5.0,3.0,5.0,220.0,202.0,178.0,179.0,179.0,177.0,175.0,172.0,171.0,162.0,167.0,172.0,194.0,194.0,226.0,243.0,279.0,313.0,344.0,360.0,365.0,362.0,362.0,190.0,356.0,346.0,341.0,324.0,311.0,303.0,289.0,279.0,275.0,272.0,185.0,276.0,279.0,279.0,270.0,274.0,270.0,276.0,280.0,276.0,259.0,183.0,258.0,253.0,256.0,241.0,236.0,219.0,221.0,221.0,212.0,208.0,180.0,211.0,203.0,233.0,222.0,201.0,207.0,221.0,215.0,219.0,216.0,178.0,224.0,192.0,168.0,173.0,179.0,185.0,179.0,166.0,158.0,163.0,177.0,157.0,126.0,117.0,106.0,115.0,102.0,91.0,87.0,81.0,64.0,177.0,50.0,47.0,47.0,41.0,31.0,26.0,20.0,13.0,6.0,11.0
Vanløse,2044,,,,,,,,,,,,,,,,,,,,,,,,,,,,,,,,,,,,,,,,,,,,,,,,,,,,,,,,,,,,,,,,,,,,,,,,,,,,,,,,,,,,,,,,,,,,,,,,,,,,,,,,,,,,,,,,,,,,,,,,,,,,,,,,,,,,,,,,,,,,,,,,,,,,,,,,,,,,,,,,,,,,,,,,,,,,,,,,,,,,,,,,,,,,,,,,,,,,,,,,,,,,,,,,,,,226.0,208.0,179.0,178.0,179.0,177.0,176.0,177.0,179.0,178.0,168.0,179.0,207.0,195.0,193.0,221.0,255.0,298.0,323.0,344.0,350.0,365.0,363.0,192.0,365.0,354.0,361.0,341.0,343.0,322.0,312.0,302.0,295.0,286.0,190.0,275.0,270.0,267.0,262.0,261.0,262.0,263.0,259.0,267.0,262.0,186.0,255.0,248.0,245.0,239.0,229.0,219.0,202.0,201.0,200.0,188.0,180.0,183.0,190.0,191.0,188.0,195.0,202.0,194.0,203.0,229.0,202.0,177.0,193.0,191.0,185.0,177.0,164.0,164.0,155.0,164.0,159.0,142.0,178.0,137.0,112.0,118.0,102.0,79.0,76.0,73.0,66.0,59.0,49.0,180.0,38.0,27.0,24.0,20.0,13.0,12.0,10.0,5.0,4.0,5.0,218.0,200.0,178.0,180.0,180.0,179.0,177.0,174.0,174.0,173.0,169.0,175.0,192.0,180.0,215.0,245.0,272.0,313.0,342.0,367.0,369.0,361.0,355.0,188.0,346.0,332.0,340.0,317.0,313.0,302.0,289.0,280.0,273.0,268.0,184.0,269.0,275.0,275.0,274.0,268.0,270.0,274.0,275.0,275.0,274.0,181.0,258.0,254.0,250.0,258.0,238.0,232.0,218.0,218.0,219.0,209.0,179.0,205.0,210.0,202.0,227.0,219.0,201.0,205.0,216.0,212.0,217.0,178.0,212.0,218.0,189.0,166.0,171.0,175.0,181.0,174.0,164.0,153.0,177.0,157.0,151.0,121.0,115.0,102.0,107.0,95.0,86.0,80.0,72.0,177.0,52.0,48.0,41.0,42.0,32.0,26.0,20.0,14.0,7.0,12.0
Vanløse,2045,,,,,,,,,,,,,,,,,,,,,,,,,,,,,,,,,,,,,,,,,,,,,,,,,,,,,,,,,,,,,,,,,,,,,,,,,,,,,,,,,,,,,,,,,,,,,,,,,,,,,,,,,,,,,,,,,,,,,,,,,,,,,,,,,,,,,,,,,,,,,,,,,,,,,,,,,,,,,,,,,,,,,,,,,,,,,,,,,,,,,,,,,,,,,,,,,,,,,,,,,,,,,,,,,,,224.0,206.0,179.0,177.0,179.0,179.0,178.0,179.0,181.0,181.0,178.0,181.0,205.0,187.0,187.0,213.0,253.0,294.0,321.0,336.0,360.0,365.0,365.0,190.0,353.0,348.0,343.0,339.0,334.0,326.0,310.0,306.0,294.0,285.0,189.0,274.0,267.0,261.0,263.0,259.0,258.0,259.0,262.0,259.0,264.0,185.0,259.0,248.0,249.0,242.0,234.0,224.0,215.0,203.0,200.0,193.0,179.0,185.0,184.0,187.0,185.0,185.0,196.0,200.0,189.0,203.0,226.0,176.0,200.0,189.0,185.0,181.0,173.0,161.0,158.0,152.0,158.0,153.0,177.0,137.0,129.0,108.0,112.0,97.0,71.0,70.0,69.0,61.0,51.0,179.0,41.0,31.0,21.0,21.0,15.0,10.0,10.0,7.0,4.0,6.0,215.0,197.0,178.0,180.0,180.0,180.0,179.0,176.0,176.0,176.0,180.0,176.0,190.0,180.0,198.0,238.0,274.0,307.0,342.0,365.0,377.0,366.0,354.0,186.0,339.0,322.0,326.0,316.0,307.0,304.0,288.0,280.0,274.0,267.0,182.0,266.0,268.0,272.0,270.0,272.0,265.0,273.0,272.0,270.0,273.0,180.0,272.0,254.0,251.0,252.0,254.0,235.0,230.0,214.0,216.0,216.0,178.0,206.0,204.0,208.0,198.0,224.0,218.0,199.0,200.0,213.0,210.0,177.0,213.0,206.0,214.0,187.0,165.0,168.0,172.0,176.0,171.0,159.0,176.0,148.0,151.0,144.0,119.0,110.0,94.0,99.0,89.0,79.0,71.0,176.0,59.0,50.0,42.0,37.0,33.0,26.0,20.0,15.0,8.0,13.0
Vanløse,2046,,,,,,,,,,,,,,,,,,,,,,,,,,,,,,,,,,,,,,,,,,,,,,,,,,,,,,,,,,,,,,,,,,,,,,,,,,,,,,,,,,,,,,,,,,,,,,,,,,,,,,,,,,,,,,,,,,,,,,,,,,,,,,,,,,,,,,,,,,,,,,,,,,,,,,,,,,,,,,,,,,,,,,,,,,,,,,,,,,,,,,,,,,,,,,,,,,,,,,,,,,,,,,,,,,,221.0,204.0,178.0,177.0,179.0,179.0,179.0,181.0,184.0,183.0,180.0,191.0,202.0,188.0,179.0,203.0,248.0,293.0,318.0,335.0,353.0,377.0,366.0,188.0,356.0,337.0,338.0,322.0,332.0,317.0,313.0,303.0,298.0,285.0,187.0,273.0,267.0,258.0,257.0,259.0,256.0,254.0,257.0,261.0,257.0,183.0,262.0,253.0,250.0,246.0,237.0,229.0,220.0,215.0,202.0,193.0,178.0,190.0,186.0,181.0,181.0,182.0,186.0,194.0,195.0,188.0,200.0,175.0,223.0,195.0,183.0,181.0,178.0,170.0,155.0,155.0,147.0,152.0,176.0,148.0,130.0,125.0,103.0,106.0,87.0,66.0,66.0,64.0,52.0,179.0,43.0,33.0,24.0,19.0,16.0,11.0,8.0,6.0,6.0,6.0,213.0,195.0,177.0,179.0,180.0,180.0,180.0,178.0,178.0,178.0,183.0,188.0,188.0,180.0,196.0,221.0,270.0,309.0,337.0,364.0,375.0,374.0,358.0,184.0,338.0,315.0,317.0,304.0,306.0,298.0,290.0,279.0,274.0,268.0,180.0,264.0,265.0,265.0,267.0,269.0,269.0,268.0,272.0,267.0,268.0,179.0,272.0,268.0,251.0,253.0,248.0,250.0,233.0,226.0,213.0,212.0,176.0,212.0,205.0,202.0,203.0,195.0,223.0,215.0,194.0,198.0,210.0,175.0,206.0,207.0,203.0,212.0,185.0,162.0,164.0,167.0,173.0,166.0,175.0,154.0,143.0,145.0,141.0,114.0,102.0,88.0,94.0,82.0,71.0,176.0,59.0,56.0,44.0,37.0,28.0,27.0,20.0,14.0,8.0,15.0
Vanløse,2047,,,,,,,,,,,,,,,,,,,,,,,,,,,,,,,,,,,,,,,,,,,,,,,,,,,,,,,,,,,,,,,,,,,,,,,,,,,,,,,,,,,,,,,,,,,,,,,,,,,,,,,,,,,,,,,,,,,,,,,,,,,,,,,,,,,,,,,,,,,,,,,,,,,,,,,,,,,,,,,,,,,,,,,,,,,,,,,,,,,,,,,,,,,,,,,,,,,,,,,,,,,,,,,,,,,220.0,201.0,177.0,176.0,179.0,179.0,179.0,182.0,185.0,185.0,182.0,193.0,200.0,197.0,178.0,196.0,236.0,291.0,316.0,332.0,352.0,369.0,378.0,186.0,357.0,339.0,327.0,317.0,316.0,316.0,305.0,307.0,296.0,289.0,185.0,273.0,266.0,258.0,254.0,254.0,256.0,252.0,253.0,257.0,258.0,182.0,254.0,256.0,254.0,247.0,241.0,233.0,225.0,220.0,214.0,195.0,176.0,191.0,191.0,183.0,175.0,179.0,183.0,184.0,188.0,194.0,186.0,174.0,198.0,218.0,189.0,179.0,178.0,175.0,164.0,151.0,149.0,142.0,175.0,147.0,140.0,126.0,119.0,98.0,96.0,81.0,63.0,61.0,55.0,178.0,44.0,35.0,26.0,21.0,14.0,12.0,9.0,5.0,5.0,8.0,211.0,193.0,176.0,179.0,180.0,180.0,180.0,179.0,179.0,181.0,185.0,190.0,186.0,189.0,194.0,218.0,252.0,308.0,338.0,360.0,373.0,371.0,367.0,182.0,342.0,315.0,311.0,295.0,294.0,297.0,284.0,281.0,273.0,268.0,178.0,265.0,264.0,262.0,261.0,265.0,266.0,272.0,267.0,267.0,265.0,177.0,267.0,268.0,265.0,253.0,250.0,244.0,248.0,229.0,224.0,209.0,175.0,209.0,211.0,203.0,198.0,200.0,195.0,220.0,210.0,192.0,196.0,174.0,207.0,201.0,204.0,201.0,209.0,181.0,159.0,159.0,164.0,168.0,174.0,160.0,148.0,137.0,142.0,134.0,106.0,95.0,83.0,86.0,73.0,175.0,58.0,56.0,49.0,39.0,29.0,24.0,21.0,15.0,8.0,16.0
Vanløse,2048,,,,,,,,,,,,,,,,,,,,,,,,,,,,,,,,,,,,,,,,,,,,,,,,,,,,,,,,,,,,,,,,,,,,,,,,,,,,,,,,,,,,,,,,,,,,,,,,,,,,,,,,,,,,,,,,,,,,,,,,,,,,,,,,,,,,,,,,,,,,,,,,,,,,,,,,,,,,,,,,,,,,,,,,,,,,,,,,,,,,,,,,,,,,,,,,,,,,,,,,,,,,,,,,,,,218.0,200.0,176.0,176.0,178.0,179.0,179.0,183.0,186.0,187.0,185.0,195.0,198.0,199.0,183.0,194.0,230.0,276.0,316.0,330.0,348.0,368.0,370.0,184.0,368.0,341.0,329.0,307.0,312.0,300.0,304.0,299.0,299.0,287.0,183.0,277.0,266.0,257.0,254.0,251.0,251.0,253.0,251.0,253.0,254.0,180.0,256.0,248.0,257.0,251.0,243.0,236.0,228.0,225.0,219.0,206.0,175.0,192.0,192.0,188.0,177.0,173.0,179.0,181.0,179.0,188.0,191.0,172.0,184.0,193.0,211.0,185.0,177.0,175.0,168.0,160.0,146.0,144.0,173.0,137.0,139.0,136.0,120.0,113.0,89.0,88.0,76.0,58.0,53.0,177.0,46.0,35.0,27.0,23.0,16.0,11.0,10.0,6.0,4.0,8.0,210.0,192.0,175.0,178.0,179.0,180.0,180.0,179.0,181.0,182.0,187.0,192.0,184.0,190.0,203.0,215.0,249.0,288.0,339.0,361.0,369.0,370.0,364.0,180.0,350.0,319.0,310.0,289.0,286.0,286.0,284.0,275.0,275.0,267.0,176.0,265.0,265.0,261.0,258.0,259.0,262.0,269.0,270.0,262.0,265.0,175.0,264.0,263.0,265.0,266.0,250.0,246.0,243.0,243.0,227.0,220.0,173.0,206.0,208.0,210.0,199.0,195.0,199.0,193.0,214.0,207.0,190.0,173.0,192.0,201.0,198.0,201.0,199.0,205.0,178.0,154.0,157.0,159.0,173.0,162.0,155.0,142.0,135.0,135.0,124.0,99.0,90.0,77.0,77.0,174.0,60.0,56.0,49.0,44.0,30.0,24.0,19.0,15.0,8.0,17.0
Vanløse,2049,,,,,,,,,,,,,,,,,,,,,,,,,,,,,,,,,,,,,,,,,,,,,,,,,,,,,,,,,,,,,,,,,,,,,,,,,,,,,,,,,,,,,,,,,,,,,,,,,,,,,,,,,,,,,,,,,,,,,,,,,,,,,,,,,,,,,,,,,,,,,,,,,,,,,,,,,,,,,,,,,,,,,,,,,,,,,,,,,,,,,,,,,,,,,,,,,,,,,,,,,,,,,,,,,,,217.0,198.0,175.0,175.0,177.0,178.0,179.0,183.0,187.0,188.0,186.0,198.0,197.0,200.0,183.0,200.0,229.0,270.0,300.0,332.0,347.0,365.0,370.0,182.0,361.0,352.0,331.0,309.0,302.0,296.0,289.0,297.0,292.0,290.0,181.0,275.0,269.0,257.0,253.0,251.0,248.0,248.0,251.0,251.0,250.0,178.0,252.0,249.0,250.0,254.0,246.0,238.0,232.0,228.0,224.0,211.0,173.0,203.0,194.0,189.0,182.0,175.0,174.0,177.0,176.0,179.0,186.0,171.0,189.0,180.0,187.0,206.0,182.0,174.0,169.0,164.0,154.0,141.0,172.0,139.0,130.0,135.0,129.0,115.0,103.0,82.0,83.0,70.0,50.0,175.0,45.0,37.0,27.0,24.0,17.0,12.0,9.0,6.0,5.0,8.0,209.0,190.0,174.0,177.0,179.0,179.0,180.0,179.0,181.0,183.0,189.0,194.0,182.0,189.0,203.0,225.0,247.0,285.0,318.0,363.0,370.0,366.0,362.0,179.0,348.0,326.0,314.0,289.0,280.0,278.0,272.0,275.0,270.0,269.0,174.0,264.0,265.0,262.0,256.0,256.0,256.0,265.0,268.0,265.0,260.0,173.0,263.0,260.0,260.0,267.0,263.0,246.0,244.0,239.0,241.0,224.0,172.0,217.0,206.0,207.0,205.0,196.0,194.0,197.0,189.0,211.0,205.0,171.0,187.0,187.0,198.0,195.0,199.0,195.0,201.0,172.0,152.0,152.0,171.0,154.0,157.0,149.0,140.0,129.0,125.0,116.0,94.0,83.0,69.0,172.0,64.0,58.0,48.0,44.0,34.0,26.0,19.0,13.0,8.0,17.0
Vanløse,2050,,,,,,,,,,,,,,,,,,,,,,,,,,,,,,,,,,,,,,,,,,,,,,,,,,,,,,,,,,,,,,,,,,,,,,,,,,,,,,,,,,,,,,,,,,,,,,,,,,,,,,,,,,,,,,,,,,,,,,,,,,,,,,,,,,,,,,,,,,,,,,,,,,,,,,,,,,,,,,,,,,,,,,,,,,,,,,,,,,,,,,,,,,,,,,,,,,,,,,,,,,,,,,,,,,,215.0,197.0,174.0,174.0,177.0,177.0,178.0,182.0,187.0,188.0,187.0,199.0,195.0,201.0,182.0,200.0,237.0,270.0,295.0,314.0,349.0,363.0,366.0,181.0,361.0,346.0,342.0,311.0,304.0,287.0,285.0,283.0,290.0,283.0,179.0,278.0,267.0,261.0,253.0,250.0,248.0,245.0,246.0,251.0,248.0,176.0,248.0,246.0,251.0,247.0,249.0,241.0,233.0,232.0,227.0,216.0,171.0,209.0,205.0,191.0,184.0,180.0,175.0,172.0,172.0,176.0,177.0,169.0,184.0,185.0,174.0,184.0,202.0,179.0,167.0,165.0,158.0,148.0,171.0,137.0,132.0,127.0,129.0,124.0,104.0,95.0,78.0,77.0,60.0,174.0,43.0,36.0,29.0,25.0,18.0,13.0,10.0,6.0,5.0,8.0,207.0,189.0,173.0,176.0,178.0,179.0,179.0,179.0,181.0,184.0,190.0,196.0,181.0,190.0,202.0,225.0,258.0,284.0,315.0,341.0,372.0,367.0,359.0,177.0,346.0,324.0,321.0,293.0,280.0,273.0,265.0,264.0,269.0,264.0,173.0,267.0,264.0,262.0,257.0,255.0,253.0,259.0,264.0,263.0,264.0,171.0,259.0,260.0,257.0,262.0,263.0,259.0,245.0,240.0,237.0,237.0,170.0,220.0,216.0,205.0,202.0,202.0,195.0,192.0,193.0,187.0,209.0,169.0,201.0,183.0,184.0,196.0,194.0,196.0,191.0,195.0,170.0,148.0,170.0,148.0,149.0,151.0,146.0,135.0,120.0,118.0,109.0,87.0,74.0,171.0,57.0,60.0,50.0,44.0,34.0,29.0,20.0,14.0,7.0,18.0
Vanløse,2051,,,,,,,,,,,,,,,,,,,,,,,,,,,,,,,,,,,,,,,,,,,,,,,,,,,,,,,,,,,,,,,,,,,,,,,,,,,,,,,,,,,,,,,,,,,,,,,,,,,,,,,,,,,,,,,,,,,,,,,,,,,,,,,,,,,,,,,,,,,,,,,,,,,,,,,,,,,,,,,,,,,,,,,,,,,,,,,,,,,,,,,,,,,,,,,,,,,,,,,,,,,,,,,,,,,214.0,196.0,173.0,173.0,175.0,176.0,178.0,182.0,186.0,188.0,188.0,200.0,194.0,201.0,181.0,199.0,237.0,279.0,294.0,309.0,330.0,366.0,364.0,180.0,358.0,345.0,336.0,321.0,305.0,289.0,276.0,279.0,276.0,282.0,178.0,271.0,270.0,259.0,257.0,250.0,247.0,245.0,243.0,246.0,248.0,174.0,246.0,241.0,247.0,248.0,243.0,244.0,236.0,234.0,231.0,220.0,169.0,213.0,210.0,201.0,185.0,181.0,180.0,174.0,168.0,172.0,174.0,167.0,175.0,180.0,179.0,171.0,181.0,199.0,173.0,164.0,159.0,153.0,169.0,143.0,129.0,128.0,121.0,124.0,112.0,96.0,90.0,72.0,66.0,172.0,52.0,35.0,28.0,26.0,19.0,14.0,10.0,6.0,5.0,9.0,206.0,188.0,172.0,175.0,177.0,178.0,179.0,178.0,181.0,183.0,190.0,196.0,180.0,189.0,201.0,225.0,259.0,296.0,312.0,337.0,350.0,369.0,360.0,176.0,343.0,322.0,319.0,299.0,283.0,272.0,260.0,257.0,259.0,263.0,171.0,261.0,266.0,261.0,257.0,256.0,252.0,256.0,258.0,259.0,261.0,170.0,262.0,255.0,256.0,259.0,259.0,259.0,257.0,241.0,238.0,233.0,168.0,234.0,220.0,215.0,200.0,199.0,201.0,193.0,188.0,190.0,185.0,168.0,205.0,196.0,180.0,182.0,194.0,191.0,192.0,186.0,191.0,165.0,168.0,143.0,143.0,143.0,149.0,141.0,125.0,113.0,111.0,101.0,78.0,169.0,62.0,55.0,53.0,45.0,34.0,29.0,22.0,15.0,8.0,18.0
Vanløse,2052,,,,,,,,,,,,,,,,,,,,,,,,,,,,,,,,,,,,,,,,,,,,,,,,,,,,,,,,,,,,,,,,,,,,,,,,,,,,,,,,,,,,,,,,,,,,,,,,,,,,,,,,,,,,,,,,,,,,,,,,,,,,,,,,,,,,,,,,,,,,,,,,,,,,,,,,,,,,,,,,,,,,,,,,,,,,,,,,,,,,,,,,,,,,,,,,,,,,,,,,,,,,,,,,,,,212.0,194.0,171.0,171.0,174.0,175.0,177.0,181.0,186.0,188.0,188.0,201.0,193.0,201.0,180.0,198.0,237.0,280.0,304.0,308.0,324.0,346.0,367.0,178.0,355.0,342.0,335.0,315.0,315.0,290.0,278.0,270.0,273.0,268.0,176.0,269.0,263.0,261.0,255.0,254.0,247.0,244.0,243.0,243.0,243.0,173.0,246.0,240.0,243.0,244.0,243.0,238.0,240.0,237.0,233.0,223.0,168.0,217.0,215.0,206.0,195.0,183.0,182.0,178.0,169.0,167.0,170.0,166.0,172.0,171.0,174.0,176.0,168.0,178.0,191.0,169.0,158.0,154.0,167.0,148.0,136.0,126.0,123.0,116.0,112.0,104.0,91.0,83.0,62.0,171.0,57.0,42.0,27.0,26.0,20.0,15.0,11.0,6.0,5.0,9.0,205.0,186.0,170.0,173.0,175.0,176.0,178.0,177.0,180.0,183.0,190.0,197.0,179.0,187.0,200.0,225.0,259.0,298.0,326.0,334.0,345.0,347.0,362.0,175.0,343.0,319.0,317.0,297.0,290.0,276.0,260.0,252.0,252.0,253.0,170.0,261.0,260.0,263.0,256.0,256.0,253.0,255.0,255.0,253.0,257.0,168.0,259.0,258.0,252.0,258.0,255.0,255.0,257.0,252.0,239.0,235.0,166.0,230.0,233.0,219.0,210.0,198.0,199.0,199.0,189.0,185.0,188.0,166.0,182.0,199.0,193.0,178.0,181.0,191.0,187.0,186.0,183.0,185.0,166.0,160.0,139.0,137.0,141.0,143.0,131.0,118.0,107.0,103.0,90.0,168.0,65.0,60.0,49.0,47.0,35.0,29.0,23.0,17.0,8.0,18.0
Vanløse,2053,,,,,,,,,,,,,,,,,,,,,,,,,,,,,,,,,,,,,,,,,,,,,,,,,,,,,,,,,,,,,,,,,,,,,,,,,,,,,,,,,,,,,,,,,,,,,,,,,,,,,,,,,,,,,,,,,,,,,,,,,,,,,,,,,,,,,,,,,,,,,,,,,,,,,,,,,,,,,,,,,,,,,,,,,,,,,,,,,,,,,,,,,,,,,,,,,,,,,,,,,,,,,,,,,,,211.0,193.0,169.0,170.0,173.0,174.0,176.0,180.0,185.0,187.0,188.0,200.0,191.0,200.0,178.0,196.0,238.0,281.0,306.0,319.0,323.0,340.0,347.0,177.0,359.0,340.0,332.0,314.0,310.0,299.0,279.0,272.0,264.0,264.0,175.0,256.0,262.0,254.0,257.0,252.0,250.0,244.0,242.0,243.0,240.0,172.0,241.0,240.0,241.0,240.0,240.0,238.0,234.0,240.0,236.0,225.0,166.0,220.0,218.0,211.0,200.0,193.0,184.0,180.0,173.0,169.0,166.0,164.0,168.0,168.0,166.0,171.0,173.0,166.0,172.0,187.0,163.0,153.0,165.0,150.0,140.0,132.0,120.0,118.0,106.0,104.0,98.0,85.0,72.0,169.0,54.0,46.0,32.0,25.0,19.0,16.0,11.0,7.0,6.0,9.0,203.0,185.0,168.0,172.0,174.0,175.0,176.0,176.0,179.0,182.0,190.0,196.0,177.0,185.0,198.0,224.0,260.0,299.0,328.0,348.0,342.0,342.0,341.0,173.0,346.0,319.0,315.0,295.0,288.0,282.0,263.0,252.0,247.0,246.0,169.0,251.0,260.0,258.0,258.0,255.0,253.0,256.0,254.0,250.0,251.0,167.0,255.0,256.0,255.0,253.0,254.0,251.0,253.0,253.0,250.0,236.0,165.0,231.0,229.0,231.0,214.0,207.0,197.0,197.0,195.0,186.0,184.0,164.0,185.0,177.0,196.0,191.0,177.0,178.0,187.0,181.0,184.0,177.0,164.0,180.0,154.0,134.0,135.0,136.0,133.0,123.0,111.0,99.0,92.0,166.0,75.0,62.0,52.0,44.0,37.0,30.0,23.0,17.0,9.0,18.0
Vanløse,2054,,,,,,,,,,,,,,,,,,,,,,,,,,,,,,,,,,,,,,,,,,,,,,,,,,,,,,,,,,,,,,,,,,,,,,,,,,,,,,,,,,,,,,,,,,,,,,,,,,,,,,,,,,,,,,,,,,,,,,,,,,,,,,,,,,,,,,,,,,,,,,,,,,,,,,,,,,,,,,,,,,,,,,,,,,,,,,,,,,,,,,,,,,,,,,,,,,,,,,,,,,,,,,,,,,,210.0,192.0,168.0,168.0,171.0,173.0,174.0,179.0,184.0,187.0,187.0,200.0,190.0,199.0,176.0,195.0,237.0,282.0,307.0,320.0,334.0,339.0,342.0,176.0,339.0,344.0,330.0,312.0,309.0,294.0,288.0,273.0,266.0,256.0,174.0,253.0,249.0,253.0,251.0,254.0,248.0,247.0,242.0,242.0,240.0,171.0,238.0,235.0,241.0,238.0,235.0,235.0,233.0,234.0,239.0,228.0,165.0,222.0,222.0,215.0,205.0,198.0,194.0,182.0,176.0,173.0,167.0,163.0,165.0,165.0,163.0,163.0,169.0,170.0,160.0,168.0,180.0,158.0,164.0,149.0,142.0,136.0,126.0,115.0,107.0,98.0,99.0,92.0,73.0,167.0,62.0,44.0,36.0,29.0,19.0,15.0,12.0,7.0,6.0,9.0,202.0,184.0,167.0,170.0,172.0,174.0,175.0,175.0,178.0,182.0,189.0,196.0,176.0,183.0,196.0,223.0,260.0,300.0,329.0,351.0,356.0,339.0,336.0,172.0,325.0,322.0,315.0,293.0,286.0,280.0,269.0,255.0,247.0,242.0,168.0,244.0,250.0,257.0,253.0,257.0,252.0,256.0,255.0,249.0,249.0,166.0,250.0,252.0,253.0,256.0,250.0,250.0,250.0,249.0,251.0,246.0,164.0,232.0,231.0,228.0,226.0,211.0,207.0,195.0,193.0,192.0,185.0,163.0,180.0,180.0,175.0,194.0,189.0,174.0,175.0,182.0,179.0,178.0,163.0,172.0,173.0,148.0,132.0,130.0,126.0,125.0,117.0,104.0,89.0,164.0,77.0,71.0,55.0,47.0,35.0,31.0,23.0,17.0,9.0,19.0
Vanløse,2055,,,,,,,,,,,,,,,,,,,,,,,,,,,,,,,,,,,,,,,,,,,,,,,,,,,,,,,,,,,,,,,,,,,,,,,,,,,,,,,,,,,,,,,,,,,,,,,,,,,,,,,,,,,,,,,,,,,,,,,,,,,,,,,,,,,,,,,,,,,,,,,,,,,,,,,,,,,,,,,,,,,,,,,,,,,,,,,,,,,,,,,,,,,,,,,,,,,,,,,,,,,,,,,,,,,208.0,191.0,166.0,166.0,170.0,171.0,173.0,178.0,183.0,186.0,186.0,199.0,189.0,197.0,173.0,193.0,236.0,282.0,309.0,321.0,336.0,350.0,340.0,175.0,334.0,325.0,334.0,310.0,307.0,294.0,283.0,282.0,267.0,258.0,173.0,245.0,246.0,241.0,250.0,248.0,251.0,245.0,246.0,242.0,240.0,169.0,238.0,232.0,236.0,238.0,234.0,231.0,230.0,234.0,233.0,231.0,164.0,225.0,224.0,218.0,209.0,203.0,199.0,192.0,178.0,176.0,171.0,161.0,166.0,161.0,160.0,160.0,161.0,166.0,164.0,157.0,162.0,174.0,162.0,153.0,141.0,138.0,130.0,121.0,105.0,100.0,94.0,93.0,79.0,166.0,63.0,50.0,34.0,32.0,22.0,15.0,12.0,8.0,6.0,10.0,201.0,183.0,165.0,168.0,171.0,172.0,174.0,174.0,177.0,181.0,188.0,195.0,175.0,181.0,193.0,221.0,260.0,301.0,331.0,352.0,358.0,353.0,333.0,171.0,321.0,303.0,318.0,293.0,284.0,278.0,267.0,261.0,250.0,242.0,167.0,240.0,243.0,247.0,253.0,252.0,254.0,255.0,255.0,250.0,248.0,165.0,247.0,246.0,249.0,254.0,253.0,246.0,249.0,246.0,247.0,247.0,163.0,243.0,232.0,230.0,223.0,223.0,211.0,205.0,191.0,191.0,190.0,162.0,181.0,176.0,177.0,173.0,192.0,186.0,171.0,170.0,180.0,174.0,162.0,173.0,166.0,167.0,146.0,127.0,121.0,119.0,118.0,108.0,93.0,163.0,74.0,73.0,63.0,49.0,37.0,30.0,25.0,17.0,9.0,20.0
Vanløse,2056,,,,,,,,,,,,,,,,,,,,,,,,,,,,,,,,,,,,,,,,,,,,,,,,,,,,,,,,,,,,,,,,,,,,,,,,,,,,,,,,,,,,,,,,,,,,,,,,,,,,,,,,,,,,,,,,,,,,,,,,,,,,,,,,,,,,,,,,,,,,,,,,,,,,,,,,,,,,,,,,,,,,,,,,,,,,,,,,,,,,,,,,,,,,,,,,,,,,,,,,,,,,,,,,,,,208.0,189.0,164.0,165.0,168.0,169.0,172.0,176.0,182.0,185.0,185.0,198.0,188.0,195.0,171.0,191.0,235.0,282.0,309.0,323.0,337.0,352.0,351.0,174.0,332.0,320.0,316.0,314.0,305.0,292.0,283.0,277.0,276.0,259.0,172.0,247.0,238.0,238.0,237.0,247.0,244.0,248.0,244.0,246.0,240.0,168.0,237.0,232.0,234.0,233.0,234.0,229.0,226.0,231.0,233.0,226.0,163.0,228.0,226.0,221.0,212.0,206.0,204.0,197.0,187.0,178.0,174.0,161.0,170.0,162.0,156.0,157.0,158.0,159.0,160.0,161.0,151.0,157.0,161.0,168.0,146.0,138.0,133.0,125.0,110.0,98.0,95.0,88.0,80.0,164.0,68.0,51.0,39.0,31.0,24.0,18.0,12.0,8.0,7.0,10.0,200.0,182.0,163.0,167.0,169.0,171.0,172.0,173.0,176.0,180.0,187.0,194.0,174.0,178.0,191.0,219.0,259.0,301.0,332.0,354.0,358.0,355.0,347.0,170.0,318.0,299.0,300.0,296.0,284.0,276.0,265.0,259.0,256.0,245.0,166.0,239.0,239.0,241.0,243.0,252.0,249.0,257.0,254.0,250.0,249.0,164.0,246.0,244.0,243.0,250.0,251.0,249.0,244.0,245.0,244.0,243.0,162.0,244.0,242.0,231.0,225.0,220.0,223.0,209.0,200.0,189.0,189.0,161.0,187.0,177.0,173.0,175.0,172.0,189.0,182.0,166.0,168.0,175.0,160.0,169.0,167.0,160.0,164.0,141.0,118.0,114.0,112.0,110.0,98.0,161.0,78.0,72.0,64.0,56.0,39.0,32.0,23.0,18.0,9.0,20.0
Vanløse,2057,,,,,,,,,,,,,,,,,,,,,,,,,,,,,,,,,,,,,,,,,,,,,,,,,,,,,,,,,,,,,,,,,,,,,,,,,,,,,,,,,,,,,,,,,,,,,,,,,,,,,,,,,,,,,,,,,,,,,,,,,,,,,,,,,,,,,,,,,,,,,,,,,,,,,,,,,,,,,,,,,,,,,,,,,,,,,,,,,,,,,,,,,,,,,,,,,,,,,,,,,,,,,,,,,,,207.0,189.0,163.0,163.0,166.0,168.0,170.0,175.0,180.0,183.0,184.0,197.0,187.0,193.0,168.0,188.0,234.0,282.0,310.0,324.0,338.0,353.0,353.0,173.0,344.0,319.0,312.0,297.0,309.0,290.0,281.0,277.0,271.0,268.0,171.0,248.0,240.0,230.0,235.0,234.0,243.0,241.0,247.0,244.0,243.0,168.0,237.0,232.0,234.0,231.0,229.0,229.0,225.0,227.0,230.0,225.0,162.0,223.0,230.0,223.0,214.0,210.0,207.0,202.0,192.0,187.0,176.0,160.0,173.0,166.0,157.0,153.0,155.0,156.0,153.0,157.0,156.0,147.0,160.0,153.0,160.0,142.0,132.0,128.0,114.0,102.0,93.0,88.0,76.0,163.0,69.0,55.0,40.0,36.0,24.0,19.0,14.0,8.0,7.0,11.0,199.0,181.0,162.0,165.0,167.0,169.0,171.0,171.0,175.0,178.0,186.0,193.0,173.0,175.0,188.0,217.0,258.0,301.0,332.0,355.0,360.0,356.0,349.0,169.0,331.0,297.0,296.0,279.0,287.0,276.0,264.0,257.0,255.0,250.0,165.0,242.0,239.0,236.0,236.0,242.0,249.0,252.0,256.0,249.0,249.0,163.0,247.0,243.0,241.0,244.0,247.0,247.0,247.0,240.0,243.0,240.0,161.0,240.0,244.0,241.0,226.0,222.0,220.0,220.0,204.0,198.0,187.0,160.0,185.0,182.0,174.0,171.0,174.0,169.0,185.0,177.0,164.0,163.0,160.0,169.0,164.0,161.0,158.0,158.0,131.0,111.0,108.0,105.0,99.0,160.0,82.0,75.0,63.0,58.0,44.0,33.0,25.0,17.0,10.0,21.0
Vanløse,2058,,,,,,,,,,,,,,,,,,,,,,,,,,,,,,,,,,,,,,,,,,,,,,,,,,,,,,,,,,,,,,,,,,,,,,,,,,,,,,,,,,,,,,,,,,,,,,,,,,,,,,,,,,,,,,,,,,,,,,,,,,,,,,,,,,,,,,,,,,,,,,,,,,,,,,,,,,,,,,,,,,,,,,,,,,,,,,,,,,,,,,,,,,,,,,,,,,,,,,,,,,,,,,,,,,,207.0,188.0,162.0,162.0,165.0,166.0,168.0,173.0,179.0,182.0,183.0,196.0,186.0,191.0,166.0,186.0,233.0,281.0,309.0,324.0,339.0,355.0,354.0,172.0,346.0,330.0,311.0,293.0,293.0,294.0,279.0,275.0,271.0,264.0,170.0,257.0,241.0,232.0,227.0,232.0,231.0,241.0,240.0,247.0,241.0,167.0,241.0,232.0,233.0,231.0,227.0,225.0,225.0,225.0,226.0,222.0,161.0,222.0,225.0,227.0,217.0,212.0,211.0,206.0,197.0,192.0,185.0,159.0,175.0,169.0,161.0,154.0,152.0,153.0,151.0,151.0,152.0,151.0,159.0,143.0,145.0,156.0,136.0,127.0,117.0,106.0,97.0,87.0,77.0,162.0,66.0,57.0,44.0,37.0,27.0,19.0,15.0,9.0,7.0,12.0,199.0,180.0,161.0,164.0,166.0,167.0,169.0,170.0,173.0,177.0,185.0,191.0,172.0,173.0,186.0,215.0,256.0,300.0,332.0,355.0,361.0,357.0,350.0,168.0,333.0,309.0,293.0,276.0,271.0,279.0,264.0,256.0,253.0,249.0,164.0,248.0,242.0,236.0,232.0,235.0,239.0,252.0,251.0,251.0,248.0,162.0,247.0,244.0,240.0,242.0,241.0,243.0,245.0,243.0,238.0,239.0,160.0,236.0,240.0,242.0,235.0,223.0,222.0,218.0,215.0,202.0,196.0,159.0,184.0,181.0,179.0,172.0,170.0,171.0,166.0,180.0,175.0,160.0,159.0,158.0,164.0,158.0,159.0,152.0,146.0,123.0,106.0,100.0,94.0,160.0,83.0,79.0,66.0,57.0,46.0,37.0,26.0,19.0,10.0,22.0
Vanløse,2059,,,,,,,,,,,,,,,,,,,,,,,,,,,,,,,,,,,,,,,,,,,,,,,,,,,,,,,,,,,,,,,,,,,,,,,,,,,,,,,,,,,,,,,,,,,,,,,,,,,,,,,,,,,,,,,,,,,,,,,,,,,,,,,,,,,,,,,,,,,,,,,,,,,,,,,,,,,,,,,,,,,,,,,,,,,,,,,,,,,,,,,,,,,,,,,,,,,,,,,,,,,,,,,,,,,207.0,188.0,161.0,161.0,164.0,165.0,167.0,171.0,177.0,181.0,182.0,195.0,186.0,189.0,163.0,184.0,231.0,280.0,309.0,324.0,339.0,356.0,356.0,172.0,347.0,332.0,321.0,292.0,289.0,279.0,283.0,274.0,270.0,264.0,169.0,253.0,250.0,234.0,229.0,224.0,229.0,228.0,239.0,240.0,244.0,166.0,239.0,235.0,233.0,230.0,227.0,222.0,220.0,226.0,224.0,219.0,161.0,220.0,224.0,222.0,221.0,214.0,213.0,209.0,200.0,197.0,190.0,158.0,184.0,171.0,164.0,158.0,153.0,150.0,148.0,148.0,146.0,148.0,159.0,147.0,136.0,142.0,149.0,131.0,116.0,109.0,101.0,91.0,76.0,161.0,66.0,54.0,45.0,40.0,28.0,22.0,15.0,10.0,8.0,12.0,199.0,181.0,160.0,163.0,165.0,166.0,167.0,168.0,171.0,175.0,184.0,190.0,172.0,170.0,183.0,213.0,255.0,300.0,332.0,355.0,361.0,358.0,352.0,168.0,334.0,310.0,305.0,274.0,268.0,264.0,267.0,256.0,252.0,248.0,163.0,247.0,248.0,239.0,232.0,231.0,232.0,242.0,251.0,246.0,250.0,161.0,246.0,244.0,241.0,242.0,239.0,237.0,241.0,242.0,241.0,235.0,159.0,236.0,236.0,239.0,237.0,232.0,223.0,219.0,213.0,213.0,200.0,158.0,193.0,180.0,178.0,178.0,171.0,168.0,168.0,162.0,177.0,170.0,158.0,155.0,154.0,158.0,156.0,153.0,141.0,138.0,117.0,98.0,90.0,159.0,79.0,81.0,70.0,60.0,45.0,39.0,30.0,20.0,10.0,22.0
Vanløse,2060,,,,,,,,,,,,,,,,,,,,,,,,,,,,,,,,,,,,,,,,,,,,,,,,,,,,,,,,,,,,,,,,,,,,,,,,,,,,,,,,,,,,,,,,,,,,,,,,,,,,,,,,,,,,,,,,,,,,,,,,,,,,,,,,,,,,,,,,,,,,,,,,,,,,,,,,,,,,,,,,,,,,,,,,,,,,,,,,,,,,,,,,,,,,,,,,,,,,,,,,,,,,,,,,,,,207.0,188.0,160.0,160.0,163.0,164.0,165.0,170.0,176.0,179.0,180.0,193.0,186.0,187.0,161.0,181.0,229.0,278.0,308.0,323.0,339.0,356.0,357.0,171.0,349.0,333.0,323.0,302.0,288.0,276.0,269.0,278.0,268.0,262.0,169.0,253.0,246.0,242.0,230.0,226.0,221.0,226.0,227.0,239.0,237.0,165.0,242.0,233.0,237.0,230.0,227.0,223.0,218.0,221.0,225.0,217.0,160.0,216.0,222.0,221.0,216.0,218.0,216.0,212.0,204.0,200.0,195.0,157.0,189.0,180.0,166.0,161.0,157.0,151.0,145.0,145.0,143.0,142.0,158.0,144.0,140.0,133.0,136.0,144.0,120.0,109.0,104.0,95.0,79.0,161.0,66.0,54.0,42.0,41.0,31.0,23.0,17.0,10.0,9.0,13.0,200.0,180.0,160.0,162.0,164.0,165.0,166.0,166.0,170.0,174.0,182.0,188.0,172.0,168.0,180.0,211.0,253.0,298.0,331.0,355.0,361.0,359.0,353.0,167.0,335.0,311.0,307.0,284.0,265.0,261.0,253.0,259.0,252.0,247.0,162.0,246.0,247.0,245.0,235.0,231.0,228.0,235.0,241.0,246.0,245.0,161.0,248.0,243.0,241.0,242.0,239.0,236.0,236.0,237.0,240.0,238.0,159.0,231.0,235.0,235.0,233.0,234.0,232.0,221.0,215.0,211.0,211.0,158.0,197.0,188.0,177.0,177.0,177.0,169.0,164.0,163.0,160.0,172.0,157.0,165.0,151.0,148.0,157.0,151.0,142.0,133.0,131.0,109.0,89.0,158.0,76.0,77.0,71.0,63.0,48.0,39.0,31.0,22.0,11.0,23.0
Vesterbro/Kongens Enghave,1986,463.0,464.0,102.0,100.0,,5.0,,0.0,0.0,0.0,,0.0,0.0,0.0,54.0,40.0,13.0,16.0,,29.0,,14.0,5.0,5.0,,6.0,5.0,10.0,105.0,88.0,313.0,240.0,553.0,389.0,557.0,348.0,441.0,160.0,181.0,67.0,43.0,39.0,32.0,29.0,30.0,29.0,293.0,240.0,292.0,222.0,175.0,116.0,106.0,88.0,167.0,309.0,1360.0,1169.0,1538.0,1653.0,5390.0,5279.0,3316.0,2376.0,2465.0,1797.0,2095.0,1871.0,4578.0,6866.0,,,,,,,,,,,,,,,,,,,,,,,,,,,,,,,,,,,,,,,,,,,,,,,,,,,,,,,,,,,,,,,,,,,,,,,,,,,,,,,,,,,,,,,,,,,,,,,,,,,,,,,,,,,,,,,,,,,,,,,,,,,,,,,,,,,,,,,,,,,,,,,,,,,,,,,,,,,,,,,,,,,,,,,,,,,,,,,,,,,,,,,,,,,,,,,,,,,,,,,,,,,,,,,,,,,,,,,,,,,,,,,,,,,,,,,,,,,,,,,,,,,,,,,,,,,,,,,,,,,,,,,,,,,,,,,,,,,,,,,,,,,,,,,,,,,,,,,,,,,,,,,,,,,,,,,,,,,,,,,,,,,,,,,,,,,,,,,,,,,,
Vesterbro/Kongens Enghave,1987,462.0,473.0,129.0,132.0,,,,,0.0,0.0,,0.0,0.0,0.0,49.0,40.0,16.0,20.0,,,,,3.0,5.0,,4.0,6.0,11.0,118.0,116.0,331.0,261.0,617.0,430.0,594.0,362.0,462.0,179.0,195.0,77.0,51.0,42.0,30.0,26.0,28.0,35.0,319.0,234.0,295.0,208.0,189.0,128.0,104.0,75.0,162.0,298.0,1298.0,1124.0,1430.0,1466.0,5482.0,5360.0,3346.0,2431.0,2531.0,1881.0,1957.0,1732.0,4407.0,6571.0,,,,,,,,,,,,,,,,,,,,,,,,,,,,,,,1611582.0,76494.0,21068.0,1355656.0,66217.0,20473.0,1852893.0,125825.0,14726.0,1216986.0,102890.0,11828.0,1707146.0,80632.0,21172.0,1581466.0,76179.0,20760.0,2595980.0,123319.0,21051.0,1990555.0,97290.0,20460.0,2142928.0,105787.0,20257.0,1663893.0,84325.0,19732.0,,,,,,,,,,,,,,,,,,,,,,,,,,,,,,,,,,,,,,,,,,,,,,,,,,,,,,,,,,,,,,,,,,,,,,,,,,,,,,,,,,,,,,,,,,,,,,,,,,,,,,,,,,,,,,,,,,,,,,,,,,,,,,,,,,,,,,,,,,,,,,,,,,,,,,,,,,,,,,,,,,,,,,,,,,,,,,,,,,,,,,,,,,,,,,,,,,,,,,,,,,,,,,,,,,,,,,,,,,,,,,,,,,,,,,,,,,,,,,,,,,,,,,,,,,,,,,,,,,,,,,,,,,,,,,,,,,,,,,,,
Vesterbro/Kongens Enghave,1988,459.0,477.0,164.0,150.0,,,,,0.0,0.0,,0.0,0.0,0.0,48.0,40.0,,,,,,,,,,7.0,8.0,9.0,110.0,113.0,328.0,255.0,622.0,457.0,599.0,365.0,456.0,203.0,197.0,80.0,60.0,48.0,30.0,26.0,,,295.0,240.0,287.0,210.0,,,105.0,81.0,157.0,277.0,1292.0,1112.0,1379.0,1398.0,5607.0,5593.0,3347.0,2460.0,2535.0,1872.0,1857.0,1629.0,4233.0,6290.0,,,,,,,,,,,,,,,,,,,,,,,,,,,,,,,1687554.0,79493.0,21229.0,1430059.0,69916.0,20454.0,1927223.0,133123.0,14477.0,1293149.0,109228.0,11839.0,1791912.0,84100.0,21307.0,1660529.0,80277.0,20685.0,2732001.0,129356.0,21120.0,2121396.0,103990.0,20400.0,2253434.0,110908.0,20318.0,1760185.0,89572.0,19651.0,,,,,,,,,,,,,,,,,,,,,,,,,,,,,,,,,,,,,,,,,,,,,,,,,,,,,,,,,,,,,,,,,,,,,,,,,,,,,,,,,,,,,,,,,,,,,,,,,,,,,,,,,,,,,,,,,,,,,,,,,,,,,,,,,,,,,,,,,,,,,,,,,,,,,,,,,,,,,,,,,,,,,,,,,,,,,,,,,,,,,,,,,,,,,,,,,,,,,,,,,,,,,,,,,,,,,,,,,,,,,,,,,,,,,,,,,,,,,,,,,,,,,,,,,,,,,,,,,,,,,,,,,,,,,,,,,,,,,,,,
Vesterbro/Kongens Enghave,1989,482.0,485.0,186.0,172.0,,,0.0,,0.0,,,0.0,0.0,0.0,49.0,43.0,17.0,24.0,,,11.0,,6.0,,,5.0,8.0,8.0,122.0,97.0,323.0,259.0,671.0,483.0,589.0,384.0,482.0,239.0,217.0,100.0,72.0,52.0,35.0,26.0,27.0,33.0,248.0,223.0,270.0,198.0,223.0,128.0,110.0,82.0,154.0,258.0,1272.0,1127.0,1275.0,1344.0,5823.0,5834.0,3371.0,2445.0,2597.0,1911.0,1808.0,1564.0,4012.0,5993.0,,,,,,,,,,,,,,,,,,,,,,,,,,,,,,,1737608.0,82457.0,21073.0,1503545.0,74114.0,20287.0,1917160.0,135911.0,14106.0,1318398.0,113080.0,11659.0,1859795.0,87813.0,21179.0,1727501.0,84162.0,20526.0,2801383.0,134185.0,20877.0,2216154.0,109678.0,20206.0,2293030.0,115147.0,19914.0,1828052.0,94674.0,19309.0,,,,,,,,,,,,,,,,,,,,,,,,,,,,,,,,,,,,,,,,,,,,,,,,,,,,,,,,,,,,,,,,,,,,,,,,,,,,,,,,,,,,,,,,,,,,,,,,,,,,,,,,,,,,,,,,,,,,,,,,,,,,,,,,,,,,,,,,,,,,,,,,,,,,,,,,,,,,,,,,,,,,,,,,,,,,,,,,,,,,,,,,,,,,,,,,,,,,,,,,,,,,,,,,,,,,,,,,,,,,,,,,,,,,,,,,,,,,,,,,,,,,,,,,,,,,,,,,,,,,,,,,,,,,,,,,,,,,,,,,
Vesterbro/Kongens Enghave,1990,499.0,500.0,226.0,195.0,,,,,0.0,,,0.0,0.0,0.0,35.0,37.0,,,,,,,,,,4.0,8.0,9.0,110.0,114.0,310.0,274.0,791.0,549.0,595.0,382.0,482.0,255.0,239.0,110.0,84.0,66.0,28.0,17.0,,,225.0,216.0,270.0,195.0,,,127.0,73.0,145.0,245.0,1269.0,1087.0,1206.0,1283.0,5979.0,5927.0,3341.0,2492.0,2555.0,1909.0,1783.0,1518.0,3741.0,5699.0,,,,,,,,,,,,,,,,,,,,,,,,,,,,,,,1745188.0,84024.0,20770.0,1517397.0,75556.0,20083.0,1908285.0,137405.0,13888.0,1332623.0,115060.0,11582.0,1862999.0,89297.0,20863.0,1745983.0,85916.0,20322.0,2797100.0,135256.0,20680.0,2235022.0,111695.0,20010.0,2297086.0,116924.0,19646.0,1842710.0,96558.0,19084.0,,,,,,,,,,,,,,,,,,,,,,,,,,,,,,,,,,,,,,,,,,,,,,,,,,,,,,,,,,,,,,,,,,,,,,,,,,,,,,,,,,,,,,,,,,,,,,,,,,,,,,,,,,,,,,,,,,,,,,,,,,,,,,,,,,,,,,,,,,,,,,,,,,,,,,,,,,,,,,,,,,,,,,,,,,,,,,,,,,,,,,,,,,,,,,,,,,,,,,,,,,,,,,,,,,,,,,,,,,,,,,,,,,,,,,,,,,,,,,,,,,,,,,,,,,,,,,,,,,,,,,,,,,,,,,,,,,,,,,,,
Vesterbro/Kongens Enghave,1991,505.0,494.0,267.0,226.0,,,,,0.0,,,0.0,0.0,0.0,41.0,35.0,22.0,17.0,,,,,5.0,,,4.0,5.0,7.0,133.0,121.0,274.0,256.0,748.0,557.0,655.0,411.0,474.0,291.0,270.0,116.0,100.0,65.0,18.0,20.0,24.0,28.0,232.0,203.0,267.0,199.0,214.0,130.0,113.0,77.0,151.0,222.0,1289.0,1116.0,1174.0,1237.0,5940.0,5982.0,3342.0,2486.0,2518.0,1937.0,1713.0,1449.0,3537.0,5427.0,,,,,,,,,,,,,,,,,,,,,,,,,,,,,,,1770089.0,85297.0,20752.0,1538383.0,77008.0,19977.0,1907048.0,138614.0,13758.0,1353416.0,115776.0,11690.0,1882807.0,90311.0,20848.0,1767551.0,87524.0,20195.0,2857410.0,137926.0,20717.0,2295261.0,115091.0,19943.0,2336614.0,119416.0,19567.0,1888809.0,99668.0,18951.0,,,,,,,,,,,,,,,,,,,,,,,,,,,,,,,,,,,,,,,,,,,,,,,,,,,,,,,,,,,,,,,,,,,,,,,,,,,,,,,,,,,,,,,,,,,,,,,,,,,,,,,,,,,,,,,,,,,,,,,,,,,,,,,,,,,,,,,,,,,,,,,,,,,,,,,,,,,,,,,,,,,,,,,,,,,,,,,,,,,,,,,,,,,,,,,,,,,,,,,,,,,,,,,,,,,,,,,,,,,,,,,,,,,,,,,,,,,,,,,,,,,,,,,,,,,,,,,,,,,,,,,,,,,,,,,,,,,,,,,,
Vesterbro/Kongens Enghave,1992,520.0,499.0,272.0,252.0,6.0,17.0,,,0.0,,,0.0,0.0,0.0,39.0,38.0,,,31.0,29.0,,,,,,4.0,5.0,7.0,131.0,127.0,257.0,268.0,774.0,600.0,697.0,458.0,486.0,276.0,271.0,131.0,113.0,85.0,16.0,17.0,,,259.0,221.0,279.0,202.0,,,129.0,87.0,138.0,200.0,1280.0,1128.0,1126.0,1159.0,6061.0,6132.0,3409.0,2524.0,2517.0,1940.0,1670.0,1396.0,3310.0,5114.0,,,,,,,,,,,,,,,,,,,,,,,,,,,,,,,1806463.0,87235.0,20708.0,1573647.0,79133.0,19886.0,1898664.0,138568.0,13702.0,1364088.0,116949.0,11664.0,1923124.0,92431.0,20806.0,1800078.0,89436.0,20127.0,2888212.0,139649.0,20682.0,2339530.0,117837.0,19854.0,2359229.0,120980.0,19501.0,1922219.0,102077.0,18831.0,,,,,,,,,,,,,,,,,,,,,,,,,,,,,,,,,,,,,,,,,,,,,,,,,,,,,,,,,,,,,,,,,,,,,,,,,,,,,,,,,,,,,,,,,,,,,,,,,,,,,,,,,,,,,,,,,,,,,,,,,,,,,,,,,,,,,,,,,,,,,,,,,,,,,,,,,,,,,,,,,,,,,,,,,,,,,,,,,,,,,,,,,,,,,,,,,,,,,,,,,,,,,,,,,,,,,,,,,,,,,,,,,,,,,,,,,,,,,,,,,,,,,,,,,,,,,,,,,,,,,,,,,,,,,,,,,,,,,,,,
Vesterbro/Kongens Enghave,1993,514.0,516.0,290.0,271.0,,,,,0.0,,0.0,0.0,,0.0,42.0,38.0,18.0,18.0,,,,,6.0,,4.0,5.0,,7.0,138.0,129.0,262.0,236.0,783.0,597.0,718.0,464.0,470.0,302.0,276.0,129.0,129.0,96.0,18.0,18.0,22.0,24.0,264.0,232.0,284.0,201.0,232.0,143.0,129.0,99.0,145.0,190.0,1308.0,1169.0,1015.0,1085.0,6218.0,6229.0,3379.0,2584.0,2467.0,1935.0,1706.0,1372.0,3134.0,4873.0,,,,,,,,,,,,,,,,,,,,,,,,,,,,,,,1848157.0,88488.0,20886.0,1602989.0,80617.0,19884.0,1876101.0,135999.0,13795.0,1370074.0,117886.0,11622.0,1968605.0,93761.0,20996.0,1826717.0,90791.0,20120.0,2920218.0,140052.0,20851.0,2367938.0,119268.0,19854.0,2380691.0,122168.0,19487.0,1946004.0,104003.0,18711.0,,,,,,,,,,,,,,,,,,,,,,,,,,,,,,,,,,,,,,,,,,,,,,,,,,,,,,,,,,,,,,,,,,,,,,,,,,,,,,,,,,,,,,,,,,,,,,,,,,,,,,,,,,,,,,,,,,,,,,,,,,,,,,,,,,,,,,,,,,,,,,,,,,,,,,,,,,,,,,,,,,,,,,,,,,,,,,,,,,,,,,,,,,,,,,,,,,,,,,,,,,,,,,,,,,,,,,,,,,,,,,,,,,,,,,,,,,,,,,,,,,,,,,,,,,,,,,,,,,,,,,,,,,,,,,,,,,,,,,,,
Vesterbro/Kongens Enghave,1994,513.0,512.0,275.0,264.0,,,,,,,0.0,0.0,,0.0,37.0,36.0,15.0,15.0,,,,,,,3.0,5.0,,7.0,132.0,106.0,231.0,213.0,783.0,618.0,783.0,462.0,484.0,300.0,263.0,147.0,145.0,100.0,15.0,18.0,20.0,18.0,276.0,261.0,277.0,195.0,235.0,142.0,136.0,101.0,131.0,178.0,1364.0,1222.0,962.0,1031.0,6283.0,6303.0,3551.0,2710.0,2453.0,1916.0,1705.0,1388.0,3007.0,4643.0,,,,,,,,,,,,,,,,,,,,,,,,,,,,,,,1960422.0,92929.0,21096.0,1724796.0,86573.0,19923.0,1989119.0,139872.0,14221.0,1431561.0,118301.0,12101.0,2102992.0,99235.0,21192.0,1941264.0,96609.0,20094.0,3149600.0,149532.0,21063.0,2641382.0,132779.0,19893.0,2706276.0,129307.0,20929.0,2271018.0,115280.0,19700.0,,,,,,,,,,,,,,,,,,,,,,,,,,,,,,,,,,,,,,,,,,,,,,,,,,,,,,,,,,,,,,,,,,,,,,,,,,,,,,,,,,,,,,,,,,,,,,,,,,,,,,,,,,,,,,,,,,,,,,,,,,,,,,,,,,,,,,,,,,,,,,,,,,,,,,,,,,,,,,,,,,,,,,,,,,,,,,,,,,,,,,,,,,,,,,,,,,,,,,,,,,,,,,,,,,,,,,,,,,,,,,,,,,,,,,,,,,,,,,,,,,,,,,,,,,,,,,,,,,,,,,,,,,,,,,,,,,,,,,,,
Vesterbro/Kongens Enghave,1995,519.0,521.0,268.0,258.0,,,,,,,0.0,0.0,,0.0,40.0,35.0,18.0,17.0,,,,,,,4.0,5.0,,7.0,109.0,91.0,230.0,231.0,706.0,614.0,817.0,468.0,481.0,305.0,276.0,161.0,151.0,96.0,17.0,21.0,30.0,19.0,294.0,270.0,303.0,195.0,214.0,138.0,145.0,110.0,134.0,180.0,1414.0,1253.0,929.0,985.0,6361.0,6403.0,3726.0,2759.0,2385.0,1876.0,1772.0,1402.0,2895.0,4427.0,,,,,,,,,,,,,,,,,,,,,,,,,,,,,,,2045981.0,96700.0,21158.0,1773746.0,89470.0,19825.0,2110411.0,147180.0,14339.0,1479059.0,122876.0,12037.0,2191779.0,103021.0,21275.0,2003320.0,100216.0,19990.0,3272305.0,154961.0,21117.0,2697315.0,136262.0,19795.0,2783955.0,133523.0,20850.0,2299154.0,117652.0,19542.0,,,,,,,,,,,,,,,,,,,,,,,,,,,,,,,,,,,,,,,,,,,,,,,,,,,,,,,,,,,,,,,,,,,,,,,,,,,,,,,,,,,,,,,,,,,,,,,,,,,,,,,,,,,,,,,,,,,,,,,,,,,,,,,,,,,,,,,,,,,,,,,,,,,,,,,,,,,,,,,,,,,,,,,,,,,,,,,,,,,,,,,,,,,,,,,,,,,,,,,,,,,,,,,,,,,,,,,,,,,,,,,,,,,,,,,,,,,,,,,,,,,,,,,,,,,,,,,,,,,,,,,,,,,,,,,,,,,,,,,,
Vesterbro/Kongens Enghave,1996,530.0,532.0,271.0,259.0,,,,,,0.0,0.0,,,0.0,35.0,44.0,19.0,17.0,,,,,,6.0,4.0,,,10.0,82.0,84.0,208.0,210.0,720.0,602.0,838.0,480.0,466.0,316.0,292.0,161.0,156.0,103.0,15.0,20.0,25.0,29.0,330.0,298.0,332.0,193.0,219.0,139.0,144.0,105.0,139.0,165.0,1403.0,1275.0,860.0,868.0,6502.0,6669.0,3937.0,2775.0,2272.0,1824.0,1799.0,1418.0,2738.0,4177.0,,,,,,,,,,,,,,,,,,,,,,,,,,,,,,,2146374.0,100679.0,21319.0,1854122.0,92674.0,20007.0,2289112.0,151517.0,15108.0,1597827.0,126933.0,12588.0,2294744.0,107116.0,21423.0,2095177.0,103933.0,20159.0,3418046.0,160668.0,21274.0,2804900.0,140399.0,19978.0,2902443.0,138067.0,21022.0,2380254.0,120586.0,19739.0,,,,,,,,,,,,,,,,,,,,,,,,,,,,,,,,,,,,,,,,,,,,,,,,,,,,,,,,,,,,,,,,,,,,,,,,,,,,,,,,,,,,,,,,,,,,,,,,,,,,,,,,,,,,,,,,,,,,,,,,,,,,,,,,,,,,,,,,,,,,,,,,,,,,,,,,,,,,,,,,,,,,,,,,,,,,,,,,,,,,,,,,,,,,,,,,,,,,,,,,,,,,,,,,,,,,,,,,,,,,,,,,,,,,,,,,,,,,,,,,,,,,,,,,,,,,,,,,,,,,,,,,,,,,,,,,,,,,,,,,
Vesterbro/Kongens Enghave,1997,522.0,519.0,277.0,243.0,,,,,,,0.0,,,0.0,36.0,49.0,19.0,17.0,,,,,,,4.0,,,10.0,93.0,82.0,218.0,217.0,688.0,639.0,885.0,515.0,463.0,343.0,319.0,170.0,164.0,113.0,15.0,23.0,27.0,22.0,349.0,385.0,366.0,193.0,205.0,149.0,164.0,109.0,141.0,156.0,1467.0,1324.0,812.0,822.0,6638.0,6792.0,4073.0,2969.0,2245.0,1788.0,1832.0,1514.0,2565.0,3909.0,,,,,,,,,,,,,,,,,,,,,,,,,,,,,,,2242249.0,103449.0,21675.0,1948276.0,95748.0,20348.0,2493335.0,158750.0,15706.0,1753197.0,133252.0,13157.0,2399440.0,110106.0,21792.0,2196548.0,107138.0,20502.0,3585593.0,165900.0,21613.0,2958061.0,145610.0,20315.0,3000190.0,141205.0,21247.0,2465833.0,122904.0,20063.0,,,,,,,,,,,,,,,,,,,,,,,,,,,,,,,,,,,,,,,,,,,,,,,,,,,,,,,,,,,,,,,,,,,,,,,,,,,,,,,,,,,,,,,,,,,,,,,,,,,,,,,,,,,,,,,,,,,,,,,,,,,,,,,,,,,,,,,,,,,,,,,,,,,,,,,,,,,,,,,,,,,,,,,,,,,,,,,,,,,,,,,,,,,,,,,,,,,,,,,,,,,,,,,,,,,,,,,,,,,,,,,,,,,,,,,,,,,,,,,,,,,,,,,,,,,,,,,,,,,,,,,,,,,,,,,,,,,,,,,,
Vesterbro/Kongens Enghave,1998,529.0,544.0,280.0,280.0,,,,,,,0.0,,,0.0,46.0,45.0,19.0,22.0,,,,,,,4.0,,,11.0,82.0,83.0,221.0,219.0,640.0,681.0,946.0,533.0,471.0,357.0,342.0,189.0,177.0,123.0,26.0,20.0,25.0,27.0,331.0,408.0,389.0,214.0,212.0,147.0,167.0,110.0,140.0,150.0,1504.0,1409.0,786.0,799.0,6868.0,6996.0,4205.0,3207.0,2204.0,1716.0,1919.0,1557.0,2433.0,3705.0,,,,,,,,,,,,,,,,,,,,,,,,,,,,,,,2400339.0,109425.0,21936.0,2055984.0,100365.0,20485.0,2783078.0,169638.0,16406.0,1906109.0,138757.0,13737.0,2565104.0,116601.0,21999.0,2333136.0,112936.0,20659.0,3845055.0,175581.0,21899.0,3104938.0,151764.0,20459.0,3206734.0,147613.0,21724.0,2578402.0,127103.0,20286.0,0.0,0.0,7989.0,7570.0,0.0,0.0,0.0,0.0,0.0,0.0,0.0,0.0,0.0,0.0,0.0,0.0,3027.0,2068.0,0.0,0.0,0.0,0.0,132.0,740.0,0.0,0.0,0.0,0.0,0.0,0.0,0.0,0.0,0.0,0.0,0.0,0.0,605.0,685.0,0.0,0.0,0.0,0.0,14.0,290.0,0.0,0.0,0.0,0.0,0.0,0.0,0.0,0.0,0.0,0.0,0.0,0.0,212.0,453.0,0.0,0.0,0.0,0.0,4.0,81.0,0.0,0.0,0.0,0.0,0.0,0.0,0.0,0.0,0.0,0.0,0.0,0.0,38.0,176.0,0.0,0.0,,,,,,,,,,,,,,,,,,,,,,,,,,,,,,,,,,,,,,,,,,,,,,,,,,,,,,,,,,,,,,,,,,,,,,,,,,,,,,,,,,,,,,,,,,,,,,,,,,,,,,,,,,,,,,,,,,,,,,,,,,,,,,,,,,,,,,,,,,,,,,,,,,,,,,,,,,,,,,,,,,,,,,,,,,,,,,,,,,,,,,,,,,,,,,,,,,,,,,,,
Vesterbro/Kongens Enghave,1999,512.0,560.0,284.0,272.0,167.0,136.0,,,,,0.0,,,0.0,42.0,38.0,19.0,23.0,55.0,54.0,,,,,3.0,,,8.0,74.0,72.0,212.0,216.0,646.0,692.0,931.0,563.0,485.0,363.0,333.0,208.0,184.0,137.0,23.0,12.0,29.0,30.0,370.0,388.0,400.0,229.0,203.0,155.0,162.0,107.0,139.0,147.0,1604.0,1442.0,767.0,730.0,6887.0,7113.0,4441.0,3342.0,2198.0,1670.0,1938.0,1601.0,2333.0,3512.0,,,,,,,,,,,,,,,,,,,,,,,,,,,,,,,2553849.0,115080.0,22192.0,2171472.0,104856.0,20709.0,3071575.0,181933.0,16883.0,2077226.0,147919.0,14043.0,2733926.0,122686.0,22284.0,2473280.0,118515.0,20869.0,4105023.0,185379.0,22144.0,3287109.0,158966.0,20678.0,3427756.0,156383.0,21919.0,2730106.0,133469.0,20455.0,0.0,0.0,7990.0,7468.0,0.0,0.0,0.0,0.0,0.0,0.0,0.0,0.0,0.0,0.0,0.0,0.0,3179.0,2070.0,0.0,0.0,0.0,0.0,137.0,721.0,0.0,0.0,0.0,0.0,0.0,0.0,0.0,0.0,0.0,0.0,0.0,0.0,630.0,691.0,0.0,0.0,0.0,0.0,17.0,276.0,0.0,0.0,0.0,0.0,0.0,0.0,0.0,0.0,0.0,0.0,0.0,0.0,261.0,477.0,0.0,0.0,0.0,0.0,5.0,73.0,0.0,0.0,0.0,0.0,0.0,0.0,0.0,0.0,0.0,0.0,0.0,0.0,39.0,182.0,0.0,0.0,,,,,,,,,,,,,,,,,,,,,,,,,,,,,,,,,,,,,,,,,,,,,,,,,,,,,,,,,,,,,,,,,,,,,,,,,,,,,,,,,,,,,,,,,,,,,,,,,,,,,,,,,,,,,,,,,,,,,,,,,,,,,,,,,,,,,,,,,,,,,,,,,,,,,,,,,,,,,,,,,,,,,,,,,,,,,,,,,,,,,,,,,,,,,,,,,,,,,,,,
Vesterbro/Kongens Enghave,2000,534.0,566.0,292.0,289.0,,,,,,,0.0,,,0.0,48.0,48.0,18.0,23.0,,,,,,,3.0,,,8.0,76.0,61.0,225.0,208.0,613.0,703.0,938.0,588.0,517.0,376.0,350.0,228.0,206.0,150.0,16.0,15.0,22.0,29.0,354.0,406.0,421.0,246.0,211.0,163.0,159.0,113.0,136.0,145.0,1691.0,1592.0,740.0,707.0,6901.0,7147.0,4696.0,3515.0,2159.0,1678.0,1950.0,1635.0,2283.0,3337.0,,,,,,,,,,,,,,,,,,,,,,,,,,,,,,,2717981.0,122459.0,22195.0,2284702.0,109815.0,20805.0,3310785.0,194798.0,16996.0,2239299.0,155550.0,14396.0,2898959.0,129957.0,22307.0,2608932.0,124365.0,20978.0,4373787.0,197623.0,22132.0,3443807.0,165839.0,20766.0,3589289.0,164813.0,21778.0,2828087.0,138272.0,20453.0,0.0,0.0,7848.0,7274.0,0.0,0.0,0.0,0.0,0.0,0.0,0.0,0.0,0.0,0.0,0.0,0.0,3399.0,2110.0,0.0,0.0,0.0,0.0,138.0,756.0,0.0,0.0,0.0,0.0,0.0,0.0,0.0,0.0,0.0,0.0,0.0,0.0,673.0,737.0,0.0,0.0,0.0,0.0,20.0,277.0,0.0,0.0,0.0,0.0,0.0,0.0,0.0,0.0,0.0,0.0,0.0,0.0,263.0,526.0,0.0,0.0,0.0,0.0,3.0,74.0,0.0,0.0,0.0,0.0,0.0,0.0,0.0,0.0,0.0,0.0,0.0,0.0,44.0,194.0,0.0,0.0,,,,,,,,,,,,,,,,,,,,,,,,,,,,,,,,,,,,,,,,,,,,,,,,,,,,,,,,,,,,,,,,,,,,,,,,,,,,,,,,,,,,,,,,,,,,,,,,,,,,,,,,,,,,,,,,,,,,,,,,,,,,,,,,,,,,,,,,,,,,,,,,,,,,,,,,,,,,,,,,,,,,,,,,,,,,,,,,,,,,,,,,,,,,,,,,,,,,,,,,
Vesterbro/Kongens Enghave,2001,581.0,569.0,289.0,307.0,,,,,,,0.0,0.0,,0.0,44.0,47.0,18.0,27.0,,,,,,,4.0,6.0,,7.0,63.0,58.0,211.0,204.0,591.0,695.0,909.0,602.0,514.0,403.0,349.0,238.0,226.0,163.0,13.0,9.0,31.0,38.0,371.0,418.0,450.0,243.0,231.0,167.0,155.0,123.0,143.0,152.0,1794.0,1704.0,715.0,695.0,6757.0,7112.0,4883.0,3696.0,2184.0,1647.0,1957.0,1655.0,2257.0,3232.0,,,,,,,,,,,,,,,,,,,,,,,,,,,,,,,2804171.0,127093.0,22064.0,2395910.0,114331.0,20956.0,3470074.0,204531.0,16966.0,2418654.0,164077.0,14741.0,2997834.0,135080.0,22193.0,2725637.0,129140.0,21106.0,4529458.0,206109.0,21976.0,3636183.0,173781.0,20924.0,3709812.0,172525.0,21503.0,2980716.0,144871.0,20575.0,0.0,0.0,7783.0,7152.0,0.0,0.0,0.0,0.0,0.0,0.0,0.0,0.0,0.0,0.0,0.0,0.0,3395.0,2099.0,0.0,0.0,0.0,0.0,147.0,740.0,0.0,0.0,0.0,0.0,0.0,0.0,0.0,0.0,0.0,0.0,0.0,0.0,712.0,774.0,0.0,0.0,0.0,0.0,18.0,284.0,0.0,0.0,0.0,0.0,0.0,0.0,0.0,0.0,0.0,0.0,0.0,0.0,262.0,539.0,0.0,0.0,0.0,0.0,7.0,85.0,0.0,0.0,0.0,0.0,0.0,0.0,0.0,0.0,0.0,0.0,0.0,0.0,47.0,190.0,0.0,0.0,,,,,,,,,,,,,,,,,,,,,,,,,,,,,,,,,,,,,,,,,,,,,,,,,,,,,,,,,,,,,,,,,,,,,,,,,,,,,,,,,,,,,,,,,,,,,,,,,,,,,,,,,,,,,,,,,,,,,,,,,,,,,,,,,,,,,,,,,,,,,,,,,,,,,,,,,,,,,,,,,,,,,,,,,,,,,,,,,,,,,,,,,,,,,,,,,,,,,,,,
Vesterbro/Kongens Enghave,2002,603.0,570.0,298.0,301.0,215.0,203.0,,,,,0.0,0.0,,0.0,46.0,53.0,22.0,30.0,45.0,51.0,,,,,4.0,7.0,,6.0,59.0,57.0,198.0,200.0,541.0,661.0,916.0,616.0,529.0,414.0,354.0,240.0,235.0,173.0,15.0,9.0,32.0,32.0,360.0,463.0,451.0,262.0,219.0,154.0,160.0,125.0,144.0,145.0,1909.0,1783.0,742.0,748.0,6435.0,6979.0,5140.0,3978.0,2161.0,1657.0,1985.0,1658.0,2224.0,3126.0,,,,,,,,,,,,,,,,,,,,,,,,,,,,,,,2881348.0,132427.0,21758.0,2510964.0,120257.0,20880.0,3505990.0,210002.0,16695.0,2498118.0,170067.0,14689.0,3086612.0,141147.0,21868.0,2859295.0,135892.0,21041.0,4590176.0,211929.0,21659.0,3766508.0,180709.0,20843.0,3753504.0,177622.0,21132.0,3062146.0,149643.0,20463.0,0.0,0.0,7725.0,7081.25,0.0,0.0,0.0,0.0,0.0,0.0,0.0,0.0,0.0,0.0,0.0,0.0,3405.75,1974.25,0.0,0.0,0.0,0.0,146.75,767.5,0.0,0.0,0.0,0.0,0.0,0.0,0.0,0.0,0.0,0.0,0.0,0.0,801.75,819.5,0.0,0.0,0.0,0.0,20.25,298.5,0.0,0.0,0.0,0.0,0.0,0.0,0.0,0.0,0.0,0.0,0.0,0.0,256.75,612.5,0.0,0.0,0.0,0.0,6.75,89.75,0.0,0.0,0.0,0.0,0.0,0.0,0.0,0.0,0.0,0.0,0.0,0.0,59.75,204.25,0.0,0.0,,,,,,,,,,,,,,,,,,,,,,,,,,,,,,,,,,,,,,,,,,,,,,,,,,,,,,,,,,,,,,,,,,,,,,,,,,,,,,,,,,,,,,,,,,,,,,,,,,,,,,,,,,,,,,,,,,,,,,,,,,,,,,,,,,,,,,,,,,,,,,,,,,,,,,,,,,,,,,,,,,,,,,,,,,,,,,,,,,,,,,,,,,,,,,,,,,,,,,,,
Vesterbro/Kongens Enghave,2003,608.0,559.0,295.0,320.0,230.0,208.0,,,,,0.0,0.0,,0.0,54.0,50.0,21.0,29.0,47.0,45.0,,,,,6.0,8.0,,5.0,50.0,58.0,178.0,181.0,511.0,623.0,846.0,644.0,557.0,415.0,349.0,270.0,252.0,190.0,19.0,12.0,26.0,30.0,355.0,475.0,470.0,302.0,206.0,147.0,169.0,132.0,141.0,148.0,2068.0,1886.0,750.0,737.0,5951.0,6597.0,5487.0,4336.0,2167.0,1698.0,1945.0,1676.0,2157.0,2990.0,,,,,,,,,,,,,,,,,,,,,,,,,,,,,,,2976628.0,137184.0,21698.0,2578694.0,124997.0,20630.0,3549151.0,214983.0,16509.0,2524444.0,172860.0,14604.0,3185906.0,145935.0,21831.0,2925297.0,140687.0,20793.0,4689845.0,216681.0,21644.0,3842009.0,186650.0,20584.0,3822995.0,181185.0,21100.0,3123162.0,154383.0,20230.0,0.0,0.0,7657.75,6942.25,0.0,0.0,0.0,0.0,0.0,0.0,0.0,0.0,0.0,0.0,0.0,0.0,3404.5,1923.25,0.0,0.0,0.0,0.0,138.5,804.25,0.0,0.0,0.0,0.0,0.0,0.0,0.0,0.0,0.0,0.0,0.0,0.0,834.0,843.5,0.0,0.0,0.0,0.0,24.25,320.25,0.0,0.0,0.0,0.0,0.0,0.0,0.0,0.0,0.0,0.0,0.0,0.0,296.0,649.5,0.0,0.0,0.0,0.0,7.25,88.75,0.0,0.0,0.0,0.0,0.0,0.0,0.0,0.0,0.0,0.0,0.0,0.0,61.0,224.75,0.0,0.0,,,,,,,,,,,,,,,,,,,,,,,,,,,,,,,,,,,,,,,,,,,,,,,,,,,,,,,,,,,,,,,,,,,,,,,,,,,,,,,,,,,,,,,,,,,,,,,,,,,,,,,,,,,,,,,,,,,,,,,,,,,,,,,,,,,,,,,,,,,,,,,,,,,,,,,,,,,,,,,,,,,,,,,,,,,,,,,,,,,,,,,,,,,,,,,,,,,,,,,,
Vesterbro/Kongens Enghave,2004,589.0,512.0,303.0,314.0,230.0,212.0,,,,,0.0,0.0,,0.0,61.0,59.0,,,49.0,44.0,,,,,6.0,6.0,4.0,,42.0,49.0,157.0,178.0,479.0,555.0,809.0,649.0,571.0,421.0,341.0,265.0,260.0,211.0,19.0,14.0,,,322.0,471.0,468.0,315.0,206.0,146.0,185.0,137.0,,,2179.0,2016.0,792.0,779.0,5627.0,6201.0,5704.0,4538.0,2264.0,1703.0,1925.0,1678.0,2138.0,2913.0,,,,,,,,,,,,,,,,,,,,,,,,,,,,,,,3106655.0,144047.0,21567.0,2708007.0,132401.0,20453.0,3650410.0,221505.0,16480.0,2639743.0,180643.0,14613.0,3322874.0,153156.0,21696.0,3060818.0,148591.0,20599.0,4777268.0,222675.0,21454.0,3957603.0,193905.0,20410.0,3873486.0,185033.0,20934.0,3185699.0,159126.0,20020.0,0.0,0.0,7728.5,6904.0,0.0,0.0,0.0,0.0,0.0,0.0,0.0,0.0,0.0,0.0,0.0,0.0,3291.5,1872.75,0.0,0.0,0.0,0.0,139.5,832.0,0.0,0.0,0.0,0.0,0.0,0.0,0.0,0.0,0.0,0.0,0.0,0.0,873.0,827.75,0.0,0.0,0.0,0.0,25.25,328.5,0.0,0.0,0.0,0.0,0.0,0.0,0.0,0.0,0.0,0.0,0.0,0.0,319.25,695.5,0.0,0.0,0.0,0.0,7.0,86.75,0.0,0.0,0.0,0.0,0.0,0.0,0.0,0.0,0.0,0.0,0.0,0.0,53.5,230.25,0.0,0.0,,,,,,,,,,,,,,,,,,,,,,,,,,,,,,,,,,,,,,,,,,,,,,,,,,,,,,,,,,,,,,,,,,,,,,,,,,,,,,,,,,,,,,,,,,,,,,,,,,,,,,,,,,,,,,,,,,,,,,,,,,,,,,,,,,,,,,,,,,,,,,,,,,,,,,,,,,,,,,,,,,,,,,,,,,,,,,,,,,,,,,,,,,,,,,,,,,,,,,,,
Vesterbro/Kongens Enghave,2005,522.0,502.0,316.0,321.0,232.0,201.0,,,,,,0.0,0.0,0.0,57.0,51.0,18.0,19.0,50.0,37.0,,,,,,7.0,5.0,8.0,38.0,39.0,150.0,162.0,488.0,516.0,781.0,620.0,610.0,440.0,351.0,276.0,280.0,217.0,15.0,13.0,26.0,30.0,350.0,469.0,452.0,313.0,227.0,152.0,166.0,141.0,156.0,146.0,2214.0,2115.0,823.0,825.0,5261.0,5852.0,5874.0,4704.0,2344.0,1809.0,1855.0,1643.0,2134.0,2843.0,,,,,,,,,,,,,,,,,,,,,,,,,,,,,,,3211777.0,150639.0,21321.0,2799896.0,137492.0,20364.0,3788029.0,230457.0,16437.0,2781483.0,186752.0,14894.0,3429199.0,159840.0,21454.0,3167372.0,154498.0,20501.0,4929416.0,232432.0,21208.0,4096280.0,201489.0,20330.0,3950961.0,192495.0,20525.0,3284461.0,165015.0,19904.0,0.0,0.0,7822.5,6935.25,0.0,0.0,0.0,0.0,0.0,0.0,0.0,0.0,0.0,0.0,0.0,0.0,3205.0,1830.75,0.0,0.0,0.0,0.0,144.5,863.75,0.0,0.0,0.0,0.0,0.0,0.0,0.0,0.0,0.0,0.0,0.0,0.0,837.25,812.5,0.0,0.0,0.0,0.0,28.75,338.75,0.0,0.0,0.0,0.0,0.0,0.0,0.0,0.0,0.0,0.0,0.0,0.0,338.25,714.75,0.0,0.0,0.0,0.0,8.25,86.25,0.0,0.0,0.0,0.0,0.0,0.0,0.0,0.0,0.0,0.0,0.0,0.0,54.25,227.75,0.0,0.0,,,,,,,,,,,,,,,,,,,,,,,,,,,,,,,,,,,,,,,,,,,,,,,,,,,,,,,,,,,,,,,,,,,,,,,,,,,,,,,,,,,,,,,,,,,,,,,,,,,,,,,,,,,,,,,,,,,,,,,,,,,,,,,,,,,,,,,,,,,,,,,,,,,,,,,,,,,,,,,,,,,,,,,,,,,,,,,,,,,,,,,,,,,,,,,,,,,,,,,,
Vesterbro/Kongens Enghave,2006,468.0,467.0,336.0,324.0,232.0,199.0,,,0.0,,,0.0,0.0,0.0,49.0,54.0,22.0,22.0,44.0,32.0,,,12.0,,,5.0,6.0,10.0,27.0,39.0,132.0,143.0,485.0,501.0,754.0,608.0,633.0,451.0,347.0,299.0,294.0,224.0,20.0,16.0,33.0,32.0,364.0,476.0,472.0,324.0,247.0,147.0,162.0,137.0,160.0,142.0,2202.0,2129.0,897.0,861.0,4905.0,5575.0,5833.0,4809.0,2486.0,1877.0,1827.0,1613.0,2150.0,2839.0,,,,,,,,,,,,,,,,,,,,,,,,,,,,,,,3404512.0,157975.0,21551.0,2970637.0,143405.0,20715.0,4184692.0,246928.0,16947.0,3064374.0,198843.0,15411.0,3635124.0,167912.0,21649.0,3357889.0,161127.0,20840.0,5309344.0,247211.0,21477.0,4412804.0,213323.0,20686.0,4227475.0,200582.0,21076.0,3520537.0,173050.0,20344.0,0.0,0.0,7881.75,7028.5,0.0,0.0,0.0,0.0,0.0,0.0,0.0,0.0,0.0,0.0,0.0,0.0,3108.5,1807.5,0.0,0.0,0.0,0.0,150.75,884.25,0.0,0.0,0.0,0.0,0.0,0.0,0.0,0.0,0.0,0.0,0.0,0.0,789.25,836.25,0.0,0.0,0.0,0.0,36.0,350.5,0.0,0.0,0.0,0.0,0.0,0.0,0.0,0.0,0.0,0.0,0.0,0.0,345.25,724.75,0.0,0.0,0.0,0.0,8.25,84.5,0.0,0.0,0.0,0.0,0.0,0.0,0.0,0.0,0.0,0.0,0.0,0.0,49.25,240.25,0.0,0.0,,,,,,,,,,,,,,,,,,,,,,,,,,,,,,,,,,,,,,,,,,,,,,,,,,,,,,,,,,,,,,,,,,,,,,,,,,,,,,,,,,,,,,,,,,,,,,,,,,,,,,,,,,,,,,,,,,,,,,,,,,,,,,,,,,,,,,,,,,,,,,,,,,,,,,,,,,,,,,,,,,,,,,,,,,,,,,,,,,,,,,,,,,,,,,,,,,,,,,,,
Vesterbro/Kongens Enghave,2007,434.0,453.0,329.0,330.0,227.0,216.0,,,,,,,0.0,0.0,54.0,57.0,25.0,25.0,34.0,37.0,,,,,,,6.0,10.0,23.0,38.0,121.0,118.0,475.0,515.0,711.0,622.0,650.0,457.0,340.0,308.0,322.0,250.0,23.0,17.0,33.0,32.0,424.0,600.0,471.0,381.0,270.0,145.0,170.0,154.0,158.0,146.0,2241.0,2262.0,959.0,948.0,4797.0,5485.0,5915.0,4893.0,2626.0,2001.0,1814.0,1592.0,2150.0,2803.0,,,,,,,,,,,,,,,,,,,,,,,,,,,,,,,3555440.0,163536.0,21741.0,3067383.0,148040.0,20720.0,4541092.0,260728.0,17417.0,3341929.0,211742.0,15783.0,3786416.0,173609.0,21810.0,3479187.0,167108.0,20820.0,5699558.0,263137.0,21660.0,4653265.0,224904.0,20690.0,4438864.0,211204.0,21017.0,3631116.0,179456.0,20234.0,0.0,0.0,7900.5,7056.75,0.0,0.0,0.0,0.0,0.0,0.0,0.0,0.0,0.0,0.0,0.0,0.0,3126.5,1807.5,0.0,0.0,0.0,0.0,158.5,907.25,0.0,0.0,0.0,0.0,0.0,0.0,0.0,0.0,0.0,0.0,0.0,0.0,818.5,867.75,0.0,0.0,0.0,0.0,37.75,376.25,0.0,0.0,0.0,0.0,0.0,0.0,0.0,0.0,0.0,0.0,0.0,0.0,380.0,766.0,0.0,0.0,0.0,0.0,5.25,88.25,0.0,0.0,0.0,0.0,0.0,0.0,0.0,0.0,0.0,0.0,0.0,0.0,47.75,241.75,0.0,0.0,,,,,,,,,,,,,,,,,,,,,,,,,,,,,,,,,,,,,,,,,,,,,,,,,,,,,,,,,,,,,,,,,,,,,,,,,,,,,,,,,,,,,,,,,,,,,,,,,,,,,,,,,,,,,,,,,,,,,,,,,,,,,,,,,,,,,,,,,,,,,,,,,,,,,,,,,,,,,,,,,,,,,,,,,,,,,,,,,,,,,,,,,,,,,,,,,,,,,,,,
Vesterbro/Kongens Enghave,2008,427.0,420.0,325.0,346.0,220.0,207.0,,,,,,,0.0,0.0,56.0,69.0,31.0,24.0,44.0,48.0,,,,,,,7.0,10.0,28.0,30.0,112.0,97.0,497.0,502.0,694.0,647.0,668.0,453.0,343.0,324.0,345.0,270.0,36.0,22.0,43.0,44.0,466.0,609.0,497.0,422.0,295.0,167.0,175.0,160.0,170.0,151.0,2341.0,2311.0,1016.0,983.0,4805.0,5347.0,5832.0,4947.0,2705.0,2059.0,1797.0,1589.0,2205.0,2731.0,2250.0,1308.0,750.0,427.0,483.0,468.0,321.0,153.0,68.0,85.0,617.0,377.0,266.0,160.0,201.0,231.0,150.0,70.0,55.0,45.0,487.0,257.0,160.0,84.0,108.0,447.0,203.0,101.0,60.0,44.0,3750234.0,167571.0,22380.0,3257350.0,152633.0,21341.0,5045317.0,282667.0,17849.0,3729489.0,226951.0,16433.0,3996537.0,177885.0,22467.0,3695800.0,172395.0,21438.0,6144673.0,275496.0,22304.0,5034566.0,236354.0,21301.0,4715559.0,217829.0,21648.0,3842588.0,184288.0,20851.0,0.0,0.0,7989.5,7050.75,0.0,0.0,0.0,0.0,0.0,0.0,0.0,0.0,0.0,0.0,0.0,0.0,3163.0,1862.0,0.0,0.0,0.0,0.0,182.25,924.0,0.0,0.0,0.0,0.0,0.0,0.0,0.0,0.0,0.0,0.0,0.0,0.0,830.0,907.0,0.0,0.0,0.0,0.0,42.0,386.25,0.0,0.0,0.0,0.0,0.0,0.0,0.0,0.0,0.0,0.0,0.0,0.0,367.0,824.5,0.0,0.0,0.0,0.0,3.75,90.5,0.0,0.0,0.0,0.0,0.0,0.0,0.0,0.0,0.0,0.0,0.0,0.0,51.5,254.0,0.0,0.0,,,,,,,,,,,,,,,,,,,,,,,,,,,,,,,,,,,,,,,,,,,,,,,,,,,,,,,,,,,,,,,,,,,,,,,,,,,,,,,,,,,,,,,,,,,,,,,,,,,,,,,,,,,,,,,,,,,,,,,,,,,,,,,,,,,,,,,,,,,,,,,,,,,,,,,,,,,,,,,,,,,,,,,,,,,,,,,,,,,,,,,,,,,,,,,,,,,,,,,,
Vesterbro/Kongens Enghave,2009,418.0,398.0,320.0,373.0,247.0,220.0,109.0,104.0,,,,,0.0,0.0,68.0,85.0,26.0,20.0,53.0,57.0,41.0,37.0,,,,,7.0,10.0,33.0,33.0,106.0,91.0,559.0,562.0,707.0,689.0,681.0,450.0,352.0,332.0,365.0,292.0,27.0,33.0,44.0,42.0,530.0,729.0,567.0,485.0,313.0,172.0,172.0,168.0,177.0,144.0,2498.0,2425.0,1071.0,1043.0,4811.0,5449.0,6039.0,5124.0,2872.0,2166.0,1823.0,1550.0,2252.0,2728.0,2253.0,1462.0,996.0,683.0,817.0,417.0,338.0,223.0,128.0,143.0,616.0,385.0,309.0,240.0,307.0,285.0,164.0,103.0,79.0,89.0,512.0,325.0,210.0,165.0,198.0,423.0,250.0,151.0,71.0,80.0,4022021.0,174673.0,23026.0,3544000.0,160850.0,22033.0,5203878.0,286984.0,18133.0,4005636.0,236656.0,16926.0,4298869.0,185857.0,23130.0,3997169.0,180410.0,22156.0,6425991.0,280476.0,22911.0,5370247.0,244313.0,21981.0,4960619.0,222240.0,22321.0,4128476.0,192228.0,21477.0,0.0,0.0,7993.75,7029.75,0.0,0.0,0.0,0.0,0.0,0.0,0.0,0.0,0.0,0.0,0.0,0.0,3216.5,1944.75,0.0,0.0,0.0,0.0,187.25,986.25,0.0,0.0,0.0,0.0,0.0,0.0,0.0,0.0,0.0,0.0,0.0,0.0,895.0,931.0,0.0,0.0,0.0,0.0,35.75,391.25,0.0,0.0,0.0,0.0,0.0,0.0,0.0,0.0,0.0,0.0,0.0,0.0,385.75,928.5,0.0,0.0,0.0,0.0,4.5,86.75,0.0,0.0,0.0,0.0,0.0,0.0,0.0,0.0,0.0,0.0,0.0,0.0,56.5,251.25,0.0,0.0,,,,,,,,,,,,,,,,,,,,,,,,,,,,,,,,,,,,,,,,,,,,,,,,,,,,,,,,,,,,,,,,,,,,,,,,,,,,,,,,,,,,,,,,,,,,,,,,,,,,,,,,,,,,,,,,,,,,,,,,,,,,,,,,,,,,,,,,,,,,,,,,,,,,,,,,,,,,,,,,,,,,,,,,,,,,,,,,,,,,,,,,,,,,,,,,,,,,,,,,
Vesterbro/Kongens Enghave,2010,379.0,385.0,314.0,368.0,254.0,257.0,131.0,113.0,,,,,0.0,0.0,83.0,98.0,30.0,20.0,46.0,48.0,47.0,34.0,,,,,7.0,9.0,48.0,29.0,78.0,99.0,569.0,566.0,712.0,706.0,691.0,476.0,391.0,355.0,388.0,311.0,35.0,37.0,46.0,37.0,599.0,814.0,621.0,564.0,326.0,201.0,190.0,164.0,182.0,156.0,2688.0,2588.0,1107.0,1108.0,4920.0,5589.0,6242.0,5304.0,3003.0,2324.0,1839.0,1557.0,2274.0,2701.0,2372.0,1509.0,1151.0,782.0,1093.0,437.0,324.0,244.0,172.0,235.0,567.0,395.0,317.0,261.0,364.0,306.0,168.0,137.0,78.0,99.0,543.0,339.0,288.0,173.0,273.0,519.0,283.0,165.0,98.0,122.0,4485436.0,187550.0,23916.0,3913756.0,169471.0,23094.0,5473828.0,299231.0,18293.0,4213405.0,241345.0,17458.0,4780315.0,199321.0,23983.0,4463421.0,192804.0,23150.0,6835139.0,286408.0,23865.0,5721006.0,247813.0,23086.0,5301187.0,233955.0,22659.0,4444266.0,200798.0,22133.0,0.0,0.0,7868.75,6926.0,0.0,0.0,0.0,0.0,0.0,0.0,0.0,0.0,0.0,0.0,0.0,0.0,3226.0,1986.25,0.0,0.0,0.0,0.0,189.25,1028.5,0.0,0.0,0.0,0.0,0.0,0.0,0.0,0.0,0.0,0.0,0.0,0.0,1014.0,954.25,0.0,0.0,0.0,0.0,35.75,394.75,0.0,0.0,0.0,0.0,0.0,0.0,0.0,0.0,0.0,0.0,0.0,0.0,405.75,980.25,0.0,0.0,0.0,0.0,4.5,86.5,0.0,0.0,0.0,0.0,0.0,0.0,0.0,0.0,0.0,0.0,0.0,0.0,56.75,249.5,0.0,0.0,,,,,,,,,,,,,,,,,,,,,,,,,,,,,,,,,,,,,,,,,,,,,,,,,,,,,,,,,,,,,,,,,,,,,,,,,,,,,,,,,,,,,,,,,,,,,,,,,,,,,,,,,,,,,,,,,,,,,,,,,,,,,,,,,,,,,,,,,,,,,,,,,,,,,,,,,,,,,,,,,,,,,,,,,,,,,,,,,,,,,,,,,,,,,,,,,,,,,,,,
Vesterbro/Kongens Enghave,2011,366.0,364.0,329.0,363.0,251.0,272.0,157.0,125.0,,,,,0.0,0.0,83.0,104.0,29.0,27.0,53.0,49.0,42.0,35.0,,,,,8.0,8.0,45.0,35.0,72.0,94.0,583.0,600.0,711.0,693.0,697.0,489.0,401.0,354.0,405.0,334.0,34.0,40.0,29.0,41.0,629.0,870.0,657.0,635.0,361.0,218.0,217.0,165.0,176.0,162.0,2872.0,2797.0,1193.0,1172.0,4927.0,5793.0,6338.0,5392.0,3236.0,2519.0,1856.0,1600.0,2285.0,2695.0,2369.0,1529.0,1121.0,770.0,1053.0,473.0,334.0,265.0,183.0,220.0,520.0,386.0,266.0,214.0,326.0,294.0,159.0,124.0,55.0,106.0,535.0,319.0,258.0,205.0,251.0,547.0,331.0,208.0,113.0,150.0,4678537.0,192643.0,24286.0,4074616.0,172485.0,23623.0,5733380.0,306172.0,18726.0,4393386.0,244771.0,17949.0,4974557.0,204269.0,24353.0,4661455.0,196960.0,23667.0,7114835.0,293323.0,24256.0,5942951.0,251639.0,23617.0,5531234.0,238683.0,23174.0,4627920.0,203434.0,22749.0,0.0,0.0,7661.25,6839.25,0.0,0.0,0.0,0.0,0.0,0.0,0.0,0.0,0.0,0.0,0.0,0.0,3324.75,1983.25,0.0,0.0,0.0,0.0,190.75,1048.25,0.0,0.0,0.0,0.0,0.0,0.0,0.0,0.0,0.0,0.0,0.0,0.0,1099.0,1080.0,0.0,0.0,0.0,0.0,40.25,397.0,0.0,0.0,0.0,0.0,0.0,0.0,0.0,0.0,0.0,0.0,0.0,0.0,467.0,1025.75,0.0,0.0,0.0,0.0,6.0,75.75,0.0,0.0,0.0,0.0,0.0,0.0,0.0,0.0,0.0,0.0,0.0,0.0,65.5,264.25,0.0,0.0,,,,,,,,,,,,,,,,,,,,,,,,,,,,,,,,,,,,,,,,,,,,,,,,,,,,,,,,,,,,,,,,,,,,,,,,,,,,,,,,,,,,,,,,,,,,,,,,,,,,,,,,,,,,,,,,,,,,,,,,,,,,,,,,,,,,,,,,,,,,,,,,,,,,,,,,,,,,,,,,,,,,,,,,,,,,,,,,,,,,,,,,,,,,,,,,,,,,,,,,
Vesterbro/Kongens Enghave,2012,350.0,335.0,341.0,351.0,272.0,260.0,175.0,142.0,,,,,0.0,0.0,99.0,111.0,29.0,32.0,46.0,54.0,47.0,34.0,,,,,6.0,6.0,42.0,40.0,73.0,92.0,482.0,540.0,717.0,728.0,683.0,489.0,411.0,367.0,404.0,335.0,31.0,44.0,36.0,40.0,642.0,978.0,718.0,656.0,397.0,234.0,212.0,175.0,189.0,172.0,2988.0,2950.0,1280.0,1269.0,5070.0,6033.0,6167.0,5423.0,3459.0,2621.0,1864.0,1627.0,2300.0,2669.0,2268.0,1520.0,1135.0,831.0,1186.0,478.0,396.0,285.0,191.0,297.0,479.0,319.0,242.0,208.0,341.0,242.0,175.0,110.0,88.0,121.0,522.0,315.0,269.0,199.0,263.0,547.0,315.0,229.0,145.0,164.0,4824288.0,198106.0,24352.0,4263305.0,177077.0,24076.0,5933075.0,316211.0,18763.0,4584319.0,250496.0,18301.0,5144156.0,210748.0,24409.0,4862776.0,201591.0,24122.0,7376405.0,303206.0,24328.0,6230072.0,258810.0,24072.0,5741912.0,245601.0,23379.0,4843117.0,208656.0,23211.0,0.0,0.0,7464.0,6813.25,0.0,0.0,0.0,0.0,0.0,0.0,0.0,0.0,0.0,0.0,0.0,0.0,3401.0,1924.75,0.0,0.0,0.0,0.0,188.0,1077.5,0.0,0.0,0.0,0.0,0.0,0.0,0.0,0.0,0.0,0.0,0.0,0.0,1090.0,1140.75,0.0,0.0,0.0,0.0,46.5,408.25,0.0,0.0,0.0,0.0,0.0,0.0,0.0,0.0,0.0,0.0,0.0,0.0,535.25,1105.25,0.0,0.0,0.0,0.0,1.0,75.75,0.0,0.0,0.0,0.0,0.0,0.0,0.0,0.0,0.0,0.0,0.0,0.0,75.75,283.75,0.0,0.0,,,,,,,,,,,,,,,,,,,,,,,,,,,,,,,,,,,,,,,,,,,,,,,,,,,,,,,,,,,,,,,,,,,,,,,,,,,,,,,,,,,,,,,,,,,,,,,,,,,,,,,,,,,,,,,,,,,,,,,,,,,,,,,,,,,,,,,,,,,,,,,,,,,,,,,,,,,,,,,,,,,,,,,,,,,,,,,,,,,,,,,,,,,,,,,,,,,,,,,,
Vesterbro/Kongens Enghave,2013,318.0,292.0,343.0,339.0,269.0,267.0,181.0,143.0,,,,,0.0,,109.0,119.0,35.0,28.0,47.0,57.0,54.0,34.0,,,,,6.0,,45.0,45.0,62.0,71.0,441.0,491.0,695.0,744.0,649.0,490.0,437.0,379.0,413.0,357.0,35.0,47.0,31.0,42.0,683.0,1012.0,730.0,702.0,409.0,251.0,218.0,180.0,195.0,191.0,3133.0,3030.0,1282.0,1362.0,4994.0,6174.0,5922.0,5414.0,3745.0,2794.0,1888.0,1679.0,2337.0,2666.0,2331.0,1572.0,1169.0,793.0,996.0,534.0,395.0,345.0,197.0,231.0,440.0,331.0,253.0,201.0,277.0,254.0,168.0,100.0,60.0,97.0,533.0,360.0,253.0,202.0,239.0,570.0,318.0,218.0,133.0,152.0,5016370.0,203512.0,24649.0,4461271.0,181367.0,24598.0,6165411.0,321987.0,19148.0,4816342.0,255509.0,18850.0,5344312.0,216421.0,24694.0,5116972.0,207669.0,24640.0,7601180.0,308840.0,24612.0,6484754.0,263747.0,24587.0,5889952.0,249712.0,23587.0,4995514.0,210888.0,23688.0,0.0,0.0,7322.5,6752.5,0.0,0.0,0.0,0.0,0.0,0.0,0.0,0.0,0.0,0.0,0.0,0.0,3517.0,1910.5,0.0,0.0,0.0,0.0,202.5,1101.0,0.0,0.0,0.0,0.0,0.0,0.0,0.0,0.0,0.0,0.0,0.0,0.0,1082.5,1136.0,0.0,0.0,0.0,0.0,43.0,413.25,0.0,0.0,0.0,0.0,0.0,0.0,0.0,0.0,0.0,0.0,0.0,0.0,587.25,1170.0,0.0,0.0,0.0,0.0,0.5,73.25,0.0,0.0,0.0,0.0,0.0,0.0,0.0,0.0,0.0,0.0,0.0,0.0,76.0,305.75,0.0,0.0,,,,,,,,,,,,,,,,,,,,,,,,,,,,,,,,,,,,,,,,,,,,,,,,,,,,,,,,,,,,,,,,,,,,,,,,,,,,,,,,,,,,,,,,,,,,,,,,,,,,,,,,,,,,,,,,,,,,,,,,,,,,,,,,,,,,,,,,,,,,,,,,,,,,,,,,,,,,,,,,,,,,,,,,,,,,,,,,,,,,,,,,,,,,,,,,,,,,,,,,
Vesterbro/Kongens Enghave,2014,299.0,304.0,324.0,318.0,285.0,288.0,183.0,159.0,,,,,0.0,0.0,129.0,120.0,33.0,33.0,56.0,52.0,47.0,30.0,,,,,7.0,10.0,40.0,43.0,55.0,74.0,429.0,489.0,746.0,727.0,622.0,507.0,450.0,382.0,417.0,365.0,35.0,40.0,39.0,45.0,722.0,1019.0,782.0,740.0,461.0,281.0,243.0,176.0,211.0,201.0,3206.0,3075.0,1378.0,1462.0,5043.0,6266.0,5769.0,5473.0,3838.0,2944.0,2009.0,1707.0,2352.0,2653.0,2253.0,1444.0,1014.0,719.0,827.0,636.0,417.0,331.0,205.0,202.0,278.0,228.0,184.0,141.0,214.0,220.0,126.0,82.0,59.0,67.0,498.0,319.0,223.0,173.0,204.0,621.0,354.0,194.0,141.0,140.0,5291117.0,212086.0,24948.0,4699245.0,187850.0,25016.0,6474539.0,331382.0,19538.0,5083982.0,263214.0,19315.0,5641847.0,225773.0,24989.0,5400796.0,215532.0,25058.0,7949390.0,319201.0,24904.0,6796599.0,271777.0,25008.0,6110602.0,255375.0,23928.0,5223591.0,216405.0,24138.0,0.0,0.0,7231.5,6698.5,0.0,0.0,0.0,0.0,0.0,0.0,0.0,0.0,0.0,0.0,0.0,0.0,3568.25,1910.0,0.0,0.0,0.0,0.0,219.5,1108.5,0.0,0.0,0.0,0.0,0.0,0.0,0.0,0.0,0.0,0.0,0.0,0.0,1079.25,1120.25,0.0,0.0,0.0,0.0,45.75,438.75,0.0,0.0,0.0,0.0,0.0,0.0,0.0,0.0,0.0,0.0,0.0,0.0,609.5,1214.75,0.0,0.0,0.0,0.0,1.25,76.75,0.0,0.0,0.0,0.0,0.0,0.0,0.0,0.0,0.0,0.0,0.0,0.0,89.5,314.25,0.0,0.0,,,,,,,,,,,,,,,,,,,,,,,,,,,,,,,,,,,,,,,,,,,,,,,,,,,,,,,,,,,,,,,,,,,,,,,,,,,,,,,,,,,,,,,,,,,,,,,,,,,,,,,,,,,,,,,,,,,,,,,,,,,,,,,,,,,,,,,,,,,,,,,,,,,,,,,,,,,,,,,,,,,,,,,,,,,,,,,,,,,,,,,,,,,,,,,,,,,,,,,,
Vesterbro/Kongens Enghave,2015,294.0,294.0,319.0,323.0,308.0,301.0,189.0,166.0,,,,,0.0,0.0,133.0,125.0,38.0,34.0,47.0,56.0,47.0,28.0,,,,,6.0,11.0,56.0,45.0,57.0,57.0,432.0,490.0,811.0,724.0,636.0,504.0,473.0,384.0,430.0,381.0,46.0,56.0,36.0,48.0,800.0,994.0,864.0,776.0,509.0,288.0,287.0,163.0,207.0,204.0,3229.0,3117.0,1475.0,1511.0,5166.0,6351.0,5585.0,5372.0,4002.0,3153.0,2109.0,1810.0,2386.0,2717.0,2442.0,1449.0,942.0,603.0,650.0,655.0,513.0,305.0,184.0,185.0,291.0,216.0,149.0,114.0,161.0,196.0,94.0,70.0,35.0,74.0,529.0,290.0,206.0,148.0,123.0,771.0,336.0,212.0,122.0,107.0,5612416.0,219124.0,25613.0,4896126.0,192103.0,25487.0,6914973.0,343226.0,20147.0,5353909.0,270919.0,19762.0,5972365.0,232750.0,25660.0,5655561.0,221457.0,25538.0,8443291.0,330345.0,25559.0,7093613.0,278443.0,25476.0,6403868.0,261031.0,24533.0,5420361.0,220942.0,24533.0,0.0,0.0,7212.0,6661.25,0.0,0.0,0.0,0.0,0.0,0.0,0.0,0.0,0.0,0.0,0.0,0.0,3726.25,1915.75,0.0,0.0,0.0,0.0,237.0,1173.75,0.0,0.0,0.0,0.0,0.0,0.0,0.0,0.0,0.0,0.0,0.0,0.0,1096.25,1108.25,0.0,0.0,0.0,0.0,42.25,459.5,0.0,0.0,0.0,0.0,0.0,0.0,0.0,0.0,0.0,0.0,0.0,0.0,616.25,1271.75,0.0,0.0,0.0,0.0,2.25,83.75,0.0,0.0,0.0,0.0,0.0,0.0,0.0,0.0,0.0,0.0,0.0,0.0,84.25,318.25,0.0,0.0,,,,,,,,,,,,,,,,,,,,,,,,,,,,,,,,,,,,,,,,,,,,,,,,,,,,,,,,,,,,,,,,,,,,,,,,,,,,,,,,,,,,,,,,,,,,,,,,,,,,,,,,,,,,,,,,,,,,,,,,,,,,,,,,,,,,,,,,,,,,,,,,,,,,,,,,,,,,,,,,,,,,,,,,,,,,,,,,,,,,,,,,,,,,,,,,,,,,,,,,
Vesterbro/Kongens Enghave,2016,286.0,290.0,291.0,305.0,339.0,324.0,193.0,179.0,,,,,0.0,0.0,143.0,133.0,35.0,37.0,48.0,55.0,48.0,30.0,,,,,7.0,9.0,66.0,52.0,55.0,47.0,418.0,512.0,815.0,767.0,617.0,510.0,491.0,390.0,443.0,406.0,44.0,63.0,40.0,42.0,929.0,1036.0,943.0,858.0,568.0,324.0,326.0,164.0,223.0,213.0,3328.0,3171.0,1542.0,1578.0,5324.0,6444.0,5407.0,5166.0,4062.0,3298.0,2263.0,1924.0,2424.0,2752.0,2417.0,1502.0,904.0,493.0,552.0,778.0,571.0,344.0,188.0,178.0,277.0,186.0,131.0,90.0,131.0,169.0,95.0,70.0,34.0,47.0,480.0,288.0,180.0,87.0,113.0,713.0,362.0,179.0,94.0,83.0,6001075.0,224844.0,26690.0,5211116.0,197458.0,26391.0,7493971.0,352260.0,21274.0,5776315.0,278216.0,20762.0,6389127.0,238891.0,26745.0,6040061.0,228461.0,26438.0,9025851.0,339075.0,26619.0,7537222.0,285728.0,26379.0,6880053.0,271189.0,25370.0,5763160.0,227622.0,25319.0,0.0,0.0,7215.5,6743.0,0.0,0.0,0.0,0.0,0.0,0.0,0.0,0.0,0.0,0.0,0.0,0.0,3915.5,1945.0,0.0,0.0,0.0,0.0,253.75,1209.0,0.0,0.0,0.0,0.0,0.0,0.0,0.0,0.0,0.0,0.0,0.0,0.0,1175.25,1104.5,0.0,0.0,0.0,0.0,52.75,492.5,0.0,0.0,0.0,0.0,0.0,0.0,0.0,0.0,0.0,0.0,0.0,0.0,621.0,1323.0,0.0,0.0,0.0,0.0,5.5,89.0,0.0,0.0,0.0,0.0,0.0,0.0,0.0,0.0,0.0,0.0,0.0,0.0,88.0,317.0,0.0,0.0,,,,,,,,,,,,,,,,,,,,,,,,,,,,,,,,,,,,,,,,,,,,,,,,,,,,,,,,,,,,,,,,,,,,,,,,,,,,,,,,,,,,,,,,,,,,,,,,,,,,,,,,,,,,,,,,,,,,,,,,,,,,,,,,,,,,,,,,,,,,,,,,,,,,,,,,,,,,,,,,,,,,,,,,,,,,,,,,,,,,,,,,,,,,,,,,,,,,,,,,
Vesterbro/Kongens Enghave,2017,292.0,296.0,285.0,285.0,358.0,370.0,201.0,199.0,,,,,0.0,,155.0,157.0,41.0,35.0,43.0,57.0,40.0,34.0,,,,,7.0,,70.0,61.0,44.0,59.0,409.0,484.0,842.0,825.0,593.0,514.0,503.0,409.0,470.0,430.0,50.0,60.0,35.0,53.0,1048.0,1121.0,1019.0,940.0,637.0,350.0,373.0,155.0,224.0,219.0,3430.0,3182.0,1641.0,1707.0,5650.0,6689.0,5360.0,5149.0,4141.0,3402.0,2438.0,2093.0,2490.0,2757.0,2561.0,1500.0,905.0,552.0,568.0,990.0,609.0,341.0,187.0,212.0,239.0,174.0,121.0,100.0,126.0,154.0,103.0,54.0,41.0,39.0,501.0,252.0,161.0,104.0,106.0,677.0,362.0,228.0,120.0,85.0,6494519.0,233532.0,27810.0,5605058.0,203791.0,27504.0,8178778.0,366696.0,22304.0,6270945.0,287658.0,21800.0,6910687.0,248042.0,27861.0,6542563.0,237376.0,27562.0,9779007.0,352600.0,27734.0,8099950.0,294640.0,27491.0,7431264.0,283085.0,26251.0,6177245.0,234841.0,26304.0,0.0,0.0,7281.25,6781.5,0.0,0.0,0.0,0.0,0.0,0.0,0.0,0.0,0.0,0.0,0.0,0.0,4047.75,2005.75,0.0,0.0,0.0,0.0,271.25,1235.25,0.0,0.0,0.0,0.0,0.0,0.0,0.0,0.0,0.0,0.0,0.0,0.0,1220.5,1194.0,0.0,0.0,0.0,0.0,56.75,508.0,0.0,0.0,0.0,0.0,0.0,0.0,0.0,0.0,0.0,0.0,0.0,0.0,648.75,1387.75,0.0,0.0,0.0,0.0,5.0,93.5,0.0,0.0,0.0,0.0,0.0,0.0,0.0,0.0,0.0,0.0,0.0,0.0,88.5,322.25,0.0,0.0,,,,,,,,,,,,,,,,,,,,,,,,,,,,,,,,,,,,,,,,,,,,,,,,,,,,,,,,,,,,,,,,,,,,,,,,,,,,,,,,,,,,,,,,,,,,,,,,,,,,,,,,,,,,,,,,,,,,,,,,,,,,,,,,,,,,,,,,,,,,,,,,,,,,,,,,,,,,,,,,,,,,,,,,,,,,,,,,,,,,,,,,,,,,,,,,,,,,,,,,
Vesterbro/Kongens Enghave,2018,303.0,290.0,281.0,264.0,390.0,381.0,217.0,198.0,,,,,0.0,,153.0,157.0,37.0,42.0,51.0,57.0,33.0,38.0,,,,,9.0,,94.0,76.0,62.0,57.0,423.0,490.0,901.0,858.0,580.0,546.0,529.0,418.0,487.0,465.0,49.0,62.0,47.0,56.0,1210.0,1338.0,1114.0,994.0,601.0,390.0,395.0,165.0,233.0,236.0,3467.0,3296.0,1786.0,1835.0,5945.0,6857.0,5350.0,5232.0,4208.0,3554.0,2624.0,2267.0,2607.0,2833.0,2292.0,1471.0,948.0,491.0,484.0,867.0,585.0,383.0,180.0,180.0,226.0,152.0,95.0,75.0,92.0,157.0,109.0,61.0,36.0,29.0,432.0,244.0,150.0,103.0,79.0,610.0,381.0,259.0,97.0,104.0,6999350.0,244365.0,28643.0,6030426.0,213052.0,28305.0,8862070.0,384922.0,23023.0,6832920.0,302021.0,22624.0,7477390.0,260436.0,28711.0,7054980.0,248616.0,28377.0,10500001.0,367480.0,28573.0,8677919.0,306781.0,28287.0,7804299.0,289886.0,26922.0,6490328.0,240133.0,27028.0,0.0,0.0,7330.25,6926.5,0.0,0.0,0.0,0.0,0.0,0.0,0.0,0.0,0.0,0.0,0.0,0.0,4233.5,2137.5,0.0,0.0,0.0,0.0,295.0,1260.5,0.0,0.0,0.0,0.0,0.0,0.0,0.0,0.0,0.0,0.0,0.0,0.0,1289.0,1271.5,0.0,0.0,0.0,0.0,54.0,546.0,0.0,0.0,0.0,0.0,0.0,0.0,0.0,0.0,0.0,0.0,0.0,0.0,668.25,1457.0,0.0,0.0,0.0,0.0,3.25,101.25,0.0,0.0,0.0,0.0,0.0,0.0,0.0,0.0,0.0,0.0,0.0,0.0,85.75,315.75,0.0,0.0,,,,,,,,,,,,,,,,,,,,,,,,,,,,,,,,,,,,,,,,,,,,,,,,,,,,,,,,,,,,,,,,,,,,,,,,,,,,,,,,,,,,,,,,,,,,,,,,,,,,,,,,,,,,,,,,,,,,,,,,,,,,,,,,,,,,,,,,,,,,,,,,,,,,,,,,,,,,,,,,,,,,,,,,,,,,,,,,,,,,,,,,,,,,,,,,,,,,,,,,
Vesterbro/Kongens Enghave,2019,304.0,290.0,301.0,260.0,406.0,400.0,218.0,209.0,,,,,0.0,,161.0,163.0,42.0,51.0,48.0,53.0,33.0,43.0,,,,,10.0,,96.0,85.0,57.0,60.0,443.0,500.0,875.0,888.0,603.0,575.0,547.0,424.0,498.0,499.0,59.0,72.0,53.0,59.0,1257.0,1456.0,1232.0,1070.0,606.0,443.0,407.0,174.0,231.0,228.0,3544.0,3305.0,1890.0,1972.0,6013.0,6817.0,5389.0,5313.0,4296.0,3647.0,2777.0,2444.0,2706.0,2915.0,2178.0,1544.0,915.0,519.0,505.0,817.0,637.0,394.0,208.0,205.0,197.0,147.0,79.0,76.0,91.0,139.0,100.0,60.0,45.0,36.0,368.0,261.0,134.0,80.0,83.0,657.0,399.0,248.0,110.0,90.0,7520087.0,253381.0,29679.0,6518015.0,221362.0,29445.0,9555858.0,394886.0,24199.0,7428291.0,311943.0,23813.0,9309585.0,312980.0,29745.0,8949534.0,303292.0,29508.0,11307215.0,381678.0,29625.0,9399658.0,319325.0,29436.0,8429934.0,300297.0,28072.0,6986835.0,247707.0,28206.0,0.0,0.0,7356.25,7061.25,0.0,0.0,0.0,0.0,0.0,0.0,0.0,0.0,0.0,0.0,0.0,0.0,4326.5,2264.25,0.0,0.0,0.0,0.0,295.0,1326.0,0.0,0.0,0.0,0.0,0.0,0.0,0.0,0.0,0.0,0.0,0.0,0.0,1354.25,1326.5,0.0,0.0,0.0,0.0,53.0,571.75,0.0,0.0,0.0,0.0,0.0,0.0,0.0,0.0,0.0,0.0,0.0,0.0,700.5,1490.75,0.0,0.0,0.0,0.0,5.75,106.0,0.0,0.0,0.0,0.0,0.0,0.0,0.0,0.0,0.0,0.0,0.0,0.0,95.0,341.75,0.0,0.0,,,,,,,,,,,,,,,,,,,,,,,,,,,,,,,,,,,,,,,,,,,,,,,,,,,,,,,,,,,,,,,,,,,,,,,,,,,,,,,,,,,,,,,,,,,,,,,,,,,,,,,,,,,,,,,,,,,,,,,,,,,,,,,,,,,,,,,,,,,,,,,,,,,,,,,,,,,,,,,,,,,,,,,,,,,,,,,,,,,,,,,,,,,,,,,,,,,,,,,,
Vesterbro/Kongens Enghave,2020,308.0,299.0,296.0,269.0,399.0,405.0,227.0,215.0,,,,,0.0,,185.0,186.0,47.0,61.0,50.0,70.0,44.0,47.0,,,,,13.0,,104.0,84.0,61.0,72.0,488.0,566.0,975.0,988.0,613.0,597.0,561.0,441.0,544.0,524.0,76.0,90.0,58.0,68.0,1347.0,1521.0,1365.0,1247.0,660.0,478.0,403.0,197.0,254.0,234.0,3663.0,3363.0,2038.0,2128.0,6194.0,7036.0,5414.0,5366.0,4385.0,3764.0,2951.0,2580.0,2793.0,2980.0,2391.0,1605.0,1224.0,791.0,878.0,848.0,634.0,458.0,286.0,350.0,234.0,167.0,130.0,107.0,146.0,177.0,120.0,99.0,60.0,65.0,469.0,275.0,205.0,147.0,141.0,663.0,409.0,332.0,191.0,176.0,8234693.0,270682.0,30422.0,7089786.0,232650.0,30474.0,10424724.0,422259.0,24688.0,8112645.0,332854.0,24373.0,8746270.0,286472.0,30531.0,8406106.0,274898.0,30579.0,12409694.0,408254.0,30397.0,10235485.0,335964.0,30466.0,9194661.0,318209.0,28895.0,7624430.0,261738.0,29130.0,0.0,0.0,7522.75,7324.5,0.0,0.0,0.0,0.0,0.0,0.0,0.0,0.0,0.0,0.0,0.0,0.0,4544.75,2331.5,0.0,0.0,0.0,0.0,312.75,1368.0,0.0,0.0,0.0,0.0,0.0,0.0,0.0,0.0,0.0,0.0,0.0,0.0,1438.25,1406.0,0.0,0.0,0.0,0.0,60.5,604.25,0.0,0.0,0.0,0.0,0.0,0.0,0.0,0.0,0.0,0.0,0.0,0.0,724.0,1601.25,0.0,0.0,0.0,0.0,5.5,102.5,0.0,0.0,0.0,0.0,0.0,0.0,0.0,0.0,0.0,0.0,0.0,0.0,118.0,356.75,0.0,0.0,,,,,,,,,,,,,,,,,,,,,,,,,,,,,,,,,,,,,,,,,,,,,,,,,,,,,,,,,,,,,,,,,,,,,,,,,,,,,,,,,,,,,,,,,,,,,,,,,,,,,,,,,,,,,,,,,,,,,,,,,,,,,,,,,,,,,,,,,,,,,,,,,,,,,,,,,,,,,,,,,,,,,,,,,,,,,,,,,,,,,,,,,,,,,,,,,,,,,,,,
Vesterbro/Kongens Enghave,2021,306.0,310.0,286.0,236.0,433.0,464.0,252.0,239.0,125.0,106.0,,,,,200.0,200.0,49.0,59.0,50.0,80.0,41.0,46.0,33.0,21.0,,,,,110.0,82.0,75.0,74.0,508.0,586.0,1053.0,1058.0,585.0,627.0,591.0,446.0,565.0,572.0,78.0,86.0,69.0,74.0,1289.0,1502.0,1417.0,1321.0,688.0,547.0,416.0,212.0,267.0,250.0,3635.0,3322.0,2188.0,2263.0,6417.0,7302.0,5336.0,5280.0,4367.0,3821.0,3155.0,2752.0,2883.0,3081.0,2305.0,1614.0,1082.0,681.0,694.0,956.0,635.0,399.0,228.0,240.0,197.0,173.0,125.0,93.0,122.0,146.0,127.0,82.0,71.0,59.0,372.0,267.0,182.0,115.0,137.0,634.0,412.0,294.0,174.0,136.0,9282950.0,293402.0,31639.0,7840803.0,248135.0,31599.0,11645974.0,439404.0,26504.0,9066352.0,349001.0,25978.0,9864005.0,310121.0,31807.0,9392625.0,295831.0,31750.0,14034655.0,444022.0,31608.0,11360104.0,359554.0,31595.0,10231039.0,340955.0,30007.0,8404190.0,278414.0,30186.0,0.0,0.0,7844.25,7642.5,0.0,0.0,0.0,0.0,0.0,0.0,0.0,0.0,0.0,0.0,0.0,0.0,4842.25,2436.5,0.0,0.0,0.0,0.0,337.5,1381.5,0.0,0.0,0.0,0.0,0.0,0.0,0.0,0.0,0.0,0.0,0.0,0.0,1446.0,1452.0,0.0,0.0,0.0,0.0,56.75,624.25,0.0,0.0,0.0,0.0,0.0,0.0,0.0,0.0,0.0,0.0,0.0,0.0,746.75,1656.5,0.0,0.0,0.0,0.0,6.0,95.5,0.0,0.0,0.0,0.0,0.0,0.0,0.0,0.0,0.0,0.0,0.0,0.0,113.0,371.25,0.0,0.0,,,,,,,,,,,,,,,,,,,,,,,,,,,,,,,,,,,,,,,,,,,,,,,,,,,,,,,,,,,,,,,,,,,,,,,,,,,,,,,,,,,,,,,,,,,,,,,,,,,,,,,,,,,,,,,,,,,,,,,,,,,,,,,,,,,,,,,,,,,,,,,,,,,,,,,,,,,,,,,,,,,,,,,,,,,,,,,,,,,,,,,,,,,,,,,,,,,,,,,,
Vesterbro/Kongens Enghave,2022,312.0,327.0,258.0,238.0,433.0,472.0,268.0,267.0,149.0,120.0,,,,,221.0,218.0,62.0,65.0,62.0,74.0,46.0,46.0,36.0,26.0,,,,,111.0,87.0,90.0,84.0,491.0,591.0,1128.0,1137.0,609.0,691.0,570.0,461.0,595.0,600.0,85.0,98.0,80.0,77.0,1340.0,1598.0,1577.0,1454.0,772.0,601.0,470.0,241.0,264.0,261.0,3628.0,3305.0,2329.0,2395.0,6798.0,7459.0,5466.0,5315.0,4197.0,3860.0,3455.0,2921.0,3010.0,3205.0,2590.0,1482.0,801.0,439.0,322.0,1087.0,613.0,303.0,142.0,104.0,220.0,147.0,93.0,63.0,51.0,168.0,108.0,60.0,42.0,38.0,429.0,231.0,117.0,74.0,52.0,686.0,383.0,228.0,118.0,77.0,9616906.0,295323.0,32564.0,8097278.0,248650.0,32565.0,12615850.0,460130.0,27418.0,9785809.0,361888.0,27041.0,10205499.0,312544.0,32653.0,9739294.0,298239.0,32656.0,14564603.0,447536.0,32544.0,11825768.0,363210.0,32559.0,10659609.0,346474.0,30766.0,8743487.0,281286.0,31084.0,0.0,0.0,8146.5,7953.25,0.0,0.0,0.0,0.0,0.0,0.0,0.0,0.0,0.0,0.0,0.0,0.0,4891.0,2598.0,0.0,0.0,0.0,0.0,343.75,1409.5,0.0,0.0,0.0,0.0,0.0,0.0,0.0,0.0,0.0,0.0,0.0,0.0,1526.25,1534.0,0.0,0.0,0.0,0.0,70.0,634.25,0.0,0.0,0.0,0.0,0.0,0.0,0.0,0.0,0.0,0.0,0.0,0.0,765.0,1707.5,0.0,0.0,0.0,0.0,9.75,102.75,0.0,0.0,0.0,0.0,0.0,0.0,0.0,0.0,0.0,0.0,0.0,0.0,104.25,388.75,0.0,0.0,,,,,,,,,,,,,,,,,,,,,,,,,,,,,,,,,,,,,,,,,,,,,,,,,,,,,,,,,,,,,,,,,,,,,,,,,,,,,,,,,,,,,,,,,,,,,,,,,,,,,,,,,,,,,,,,,,,,,,,,,,,,,,,,,,,,,,,,,,,,,,,,,,,,,,,,,,,,,,,,,,,,,,,,,,,,,,,,,,,,,,,,,,,,,,,,,,,,,,,,
Vesterbro/Kongens Enghave,2023,304.0,329.0,251.0,232.0,439.0,472.0,280.0,289.0,168.0,127.0,,,,,219.0,231.0,71.0,78.0,69.0,78.0,54.0,50.0,37.0,28.0,,,,,111.0,113.0,125.0,104.0,501.0,622.0,1255.0,1319.0,677.0,759.0,558.0,494.0,633.0,641.0,97.0,106.0,88.0,90.0,1455.0,1761.0,1739.0,1644.0,799.0,642.0,476.0,256.0,289.0,280.0,3640.0,3391.0,2366.0,2427.0,6670.0,7416.0,5648.0,5487.0,4025.0,3742.0,3704.0,3124.0,3161.0,3313.0,2480.0,1538.0,916.0,453.0,370.0,985.0,626.0,373.0,187.0,131.0,235.0,142.0,71.0,58.0,40.0,138.0,103.0,75.0,49.0,33.0,422.0,225.0,151.0,56.0,66.0,700.0,442.0,246.0,103.0,100.0,10310315.0,315300.0,32700.0,8625003.0,261205.0,33020.0,13348822.0,479260.0,27853.0,10506666.0,380112.0,27641.0,10940821.0,333531.0,32803.0,10475916.0,315796.0,33173.0,15872730.0,486580.0,32621.0,12832015.0,389132.0,32976.0,11232540.0,355213.0,31622.0,9285760.0,288369.0,32201.0,0.0,0.0,8497.5,8199.25,0.0,0.0,0.0,0.0,0.0,0.0,0.0,0.0,0.0,0.0,0.0,0.0,4994.25,2738.0,0.0,0.0,0.0,0.0,367.75,1442.75,0.0,0.0,0.0,0.0,0.0,0.0,0.0,0.0,0.0,0.0,0.0,0.0,1523.0,1652.0,0.0,0.0,0.0,0.0,81.75,644.0,0.0,0.0,0.0,0.0,0.0,0.0,0.0,0.0,0.0,0.0,0.0,0.0,794.25,1779.25,0.0,0.0,0.0,0.0,9.0,108.25,0.0,0.0,0.0,0.0,0.0,0.0,0.0,0.0,0.0,0.0,0.0,0.0,108.25,395.25,0.0,0.0,,,,,,,,,,,,,,,,,,,,,,,,,,,,,,,,,,,,,,,,,,,,,,,,,,,,,,,,,,,,,,,,,,,,,,,,,,,,,,,,,,,,,,,,,,,,,,,,,,,,,,,,,,,,,,,,,,,,,,,,,,,,,,,,,,,,,,,,,,,,,,,,,,,,,,,,,,,,,,,,,,,,,,,,,,,,,,,,,,,,,,,,,,,,,,,,,,,,,,,,
Vesterbro/Kongens Enghave,2024,300.0,316.0,240.0,243.0,445.0,452.0,304.0,288.0,166.0,144.0,,,,,246.0,241.0,74.0,75.0,67.0,86.0,58.0,50.0,37.0,28.0,,,,,147.0,142.0,172.0,165.0,577.0,669.0,1277.0,1428.0,768.0,867.0,556.0,557.0,670.0,692.0,101.0,103.0,91.0,96.0,1421.0,1764.0,1856.0,1729.0,854.0,696.0,481.0,312.0,314.0,281.0,3619.0,3345.0,2406.0,2409.0,6599.0,7410.0,5687.0,5472.0,3794.0,3668.0,3794.0,3208.0,3293.0,3455.0,,,,,,,,,,,,,,,,,,,,,,,,,,,,,,,11370875.0,337405.0,33701.0,9457149.0,275189.0,34366.0,14401797.0,500619.0,28768.0,11398381.0,397447.0,28679.0,12058904.0,356962.0,33782.0,11496824.0,333280.0,34496.0,17296601.0,514137.0,33642.0,13938307.0,406021.0,34329.0,12173248.0,372533.0,32677.0,10148162.0,302137.0,33588.0,0.0,0.0,8645.0,8472.0,0.0,0.0,0.0,0.0,0.0,0.0,0.0,0.0,0.0,0.0,0.0,0.0,5147.75,2867.5,0.0,0.0,0.0,0.0,379.75,1469.25,0.0,0.0,0.0,0.0,0.0,0.0,0.0,0.0,0.0,0.0,0.0,0.0,1425.5,1699.5,0.0,0.0,0.0,0.0,85.0,641.25,0.0,0.0,0.0,0.0,0.0,0.0,0.0,0.0,0.0,0.0,0.0,0.0,810.75,1890.0,0.0,0.0,0.0,0.0,10.0,111.75,0.0,0.0,0.0,0.0,0.0,0.0,0.0,0.0,0.0,0.0,0.0,0.0,103.0,395.0,0.0,0.0,,,,,,,,,,,,,,,,,,,,,,,,,,,,,,,,,,,,,,,,,,,,,,,,,,,,,,,,,,,,,,,,,,,,,,,,,,,,,,,,,,,,,,,,,,,,,,,,,,,,,,,,,,,,,,,,,,,,,,,,,,,,,,,,,,,,,,,,,,,,,,,,,,,,,,,,,,,,,,,,,,,,,,,,,,,,,,,,,,,,,,,,,,,,,,,,,,,,,,,,
Vesterbro/Kongens Enghave,2025,288.0,306.0,233.0,242.0,437.0,436.0,320.0,293.0,168.0,153.0,,,,,261.0,288.0,69.0,75.0,59.0,82.0,62.0,53.0,35.0,26.0,,,,,141.0,157.0,213.0,183.0,562.0,615.0,1290.0,1503.0,833.0,933.0,576.0,589.0,726.0,739.0,105.0,88.0,84.0,93.0,1389.0,1669.0,1940.0,1881.0,905.0,734.0,497.0,343.0,316.0,275.0,3597.0,3367.0,2444.0,2485.0,6278.0,7086.0,5784.0,5604.0,3656.0,3550.0,3927.0,3378.0,3438.0,3638.0,,,,,,,,,,,,,,,,,,,,,,,,,,,,,,,,,,,,,,,,,,,,,,,,,,,,,,,,,,,,,,,,,,,,,,,,,,,,,,,,,,,,,,,,,,,,,,,,,,,,,,,,,,,,,,,,,,,,,,,,,,,,,,,,,,,,,,,,,,,,,,,,,,,,,,,,,,,,,,,,,,,,,,,,,,,,,,,,,,,,,,,,,,,,,,,,,,,,,,,,,,,,,,,,,,,,,,,,,,,,,,,,,,,,,,,,,,,,,,,,,,,,,,,,,,,,,,,,,,,,,,,,,,,,,,,,,,,,,,,,,,,,,,,,,,,,,,,,,,,,,,,,,,,,,,,,,,,,,,,,,,,,,,,,,,,,,,,,,,,,
Vesterbro/Kongens Enghave,2026,,,,,,,,,,,,,,,,,,,,,,,,,,,,,,,,,,,,,,,,,,,,,,,,,,,,,,,,,,,,,,,,,,,,,,,,,,,,,,,,,,,,,,,,,,,,,,,,,,,,,,,,,,,,,,,,,,,,,,,,,,,,,,,,,,,,,,,,,,,,,,,,,,,,,,,,,,,,,,,,,,,,,,,,,,,,,,,,,,,,,,,,,,,,,,,,,,,,,,,,,,,,,,,,,,,694.0,584.0,319.0,325.0,314.0,326.0,294.0,318.0,295.0,315.0,358.0,326.0,509.0,336.0,535.0,726.0,848.0,971.0,1038.0,1049.0,1163.0,1194.0,1171.0,476.0,1268.0,1147.0,1152.0,1075.0,1029.0,977.0,902.0,849.0,781.0,696.0,466.0,656.0,617.0,573.0,564.0,537.0,566.0,561.0,563.0,523.0,563.0,377.0,559.0,584.0,568.0,603.0,545.0,534.0,455.0,489.0,455.0,458.0,400.0,445.0,374.0,374.0,309.0,289.0,253.0,252.0,240.0,250.0,198.0,338.0,171.0,141.0,158.0,157.0,157.0,117.0,122.0,118.0,127.0,100.0,343.0,113.0,79.0,59.0,78.0,39.0,40.0,31.0,19.0,13.0,10.0,316.0,7.0,5.0,5.0,0.0,1.0,4.0,0.0,0.0,0.0,0.0,706.0,583.0,319.0,305.0,292.0,300.0,289.0,304.0,332.0,346.0,302.0,356.0,468.0,407.0,580.0,911.0,1050.0,1126.0,1238.0,1156.0,1266.0,1217.0,1295.0,420.0,1221.0,1243.0,1086.0,1102.0,1019.0,935.0,919.0,788.0,690.0,673.0,441.0,672.0,575.0,531.0,558.0,541.0,563.0,558.0,504.0,505.0,510.0,355.0,571.0,570.0,534.0,488.0,468.0,438.0,424.0,387.0,375.0,384.0,364.0,374.0,322.0,315.0,272.0,280.0,252.0,241.0,228.0,207.0,208.0,339.0,176.0,175.0,186.0,148.0,181.0,151.0,146.0,163.0,120.0,139.0,316.0,98.0,101.0,94.0,57.0,54.0,57.0,44.0,43.0,23.0,24.0,321.0,21.0,5.0,14.0,14.0,8.0,8.0,3.0,1.0,2.0,6.0
Vesterbro/Kongens Enghave,2027,,,,,,,,,,,,,,,,,,,,,,,,,,,,,,,,,,,,,,,,,,,,,,,,,,,,,,,,,,,,,,,,,,,,,,,,,,,,,,,,,,,,,,,,,,,,,,,,,,,,,,,,,,,,,,,,,,,,,,,,,,,,,,,,,,,,,,,,,,,,,,,,,,,,,,,,,,,,,,,,,,,,,,,,,,,,,,,,,,,,,,,,,,,,,,,,,,,,,,,,,,,,,,,,,,,739.0,617.0,316.0,312.0,322.0,314.0,328.0,299.0,323.0,308.0,325.0,385.0,515.0,386.0,500.0,736.0,854.0,928.0,1044.0,1096.0,1141.0,1214.0,1200.0,454.0,1175.0,1228.0,1107.0,1117.0,1025.0,977.0,916.0,843.0,814.0,747.0,433.0,671.0,631.0,598.0,557.0,559.0,522.0,555.0,560.0,555.0,520.0,426.0,561.0,575.0,588.0,574.0,607.0,535.0,529.0,449.0,478.0,453.0,353.0,453.0,439.0,371.0,371.0,303.0,279.0,251.0,246.0,236.0,241.0,385.0,188.0,166.0,141.0,157.0,150.0,151.0,113.0,117.0,111.0,119.0,333.0,97.0,106.0,74.0,58.0,72.0,36.0,35.0,28.0,18.0,13.0,342.0,7.0,5.0,4.0,2.0,0.0,1.0,2.0,0.0,0.0,0.0,697.0,617.0,324.0,321.0,302.0,294.0,303.0,299.0,308.0,346.0,363.0,339.0,511.0,454.0,600.0,858.0,1022.0,1143.0,1203.0,1277.0,1210.0,1271.0,1233.0,415.0,1269.0,1177.0,1166.0,1035.0,1039.0,958.0,902.0,868.0,765.0,661.0,386.0,648.0,649.0,563.0,533.0,551.0,526.0,564.0,555.0,508.0,519.0,406.0,513.0,570.0,573.0,534.0,496.0,468.0,433.0,422.0,387.0,379.0,342.0,388.0,366.0,319.0,306.0,273.0,279.0,248.0,246.0,225.0,204.0,358.0,206.0,172.0,175.0,183.0,146.0,175.0,151.0,143.0,155.0,118.0,330.0,136.0,96.0,98.0,92.0,56.0,53.0,57.0,44.0,44.0,26.0,316.0,24.0,18.0,8.0,13.0,14.0,8.0,8.0,4.0,2.0,6.0
Vesterbro/Kongens Enghave,2028,,,,,,,,,,,,,,,,,,,,,,,,,,,,,,,,,,,,,,,,,,,,,,,,,,,,,,,,,,,,,,,,,,,,,,,,,,,,,,,,,,,,,,,,,,,,,,,,,,,,,,,,,,,,,,,,,,,,,,,,,,,,,,,,,,,,,,,,,,,,,,,,,,,,,,,,,,,,,,,,,,,,,,,,,,,,,,,,,,,,,,,,,,,,,,,,,,,,,,,,,,,,,,,,,,,740.0,651.0,335.0,305.0,305.0,316.0,310.0,324.0,300.0,325.0,311.0,348.0,538.0,431.0,531.0,695.0,878.0,914.0,995.0,1092.0,1165.0,1177.0,1208.0,454.0,1184.0,1142.0,1164.0,1076.0,1047.0,969.0,908.0,850.0,804.0,771.0,408.0,705.0,641.0,603.0,571.0,544.0,536.0,509.0,545.0,546.0,544.0,394.0,513.0,565.0,574.0,589.0,573.0,591.0,526.0,513.0,438.0,471.0,392.0,443.0,443.0,430.0,364.0,359.0,290.0,273.0,243.0,240.0,226.0,339.0,227.0,180.0,162.0,138.0,147.0,142.0,142.0,108.0,109.0,102.0,370.0,115.0,91.0,97.0,72.0,54.0,64.0,31.0,30.0,25.0,15.0,328.0,10.0,5.0,3.0,2.0,2.0,0.0,1.0,1.0,0.0,0.0,698.0,607.0,315.0,321.0,313.0,298.0,292.0,305.0,298.0,318.0,358.0,383.0,535.0,437.0,647.0,881.0,979.0,1114.0,1201.0,1233.0,1295.0,1222.0,1264.0,445.0,1208.0,1196.0,1105.0,1098.0,977.0,968.0,908.0,846.0,824.0,721.0,377.0,628.0,618.0,620.0,554.0,518.0,529.0,516.0,554.0,548.0,514.0,354.0,513.0,509.0,568.0,562.0,530.0,492.0,456.0,425.0,412.0,382.0,381.0,378.0,375.0,358.0,308.0,303.0,270.0,271.0,247.0,239.0,218.0,333.0,198.0,197.0,169.0,170.0,178.0,139.0,171.0,146.0,135.0,149.0,343.0,114.0,129.0,92.0,93.0,85.0,52.0,49.0,52.0,41.0,41.0,323.0,21.0,18.0,17.0,6.0,11.0,11.0,7.0,6.0,4.0,5.0
Vesterbro/Kongens Enghave,2029,,,,,,,,,,,,,,,,,,,,,,,,,,,,,,,,,,,,,,,,,,,,,,,,,,,,,,,,,,,,,,,,,,,,,,,,,,,,,,,,,,,,,,,,,,,,,,,,,,,,,,,,,,,,,,,,,,,,,,,,,,,,,,,,,,,,,,,,,,,,,,,,,,,,,,,,,,,,,,,,,,,,,,,,,,,,,,,,,,,,,,,,,,,,,,,,,,,,,,,,,,,,,,,,,,,766.0,666.0,324.0,327.0,303.0,304.0,316.0,312.0,326.0,308.0,331.0,344.0,575.0,414.0,590.0,745.0,871.0,951.0,999.0,1074.0,1185.0,1215.0,1199.0,484.0,1206.0,1168.0,1111.0,1141.0,1031.0,999.0,917.0,857.0,824.0,774.0,417.0,737.0,678.0,621.0,583.0,562.0,528.0,528.0,505.0,537.0,540.0,379.0,541.0,521.0,567.0,582.0,590.0,564.0,581.0,516.0,500.0,435.0,370.0,462.0,437.0,438.0,422.0,355.0,345.0,286.0,267.0,238.0,232.0,381.0,216.0,218.0,177.0,160.0,132.0,141.0,135.0,136.0,101.0,102.0,333.0,99.0,108.0,86.0,95.0,67.0,49.0,56.0,27.0,28.0,24.0,366.0,12.0,7.0,3.0,2.0,2.0,2.0,0.0,0.0,1.0,0.0,722.0,621.0,325.0,317.0,318.0,313.0,300.0,297.0,306.0,311.0,337.0,386.0,539.0,485.0,659.0,942.0,1012.0,1097.0,1192.0,1247.0,1282.0,1316.0,1247.0,475.0,1250.0,1167.0,1134.0,1067.0,1049.0,931.0,929.0,862.0,819.0,784.0,409.0,689.0,610.0,601.0,612.0,545.0,505.0,523.0,514.0,553.0,556.0,352.0,513.0,512.0,514.0,562.0,560.0,528.0,484.0,453.0,418.0,408.0,341.0,382.0,369.0,370.0,348.0,307.0,301.0,264.0,272.0,243.0,235.0,373.0,214.0,192.0,196.0,167.0,167.0,172.0,140.0,167.0,140.0,132.0,324.0,145.0,112.0,125.0,90.0,89.0,81.0,53.0,50.0,52.0,43.0,340.0,38.0,19.0,20.0,15.0,8.0,10.0,11.0,7.0,7.0,7.0
Vesterbro/Kongens Enghave,2030,,,,,,,,,,,,,,,,,,,,,,,,,,,,,,,,,,,,,,,,,,,,,,,,,,,,,,,,,,,,,,,,,,,,,,,,,,,,,,,,,,,,,,,,,,,,,,,,,,,,,,,,,,,,,,,,,,,,,,,,,,,,,,,,,,,,,,,,,,,,,,,,,,,,,,,,,,,,,,,,,,,,,,,,,,,,,,,,,,,,,,,,,,,,,,,,,,,,,,,,,,,,,,,,,,,772.0,681.0,358.0,316.0,322.0,302.0,304.0,317.0,314.0,331.0,314.0,362.0,583.0,423.0,585.0,792.0,907.0,944.0,1022.0,1069.0,1161.0,1221.0,1218.0,510.0,1188.0,1173.0,1126.0,1083.0,1077.0,981.0,935.0,861.0,825.0,788.0,439.0,738.0,706.0,651.0,599.0,571.0,541.0,518.0,520.0,497.0,529.0,384.0,533.0,544.0,520.0,570.0,581.0,577.0,554.0,565.0,502.0,492.0,354.0,425.0,449.0,428.0,428.0,410.0,340.0,336.0,278.0,261.0,229.0,356.0,220.0,206.0,212.0,173.0,151.0,126.0,135.0,129.0,126.0,93.0,369.0,97.0,93.0,99.0,84.0,86.0,60.0,42.0,47.0,25.0,23.0,329.0,16.0,8.0,4.0,2.0,2.0,2.0,1.0,0.0,0.0,1.0,729.0,634.0,338.0,325.0,313.0,317.0,313.0,305.0,298.0,317.0,330.0,372.0,546.0,502.0,709.0,951.0,1055.0,1113.0,1171.0,1226.0,1281.0,1300.0,1315.0,475.0,1226.0,1191.0,1104.0,1082.0,1019.0,989.0,892.0,877.0,828.0,779.0,432.0,743.0,662.0,593.0,594.0,596.0,529.0,500.0,518.0,512.0,561.0,376.0,551.0,509.0,512.0,509.0,559.0,555.0,517.0,478.0,443.0,411.0,334.0,403.0,371.0,364.0,358.0,347.0,304.0,293.0,265.0,267.0,237.0,333.0,228.0,207.0,190.0,190.0,163.0,159.0,169.0,136.0,158.0,134.0,359.0,126.0,138.0,106.0,118.0,83.0,81.0,74.0,47.0,45.0,48.0,320.0,34.0,28.0,17.0,16.0,13.0,6.0,9.0,9.0,7.0,8.0
Vesterbro/Kongens Enghave,2031,,,,,,,,,,,,,,,,,,,,,,,,,,,,,,,,,,,,,,,,,,,,,,,,,,,,,,,,,,,,,,,,,,,,,,,,,,,,,,,,,,,,,,,,,,,,,,,,,,,,,,,,,,,,,,,,,,,,,,,,,,,,,,,,,,,,,,,,,,,,,,,,,,,,,,,,,,,,,,,,,,,,,,,,,,,,,,,,,,,,,,,,,,,,,,,,,,,,,,,,,,,,,,,,,,,786.0,690.0,325.0,347.0,312.0,321.0,304.0,307.0,319.0,319.0,334.0,348.0,599.0,440.0,607.0,801.0,958.0,982.0,1025.0,1094.0,1162.0,1205.0,1228.0,519.0,1208.0,1160.0,1133.0,1099.0,1031.0,1023.0,926.0,878.0,832.0,793.0,463.0,754.0,709.0,678.0,628.0,589.0,552.0,530.0,511.0,511.0,491.0,406.0,522.0,538.0,543.0,525.0,569.0,570.0,568.0,541.0,550.0,495.0,360.0,478.0,416.0,441.0,421.0,416.0,392.0,334.0,326.0,272.0,252.0,342.0,219.0,212.0,202.0,208.0,165.0,145.0,121.0,130.0,121.0,118.0,346.0,91.0,92.0,87.0,97.0,78.0,79.0,52.0,37.0,42.0,22.0,364.0,17.0,11.0,5.0,2.0,2.0,2.0,1.0,1.0,0.0,1.0,743.0,642.0,321.0,339.0,321.0,314.0,319.0,317.0,306.0,308.0,335.0,368.0,560.0,500.0,746.0,1003.0,1073.0,1157.0,1188.0,1214.0,1266.0,1303.0,1306.0,484.0,1286.0,1174.0,1126.0,1061.0,1033.0,967.0,947.0,848.0,844.0,789.0,435.0,742.0,713.0,642.0,588.0,581.0,578.0,524.0,496.0,516.0,522.0,398.0,556.0,546.0,512.0,507.0,509.0,555.0,543.0,510.0,468.0,435.0,357.0,407.0,390.0,365.0,354.0,357.0,343.0,298.0,294.0,261.0,261.0,327.0,232.0,222.0,206.0,187.0,186.0,158.0,158.0,165.0,130.0,152.0,322.0,130.0,122.0,131.0,103.0,110.0,78.0,78.0,71.0,47.0,45.0,353.0,42.0,28.0,28.0,15.0,16.0,12.0,6.0,8.0,9.0,10.0
Vesterbro/Kongens Enghave,2032,,,,,,,,,,,,,,,,,,,,,,,,,,,,,,,,,,,,,,,,,,,,,,,,,,,,,,,,,,,,,,,,,,,,,,,,,,,,,,,,,,,,,,,,,,,,,,,,,,,,,,,,,,,,,,,,,,,,,,,,,,,,,,,,,,,,,,,,,,,,,,,,,,,,,,,,,,,,,,,,,,,,,,,,,,,,,,,,,,,,,,,,,,,,,,,,,,,,,,,,,,,,,,,,,,,801.0,705.0,358.0,318.0,342.0,312.0,323.0,309.0,311.0,324.0,324.0,364.0,609.0,433.0,622.0,830.0,969.0,1033.0,1063.0,1102.0,1189.0,1207.0,1216.0,534.0,1221.0,1178.0,1124.0,1105.0,1046.0,985.0,964.0,875.0,849.0,803.0,473.0,761.0,725.0,684.0,656.0,616.0,571.0,540.0,523.0,503.0,504.0,428.0,486.0,528.0,536.0,547.0,525.0,559.0,562.0,554.0,527.0,541.0,381.0,482.0,465.0,408.0,431.0,409.0,398.0,382.0,324.0,318.0,263.0,349.0,241.0,211.0,207.0,198.0,196.0,158.0,139.0,117.0,122.0,113.0,334.0,113.0,86.0,85.0,85.0,89.0,71.0,67.0,45.0,34.0,36.0,343.0,17.0,11.0,7.0,3.0,2.0,2.0,1.0,1.0,1.0,1.0,757.0,655.0,352.0,323.0,334.0,322.0,317.0,325.0,318.0,318.0,327.0,371.0,569.0,501.0,750.0,1046.0,1116.0,1178.0,1228.0,1229.0,1259.0,1290.0,1308.0,497.0,1281.0,1227.0,1113.0,1081.0,1019.0,980.0,931.0,900.0,823.0,805.0,445.0,752.0,714.0,690.0,636.0,576.0,565.0,570.0,521.0,496.0,525.0,403.0,520.0,550.0,546.0,507.0,506.0,509.0,544.0,535.0,499.0,460.0,378.0,431.0,395.0,383.0,354.0,353.0,354.0,335.0,300.0,289.0,255.0,348.0,255.0,226.0,220.0,201.0,183.0,179.0,157.0,155.0,157.0,126.0,317.0,147.0,126.0,116.0,126.0,96.0,102.0,75.0,73.0,67.0,45.0,319.0,39.0,33.0,27.0,24.0,15.0,14.0,11.0,6.0,9.0,13.0
Vesterbro/Kongens Enghave,2033,,,,,,,,,,,,,,,,,,,,,,,,,,,,,,,,,,,,,,,,,,,,,,,,,,,,,,,,,,,,,,,,,,,,,,,,,,,,,,,,,,,,,,,,,,,,,,,,,,,,,,,,,,,,,,,,,,,,,,,,,,,,,,,,,,,,,,,,,,,,,,,,,,,,,,,,,,,,,,,,,,,,,,,,,,,,,,,,,,,,,,,,,,,,,,,,,,,,,,,,,,,,,,,,,,,818.0,721.0,339.0,350.0,315.0,341.0,315.0,327.0,314.0,318.0,328.0,357.0,624.0,448.0,631.0,848.0,1015.0,1054.0,1120.0,1145.0,1207.0,1237.0,1222.0,545.0,1217.0,1194.0,1145.0,1100.0,1054.0,1001.0,935.0,910.0,849.0,819.0,487.0,773.0,735.0,702.0,665.0,645.0,597.0,561.0,534.0,515.0,498.0,439.0,498.0,493.0,528.0,542.0,547.0,517.0,552.0,550.0,541.0,521.0,403.0,527.0,470.0,455.0,401.0,419.0,392.0,390.0,370.0,318.0,307.0,370.0,252.0,233.0,207.0,204.0,188.0,188.0,151.0,134.0,110.0,114.0,341.0,109.0,107.0,81.0,83.0,79.0,81.0,61.0,59.0,42.0,31.0,332.0,27.0,11.0,7.0,4.0,3.0,3.0,1.0,1.0,1.0,1.0,773.0,670.0,321.0,354.0,321.0,336.0,324.0,324.0,327.0,330.0,337.0,366.0,583.0,508.0,770.0,1058.0,1166.0,1220.0,1257.0,1272.0,1279.0,1293.0,1301.0,508.0,1287.0,1228.0,1163.0,1075.0,1040.0,971.0,944.0,891.0,873.0,790.0,458.0,769.0,725.0,694.0,682.0,622.0,562.0,560.0,565.0,520.0,508.0,414.0,522.0,517.0,551.0,539.0,508.0,505.0,502.0,537.0,523.0,489.0,386.0,456.0,418.0,388.0,371.0,353.0,351.0,346.0,337.0,295.0,284.0,369.0,250.0,249.0,225.0,216.0,197.0,176.0,178.0,154.0,148.0,152.0,337.0,123.0,142.0,120.0,113.0,117.0,91.0,98.0,72.0,70.0,65.0,315.0,40.0,32.0,33.0,23.0,23.0,13.0,13.0,10.0,7.0,14.0
Vesterbro/Kongens Enghave,2034,,,,,,,,,,,,,,,,,,,,,,,,,,,,,,,,,,,,,,,,,,,,,,,,,,,,,,,,,,,,,,,,,,,,,,,,,,,,,,,,,,,,,,,,,,,,,,,,,,,,,,,,,,,,,,,,,,,,,,,,,,,,,,,,,,,,,,,,,,,,,,,,,,,,,,,,,,,,,,,,,,,,,,,,,,,,,,,,,,,,,,,,,,,,,,,,,,,,,,,,,,,,,,,,,,,829.0,734.0,328.0,331.0,345.0,315.0,342.0,319.0,331.0,321.0,323.0,359.0,638.0,442.0,634.0,867.0,1031.0,1097.0,1138.0,1198.0,1245.0,1253.0,1248.0,558.0,1220.0,1189.0,1160.0,1118.0,1047.0,1006.0,947.0,885.0,881.0,821.0,497.0,787.0,747.0,712.0,682.0,654.0,624.0,585.0,554.0,525.0,508.0,451.0,493.0,503.0,494.0,533.0,542.0,538.0,511.0,540.0,537.0,533.0,413.0,509.0,512.0,460.0,444.0,390.0,401.0,384.0,378.0,363.0,307.0,390.0,294.0,243.0,228.0,204.0,194.0,180.0,179.0,146.0,126.0,104.0,361.0,110.0,102.0,99.0,79.0,77.0,72.0,70.0,54.0,53.0,36.0,338.0,23.0,18.0,7.0,4.0,4.0,3.0,1.0,1.0,1.0,1.0,783.0,682.0,316.0,324.0,349.0,323.0,338.0,330.0,327.0,340.0,348.0,374.0,595.0,501.0,770.0,1085.0,1173.0,1266.0,1293.0,1297.0,1317.0,1311.0,1302.0,520.0,1277.0,1230.0,1163.0,1118.0,1033.0,988.0,936.0,900.0,866.0,836.0,468.0,756.0,741.0,704.0,688.0,665.0,605.0,559.0,556.0,562.0,531.0,426.0,506.0,518.0,519.0,544.0,537.0,508.0,497.0,498.0,525.0,512.0,396.0,483.0,442.0,410.0,376.0,369.0,350.0,343.0,348.0,331.0,289.0,378.0,277.0,244.0,247.0,220.0,211.0,190.0,175.0,174.0,147.0,143.0,357.0,147.0,119.0,135.0,116.0,105.0,109.0,86.0,91.0,68.0,67.0,333.0,55.0,32.0,32.0,28.0,22.0,19.0,12.0,11.0,10.0,14.0
Vesterbro/Kongens Enghave,2035,,,,,,,,,,,,,,,,,,,,,,,,,,,,,,,,,,,,,,,,,,,,,,,,,,,,,,,,,,,,,,,,,,,,,,,,,,,,,,,,,,,,,,,,,,,,,,,,,,,,,,,,,,,,,,,,,,,,,,,,,,,,,,,,,,,,,,,,,,,,,,,,,,,,,,,,,,,,,,,,,,,,,,,,,,,,,,,,,,,,,,,,,,,,,,,,,,,,,,,,,,,,,,,,,,,840.0,745.0,334.0,321.0,327.0,344.0,318.0,345.0,323.0,338.0,328.0,357.0,650.0,441.0,632.0,862.0,1056.0,1106.0,1181.0,1216.0,1298.0,1287.0,1262.0,570.0,1243.0,1191.0,1156.0,1132.0,1062.0,1000.0,952.0,895.0,858.0,850.0,509.0,791.0,760.0,724.0,692.0,671.0,634.0,611.0,577.0,546.0,518.0,461.0,501.0,498.0,502.0,500.0,532.0,532.0,531.0,500.0,526.0,530.0,425.0,520.0,494.0,500.0,450.0,430.0,373.0,390.0,371.0,370.0,350.0,400.0,294.0,282.0,237.0,223.0,194.0,186.0,172.0,172.0,137.0,118.0,380.0,100.0,104.0,95.0,96.0,73.0,69.0,62.0,61.0,49.0,46.0,358.0,27.0,15.0,11.0,4.0,4.0,4.0,1.0,1.0,1.0,1.0,793.0,692.0,333.0,318.0,320.0,350.0,325.0,343.0,333.0,341.0,359.0,384.0,606.0,507.0,763.0,1075.0,1198.0,1269.0,1336.0,1328.0,1343.0,1350.0,1318.0,530.0,1278.0,1221.0,1163.0,1118.0,1072.0,982.0,951.0,894.0,874.0,831.0,479.0,799.0,730.0,720.0,697.0,672.0,646.0,599.0,555.0,554.0,571.0,435.0,528.0,503.0,518.0,513.0,541.0,535.0,499.0,491.0,487.0,514.0,407.0,505.0,467.0,433.0,397.0,373.0,364.0,341.0,345.0,341.0,324.0,388.0,282.0,270.0,242.0,241.0,215.0,202.0,188.0,171.0,165.0,142.0,366.0,138.0,141.0,113.0,129.0,107.0,96.0,101.0,79.0,83.0,64.0,352.0,55.0,42.0,32.0,27.0,25.0,18.0,17.0,10.0,11.0,15.0
Vesterbro/Kongens Enghave,2036,,,,,,,,,,,,,,,,,,,,,,,,,,,,,,,,,,,,,,,,,,,,,,,,,,,,,,,,,,,,,,,,,,,,,,,,,,,,,,,,,,,,,,,,,,,,,,,,,,,,,,,,,,,,,,,,,,,,,,,,,,,,,,,,,,,,,,,,,,,,,,,,,,,,,,,,,,,,,,,,,,,,,,,,,,,,,,,,,,,,,,,,,,,,,,,,,,,,,,,,,,,,,,,,,,,849.0,754.0,353.0,327.0,317.0,327.0,346.0,322.0,347.0,330.0,344.0,363.0,659.0,443.0,631.0,871.0,1044.0,1129.0,1184.0,1260.0,1317.0,1338.0,1293.0,580.0,1257.0,1211.0,1159.0,1128.0,1075.0,1013.0,946.0,899.0,867.0,830.0,519.0,817.0,764.0,736.0,704.0,682.0,650.0,621.0,602.0,567.0,539.0,471.0,511.0,506.0,498.0,507.0,500.0,523.0,525.0,518.0,488.0,519.0,433.0,517.0,505.0,484.0,488.0,435.0,410.0,364.0,377.0,364.0,357.0,411.0,334.0,283.0,274.0,232.0,212.0,186.0,178.0,166.0,161.0,127.0,390.0,114.0,95.0,96.0,92.0,89.0,66.0,60.0,54.0,56.0,43.0,377.0,33.0,17.0,10.0,7.0,4.0,4.0,2.0,1.0,1.0,1.0,802.0,700.0,352.0,334.0,315.0,322.0,351.0,332.0,345.0,345.0,361.0,397.0,614.0,519.0,775.0,1069.0,1181.0,1293.0,1339.0,1370.0,1372.0,1378.0,1353.0,540.0,1292.0,1222.0,1154.0,1118.0,1073.0,1016.0,945.0,906.0,869.0,837.0,488.0,796.0,771.0,711.0,712.0,681.0,653.0,638.0,593.0,553.0,564.0,445.0,566.0,523.0,503.0,511.0,512.0,538.0,524.0,494.0,480.0,478.0,416.0,507.0,487.0,457.0,418.0,394.0,368.0,354.0,343.0,339.0,334.0,398.0,315.0,275.0,268.0,237.0,235.0,207.0,200.0,183.0,163.0,160.0,375.0,137.0,133.0,134.0,108.0,118.0,98.0,90.0,92.0,73.0,79.0,362.0,53.0,42.0,42.0,27.0,24.0,20.0,16.0,14.0,10.0,16.0
Vesterbro/Kongens Enghave,2037,,,,,,,,,,,,,,,,,,,,,,,,,,,,,,,,,,,,,,,,,,,,,,,,,,,,,,,,,,,,,,,,,,,,,,,,,,,,,,,,,,,,,,,,,,,,,,,,,,,,,,,,,,,,,,,,,,,,,,,,,,,,,,,,,,,,,,,,,,,,,,,,,,,,,,,,,,,,,,,,,,,,,,,,,,,,,,,,,,,,,,,,,,,,,,,,,,,,,,,,,,,,,,,,,,,857.0,761.0,371.0,345.0,323.0,316.0,328.0,348.0,326.0,353.0,336.0,380.0,665.0,452.0,649.0,872.0,1055.0,1107.0,1205.0,1259.0,1362.0,1354.0,1339.0,587.0,1284.0,1223.0,1178.0,1129.0,1069.0,1023.0,956.0,892.0,870.0,837.0,528.0,798.0,788.0,740.0,715.0,694.0,660.0,636.0,612.0,591.0,558.0,480.0,531.0,515.0,504.0,503.0,506.0,492.0,515.0,512.0,505.0,482.0,443.0,506.0,503.0,494.0,473.0,471.0,415.0,398.0,352.0,369.0,351.0,419.0,341.0,320.0,276.0,268.0,221.0,203.0,178.0,171.0,156.0,150.0,400.0,123.0,107.0,88.0,93.0,85.0,80.0,57.0,52.0,49.0,49.0,386.0,31.0,22.0,11.0,6.0,6.0,4.0,2.0,1.0,1.0,1.0,809.0,706.0,362.0,352.0,329.0,316.0,324.0,356.0,334.0,357.0,364.0,401.0,620.0,539.0,800.0,1083.0,1170.0,1269.0,1361.0,1370.0,1413.0,1406.0,1378.0,546.0,1323.0,1233.0,1154.0,1108.0,1071.0,1016.0,975.0,901.0,879.0,832.0,496.0,800.0,768.0,748.0,704.0,695.0,661.0,646.0,631.0,589.0,564.0,453.0,560.0,558.0,523.0,497.0,508.0,510.0,527.0,516.0,482.0,470.0,425.0,473.0,489.0,475.0,441.0,415.0,388.0,358.0,354.0,336.0,332.0,407.0,325.0,307.0,273.0,262.0,231.0,226.0,204.0,195.0,174.0,157.0,385.0,154.0,132.0,127.0,128.0,100.0,109.0,92.0,82.0,85.0,68.0,370.0,65.0,41.0,42.0,35.0,24.0,20.0,18.0,13.0,14.0,16.0
Vesterbro/Kongens Enghave,2038,,,,,,,,,,,,,,,,,,,,,,,,,,,,,,,,,,,,,,,,,,,,,,,,,,,,,,,,,,,,,,,,,,,,,,,,,,,,,,,,,,,,,,,,,,,,,,,,,,,,,,,,,,,,,,,,,,,,,,,,,,,,,,,,,,,,,,,,,,,,,,,,,,,,,,,,,,,,,,,,,,,,,,,,,,,,,,,,,,,,,,,,,,,,,,,,,,,,,,,,,,,,,,,,,,,864.0,768.0,380.0,362.0,340.0,322.0,317.0,331.0,351.0,332.0,356.0,371.0,671.0,473.0,682.0,906.0,1050.0,1113.0,1174.0,1278.0,1356.0,1396.0,1352.0,593.0,1325.0,1246.0,1189.0,1146.0,1069.0,1017.0,965.0,900.0,863.0,838.0,533.0,804.0,770.0,762.0,719.0,704.0,671.0,647.0,627.0,601.0,581.0,487.0,549.0,536.0,513.0,508.0,502.0,496.0,485.0,503.0,499.0,497.0,451.0,470.0,492.0,492.0,483.0,457.0,449.0,404.0,384.0,345.0,355.0,428.0,336.0,327.0,312.0,269.0,255.0,212.0,194.0,171.0,161.0,145.0,407.0,144.0,116.0,99.0,86.0,86.0,77.0,69.0,50.0,47.0,43.0,395.0,35.0,20.0,14.0,7.0,6.0,6.0,2.0,1.0,1.0,1.0,816.0,712.0,370.0,363.0,347.0,330.0,317.0,330.0,357.0,346.0,375.0,403.0,626.0,555.0,839.0,1115.0,1176.0,1253.0,1332.0,1390.0,1410.0,1447.0,1402.0,551.0,1344.0,1259.0,1163.0,1107.0,1060.0,1013.0,975.0,927.0,873.0,841.0,502.0,795.0,771.0,747.0,740.0,688.0,674.0,653.0,638.0,626.0,599.0,460.0,560.0,553.0,556.0,516.0,495.0,505.0,500.0,518.0,503.0,472.0,432.0,463.0,457.0,477.0,458.0,437.0,409.0,377.0,358.0,346.0,329.0,415.0,323.0,317.0,304.0,267.0,255.0,222.0,223.0,199.0,185.0,168.0,393.0,151.0,148.0,125.0,121.0,118.0,93.0,101.0,84.0,75.0,80.0,380.0,57.0,50.0,42.0,36.0,31.0,20.0,18.0,15.0,13.0,19.0
Vesterbro/Kongens Enghave,2039,,,,,,,,,,,,,,,,,,,,,,,,,,,,,,,,,,,,,,,,,,,,,,,,,,,,,,,,,,,,,,,,,,,,,,,,,,,,,,,,,,,,,,,,,,,,,,,,,,,,,,,,,,,,,,,,,,,,,,,,,,,,,,,,,,,,,,,,,,,,,,,,,,,,,,,,,,,,,,,,,,,,,,,,,,,,,,,,,,,,,,,,,,,,,,,,,,,,,,,,,,,,,,,,,,,870.0,773.0,389.0,370.0,356.0,338.0,322.0,320.0,334.0,356.0,338.0,389.0,676.0,465.0,737.0,946.0,1084.0,1099.0,1175.0,1239.0,1373.0,1384.0,1389.0,597.0,1334.0,1283.0,1209.0,1155.0,1083.0,1015.0,957.0,907.0,869.0,831.0,538.0,804.0,774.0,745.0,740.0,708.0,681.0,658.0,637.0,615.0,591.0,492.0,571.0,553.0,534.0,517.0,506.0,492.0,488.0,474.0,489.0,491.0,457.0,484.0,456.0,481.0,481.0,467.0,437.0,436.0,389.0,375.0,333.0,435.0,340.0,323.0,319.0,305.0,256.0,243.0,203.0,187.0,161.0,150.0,415.0,140.0,135.0,108.0,97.0,79.0,78.0,66.0,61.0,46.0,41.0,403.0,32.0,23.0,13.0,8.0,6.0,6.0,3.0,1.0,1.0,1.0,822.0,717.0,379.0,371.0,357.0,346.0,330.0,322.0,332.0,368.0,365.0,413.0,630.0,563.0,878.0,1164.0,1200.0,1252.0,1311.0,1355.0,1428.0,1442.0,1437.0,555.0,1362.0,1276.0,1184.0,1114.0,1059.0,1002.0,970.0,926.0,897.0,834.0,506.0,802.0,766.0,749.0,739.0,722.0,668.0,666.0,646.0,634.0,635.0,465.0,593.0,554.0,551.0,547.0,512.0,492.0,494.0,492.0,504.0,491.0,438.0,466.0,447.0,447.0,460.0,453.0,430.0,398.0,376.0,350.0,338.0,422.0,320.0,315.0,314.0,297.0,260.0,244.0,219.0,217.0,190.0,179.0,401.0,162.0,145.0,140.0,120.0,112.0,109.0,87.0,93.0,77.0,71.0,387.0,66.0,44.0,50.0,35.0,32.0,25.0,18.0,14.0,15.0,20.0
Vesterbro/Kongens Enghave,2040,,,,,,,,,,,,,,,,,,,,,,,,,,,,,,,,,,,,,,,,,,,,,,,,,,,,,,,,,,,,,,,,,,,,,,,,,,,,,,,,,,,,,,,,,,,,,,,,,,,,,,,,,,,,,,,,,,,,,,,,,,,,,,,,,,,,,,,,,,,,,,,,,,,,,,,,,,,,,,,,,,,,,,,,,,,,,,,,,,,,,,,,,,,,,,,,,,,,,,,,,,,,,,,,,,,874.0,777.0,396.0,378.0,364.0,354.0,338.0,325.0,323.0,339.0,359.0,373.0,680.0,482.0,752.0,1013.0,1121.0,1127.0,1155.0,1237.0,1326.0,1397.0,1372.0,600.0,1368.0,1288.0,1243.0,1171.0,1089.0,1026.0,955.0,899.0,874.0,835.0,541.0,796.0,773.0,748.0,724.0,728.0,685.0,666.0,648.0,626.0,605.0,496.0,581.0,574.0,549.0,537.0,514.0,495.0,485.0,476.0,462.0,482.0,461.0,478.0,470.0,446.0,470.0,464.0,445.0,424.0,420.0,380.0,361.0,440.0,319.0,326.0,314.0,312.0,289.0,245.0,233.0,195.0,176.0,151.0,422.0,144.0,131.0,125.0,105.0,90.0,72.0,68.0,58.0,55.0,40.0,410.0,30.0,21.0,15.0,8.0,8.0,6.0,3.0,1.0,1.0,1.0,826.0,721.0,386.0,379.0,365.0,357.0,346.0,333.0,323.0,344.0,385.0,404.0,633.0,579.0,894.0,1216.0,1242.0,1270.0,1306.0,1331.0,1389.0,1460.0,1429.0,558.0,1392.0,1290.0,1198.0,1132.0,1063.0,999.0,958.0,920.0,895.0,855.0,509.0,795.0,771.0,743.0,740.0,721.0,700.0,661.0,658.0,640.0,644.0,468.0,627.0,585.0,552.0,543.0,541.0,508.0,481.0,486.0,479.0,492.0,442.0,483.0,449.0,436.0,431.0,454.0,446.0,417.0,396.0,368.0,341.0,427.0,328.0,311.0,312.0,306.0,289.0,250.0,241.0,213.0,206.0,183.0,407.0,172.0,155.0,138.0,134.0,111.0,103.0,101.0,80.0,84.0,73.0,394.0,59.0,50.0,45.0,42.0,32.0,26.0,23.0,14.0,14.0,21.0
Vesterbro/Kongens Enghave,2041,,,,,,,,,,,,,,,,,,,,,,,,,,,,,,,,,,,,,,,,,,,,,,,,,,,,,,,,,,,,,,,,,,,,,,,,,,,,,,,,,,,,,,,,,,,,,,,,,,,,,,,,,,,,,,,,,,,,,,,,,,,,,,,,,,,,,,,,,,,,,,,,,,,,,,,,,,,,,,,,,,,,,,,,,,,,,,,,,,,,,,,,,,,,,,,,,,,,,,,,,,,,,,,,,,,873.0,778.0,402.0,384.0,371.0,361.0,353.0,340.0,326.0,327.0,343.0,392.0,681.0,468.0,789.0,1016.0,1183.0,1154.0,1176.0,1209.0,1319.0,1342.0,1379.0,602.0,1345.0,1315.0,1244.0,1199.0,1100.0,1029.0,961.0,893.0,864.0,839.0,542.0,797.0,764.0,746.0,724.0,711.0,702.0,669.0,656.0,635.0,614.0,497.0,594.0,584.0,569.0,552.0,534.0,503.0,486.0,472.0,462.0,454.0,463.0,468.0,464.0,458.0,436.0,454.0,443.0,432.0,409.0,409.0,366.0,443.0,345.0,306.0,317.0,307.0,296.0,277.0,235.0,224.0,184.0,164.0,426.0,145.0,136.0,122.0,121.0,97.0,81.0,63.0,59.0,53.0,48.0,415.0,29.0,20.0,14.0,9.0,7.0,8.0,3.0,1.0,1.0,1.0,825.0,721.0,393.0,386.0,373.0,364.0,356.0,348.0,333.0,333.0,363.0,421.0,634.0,577.0,910.0,1225.0,1286.0,1306.0,1318.0,1320.0,1361.0,1416.0,1441.0,559.0,1378.0,1312.0,1206.0,1140.0,1076.0,1000.0,953.0,907.0,887.0,852.0,510.0,813.0,763.0,746.0,733.0,720.0,698.0,690.0,652.0,652.0,649.0,469.0,636.0,617.0,580.0,542.0,537.0,535.0,496.0,473.0,472.0,468.0,444.0,483.0,465.0,438.0,420.0,427.0,446.0,432.0,415.0,387.0,358.0,430.0,331.0,318.0,308.0,305.0,298.0,277.0,246.0,234.0,203.0,199.0,411.0,176.0,165.0,148.0,132.0,124.0,102.0,96.0,93.0,73.0,80.0,399.0,61.0,45.0,51.0,38.0,38.0,26.0,23.0,18.0,14.0,22.0
Vesterbro/Kongens Enghave,2042,,,,,,,,,,,,,,,,,,,,,,,,,,,,,,,,,,,,,,,,,,,,,,,,,,,,,,,,,,,,,,,,,,,,,,,,,,,,,,,,,,,,,,,,,,,,,,,,,,,,,,,,,,,,,,,,,,,,,,,,,,,,,,,,,,,,,,,,,,,,,,,,,,,,,,,,,,,,,,,,,,,,,,,,,,,,,,,,,,,,,,,,,,,,,,,,,,,,,,,,,,,,,,,,,,,866.0,773.0,406.0,389.0,375.0,367.0,359.0,354.0,340.0,330.0,329.0,375.0,678.0,482.0,786.0,1032.0,1170.0,1204.0,1192.0,1222.0,1279.0,1326.0,1315.0,600.0,1344.0,1285.0,1264.0,1194.0,1120.0,1033.0,959.0,895.0,856.0,826.0,541.0,798.0,762.0,734.0,719.0,708.0,683.0,684.0,657.0,641.0,622.0,496.0,602.0,595.0,578.0,570.0,547.0,521.0,492.0,472.0,458.0,453.0,463.0,441.0,454.0,452.0,447.0,421.0,433.0,430.0,416.0,399.0,394.0,444.0,350.0,330.0,297.0,309.0,292.0,283.0,264.0,226.0,210.0,172.0,427.0,158.0,137.0,126.0,119.0,112.0,88.0,71.0,55.0,54.0,46.0,418.0,35.0,19.0,13.0,9.0,8.0,7.0,3.0,2.0,1.0,2.0,818.0,716.0,396.0,391.0,378.0,370.0,362.0,359.0,346.0,341.0,348.0,401.0,631.0,593.0,902.0,1226.0,1283.0,1342.0,1345.0,1323.0,1340.0,1380.0,1388.0,557.0,1380.0,1292.0,1220.0,1141.0,1079.0,1008.0,950.0,899.0,871.0,841.0,509.0,807.0,777.0,736.0,734.0,712.0,695.0,688.0,679.0,645.0,659.0,468.0,640.0,624.0,611.0,568.0,536.0,530.0,520.0,485.0,459.0,459.0,443.0,460.0,464.0,452.0,421.0,415.0,420.0,432.0,428.0,404.0,377.0,430.0,347.0,321.0,314.0,300.0,296.0,286.0,273.0,240.0,223.0,196.0,412.0,191.0,169.0,157.0,141.0,122.0,114.0,96.0,88.0,85.0,69.0,402.0,67.0,47.0,46.0,43.0,34.0,30.0,23.0,19.0,18.0,23.0
Vesterbro/Kongens Enghave,2043,,,,,,,,,,,,,,,,,,,,,,,,,,,,,,,,,,,,,,,,,,,,,,,,,,,,,,,,,,,,,,,,,,,,,,,,,,,,,,,,,,,,,,,,,,,,,,,,,,,,,,,,,,,,,,,,,,,,,,,,,,,,,,,,,,,,,,,,,,,,,,,,,,,,,,,,,,,,,,,,,,,,,,,,,,,,,,,,,,,,,,,,,,,,,,,,,,,,,,,,,,,,,,,,,,,860.0,766.0,408.0,392.0,380.0,371.0,365.0,359.0,354.0,343.0,331.0,359.0,673.0,468.0,798.0,1015.0,1182.0,1186.0,1240.0,1236.0,1291.0,1284.0,1298.0,597.0,1280.0,1283.0,1236.0,1211.0,1114.0,1051.0,962.0,893.0,857.0,817.0,539.0,785.0,762.0,732.0,707.0,704.0,680.0,667.0,671.0,643.0,628.0,495.0,609.0,603.0,590.0,580.0,565.0,533.0,511.0,478.0,458.0,449.0,462.0,440.0,428.0,442.0,440.0,431.0,401.0,420.0,414.0,406.0,384.0,443.0,377.0,335.0,321.0,290.0,294.0,279.0,271.0,254.0,213.0,196.0,427.0,166.0,149.0,127.0,123.0,109.0,102.0,77.0,62.0,50.0,48.0,419.0,34.0,23.0,13.0,8.0,8.0,8.0,3.0,2.0,2.0,2.0,812.0,710.0,398.0,394.0,382.0,375.0,368.0,365.0,357.0,353.0,355.0,383.0,626.0,577.0,907.0,1210.0,1279.0,1336.0,1381.0,1347.0,1341.0,1359.0,1352.0,554.0,1328.0,1293.0,1200.0,1153.0,1079.0,1010.0,957.0,895.0,863.0,826.0,506.0,797.0,771.0,749.0,724.0,712.0,687.0,684.0,677.0,671.0,654.0,467.0,650.0,629.0,619.0,597.0,560.0,530.0,516.0,508.0,471.0,447.0,443.0,450.0,442.0,451.0,435.0,416.0,408.0,407.0,429.0,417.0,393.0,429.0,365.0,337.0,317.0,306.0,292.0,284.0,281.0,265.0,228.0,215.0,412.0,189.0,184.0,161.0,150.0,130.0,113.0,107.0,88.0,81.0,81.0,403.0,58.0,51.0,47.0,39.0,39.0,28.0,28.0,19.0,19.0,26.0
Vesterbro/Kongens Enghave,2044,,,,,,,,,,,,,,,,,,,,,,,,,,,,,,,,,,,,,,,,,,,,,,,,,,,,,,,,,,,,,,,,,,,,,,,,,,,,,,,,,,,,,,,,,,,,,,,,,,,,,,,,,,,,,,,,,,,,,,,,,,,,,,,,,,,,,,,,,,,,,,,,,,,,,,,,,,,,,,,,,,,,,,,,,,,,,,,,,,,,,,,,,,,,,,,,,,,,,,,,,,,,,,,,,,,853.0,761.0,410.0,395.0,383.0,375.0,369.0,365.0,360.0,357.0,343.0,361.0,668.0,445.0,790.0,1015.0,1167.0,1195.0,1221.0,1284.0,1304.0,1296.0,1257.0,593.0,1265.0,1223.0,1235.0,1185.0,1130.0,1046.0,979.0,896.0,856.0,820.0,537.0,778.0,750.0,732.0,706.0,692.0,676.0,664.0,655.0,657.0,630.0,493.0,616.0,611.0,598.0,592.0,575.0,551.0,522.0,496.0,463.0,449.0,461.0,436.0,426.0,417.0,431.0,425.0,411.0,389.0,404.0,404.0,391.0,442.0,368.0,361.0,326.0,313.0,276.0,281.0,267.0,261.0,239.0,199.0,427.0,189.0,156.0,139.0,124.0,114.0,100.0,88.0,67.0,57.0,45.0,420.0,35.0,22.0,15.0,8.0,8.0,8.0,4.0,2.0,2.0,2.0,806.0,705.0,399.0,396.0,386.0,380.0,373.0,370.0,363.0,365.0,367.0,387.0,621.0,546.0,893.0,1213.0,1266.0,1332.0,1375.0,1383.0,1365.0,1362.0,1331.0,550.0,1295.0,1245.0,1202.0,1135.0,1091.0,1010.0,959.0,902.0,861.0,819.0,504.0,782.0,761.0,744.0,736.0,703.0,687.0,676.0,674.0,670.0,680.0,465.0,645.0,638.0,623.0,606.0,589.0,553.0,516.0,505.0,493.0,458.0,441.0,439.0,432.0,430.0,433.0,429.0,409.0,395.0,404.0,418.0,405.0,428.0,381.0,354.0,332.0,309.0,297.0,280.0,280.0,274.0,253.0,220.0,412.0,207.0,181.0,175.0,154.0,139.0,121.0,105.0,98.0,80.0,77.0,403.0,67.0,45.0,51.0,40.0,35.0,31.0,25.0,22.0,19.0,28.0
Vesterbro/Kongens Enghave,2045,,,,,,,,,,,,,,,,,,,,,,,,,,,,,,,,,,,,,,,,,,,,,,,,,,,,,,,,,,,,,,,,,,,,,,,,,,,,,,,,,,,,,,,,,,,,,,,,,,,,,,,,,,,,,,,,,,,,,,,,,,,,,,,,,,,,,,,,,,,,,,,,,,,,,,,,,,,,,,,,,,,,,,,,,,,,,,,,,,,,,,,,,,,,,,,,,,,,,,,,,,,,,,,,,,,844.0,754.0,409.0,395.0,385.0,379.0,373.0,369.0,365.0,362.0,357.0,372.0,662.0,443.0,739.0,1005.0,1164.0,1179.0,1225.0,1261.0,1351.0,1305.0,1266.0,587.0,1223.0,1207.0,1176.0,1182.0,1103.0,1059.0,973.0,910.0,857.0,817.0,532.0,779.0,742.0,720.0,706.0,690.0,665.0,659.0,651.0,641.0,643.0,490.0,617.0,618.0,606.0,600.0,586.0,561.0,539.0,507.0,481.0,454.0,459.0,435.0,422.0,414.0,406.0,415.0,405.0,398.0,375.0,394.0,389.0,441.0,374.0,353.0,351.0,318.0,297.0,264.0,269.0,257.0,246.0,224.0,426.0,193.0,178.0,145.0,135.0,115.0,104.0,87.0,77.0,61.0,51.0,419.0,33.0,23.0,15.0,9.0,8.0,8.0,4.0,2.0,2.0,2.0,798.0,698.0,399.0,397.0,388.0,383.0,378.0,375.0,368.0,371.0,380.0,397.0,616.0,542.0,830.0,1203.0,1266.0,1318.0,1368.0,1374.0,1398.0,1383.0,1331.0,545.0,1271.0,1211.0,1155.0,1134.0,1071.0,1019.0,957.0,903.0,866.0,816.0,500.0,775.0,746.0,733.0,730.0,714.0,677.0,675.0,665.0,666.0,679.0,462.0,670.0,635.0,632.0,610.0,597.0,581.0,538.0,505.0,490.0,478.0,439.0,449.0,421.0,420.0,413.0,427.0,421.0,397.0,392.0,394.0,406.0,427.0,392.0,369.0,349.0,324.0,300.0,284.0,275.0,273.0,261.0,243.0,410.0,212.0,199.0,172.0,167.0,142.0,128.0,113.0,97.0,90.0,76.0,402.0,64.0,52.0,46.0,43.0,36.0,28.0,29.0,21.0,22.0,29.0
Vesterbro/Kongens Enghave,2046,,,,,,,,,,,,,,,,,,,,,,,,,,,,,,,,,,,,,,,,,,,,,,,,,,,,,,,,,,,,,,,,,,,,,,,,,,,,,,,,,,,,,,,,,,,,,,,,,,,,,,,,,,,,,,,,,,,,,,,,,,,,,,,,,,,,,,,,,,,,,,,,,,,,,,,,,,,,,,,,,,,,,,,,,,,,,,,,,,,,,,,,,,,,,,,,,,,,,,,,,,,,,,,,,,,836.0,746.0,408.0,395.0,386.0,381.0,376.0,373.0,369.0,368.0,362.0,387.0,655.0,450.0,711.0,933.0,1159.0,1174.0,1209.0,1262.0,1325.0,1351.0,1273.0,582.0,1231.0,1167.0,1161.0,1125.0,1100.0,1033.0,984.0,903.0,870.0,819.0,527.0,776.0,743.0,712.0,693.0,690.0,662.0,647.0,646.0,636.0,627.0,487.0,630.0,619.0,613.0,608.0,595.0,572.0,549.0,523.0,491.0,472.0,456.0,440.0,421.0,411.0,404.0,392.0,396.0,393.0,384.0,366.0,380.0,439.0,373.0,359.0,343.0,342.0,302.0,284.0,253.0,259.0,242.0,230.0,424.0,215.0,182.0,166.0,142.0,125.0,105.0,90.0,76.0,70.0,55.0,417.0,37.0,22.0,16.0,9.0,9.0,8.0,4.0,2.0,2.0,3.0,789.0,691.0,398.0,397.0,388.0,385.0,380.0,379.0,373.0,376.0,386.0,412.0,610.0,542.0,811.0,1116.0,1262.0,1319.0,1354.0,1365.0,1387.0,1415.0,1350.0,540.0,1270.0,1189.0,1124.0,1090.0,1071.0,1000.0,966.0,901.0,867.0,820.0,495.0,772.0,740.0,719.0,720.0,708.0,688.0,666.0,664.0,657.0,674.0,458.0,670.0,658.0,629.0,619.0,601.0,590.0,564.0,526.0,489.0,476.0,436.0,469.0,431.0,410.0,404.0,408.0,419.0,408.0,393.0,382.0,384.0,424.0,393.0,380.0,364.0,340.0,314.0,287.0,280.0,268.0,260.0,251.0,409.0,234.0,204.0,189.0,165.0,154.0,132.0,120.0,104.0,89.0,85.0,401.0,64.0,50.0,52.0,39.0,39.0,29.0,26.0,23.0,21.0,32.0
Vesterbro/Kongens Enghave,2047,,,,,,,,,,,,,,,,,,,,,,,,,,,,,,,,,,,,,,,,,,,,,,,,,,,,,,,,,,,,,,,,,,,,,,,,,,,,,,,,,,,,,,,,,,,,,,,,,,,,,,,,,,,,,,,,,,,,,,,,,,,,,,,,,,,,,,,,,,,,,,,,,,,,,,,,,,,,,,,,,,,,,,,,,,,,,,,,,,,,,,,,,,,,,,,,,,,,,,,,,,,,,,,,,,,828.0,737.0,407.0,394.0,386.0,381.0,378.0,376.0,373.0,372.0,367.0,392.0,648.0,465.0,693.0,900.0,1082.0,1175.0,1204.0,1246.0,1324.0,1324.0,1316.0,576.0,1237.0,1174.0,1122.0,1109.0,1047.0,1030.0,959.0,914.0,864.0,831.0,522.0,777.0,741.0,713.0,686.0,677.0,662.0,645.0,635.0,631.0,622.0,482.0,615.0,632.0,614.0,615.0,603.0,581.0,560.0,533.0,507.0,482.0,452.0,457.0,426.0,410.0,401.0,390.0,374.0,384.0,379.0,374.0,353.0,436.0,364.0,358.0,349.0,334.0,325.0,289.0,271.0,244.0,244.0,227.0,422.0,222.0,203.0,169.0,162.0,131.0,114.0,91.0,79.0,69.0,62.0,416.0,40.0,25.0,15.0,10.0,9.0,9.0,4.0,2.0,2.0,3.0,783.0,683.0,397.0,395.0,388.0,385.0,382.0,382.0,377.0,381.0,391.0,417.0,603.0,556.0,797.0,1090.0,1176.0,1320.0,1354.0,1351.0,1375.0,1404.0,1381.0,535.0,1287.0,1187.0,1102.0,1060.0,1028.0,999.0,947.0,908.0,864.0,821.0,490.0,776.0,737.0,713.0,705.0,698.0,682.0,676.0,655.0,656.0,665.0,454.0,665.0,658.0,651.0,616.0,610.0,594.0,573.0,551.0,509.0,476.0,433.0,467.0,450.0,419.0,394.0,398.0,401.0,406.0,404.0,383.0,371.0,422.0,372.0,381.0,374.0,354.0,330.0,301.0,282.0,272.0,255.0,251.0,406.0,242.0,225.0,194.0,181.0,153.0,143.0,123.0,110.0,95.0,84.0,399.0,71.0,49.0,51.0,45.0,36.0,32.0,27.0,21.0,23.0,33.0
Vesterbro/Kongens Enghave,2048,,,,,,,,,,,,,,,,,,,,,,,,,,,,,,,,,,,,,,,,,,,,,,,,,,,,,,,,,,,,,,,,,,,,,,,,,,,,,,,,,,,,,,,,,,,,,,,,,,,,,,,,,,,,,,,,,,,,,,,,,,,,,,,,,,,,,,,,,,,,,,,,,,,,,,,,,,,,,,,,,,,,,,,,,,,,,,,,,,,,,,,,,,,,,,,,,,,,,,,,,,,,,,,,,,,822.0,731.0,405.0,393.0,385.0,381.0,379.0,378.0,376.0,376.0,371.0,397.0,641.0,467.0,695.0,879.0,1053.0,1100.0,1208.0,1239.0,1307.0,1322.0,1290.0,570.0,1278.0,1179.0,1129.0,1072.0,1032.0,980.0,956.0,890.0,873.0,824.0,517.0,789.0,741.0,710.0,686.0,670.0,649.0,644.0,632.0,620.0,618.0,477.0,610.0,617.0,627.0,616.0,610.0,589.0,569.0,544.0,517.0,497.0,448.0,467.0,443.0,415.0,399.0,387.0,372.0,363.0,370.0,369.0,361.0,432.0,338.0,350.0,348.0,340.0,318.0,311.0,277.0,262.0,231.0,229.0,419.0,219.0,209.0,189.0,165.0,150.0,120.0,100.0,80.0,72.0,62.0,414.0,45.0,27.0,17.0,9.0,9.0,9.0,4.0,2.0,2.0,3.0,777.0,677.0,395.0,394.0,387.0,385.0,382.0,384.0,379.0,385.0,396.0,422.0,596.0,552.0,816.0,1072.0,1152.0,1234.0,1359.0,1351.0,1361.0,1392.0,1370.0,528.0,1316.0,1202.0,1101.0,1040.0,1000.0,960.0,946.0,891.0,871.0,819.0,485.0,777.0,740.0,710.0,699.0,684.0,672.0,670.0,664.0,646.0,663.0,450.0,655.0,653.0,653.0,637.0,608.0,602.0,577.0,561.0,534.0,495.0,429.0,467.0,448.0,437.0,403.0,388.0,391.0,389.0,402.0,393.0,373.0,418.0,360.0,361.0,375.0,364.0,344.0,317.0,297.0,275.0,259.0,246.0,404.0,241.0,232.0,214.0,186.0,167.0,141.0,134.0,113.0,101.0,90.0,397.0,71.0,55.0,50.0,43.0,40.0,29.0,29.0,22.0,21.0,35.0
Vesterbro/Kongens Enghave,2049,,,,,,,,,,,,,,,,,,,,,,,,,,,,,,,,,,,,,,,,,,,,,,,,,,,,,,,,,,,,,,,,,,,,,,,,,,,,,,,,,,,,,,,,,,,,,,,,,,,,,,,,,,,,,,,,,,,,,,,,,,,,,,,,,,,,,,,,,,,,,,,,,,,,,,,,,,,,,,,,,,,,,,,,,,,,,,,,,,,,,,,,,,,,,,,,,,,,,,,,,,,,,,,,,,,817.0,726.0,403.0,391.0,383.0,380.0,378.0,378.0,378.0,378.0,375.0,401.0,635.0,469.0,679.0,891.0,1037.0,1075.0,1134.0,1246.0,1299.0,1306.0,1288.0,564.0,1254.0,1219.0,1134.0,1079.0,998.0,967.0,909.0,887.0,851.0,834.0,511.0,782.0,752.0,711.0,684.0,670.0,642.0,632.0,632.0,617.0,607.0,472.0,605.0,611.0,613.0,629.0,611.0,596.0,576.0,553.0,527.0,507.0,444.0,482.0,452.0,431.0,404.0,385.0,369.0,360.0,350.0,361.0,356.0,428.0,346.0,325.0,340.0,340.0,324.0,305.0,298.0,267.0,247.0,216.0,416.0,220.0,207.0,195.0,184.0,153.0,137.0,104.0,88.0,74.0,65.0,411.0,45.0,31.0,18.0,11.0,9.0,9.0,4.0,2.0,2.0,3.0,772.0,672.0,393.0,392.0,386.0,384.0,382.0,384.0,381.0,387.0,400.0,426.0,591.0,547.0,808.0,1107.0,1137.0,1213.0,1273.0,1358.0,1359.0,1378.0,1359.0,523.0,1305.0,1229.0,1115.0,1038.0,981.0,934.0,909.0,890.0,855.0,826.0,480.0,774.0,741.0,713.0,697.0,678.0,658.0,660.0,659.0,656.0,654.0,445.0,653.0,644.0,647.0,639.0,629.0,601.0,585.0,564.0,543.0,519.0,425.0,485.0,448.0,435.0,420.0,397.0,382.0,379.0,385.0,391.0,382.0,414.0,361.0,348.0,355.0,365.0,353.0,330.0,312.0,288.0,262.0,249.0,401.0,237.0,232.0,221.0,205.0,172.0,155.0,132.0,123.0,104.0,95.0,394.0,76.0,55.0,56.0,43.0,39.0,33.0,27.0,24.0,22.0,35.0
Vesterbro/Kongens Enghave,2050,,,,,,,,,,,,,,,,,,,,,,,,,,,,,,,,,,,,,,,,,,,,,,,,,,,,,,,,,,,,,,,,,,,,,,,,,,,,,,,,,,,,,,,,,,,,,,,,,,,,,,,,,,,,,,,,,,,,,,,,,,,,,,,,,,,,,,,,,,,,,,,,,,,,,,,,,,,,,,,,,,,,,,,,,,,,,,,,,,,,,,,,,,,,,,,,,,,,,,,,,,,,,,,,,,,812.0,721.0,401.0,389.0,382.0,379.0,377.0,378.0,378.0,380.0,378.0,405.0,631.0,470.0,662.0,877.0,1061.0,1064.0,1112.0,1171.0,1309.0,1298.0,1273.0,559.0,1251.0,1196.0,1172.0,1084.0,1005.0,935.0,898.0,844.0,848.0,812.0,506.0,791.0,746.0,722.0,685.0,668.0,643.0,625.0,620.0,617.0,604.0,467.0,594.0,607.0,606.0,616.0,624.0,597.0,584.0,560.0,537.0,518.0,439.0,492.0,467.0,440.0,420.0,390.0,368.0,358.0,347.0,342.0,349.0,424.0,342.0,332.0,316.0,332.0,324.0,311.0,292.0,287.0,252.0,231.0,412.0,209.0,208.0,193.0,190.0,171.0,140.0,119.0,92.0,80.0,66.0,408.0,47.0,30.0,21.0,11.0,10.0,9.0,4.0,2.0,2.0,3.0,767.0,668.0,391.0,390.0,384.0,382.0,381.0,384.0,381.0,389.0,403.0,429.0,586.0,542.0,799.0,1103.0,1178.0,1200.0,1252.0,1273.0,1368.0,1376.0,1346.0,518.0,1294.0,1219.0,1139.0,1051.0,980.0,916.0,885.0,855.0,854.0,810.0,475.0,781.0,739.0,714.0,700.0,676.0,653.0,647.0,649.0,651.0,663.0,440.0,644.0,642.0,638.0,634.0,631.0,621.0,585.0,572.0,547.0,528.0,420.0,509.0,466.0,436.0,418.0,414.0,390.0,370.0,375.0,375.0,381.0,411.0,370.0,350.0,343.0,346.0,354.0,339.0,325.0,303.0,275.0,252.0,397.0,240.0,228.0,222.0,212.0,190.0,160.0,145.0,122.0,113.0,98.0,391.0,81.0,59.0,56.0,48.0,39.0,32.0,30.0,22.0,24.0,36.0
Vesterbro/Kongens Enghave,2051,,,,,,,,,,,,,,,,,,,,,,,,,,,,,,,,,,,,,,,,,,,,,,,,,,,,,,,,,,,,,,,,,,,,,,,,,,,,,,,,,,,,,,,,,,,,,,,,,,,,,,,,,,,,,,,,,,,,,,,,,,,,,,,,,,,,,,,,,,,,,,,,,,,,,,,,,,,,,,,,,,,,,,,,,,,,,,,,,,,,,,,,,,,,,,,,,,,,,,,,,,,,,,,,,,,806.0,716.0,398.0,387.0,380.0,377.0,376.0,377.0,378.0,381.0,379.0,407.0,626.0,470.0,646.0,862.0,1053.0,1092.0,1102.0,1150.0,1230.0,1309.0,1264.0,554.0,1237.0,1193.0,1151.0,1119.0,1009.0,941.0,868.0,833.0,807.0,810.0,501.0,771.0,755.0,715.0,695.0,669.0,641.0,626.0,613.0,605.0,604.0,462.0,591.0,595.0,602.0,609.0,611.0,610.0,585.0,568.0,544.0,527.0,434.0,502.0,477.0,455.0,429.0,406.0,373.0,356.0,345.0,339.0,330.0,420.0,335.0,328.0,323.0,309.0,317.0,310.0,298.0,282.0,271.0,237.0,408.0,223.0,197.0,194.0,188.0,176.0,156.0,122.0,105.0,84.0,72.0,404.0,48.0,32.0,21.0,13.0,11.0,10.0,4.0,2.0,2.0,3.0,762.0,664.0,387.0,388.0,382.0,381.0,380.0,383.0,381.0,389.0,404.0,431.0,582.0,534.0,790.0,1095.0,1177.0,1245.0,1239.0,1253.0,1282.0,1386.0,1344.0,514.0,1282.0,1208.0,1131.0,1074.0,991.0,915.0,868.0,832.0,821.0,809.0,471.0,766.0,744.0,711.0,700.0,679.0,650.0,642.0,635.0,641.0,658.0,435.0,652.0,632.0,636.0,624.0,626.0,624.0,603.0,572.0,555.0,532.0,416.0,518.0,488.0,453.0,419.0,413.0,406.0,379.0,367.0,366.0,365.0,406.0,369.0,358.0,345.0,335.0,337.0,340.0,334.0,316.0,290.0,265.0,393.0,242.0,231.0,217.0,213.0,197.0,176.0,150.0,134.0,112.0,107.0,388.0,83.0,63.0,60.0,48.0,43.0,32.0,30.0,25.0,22.0,37.0
Vesterbro/Kongens Enghave,2052,,,,,,,,,,,,,,,,,,,,,,,,,,,,,,,,,,,,,,,,,,,,,,,,,,,,,,,,,,,,,,,,,,,,,,,,,,,,,,,,,,,,,,,,,,,,,,,,,,,,,,,,,,,,,,,,,,,,,,,,,,,,,,,,,,,,,,,,,,,,,,,,,,,,,,,,,,,,,,,,,,,,,,,,,,,,,,,,,,,,,,,,,,,,,,,,,,,,,,,,,,,,,,,,,,,800.0,711.0,394.0,384.0,378.0,375.0,374.0,376.0,377.0,380.0,380.0,408.0,622.0,467.0,627.0,848.0,1044.0,1089.0,1134.0,1140.0,1208.0,1231.0,1275.0,551.0,1228.0,1181.0,1148.0,1099.0,1041.0,945.0,873.0,805.0,797.0,770.0,497.0,768.0,735.0,723.0,689.0,679.0,641.0,624.0,614.0,599.0,592.0,458.0,591.0,592.0,591.0,604.0,604.0,597.0,597.0,568.0,551.0,534.0,430.0,512.0,487.0,465.0,443.0,415.0,388.0,361.0,344.0,337.0,327.0,415.0,317.0,321.0,320.0,315.0,295.0,304.0,298.0,288.0,267.0,255.0,404.0,228.0,210.0,184.0,189.0,174.0,162.0,137.0,108.0,97.0,76.0,400.0,53.0,33.0,22.0,13.0,12.0,11.0,5.0,2.0,2.0,3.0,756.0,659.0,384.0,385.0,379.0,379.0,378.0,381.0,379.0,389.0,404.0,432.0,578.0,524.0,779.0,1089.0,1173.0,1248.0,1287.0,1239.0,1260.0,1300.0,1354.0,511.0,1280.0,1197.0,1121.0,1065.0,1013.0,925.0,866.0,816.0,799.0,778.0,467.0,765.0,730.0,717.0,698.0,679.0,653.0,639.0,631.0,627.0,647.0,431.0,648.0,641.0,626.0,622.0,616.0,618.0,606.0,590.0,555.0,539.0,411.0,522.0,497.0,474.0,435.0,413.0,406.0,394.0,375.0,358.0,356.0,402.0,354.0,357.0,353.0,336.0,325.0,323.0,335.0,324.0,301.0,279.0,389.0,255.0,233.0,220.0,209.0,197.0,183.0,165.0,138.0,123.0,106.0,384.0,90.0,65.0,63.0,51.0,43.0,35.0,30.0,24.0,25.0,37.0
Vesterbro/Kongens Enghave,2053,,,,,,,,,,,,,,,,,,,,,,,,,,,,,,,,,,,,,,,,,,,,,,,,,,,,,,,,,,,,,,,,,,,,,,,,,,,,,,,,,,,,,,,,,,,,,,,,,,,,,,,,,,,,,,,,,,,,,,,,,,,,,,,,,,,,,,,,,,,,,,,,,,,,,,,,,,,,,,,,,,,,,,,,,,,,,,,,,,,,,,,,,,,,,,,,,,,,,,,,,,,,,,,,,,,795.0,706.0,390.0,380.0,375.0,373.0,373.0,374.0,376.0,379.0,379.0,408.0,618.0,464.0,609.0,832.0,1037.0,1084.0,1135.0,1175.0,1198.0,1210.0,1200.0,547.0,1240.0,1172.0,1137.0,1096.0,1023.0,975.0,876.0,810.0,770.0,761.0,494.0,730.0,732.0,704.0,697.0,673.0,651.0,625.0,612.0,600.0,585.0,455.0,579.0,592.0,587.0,593.0,600.0,590.0,585.0,581.0,552.0,542.0,426.0,518.0,496.0,475.0,453.0,428.0,396.0,376.0,349.0,336.0,326.0,411.0,315.0,305.0,313.0,312.0,301.0,283.0,292.0,288.0,272.0,251.0,399.0,246.0,215.0,196.0,180.0,175.0,160.0,141.0,121.0,99.0,87.0,396.0,55.0,36.0,22.0,13.0,12.0,12.0,5.0,2.0,2.0,4.0,751.0,654.0,380.0,381.0,376.0,376.0,376.0,380.0,378.0,387.0,404.0,431.0,574.0,512.0,765.0,1080.0,1172.0,1247.0,1292.0,1288.0,1245.0,1278.0,1272.0,507.0,1290.0,1195.0,1111.0,1056.0,1005.0,945.0,876.0,814.0,784.0,757.0,464.0,735.0,729.0,703.0,703.0,677.0,654.0,642.0,628.0,623.0,634.0,428.0,637.0,636.0,634.0,612.0,613.0,608.0,601.0,594.0,572.0,540.0,408.0,529.0,501.0,483.0,455.0,429.0,406.0,393.0,390.0,365.0,348.0,397.0,344.0,342.0,351.0,344.0,326.0,312.0,318.0,326.0,310.0,290.0,385.0,268.0,245.0,223.0,211.0,193.0,183.0,171.0,153.0,127.0,117.0,380.0,90.0,70.0,65.0,54.0,46.0,35.0,33.0,24.0,24.0,39.0
Vesterbro/Kongens Enghave,2054,,,,,,,,,,,,,,,,,,,,,,,,,,,,,,,,,,,,,,,,,,,,,,,,,,,,,,,,,,,,,,,,,,,,,,,,,,,,,,,,,,,,,,,,,,,,,,,,,,,,,,,,,,,,,,,,,,,,,,,,,,,,,,,,,,,,,,,,,,,,,,,,,,,,,,,,,,,,,,,,,,,,,,,,,,,,,,,,,,,,,,,,,,,,,,,,,,,,,,,,,,,,,,,,,,,788.0,701.0,386.0,377.0,371.0,370.0,370.0,372.0,374.0,378.0,378.0,407.0,613.0,459.0,590.0,815.0,1027.0,1081.0,1133.0,1176.0,1234.0,1200.0,1179.0,543.0,1168.0,1185.0,1129.0,1085.0,1020.0,958.0,904.0,813.0,775.0,736.0,491.0,721.0,696.0,702.0,678.0,681.0,645.0,634.0,612.0,598.0,586.0,452.0,573.0,580.0,588.0,590.0,588.0,586.0,578.0,569.0,564.0,543.0,423.0,526.0,503.0,484.0,463.0,438.0,409.0,384.0,363.0,340.0,324.0,407.0,313.0,302.0,297.0,306.0,298.0,289.0,272.0,282.0,273.0,256.0,395.0,242.0,232.0,201.0,191.0,167.0,161.0,140.0,125.0,111.0,89.0,392.0,63.0,38.0,24.0,14.0,12.0,12.0,6.0,3.0,2.0,4.0,745.0,650.0,376.0,377.0,373.0,373.0,373.0,377.0,376.0,386.0,403.0,430.0,570.0,500.0,751.0,1069.0,1167.0,1249.0,1293.0,1292.0,1293.0,1263.0,1251.0,504.0,1212.0,1205.0,1109.0,1047.0,996.0,938.0,895.0,824.0,783.0,743.0,461.0,715.0,700.0,702.0,689.0,682.0,651.0,642.0,631.0,620.0,629.0,425.0,624.0,626.0,630.0,620.0,604.0,606.0,591.0,588.0,576.0,556.0,405.0,530.0,508.0,487.0,464.0,449.0,421.0,394.0,390.0,380.0,355.0,394.0,337.0,333.0,337.0,342.0,334.0,314.0,307.0,310.0,311.0,298.0,381.0,279.0,259.0,234.0,214.0,195.0,180.0,172.0,158.0,140.0,120.0,376.0,99.0,70.0,71.0,56.0,49.0,38.0,33.0,27.0,24.0,39.0
Vesterbro/Kongens Enghave,2055,,,,,,,,,,,,,,,,,,,,,,,,,,,,,,,,,,,,,,,,,,,,,,,,,,,,,,,,,,,,,,,,,,,,,,,,,,,,,,,,,,,,,,,,,,,,,,,,,,,,,,,,,,,,,,,,,,,,,,,,,,,,,,,,,,,,,,,,,,,,,,,,,,,,,,,,,,,,,,,,,,,,,,,,,,,,,,,,,,,,,,,,,,,,,,,,,,,,,,,,,,,,,,,,,,,782.0,695.0,382.0,373.0,368.0,366.0,367.0,370.0,372.0,376.0,377.0,406.0,609.0,453.0,573.0,798.0,1016.0,1076.0,1133.0,1175.0,1236.0,1237.0,1170.0,539.0,1149.0,1117.0,1142.0,1077.0,1011.0,956.0,889.0,839.0,778.0,741.0,487.0,698.0,687.0,667.0,676.0,662.0,653.0,629.0,622.0,598.0,585.0,449.0,574.0,574.0,576.0,590.0,585.0,575.0,574.0,562.0,553.0,555.0,421.0,527.0,511.0,490.0,472.0,448.0,419.0,397.0,371.0,354.0,329.0,405.0,312.0,301.0,294.0,290.0,292.0,287.0,278.0,263.0,268.0,257.0,392.0,247.0,229.0,217.0,197.0,177.0,153.0,141.0,124.0,115.0,99.0,388.0,65.0,43.0,26.0,15.0,13.0,12.0,6.0,3.0,3.0,4.0,739.0,644.0,372.0,373.0,369.0,370.0,370.0,375.0,374.0,384.0,401.0,428.0,566.0,487.0,736.0,1056.0,1160.0,1248.0,1296.0,1293.0,1296.0,1312.0,1237.0,500.0,1192.0,1133.0,1119.0,1045.0,988.0,930.0,889.0,842.0,792.0,742.0,457.0,702.0,682.0,674.0,689.0,668.0,656.0,640.0,631.0,623.0,627.0,423.0,620.0,612.0,619.0,616.0,611.0,596.0,589.0,578.0,571.0,560.0,402.0,546.0,509.0,494.0,468.0,458.0,441.0,409.0,391.0,380.0,369.0,391.0,344.0,327.0,328.0,329.0,332.0,321.0,309.0,299.0,296.0,300.0,378.0,287.0,269.0,247.0,225.0,198.0,181.0,169.0,159.0,145.0,133.0,372.0,103.0,77.0,71.0,61.0,51.0,40.0,35.0,27.0,27.0,40.0
Vesterbro/Kongens Enghave,2056,,,,,,,,,,,,,,,,,,,,,,,,,,,,,,,,,,,,,,,,,,,,,,,,,,,,,,,,,,,,,,,,,,,,,,,,,,,,,,,,,,,,,,,,,,,,,,,,,,,,,,,,,,,,,,,,,,,,,,,,,,,,,,,,,,,,,,,,,,,,,,,,,,,,,,,,,,,,,,,,,,,,,,,,,,,,,,,,,,,,,,,,,,,,,,,,,,,,,,,,,,,,,,,,,,,776.0,690.0,378.0,369.0,364.0,363.0,364.0,367.0,370.0,374.0,375.0,404.0,604.0,447.0,556.0,781.0,1004.0,1069.0,1130.0,1176.0,1235.0,1240.0,1206.0,536.0,1140.0,1100.0,1078.0,1090.0,1004.0,947.0,887.0,825.0,803.0,744.0,484.0,702.0,665.0,658.0,642.0,660.0,635.0,636.0,616.0,608.0,585.0,446.0,572.0,575.0,569.0,578.0,586.0,571.0,563.0,558.0,546.0,544.0,418.0,539.0,512.0,499.0,479.0,457.0,428.0,406.0,383.0,362.0,343.0,402.0,317.0,300.0,293.0,288.0,278.0,281.0,276.0,269.0,250.0,252.0,389.0,248.0,234.0,214.0,212.0,182.0,163.0,134.0,125.0,114.0,103.0,384.0,72.0,44.0,29.0,16.0,14.0,13.0,6.0,3.0,3.0,4.0,734.0,639.0,368.0,369.0,366.0,366.0,367.0,372.0,372.0,382.0,399.0,425.0,561.0,475.0,721.0,1043.0,1152.0,1244.0,1296.0,1297.0,1296.0,1315.0,1284.0,497.0,1179.0,1115.0,1054.0,1055.0,987.0,923.0,882.0,836.0,809.0,751.0,454.0,701.0,669.0,656.0,661.0,668.0,643.0,645.0,629.0,624.0,630.0,420.0,618.0,609.0,606.0,605.0,608.0,603.0,579.0,576.0,561.0,555.0,400.0,551.0,524.0,496.0,475.0,462.0,450.0,428.0,405.0,381.0,370.0,389.0,358.0,333.0,322.0,320.0,320.0,320.0,316.0,301.0,286.0,286.0,375.0,288.0,277.0,257.0,237.0,208.0,184.0,170.0,156.0,146.0,138.0,369.0,113.0,80.0,78.0,61.0,55.0,42.0,37.0,29.0,27.0,42.0
Vesterbro/Kongens Enghave,2057,,,,,,,,,,,,,,,,,,,,,,,,,,,,,,,,,,,,,,,,,,,,,,,,,,,,,,,,,,,,,,,,,,,,,,,,,,,,,,,,,,,,,,,,,,,,,,,,,,,,,,,,,,,,,,,,,,,,,,,,,,,,,,,,,,,,,,,,,,,,,,,,,,,,,,,,,,,,,,,,,,,,,,,,,,,,,,,,,,,,,,,,,,,,,,,,,,,,,,,,,,,,,,,,,,,772.0,684.0,375.0,365.0,360.0,359.0,361.0,364.0,367.0,372.0,373.0,402.0,600.0,441.0,539.0,764.0,992.0,1061.0,1126.0,1175.0,1237.0,1240.0,1209.0,532.0,1176.0,1092.0,1063.0,1030.0,1016.0,941.0,879.0,823.0,790.0,768.0,481.0,706.0,669.0,637.0,634.0,627.0,633.0,618.0,624.0,602.0,594.0,443.0,572.0,573.0,571.0,572.0,574.0,572.0,559.0,548.0,542.0,537.0,415.0,529.0,523.0,500.0,487.0,463.0,437.0,415.0,392.0,374.0,351.0,400.0,330.0,305.0,292.0,287.0,275.0,267.0,270.0,267.0,256.0,236.0,387.0,244.0,235.0,219.0,209.0,197.0,168.0,143.0,119.0,115.0,103.0,382.0,75.0,50.0,30.0,18.0,15.0,14.0,6.0,3.0,3.0,4.0,730.0,634.0,365.0,366.0,362.0,362.0,363.0,369.0,369.0,379.0,397.0,423.0,557.0,463.0,707.0,1029.0,1142.0,1239.0,1294.0,1297.0,1299.0,1316.0,1289.0,493.0,1224.0,1104.0,1038.0,994.0,996.0,922.0,875.0,830.0,804.0,768.0,451.0,710.0,668.0,644.0,644.0,641.0,643.0,632.0,634.0,621.0,630.0,417.0,620.0,607.0,603.0,592.0,597.0,600.0,586.0,567.0,559.0,546.0,397.0,545.0,529.0,510.0,476.0,468.0,454.0,437.0,424.0,394.0,371.0,387.0,358.0,346.0,328.0,314.0,311.0,308.0,315.0,308.0,288.0,276.0,373.0,275.0,278.0,264.0,247.0,220.0,194.0,173.0,157.0,143.0,139.0,367.0,118.0,88.0,81.0,67.0,55.0,45.0,39.0,31.0,29.0,43.0
Vesterbro/Kongens Enghave,2058,,,,,,,,,,,,,,,,,,,,,,,,,,,,,,,,,,,,,,,,,,,,,,,,,,,,,,,,,,,,,,,,,,,,,,,,,,,,,,,,,,,,,,,,,,,,,,,,,,,,,,,,,,,,,,,,,,,,,,,,,,,,,,,,,,,,,,,,,,,,,,,,,,,,,,,,,,,,,,,,,,,,,,,,,,,,,,,,,,,,,,,,,,,,,,,,,,,,,,,,,,,,,,,,,,,770.0,681.0,373.0,363.0,357.0,356.0,357.0,361.0,364.0,370.0,371.0,400.0,596.0,435.0,525.0,749.0,980.0,1053.0,1120.0,1172.0,1236.0,1243.0,1210.0,528.0,1181.0,1127.0,1056.0,1016.0,961.0,954.0,873.0,817.0,789.0,757.0,478.0,729.0,673.0,642.0,613.0,620.0,601.0,617.0,606.0,609.0,589.0,440.0,582.0,574.0,569.0,574.0,568.0,560.0,561.0,544.0,532.0,534.0,413.0,522.0,514.0,511.0,488.0,471.0,443.0,424.0,402.0,384.0,362.0,397.0,338.0,318.0,297.0,286.0,275.0,265.0,258.0,262.0,254.0,241.0,384.0,228.0,230.0,220.0,214.0,194.0,181.0,147.0,127.0,110.0,104.0,380.0,75.0,52.0,34.0,19.0,16.0,15.0,7.0,3.0,3.0,5.0,728.0,632.0,363.0,363.0,358.0,359.0,360.0,365.0,365.0,376.0,395.0,420.0,553.0,452.0,693.0,1016.0,1132.0,1233.0,1290.0,1296.0,1299.0,1320.0,1291.0,490.0,1229.0,1146.0,1028.0,980.0,940.0,931.0,875.0,824.0,799.0,764.0,448.0,726.0,677.0,643.0,632.0,625.0,617.0,632.0,621.0,626.0,628.0,415.0,621.0,610.0,601.0,590.0,584.0,590.0,583.0,574.0,550.0,544.0,395.0,536.0,524.0,515.0,490.0,470.0,461.0,441.0,433.0,413.0,384.0,384.0,359.0,347.0,341.0,320.0,305.0,299.0,303.0,306.0,295.0,278.0,371.0,266.0,266.0,265.0,254.0,229.0,205.0,182.0,160.0,144.0,136.0,365.0,119.0,92.0,89.0,69.0,61.0,45.0,42.0,32.0,30.0,45.0
Vesterbro/Kongens Enghave,2059,,,,,,,,,,,,,,,,,,,,,,,,,,,,,,,,,,,,,,,,,,,,,,,,,,,,,,,,,,,,,,,,,,,,,,,,,,,,,,,,,,,,,,,,,,,,,,,,,,,,,,,,,,,,,,,,,,,,,,,,,,,,,,,,,,,,,,,,,,,,,,,,,,,,,,,,,,,,,,,,,,,,,,,,,,,,,,,,,,,,,,,,,,,,,,,,,,,,,,,,,,,,,,,,,,,769.0,679.0,371.0,360.0,354.0,352.0,354.0,357.0,361.0,366.0,368.0,398.0,593.0,429.0,511.0,734.0,968.0,1044.0,1114.0,1168.0,1233.0,1243.0,1212.0,525.0,1182.0,1131.0,1090.0,1009.0,948.0,903.0,886.0,811.0,784.0,756.0,475.0,718.0,696.0,645.0,618.0,599.0,594.0,585.0,605.0,592.0,596.0,437.0,576.0,583.0,569.0,573.0,569.0,555.0,549.0,545.0,529.0,524.0,411.0,519.0,507.0,502.0,499.0,472.0,451.0,430.0,410.0,393.0,371.0,395.0,349.0,325.0,310.0,290.0,274.0,265.0,255.0,250.0,249.0,240.0,382.0,233.0,216.0,216.0,215.0,199.0,179.0,159.0,131.0,116.0,99.0,378.0,75.0,52.0,35.0,21.0,17.0,16.0,7.0,4.0,3.0,5.0,727.0,630.0,361.0,361.0,356.0,355.0,356.0,361.0,362.0,373.0,392.0,416.0,551.0,442.0,679.0,1002.0,1122.0,1225.0,1286.0,1293.0,1297.0,1321.0,1295.0,486.0,1231.0,1150.0,1067.0,970.0,927.0,879.0,884.0,824.0,793.0,759.0,445.0,723.0,693.0,652.0,632.0,613.0,601.0,606.0,622.0,614.0,633.0,412.0,619.0,611.0,604.0,588.0,582.0,577.0,573.0,571.0,557.0,535.0,393.0,534.0,515.0,510.0,495.0,484.0,463.0,447.0,437.0,422.0,402.0,382.0,372.0,348.0,342.0,333.0,311.0,294.0,295.0,295.0,293.0,284.0,369.0,267.0,257.0,254.0,255.0,235.0,213.0,193.0,168.0,146.0,137.0,363.0,116.0,93.0,93.0,76.0,63.0,50.0,42.0,35.0,32.0,47.0
Vesterbro/Kongens Enghave,2060,,,,,,,,,,,,,,,,,,,,,,,,,,,,,,,,,,,,,,,,,,,,,,,,,,,,,,,,,,,,,,,,,,,,,,,,,,,,,,,,,,,,,,,,,,,,,,,,,,,,,,,,,,,,,,,,,,,,,,,,,,,,,,,,,,,,,,,,,,,,,,,,,,,,,,,,,,,,,,,,,,,,,,,,,,,,,,,,,,,,,,,,,,,,,,,,,,,,,,,,,,,,,,,,,,,768.0,678.0,369.0,358.0,352.0,350.0,350.0,354.0,358.0,363.0,365.0,394.0,591.0,422.0,498.0,719.0,955.0,1034.0,1107.0,1162.0,1229.0,1241.0,1212.0,523.0,1185.0,1133.0,1095.0,1042.0,942.0,890.0,838.0,823.0,779.0,751.0,472.0,717.0,685.0,667.0,622.0,604.0,574.0,578.0,574.0,591.0,579.0,435.0,584.0,578.0,579.0,573.0,568.0,557.0,543.0,534.0,531.0,521.0,408.0,509.0,504.0,495.0,491.0,483.0,452.0,438.0,416.0,401.0,380.0,393.0,358.0,336.0,317.0,303.0,279.0,264.0,255.0,248.0,238.0,235.0,380.0,232.0,221.0,202.0,211.0,200.0,184.0,158.0,142.0,121.0,105.0,376.0,72.0,52.0,35.0,22.0,19.0,17.0,8.0,4.0,4.0,5.0,726.0,628.0,359.0,359.0,354.0,353.0,353.0,358.0,358.0,370.0,388.0,412.0,549.0,432.0,666.0,987.0,1111.0,1217.0,1279.0,1288.0,1293.0,1319.0,1296.0,484.0,1234.0,1152.0,1071.0,1007.0,918.0,867.0,835.0,833.0,794.0,754.0,442.0,718.0,689.0,667.0,640.0,613.0,590.0,590.0,596.0,614.0,620.0,409.0,624.0,608.0,605.0,591.0,581.0,575.0,561.0,561.0,554.0,542.0,390.0,526.0,513.0,501.0,490.0,489.0,476.0,450.0,443.0,426.0,411.0,380.0,390.0,361.0,343.0,333.0,324.0,300.0,289.0,287.0,283.0,283.0,367.0,274.0,258.0,245.0,245.0,237.0,219.0,200.0,178.0,154.0,139.0,361.0,117.0,91.0,94.0,80.0,70.0,52.0,46.0,35.0,34.0,49.0
Østerbro,1986,131.0,112.0,36.0,,4.0,4.0,0.0,,0.0,0.0,0.0,,0.0,0.0,42.0,39.0,27.0,,28.0,40.0,23.0,,5.0,5.0,4.0,,6.0,19.0,29.0,21.0,69.0,55.0,196.0,153.0,275.0,183.0,186.0,84.0,65.0,45.0,49.0,88.0,15.0,12.0,29.0,30.0,247.0,245.0,311.0,335.0,218.0,209.0,107.0,153.0,245.0,707.0,2063.0,1935.0,2304.0,2375.0,6291.0,7042.0,4535.0,4141.0,2876.0,2866.0,2321.0,2785.0,5683.0,11167.0,,,,,,,,,,,,,,,,,,,,,,,,,,,,,,,,,,,,,,,,,,,,,,,,,,,,,,,,,,,,,,,,,,,,,,,,,,,,,,,,,,,,,,,,,,,,,,,,,,,,,,,,,,,,,,,,,,,,,,,,,,,,,,,,,,,,,,,,,,,,,,,,,,,,,,,,,,,,,,,,,,,,,,,,,,,,,,,,,,,,,,,,,,,,,,,,,,,,,,,,,,,,,,,,,,,,,,,,,,,,,,,,,,,,,,,,,,,,,,,,,,,,,,,,,,,,,,,,,,,,,,,,,,,,,,,,,,,,,,,,,,,,,,,,,,,,,,,,,,,,,,,,,,,,,,,,,,,,,,,,,,,,,,,,,,,,,,,,,,,,
Østerbro,1987,132.0,104.0,43.0,38.0,6.0,,0.0,,0.0,0.0,0.0,,0.0,0.0,35.0,44.0,29.0,35.0,32.0,,21.0,,6.0,7.0,3.0,,5.0,19.0,28.0,23.0,76.0,59.0,231.0,166.0,285.0,183.0,194.0,96.0,68.0,42.0,49.0,88.0,19.0,10.0,26.0,28.0,245.0,242.0,319.0,327.0,226.0,226.0,121.0,159.0,248.0,675.0,1989.0,1875.0,2174.0,2239.0,6521.0,7241.0,4441.0,4142.0,3033.0,2947.0,2221.0,2678.0,5505.0,10847.0,,,,,,,,,,,,,,,,,,,,,,,,,,,,,,,2163744.0,87757.0,24656.0,2216710.0,72794.0,30452.0,2885225.0,153135.0,18841.0,2170229.0,117132.0,18528.0,2309799.0,93235.0,24774.0,2622002.0,85277.0,30747.0,3816911.0,154882.0,24644.0,3437158.0,113009.0,30415.0,3142610.0,130578.0,24067.0,2938532.0,98456.0,29846.0,,,,,,,,,,,,,,,,,,,,,,,,,,,,,,,,,,,,,,,,,,,,,,,,,,,,,,,,,,,,,,,,,,,,,,,,,,,,,,,,,,,,,,,,,,,,,,,,,,,,,,,,,,,,,,,,,,,,,,,,,,,,,,,,,,,,,,,,,,,,,,,,,,,,,,,,,,,,,,,,,,,,,,,,,,,,,,,,,,,,,,,,,,,,,,,,,,,,,,,,,,,,,,,,,,,,,,,,,,,,,,,,,,,,,,,,,,,,,,,,,,,,,,,,,,,,,,,,,,,,,,,,,,,,,,,,,,,,,,,,
Østerbro,1988,120.0,99.0,52.0,48.0,7.0,4.0,0.0,,0.0,0.0,0.0,,0.0,0.0,42.0,38.0,30.0,36.0,37.0,33.0,20.0,,6.0,9.0,3.0,,5.0,19.0,26.0,15.0,75.0,55.0,259.0,162.0,258.0,183.0,208.0,106.0,73.0,32.0,46.0,92.0,17.0,12.0,34.0,32.0,248.0,231.0,331.0,293.0,239.0,240.0,126.0,160.0,235.0,652.0,1987.0,1851.0,2110.0,2106.0,6737.0,7343.0,4471.0,4116.0,3165.0,3106.0,2180.0,2540.0,5356.0,10509.0,,,,,,,,,,,,,,,,,,,,,,,,,,,,,,,2261147.0,90663.0,24940.0,2360556.0,77428.0,30487.0,3026596.0,161083.0,18789.0,2303398.0,124602.0,18486.0,2433090.0,97292.0,25008.0,2769621.0,90239.0,30692.0,4015812.0,162046.0,24782.0,3688202.0,121330.0,30398.0,3328613.0,136783.0,24335.0,3123327.0,104533.0,29879.0,,,,,,,,,,,,,,,,,,,,,,,,,,,,,,,,,,,,,,,,,,,,,,,,,,,,,,,,,,,,,,,,,,,,,,,,,,,,,,,,,,,,,,,,,,,,,,,,,,,,,,,,,,,,,,,,,,,,,,,,,,,,,,,,,,,,,,,,,,,,,,,,,,,,,,,,,,,,,,,,,,,,,,,,,,,,,,,,,,,,,,,,,,,,,,,,,,,,,,,,,,,,,,,,,,,,,,,,,,,,,,,,,,,,,,,,,,,,,,,,,,,,,,,,,,,,,,,,,,,,,,,,,,,,,,,,,,,,,,,,
Østerbro,1989,116.0,101.0,58.0,57.0,7.0,,0.0,,0.0,0.0,0.0,,0.0,0.0,36.0,38.0,,,34.0,,22.0,,8.0,5.0,,,5.0,20.0,,,67.0,52.0,281.0,169.0,243.0,171.0,209.0,108.0,,,47.0,90.0,,,,,236.0,213.0,311.0,273.0,250.0,245.0,126.0,168.0,233.0,622.0,1987.0,1873.0,2089.0,2061.0,6878.0,7531.0,4499.0,4115.0,3258.0,3240.0,2152.0,2433.0,5198.0,10233.0,,,,,,,,,,,,,,,,,,,,,,,,,,,,,,,2343086.0,94017.0,24922.0,2468124.0,81591.0,30250.0,3125632.0,167684.0,18640.0,2375089.0,129637.0,18321.0,2524358.0,101003.0,24993.0,2882631.0,94556.0,30486.0,4121849.0,167208.0,24651.0,3858313.0,128200.0,30096.0,3444034.0,143723.0,23963.0,3256812.0,110592.0,29449.0,,,,,,,,,,,,,,,,,,,,,,,,,,,,,,,,,,,,,,,,,,,,,,,,,,,,,,,,,,,,,,,,,,,,,,,,,,,,,,,,,,,,,,,,,,,,,,,,,,,,,,,,,,,,,,,,,,,,,,,,,,,,,,,,,,,,,,,,,,,,,,,,,,,,,,,,,,,,,,,,,,,,,,,,,,,,,,,,,,,,,,,,,,,,,,,,,,,,,,,,,,,,,,,,,,,,,,,,,,,,,,,,,,,,,,,,,,,,,,,,,,,,,,,,,,,,,,,,,,,,,,,,,,,,,,,,,,,,,,,,
Østerbro,1990,108.0,119.0,71.0,65.0,,,,,0.0,0.0,0.0,,0.0,0.0,40.0,34.0,,,,,,,10.0,4.0,,10.0,4.0,19.0,,,70.0,59.0,290.0,195.0,256.0,172.0,209.0,111.0,,,41.0,82.0,,,,,249.0,227.0,311.0,258.0,247.0,262.0,127.0,162.0,238.0,595.0,2021.0,1952.0,2012.0,2010.0,6909.0,7614.0,4595.0,4156.0,3284.0,3328.0,2160.0,2356.0,5015.0,9892.0,,,,,,,,,,,,,,,,,,,,,,,,,,,,,,,2399262.0,96298.0,24915.0,2534111.0,84223.0,30088.0,3201518.0,172784.0,18529.0,2464161.0,133849.0,18410.0,2584646.0,103452.0,24984.0,2963701.0,97893.0,30275.0,4302005.0,173797.0,24753.0,3979123.0,132730.0,29979.0,3535292.0,147126.0,24029.0,3377980.0,115223.0,29317.0,,,,,,,,,,,,,,,,,,,,,,,,,,,,,,,,,,,,,,,,,,,,,,,,,,,,,,,,,,,,,,,,,,,,,,,,,,,,,,,,,,,,,,,,,,,,,,,,,,,,,,,,,,,,,,,,,,,,,,,,,,,,,,,,,,,,,,,,,,,,,,,,,,,,,,,,,,,,,,,,,,,,,,,,,,,,,,,,,,,,,,,,,,,,,,,,,,,,,,,,,,,,,,,,,,,,,,,,,,,,,,,,,,,,,,,,,,,,,,,,,,,,,,,,,,,,,,,,,,,,,,,,,,,,,,,,,,,,,,,,
Østerbro,1991,116.0,117.0,76.0,77.0,,,,,0.0,0.0,0.0,,0.0,0.0,38.0,34.0,33.0,30.0,,,,,3.0,5.0,4.0,,4.0,20.0,28.0,16.0,62.0,44.0,282.0,221.0,284.0,185.0,209.0,124.0,90.0,58.0,45.0,84.0,15.0,9.0,32.0,30.0,273.0,244.0,306.0,249.0,247.0,266.0,140.0,162.0,232.0,565.0,2088.0,1942.0,1895.0,1941.0,7083.0,7735.0,4624.0,4177.0,3295.0,3391.0,2160.0,2367.0,4840.0,9490.0,,,,,,,,,,,,,,,,,,,,,,,,,,,,,,,2462626.0,99319.0,24795.0,2572121.0,86122.0,29866.0,3207553.0,175047.0,18324.0,2482093.0,134487.0,18456.0,2653783.0,106715.0,24868.0,3003795.0,99940.0,30056.0,4369393.0,176470.0,24760.0,4064517.0,136297.0,29821.0,3603560.0,150481.0,23947.0,3426889.0,117803.0,29090.0,,,,,,,,,,,,,,,,,,,,,,,,,,,,,,,,,,,,,,,,,,,,,,,,,,,,,,,,,,,,,,,,,,,,,,,,,,,,,,,,,,,,,,,,,,,,,,,,,,,,,,,,,,,,,,,,,,,,,,,,,,,,,,,,,,,,,,,,,,,,,,,,,,,,,,,,,,,,,,,,,,,,,,,,,,,,,,,,,,,,,,,,,,,,,,,,,,,,,,,,,,,,,,,,,,,,,,,,,,,,,,,,,,,,,,,,,,,,,,,,,,,,,,,,,,,,,,,,,,,,,,,,,,,,,,,,,,,,,,,,
Østerbro,1992,123.0,123.0,86.0,86.0,,,,,0.0,0.0,0.0,0.0,0.0,0.0,31.0,30.0,33.0,32.0,,,,,7.0,6.0,3.0,9.0,5.0,18.0,32.0,30.0,65.0,59.0,273.0,233.0,295.0,194.0,215.0,131.0,96.0,61.0,47.0,86.0,16.0,8.0,32.0,23.0,275.0,256.0,289.0,234.0,269.0,272.0,137.0,168.0,222.0,535.0,2125.0,2013.0,1775.0,1889.0,7146.0,7782.0,4680.0,4253.0,3326.0,3410.0,2154.0,2370.0,4695.0,9121.0,,,,,,,,,,,,,,,,,,,,,,,,,,,,,,,2520799.0,101176.0,24915.0,2647165.0,88858.0,29791.0,3233504.0,175820.0,18391.0,2540177.0,137292.0,18502.0,2728356.0,109108.0,25006.0,3068644.0,102339.0,29985.0,4428323.0,177994.0,24879.0,4156935.0,139790.0,29737.0,3707558.0,154411.0,24011.0,3504746.0,121255.0,28904.0,,,,,,,,,,,,,,,,,,,,,,,,,,,,,,,,,,,,,,,,,,,,,,,,,,,,,,,,,,,,,,,,,,,,,,,,,,,,,,,,,,,,,,,,,,,,,,,,,,,,,,,,,,,,,,,,,,,,,,,,,,,,,,,,,,,,,,,,,,,,,,,,,,,,,,,,,,,,,,,,,,,,,,,,,,,,,,,,,,,,,,,,,,,,,,,,,,,,,,,,,,,,,,,,,,,,,,,,,,,,,,,,,,,,,,,,,,,,,,,,,,,,,,,,,,,,,,,,,,,,,,,,,,,,,,,,,,,,,,,,
Østerbro,1993,126.0,125.0,86.0,81.0,,,,,0.0,0.0,0.0,0.0,0.0,0.0,38.0,34.0,32.0,33.0,,,,,9.0,5.0,7.0,6.0,7.0,18.0,33.0,39.0,63.0,66.0,262.0,219.0,337.0,217.0,209.0,147.0,111.0,62.0,51.0,83.0,18.0,7.0,24.0,16.0,246.0,254.0,321.0,241.0,264.0,283.0,149.0,169.0,210.0,512.0,2274.0,2096.0,1693.0,1828.0,7366.0,7991.0,4732.0,4329.0,3321.0,3437.0,2176.0,2430.0,4546.0,8729.0,,,,,,,,,,,,,,,,,,,,,,,,,,,,,,,2607357.0,104069.0,25054.0,2768099.0,92396.0,29959.0,3280322.0,177660.0,18464.0,2661531.0,141926.0,18753.0,2830523.0,112483.0,25164.0,3196809.0,106101.0,30130.0,4501550.0,179932.0,25018.0,4311244.0,144160.0,29906.0,3775881.0,157106.0,24034.0,3633993.0,125125.0,29043.0,,,,,,,,,,,,,,,,,,,,,,,,,,,,,,,,,,,,,,,,,,,,,,,,,,,,,,,,,,,,,,,,,,,,,,,,,,,,,,,,,,,,,,,,,,,,,,,,,,,,,,,,,,,,,,,,,,,,,,,,,,,,,,,,,,,,,,,,,,,,,,,,,,,,,,,,,,,,,,,,,,,,,,,,,,,,,,,,,,,,,,,,,,,,,,,,,,,,,,,,,,,,,,,,,,,,,,,,,,,,,,,,,,,,,,,,,,,,,,,,,,,,,,,,,,,,,,,,,,,,,,,,,,,,,,,,,,,,,,,,
Østerbro,1994,127.0,142.0,87.0,94.0,22.0,9.0,3.0,3.0,0.0,0.0,0.0,0.0,0.0,0.0,42.0,36.0,27.0,23.0,40.0,41.0,32.0,23.0,10.0,6.0,7.0,4.0,7.0,19.0,30.0,44.0,70.0,60.0,258.0,222.0,354.0,249.0,214.0,145.0,119.0,72.0,52.0,92.0,15.0,7.0,36.0,21.0,285.0,242.0,317.0,240.0,276.0,274.0,164.0,181.0,218.0,517.0,2378.0,2192.0,1626.0,1712.0,7412.0,8266.0,4856.0,4460.0,3299.0,3405.0,2268.0,2499.0,4394.0,8421.0,,,,,,,,,,,,,,,,,,,,,,,,,,,,,,,2776380.0,110586.0,25106.0,2925286.0,97610.0,29969.0,3510308.0,183911.0,19087.0,2794932.0,142337.0,19636.0,3006093.0,119280.0,25202.0,3391404.0,112552.0,30132.0,4776247.0,190615.0,25057.0,4669477.0,156065.0,29920.0,4059717.0,163619.0,24812.0,4006213.0,135267.0,29617.0,,,,,,,,,,,,,,,,,,,,,,,,,,,,,,,,,,,,,,,,,,,,,,,,,,,,,,,,,,,,,,,,,,,,,,,,,,,,,,,,,,,,,,,,,,,,,,,,,,,,,,,,,,,,,,,,,,,,,,,,,,,,,,,,,,,,,,,,,,,,,,,,,,,,,,,,,,,,,,,,,,,,,,,,,,,,,,,,,,,,,,,,,,,,,,,,,,,,,,,,,,,,,,,,,,,,,,,,,,,,,,,,,,,,,,,,,,,,,,,,,,,,,,,,,,,,,,,,,,,,,,,,,,,,,,,,,,,,,,,,
Østerbro,1995,149.0,148.0,91.0,101.0,33.0,19.0,3.0,5.0,0.0,0.0,0.0,0.0,0.0,0.0,43.0,31.0,26.0,21.0,40.0,39.0,32.0,21.0,13.0,6.0,6.0,3.0,8.0,19.0,31.0,39.0,70.0,62.0,227.0,253.0,387.0,251.0,220.0,167.0,141.0,80.0,57.0,102.0,16.0,14.0,31.0,21.0,281.0,271.0,327.0,229.0,277.0,255.0,177.0,201.0,215.0,494.0,2478.0,2336.0,1571.0,1608.0,7361.0,8415.0,5063.0,4672.0,3248.0,3380.0,2373.0,2644.0,4249.0,8056.0,,,,,,,,,,,,,,,,,,,,,,,,,,,,,,,2910691.0,115481.0,25205.0,3055149.0,101443.0,30117.0,3703580.0,193712.0,19119.0,2948012.0,150087.0,19642.0,3151658.0,124503.0,25314.0,3528439.0,116558.0,30272.0,4950521.0,196926.0,25139.0,4825743.0,160585.0,30051.0,4156386.0,167975.0,24744.0,4088219.0,137804.0,29667.0,,,,,,,,,,,,,,,,,,,,,,,,,,,,,,,,,,,,,,,,,,,,,,,,,,,,,,,,,,,,,,,,,,,,,,,,,,,,,,,,,,,,,,,,,,,,,,,,,,,,,,,,,,,,,,,,,,,,,,,,,,,,,,,,,,,,,,,,,,,,,,,,,,,,,,,,,,,,,,,,,,,,,,,,,,,,,,,,,,,,,,,,,,,,,,,,,,,,,,,,,,,,,,,,,,,,,,,,,,,,,,,,,,,,,,,,,,,,,,,,,,,,,,,,,,,,,,,,,,,,,,,,,,,,,,,,,,,,,,,,
Østerbro,1996,157.0,170.0,98.0,99.0,45.0,31.0,4.0,6.0,0.0,0.0,0.0,0.0,0.0,0.0,47.0,37.0,28.0,23.0,45.0,39.0,27.0,21.0,15.0,6.0,6.0,5.0,7.0,17.0,41.0,53.0,97.0,88.0,276.0,273.0,432.0,306.0,246.0,208.0,161.0,99.0,83.0,124.0,21.0,15.0,27.0,24.0,297.0,307.0,370.0,261.0,268.0,263.0,193.0,218.0,202.0,464.0,2564.0,2474.0,1514.0,1539.0,7364.0,8504.0,5281.0,4984.0,3161.0,3317.0,2473.0,2757.0,4093.0,7670.0,,,,,,,,,,,,,,,,,,,,,,,,,,,,,,,3108517.0,121039.0,25682.0,3219050.0,106012.0,30365.0,3971763.0,199506.0,19908.0,3156248.0,155511.0,20296.0,3359541.0,130169.0,25809.0,3711227.0,121672.0,30502.0,5233566.0,204269.0,25621.0,5039277.0,166241.0,30313.0,4375745.0,173180.0,25267.0,4253218.0,142020.0,29948.0,,,,,,,,,,,,,,,,,,,,,,,,,,,,,,,,,,,,,,,,,,,,,,,,,,,,,,,,,,,,,,,,,,,,,,,,,,,,,,,,,,,,,,,,,,,,,,,,,,,,,,,,,,,,,,,,,,,,,,,,,,,,,,,,,,,,,,,,,,,,,,,,,,,,,,,,,,,,,,,,,,,,,,,,,,,,,,,,,,,,,,,,,,,,,,,,,,,,,,,,,,,,,,,,,,,,,,,,,,,,,,,,,,,,,,,,,,,,,,,,,,,,,,,,,,,,,,,,,,,,,,,,,,,,,,,,,,,,,,,,
Østerbro,1997,199.0,194.0,111.0,117.0,41.0,31.0,4.0,,0.0,,0.0,0.0,0.0,0.0,57.0,40.0,28.0,27.0,50.0,45.0,24.0,,15.0,,6.0,5.0,7.0,18.0,65.0,58.0,126.0,103.0,274.0,319.0,497.0,335.0,278.0,236.0,168.0,106.0,87.0,120.0,16.0,20.0,26.0,34.0,303.0,307.0,396.0,280.0,293.0,260.0,210.0,224.0,198.0,466.0,2701.0,2621.0,1520.0,1515.0,7453.0,8566.0,5609.0,5330.0,3070.0,3217.0,2675.0,2951.0,3919.0,7265.0,,,,,,,,,,,,,,,,,,,,,,,,,,,,,,,3260959.0,126546.0,25769.0,3330642.0,109795.0,30335.0,4258885.0,211129.0,20172.0,3354611.0,163385.0,20532.0,3501665.0,135126.0,25914.0,3856616.0,126567.0,30471.0,5530505.0,215304.0,25687.0,5206515.0,171951.0,30279.0,4554650.0,180633.0,25215.0,4324855.0,144823.0,29863.0,,,,,,,,,,,,,,,,,,,,,,,,,,,,,,,,,,,,,,,,,,,,,,,,,,,,,,,,,,,,,,,,,,,,,,,,,,,,,,,,,,,,,,,,,,,,,,,,,,,,,,,,,,,,,,,,,,,,,,,,,,,,,,,,,,,,,,,,,,,,,,,,,,,,,,,,,,,,,,,,,,,,,,,,,,,,,,,,,,,,,,,,,,,,,,,,,,,,,,,,,,,,,,,,,,,,,,,,,,,,,,,,,,,,,,,,,,,,,,,,,,,,,,,,,,,,,,,,,,,,,,,,,,,,,,,,,,,,,,,,
Østerbro,1998,208.0,205.0,104.0,115.0,53.0,42.0,8.0,,0.0,,0.0,0.0,0.0,0.0,63.0,35.0,29.0,30.0,38.0,55.0,24.0,,14.0,,7.0,6.0,7.0,20.0,77.0,76.0,137.0,114.0,270.0,321.0,490.0,357.0,275.0,243.0,186.0,116.0,88.0,123.0,24.0,22.0,33.0,45.0,292.0,328.0,416.0,299.0,294.0,257.0,219.0,233.0,201.0,448.0,2796.0,2665.0,1516.0,1544.0,7341.0,8431.0,5814.0,5542.0,3062.0,3209.0,2775.0,3044.0,3787.0,6989.0,,,,,,,,,,,,,,,,,,,,,,,,,,,,,,,3511721.0,135290.0,25957.0,3529181.0,115962.0,30434.0,4666741.0,224363.0,20800.0,3651753.0,172766.0,21137.0,3752103.0,144046.0,26048.0,4101352.0,134259.0,30548.0,5918634.0,228483.0,25904.0,5490299.0,180721.0,30380.0,4852967.0,189008.0,25676.0,4534685.0,150774.0,30076.0,0.0,0.0,9160.0,12491.0,0.0,0.0,0.0,0.0,0.0,0.0,0.0,0.0,0.0,0.0,0.0,0.0,3788.0,3903.0,0.0,0.0,0.0,0.0,168.0,1303.0,0.0,0.0,0.0,0.0,0.0,0.0,0.0,0.0,0.0,0.0,0.0,0.0,935.0,1366.0,0.0,0.0,0.0,0.0,35.0,428.0,0.0,0.0,0.0,0.0,0.0,0.0,0.0,0.0,0.0,0.0,0.0,0.0,419.0,1005.0,0.0,0.0,0.0,0.0,3.0,68.0,0.0,0.0,0.0,0.0,0.0,0.0,0.0,0.0,0.0,0.0,0.0,0.0,56.0,208.0,0.0,0.0,,,,,,,,,,,,,,,,,,,,,,,,,,,,,,,,,,,,,,,,,,,,,,,,,,,,,,,,,,,,,,,,,,,,,,,,,,,,,,,,,,,,,,,,,,,,,,,,,,,,,,,,,,,,,,,,,,,,,,,,,,,,,,,,,,,,,,,,,,,,,,,,,,,,,,,,,,,,,,,,,,,,,,,,,,,,,,,,,,,,,,,,,,,,,,,,,,,,,,,,
Østerbro,1999,224.0,205.0,112.0,114.0,68.0,60.0,,,,,0.0,0.0,0.0,0.0,65.0,43.0,30.0,23.0,41.0,58.0,,,,,8.0,4.0,7.0,23.0,59.0,44.0,108.0,97.0,222.0,324.0,511.0,365.0,249.0,236.0,192.0,107.0,86.0,119.0,29.0,28.0,38.0,34.0,332.0,394.0,435.0,321.0,276.0,250.0,228.0,235.0,210.0,444.0,2933.0,2814.0,1496.0,1574.0,7224.0,8347.0,5990.0,5713.0,3095.0,3239.0,2824.0,3148.0,3744.0,6804.0,,,,,,,,,,,,,,,,,,,,,,,,,,,,,,,3719516.0,142134.0,26169.0,3677680.0,121172.0,30351.0,5070150.0,239147.0,21201.0,3917585.0,182655.0,21448.0,3959884.0,150772.0,26264.0,4294997.0,140907.0,30481.0,6323350.0,242172.0,26111.0,5709631.0,188542.0,30283.0,5230421.0,202627.0,25813.0,4729369.0,157846.0,29962.0,0.0,0.0,9044.0,12417.0,0.0,0.0,0.0,0.0,0.0,0.0,0.0,0.0,0.0,0.0,0.0,0.0,3846.0,3776.0,0.0,0.0,0.0,0.0,155.0,1301.0,0.0,0.0,0.0,0.0,0.0,0.0,0.0,0.0,0.0,0.0,0.0,0.0,952.0,1348.0,0.0,0.0,0.0,0.0,37.0,441.0,0.0,0.0,0.0,0.0,0.0,0.0,0.0,0.0,0.0,0.0,0.0,0.0,431.0,1079.0,0.0,0.0,0.0,0.0,4.0,55.0,0.0,0.0,0.0,0.0,0.0,0.0,0.0,0.0,0.0,0.0,0.0,0.0,58.0,235.0,0.0,0.0,,,,,,,,,,,,,,,,,,,,,,,,,,,,,,,,,,,,,,,,,,,,,,,,,,,,,,,,,,,,,,,,,,,,,,,,,,,,,,,,,,,,,,,,,,,,,,,,,,,,,,,,,,,,,,,,,,,,,,,,,,,,,,,,,,,,,,,,,,,,,,,,,,,,,,,,,,,,,,,,,,,,,,,,,,,,,,,,,,,,,,,,,,,,,,,,,,,,,,,,
Østerbro,2000,218.0,207.0,106.0,117.0,75.0,62.0,5.0,,0.0,,0.0,0.0,0.0,0.0,69.0,41.0,29.0,23.0,44.0,52.0,23.0,,15.0,,7.0,4.0,8.0,24.0,44.0,37.0,91.0,91.0,268.0,321.0,472.0,371.0,284.0,246.0,196.0,114.0,100.0,127.0,26.0,26.0,33.0,31.0,330.0,446.0,476.0,329.0,270.0,245.0,228.0,238.0,211.0,440.0,2989.0,2890.0,1549.0,1596.0,7202.0,8274.0,6236.0,5893.0,3103.0,3207.0,2838.0,3231.0,3649.0,6541.0,,,,,,,,,,,,,,,,,,,,,,,,,,,,,,,3942819.0,151072.0,26099.0,3880489.0,128052.0,30304.0,5384059.0,253511.0,21238.0,4158010.0,192411.0,21610.0,4198659.0,160175.0,26213.0,4548196.0,149410.0,30441.0,6701979.0,257580.0,26019.0,6008464.0,198627.0,30250.0,5388696.0,210619.0,25585.0,4872729.0,163481.0,29806.0,0.0,0.0,9142.0,12181.0,0.0,0.0,0.0,0.0,0.0,0.0,0.0,0.0,0.0,0.0,0.0,0.0,4011.0,3688.0,0.0,0.0,0.0,0.0,142.0,1264.0,0.0,0.0,0.0,0.0,0.0,0.0,0.0,0.0,0.0,0.0,0.0,0.0,921.0,1382.0,0.0,0.0,0.0,0.0,34.0,439.0,0.0,0.0,0.0,0.0,0.0,0.0,0.0,0.0,0.0,0.0,0.0,0.0,485.0,1155.0,0.0,0.0,0.0,0.0,4.0,51.0,0.0,0.0,0.0,0.0,0.0,0.0,0.0,0.0,0.0,0.0,0.0,0.0,70.0,240.0,0.0,0.0,,,,,,,,,,,,,,,,,,,,,,,,,,,,,,,,,,,,,,,,,,,,,,,,,,,,,,,,,,,,,,,,,,,,,,,,,,,,,,,,,,,,,,,,,,,,,,,,,,,,,,,,,,,,,,,,,,,,,,,,,,,,,,,,,,,,,,,,,,,,,,,,,,,,,,,,,,,,,,,,,,,,,,,,,,,,,,,,,,,,,,,,,,,,,,,,,,,,,,,,
Østerbro,2001,265.0,210.0,105.0,115.0,83.0,78.0,7.0,,0.0,,0.0,0.0,0.0,0.0,68.0,35.0,30.0,29.0,53.0,47.0,24.0,,17.0,,6.0,5.0,10.0,24.0,41.0,37.0,103.0,90.0,219.0,352.0,493.0,410.0,303.0,238.0,198.0,132.0,109.0,129.0,28.0,27.0,20.0,37.0,361.0,437.0,470.0,350.0,279.0,233.0,253.0,248.0,203.0,432.0,3003.0,2962.0,1610.0,1647.0,7074.0,8109.0,6299.0,5992.0,3093.0,3193.0,2884.0,3323.0,3637.0,6373.0,,,,,,,,,,,,,,,,,,,,,,,,,,,,,,,4075720.0,156398.0,26060.0,3994512.0,133124.0,30006.0,5621251.0,264380.0,21262.0,4339459.0,200511.0,21642.0,4345845.0,165777.0,26215.0,4657629.0,154518.0,30143.0,6941678.0,267543.0,25946.0,6205089.0,207126.0,29958.0,5596812.0,220538.0,25378.0,5046865.0,171400.0,29445.0,0.0,0.0,9068.0,11868.0,0.0,0.0,0.0,0.0,0.0,0.0,0.0,0.0,0.0,0.0,0.0,0.0,3991.0,3761.0,0.0,0.0,0.0,0.0,148.0,1278.0,0.0,0.0,0.0,0.0,0.0,0.0,0.0,0.0,0.0,0.0,0.0,0.0,935.0,1394.0,0.0,0.0,0.0,0.0,31.0,444.0,0.0,0.0,0.0,0.0,0.0,0.0,0.0,0.0,0.0,0.0,0.0,0.0,475.0,1231.0,0.0,0.0,0.0,0.0,2.0,53.0,0.0,0.0,0.0,0.0,0.0,0.0,0.0,0.0,0.0,0.0,0.0,0.0,79.0,246.0,0.0,0.0,,,,,,,,,,,,,,,,,,,,,,,,,,,,,,,,,,,,,,,,,,,,,,,,,,,,,,,,,,,,,,,,,,,,,,,,,,,,,,,,,,,,,,,,,,,,,,,,,,,,,,,,,,,,,,,,,,,,,,,,,,,,,,,,,,,,,,,,,,,,,,,,,,,,,,,,,,,,,,,,,,,,,,,,,,,,,,,,,,,,,,,,,,,,,,,,,,,,,,,,
Østerbro,2002,254.0,196.0,113.0,127.0,88.0,88.0,,,,,0.0,0.0,0.0,0.0,70.0,41.0,33.0,26.0,55.0,48.0,,,,,5.0,6.0,11.0,23.0,35.0,27.0,101.0,93.0,232.0,344.0,477.0,407.0,336.0,275.0,207.0,144.0,121.0,138.0,32.0,32.0,24.0,43.0,345.0,475.0,484.0,375.0,274.0,232.0,261.0,245.0,220.0,434.0,3142.0,3056.0,1625.0,1661.0,6788.0,7806.0,6476.0,6151.0,3179.0,3204.0,2925.0,3349.0,3561.0,6168.0,,,,,,,,,,,,,,,,,,,,,,,,,,,,,,,4279241.0,162050.0,26407.0,4168973.0,139040.0,29984.0,5805954.0,272120.0,21336.0,4450289.0,206567.0,21544.0,4558019.0,171761.0,26537.0,4859639.0,161300.0,30128.0,7144760.0,271912.0,26276.0,6379342.0,213135.0,29931.0,5729908.0,223084.0,25685.0,5160210.0,175577.0,29390.0,0.0,0.0,9134.25,11726.75,0.0,0.0,0.0,0.0,0.0,0.0,0.0,0.0,0.0,0.0,0.0,0.0,3857.25,3717.5,0.0,0.0,0.0,0.0,149.25,1228.0,0.0,0.0,0.0,0.0,0.0,0.0,0.0,0.0,0.0,0.0,0.0,0.0,999.25,1427.0,0.0,0.0,0.0,0.0,41.0,463.75,0.0,0.0,0.0,0.0,0.0,0.0,0.0,0.0,0.0,0.0,0.0,0.0,484.5,1291.25,0.0,0.0,0.0,0.0,3.0,54.25,0.0,0.0,0.0,0.0,0.0,0.0,0.0,0.0,0.0,0.0,0.0,0.0,77.25,292.75,0.0,0.0,,,,,,,,,,,,,,,,,,,,,,,,,,,,,,,,,,,,,,,,,,,,,,,,,,,,,,,,,,,,,,,,,,,,,,,,,,,,,,,,,,,,,,,,,,,,,,,,,,,,,,,,,,,,,,,,,,,,,,,,,,,,,,,,,,,,,,,,,,,,,,,,,,,,,,,,,,,,,,,,,,,,,,,,,,,,,,,,,,,,,,,,,,,,,,,,,,,,,,,,
Østerbro,2003,274.0,194.0,124.0,136.0,89.0,102.0,,,,,0.0,0.0,0.0,0.0,62.0,47.0,35.0,26.0,53.0,42.0,,,,,4.0,9.0,13.0,23.0,37.0,36.0,97.0,100.0,253.0,343.0,481.0,445.0,373.0,275.0,203.0,154.0,142.0,147.0,30.0,27.0,33.0,39.0,355.0,458.0,500.0,403.0,282.0,232.0,262.0,277.0,230.0,423.0,3186.0,3166.0,1714.0,1701.0,6542.0,7516.0,6735.0,6322.0,3203.0,3235.0,3002.0,3387.0,3600.0,6053.0,,,,,,,,,,,,,,,,,,,,,,,,,,,,,,,4386228.0,166208.0,26390.0,4298549.0,144227.0,29804.0,5790781.0,275057.0,21053.0,4508082.0,209337.0,21535.0,4676398.0,176268.0,26530.0,4992544.0,166696.0,29950.0,7218673.0,274767.0,26272.0,6518271.0,219102.0,29750.0,5783956.0,225355.0,25666.0,5269310.0,180394.0,29210.0,0.0,0.0,9093.5,11520.5,0.0,0.0,0.0,0.0,0.0,0.0,0.0,0.0,0.0,0.0,0.0,0.0,3823.5,3684.0,0.0,0.0,0.0,0.0,157.75,1200.0,0.0,0.0,0.0,0.0,0.0,0.0,0.0,0.0,0.0,0.0,0.0,0.0,1015.5,1451.0,0.0,0.0,0.0,0.0,40.25,497.25,0.0,0.0,0.0,0.0,0.0,0.0,0.0,0.0,0.0,0.0,0.0,0.0,501.75,1322.75,0.0,0.0,0.0,0.0,5.0,69.75,0.0,0.0,0.0,0.0,0.0,0.0,0.0,0.0,0.0,0.0,0.0,0.0,83.0,315.0,0.0,0.0,,,,,,,,,,,,,,,,,,,,,,,,,,,,,,,,,,,,,,,,,,,,,,,,,,,,,,,,,,,,,,,,,,,,,,,,,,,,,,,,,,,,,,,,,,,,,,,,,,,,,,,,,,,,,,,,,,,,,,,,,,,,,,,,,,,,,,,,,,,,,,,,,,,,,,,,,,,,,,,,,,,,,,,,,,,,,,,,,,,,,,,,,,,,,,,,,,,,,,,,
Østerbro,2004,272.0,190.0,128.0,154.0,106.0,103.0,,,,,0.0,0.0,0.0,0.0,65.0,47.0,35.0,31.0,43.0,49.0,,,,,7.0,8.0,12.0,23.0,29.0,42.0,108.0,100.0,271.0,345.0,493.0,447.0,385.0,303.0,214.0,165.0,159.0,154.0,30.0,31.0,33.0,34.0,344.0,471.0,480.0,409.0,284.0,221.0,247.0,274.0,236.0,427.0,3270.0,3199.0,1790.0,1805.0,6243.0,7151.0,6791.0,6365.0,3331.0,3323.0,2961.0,3348.0,3635.0,5983.0,,,,,,,,,,,,,,,,,,,,,,,,,,,,,,,4649186.0,176567.0,26331.0,4539136.0,151983.0,29866.0,5880958.0,280286.0,20982.0,4659424.0,215385.0,21633.0,4956788.0,187402.0,26450.0,5280500.0,176087.0,29988.0,7399261.0,282814.0,26163.0,6701280.0,225026.0,29780.0,5826384.0,228012.0,25553.0,5358169.0,183392.0,29217.0,0.0,0.0,9091.25,11402.25,0.0,0.0,0.0,0.0,0.0,0.0,0.0,0.0,0.0,0.0,0.0,0.0,3693.0,3607.25,0.0,0.0,0.0,0.0,158.25,1246.5,0.0,0.0,0.0,0.0,0.0,0.0,0.0,0.0,0.0,0.0,0.0,0.0,1004.0,1422.0,0.0,0.0,0.0,0.0,45.75,518.75,0.0,0.0,0.0,0.0,0.0,0.0,0.0,0.0,0.0,0.0,0.0,0.0,515.75,1349.75,0.0,0.0,0.0,0.0,4.5,74.0,0.0,0.0,0.0,0.0,0.0,0.0,0.0,0.0,0.0,0.0,0.0,0.0,84.75,321.25,0.0,0.0,,,,,,,,,,,,,,,,,,,,,,,,,,,,,,,,,,,,,,,,,,,,,,,,,,,,,,,,,,,,,,,,,,,,,,,,,,,,,,,,,,,,,,,,,,,,,,,,,,,,,,,,,,,,,,,,,,,,,,,,,,,,,,,,,,,,,,,,,,,,,,,,,,,,,,,,,,,,,,,,,,,,,,,,,,,,,,,,,,,,,,,,,,,,,,,,,,,,,,,,
Østerbro,2005,255.0,220.0,144.0,148.0,114.0,121.0,,,,,0.0,0.0,0.0,0.0,63.0,50.0,40.0,30.0,51.0,60.0,,,,,9.0,7.0,14.0,24.0,36.0,38.0,92.0,103.0,281.0,389.0,482.0,467.0,386.0,324.0,227.0,174.0,165.0,163.0,31.0,25.0,32.0,35.0,374.0,491.0,476.0,429.0,292.0,218.0,242.0,267.0,247.0,430.0,3320.0,3196.0,1894.0,1923.0,5983.0,6899.0,6682.0,6391.0,3474.0,3404.0,2912.0,3323.0,3716.0,5995.0,,,,,,,,,,,,,,,,,,,,,,,,,,,,,,,4832207.0,184986.0,26122.0,4705721.0,159095.0,29578.0,6027004.0,288580.0,20885.0,4819974.0,221323.0,21778.0,5138384.0,195532.0,26279.0,5494700.0,184969.0,29706.0,7663251.0,294877.0,25988.0,6899806.0,233789.0,29513.0,6004626.0,237713.0,25260.0,5455448.0,189045.0,28858.0,0.0,0.0,9190.5,11328.25,0.0,0.0,0.0,0.0,0.0,0.0,0.0,0.0,0.0,0.0,0.0,0.0,3621.25,3562.5,0.0,0.0,0.0,0.0,157.25,1320.0,0.0,0.0,0.0,0.0,0.0,0.0,0.0,0.0,0.0,0.0,0.0,0.0,970.25,1426.75,0.0,0.0,0.0,0.0,48.75,534.75,0.0,0.0,0.0,0.0,0.0,0.0,0.0,0.0,0.0,0.0,0.0,0.0,526.0,1380.25,0.0,0.0,0.0,0.0,5.75,76.0,0.0,0.0,0.0,0.0,0.0,0.0,0.0,0.0,0.0,0.0,0.0,0.0,78.5,338.25,0.0,0.0,,,,,,,,,,,,,,,,,,,,,,,,,,,,,,,,,,,,,,,,,,,,,,,,,,,,,,,,,,,,,,,,,,,,,,,,,,,,,,,,,,,,,,,,,,,,,,,,,,,,,,,,,,,,,,,,,,,,,,,,,,,,,,,,,,,,,,,,,,,,,,,,,,,,,,,,,,,,,,,,,,,,,,,,,,,,,,,,,,,,,,,,,,,,,,,,,,,,,,,,
Østerbro,2006,273.0,218.0,151.0,149.0,125.0,116.0,30.0,26.0,3.0,4.0,0.0,0.0,0.0,0.0,65.0,59.0,41.0,35.0,47.0,52.0,32.0,34.0,23.0,10.0,12.0,8.0,11.0,22.0,22.0,44.0,86.0,89.0,295.0,441.0,473.0,470.0,404.0,332.0,242.0,194.0,177.0,172.0,32.0,28.0,31.0,38.0,408.0,560.0,479.0,436.0,295.0,238.0,241.0,259.0,252.0,424.0,3285.0,3155.0,1940.0,1995.0,5920.0,6649.0,6454.0,6219.0,3530.0,3517.0,2841.0,3266.0,3802.0,5960.0,,,,,,,,,,,,,,,,,,,,,,,,,,,,,,,4998907.0,191757.0,26069.0,4845414.0,164922.0,29380.0,6399696.0,303519.0,21085.0,5052391.0,232059.0,21772.0,5297262.0,202495.0,26160.0,5668708.0,192349.0,29471.0,7954776.0,306212.0,25978.0,7178134.0,244737.0,29330.0,6138555.0,241390.0,25430.0,5609518.0,195012.0,28765.0,0.0,0.0,9263.5,11365.5,0.0,0.0,0.0,0.0,0.0,0.0,0.0,0.0,0.0,0.0,0.0,0.0,3597.0,3490.75,0.0,0.0,0.0,0.0,169.25,1348.5,0.0,0.0,0.0,0.0,0.0,0.0,0.0,0.0,0.0,0.0,0.0,0.0,938.5,1393.25,0.0,0.0,0.0,0.0,46.5,552.5,0.0,0.0,0.0,0.0,0.0,0.0,0.0,0.0,0.0,0.0,0.0,0.0,503.25,1409.75,0.0,0.0,0.0,0.0,6.25,84.5,0.0,0.0,0.0,0.0,0.0,0.0,0.0,0.0,0.0,0.0,0.0,0.0,81.0,357.25,0.0,0.0,,,,,,,,,,,,,,,,,,,,,,,,,,,,,,,,,,,,,,,,,,,,,,,,,,,,,,,,,,,,,,,,,,,,,,,,,,,,,,,,,,,,,,,,,,,,,,,,,,,,,,,,,,,,,,,,,,,,,,,,,,,,,,,,,,,,,,,,,,,,,,,,,,,,,,,,,,,,,,,,,,,,,,,,,,,,,,,,,,,,,,,,,,,,,,,,,,,,,,,,
Østerbro,2007,274.0,228.0,166.0,166.0,124.0,129.0,,,,,0.0,,0.0,0.0,69.0,58.0,50.0,32.0,50.0,49.0,,,,,12.0,,14.0,21.0,38.0,48.0,92.0,96.0,322.0,458.0,481.0,529.0,416.0,332.0,264.0,216.0,186.0,178.0,27.0,38.0,32.0,39.0,493.0,624.0,585.0,463.0,337.0,250.0,238.0,267.0,265.0,432.0,3279.0,3175.0,1996.0,2024.0,5663.0,6402.0,6214.0,5989.0,3645.0,3670.0,2786.0,3159.0,3936.0,6027.0,,,,,,,,,,,,,,,,,,,,,,,,,,,,,,,5103502.0,195484.0,26107.0,4961895.0,168137.0,29511.0,6786748.0,319557.0,21238.0,5367800.0,243758.0,22021.0,5406443.0,206353.0,26200.0,5797745.0,195883.0,29598.0,8399494.0,322933.0,26010.0,7556246.0,256344.0,29477.0,6365533.0,251682.0,25292.0,5817011.0,202092.0,28784.0,0.0,0.0,9236.5,11300.25,0.0,0.0,0.0,0.0,0.0,0.0,0.0,0.0,0.0,0.0,0.0,0.0,3469.0,3507.0,0.0,0.0,0.0,0.0,185.0,1366.0,0.0,0.0,0.0,0.0,0.0,0.0,0.0,0.0,0.0,0.0,0.0,0.0,949.25,1380.25,0.0,0.0,0.0,0.0,43.0,578.5,0.0,0.0,0.0,0.0,0.0,0.0,0.0,0.0,0.0,0.0,0.0,0.0,487.0,1487.0,0.0,0.0,0.0,0.0,6.5,86.75,0.0,0.0,0.0,0.0,0.0,0.0,0.0,0.0,0.0,0.0,0.0,0.0,80.0,369.5,0.0,0.0,,,,,,,,,,,,,,,,,,,,,,,,,,,,,,,,,,,,,,,,,,,,,,,,,,,,,,,,,,,,,,,,,,,,,,,,,,,,,,,,,,,,,,,,,,,,,,,,,,,,,,,,,,,,,,,,,,,,,,,,,,,,,,,,,,,,,,,,,,,,,,,,,,,,,,,,,,,,,,,,,,,,,,,,,,,,,,,,,,,,,,,,,,,,,,,,,,,,,,,,
Østerbro,2008,269.0,216.0,186.0,166.0,131.0,121.0,49.0,40.0,3.0,,0.0,,0.0,0.0,72.0,56.0,55.0,32.0,47.0,46.0,36.0,37.0,22.0,,14.0,,16.0,18.0,45.0,45.0,98.0,107.0,360.0,501.0,523.0,538.0,416.0,353.0,264.0,225.0,210.0,186.0,25.0,47.0,36.0,38.0,523.0,719.0,600.0,492.0,379.0,265.0,259.0,256.0,282.0,451.0,3314.0,3206.0,2134.0,2132.0,5511.0,6491.0,6029.0,5758.0,3788.0,3820.0,2684.0,3102.0,4044.0,6045.0,1969.0,1019.0,583.0,330.0,380.0,527.0,295.0,158.0,92.0,80.0,395.0,223.0,156.0,105.0,126.0,200.0,122.0,64.0,34.0,46.0,421.0,212.0,116.0,57.0,85.0,426.0,167.0,89.0,42.0,43.0,5151336.0,196167.0,26260.0,5106275.0,171963.0,29694.0,7141382.0,337447.0,21163.0,5770638.0,259623.0,22227.0,5495547.0,208520.0,26355.0,5932338.0,199085.0,29798.0,8670522.0,331429.0,26161.0,7903675.0,266503.0,29657.0,6590367.0,259218.0,25424.0,6016235.0,207435.0,29003.0,0.0,0.0,9250.5,11209.0,0.0,0.0,0.0,0.0,0.0,0.0,0.0,0.0,0.0,0.0,0.0,0.0,3512.75,3475.75,0.0,0.0,0.0,0.0,181.25,1374.25,0.0,0.0,0.0,0.0,0.0,0.0,0.0,0.0,0.0,0.0,0.0,0.0,958.75,1411.0,0.0,0.0,0.0,0.0,49.5,611.25,0.0,0.0,0.0,0.0,0.0,0.0,0.0,0.0,0.0,0.0,0.0,0.0,491.25,1533.25,0.0,0.0,0.0,0.0,5.25,84.25,0.0,0.0,0.0,0.0,0.0,0.0,0.0,0.0,0.0,0.0,0.0,0.0,73.75,386.0,0.0,0.0,,,,,,,,,,,,,,,,,,,,,,,,,,,,,,,,,,,,,,,,,,,,,,,,,,,,,,,,,,,,,,,,,,,,,,,,,,,,,,,,,,,,,,,,,,,,,,,,,,,,,,,,,,,,,,,,,,,,,,,,,,,,,,,,,,,,,,,,,,,,,,,,,,,,,,,,,,,,,,,,,,,,,,,,,,,,,,,,,,,,,,,,,,,,,,,,,,,,,,,,
Østerbro,2009,266.0,227.0,213.0,182.0,125.0,126.0,65.0,56.0,,,,,0.0,,82.0,70.0,55.0,32.0,46.0,48.0,45.0,38.0,,,,,14.0,,60.0,60.0,85.0,98.0,401.0,543.0,526.0,607.0,444.0,388.0,275.0,242.0,237.0,198.0,33.0,72.0,38.0,39.0,578.0,761.0,633.0,557.0,403.0,274.0,254.0,246.0,291.0,464.0,3441.0,3229.0,2167.0,2170.0,5545.0,6432.0,5968.0,5797.0,3841.0,3848.0,2634.0,3061.0,4067.0,5987.0,2028.0,1285.0,866.0,563.0,591.0,456.0,339.0,236.0,149.0,135.0,430.0,255.0,210.0,146.0,173.0,233.0,148.0,81.0,65.0,58.0,454.0,296.0,207.0,131.0,150.0,455.0,247.0,132.0,72.0,75.0,5341665.0,200611.0,26627.0,5306173.0,177162.0,29951.0,7113725.0,335079.0,21230.0,5920951.0,263329.0,22485.0,5730579.0,214083.0,26768.0,6136925.0,203864.0,30103.0,8696351.0,328164.0,26500.0,8049818.0,269297.0,29892.0,6619149.0,256855.0,25770.0,6203424.0,212577.0,29182.0,0.0,0.0,9005.0,10911.0,0.0,0.0,0.0,0.0,0.0,0.0,0.0,0.0,0.0,0.0,0.0,0.0,3558.75,3452.75,0.0,0.0,0.0,0.0,204.25,1352.75,0.0,0.0,0.0,0.0,0.0,0.0,0.0,0.0,0.0,0.0,0.0,0.0,1008.0,1480.5,0.0,0.0,0.0,0.0,46.25,642.5,0.0,0.0,0.0,0.0,0.0,0.0,0.0,0.0,0.0,0.0,0.0,0.0,492.5,1586.25,0.0,0.0,0.0,0.0,6.25,82.5,0.0,0.0,0.0,0.0,0.0,0.0,0.0,0.0,0.0,0.0,0.0,0.0,83.0,397.25,0.0,0.0,,,,,,,,,,,,,,,,,,,,,,,,,,,,,,,,,,,,,,,,,,,,,,,,,,,,,,,,,,,,,,,,,,,,,,,,,,,,,,,,,,,,,,,,,,,,,,,,,,,,,,,,,,,,,,,,,,,,,,,,,,,,,,,,,,,,,,,,,,,,,,,,,,,,,,,,,,,,,,,,,,,,,,,,,,,,,,,,,,,,,,,,,,,,,,,,,,,,,,,,
Østerbro,2010,282.0,234.0,213.0,189.0,122.0,124.0,78.0,79.0,,,,,0.0,,97.0,81.0,49.0,30.0,55.0,57.0,42.0,40.0,,,,,12.0,,62.0,70.0,81.0,83.0,436.0,570.0,555.0,673.0,455.0,395.0,284.0,256.0,259.0,197.0,42.0,73.0,43.0,50.0,603.0,798.0,623.0,602.0,382.0,288.0,266.0,239.0,286.0,474.0,3591.0,3351.0,2236.0,2253.0,5611.0,6518.0,5990.0,5832.0,3936.0,3971.0,2681.0,3002.0,4062.0,5901.0,2122.0,1332.0,1019.0,670.0,872.0,509.0,359.0,296.0,176.0,232.0,418.0,275.0,232.0,147.0,211.0,278.0,159.0,94.0,64.0,74.0,440.0,294.0,235.0,178.0,245.0,477.0,245.0,162.0,105.0,110.0,6023845.0,220307.0,27343.0,5797546.0,188685.0,30726.0,7519950.0,354731.0,21199.0,6122981.0,272024.0,22509.0,6400994.0,233383.0,27427.0,6783512.0,220430.0,30774.0,9328476.0,341928.0,27282.0,8432659.0,274554.0,30714.0,7142334.0,275542.0,25921.0,6547713.0,223007.0,29361.0,0.0,0.0,8863.0,10717.25,0.0,0.0,0.0,0.0,0.0,0.0,0.0,0.0,0.0,0.0,0.0,0.0,3627.0,3409.75,0.0,0.0,0.0,0.0,216.75,1385.75,0.0,0.0,0.0,0.0,0.0,0.0,0.0,0.0,0.0,0.0,0.0,0.0,1005.75,1526.25,0.0,0.0,0.0,0.0,41.75,645.5,0.0,0.0,0.0,0.0,0.0,0.0,0.0,0.0,0.0,0.0,0.0,0.0,496.5,1638.0,0.0,0.0,0.0,0.0,8.25,87.25,0.0,0.0,0.0,0.0,0.0,0.0,0.0,0.0,0.0,0.0,0.0,0.0,83.5,415.5,0.0,0.0,,,,,,,,,,,,,,,,,,,,,,,,,,,,,,,,,,,,,,,,,,,,,,,,,,,,,,,,,,,,,,,,,,,,,,,,,,,,,,,,,,,,,,,,,,,,,,,,,,,,,,,,,,,,,,,,,,,,,,,,,,,,,,,,,,,,,,,,,,,,,,,,,,,,,,,,,,,,,,,,,,,,,,,,,,,,,,,,,,,,,,,,,,,,,,,,,,,,,,,,
Østerbro,2011,290.0,243.0,238.0,192.0,148.0,137.0,94.0,99.0,,,,,0.0,0.0,93.0,83.0,49.0,28.0,49.0,58.0,50.0,42.0,,,,,13.0,23.0,75.0,88.0,81.0,97.0,442.0,620.0,580.0,704.0,483.0,440.0,295.0,270.0,263.0,210.0,53.0,70.0,34.0,42.0,654.0,894.0,648.0,611.0,394.0,296.0,266.0,246.0,306.0,476.0,3636.0,3395.0,2301.0,2338.0,5661.0,6548.0,5937.0,5735.0,4019.0,4032.0,2677.0,3016.0,4103.0,5907.0,2156.0,1357.0,983.0,681.0,950.0,567.0,396.0,283.0,201.0,256.0,410.0,230.0,177.0,135.0,232.0,229.0,134.0,87.0,69.0,97.0,436.0,323.0,228.0,170.0,233.0,514.0,274.0,208.0,106.0,132.0,6242844.0,224160.0,27850.0,5999788.0,192498.0,31168.0,7784079.0,358945.0,21686.0,6294131.0,274051.0,22967.0,6644119.0,237825.0,27937.0,7031459.0,225187.0,31225.0,9599195.0,345220.0,27806.0,8659840.0,277960.0,31155.0,7434340.0,279560.0,26593.0,6757549.0,225801.0,29927.0,0.0,0.0,8704.25,10632.0,0.0,0.0,0.0,0.0,0.0,0.0,0.0,0.0,0.0,0.0,0.0,0.0,3691.0,3371.25,0.0,0.0,0.0,0.0,226.0,1419.0,0.0,0.0,0.0,0.0,0.0,0.0,0.0,0.0,0.0,0.0,0.0,0.0,1036.0,1497.75,0.0,0.0,0.0,0.0,52.0,659.5,0.0,0.0,0.0,0.0,0.0,0.0,0.0,0.0,0.0,0.0,0.0,0.0,530.5,1739.25,0.0,0.0,0.0,0.0,9.75,93.75,0.0,0.0,0.0,0.0,0.0,0.0,0.0,0.0,0.0,0.0,0.0,0.0,85.75,419.5,0.0,0.0,,,,,,,,,,,,,,,,,,,,,,,,,,,,,,,,,,,,,,,,,,,,,,,,,,,,,,,,,,,,,,,,,,,,,,,,,,,,,,,,,,,,,,,,,,,,,,,,,,,,,,,,,,,,,,,,,,,,,,,,,,,,,,,,,,,,,,,,,,,,,,,,,,,,,,,,,,,,,,,,,,,,,,,,,,,,,,,,,,,,,,,,,,,,,,,,,,,,,,,,
Østerbro,2012,283.0,251.0,256.0,207.0,175.0,156.0,100.0,102.0,4.0,6.0,3.0,5.0,0.0,0.0,105.0,80.0,49.0,31.0,57.0,72.0,52.0,40.0,20.0,20.0,18.0,9.0,15.0,23.0,75.0,77.0,79.0,92.0,442.0,599.0,615.0,741.0,477.0,468.0,321.0,292.0,268.0,218.0,59.0,75.0,40.0,53.0,705.0,996.0,691.0,681.0,436.0,319.0,267.0,243.0,320.0,480.0,3704.0,3481.0,2405.0,2415.0,5849.0,6724.0,5757.0,5572.0,4105.0,4180.0,2763.0,3058.0,4167.0,5952.0,2106.0,1314.0,962.0,719.0,1030.0,571.0,396.0,291.0,222.0,302.0,354.0,238.0,156.0,151.0,214.0,217.0,133.0,112.0,58.0,108.0,434.0,293.0,220.0,164.0,243.0,530.0,254.0,183.0,124.0,163.0,6538499.0,230977.0,28308.0,6234549.0,196729.0,31691.0,8115159.0,368051.0,22049.0,6571242.0,281099.0,23377.0,6938393.0,244413.0,28388.0,7365697.0,232027.0,31745.0,10068371.0,355961.0,28285.0,9021035.0,284719.0,31684.0,7750929.0,285559.0,27143.0,7071412.0,231872.0,30497.0,0.0,0.0,8590.0,10462.5,0.0,0.0,0.0,0.0,0.0,0.0,0.0,0.0,0.0,0.0,0.0,0.0,3738.5,3351.0,0.0,0.0,0.0,0.0,224.25,1438.0,0.0,0.0,0.0,0.0,0.0,0.0,0.0,0.0,0.0,0.0,0.0,0.0,1091.75,1529.0,0.0,0.0,0.0,0.0,62.5,664.25,0.0,0.0,0.0,0.0,0.0,0.0,0.0,0.0,0.0,0.0,0.0,0.0,564.5,1790.25,0.0,0.0,0.0,0.0,10.0,104.75,0.0,0.0,0.0,0.0,0.0,0.0,0.0,0.0,0.0,0.0,0.0,0.0,90.25,415.75,0.0,0.0,,,,,,,,,,,,,,,,,,,,,,,,,,,,,,,,,,,,,,,,,,,,,,,,,,,,,,,,,,,,,,,,,,,,,,,,,,,,,,,,,,,,,,,,,,,,,,,,,,,,,,,,,,,,,,,,,,,,,,,,,,,,,,,,,,,,,,,,,,,,,,,,,,,,,,,,,,,,,,,,,,,,,,,,,,,,,,,,,,,,,,,,,,,,,,,,,,,,,,,,
Østerbro,2013,276.0,251.0,242.0,196.0,200.0,169.0,103.0,105.0,,,,6.0,0.0,,116.0,77.0,51.0,32.0,58.0,50.0,48.0,45.0,,,,6.0,17.0,,66.0,71.0,72.0,70.0,408.0,605.0,600.0,744.0,460.0,492.0,336.0,296.0,278.0,237.0,66.0,79.0,41.0,63.0,674.0,1035.0,729.0,694.0,450.0,333.0,260.0,242.0,343.0,492.0,3808.0,3574.0,2492.0,2497.0,6077.0,6933.0,5554.0,5430.0,4184.0,4273.0,2824.0,3068.0,4244.0,6035.0,2134.0,1363.0,971.0,649.0,923.0,615.0,439.0,305.0,203.0,251.0,315.0,211.0,177.0,124.0,187.0,235.0,127.0,100.0,49.0,94.0,418.0,317.0,219.0,147.0,231.0,551.0,269.0,170.0,126.0,160.0,6897410.0,239877.0,28754.0,6517398.0,202467.0,32190.0,8405712.0,375138.0,22407.0,6775099.0,284788.0,23790.0,7319018.0,253956.0,28820.0,7728127.0,239810.0,32226.0,10455912.0,364317.0,28700.0,9356737.0,290753.0,32181.0,7939280.0,288125.0,27555.0,7242342.0,233911.0,30962.0,0.0,0.0,8511.25,10431.0,0.0,0.0,0.0,0.0,0.0,0.0,0.0,0.0,0.0,0.0,0.0,0.0,3806.75,3355.5,0.0,0.0,0.0,0.0,228.75,1422.25,0.0,0.0,0.0,0.0,0.0,0.0,0.0,0.0,0.0,0.0,0.0,0.0,1088.0,1535.75,0.0,0.0,0.0,0.0,68.0,667.0,0.0,0.0,0.0,0.0,0.0,0.0,0.0,0.0,0.0,0.0,0.0,0.0,597.75,1793.0,0.0,0.0,0.0,0.0,10.0,124.25,0.0,0.0,0.0,0.0,0.0,0.0,0.0,0.0,0.0,0.0,0.0,0.0,95.75,435.25,0.0,0.0,,,,,,,,,,,,,,,,,,,,,,,,,,,,,,,,,,,,,,,,,,,,,,,,,,,,,,,,,,,,,,,,,,,,,,,,,,,,,,,,,,,,,,,,,,,,,,,,,,,,,,,,,,,,,,,,,,,,,,,,,,,,,,,,,,,,,,,,,,,,,,,,,,,,,,,,,,,,,,,,,,,,,,,,,,,,,,,,,,,,,,,,,,,,,,,,,,,,,,,,
Østerbro,2014,261.0,235.0,267.0,221.0,209.0,183.0,108.0,99.0,,,,6.0,0.0,,126.0,88.0,52.0,30.0,58.0,50.0,53.0,45.0,,,,8.0,18.0,,64.0,66.0,65.0,64.0,434.0,557.0,604.0,773.0,466.0,496.0,340.0,307.0,298.0,247.0,77.0,78.0,50.0,61.0,767.0,1130.0,733.0,742.0,447.0,332.0,293.0,246.0,350.0,504.0,3882.0,3521.0,2514.0,2575.0,6306.0,7184.0,5330.0,5167.0,4227.0,4346.0,2897.0,3119.0,4352.0,6181.0,2109.0,1322.0,949.0,609.0,747.0,656.0,471.0,348.0,221.0,225.0,207.0,155.0,119.0,97.0,132.0,182.0,107.0,76.0,54.0,68.0,444.0,284.0,213.0,128.0,181.0,620.0,305.0,193.0,109.0,141.0,7174891.0,246891.0,29061.0,6757028.0,207749.0,32525.0,8706205.0,383668.0,22692.0,6967101.0,287730.0,24214.0,7605940.0,261211.0,29118.0,8076648.0,247925.0,32577.0,10827117.0,373194.0,29012.0,9633100.0,296275.0,32514.0,8209710.0,294825.0,27846.0,7417324.0,236869.0,31314.0,0.0,0.0,8401.0,10297.25,0.0,0.0,0.0,0.0,0.0,0.0,0.0,0.0,0.0,0.0,0.0,0.0,3950.25,3297.75,0.0,0.0,0.0,0.0,234.25,1468.0,0.0,0.0,0.0,0.0,0.0,0.0,0.0,0.0,0.0,0.0,0.0,0.0,1098.5,1518.25,0.0,0.0,0.0,0.0,68.75,670.25,0.0,0.0,0.0,0.0,0.0,0.0,0.0,0.0,0.0,0.0,0.0,0.0,615.75,1855.0,0.0,0.0,0.0,0.0,8.25,124.75,0.0,0.0,0.0,0.0,0.0,0.0,0.0,0.0,0.0,0.0,0.0,0.0,103.5,444.5,0.0,0.0,,,,,,,,,,,,,,,,,,,,,,,,,,,,,,,,,,,,,,,,,,,,,,,,,,,,,,,,,,,,,,,,,,,,,,,,,,,,,,,,,,,,,,,,,,,,,,,,,,,,,,,,,,,,,,,,,,,,,,,,,,,,,,,,,,,,,,,,,,,,,,,,,,,,,,,,,,,,,,,,,,,,,,,,,,,,,,,,,,,,,,,,,,,,,,,,,,,,,,,,
Østerbro,2015,258.0,227.0,279.0,216.0,212.0,202.0,111.0,103.0,20.0,19.0,,,,,129.0,108.0,52.0,30.0,64.0,60.0,42.0,42.0,24.0,23.0,,,,,64.0,82.0,60.0,64.0,390.0,546.0,633.0,784.0,461.0,511.0,348.0,318.0,325.0,258.0,77.0,77.0,55.0,71.0,804.0,1110.0,766.0,808.0,450.0,346.0,292.0,249.0,358.0,503.0,3849.0,3457.0,2617.0,2679.0,6391.0,7330.0,5122.0,4983.0,4274.0,4371.0,3019.0,3231.0,4419.0,6260.0,2300.0,1321.0,899.0,502.0,583.0,763.0,517.0,328.0,179.0,191.0,173.0,132.0,88.0,82.0,107.0,196.0,88.0,70.0,39.0,52.0,458.0,256.0,205.0,107.0,136.0,710.0,328.0,208.0,95.0,97.0,7506045.0,255065.0,29428.0,7088641.0,214035.0,33119.0,9226313.0,398390.0,23159.0,7314717.0,296418.0,24677.0,7956689.0,269755.0,29496.0,8506899.0,256425.0,33175.0,11375965.0,387122.0,29386.0,10191349.0,307821.0,33108.0,8618158.0,305684.0,28193.0,7885469.0,248033.0,31792.0,0.0,0.0,8209.0,10171.25,0.0,0.0,0.0,0.0,0.0,0.0,0.0,0.0,0.0,0.0,0.0,0.0,4090.25,3306.0,0.0,0.0,0.0,0.0,254.75,1487.75,0.0,0.0,0.0,0.0,0.0,0.0,0.0,0.0,0.0,0.0,0.0,0.0,1176.0,1538.5,0.0,0.0,0.0,0.0,68.25,711.25,0.0,0.0,0.0,0.0,0.0,0.0,0.0,0.0,0.0,0.0,0.0,0.0,611.75,1847.0,0.0,0.0,0.0,0.0,9.5,118.25,0.0,0.0,0.0,0.0,0.0,0.0,0.0,0.0,0.0,0.0,0.0,0.0,110.25,440.5,0.0,0.0,,,,,,,,,,,,,,,,,,,,,,,,,,,,,,,,,,,,,,,,,,,,,,,,,,,,,,,,,,,,,,,,,,,,,,,,,,,,,,,,,,,,,,,,,,,,,,,,,,,,,,,,,,,,,,,,,,,,,,,,,,,,,,,,,,,,,,,,,,,,,,,,,,,,,,,,,,,,,,,,,,,,,,,,,,,,,,,,,,,,,,,,,,,,,,,,,,,,,,,,
Østerbro,2016,275.0,221.0,262.0,230.0,199.0,239.0,125.0,100.0,23.0,27.0,,,,,142.0,132.0,46.0,32.0,70.0,57.0,42.0,46.0,24.0,26.0,,,,,74.0,89.0,69.0,61.0,422.0,607.0,676.0,809.0,448.0,523.0,372.0,338.0,343.0,286.0,88.0,88.0,55.0,78.0,882.0,1193.0,897.0,898.0,472.0,394.0,303.0,238.0,356.0,508.0,3759.0,3443.0,2661.0,2705.0,6524.0,7474.0,4937.0,4843.0,4270.0,4394.0,3183.0,3391.0,4508.0,6348.0,2293.0,1378.0,853.0,441.0,503.0,862.0,584.0,356.0,167.0,173.0,189.0,124.0,96.0,61.0,105.0,132.0,79.0,55.0,37.0,46.0,435.0,255.0,144.0,95.0,102.0,675.0,336.0,202.0,81.0,77.0,7995969.0,265567.0,30109.0,7330830.0,217952.0,33635.0,9777431.0,410747.0,23804.0,7681598.0,305516.0,25143.0,8450266.0,279903.0,30190.0,8878873.0,263491.0,33697.0,12115003.0,403229.0,30045.0,10451629.0,310912.0,33616.0,9114973.0,318405.0,28627.0,8000598.0,248922.0,32141.0,0.0,0.0,8078.0,10090.25,0.0,0.0,0.0,0.0,0.0,0.0,0.0,0.0,0.0,0.0,0.0,0.0,4227.5,3394.75,0.0,0.0,0.0,0.0,284.75,1488.5,0.0,0.0,0.0,0.0,0.0,0.0,0.0,0.0,0.0,0.0,0.0,0.0,1230.75,1533.75,0.0,0.0,0.0,0.0,66.75,732.25,0.0,0.0,0.0,0.0,0.0,0.0,0.0,0.0,0.0,0.0,0.0,0.0,636.0,1849.0,0.0,0.0,0.0,0.0,11.5,117.25,0.0,0.0,0.0,0.0,0.0,0.0,0.0,0.0,0.0,0.0,0.0,0.0,119.75,448.25,0.0,0.0,,,,,,,,,,,,,,,,,,,,,,,,,,,,,,,,,,,,,,,,,,,,,,,,,,,,,,,,,,,,,,,,,,,,,,,,,,,,,,,,,,,,,,,,,,,,,,,,,,,,,,,,,,,,,,,,,,,,,,,,,,,,,,,,,,,,,,,,,,,,,,,,,,,,,,,,,,,,,,,,,,,,,,,,,,,,,,,,,,,,,,,,,,,,,,,,,,,,,,,,
Østerbro,2017,279.0,224.0,260.0,236.0,234.0,244.0,124.0,107.0,32.0,30.0,,,,,153.0,157.0,48.0,30.0,63.0,65.0,37.0,49.0,29.0,27.0,,,,,98.0,101.0,66.0,65.0,424.0,615.0,770.0,895.0,482.0,539.0,382.0,334.0,364.0,310.0,101.0,90.0,74.0,92.0,977.0,1280.0,931.0,957.0,510.0,439.0,323.0,245.0,380.0,496.0,3720.0,3444.0,2784.0,2811.0,6565.0,7534.0,4940.0,4790.0,4171.0,4295.0,3417.0,3626.0,4630.0,6401.0,2390.0,1312.0,824.0,461.0,512.0,1007.0,583.0,335.0,194.0,217.0,165.0,96.0,86.0,52.0,90.0,140.0,75.0,44.0,42.0,31.0,437.0,242.0,165.0,92.0,92.0,641.0,316.0,194.0,81.0,82.0,8400103.0,272837.0,30788.0,7686547.0,224261.0,34275.0,10312093.0,421693.0,24454.0,8093069.0,313928.0,25780.0,8892147.0,288098.0,30865.0,9325295.0,271487.0,34349.0,12697832.0,413233.0,30728.0,10934553.0,319155.0,34261.0,9501038.0,326631.0,29088.0,8333522.0,255983.0,32555.0,0.0,0.0,8093.5,10037.5,0.0,0.0,0.0,0.0,0.0,0.0,0.0,0.0,0.0,0.0,0.0,0.0,4295.5,3500.5,0.0,0.0,0.0,0.0,309.0,1493.0,0.0,0.0,0.0,0.0,0.0,0.0,0.0,0.0,0.0,0.0,0.0,0.0,1238.75,1631.0,0.0,0.0,0.0,0.0,61.25,723.75,0.0,0.0,0.0,0.0,0.0,0.0,0.0,0.0,0.0,0.0,0.0,0.0,673.75,1883.0,0.0,0.0,0.0,0.0,12.0,111.75,0.0,0.0,0.0,0.0,0.0,0.0,0.0,0.0,0.0,0.0,0.0,0.0,121.5,461.25,0.0,0.0,,,,,,,,,,,,,,,,,,,,,,,,,,,,,,,,,,,,,,,,,,,,,,,,,,,,,,,,,,,,,,,,,,,,,,,,,,,,,,,,,,,,,,,,,,,,,,,,,,,,,,,,,,,,,,,,,,,,,,,,,,,,,,,,,,,,,,,,,,,,,,,,,,,,,,,,,,,,,,,,,,,,,,,,,,,,,,,,,,,,,,,,,,,,,,,,,,,,,,,,
Østerbro,2018,268.0,242.0,267.0,231.0,255.0,263.0,135.0,122.0,40.0,39.0,,,,,177.0,159.0,47.0,35.0,66.0,64.0,37.0,46.0,25.0,24.0,,,,,90.0,98.0,64.0,88.0,405.0,639.0,834.0,927.0,462.0,573.0,405.0,371.0,365.0,327.0,100.0,96.0,71.0,110.0,1068.0,1390.0,970.0,1020.0,546.0,478.0,333.0,272.0,390.0,503.0,3652.0,3434.0,2866.0,2867.0,6729.0,7588.0,4902.0,4733.0,4090.0,4205.0,3591.0,3843.0,4700.0,6461.0,1958.0,1224.0,773.0,440.0,437.0,785.0,527.0,329.0,180.0,169.0,142.0,101.0,80.0,58.0,59.0,116.0,61.0,49.0,32.0,34.0,365.0,253.0,125.0,81.0,92.0,550.0,282.0,190.0,89.0,83.0,8729961.0,283302.0,30815.0,7992584.0,232532.0,34372.0,10743623.0,440818.0,24372.0,8437831.0,327963.0,25728.0,9226451.0,298417.0,30918.0,9703621.0,281681.0,34449.0,13157999.0,427680.0,30766.0,11324972.0,329713.0,34348.0,9724747.0,335707.0,28968.0,8432777.0,259422.0,32506.0,0.0,0.0,8152.75,10097.75,0.0,0.0,0.0,0.0,0.0,0.0,0.0,0.0,0.0,0.0,0.0,0.0,4274.5,3555.0,0.0,0.0,0.0,0.0,299.0,1500.5,0.0,0.0,0.0,0.0,0.0,0.0,0.0,0.0,0.0,0.0,0.0,0.0,1220.0,1633.75,0.0,0.0,0.0,0.0,63.0,723.75,0.0,0.0,0.0,0.0,0.0,0.0,0.0,0.0,0.0,0.0,0.0,0.0,684.75,1944.75,0.0,0.0,0.0,0.0,12.75,103.5,0.0,0.0,0.0,0.0,0.0,0.0,0.0,0.0,0.0,0.0,0.0,0.0,130.0,457.5,0.0,0.0,,,,,,,,,,,,,,,,,,,,,,,,,,,,,,,,,,,,,,,,,,,,,,,,,,,,,,,,,,,,,,,,,,,,,,,,,,,,,,,,,,,,,,,,,,,,,,,,,,,,,,,,,,,,,,,,,,,,,,,,,,,,,,,,,,,,,,,,,,,,,,,,,,,,,,,,,,,,,,,,,,,,,,,,,,,,,,,,,,,,,,,,,,,,,,,,,,,,,,,,
Østerbro,2019,252.0,226.0,242.0,232.0,298.0,281.0,133.0,124.0,48.0,49.0,,,,,160.0,167.0,43.0,36.0,76.0,62.0,41.0,51.0,26.0,27.0,,,,,91.0,97.0,74.0,69.0,458.0,654.0,790.0,898.0,457.0,609.0,429.0,390.0,401.0,340.0,107.0,98.0,82.0,111.0,1019.0,1324.0,1014.0,1068.0,570.0,504.0,331.0,286.0,404.0,512.0,3656.0,3412.0,2908.0,2885.0,6635.0,7407.0,4799.0,4654.0,4024.0,4100.0,3710.0,3972.0,4749.0,6578.0,1949.0,1192.0,745.0,446.0,460.0,822.0,513.0,337.0,187.0,193.0,133.0,98.0,64.0,54.0,55.0,103.0,65.0,44.0,37.0,44.0,340.0,229.0,120.0,82.0,89.0,551.0,287.0,180.0,86.0,79.0,9201707.0,296973.0,30985.0,8316062.0,240536.0,34573.0,11253428.0,453329.0,24824.0,8851086.0,338694.0,26133.0,9733855.0,313096.0,31089.0,10155564.0,293141.0,34644.0,13865000.0,448024.0,30947.0,11846349.0,342786.0,34559.0,10035146.0,341099.0,29420.0,8943766.0,271566.0,32934.0,0.0,0.0,8165.0,10105.25,0.0,0.0,0.0,0.0,0.0,0.0,0.0,0.0,0.0,0.0,0.0,0.0,4221.5,3621.5,0.0,0.0,0.0,0.0,316.5,1520.5,0.0,0.0,0.0,0.0,0.0,0.0,0.0,0.0,0.0,0.0,0.0,0.0,1226.5,1650.0,0.0,0.0,0.0,0.0,65.0,711.0,0.0,0.0,0.0,0.0,0.0,0.0,0.0,0.0,0.0,0.0,0.0,0.0,708.25,1979.0,0.0,0.0,0.0,0.0,8.75,107.25,0.0,0.0,0.0,0.0,0.0,0.0,0.0,0.0,0.0,0.0,0.0,0.0,130.25,456.0,0.0,0.0,,,,,,,,,,,,,,,,,,,,,,,,,,,,,,,,,,,,,,,,,,,,,,,,,,,,,,,,,,,,,,,,,,,,,,,,,,,,,,,,,,,,,,,,,,,,,,,,,,,,,,,,,,,,,,,,,,,,,,,,,,,,,,,,,,,,,,,,,,,,,,,,,,,,,,,,,,,,,,,,,,,,,,,,,,,,,,,,,,,,,,,,,,,,,,,,,,,,,,,,
Østerbro,2020,246.0,221.0,253.0,223.0,305.0,312.0,145.0,139.0,61.0,63.0,,,,,168.0,188.0,53.0,38.0,73.0,57.0,44.0,48.0,29.0,26.0,,,,,95.0,113.0,88.0,74.0,476.0,631.0,801.0,920.0,467.0,647.0,428.0,399.0,413.0,380.0,108.0,85.0,98.0,120.0,985.0,1269.0,1053.0,1138.0,548.0,536.0,355.0,289.0,408.0,525.0,3619.0,3367.0,3026.0,2945.0,6620.0,7327.0,4791.0,4607.0,3866.0,4012.0,3786.0,4132.0,4853.0,6624.0,1949.0,1328.0,942.0,642.0,728.0,781.0,572.0,407.0,227.0,292.0,141.0,101.0,78.0,81.0,96.0,143.0,77.0,43.0,51.0,68.0,321.0,244.0,184.0,138.0,139.0,563.0,334.0,230.0,145.0,133.0,9803463.0,312970.0,31324.0,8869001.0,253719.0,34956.0,11985209.0,483469.0,24790.0,9437427.0,360221.0,26199.0,10386760.0,330137.0,31462.0,10858945.0,309222.0,35117.0,14782003.0,472118.0,31310.0,12610012.0,360925.0,34938.0,10665402.0,359213.0,29691.0,9252481.0,278891.0,33176.0,0.0,0.0,8269.25,10327.75,0.0,0.0,0.0,0.0,0.0,0.0,0.0,0.0,0.0,0.0,0.0,0.0,4336.75,3678.0,0.0,0.0,0.0,0.0,322.75,1531.75,0.0,0.0,0.0,0.0,0.0,0.0,0.0,0.0,0.0,0.0,0.0,0.0,1241.75,1681.5,0.0,0.0,0.0,0.0,66.75,730.25,0.0,0.0,0.0,0.0,0.0,0.0,0.0,0.0,0.0,0.0,0.0,0.0,731.25,2022.5,0.0,0.0,0.0,0.0,7.75,103.25,0.0,0.0,0.0,0.0,0.0,0.0,0.0,0.0,0.0,0.0,0.0,0.0,127.75,465.0,0.0,0.0,,,,,,,,,,,,,,,,,,,,,,,,,,,,,,,,,,,,,,,,,,,,,,,,,,,,,,,,,,,,,,,,,,,,,,,,,,,,,,,,,,,,,,,,,,,,,,,,,,,,,,,,,,,,,,,,,,,,,,,,,,,,,,,,,,,,,,,,,,,,,,,,,,,,,,,,,,,,,,,,,,,,,,,,,,,,,,,,,,,,,,,,,,,,,,,,,,,,,,,,
Østerbro,2021,239.0,232.0,263.0,205.0,338.0,343.0,154.0,144.0,72.0,75.0,,,,,188.0,195.0,53.0,42.0,57.0,65.0,47.0,48.0,32.0,30.0,,,,,96.0,111.0,95.0,87.0,393.0,570.0,812.0,940.0,479.0,649.0,430.0,439.0,442.0,411.0,86.0,87.0,91.0,124.0,915.0,1207.0,1062.0,1184.0,579.0,564.0,370.0,313.0,421.0,553.0,3537.0,3266.0,3088.0,2953.0,6747.0,7491.0,4771.0,4573.0,3769.0,3872.0,3819.0,4203.0,4968.0,6680.0,1916.0,1284.0,823.0,573.0,510.0,839.0,565.0,308.0,211.0,177.0,141.0,96.0,95.0,62.0,77.0,117.0,87.0,56.0,54.0,43.0,300.0,200.0,163.0,108.0,107.0,519.0,336.0,201.0,138.0,106.0,10678204.0,339886.0,31417.0,9370624.0,267763.0,34996.0,12789334.0,502114.0,25471.0,9917004.0,369610.0,26831.0,11249395.0,355566.0,31638.0,11631290.0,330425.0,35201.0,16080059.0,512136.0,31398.0,13274829.0,379443.0,34985.0,11349249.0,383252.0,29613.0,9679738.0,292174.0,33130.0,0.0,0.0,8457.0,10535.75,0.0,0.0,0.0,0.0,0.0,0.0,0.0,0.0,0.0,0.0,0.0,0.0,4475.5,3672.25,0.0,0.0,0.0,0.0,320.75,1510.75,0.0,0.0,0.0,0.0,0.0,0.0,0.0,0.0,0.0,0.0,0.0,0.0,1253.25,1655.75,0.0,0.0,0.0,0.0,66.0,718.0,0.0,0.0,0.0,0.0,0.0,0.0,0.0,0.0,0.0,0.0,0.0,0.0,749.75,1980.5,0.0,0.0,0.0,0.0,7.5,103.5,0.0,0.0,0.0,0.0,0.0,0.0,0.0,0.0,0.0,0.0,0.0,0.0,127.75,454.75,0.0,0.0,,,,,,,,,,,,,,,,,,,,,,,,,,,,,,,,,,,,,,,,,,,,,,,,,,,,,,,,,,,,,,,,,,,,,,,,,,,,,,,,,,,,,,,,,,,,,,,,,,,,,,,,,,,,,,,,,,,,,,,,,,,,,,,,,,,,,,,,,,,,,,,,,,,,,,,,,,,,,,,,,,,,,,,,,,,,,,,,,,,,,,,,,,,,,,,,,,,,,,,,
Østerbro,2022,227.0,223.0,253.0,193.0,346.0,360.0,168.0,169.0,77.0,77.0,,,,,189.0,203.0,58.0,43.0,59.0,74.0,49.0,47.0,34.0,33.0,,,,,88.0,85.0,110.0,98.0,361.0,506.0,845.0,988.0,524.0,674.0,441.0,450.0,466.0,460.0,89.0,77.0,95.0,135.0,899.0,1198.0,1122.0,1165.0,597.0,610.0,376.0,326.0,425.0,553.0,3375.0,3192.0,3067.0,2925.0,6763.0,7446.0,4640.0,4491.0,3591.0,3601.0,3911.0,4330.0,5094.0,6780.0,2119.0,1124.0,631.0,305.0,269.0,946.0,520.0,258.0,120.0,86.0,142.0,82.0,69.0,34.0,43.0,132.0,50.0,36.0,27.0,27.0,335.0,174.0,115.0,47.0,51.0,564.0,298.0,153.0,77.0,62.0,10165032.0,318963.0,31869.0,9319188.0,264187.0,35275.0,12917662.0,496585.0,26013.0,10278499.0,377608.0,27220.0,10862058.0,339376.0,32006.0,11388010.0,321822.0,35386.0,15397748.0,483340.0,31857.0,13304558.0,377231.0,35269.0,11158501.0,372795.0,29932.0,9682287.0,290559.0,33323.0,0.0,0.0,8712.0,10802.5,0.0,0.0,0.0,0.0,0.0,0.0,0.0,0.0,0.0,0.0,0.0,0.0,4453.0,3697.0,0.0,0.0,0.0,0.0,327.25,1527.5,0.0,0.0,0.0,0.0,0.0,0.0,0.0,0.0,0.0,0.0,0.0,0.0,1226.25,1626.5,0.0,0.0,0.0,0.0,65.5,704.25,0.0,0.0,0.0,0.0,0.0,0.0,0.0,0.0,0.0,0.0,0.0,0.0,718.0,1973.25,0.0,0.0,0.0,0.0,10.0,102.5,0.0,0.0,0.0,0.0,0.0,0.0,0.0,0.0,0.0,0.0,0.0,0.0,132.25,447.25,0.0,0.0,,,,,,,,,,,,,,,,,,,,,,,,,,,,,,,,,,,,,,,,,,,,,,,,,,,,,,,,,,,,,,,,,,,,,,,,,,,,,,,,,,,,,,,,,,,,,,,,,,,,,,,,,,,,,,,,,,,,,,,,,,,,,,,,,,,,,,,,,,,,,,,,,,,,,,,,,,,,,,,,,,,,,,,,,,,,,,,,,,,,,,,,,,,,,,,,,,,,,,,,
Østerbro,2023,212.0,205.0,228.0,190.0,382.0,364.0,194.0,187.0,81.0,77.0,,,,,214.0,189.0,60.0,56.0,63.0,58.0,47.0,46.0,29.0,33.0,,,,,107.0,118.0,135.0,137.0,373.0,512.0,866.0,1027.0,541.0,733.0,431.0,471.0,513.0,499.0,91.0,83.0,103.0,124.0,895.0,1249.0,1156.0,1170.0,608.0,616.0,383.0,343.0,444.0,562.0,3269.0,3176.0,3061.0,2889.0,6839.0,7529.0,4725.0,4579.0,3357.0,3370.0,3969.0,4367.0,5249.0,6916.0,1912.0,1181.0,701.0,371.0,300.0,842.0,538.0,292.0,153.0,123.0,117.0,89.0,56.0,31.0,38.0,120.0,80.0,57.0,33.0,22.0,319.0,186.0,101.0,60.0,47.0,514.0,288.0,195.0,94.0,70.0,11148419.0,349809.0,31870.0,10040572.0,284548.0,35286.0,13788850.0,520688.0,26482.0,11007108.0,397727.0,27675.0,11859147.0,370633.0,31997.0,12399975.0,349965.0,35432.0,17172086.0,539850.0,31809.0,14609458.0,414535.0,35243.0,11893598.0,386394.0,30781.0,10295783.0,300379.0,34276.0,0.0,0.0,8729.25,10785.25,0.0,0.0,0.0,0.0,0.0,0.0,0.0,0.0,0.0,0.0,0.0,0.0,4502.0,3745.0,0.0,0.0,0.0,0.0,342.75,1519.5,0.0,0.0,0.0,0.0,0.0,0.0,0.0,0.0,0.0,0.0,0.0,0.0,1236.25,1650.5,0.0,0.0,0.0,0.0,63.25,692.75,0.0,0.0,0.0,0.0,0.0,0.0,0.0,0.0,0.0,0.0,0.0,0.0,725.5,1997.0,0.0,0.0,0.0,0.0,10.75,103.0,0.0,0.0,0.0,0.0,0.0,0.0,0.0,0.0,0.0,0.0,0.0,0.0,120.5,452.0,0.0,0.0,,,,,,,,,,,,,,,,,,,,,,,,,,,,,,,,,,,,,,,,,,,,,,,,,,,,,,,,,,,,,,,,,,,,,,,,,,,,,,,,,,,,,,,,,,,,,,,,,,,,,,,,,,,,,,,,,,,,,,,,,,,,,,,,,,,,,,,,,,,,,,,,,,,,,,,,,,,,,,,,,,,,,,,,,,,,,,,,,,,,,,,,,,,,,,,,,,,,,,,,
Østerbro,2024,202.0,206.0,221.0,175.0,383.0,400.0,217.0,197.0,77.0,80.0,,,,,236.0,217.0,77.0,58.0,54.0,49.0,46.0,51.0,30.0,33.0,,,,,102.0,105.0,147.0,125.0,360.0,501.0,858.0,963.0,547.0,759.0,435.0,508.0,538.0,532.0,101.0,84.0,93.0,121.0,889.0,1216.0,1175.0,1257.0,650.0,664.0,387.0,347.0,468.0,580.0,3257.0,3134.0,3122.0,2890.0,6894.0,7603.0,4855.0,4612.0,3204.0,3230.0,3992.0,4384.0,5379.0,7074.0,,,,,,,,,,,,,,,,,,,,,,,,,,,,,,,12425420.0,385344.0,32245.0,10869290.0,305403.0,35590.0,14792157.0,553392.0,26730.0,11795209.0,423025.0,27883.0,13217719.0,408711.0,32340.0,13621487.0,381405.0,35714.0,18936258.0,587918.0,32209.0,15749048.0,442936.0,35556.0,12823160.0,410972.0,31202.0,11103509.0,320911.0,34600.0,0.0,0.0,8717.0,10772.0,0.0,0.0,0.0,0.0,0.0,0.0,0.0,0.0,0.0,0.0,0.0,0.0,4635.75,3837.5,0.0,0.0,0.0,0.0,351.5,1520.0,0.0,0.0,0.0,0.0,0.0,0.0,0.0,0.0,0.0,0.0,0.0,0.0,1194.0,1685.0,0.0,0.0,0.0,0.0,73.0,697.25,0.0,0.0,0.0,0.0,0.0,0.0,0.0,0.0,0.0,0.0,0.0,0.0,726.75,2026.5,0.0,0.0,0.0,0.0,11.5,109.25,0.0,0.0,0.0,0.0,0.0,0.0,0.0,0.0,0.0,0.0,0.0,0.0,117.25,468.25,0.0,0.0,,,,,,,,,,,,,,,,,,,,,,,,,,,,,,,,,,,,,,,,,,,,,,,,,,,,,,,,,,,,,,,,,,,,,,,,,,,,,,,,,,,,,,,,,,,,,,,,,,,,,,,,,,,,,,,,,,,,,,,,,,,,,,,,,,,,,,,,,,,,,,,,,,,,,,,,,,,,,,,,,,,,,,,,,,,,,,,,,,,,,,,,,,,,,,,,,,,,,,,,
Østerbro,2025,205.0,200.0,204.0,172.0,344.0,375.0,242.0,213.0,87.0,84.0,13.0,12.0,3.0,5.0,260.0,222.0,76.0,65.0,62.0,51.0,52.0,53.0,29.0,30.0,26.0,25.0,24.0,20.0,88.0,89.0,161.0,138.0,346.0,463.0,776.0,906.0,555.0,759.0,446.0,540.0,550.0,564.0,90.0,77.0,100.0,130.0,849.0,1210.0,1264.0,1249.0,657.0,700.0,405.0,342.0,479.0,572.0,3218.0,3082.0,3053.0,2773.0,6870.0,7568.0,4992.0,4720.0,3034.0,3087.0,3971.0,4322.0,5549.0,7291.0,,,,,,,,,,,,,,,,,,,,,,,,,,,,,,,,,,,,,,,,,,,,,,,,,,,,,,,,,,,,,,,,,,,,,,,,,,,,,,,,,,,,,,,,,,,,,,,,,,,,,,,,,,,,,,,,,,,,,,,,,,,,,,,,,,,,,,,,,,,,,,,,,,,,,,,,,,,,,,,,,,,,,,,,,,,,,,,,,,,,,,,,,,,,,,,,,,,,,,,,,,,,,,,,,,,,,,,,,,,,,,,,,,,,,,,,,,,,,,,,,,,,,,,,,,,,,,,,,,,,,,,,,,,,,,,,,,,,,,,,,,,,,,,,,,,,,,,,,,,,,,,,,,,,,,,,,,,,,,,,,,,,,,,,,,,,,,,,,,,,
Østerbro,2026,,,,,,,,,,,,,,,,,,,,,,,,,,,,,,,,,,,,,,,,,,,,,,,,,,,,,,,,,,,,,,,,,,,,,,,,,,,,,,,,,,,,,,,,,,,,,,,,,,,,,,,,,,,,,,,,,,,,,,,,,,,,,,,,,,,,,,,,,,,,,,,,,,,,,,,,,,,,,,,,,,,,,,,,,,,,,,,,,,,,,,,,,,,,,,,,,,,,,,,,,,,,,,,,,,,599.0,448.0,304.0,339.0,336.0,346.0,335.0,350.0,384.0,383.0,407.0,417.0,422.0,435.0,589.0,709.0,799.0,851.0,977.0,917.0,1094.0,1125.0,1010.0,346.0,1104.0,1002.0,879.0,893.0,729.0,683.0,606.0,593.0,538.0,515.0,414.0,464.0,436.0,421.0,399.0,409.0,417.0,418.0,430.0,441.0,449.0,333.0,462.0,505.0,498.0,526.0,521.0,436.0,436.0,480.0,507.0,482.0,341.0,490.0,449.0,438.0,394.0,391.0,345.0,321.0,294.0,270.0,302.0,314.0,260.0,246.0,233.0,213.0,211.0,228.0,186.0,217.0,202.0,194.0,337.0,189.0,151.0,131.0,117.0,83.0,89.0,65.0,65.0,34.0,32.0,337.0,27.0,18.0,15.0,7.0,6.0,3.0,3.0,4.0,4.0,0.0,518.0,443.0,302.0,293.0,271.0,306.0,306.0,351.0,347.0,331.0,364.0,392.0,403.0,462.0,677.0,912.0,932.0,1032.0,1153.0,1130.0,1213.0,1209.0,1041.0,355.0,1103.0,979.0,866.0,794.0,754.0,672.0,632.0,547.0,493.0,531.0,363.0,433.0,474.0,485.0,413.0,434.0,469.0,445.0,491.0,450.0,441.0,335.0,496.0,523.0,559.0,561.0,554.0,490.0,486.0,483.0,570.0,500.0,327.0,552.0,491.0,441.0,408.0,406.0,368.0,335.0,319.0,316.0,291.0,293.0,338.0,292.0,297.0,301.0,277.0,290.0,279.0,302.0,285.0,309.0,307.0,242.0,248.0,236.0,162.0,157.0,155.0,115.0,100.0,84.0,71.0,315.0,63.0,40.0,39.0,31.0,27.0,24.0,14.0,10.0,8.0,15.0
Østerbro,2027,,,,,,,,,,,,,,,,,,,,,,,,,,,,,,,,,,,,,,,,,,,,,,,,,,,,,,,,,,,,,,,,,,,,,,,,,,,,,,,,,,,,,,,,,,,,,,,,,,,,,,,,,,,,,,,,,,,,,,,,,,,,,,,,,,,,,,,,,,,,,,,,,,,,,,,,,,,,,,,,,,,,,,,,,,,,,,,,,,,,,,,,,,,,,,,,,,,,,,,,,,,,,,,,,,,588.0,525.0,339.0,301.0,339.0,335.0,347.0,336.0,359.0,388.0,403.0,429.0,395.0,464.0,567.0,705.0,790.0,870.0,940.0,1019.0,965.0,1099.0,1099.0,378.0,998.0,1052.0,951.0,817.0,818.0,674.0,645.0,580.0,554.0,512.0,328.0,500.0,450.0,421.0,407.0,390.0,405.0,406.0,414.0,427.0,435.0,380.0,444.0,471.0,506.0,503.0,527.0,515.0,436.0,435.0,474.0,496.0,317.0,479.0,488.0,443.0,429.0,386.0,381.0,339.0,314.0,288.0,266.0,334.0,291.0,253.0,239.0,227.0,208.0,207.0,221.0,181.0,212.0,193.0,316.0,187.0,177.0,142.0,120.0,107.0,76.0,81.0,59.0,56.0,30.0,332.0,26.0,22.0,14.0,10.0,7.0,5.0,2.0,2.0,4.0,3.0,561.0,458.0,311.0,301.0,288.0,269.0,304.0,314.0,352.0,350.0,347.0,397.0,393.0,461.0,648.0,847.0,983.0,1036.0,1080.0,1201.0,1154.0,1187.0,1155.0,358.0,1005.0,1027.0,922.0,809.0,737.0,688.0,636.0,594.0,524.0,480.0,329.0,510.0,432.0,459.0,476.0,418.0,428.0,467.0,443.0,486.0,447.0,345.0,443.0,500.0,529.0,563.0,555.0,548.0,486.0,486.0,487.0,568.0,322.0,503.0,541.0,483.0,431.0,404.0,405.0,366.0,330.0,317.0,310.0,327.0,287.0,333.0,288.0,290.0,298.0,271.0,286.0,274.0,291.0,282.0,287.0,299.0,232.0,237.0,225.0,156.0,148.0,142.0,109.0,92.0,73.0,302.0,59.0,54.0,35.0,33.0,23.0,21.0,18.0,9.0,7.0,15.0
Østerbro,2028,,,,,,,,,,,,,,,,,,,,,,,,,,,,,,,,,,,,,,,,,,,,,,,,,,,,,,,,,,,,,,,,,,,,,,,,,,,,,,,,,,,,,,,,,,,,,,,,,,,,,,,,,,,,,,,,,,,,,,,,,,,,,,,,,,,,,,,,,,,,,,,,,,,,,,,,,,,,,,,,,,,,,,,,,,,,,,,,,,,,,,,,,,,,,,,,,,,,,,,,,,,,,,,,,,,595.0,517.0,329.0,330.0,299.0,332.0,331.0,343.0,340.0,359.0,397.0,417.0,456.0,471.0,587.0,673.0,771.0,852.0,940.0,987.0,1036.0,989.0,1077.0,354.0,1060.0,962.0,986.0,870.0,754.0,742.0,633.0,612.0,542.0,523.0,350.0,493.0,479.0,430.0,402.0,391.0,384.0,392.0,397.0,409.0,419.0,304.0,426.0,446.0,471.0,508.0,501.0,522.0,507.0,434.0,430.0,463.0,355.0,489.0,476.0,480.0,431.0,419.0,375.0,373.0,330.0,306.0,282.0,309.0,258.0,282.0,245.0,232.0,220.0,202.0,200.0,214.0,177.0,200.0,330.0,187.0,175.0,166.0,130.0,110.0,97.0,70.0,73.0,51.0,50.0,308.0,25.0,21.0,17.0,9.0,9.0,5.0,3.0,1.0,2.0,4.0,568.0,492.0,294.0,307.0,291.0,280.0,265.0,306.0,313.0,349.0,361.0,381.0,404.0,465.0,652.0,811.0,921.0,1056.0,1072.0,1136.0,1205.0,1135.0,1133.0,348.0,1082.0,942.0,954.0,855.0,745.0,671.0,640.0,593.0,559.0,505.0,327.0,459.0,493.0,416.0,445.0,467.0,408.0,418.0,459.0,435.0,476.0,311.0,442.0,444.0,504.0,528.0,550.0,547.0,538.0,483.0,482.0,482.0,328.0,564.0,493.0,530.0,470.0,424.0,400.0,398.0,355.0,325.0,309.0,317.0,302.0,281.0,325.0,279.0,285.0,288.0,265.0,280.0,263.0,285.0,314.0,273.0,286.0,222.0,227.0,214.0,148.0,136.0,134.0,99.0,79.0,279.0,61.0,51.0,47.0,30.0,25.0,18.0,16.0,13.0,6.0,15.0
Østerbro,2029,,,,,,,,,,,,,,,,,,,,,,,,,,,,,,,,,,,,,,,,,,,,,,,,,,,,,,,,,,,,,,,,,,,,,,,,,,,,,,,,,,,,,,,,,,,,,,,,,,,,,,,,,,,,,,,,,,,,,,,,,,,,,,,,,,,,,,,,,,,,,,,,,,,,,,,,,,,,,,,,,,,,,,,,,,,,,,,,,,,,,,,,,,,,,,,,,,,,,,,,,,,,,,,,,,,605.0,525.0,307.0,322.0,327.0,297.0,330.0,329.0,348.0,341.0,373.0,415.0,451.0,463.0,595.0,682.0,739.0,833.0,917.0,979.0,1009.0,1039.0,990.0,407.0,1039.0,1010.0,911.0,899.0,796.0,692.0,690.0,603.0,572.0,517.0,332.0,506.0,474.0,457.0,411.0,387.0,385.0,374.0,382.0,393.0,402.0,323.0,412.0,426.0,446.0,477.0,505.0,497.0,515.0,501.0,429.0,422.0,290.0,457.0,485.0,469.0,466.0,422.0,408.0,367.0,363.0,321.0,300.0,347.0,274.0,251.0,273.0,238.0,225.0,214.0,196.0,195.0,209.0,167.0,307.0,193.0,175.0,165.0,152.0,119.0,101.0,89.0,62.0,63.0,46.0,322.0,41.0,20.0,16.0,12.0,8.0,7.0,4.0,2.0,1.0,4.0,577.0,500.0,274.0,292.0,299.0,285.0,277.0,270.0,305.0,314.0,361.0,394.0,434.0,454.0,654.0,809.0,885.0,1000.0,1073.0,1120.0,1152.0,1176.0,1090.0,360.0,1064.0,998.0,887.0,882.0,787.0,679.0,629.0,598.0,562.0,538.0,321.0,483.0,451.0,472.0,410.0,442.0,453.0,400.0,414.0,452.0,429.0,310.0,470.0,443.0,450.0,505.0,517.0,544.0,540.0,534.0,480.0,477.0,298.0,481.0,551.0,486.0,516.0,463.0,420.0,395.0,387.0,351.0,318.0,324.0,303.0,297.0,276.0,315.0,275.0,277.0,282.0,260.0,269.0,258.0,305.0,276.0,261.0,273.0,213.0,216.0,202.0,136.0,128.0,122.0,85.0,304.0,67.0,53.0,44.0,40.0,22.0,19.0,14.0,11.0,8.0,14.0
Østerbro,2030,,,,,,,,,,,,,,,,,,,,,,,,,,,,,,,,,,,,,,,,,,,,,,,,,,,,,,,,,,,,,,,,,,,,,,,,,,,,,,,,,,,,,,,,,,,,,,,,,,,,,,,,,,,,,,,,,,,,,,,,,,,,,,,,,,,,,,,,,,,,,,,,,,,,,,,,,,,,,,,,,,,,,,,,,,,,,,,,,,,,,,,,,,,,,,,,,,,,,,,,,,,,,,,,,,,631.0,546.0,324.0,306.0,324.0,328.0,301.0,332.0,337.0,352.0,362.0,402.0,469.0,484.0,619.0,722.0,778.0,842.0,934.0,985.0,1027.0,1043.0,1050.0,412.0,993.0,1011.0,968.0,854.0,835.0,740.0,663.0,664.0,574.0,553.0,385.0,511.0,495.0,461.0,445.0,404.0,389.0,380.0,371.0,383.0,393.0,315.0,400.0,419.0,429.0,456.0,480.0,504.0,495.0,513.0,496.0,423.0,311.0,419.0,455.0,479.0,459.0,457.0,413.0,400.0,359.0,355.0,315.0,290.0,293.0,267.0,244.0,265.0,231.0,220.0,208.0,191.0,191.0,196.0,347.0,162.0,181.0,165.0,151.0,138.0,108.0,92.0,80.0,54.0,53.0,304.0,38.0,32.0,15.0,11.0,9.0,6.0,5.0,3.0,2.0,3.0,602.0,518.0,302.0,277.0,290.0,298.0,286.0,285.0,276.0,310.0,333.0,407.0,451.0,492.0,682.0,841.0,920.0,1001.0,1055.0,1139.0,1160.0,1157.0,1146.0,393.0,1051.0,1004.0,946.0,846.0,824.0,729.0,646.0,601.0,576.0,554.0,339.0,522.0,482.0,444.0,467.0,416.0,438.0,449.0,402.0,415.0,452.0,311.0,431.0,473.0,452.0,458.0,501.0,518.0,543.0,540.0,532.0,477.0,301.0,477.0,474.0,543.0,476.0,510.0,460.0,416.0,386.0,384.0,344.0,299.0,312.0,300.0,293.0,269.0,310.0,267.0,272.0,277.0,251.0,264.0,316.0,250.0,264.0,250.0,259.0,202.0,203.0,181.0,126.0,115.0,102.0,300.0,71.0,57.0,45.0,36.0,28.0,17.0,15.0,9.0,7.0,14.0
Østerbro,2031,,,,,,,,,,,,,,,,,,,,,,,,,,,,,,,,,,,,,,,,,,,,,,,,,,,,,,,,,,,,,,,,,,,,,,,,,,,,,,,,,,,,,,,,,,,,,,,,,,,,,,,,,,,,,,,,,,,,,,,,,,,,,,,,,,,,,,,,,,,,,,,,,,,,,,,,,,,,,,,,,,,,,,,,,,,,,,,,,,,,,,,,,,,,,,,,,,,,,,,,,,,,,,,,,,,648.0,567.0,307.0,322.0,308.0,325.0,330.0,305.0,340.0,341.0,371.0,394.0,486.0,477.0,656.0,757.0,830.0,890.0,951.0,1009.0,1036.0,1059.0,1059.0,427.0,1044.0,975.0,971.0,899.0,799.0,773.0,704.0,644.0,626.0,557.0,390.0,544.0,501.0,481.0,449.0,436.0,405.0,383.0,376.0,373.0,382.0,362.0,391.0,407.0,423.0,437.0,459.0,482.0,502.0,494.0,508.0,486.0,304.0,421.0,418.0,450.0,467.0,451.0,446.0,405.0,392.0,352.0,349.0,308.0,308.0,285.0,260.0,238.0,258.0,226.0,213.0,204.0,187.0,181.0,293.0,189.0,152.0,170.0,151.0,138.0,126.0,100.0,83.0,70.0,47.0,341.0,43.0,30.0,24.0,10.0,9.0,7.0,4.0,4.0,2.0,3.0,618.0,538.0,298.0,303.0,276.0,289.0,299.0,293.0,290.0,283.0,329.0,385.0,467.0,511.0,745.0,886.0,961.0,1046.0,1066.0,1130.0,1174.0,1164.0,1135.0,409.0,1101.0,994.0,953.0,893.0,796.0,759.0,691.0,616.0,581.0,566.0,369.0,538.0,518.0,473.0,443.0,469.0,417.0,435.0,446.0,402.0,416.0,328.0,452.0,436.0,481.0,459.0,457.0,503.0,518.0,543.0,538.0,526.0,302.0,477.0,469.0,469.0,531.0,473.0,506.0,455.0,408.0,384.0,376.0,300.0,338.0,310.0,296.0,285.0,266.0,301.0,263.0,268.0,267.0,248.0,292.0,256.0,239.0,252.0,239.0,245.0,190.0,184.0,170.0,114.0,97.0,310.0,85.0,60.0,49.0,38.0,27.0,22.0,13.0,10.0,6.0,14.0
Østerbro,2032,,,,,,,,,,,,,,,,,,,,,,,,,,,,,,,,,,,,,,,,,,,,,,,,,,,,,,,,,,,,,,,,,,,,,,,,,,,,,,,,,,,,,,,,,,,,,,,,,,,,,,,,,,,,,,,,,,,,,,,,,,,,,,,,,,,,,,,,,,,,,,,,,,,,,,,,,,,,,,,,,,,,,,,,,,,,,,,,,,,,,,,,,,,,,,,,,,,,,,,,,,,,,,,,,,,655.0,577.0,341.0,304.0,322.0,308.0,327.0,332.0,314.0,342.0,358.0,399.0,501.0,471.0,647.0,790.0,853.0,935.0,989.0,1019.0,1049.0,1057.0,1061.0,439.0,1046.0,1008.0,936.0,894.0,829.0,738.0,728.0,674.0,606.0,598.0,401.0,546.0,529.0,485.0,466.0,436.0,433.0,396.0,377.0,376.0,370.0,364.0,378.0,397.0,411.0,432.0,439.0,461.0,481.0,500.0,490.0,498.0,345.0,482.0,420.0,415.0,440.0,459.0,442.0,439.0,398.0,384.0,347.0,300.0,341.0,301.0,278.0,255.0,233.0,252.0,220.0,209.0,200.0,179.0,307.0,176.0,178.0,145.0,156.0,140.0,127.0,116.0,91.0,74.0,62.0,290.0,39.0,34.0,23.0,17.0,9.0,7.0,5.0,3.0,3.0,4.0,625.0,547.0,306.0,298.0,299.0,275.0,289.0,305.0,296.0,294.0,302.0,379.0,480.0,496.0,774.0,944.0,995.0,1077.0,1098.0,1134.0,1158.0,1163.0,1131.0,418.0,1084.0,1030.0,939.0,893.0,828.0,732.0,712.0,653.0,590.0,569.0,380.0,546.0,531.0,504.0,468.0,444.0,463.0,415.0,432.0,441.0,402.0,353.0,417.0,454.0,445.0,485.0,454.0,461.0,504.0,520.0,542.0,533.0,316.0,524.0,470.0,464.0,461.0,525.0,471.0,500.0,446.0,405.0,377.0,300.0,370.0,336.0,307.0,290.0,283.0,261.0,297.0,260.0,259.0,265.0,290.0,242.0,248.0,231.0,243.0,229.0,235.0,177.0,178.0,159.0,101.0,286.0,87.0,76.0,56.0,42.0,30.0,23.0,18.0,11.0,7.0,14.0
Østerbro,2033,,,,,,,,,,,,,,,,,,,,,,,,,,,,,,,,,,,,,,,,,,,,,,,,,,,,,,,,,,,,,,,,,,,,,,,,,,,,,,,,,,,,,,,,,,,,,,,,,,,,,,,,,,,,,,,,,,,,,,,,,,,,,,,,,,,,,,,,,,,,,,,,,,,,,,,,,,,,,,,,,,,,,,,,,,,,,,,,,,,,,,,,,,,,,,,,,,,,,,,,,,,,,,,,,,,665.0,585.0,293.0,336.0,306.0,322.0,312.0,329.0,340.0,319.0,358.0,387.0,511.0,473.0,648.0,778.0,881.0,953.0,1030.0,1049.0,1057.0,1068.0,1059.0,452.0,1046.0,1011.0,963.0,867.0,825.0,763.0,699.0,696.0,632.0,583.0,412.0,583.0,532.0,512.0,472.0,454.0,435.0,424.0,390.0,377.0,374.0,376.0,366.0,384.0,400.0,420.0,435.0,440.0,461.0,481.0,496.0,481.0,349.0,494.0,478.0,416.0,407.0,433.0,449.0,435.0,430.0,390.0,379.0,338.0,340.0,333.0,294.0,272.0,249.0,228.0,245.0,216.0,205.0,191.0,301.0,174.0,167.0,169.0,134.0,144.0,129.0,118.0,106.0,80.0,66.0,302.0,51.0,31.0,26.0,16.0,15.0,7.0,5.0,4.0,3.0,4.0,636.0,555.0,283.0,306.0,295.0,297.0,276.0,297.0,309.0,301.0,313.0,355.0,489.0,490.0,778.0,959.0,1040.0,1102.0,1121.0,1161.0,1160.0,1149.0,1126.0,431.0,1081.0,1018.0,970.0,883.0,830.0,757.0,690.0,672.0,625.0,578.0,390.0,550.0,539.0,518.0,498.0,469.0,442.0,458.0,415.0,429.0,438.0,364.0,403.0,421.0,462.0,451.0,480.0,457.0,464.0,507.0,520.0,537.0,340.0,531.0,515.0,465.0,455.0,457.0,521.0,467.0,490.0,442.0,398.0,314.0,371.0,369.0,332.0,300.0,288.0,277.0,259.0,293.0,253.0,258.0,292.0,258.0,234.0,238.0,223.0,232.0,219.0,217.0,170.0,165.0,138.0,284.0,89.0,77.0,69.0,49.0,33.0,24.0,18.0,14.0,8.0,15.0
Østerbro,2034,,,,,,,,,,,,,,,,,,,,,,,,,,,,,,,,,,,,,,,,,,,,,,,,,,,,,,,,,,,,,,,,,,,,,,,,,,,,,,,,,,,,,,,,,,,,,,,,,,,,,,,,,,,,,,,,,,,,,,,,,,,,,,,,,,,,,,,,,,,,,,,,,,,,,,,,,,,,,,,,,,,,,,,,,,,,,,,,,,,,,,,,,,,,,,,,,,,,,,,,,,,,,,,,,,,675.0,596.0,304.0,292.0,337.0,307.0,325.0,315.0,339.0,344.0,339.0,386.0,520.0,463.0,645.0,790.0,873.0,987.0,1050.0,1092.0,1087.0,1079.0,1072.0,463.0,1046.0,1011.0,968.0,890.0,805.0,762.0,721.0,673.0,654.0,607.0,426.0,572.0,566.0,516.0,498.0,461.0,453.0,426.0,416.0,390.0,375.0,387.0,370.0,372.0,387.0,410.0,423.0,437.0,440.0,461.0,479.0,487.0,361.0,478.0,491.0,471.0,408.0,401.0,423.0,441.0,426.0,422.0,385.0,344.0,370.0,331.0,323.0,287.0,266.0,244.0,223.0,240.0,211.0,195.0,337.0,185.0,164.0,158.0,155.0,123.0,132.0,120.0,107.0,93.0,70.0,297.0,54.0,41.0,24.0,18.0,14.0,11.0,5.0,4.0,3.0,5.0,645.0,565.0,281.0,285.0,303.0,294.0,298.0,285.0,303.0,314.0,320.0,366.0,498.0,471.0,767.0,971.0,1052.0,1146.0,1145.0,1185.0,1189.0,1154.0,1117.0,441.0,1077.0,1016.0,963.0,912.0,823.0,761.0,712.0,655.0,643.0,612.0,403.0,559.0,545.0,526.0,513.0,499.0,467.0,440.0,456.0,414.0,428.0,375.0,437.0,407.0,429.0,467.0,448.0,481.0,459.0,469.0,508.0,516.0,352.0,536.0,522.0,508.0,456.0,451.0,455.0,515.0,459.0,485.0,433.0,338.0,391.0,369.0,364.0,324.0,297.0,281.0,273.0,256.0,283.0,250.0,306.0,251.0,248.0,224.0,229.0,212.0,219.0,200.0,204.0,156.0,140.0,286.0,117.0,77.0,67.0,58.0,36.0,26.0,19.0,13.0,9.0,15.0
Østerbro,2035,,,,,,,,,,,,,,,,,,,,,,,,,,,,,,,,,,,,,,,,,,,,,,,,,,,,,,,,,,,,,,,,,,,,,,,,,,,,,,,,,,,,,,,,,,,,,,,,,,,,,,,,,,,,,,,,,,,,,,,,,,,,,,,,,,,,,,,,,,,,,,,,,,,,,,,,,,,,,,,,,,,,,,,,,,,,,,,,,,,,,,,,,,,,,,,,,,,,,,,,,,,,,,,,,,,682.0,605.0,300.0,302.0,295.0,337.0,311.0,328.0,325.0,344.0,364.0,371.0,530.0,460.0,643.0,782.0,886.0,979.0,1085.0,1109.0,1128.0,1106.0,1083.0,471.0,1059.0,1011.0,968.0,895.0,823.0,745.0,721.0,692.0,634.0,627.0,436.0,594.0,558.0,548.0,503.0,486.0,461.0,444.0,419.0,416.0,388.0,400.0,371.0,376.0,376.0,396.0,413.0,426.0,438.0,440.0,459.0,472.0,372.0,483.0,475.0,485.0,460.0,402.0,393.0,416.0,432.0,418.0,416.0,355.0,377.0,361.0,322.0,315.0,280.0,260.0,238.0,219.0,234.0,202.0,344.0,189.0,175.0,155.0,145.0,142.0,113.0,121.0,109.0,94.0,82.0,332.0,59.0,44.0,31.0,17.0,15.0,11.0,8.0,4.0,3.0,5.0,651.0,574.0,283.0,282.0,283.0,302.0,294.0,306.0,292.0,310.0,334.0,372.0,507.0,483.0,756.0,953.0,1065.0,1153.0,1185.0,1207.0,1211.0,1180.0,1122.0,449.0,1070.0,1012.0,961.0,907.0,849.0,756.0,716.0,673.0,629.0,629.0,412.0,591.0,554.0,532.0,521.0,514.0,495.0,464.0,440.0,453.0,416.0,387.0,429.0,439.0,415.0,436.0,463.0,452.0,483.0,463.0,472.0,505.0,361.0,516.0,528.0,516.0,498.0,452.0,448.0,451.0,504.0,456.0,476.0,350.0,426.0,390.0,364.0,354.0,321.0,290.0,277.0,270.0,249.0,279.0,329.0,244.0,242.0,238.0,215.0,218.0,201.0,201.0,189.0,186.0,134.0,300.0,120.0,101.0,68.0,57.0,43.0,29.0,20.0,13.0,8.0,16.0
Østerbro,2036,,,,,,,,,,,,,,,,,,,,,,,,,,,,,,,,,,,,,,,,,,,,,,,,,,,,,,,,,,,,,,,,,,,,,,,,,,,,,,,,,,,,,,,,,,,,,,,,,,,,,,,,,,,,,,,,,,,,,,,,,,,,,,,,,,,,,,,,,,,,,,,,,,,,,,,,,,,,,,,,,,,,,,,,,,,,,,,,,,,,,,,,,,,,,,,,,,,,,,,,,,,,,,,,,,,689.0,611.0,333.0,298.0,303.0,297.0,340.0,315.0,338.0,330.0,365.0,394.0,538.0,452.0,642.0,788.0,873.0,995.0,1077.0,1145.0,1144.0,1146.0,1108.0,480.0,1070.0,1024.0,967.0,894.0,830.0,761.0,708.0,693.0,650.0,610.0,444.0,613.0,578.0,542.0,532.0,491.0,484.0,452.0,436.0,419.0,413.0,409.0,383.0,377.0,380.0,386.0,400.0,416.0,428.0,438.0,437.0,453.0,383.0,469.0,481.0,470.0,474.0,452.0,394.0,387.0,408.0,424.0,413.0,366.0,407.0,368.0,352.0,315.0,307.0,274.0,253.0,233.0,215.0,224.0,355.0,196.0,179.0,166.0,143.0,134.0,131.0,105.0,111.0,96.0,83.0,339.0,68.0,47.0,34.0,22.0,14.0,12.0,8.0,6.0,3.0,5.0,657.0,580.0,297.0,285.0,280.0,282.0,303.0,302.0,312.0,299.0,331.0,389.0,515.0,493.0,774.0,943.0,1045.0,1168.0,1189.0,1246.0,1232.0,1200.0,1147.0,458.0,1076.0,1008.0,956.0,906.0,846.0,779.0,712.0,678.0,644.0,616.0,419.0,607.0,584.0,541.0,528.0,522.0,511.0,492.0,463.0,438.0,452.0,396.0,417.0,431.0,445.0,421.0,434.0,466.0,455.0,485.0,465.0,470.0,373.0,506.0,509.0,521.0,506.0,493.0,450.0,444.0,443.0,500.0,448.0,359.0,467.0,424.0,385.0,355.0,350.0,314.0,287.0,274.0,262.0,247.0,340.0,271.0,236.0,232.0,229.0,206.0,207.0,185.0,190.0,173.0,159.0,322.0,115.0,104.0,88.0,58.0,43.0,34.0,22.0,14.0,8.0,16.0
Østerbro,2037,,,,,,,,,,,,,,,,,,,,,,,,,,,,,,,,,,,,,,,,,,,,,,,,,,,,,,,,,,,,,,,,,,,,,,,,,,,,,,,,,,,,,,,,,,,,,,,,,,,,,,,,,,,,,,,,,,,,,,,,,,,,,,,,,,,,,,,,,,,,,,,,,,,,,,,,,,,,,,,,,,,,,,,,,,,,,,,,,,,,,,,,,,,,,,,,,,,,,,,,,,,,,,,,,,,696.0,618.0,341.0,330.0,301.0,305.0,302.0,343.0,325.0,343.0,352.0,399.0,544.0,475.0,650.0,786.0,877.0,974.0,1092.0,1135.0,1179.0,1160.0,1146.0,488.0,1092.0,1034.0,979.0,894.0,828.0,768.0,721.0,681.0,651.0,624.0,452.0,598.0,596.0,560.0,527.0,518.0,491.0,474.0,445.0,436.0,417.0,417.0,408.0,389.0,380.0,389.0,389.0,402.0,418.0,429.0,436.0,431.0,392.0,451.0,468.0,476.0,461.0,466.0,441.0,388.0,381.0,401.0,419.0,377.0,405.0,397.0,359.0,344.0,307.0,300.0,267.0,248.0,229.0,206.0,365.0,217.0,185.0,169.0,153.0,131.0,124.0,121.0,97.0,97.0,85.0,350.0,69.0,54.0,36.0,23.0,18.0,11.0,9.0,5.0,5.0,5.0,664.0,586.0,318.0,299.0,282.0,279.0,284.0,311.0,308.0,318.0,321.0,389.0,521.0,517.0,800.0,956.0,1032.0,1142.0,1203.0,1247.0,1268.0,1219.0,1166.0,464.0,1099.0,1014.0,954.0,901.0,845.0,777.0,733.0,674.0,649.0,630.0,427.0,596.0,600.0,570.0,536.0,529.0,518.0,507.0,490.0,461.0,439.0,403.0,452.0,422.0,438.0,450.0,419.0,438.0,468.0,459.0,486.0,463.0,381.0,472.0,500.0,504.0,511.0,502.0,490.0,446.0,436.0,441.0,491.0,371.0,441.0,464.0,418.0,375.0,351.0,342.0,310.0,284.0,266.0,259.0,349.0,241.0,261.0,226.0,223.0,219.0,195.0,190.0,174.0,174.0,149.0,332.0,137.0,100.0,91.0,75.0,43.0,34.0,26.0,16.0,9.0,17.0
Østerbro,2038,,,,,,,,,,,,,,,,,,,,,,,,,,,,,,,,,,,,,,,,,,,,,,,,,,,,,,,,,,,,,,,,,,,,,,,,,,,,,,,,,,,,,,,,,,,,,,,,,,,,,,,,,,,,,,,,,,,,,,,,,,,,,,,,,,,,,,,,,,,,,,,,,,,,,,,,,,,,,,,,,,,,,,,,,,,,,,,,,,,,,,,,,,,,,,,,,,,,,,,,,,,,,,,,,,,699.0,622.0,351.0,338.0,331.0,302.0,307.0,306.0,352.0,330.0,364.0,386.0,548.0,487.0,685.0,802.0,867.0,974.0,1061.0,1146.0,1164.0,1191.0,1154.0,492.0,1125.0,1051.0,986.0,902.0,826.0,764.0,726.0,691.0,639.0,623.0,458.0,609.0,581.0,576.0,543.0,514.0,515.0,480.0,466.0,444.0,432.0,423.0,411.0,413.0,391.0,389.0,392.0,391.0,403.0,418.0,426.0,430.0,399.0,428.0,450.0,464.0,466.0,453.0,456.0,433.0,381.0,374.0,396.0,385.0,410.0,396.0,387.0,351.0,335.0,301.0,292.0,261.0,244.0,219.0,376.0,201.0,205.0,175.0,156.0,141.0,121.0,115.0,110.0,85.0,86.0,359.0,72.0,55.0,42.0,26.0,20.0,14.0,8.0,6.0,5.0,7.0,667.0,590.0,328.0,319.0,295.0,281.0,280.0,292.0,317.0,314.0,338.0,380.0,524.0,530.0,843.0,978.0,1036.0,1123.0,1170.0,1258.0,1262.0,1247.0,1178.0,468.0,1113.0,1031.0,957.0,897.0,837.0,773.0,730.0,692.0,644.0,633.0,432.0,606.0,589.0,583.0,563.0,537.0,525.0,514.0,505.0,487.0,460.0,409.0,440.0,453.0,430.0,443.0,444.0,422.0,440.0,471.0,461.0,483.0,387.0,463.0,467.0,495.0,494.0,507.0,499.0,484.0,438.0,433.0,433.0,378.0,482.0,439.0,458.0,407.0,371.0,343.0,337.0,306.0,276.0,264.0,359.0,253.0,233.0,250.0,219.0,214.0,207.0,180.0,180.0,160.0,150.0,341.0,128.0,119.0,88.0,78.0,56.0,34.0,26.0,18.0,10.0,17.0
Østerbro,2039,,,,,,,,,,,,,,,,,,,,,,,,,,,,,,,,,,,,,,,,,,,,,,,,,,,,,,,,,,,,,,,,,,,,,,,,,,,,,,,,,,,,,,,,,,,,,,,,,,,,,,,,,,,,,,,,,,,,,,,,,,,,,,,,,,,,,,,,,,,,,,,,,,,,,,,,,,,,,,,,,,,,,,,,,,,,,,,,,,,,,,,,,,,,,,,,,,,,,,,,,,,,,,,,,,,703.0,625.0,360.0,348.0,339.0,331.0,305.0,310.0,316.0,355.0,352.0,397.0,551.0,475.0,717.0,836.0,883.0,958.0,1058.0,1108.0,1173.0,1174.0,1183.0,495.0,1131.0,1080.0,1000.0,908.0,833.0,762.0,721.0,695.0,647.0,613.0,462.0,608.0,590.0,562.0,558.0,528.0,512.0,503.0,471.0,464.0,441.0,429.0,426.0,416.0,415.0,399.0,391.0,394.0,392.0,403.0,416.0,421.0,405.0,427.0,427.0,446.0,455.0,458.0,443.0,447.0,424.0,374.0,370.0,391.0,389.0,401.0,386.0,378.0,343.0,328.0,293.0,286.0,256.0,233.0,383.0,213.0,190.0,194.0,162.0,144.0,130.0,112.0,106.0,97.0,76.0,369.0,72.0,58.0,43.0,29.0,21.0,16.0,11.0,6.0,5.0,7.0,671.0,593.0,336.0,329.0,315.0,294.0,281.0,286.0,299.0,323.0,335.0,396.0,528.0,528.0,875.0,1018.0,1053.0,1122.0,1149.0,1221.0,1271.0,1239.0,1204.0,471.0,1123.0,1043.0,972.0,899.0,834.0,766.0,726.0,689.0,660.0,628.0,436.0,608.0,597.0,573.0,576.0,563.0,533.0,521.0,511.0,502.0,485.0,414.0,460.0,443.0,460.0,436.0,438.0,446.0,425.0,444.0,471.0,459.0,393.0,483.0,458.0,464.0,486.0,491.0,504.0,494.0,474.0,435.0,425.0,384.0,426.0,480.0,434.0,446.0,403.0,362.0,338.0,333.0,297.0,274.0,366.0,258.0,244.0,224.0,241.0,210.0,203.0,191.0,170.0,165.0,138.0,350.0,129.0,112.0,104.0,75.0,58.0,44.0,27.0,18.0,12.0,19.0
Østerbro,2040,,,,,,,,,,,,,,,,,,,,,,,,,,,,,,,,,,,,,,,,,,,,,,,,,,,,,,,,,,,,,,,,,,,,,,,,,,,,,,,,,,,,,,,,,,,,,,,,,,,,,,,,,,,,,,,,,,,,,,,,,,,,,,,,,,,,,,,,,,,,,,,,,,,,,,,,,,,,,,,,,,,,,,,,,,,,,,,,,,,,,,,,,,,,,,,,,,,,,,,,,,,,,,,,,,,706.0,628.0,370.0,356.0,349.0,339.0,333.0,309.0,319.0,322.0,376.0,386.0,554.0,488.0,710.0,878.0,913.0,976.0,1038.0,1104.0,1132.0,1182.0,1165.0,499.0,1158.0,1085.0,1026.0,920.0,837.0,768.0,719.0,691.0,651.0,620.0,465.0,599.0,590.0,570.0,545.0,542.0,525.0,500.0,493.0,470.0,460.0,432.0,435.0,431.0,418.0,423.0,401.0,393.0,395.0,392.0,401.0,410.0,410.0,419.0,426.0,423.0,438.0,448.0,448.0,436.0,439.0,416.0,370.0,397.0,364.0,380.0,390.0,378.0,369.0,336.0,320.0,287.0,280.0,246.0,389.0,227.0,202.0,180.0,179.0,149.0,133.0,121.0,103.0,93.0,86.0,376.0,64.0,58.0,45.0,30.0,25.0,17.0,11.0,7.0,5.0,8.0,674.0,596.0,345.0,337.0,324.0,313.0,294.0,288.0,292.0,305.0,343.0,393.0,530.0,547.0,880.0,1056.0,1090.0,1136.0,1144.0,1198.0,1232.0,1248.0,1195.0,474.0,1146.0,1052.0,982.0,913.0,836.0,763.0,719.0,685.0,657.0,643.0,439.0,604.0,599.0,580.0,567.0,575.0,558.0,528.0,518.0,507.0,500.0,417.0,485.0,462.0,450.0,465.0,432.0,441.0,447.0,428.0,446.0,469.0,398.0,460.0,476.0,454.0,456.0,483.0,488.0,499.0,484.0,471.0,427.0,390.0,418.0,424.0,473.0,424.0,440.0,393.0,358.0,334.0,323.0,294.0,372.0,267.0,249.0,235.0,217.0,230.0,199.0,187.0,181.0,156.0,142.0,357.0,119.0,112.0,99.0,89.0,57.0,46.0,34.0,19.0,12.0,21.0
Østerbro,2041,,,,,,,,,,,,,,,,,,,,,,,,,,,,,,,,,,,,,,,,,,,,,,,,,,,,,,,,,,,,,,,,,,,,,,,,,,,,,,,,,,,,,,,,,,,,,,,,,,,,,,,,,,,,,,,,,,,,,,,,,,,,,,,,,,,,,,,,,,,,,,,,,,,,,,,,,,,,,,,,,,,,,,,,,,,,,,,,,,,,,,,,,,,,,,,,,,,,,,,,,,,,,,,,,,,709.0,631.0,377.0,366.0,357.0,349.0,342.0,336.0,318.0,323.0,345.0,409.0,557.0,480.0,733.0,873.0,960.0,1006.0,1059.0,1084.0,1130.0,1141.0,1174.0,501.0,1142.0,1111.0,1031.0,944.0,848.0,773.0,727.0,690.0,648.0,624.0,468.0,606.0,581.0,570.0,552.0,531.0,540.0,513.0,491.0,491.0,467.0,435.0,453.0,441.0,433.0,427.0,425.0,403.0,394.0,395.0,390.0,396.0,413.0,409.0,418.0,422.0,415.0,432.0,439.0,441.0,428.0,430.0,411.0,401.0,364.0,356.0,370.0,382.0,370.0,362.0,328.0,314.0,282.0,268.0,395.0,239.0,215.0,192.0,167.0,165.0,138.0,124.0,111.0,91.0,84.0,382.0,72.0,51.0,45.0,32.0,25.0,20.0,12.0,8.0,6.0,8.0,677.0,599.0,352.0,346.0,332.0,322.0,314.0,301.0,294.0,298.0,327.0,403.0,533.0,551.0,904.0,1062.0,1131.0,1175.0,1159.0,1193.0,1211.0,1211.0,1205.0,477.0,1138.0,1074.0,991.0,923.0,849.0,766.0,718.0,679.0,654.0,642.0,442.0,618.0,595.0,583.0,573.0,567.0,570.0,553.0,526.0,515.0,506.0,420.0,500.0,487.0,470.0,456.0,460.0,436.0,442.0,449.0,430.0,444.0,401.0,469.0,454.0,472.0,446.0,454.0,481.0,484.0,490.0,481.0,462.0,394.0,420.0,417.0,419.0,461.0,419.0,429.0,388.0,353.0,324.0,320.0,378.0,288.0,259.0,240.0,227.0,209.0,218.0,184.0,178.0,166.0,135.0,363.0,123.0,104.0,99.0,85.0,67.0,45.0,36.0,24.0,12.0,22.0
Østerbro,2042,,,,,,,,,,,,,,,,,,,,,,,,,,,,,,,,,,,,,,,,,,,,,,,,,,,,,,,,,,,,,,,,,,,,,,,,,,,,,,,,,,,,,,,,,,,,,,,,,,,,,,,,,,,,,,,,,,,,,,,,,,,,,,,,,,,,,,,,,,,,,,,,,,,,,,,,,,,,,,,,,,,,,,,,,,,,,,,,,,,,,,,,,,,,,,,,,,,,,,,,,,,,,,,,,,,717.0,638.0,384.0,375.0,368.0,359.0,353.0,346.0,345.0,323.0,346.0,384.0,563.0,506.0,741.0,904.0,961.0,1063.0,1094.0,1113.0,1116.0,1146.0,1139.0,507.0,1157.0,1101.0,1060.0,953.0,875.0,788.0,735.0,700.0,649.0,623.0,473.0,613.0,589.0,564.0,554.0,539.0,531.0,529.0,505.0,492.0,488.0,440.0,462.0,460.0,445.0,444.0,431.0,427.0,405.0,395.0,394.0,386.0,418.0,395.0,408.0,415.0,415.0,409.0,424.0,433.0,433.0,420.0,426.0,406.0,403.0,356.0,347.0,363.0,374.0,363.0,353.0,322.0,309.0,271.0,401.0,260.0,227.0,204.0,178.0,154.0,153.0,129.0,114.0,98.0,81.0,389.0,71.0,58.0,40.0,32.0,27.0,20.0,14.0,8.0,7.0,9.0,684.0,605.0,359.0,354.0,342.0,331.0,324.0,322.0,308.0,301.0,319.0,392.0,539.0,573.0,920.0,1088.0,1143.0,1224.0,1202.0,1214.0,1211.0,1197.0,1176.0,482.0,1154.0,1072.0,1016.0,936.0,863.0,781.0,725.0,681.0,651.0,641.0,446.0,619.0,611.0,581.0,577.0,574.0,564.0,566.0,551.0,524.0,515.0,425.0,507.0,504.0,496.0,477.0,453.0,463.0,439.0,446.0,450.0,429.0,406.0,445.0,464.0,451.0,464.0,444.0,454.0,478.0,476.0,487.0,473.0,399.0,454.0,419.0,412.0,410.0,456.0,410.0,423.0,383.0,344.0,321.0,383.0,312.0,278.0,249.0,232.0,218.0,199.0,201.0,175.0,164.0,144.0,369.0,117.0,108.0,92.0,85.0,64.0,53.0,36.0,25.0,16.0,23.0
Østerbro,2043,,,,,,,,,,,,,,,,,,,,,,,,,,,,,,,,,,,,,,,,,,,,,,,,,,,,,,,,,,,,,,,,,,,,,,,,,,,,,,,,,,,,,,,,,,,,,,,,,,,,,,,,,,,,,,,,,,,,,,,,,,,,,,,,,,,,,,,,,,,,,,,,,,,,,,,,,,,,,,,,,,,,,,,,,,,,,,,,,,,,,,,,,,,,,,,,,,,,,,,,,,,,,,,,,,,721.0,644.0,391.0,382.0,376.0,369.0,362.0,356.0,356.0,349.0,346.0,381.0,569.0,490.0,783.0,914.0,989.0,1063.0,1154.0,1145.0,1143.0,1130.0,1143.0,512.0,1121.0,1115.0,1049.0,978.0,882.0,811.0,748.0,707.0,658.0,624.0,478.0,611.0,595.0,571.0,549.0,540.0,538.0,520.0,520.0,504.0,489.0,444.0,482.0,469.0,463.0,455.0,447.0,433.0,429.0,406.0,394.0,390.0,422.0,385.0,395.0,406.0,408.0,410.0,402.0,418.0,425.0,425.0,416.0,410.0,418.0,394.0,348.0,341.0,356.0,367.0,355.0,347.0,317.0,296.0,405.0,263.0,247.0,215.0,189.0,164.0,144.0,142.0,119.0,100.0,88.0,394.0,69.0,57.0,45.0,29.0,27.0,21.0,15.0,10.0,7.0,10.0,687.0,611.0,365.0,360.0,350.0,341.0,332.0,332.0,328.0,314.0,322.0,380.0,544.0,581.0,956.0,1102.0,1164.0,1235.0,1249.0,1255.0,1230.0,1195.0,1161.0,487.0,1125.0,1086.0,1013.0,958.0,873.0,792.0,738.0,687.0,653.0,637.0,451.0,617.0,612.0,595.0,575.0,577.0,569.0,560.0,564.0,548.0,524.0,429.0,516.0,511.0,512.0,503.0,473.0,458.0,466.0,444.0,447.0,448.0,410.0,430.0,441.0,460.0,444.0,461.0,443.0,452.0,470.0,474.0,479.0,403.0,465.0,453.0,414.0,402.0,406.0,445.0,405.0,418.0,372.0,341.0,387.0,314.0,302.0,267.0,241.0,223.0,207.0,184.0,191.0,161.0,142.0,374.0,124.0,103.0,95.0,79.0,64.0,51.0,42.0,25.0,17.0,26.0
Østerbro,2044,,,,,,,,,,,,,,,,,,,,,,,,,,,,,,,,,,,,,,,,,,,,,,,,,,,,,,,,,,,,,,,,,,,,,,,,,,,,,,,,,,,,,,,,,,,,,,,,,,,,,,,,,,,,,,,,,,,,,,,,,,,,,,,,,,,,,,,,,,,,,,,,,,,,,,,,,,,,,,,,,,,,,,,,,,,,,,,,,,,,,,,,,,,,,,,,,,,,,,,,,,,,,,,,,,,715.0,642.0,394.0,386.0,381.0,376.0,371.0,364.0,365.0,359.0,369.0,380.0,569.0,481.0,786.0,940.0,988.0,1079.0,1142.0,1195.0,1164.0,1147.0,1116.0,513.0,1115.0,1071.0,1054.0,960.0,898.0,812.0,764.0,714.0,661.0,629.0,479.0,609.0,590.0,574.0,552.0,533.0,537.0,523.0,509.0,517.0,499.0,446.0,482.0,486.0,471.0,472.0,458.0,448.0,433.0,428.0,403.0,388.0,423.0,388.0,384.0,391.0,398.0,403.0,402.0,395.0,411.0,418.0,421.0,412.0,409.0,409.0,384.0,341.0,334.0,349.0,358.0,349.0,341.0,305.0,407.0,288.0,250.0,234.0,199.0,175.0,153.0,134.0,131.0,104.0,90.0,397.0,74.0,55.0,45.0,32.0,24.0,21.0,16.0,10.0,9.0,11.0,682.0,609.0,368.0,365.0,355.0,347.0,340.0,339.0,337.0,333.0,333.0,382.0,544.0,566.0,975.0,1124.0,1167.0,1244.0,1250.0,1294.0,1259.0,1203.0,1150.0,487.0,1103.0,1051.0,1019.0,948.0,887.0,796.0,744.0,695.0,654.0,635.0,452.0,610.0,607.0,593.0,586.0,573.0,570.0,563.0,556.0,559.0,546.0,431.0,523.0,518.0,518.0,518.0,497.0,475.0,459.0,468.0,445.0,444.0,411.0,447.0,425.0,437.0,451.0,441.0,459.0,440.0,445.0,468.0,466.0,405.0,471.0,464.0,447.0,404.0,398.0,397.0,439.0,401.0,406.0,368.0,389.0,333.0,303.0,290.0,259.0,232.0,212.0,192.0,175.0,175.0,140.0,376.0,123.0,109.0,91.0,82.0,60.0,51.0,40.0,29.0,16.0,29.0
Østerbro,2045,,,,,,,,,,,,,,,,,,,,,,,,,,,,,,,,,,,,,,,,,,,,,,,,,,,,,,,,,,,,,,,,,,,,,,,,,,,,,,,,,,,,,,,,,,,,,,,,,,,,,,,,,,,,,,,,,,,,,,,,,,,,,,,,,,,,,,,,,,,,,,,,,,,,,,,,,,,,,,,,,,,,,,,,,,,,,,,,,,,,,,,,,,,,,,,,,,,,,,,,,,,,,,,,,,,715.0,638.0,397.0,390.0,386.0,381.0,378.0,373.0,373.0,368.0,381.0,402.0,568.0,482.0,757.0,950.0,1011.0,1081.0,1159.0,1186.0,1216.0,1169.0,1135.0,514.0,1091.0,1068.0,1014.0,966.0,883.0,828.0,765.0,730.0,668.0,632.0,481.0,614.0,588.0,569.0,555.0,536.0,529.0,523.0,513.0,507.0,512.0,448.0,491.0,488.0,488.0,480.0,474.0,459.0,448.0,433.0,425.0,398.0,425.0,386.0,387.0,381.0,385.0,393.0,395.0,395.0,388.0,404.0,414.0,414.0,413.0,400.0,399.0,376.0,334.0,328.0,341.0,352.0,343.0,327.0,410.0,297.0,274.0,238.0,217.0,184.0,163.0,142.0,124.0,115.0,94.0,399.0,76.0,60.0,43.0,32.0,27.0,19.0,16.0,11.0,9.0,13.0,682.0,606.0,371.0,368.0,359.0,352.0,346.0,347.0,344.0,342.0,354.0,394.0,543.0,569.0,932.0,1147.0,1188.0,1248.0,1259.0,1298.0,1301.0,1233.0,1160.0,489.0,1094.0,1033.0,988.0,954.0,878.0,809.0,748.0,702.0,663.0,637.0,453.0,609.0,600.0,588.0,585.0,584.0,566.0,564.0,558.0,552.0,557.0,432.0,544.0,526.0,526.0,524.0,512.0,499.0,477.0,463.0,468.0,443.0,413.0,444.0,441.0,422.0,430.0,448.0,441.0,455.0,433.0,443.0,460.0,407.0,458.0,469.0,458.0,436.0,400.0,389.0,392.0,434.0,390.0,402.0,391.0,359.0,322.0,291.0,280.0,249.0,221.0,196.0,182.0,161.0,152.0,378.0,122.0,108.0,97.0,78.0,63.0,48.0,40.0,28.0,19.0,31.0
Østerbro,2046,,,,,,,,,,,,,,,,,,,,,,,,,,,,,,,,,,,,,,,,,,,,,,,,,,,,,,,,,,,,,,,,,,,,,,,,,,,,,,,,,,,,,,,,,,,,,,,,,,,,,,,,,,,,,,,,,,,,,,,,,,,,,,,,,,,,,,,,,,,,,,,,,,,,,,,,,,,,,,,,,,,,,,,,,,,,,,,,,,,,,,,,,,,,,,,,,,,,,,,,,,,,,,,,,,,714.0,638.0,399.0,392.0,390.0,386.0,383.0,380.0,382.0,376.0,391.0,416.0,566.0,503.0,757.0,909.0,1026.0,1100.0,1160.0,1201.0,1206.0,1221.0,1155.0,514.0,1110.0,1044.0,1011.0,930.0,888.0,814.0,780.0,731.0,683.0,638.0,482.0,618.0,594.0,568.0,551.0,539.0,532.0,516.0,512.0,510.0,503.0,449.0,504.0,497.0,490.0,497.0,483.0,475.0,459.0,448.0,430.0,419.0,427.0,395.0,385.0,383.0,374.0,380.0,386.0,390.0,389.0,382.0,400.0,415.0,407.0,404.0,390.0,391.0,368.0,328.0,321.0,336.0,346.0,331.0,411.0,319.0,282.0,260.0,221.0,201.0,172.0,152.0,131.0,109.0,104.0,401.0,80.0,61.0,47.0,31.0,27.0,21.0,14.0,11.0,9.0,14.0,681.0,606.0,373.0,371.0,363.0,356.0,351.0,353.0,352.0,350.0,363.0,418.0,541.0,584.0,932.0,1090.0,1211.0,1267.0,1262.0,1305.0,1303.0,1273.0,1188.0,488.0,1103.0,1024.0,971.0,926.0,884.0,801.0,761.0,706.0,669.0,645.0,454.0,611.0,599.0,582.0,580.0,583.0,577.0,560.0,559.0,554.0,550.0,433.0,555.0,546.0,533.0,532.0,518.0,515.0,500.0,480.0,463.0,465.0,414.0,443.0,438.0,437.0,414.0,428.0,447.0,438.0,448.0,431.0,436.0,408.0,453.0,457.0,464.0,447.0,432.0,391.0,384.0,388.0,422.0,387.0,393.0,392.0,347.0,309.0,281.0,269.0,237.0,204.0,187.0,168.0,140.0,380.0,132.0,107.0,96.0,83.0,60.0,50.0,38.0,28.0,19.0,34.0
Østerbro,2047,,,,,,,,,,,,,,,,,,,,,,,,,,,,,,,,,,,,,,,,,,,,,,,,,,,,,,,,,,,,,,,,,,,,,,,,,,,,,,,,,,,,,,,,,,,,,,,,,,,,,,,,,,,,,,,,,,,,,,,,,,,,,,,,,,,,,,,,,,,,,,,,,,,,,,,,,,,,,,,,,,,,,,,,,,,,,,,,,,,,,,,,,,,,,,,,,,,,,,,,,,,,,,,,,,,715.0,638.0,401.0,394.0,392.0,389.0,388.0,385.0,389.0,385.0,399.0,427.0,566.0,523.0,776.0,908.0,982.0,1118.0,1177.0,1202.0,1220.0,1212.0,1206.0,512.0,1129.0,1062.0,989.0,927.0,854.0,819.0,768.0,746.0,684.0,653.0,481.0,624.0,597.0,573.0,549.0,534.0,536.0,518.0,505.0,509.0,505.0,450.0,495.0,510.0,499.0,500.0,499.0,484.0,476.0,459.0,445.0,424.0,428.0,416.0,394.0,381.0,377.0,369.0,372.0,380.0,383.0,382.0,378.0,417.0,393.0,399.0,395.0,383.0,383.0,361.0,322.0,316.0,331.0,333.0,413.0,322.0,303.0,269.0,242.0,205.0,187.0,161.0,140.0,116.0,99.0,402.0,88.0,65.0,48.0,34.0,26.0,22.0,16.0,10.0,10.0,15.0,682.0,605.0,375.0,373.0,365.0,360.0,356.0,358.0,358.0,358.0,371.0,428.0,540.0,621.0,944.0,1088.0,1151.0,1291.0,1280.0,1308.0,1309.0,1277.0,1227.0,486.0,1129.0,1033.0,963.0,910.0,858.0,807.0,754.0,717.0,672.0,651.0,453.0,618.0,601.0,581.0,573.0,578.0,576.0,570.0,555.0,555.0,551.0,434.0,548.0,558.0,554.0,540.0,526.0,520.0,516.0,504.0,480.0,460.0,415.0,465.0,438.0,434.0,428.0,412.0,427.0,444.0,431.0,445.0,424.0,410.0,430.0,452.0,452.0,453.0,443.0,422.0,386.0,380.0,378.0,418.0,394.0,379.0,378.0,334.0,299.0,271.0,256.0,219.0,194.0,173.0,146.0,382.0,123.0,116.0,95.0,83.0,64.0,48.0,40.0,27.0,19.0,36.0
Østerbro,2048,,,,,,,,,,,,,,,,,,,,,,,,,,,,,,,,,,,,,,,,,,,,,,,,,,,,,,,,,,,,,,,,,,,,,,,,,,,,,,,,,,,,,,,,,,,,,,,,,,,,,,,,,,,,,,,,,,,,,,,,,,,,,,,,,,,,,,,,,,,,,,,,,,,,,,,,,,,,,,,,,,,,,,,,,,,,,,,,,,,,,,,,,,,,,,,,,,,,,,,,,,,,,,,,,,,717.0,639.0,403.0,396.0,394.0,392.0,391.0,390.0,394.0,391.0,408.0,435.0,565.0,535.0,808.0,925.0,981.0,1070.0,1198.0,1215.0,1221.0,1225.0,1196.0,511.0,1178.0,1079.0,1005.0,906.0,851.0,788.0,772.0,733.0,697.0,653.0,479.0,638.0,602.0,576.0,554.0,533.0,531.0,521.0,507.0,502.0,504.0,449.0,497.0,501.0,512.0,509.0,503.0,500.0,485.0,475.0,456.0,438.0,428.0,422.0,415.0,391.0,375.0,372.0,363.0,367.0,374.0,377.0,379.0,418.0,372.0,386.0,389.0,388.0,376.0,376.0,354.0,317.0,312.0,319.0,414.0,325.0,307.0,289.0,250.0,224.0,191.0,174.0,148.0,124.0,105.0,404.0,84.0,71.0,51.0,35.0,29.0,21.0,16.0,11.0,9.0,15.0,684.0,606.0,376.0,375.0,367.0,362.0,359.0,362.0,363.0,364.0,379.0,437.0,540.0,636.0,1000.0,1097.0,1148.0,1228.0,1303.0,1324.0,1311.0,1281.0,1230.0,485.0,1165.0,1057.0,971.0,902.0,843.0,783.0,759.0,710.0,683.0,654.0,451.0,623.0,608.0,583.0,572.0,572.0,571.0,569.0,565.0,550.0,552.0,434.0,549.0,551.0,565.0,560.0,534.0,529.0,522.0,520.0,504.0,477.0,416.0,461.0,459.0,435.0,426.0,426.0,412.0,425.0,436.0,430.0,438.0,411.0,418.0,430.0,447.0,442.0,449.0,433.0,416.0,382.0,370.0,375.0,395.0,408.0,366.0,364.0,323.0,288.0,258.0,237.0,208.0,180.0,150.0,383.0,128.0,108.0,103.0,83.0,64.0,51.0,38.0,28.0,18.0,37.0
Østerbro,2049,,,,,,,,,,,,,,,,,,,,,,,,,,,,,,,,,,,,,,,,,,,,,,,,,,,,,,,,,,,,,,,,,,,,,,,,,,,,,,,,,,,,,,,,,,,,,,,,,,,,,,,,,,,,,,,,,,,,,,,,,,,,,,,,,,,,,,,,,,,,,,,,,,,,,,,,,,,,,,,,,,,,,,,,,,,,,,,,,,,,,,,,,,,,,,,,,,,,,,,,,,,,,,,,,,,720.0,641.0,404.0,398.0,396.0,394.0,393.0,393.0,398.0,397.0,415.0,444.0,566.0,545.0,821.0,967.0,997.0,1069.0,1145.0,1238.0,1232.0,1226.0,1208.0,511.0,1169.0,1126.0,1021.0,921.0,833.0,786.0,743.0,737.0,685.0,666.0,479.0,638.0,616.0,581.0,557.0,538.0,529.0,516.0,511.0,504.0,497.0,447.0,496.0,502.0,504.0,522.0,511.0,505.0,500.0,484.0,472.0,450.0,428.0,436.0,420.0,411.0,384.0,370.0,365.0,357.0,361.0,368.0,374.0,418.0,373.0,365.0,377.0,383.0,380.0,369.0,368.0,348.0,313.0,301.0,415.0,311.0,310.0,293.0,268.0,232.0,209.0,179.0,161.0,131.0,112.0,405.0,90.0,68.0,56.0,36.0,30.0,23.0,16.0,11.0,10.0,15.0,687.0,608.0,377.0,376.0,369.0,364.0,361.0,365.0,368.0,369.0,385.0,446.0,540.0,646.0,1020.0,1161.0,1155.0,1224.0,1239.0,1349.0,1325.0,1284.0,1234.0,485.0,1169.0,1090.0,993.0,909.0,836.0,770.0,737.0,715.0,676.0,665.0,451.0,626.0,613.0,589.0,574.0,571.0,564.0,564.0,564.0,560.0,547.0,432.0,550.0,551.0,558.0,571.0,553.0,537.0,530.0,525.0,520.0,500.0,415.0,477.0,455.0,454.0,427.0,424.0,425.0,409.0,418.0,435.0,423.0,411.0,431.0,417.0,426.0,438.0,438.0,439.0,428.0,412.0,372.0,367.0,396.0,367.0,394.0,353.0,351.0,310.0,274.0,238.0,226.0,193.0,157.0,384.0,132.0,113.0,97.0,89.0,64.0,51.0,41.0,27.0,19.0,37.0
Østerbro,2050,,,,,,,,,,,,,,,,,,,,,,,,,,,,,,,,,,,,,,,,,,,,,,,,,,,,,,,,,,,,,,,,,,,,,,,,,,,,,,,,,,,,,,,,,,,,,,,,,,,,,,,,,,,,,,,,,,,,,,,,,,,,,,,,,,,,,,,,,,,,,,,,,,,,,,,,,,,,,,,,,,,,,,,,,,,,,,,,,,,,,,,,,,,,,,,,,,,,,,,,,,,,,,,,,,,724.0,643.0,405.0,399.0,398.0,396.0,395.0,395.0,401.0,401.0,420.0,452.0,568.0,555.0,831.0,985.0,1044.0,1084.0,1144.0,1183.0,1257.0,1235.0,1209.0,512.0,1180.0,1117.0,1064.0,935.0,846.0,769.0,741.0,709.0,689.0,654.0,479.0,650.0,616.0,594.0,562.0,540.0,534.0,515.0,505.0,508.0,499.0,447.0,489.0,501.0,504.0,514.0,525.0,512.0,505.0,499.0,481.0,465.0,426.0,448.0,434.0,417.0,403.0,379.0,363.0,360.0,351.0,355.0,365.0,417.0,368.0,365.0,356.0,370.0,376.0,374.0,362.0,363.0,343.0,302.0,415.0,294.0,297.0,295.0,273.0,249.0,217.0,196.0,165.0,142.0,119.0,406.0,96.0,73.0,54.0,40.0,31.0,24.0,17.0,11.0,10.0,16.0,691.0,610.0,378.0,377.0,370.0,365.0,363.0,367.0,371.0,373.0,390.0,454.0,542.0,657.0,1038.0,1184.0,1220.0,1231.0,1235.0,1282.0,1350.0,1297.0,1237.0,485.0,1172.0,1094.0,1024.0,930.0,843.0,763.0,724.0,694.0,681.0,658.0,451.0,636.0,616.0,594.0,581.0,573.0,563.0,557.0,559.0,559.0,557.0,432.0,545.0,552.0,558.0,565.0,565.0,556.0,539.0,534.0,526.0,516.0,413.0,500.0,471.0,451.0,446.0,425.0,423.0,422.0,403.0,417.0,427.0,410.0,417.0,430.0,413.0,417.0,434.0,429.0,433.0,423.0,401.0,370.0,396.0,359.0,355.0,380.0,341.0,338.0,296.0,254.0,227.0,209.0,168.0,385.0,137.0,116.0,101.0,84.0,68.0,51.0,41.0,29.0,18.0,38.0
Østerbro,2051,,,,,,,,,,,,,,,,,,,,,,,,,,,,,,,,,,,,,,,,,,,,,,,,,,,,,,,,,,,,,,,,,,,,,,,,,,,,,,,,,,,,,,,,,,,,,,,,,,,,,,,,,,,,,,,,,,,,,,,,,,,,,,,,,,,,,,,,,,,,,,,,,,,,,,,,,,,,,,,,,,,,,,,,,,,,,,,,,,,,,,,,,,,,,,,,,,,,,,,,,,,,,,,,,,,726.0,646.0,406.0,400.0,399.0,397.0,397.0,397.0,404.0,404.0,424.0,457.0,570.0,563.0,841.0,999.0,1063.0,1134.0,1157.0,1181.0,1200.0,1260.0,1216.0,513.0,1181.0,1127.0,1056.0,974.0,858.0,781.0,725.0,707.0,663.0,658.0,479.0,639.0,627.0,594.0,574.0,545.0,536.0,519.0,503.0,502.0,502.0,447.0,491.0,494.0,503.0,513.0,517.0,525.0,512.0,504.0,496.0,475.0,426.0,463.0,446.0,430.0,409.0,398.0,372.0,357.0,354.0,346.0,352.0,416.0,359.0,361.0,357.0,350.0,364.0,369.0,366.0,357.0,357.0,331.0,414.0,295.0,281.0,283.0,275.0,254.0,233.0,204.0,182.0,146.0,129.0,406.0,102.0,78.0,58.0,39.0,34.0,25.0,18.0,12.0,10.0,16.0,693.0,613.0,378.0,378.0,371.0,366.0,364.0,369.0,373.0,376.0,394.0,460.0,544.0,664.0,1055.0,1202.0,1242.0,1297.0,1240.0,1277.0,1283.0,1322.0,1249.0,487.0,1174.0,1096.0,1027.0,958.0,860.0,769.0,718.0,683.0,661.0,663.0,451.0,629.0,625.0,596.0,585.0,579.0,565.0,556.0,552.0,554.0,556.0,431.0,555.0,547.0,558.0,563.0,558.0,567.0,557.0,542.0,534.0,522.0,413.0,516.0,494.0,467.0,443.0,443.0,425.0,420.0,415.0,402.0,410.0,409.0,421.0,416.0,426.0,404.0,414.0,425.0,424.0,429.0,412.0,398.0,396.0,362.0,348.0,342.0,367.0,329.0,322.0,274.0,242.0,210.0,182.0,385.0,147.0,121.0,104.0,87.0,65.0,55.0,41.0,29.0,19.0,38.0
Østerbro,2052,,,,,,,,,,,,,,,,,,,,,,,,,,,,,,,,,,,,,,,,,,,,,,,,,,,,,,,,,,,,,,,,,,,,,,,,,,,,,,,,,,,,,,,,,,,,,,,,,,,,,,,,,,,,,,,,,,,,,,,,,,,,,,,,,,,,,,,,,,,,,,,,,,,,,,,,,,,,,,,,,,,,,,,,,,,,,,,,,,,,,,,,,,,,,,,,,,,,,,,,,,,,,,,,,,,729.0,648.0,405.0,400.0,399.0,398.0,398.0,398.0,405.0,406.0,427.0,462.0,572.0,567.0,845.0,1015.0,1079.0,1154.0,1209.0,1191.0,1197.0,1203.0,1241.0,515.0,1187.0,1128.0,1065.0,966.0,893.0,792.0,736.0,692.0,661.0,632.0,480.0,642.0,616.0,605.0,574.0,557.0,541.0,521.0,508.0,500.0,497.0,447.0,494.0,495.0,496.0,513.0,516.0,518.0,525.0,511.0,501.0,488.0,425.0,472.0,461.0,442.0,423.0,404.0,391.0,366.0,351.0,348.0,343.0,415.0,348.0,352.0,353.0,351.0,344.0,358.0,363.0,361.0,352.0,345.0,412.0,323.0,282.0,268.0,264.0,256.0,238.0,219.0,189.0,161.0,133.0,405.0,110.0,83.0,62.0,42.0,33.0,27.0,19.0,12.0,10.0,16.0,695.0,615.0,378.0,378.0,372.0,367.0,365.0,370.0,374.0,378.0,397.0,465.0,546.0,665.0,1069.0,1222.0,1260.0,1319.0,1305.0,1280.0,1276.0,1256.0,1273.0,488.0,1185.0,1098.0,1029.0,960.0,886.0,784.0,723.0,676.0,650.0,643.0,452.0,633.0,618.0,605.0,587.0,583.0,571.0,558.0,551.0,546.0,550.0,431.0,554.0,556.0,553.0,563.0,556.0,561.0,569.0,560.0,542.0,530.0,412.0,522.0,509.0,489.0,458.0,441.0,443.0,422.0,414.0,413.0,395.0,408.0,405.0,420.0,412.0,416.0,402.0,406.0,421.0,420.0,418.0,410.0,394.0,389.0,350.0,335.0,332.0,353.0,314.0,298.0,261.0,224.0,183.0,384.0,159.0,130.0,109.0,90.0,68.0,52.0,44.0,29.0,19.0,39.0
Østerbro,2053,,,,,,,,,,,,,,,,,,,,,,,,,,,,,,,,,,,,,,,,,,,,,,,,,,,,,,,,,,,,,,,,,,,,,,,,,,,,,,,,,,,,,,,,,,,,,,,,,,,,,,,,,,,,,,,,,,,,,,,,,,,,,,,,,,,,,,,,,,,,,,,,,,,,,,,,,,,,,,,,,,,,,,,,,,,,,,,,,,,,,,,,,,,,,,,,,,,,,,,,,,,,,,,,,,,731.0,650.0,405.0,400.0,400.0,398.0,399.0,399.0,407.0,408.0,429.0,465.0,574.0,570.0,847.0,1025.0,1097.0,1171.0,1230.0,1245.0,1206.0,1200.0,1185.0,517.0,1212.0,1133.0,1066.0,974.0,886.0,824.0,746.0,702.0,646.0,631.0,482.0,617.0,619.0,593.0,584.0,556.0,552.0,525.0,510.0,504.0,495.0,448.0,488.0,499.0,497.0,506.0,515.0,516.0,517.0,524.0,508.0,494.0,425.0,485.0,470.0,457.0,435.0,417.0,396.0,384.0,360.0,346.0,346.0,414.0,338.0,341.0,344.0,347.0,345.0,339.0,352.0,358.0,357.0,340.0,412.0,337.0,309.0,269.0,250.0,246.0,240.0,224.0,203.0,167.0,146.0,403.0,114.0,89.0,66.0,45.0,36.0,27.0,21.0,13.0,11.0,17.0,698.0,617.0,378.0,378.0,372.0,368.0,366.0,371.0,376.0,379.0,399.0,468.0,548.0,665.0,1078.0,1237.0,1280.0,1337.0,1326.0,1346.0,1278.0,1250.0,1211.0,490.0,1207.0,1108.0,1030.0,962.0,888.0,808.0,738.0,681.0,644.0,632.0,453.0,614.0,622.0,598.0,596.0,585.0,575.0,564.0,553.0,546.0,543.0,432.0,548.0,555.0,562.0,558.0,556.0,558.0,562.0,572.0,560.0,539.0,412.0,530.0,515.0,505.0,480.0,455.0,440.0,439.0,416.0,412.0,406.0,407.0,390.0,404.0,416.0,404.0,413.0,393.0,402.0,417.0,410.0,416.0,393.0,401.0,376.0,338.0,324.0,320.0,337.0,291.0,284.0,242.0,196.0,382.0,161.0,141.0,116.0,95.0,70.0,55.0,42.0,32.0,20.0,40.0
Østerbro,2054,,,,,,,,,,,,,,,,,,,,,,,,,,,,,,,,,,,,,,,,,,,,,,,,,,,,,,,,,,,,,,,,,,,,,,,,,,,,,,,,,,,,,,,,,,,,,,,,,,,,,,,,,,,,,,,,,,,,,,,,,,,,,,,,,,,,,,,,,,,,,,,,,,,,,,,,,,,,,,,,,,,,,,,,,,,,,,,,,,,,,,,,,,,,,,,,,,,,,,,,,,,,,,,,,,,733.0,652.0,403.0,399.0,399.0,398.0,399.0,400.0,408.0,409.0,431.0,468.0,576.0,572.0,848.0,1033.0,1111.0,1190.0,1248.0,1265.0,1259.0,1208.0,1181.0,519.0,1158.0,1157.0,1070.0,974.0,893.0,818.0,776.0,712.0,656.0,616.0,483.0,616.0,594.0,596.0,573.0,566.0,552.0,537.0,514.0,506.0,499.0,449.0,486.0,492.0,500.0,507.0,508.0,515.0,515.0,517.0,521.0,500.0,426.0,492.0,483.0,467.0,449.0,429.0,409.0,390.0,378.0,354.0,343.0,414.0,341.0,332.0,333.0,339.0,341.0,340.0,333.0,347.0,354.0,345.0,411.0,332.0,322.0,294.0,251.0,233.0,231.0,226.0,208.0,180.0,153.0,402.0,125.0,93.0,71.0,48.0,38.0,29.0,20.0,14.0,12.0,18.0,699.0,619.0,376.0,377.0,372.0,368.0,366.0,372.0,376.0,380.0,401.0,471.0,549.0,662.0,1085.0,1249.0,1296.0,1358.0,1343.0,1367.0,1341.0,1252.0,1206.0,492.0,1149.0,1129.0,1040.0,963.0,890.0,810.0,760.0,695.0,649.0,626.0,455.0,603.0,603.0,601.0,588.0,594.0,576.0,567.0,558.0,547.0,543.0,433.0,540.0,549.0,562.0,567.0,551.0,558.0,559.0,566.0,572.0,556.0,413.0,538.0,523.0,511.0,495.0,477.0,455.0,437.0,432.0,414.0,405.0,407.0,400.0,389.0,400.0,407.0,401.0,405.0,389.0,399.0,407.0,408.0,392.0,407.0,389.0,363.0,328.0,313.0,306.0,312.0,278.0,263.0,211.0,382.0,172.0,142.0,126.0,101.0,73.0,57.0,44.0,30.0,21.0,40.0
Østerbro,2055,,,,,,,,,,,,,,,,,,,,,,,,,,,,,,,,,,,,,,,,,,,,,,,,,,,,,,,,,,,,,,,,,,,,,,,,,,,,,,,,,,,,,,,,,,,,,,,,,,,,,,,,,,,,,,,,,,,,,,,,,,,,,,,,,,,,,,,,,,,,,,,,,,,,,,,,,,,,,,,,,,,,,,,,,,,,,,,,,,,,,,,,,,,,,,,,,,,,,,,,,,,,,,,,,,,734.0,654.0,402.0,398.0,398.0,398.0,399.0,401.0,408.0,410.0,432.0,470.0,578.0,572.0,848.0,1041.0,1122.0,1206.0,1268.0,1282.0,1279.0,1260.0,1188.0,521.0,1154.0,1106.0,1093.0,978.0,893.0,825.0,771.0,740.0,665.0,626.0,485.0,602.0,592.0,572.0,576.0,555.0,562.0,536.0,525.0,510.0,501.0,451.0,490.0,490.0,494.0,510.0,508.0,508.0,514.0,514.0,514.0,513.0,427.0,497.0,490.0,479.0,459.0,443.0,421.0,403.0,384.0,372.0,352.0,415.0,339.0,335.0,324.0,328.0,334.0,336.0,334.0,329.0,343.0,342.0,411.0,337.0,318.0,308.0,275.0,234.0,219.0,217.0,209.0,184.0,164.0,401.0,131.0,102.0,74.0,51.0,41.0,31.0,21.0,14.0,13.0,19.0,701.0,620.0,375.0,376.0,371.0,368.0,366.0,372.0,377.0,381.0,402.0,473.0,551.0,657.0,1090.0,1259.0,1308.0,1375.0,1363.0,1384.0,1361.0,1313.0,1207.0,493.0,1144.0,1076.0,1059.0,972.0,891.0,811.0,762.0,716.0,662.0,631.0,456.0,597.0,592.0,582.0,592.0,586.0,585.0,569.0,562.0,553.0,544.0,435.0,540.0,542.0,555.0,566.0,559.0,553.0,559.0,562.0,566.0,568.0,414.0,555.0,532.0,519.0,501.0,492.0,476.0,452.0,431.0,431.0,408.0,408.0,400.0,399.0,385.0,392.0,405.0,393.0,400.0,386.0,390.0,405.0,392.0,400.0,394.0,375.0,351.0,317.0,299.0,284.0,298.0,258.0,230.0,381.0,186.0,152.0,127.0,109.0,79.0,60.0,46.0,31.0,20.0,42.0
Østerbro,2056,,,,,,,,,,,,,,,,,,,,,,,,,,,,,,,,,,,,,,,,,,,,,,,,,,,,,,,,,,,,,,,,,,,,,,,,,,,,,,,,,,,,,,,,,,,,,,,,,,,,,,,,,,,,,,,,,,,,,,,,,,,,,,,,,,,,,,,,,,,,,,,,,,,,,,,,,,,,,,,,,,,,,,,,,,,,,,,,,,,,,,,,,,,,,,,,,,,,,,,,,,,,,,,,,,,737.0,655.0,401.0,397.0,397.0,397.0,399.0,401.0,408.0,410.0,433.0,471.0,579.0,571.0,847.0,1047.0,1132.0,1218.0,1284.0,1301.0,1295.0,1280.0,1238.0,522.0,1160.0,1102.0,1045.0,999.0,896.0,826.0,776.0,735.0,691.0,634.0,486.0,611.0,579.0,570.0,552.0,558.0,551.0,545.0,524.0,521.0,504.0,452.0,492.0,494.0,492.0,503.0,512.0,508.0,507.0,513.0,511.0,507.0,429.0,510.0,495.0,486.0,471.0,453.0,435.0,414.0,397.0,378.0,369.0,416.0,347.0,332.0,327.0,320.0,323.0,329.0,331.0,330.0,325.0,333.0,411.0,335.0,323.0,304.0,288.0,256.0,221.0,207.0,202.0,186.0,169.0,401.0,141.0,107.0,82.0,54.0,44.0,33.0,23.0,15.0,13.0,20.0,703.0,622.0,374.0,375.0,369.0,367.0,366.0,372.0,377.0,382.0,403.0,474.0,552.0,652.0,1095.0,1267.0,1319.0,1388.0,1379.0,1403.0,1376.0,1332.0,1266.0,495.0,1144.0,1071.0,1010.0,990.0,899.0,812.0,763.0,718.0,682.0,643.0,458.0,601.0,586.0,572.0,573.0,590.0,577.0,577.0,563.0,557.0,550.0,436.0,541.0,542.0,547.0,560.0,559.0,561.0,553.0,562.0,562.0,561.0,416.0,567.0,548.0,527.0,509.0,498.0,492.0,473.0,445.0,429.0,424.0,409.0,402.0,399.0,395.0,378.0,390.0,396.0,389.0,397.0,377.0,389.0,393.0,398.0,388.0,381.0,363.0,339.0,302.0,277.0,271.0,277.0,226.0,381.0,202.0,164.0,136.0,111.0,85.0,64.0,48.0,33.0,21.0,42.0
Østerbro,2057,,,,,,,,,,,,,,,,,,,,,,,,,,,,,,,,,,,,,,,,,,,,,,,,,,,,,,,,,,,,,,,,,,,,,,,,,,,,,,,,,,,,,,,,,,,,,,,,,,,,,,,,,,,,,,,,,,,,,,,,,,,,,,,,,,,,,,,,,,,,,,,,,,,,,,,,,,,,,,,,,,,,,,,,,,,,,,,,,,,,,,,,,,,,,,,,,,,,,,,,,,,,,,,,,,,740.0,658.0,401.0,396.0,396.0,395.0,398.0,400.0,408.0,410.0,434.0,472.0,581.0,570.0,847.0,1053.0,1141.0,1230.0,1297.0,1317.0,1314.0,1296.0,1257.0,524.0,1210.0,1108.0,1042.0,955.0,916.0,829.0,777.0,740.0,687.0,660.0,488.0,619.0,588.0,557.0,550.0,535.0,553.0,534.0,533.0,520.0,515.0,454.0,495.0,497.0,496.0,501.0,505.0,512.0,507.0,506.0,510.0,503.0,430.0,504.0,508.0,491.0,478.0,464.0,444.0,428.0,408.0,390.0,375.0,418.0,365.0,341.0,325.0,322.0,315.0,319.0,324.0,327.0,327.0,315.0,412.0,326.0,322.0,309.0,284.0,269.0,241.0,209.0,192.0,179.0,170.0,402.0,145.0,115.0,86.0,59.0,46.0,35.0,25.0,16.0,13.0,21.0,706.0,624.0,375.0,374.0,368.0,365.0,365.0,372.0,377.0,382.0,403.0,475.0,553.0,647.0,1099.0,1274.0,1328.0,1400.0,1392.0,1419.0,1394.0,1348.0,1284.0,496.0,1199.0,1071.0,1006.0,945.0,916.0,819.0,765.0,719.0,683.0,663.0,459.0,613.0,590.0,566.0,563.0,571.0,581.0,569.0,571.0,558.0,553.0,438.0,547.0,543.0,547.0,552.0,552.0,561.0,562.0,556.0,562.0,557.0,417.0,561.0,560.0,543.0,517.0,506.0,497.0,488.0,466.0,443.0,423.0,411.0,418.0,402.0,395.0,387.0,376.0,382.0,392.0,386.0,388.0,376.0,394.0,382.0,386.0,374.0,369.0,351.0,324.0,281.0,265.0,252.0,243.0,381.0,200.0,179.0,147.0,119.0,86.0,69.0,52.0,35.0,22.0,43.0
Østerbro,2058,,,,,,,,,,,,,,,,,,,,,,,,,,,,,,,,,,,,,,,,,,,,,,,,,,,,,,,,,,,,,,,,,,,,,,,,,,,,,,,,,,,,,,,,,,,,,,,,,,,,,,,,,,,,,,,,,,,,,,,,,,,,,,,,,,,,,,,,,,,,,,,,,,,,,,,,,,,,,,,,,,,,,,,,,,,,,,,,,,,,,,,,,,,,,,,,,,,,,,,,,,,,,,,,,,,747.0,661.0,402.0,396.0,395.0,395.0,396.0,399.0,408.0,410.0,434.0,473.0,583.0,569.0,849.0,1059.0,1150.0,1241.0,1310.0,1332.0,1330.0,1315.0,1273.0,526.0,1228.0,1155.0,1048.0,953.0,877.0,847.0,780.0,742.0,692.0,656.0,490.0,644.0,596.0,566.0,538.0,534.0,531.0,537.0,522.0,529.0,514.0,456.0,506.0,500.0,498.0,506.0,503.0,505.0,511.0,506.0,503.0,503.0,432.0,500.0,502.0,504.0,483.0,472.0,456.0,438.0,421.0,402.0,387.0,419.0,371.0,358.0,333.0,320.0,318.0,311.0,314.0,320.0,324.0,317.0,414.0,309.0,313.0,308.0,289.0,266.0,253.0,228.0,194.0,171.0,165.0,403.0,147.0,119.0,92.0,62.0,51.0,37.0,26.0,17.0,14.0,22.0,712.0,627.0,375.0,374.0,368.0,364.0,364.0,371.0,377.0,382.0,404.0,476.0,556.0,642.0,1103.0,1281.0,1337.0,1411.0,1404.0,1433.0,1410.0,1366.0,1300.0,497.0,1217.0,1123.0,1007.0,941.0,874.0,835.0,772.0,721.0,685.0,665.0,460.0,632.0,602.0,570.0,557.0,561.0,562.0,573.0,564.0,566.0,554.0,439.0,551.0,549.0,549.0,552.0,544.0,554.0,562.0,565.0,556.0,557.0,418.0,556.0,554.0,555.0,532.0,514.0,505.0,494.0,481.0,464.0,436.0,412.0,417.0,417.0,398.0,387.0,385.0,368.0,378.0,389.0,378.0,386.0,395.0,369.0,371.0,373.0,363.0,357.0,336.0,301.0,268.0,246.0,221.0,382.0,214.0,177.0,160.0,128.0,93.0,70.0,56.0,37.0,23.0,44.0
Østerbro,2059,,,,,,,,,,,,,,,,,,,,,,,,,,,,,,,,,,,,,,,,,,,,,,,,,,,,,,,,,,,,,,,,,,,,,,,,,,,,,,,,,,,,,,,,,,,,,,,,,,,,,,,,,,,,,,,,,,,,,,,,,,,,,,,,,,,,,,,,,,,,,,,,,,,,,,,,,,,,,,,,,,,,,,,,,,,,,,,,,,,,,,,,,,,,,,,,,,,,,,,,,,,,,,,,,,,753.0,667.0,403.0,397.0,395.0,394.0,395.0,398.0,407.0,410.0,434.0,473.0,586.0,568.0,851.0,1066.0,1158.0,1250.0,1321.0,1344.0,1344.0,1331.0,1291.0,528.0,1244.0,1172.0,1092.0,957.0,874.0,812.0,798.0,744.0,693.0,661.0,491.0,641.0,620.0,574.0,546.0,521.0,529.0,514.0,525.0,518.0,524.0,457.0,505.0,511.0,501.0,508.0,508.0,503.0,504.0,510.0,503.0,496.0,433.0,500.0,498.0,498.0,496.0,477.0,463.0,449.0,431.0,415.0,399.0,420.0,383.0,364.0,350.0,328.0,316.0,313.0,306.0,311.0,317.0,314.0,415.0,310.0,296.0,299.0,288.0,271.0,251.0,239.0,212.0,173.0,157.0,404.0,142.0,120.0,96.0,67.0,54.0,41.0,28.0,18.0,15.0,23.0,719.0,633.0,376.0,375.0,368.0,364.0,363.0,369.0,376.0,381.0,403.0,477.0,559.0,638.0,1108.0,1288.0,1344.0,1420.0,1414.0,1445.0,1423.0,1382.0,1318.0,499.0,1232.0,1139.0,1054.0,942.0,871.0,797.0,787.0,728.0,687.0,666.0,462.0,634.0,621.0,582.0,561.0,555.0,552.0,554.0,567.0,558.0,562.0,440.0,552.0,553.0,554.0,554.0,545.0,546.0,555.0,565.0,564.0,551.0,420.0,556.0,550.0,549.0,544.0,529.0,513.0,501.0,486.0,479.0,456.0,413.0,430.0,416.0,413.0,390.0,385.0,377.0,365.0,375.0,381.0,377.0,397.0,379.0,359.0,359.0,362.0,352.0,341.0,312.0,288.0,249.0,216.0,384.0,195.0,190.0,159.0,140.0,100.0,75.0,56.0,40.0,25.0,46.0
Østerbro,2060,,,,,,,,,,,,,,,,,,,,,,,,,,,,,,,,,,,,,,,,,,,,,,,,,,,,,,,,,,,,,,,,,,,,,,,,,,,,,,,,,,,,,,,,,,,,,,,,,,,,,,,,,,,,,,,,,,,,,,,,,,,,,,,,,,,,,,,,,,,,,,,,,,,,,,,,,,,,,,,,,,,,,,,,,,,,,,,,,,,,,,,,,,,,,,,,,,,,,,,,,,,,,,,,,,,761.0,672.0,404.0,398.0,396.0,394.0,395.0,397.0,405.0,408.0,433.0,473.0,591.0,566.0,854.0,1073.0,1166.0,1259.0,1331.0,1354.0,1356.0,1345.0,1306.0,531.0,1261.0,1187.0,1107.0,997.0,878.0,809.0,765.0,761.0,696.0,662.0,493.0,646.0,616.0,597.0,554.0,529.0,516.0,513.0,503.0,521.0,513.0,459.0,514.0,510.0,512.0,511.0,510.0,507.0,502.0,503.0,507.0,496.0,435.0,493.0,498.0,494.0,490.0,489.0,468.0,456.0,442.0,424.0,412.0,422.0,394.0,376.0,356.0,345.0,324.0,312.0,309.0,303.0,308.0,308.0,416.0,308.0,298.0,284.0,281.0,270.0,256.0,237.0,222.0,189.0,159.0,405.0,136.0,117.0,97.0,70.0,58.0,43.0,31.0,19.0,17.0,24.0,726.0,638.0,377.0,376.0,368.0,364.0,362.0,368.0,374.0,380.0,403.0,477.0,563.0,634.0,1114.0,1294.0,1351.0,1428.0,1423.0,1455.0,1434.0,1395.0,1332.0,502.0,1248.0,1153.0,1069.0,986.0,872.0,794.0,752.0,742.0,693.0,668.0,464.0,635.0,622.0,599.0,572.0,559.0,546.0,544.0,548.0,562.0,554.0,442.0,559.0,553.0,558.0,559.0,547.0,547.0,547.0,558.0,565.0,559.0,421.0,550.0,549.0,544.0,538.0,541.0,528.0,509.0,494.0,484.0,471.0,415.0,450.0,430.0,412.0,405.0,388.0,377.0,373.0,362.0,368.0,380.0,398.0,371.0,369.0,347.0,349.0,352.0,337.0,317.0,299.0,268.0,219.0,385.0,191.0,174.0,170.0,139.0,109.0,81.0,61.0,41.0,27.0,49.0
