district,year,proj_pop_men_0_year,proj_pop_men_1_year,proj_pop_men_10_year,proj_pop_men_11_year,proj_pop_men_12_year,proj_pop_men_13_year,proj_pop_men_14_year,proj_pop_men_15_year,proj_pop_men_16_year,proj_pop_men_17_year,proj_pop_men_18_year,proj_pop_men_19_year,proj_pop_men_2_year,proj_pop_men_20_year,proj_pop_men_21_year,proj_pop_men_22_year,proj_pop_men_23_year,proj_pop_men_24_year,proj_pop_men_25_year,proj_pop_men_26_year,proj_pop_men_27_year,proj_pop_men_28_year,proj_pop_men_29_year,proj_pop_men_3_year,proj_pop_men_30_year,proj_pop_men_31_year,proj_pop_men_32_year,proj_pop_men_33_year,proj_pop_men_34_year,proj_pop_men_35_year,proj_pop_men_36_year,proj_pop_men_37_year,proj_pop_men_38_year,proj_pop_men_39_year,proj_pop_men_4_year,proj_pop_men_40_year,proj_pop_men_41_year,proj_pop_men_42_year,proj_pop_men_43_year,proj_pop_men_44_year,proj_pop_men_45_year,proj_pop_men_46_year,proj_pop_men_47_year,proj_pop_men_48_year,proj_pop_men_49_year,proj_pop_men_5_year,proj_pop_men_50_year,proj_pop_men_51_year,proj_pop_men_52_year,proj_pop_men_53_year,proj_pop_men_54_year,proj_pop_men_55_year,proj_pop_men_56_year,proj_pop_men_57_year,proj_pop_men_58_year,proj_pop_men_59_year,proj_pop_men_6_year,proj_pop_men_60_year,proj_pop_men_61_year,proj_pop_men_62_year,proj_pop_men_63_year,proj_pop_men_64_year,proj_pop_men_65_year,proj_pop_men_66_year,proj_pop_men_67_year,proj_pop_men_68_year,proj_pop_men_69_year,proj_pop_men_7_year,proj_pop_men_70_year,proj_pop_men_71_year,proj_pop_men_72_year,proj_pop_men_73_year,proj_pop_men_74_year,proj_pop_men_75_year,proj_pop_men_76_year,proj_pop_men_77_year,proj_pop_men_78_year,proj_pop_men_79_year,proj_pop_men_8_year,proj_pop_men_80_year,proj_pop_men_81_year,proj_pop_men_82_year,proj_pop_men_83_year,proj_pop_men_84_year,proj_pop_men_85_year,proj_pop_men_86_year,proj_pop_men_87_year,proj_pop_men_88_year,proj_pop_men_89_year,proj_pop_men_9_year,proj_pop_men_90_year,proj_pop_men_91_year,proj_pop_men_92_year,proj_pop_men_93_year,proj_pop_men_94_year,proj_pop_men_95_year,proj_pop_men_96_year,proj_pop_men_97_year,proj_pop_men_98_year,proj_pop_men_99+_year,proj_pop_women_0_year,proj_pop_women_1_year,proj_pop_women_10_year,proj_pop_women_11_year,proj_pop_women_12_year,proj_pop_women_13_year,proj_pop_women_14_year,proj_pop_women_15_year,proj_pop_women_16_year,proj_pop_women_17_year,proj_pop_women_18_year,proj_pop_women_19_year,proj_pop_women_2_year,proj_pop_women_20_year,proj_pop_women_21_year,proj_pop_women_22_year,proj_pop_women_23_year,proj_pop_women_24_year,proj_pop_women_25_year,proj_pop_women_26_year,proj_pop_women_27_year,proj_pop_women_28_year,proj_pop_women_29_year,proj_pop_women_3_year,proj_pop_women_30_year,proj_pop_women_31_year,proj_pop_women_32_year,proj_pop_women_33_year,proj_pop_women_34_year,proj_pop_women_35_year,proj_pop_women_36_year,proj_pop_women_37_year,proj_pop_women_38_year,proj_pop_women_39_year,proj_pop_women_4_year,proj_pop_women_40_year,proj_pop_women_41_year,proj_pop_women_42_year,proj_pop_women_43_year,proj_pop_women_44_year,proj_pop_women_45_year,proj_pop_women_46_year,proj_pop_women_47_year,proj_pop_women_48_year,proj_pop_women_49_year,proj_pop_women_5_year,proj_pop_women_50_year,proj_pop_women_51_year,proj_pop_women_52_year,proj_pop_women_53_year,proj_pop_women_54_year,proj_pop_women_55_year,proj_pop_women_56_year,proj_pop_women_57_year,proj_pop_women_58_year,proj_pop_women_59_year,proj_pop_women_6_year,proj_pop_women_60_year,proj_pop_women_61_year,proj_pop_women_62_year,proj_pop_women_63_year,proj_pop_women_64_year,proj_pop_women_65_year,proj_pop_women_66_year,proj_pop_women_67_year,proj_pop_women_68_year,proj_pop_women_69_year,proj_pop_women_7_year,proj_pop_women_70_year,proj_pop_women_71_year,proj_pop_women_72_year,proj_pop_women_73_year,proj_pop_women_74_year,proj_pop_women_75_year,proj_pop_women_76_year,proj_pop_women_77_year,proj_pop_women_78_year,proj_pop_women_79_year,proj_pop_women_8_year,proj_pop_women_80_year,proj_pop_women_81_year,proj_pop_women_82_year,proj_pop_women_83_year,proj_pop_women_84_year,proj_pop_women_85_year,proj_pop_women_86_year,proj_pop_women_87_year,proj_pop_women_88_year,proj_pop_women_89_year,proj_pop_women_9_year,proj_pop_women_90_year,proj_pop_women_91_year,proj_pop_women_92_year,proj_pop_women_93_year,proj_pop_women_94_year,proj_pop_women_95_year,proj_pop_women_96_year,proj_pop_women_97_year,proj_pop_women_98_year,proj_pop_women_99+_year
Amager Vest,2026,717.0,549.0,412.0,411.0,392.0,431.0,432.0,438.0,402.0,437.0,383.0,417.0,525.0,463.0,683.0,868.0,1080.0,1130.0,1144.0,1131.0,1142.0,1167.0,1131.0,471.0,1118.0,1045.0,1080.0,1095.0,1027.0,964.0,875.0,825.0,732.0,736.0,524.0,657.0,653.0,602.0,577.0,604.0,616.0,637.0,646.0,516.0,560.0,463.0,578.0,592.0,470.0,500.0,482.0,422.0,439.0,444.0,448.0,446.0,482.0,443.0,390.0,353.0,323.0,286.0,330.0,278.0,267.0,237.0,226.0,435.0,251.0,217.0,214.0,172.0,215.0,186.0,163.0,173.0,196.0,149.0,439.0,137.0,104.0,124.0,85.0,65.0,47.0,43.0,32.0,26.0,18.0,457.0,22.0,12.0,13.0,7.0,2.0,3.0,2.0,1.0,0.0,1.0,572.0,562.0,404.0,426.0,401.0,397.0,401.0,422.0,407.0,389.0,396.0,407.0,473.0,557.0,805.0,1042.0,1276.0,1281.0,1309.0,1227.0,1178.0,1178.0,1099.0,468.0,1165.0,1151.0,1042.0,978.0,904.0,910.0,842.0,812.0,759.0,711.0,500.0,695.0,659.0,566.0,612.0,622.0,589.0,593.0,592.0,544.0,538.0,447.0,558.0,528.0,499.0,475.0,442.0,439.0,356.0,409.0,437.0,404.0,422.0,385.0,382.0,364.0,317.0,316.0,308.0,313.0,255.0,232.0,281.0,457.0,255.0,246.0,225.0,250.0,222.0,214.0,208.0,196.0,225.0,202.0,457.0,202.0,167.0,153.0,125.0,95.0,80.0,83.0,63.0,57.0,50.0,446.0,43.0,44.0,28.0,17.0,18.0,23.0,12.0,8.0,8.0,14.0
Amager Vest,2027,701.0,642.0,454.0,411.0,414.0,390.0,426.0,427.0,433.0,409.0,447.0,408.0,506.0,508.0,652.0,913.0,1041.0,1157.0,1165.0,1157.0,1144.0,1157.0,1147.0,491.0,1123.0,1106.0,1038.0,1070.0,1072.0,993.0,945.0,849.0,799.0,718.0,447.0,712.0,636.0,628.0,579.0,574.0,594.0,603.0,626.0,630.0,514.0,499.0,552.0,568.0,586.0,472.0,503.0,480.0,417.0,430.0,444.0,439.0,441.0,441.0,437.0,379.0,347.0,313.0,279.0,323.0,274.0,258.0,229.0,470.0,218.0,243.0,212.0,205.0,167.0,210.0,181.0,157.0,167.0,186.0,428.0,140.0,125.0,96.0,113.0,75.0,58.0,41.0,37.0,28.0,21.0,431.0,13.0,16.0,9.0,11.0,5.0,1.0,2.0,1.0,0.0,1.0,662.0,533.0,447.0,397.0,416.0,397.0,392.0,404.0,423.0,409.0,393.0,445.0,519.0,556.0,783.0,1047.0,1202.0,1342.0,1318.0,1302.0,1208.0,1178.0,1152.0,444.0,1096.0,1149.0,1110.0,1011.0,946.0,889.0,885.0,829.0,772.0,738.0,445.0,704.0,681.0,640.0,563.0,606.0,612.0,586.0,582.0,589.0,535.0,473.0,534.0,561.0,521.0,499.0,479.0,438.0,432.0,359.0,410.0,433.0,429.0,401.0,382.0,376.0,357.0,311.0,314.0,305.0,309.0,255.0,231.0,420.0,278.0,248.0,241.0,222.0,244.0,218.0,209.0,201.0,191.0,216.0,450.0,190.0,191.0,159.0,141.0,115.0,88.0,74.0,75.0,57.0,48.0,457.0,44.0,35.0,35.0,23.0,14.0,14.0,16.0,9.0,5.0,15.0
Amager Vest,2028,724.0,640.0,427.0,449.0,411.0,406.0,384.0,419.0,419.0,432.0,416.0,455.0,589.0,507.0,708.0,893.0,1071.0,1139.0,1192.0,1185.0,1180.0,1162.0,1156.0,480.0,1145.0,1116.0,1097.0,1048.0,1058.0,1039.0,972.0,913.0,825.0,779.0,465.0,697.0,687.0,614.0,601.0,572.0,567.0,581.0,591.0,611.0,617.0,433.0,506.0,538.0,563.0,579.0,474.0,503.0,470.0,410.0,430.0,434.0,475.0,433.0,436.0,424.0,370.0,336.0,304.0,275.0,316.0,265.0,249.0,432.0,222.0,212.0,236.0,202.0,197.0,164.0,204.0,175.0,151.0,159.0,457.0,174.0,128.0,116.0,88.0,100.0,67.0,50.0,35.0,32.0,22.0,418.0,16.0,10.0,12.0,8.0,7.0,3.0,1.0,1.0,1.0,2.0,685.0,617.0,453.0,435.0,389.0,407.0,389.0,390.0,403.0,420.0,407.0,444.0,503.0,601.0,810.0,1038.0,1206.0,1296.0,1367.0,1316.0,1279.0,1208.0,1165.0,486.0,1144.0,1098.0,1116.0,1084.0,979.0,931.0,866.0,868.0,788.0,752.0,425.0,723.0,684.0,656.0,627.0,556.0,593.0,595.0,573.0,575.0,575.0,425.0,526.0,534.0,552.0,515.0,497.0,474.0,430.0,427.0,359.0,403.0,452.0,426.0,396.0,376.0,369.0,348.0,307.0,309.0,299.0,305.0,252.0,424.0,227.0,269.0,241.0,236.0,216.0,237.0,210.0,200.0,195.0,182.0,415.0,202.0,179.0,180.0,147.0,130.0,106.0,81.0,66.0,67.0,48.0,447.0,43.0,36.0,28.0,28.0,18.0,11.0,10.0,12.0,6.0,13.0
Amager Vest,2029,741.0,659.0,413.0,425.0,447.0,404.0,399.0,380.0,412.0,419.0,438.0,435.0,587.0,559.0,743.0,956.0,1065.0,1169.0,1180.0,1203.0,1202.0,1189.0,1158.0,551.0,1149.0,1134.0,1099.0,1097.0,1041.0,1027.0,1012.0,936.0,880.0,802.0,456.0,752.0,676.0,660.0,589.0,590.0,564.0,557.0,567.0,579.0,598.0,447.0,601.0,493.0,532.0,558.0,572.0,475.0,491.0,460.0,411.0,421.0,416.0,426.0,428.0,423.0,411.0,358.0,326.0,300.0,272.0,304.0,255.0,466.0,242.0,216.0,207.0,225.0,194.0,192.0,160.0,196.0,168.0,143.0,421.0,149.0,159.0,119.0,106.0,79.0,89.0,58.0,43.0,30.0,25.0,444.0,17.0,11.0,8.0,10.0,5.0,4.0,2.0,1.0,1.0,3.0,701.0,635.0,444.0,440.0,425.0,385.0,398.0,386.0,389.0,402.0,417.0,461.0,572.0,621.0,875.0,1085.0,1208.0,1302.0,1333.0,1350.0,1288.0,1266.0,1184.0,474.0,1153.0,1133.0,1075.0,1088.0,1045.0,958.0,902.0,852.0,824.0,771.0,460.0,737.0,703.0,660.0,641.0,616.0,548.0,577.0,581.0,567.0,561.0,405.0,563.0,525.0,524.0,544.0,510.0,489.0,465.0,427.0,422.0,354.0,408.0,396.0,421.0,391.0,371.0,360.0,344.0,303.0,302.0,296.0,300.0,444.0,249.0,221.0,261.0,237.0,229.0,211.0,229.0,202.0,195.0,186.0,417.0,172.0,191.0,171.0,167.0,134.0,119.0,97.0,71.0,60.0,56.0,415.0,43.0,35.0,29.0,23.0,22.0,14.0,8.0,8.0,8.0,13.0
Amager Vest,2030,765.0,677.0,439.0,414.0,427.0,440.0,398.0,395.0,378.0,414.0,428.0,457.0,608.0,569.0,816.0,1005.0,1114.0,1169.0,1203.0,1194.0,1215.0,1209.0,1183.0,553.0,1153.0,1139.0,1119.0,1096.0,1087.0,1018.0,1008.0,976.0,903.0,855.0,520.0,777.0,728.0,654.0,636.0,584.0,583.0,556.0,547.0,556.0,571.0,444.0,585.0,580.0,491.0,530.0,555.0,568.0,467.0,482.0,461.0,405.0,431.0,415.0,421.0,417.0,415.0,399.0,349.0,323.0,298.0,266.0,295.0,411.0,250.0,238.0,213.0,201.0,218.0,191.0,188.0,156.0,188.0,161.0,456.0,135.0,137.0,149.0,109.0,96.0,72.0,77.0,50.0,38.0,26.0,412.0,20.0,13.0,9.0,7.0,7.0,3.0,2.0,1.0,0.0,3.0,724.0,652.0,416.0,434.0,432.0,422.0,380.0,396.0,387.0,391.0,404.0,479.0,594.0,672.0,924.0,1135.0,1243.0,1299.0,1328.0,1319.0,1311.0,1274.0,1235.0,539.0,1170.0,1144.0,1105.0,1060.0,1054.0,1022.0,927.0,888.0,815.0,810.0,455.0,761.0,721.0,682.0,650.0,633.0,609.0,539.0,565.0,575.0,556.0,438.0,553.0,563.0,516.0,518.0,540.0,504.0,483.0,464.0,425.0,414.0,392.0,351.0,393.0,416.0,387.0,364.0,357.0,340.0,301.0,302.0,295.0,405.0,297.0,245.0,219.0,259.0,232.0,226.0,207.0,222.0,198.0,188.0,438.0,177.0,166.0,184.0,161.0,155.0,128.0,115.0,91.0,70.0,54.0,418.0,54.0,40.0,32.0,26.0,20.0,19.0,11.0,8.0,6.0,15.0
Amager Vest,2031,775.0,693.0,406.0,437.0,414.0,421.0,431.0,394.0,390.0,380.0,421.0,446.0,621.0,588.0,847.0,1052.0,1144.0,1195.0,1192.0,1203.0,1196.0,1204.0,1188.0,569.0,1163.0,1129.0,1114.0,1105.0,1074.0,1054.0,998.0,970.0,935.0,873.0,521.0,821.0,749.0,699.0,629.0,625.0,577.0,571.0,544.0,536.0,545.0,499.0,557.0,563.0,568.0,489.0,526.0,551.0,552.0,458.0,483.0,451.0,426.0,400.0,410.0,409.0,408.0,402.0,387.0,345.0,322.0,291.0,260.0,421.0,288.0,246.0,234.0,208.0,196.0,214.0,187.0,183.0,151.0,181.0,402.0,152.0,124.0,130.0,136.0,99.0,88.0,64.0,67.0,45.0,33.0,444.0,21.0,15.0,11.0,8.0,5.0,4.0,2.0,2.0,1.0,3.0,734.0,668.0,417.0,408.0,425.0,427.0,415.0,380.0,395.0,385.0,391.0,468.0,605.0,692.0,974.0,1160.0,1265.0,1317.0,1315.0,1302.0,1273.0,1278.0,1230.0,555.0,1206.0,1147.0,1107.0,1078.0,1026.0,1026.0,980.0,905.0,843.0,799.0,510.0,795.0,741.0,696.0,667.0,639.0,623.0,593.0,528.0,557.0,561.0,434.0,546.0,551.0,550.0,508.0,513.0,532.0,496.0,480.0,461.0,416.0,418.0,406.0,351.0,389.0,412.0,379.0,362.0,354.0,337.0,301.0,302.0,387.0,292.0,291.0,242.0,219.0,253.0,229.0,223.0,202.0,217.0,192.0,400.0,180.0,172.0,161.0,174.0,152.0,149.0,123.0,108.0,89.0,65.0,437.0,55.0,50.0,37.0,29.0,24.0,19.0,15.0,11.0,7.0,16.0
Amager Vest,2032,782.0,700.0,437.0,405.0,435.0,407.0,414.0,424.0,387.0,390.0,390.0,437.0,633.0,585.0,867.0,1080.0,1171.0,1222.0,1212.0,1192.0,1200.0,1184.0,1177.0,579.0,1165.0,1134.0,1101.0,1096.0,1079.0,1037.0,1028.0,961.0,928.0,900.0,534.0,835.0,786.0,718.0,669.0,619.0,614.0,565.0,556.0,531.0,525.0,502.0,528.0,535.0,550.0,556.0,482.0,521.0,534.0,534.0,459.0,471.0,476.0,441.0,393.0,395.0,396.0,394.0,389.0,379.0,341.0,312.0,281.0,416.0,254.0,278.0,240.0,224.0,201.0,193.0,208.0,181.0,175.0,145.0,409.0,169.0,139.0,115.0,119.0,121.0,88.0,76.0,56.0,57.0,35.0,392.0,25.0,15.0,12.0,9.0,5.0,3.0,3.0,1.0,1.0,3.0,741.0,674.0,434.0,407.0,401.0,420.0,418.0,412.0,380.0,391.0,383.0,455.0,618.0,693.0,986.0,1197.0,1280.0,1332.0,1331.0,1289.0,1254.0,1242.0,1226.0,564.0,1197.0,1176.0,1104.0,1076.0,1036.0,998.0,981.0,954.0,856.0,823.0,523.0,784.0,771.0,715.0,681.0,654.0,627.0,606.0,577.0,521.0,543.0,482.0,549.0,542.0,537.0,538.0,500.0,504.0,520.0,490.0,473.0,449.0,416.0,407.0,401.0,347.0,382.0,403.0,375.0,357.0,348.0,335.0,298.0,410.0,296.0,285.0,284.0,238.0,213.0,246.0,222.0,215.0,197.0,207.0,381.0,180.0,170.0,163.0,149.0,159.0,139.0,135.0,107.0,96.0,74.0,398.0,52.0,45.0,38.0,31.0,22.0,18.0,13.0,11.0,7.0,15.0
Amager Vest,2033,781.0,702.0,385.0,433.0,403.0,426.0,398.0,407.0,415.0,386.0,395.0,408.0,637.0,575.0,866.0,1071.0,1185.0,1234.0,1231.0,1202.0,1184.0,1180.0,1151.0,588.0,1146.0,1128.0,1099.0,1075.0,1065.0,1035.0,1006.0,984.0,918.0,892.0,540.0,857.0,796.0,749.0,685.0,654.0,608.0,599.0,549.0,540.0,519.0,512.0,508.0,506.0,522.0,538.0,544.0,478.0,504.0,517.0,529.0,447.0,478.0,459.0,431.0,379.0,383.0,382.0,380.0,381.0,373.0,331.0,303.0,459.0,275.0,248.0,271.0,231.0,217.0,198.0,189.0,201.0,173.0,168.0,403.0,136.0,155.0,129.0,105.0,106.0,108.0,77.0,66.0,48.0,46.0,396.0,27.0,18.0,12.0,10.0,6.0,3.0,2.0,2.0,0.0,4.0,741.0,676.0,396.0,422.0,399.0,397.0,409.0,414.0,410.0,377.0,387.0,445.0,621.0,677.0,984.0,1183.0,1303.0,1337.0,1336.0,1296.0,1237.0,1217.0,1186.0,573.0,1184.0,1161.0,1124.0,1067.0,1031.0,1001.0,953.0,951.0,897.0,832.0,530.0,804.0,759.0,742.0,698.0,665.0,639.0,608.0,588.0,566.0,507.0,493.0,529.0,542.0,526.0,523.0,528.0,490.0,492.0,513.0,482.0,459.0,458.0,438.0,402.0,393.0,342.0,373.0,398.0,370.0,353.0,346.0,332.0,407.0,293.0,289.0,279.0,279.0,231.0,208.0,239.0,214.0,209.0,189.0,400.0,195.0,171.0,163.0,151.0,137.0,147.0,128.0,121.0,98.0,82.0,378.0,66.0,43.0,36.0,32.0,27.0,18.0,13.0,10.0,7.0,15.0
Amager Vest,2034,782.0,702.0,389.0,384.0,430.0,394.0,416.0,392.0,400.0,412.0,393.0,410.0,639.0,547.0,829.0,1061.0,1167.0,1250.0,1239.0,1223.0,1193.0,1168.0,1148.0,591.0,1124.0,1110.0,1095.0,1073.0,1046.0,1023.0,1005.0,963.0,939.0,884.0,549.0,851.0,818.0,759.0,713.0,670.0,641.0,594.0,581.0,534.0,526.0,519.0,502.0,487.0,494.0,513.0,527.0,535.0,463.0,489.0,513.0,512.0,488.0,437.0,450.0,415.0,368.0,369.0,369.0,373.0,377.0,362.0,321.0,463.0,297.0,268.0,243.0,260.0,224.0,214.0,195.0,183.0,193.0,166.0,444.0,157.0,125.0,144.0,118.0,95.0,95.0,94.0,68.0,57.0,40.0,391.0,36.0,20.0,14.0,10.0,7.0,4.0,2.0,2.0,1.0,4.0,742.0,677.0,376.0,387.0,413.0,395.0,389.0,406.0,412.0,406.0,376.0,448.0,624.0,657.0,947.0,1176.0,1285.0,1360.0,1340.0,1302.0,1245.0,1203.0,1165.0,576.0,1148.0,1148.0,1111.0,1085.0,1021.0,996.0,954.0,926.0,896.0,872.0,538.0,813.0,778.0,731.0,723.0,682.0,651.0,620.0,590.0,576.0,549.0,499.0,496.0,522.0,525.0,513.0,514.0,516.0,477.0,485.0,504.0,468.0,468.0,447.0,432.0,395.0,386.0,334.0,368.0,392.0,365.0,351.0,343.0,446.0,326.0,286.0,284.0,274.0,271.0,226.0,204.0,231.0,209.0,201.0,399.0,179.0,185.0,163.0,152.0,140.0,129.0,136.0,114.0,112.0,85.0,396.0,76.0,55.0,36.0,31.0,29.0,23.0,13.0,10.0,6.0,15.0
Amager Vest,2035,781.0,703.0,384.0,386.0,383.0,421.0,385.0,409.0,385.0,400.0,416.0,408.0,640.0,541.0,795.0,1005.0,1157.0,1227.0,1256.0,1226.0,1213.0,1175.0,1138.0,594.0,1121.0,1090.0,1076.0,1069.0,1043.0,1004.0,993.0,961.0,919.0,904.0,552.0,845.0,812.0,779.0,723.0,696.0,656.0,624.0,577.0,565.0,521.0,527.0,508.0,481.0,475.0,485.0,502.0,518.0,515.0,449.0,486.0,497.0,494.0,498.0,429.0,433.0,403.0,356.0,357.0,361.0,368.0,366.0,351.0,472.0,314.0,290.0,263.0,235.0,252.0,221.0,209.0,189.0,177.0,185.0,447.0,156.0,145.0,117.0,132.0,106.0,85.0,83.0,82.0,59.0,48.0,429.0,31.0,26.0,16.0,13.0,7.0,4.0,2.0,2.0,1.0,5.0,741.0,677.0,392.0,367.0,380.0,408.0,386.0,388.0,404.0,408.0,402.0,438.0,624.0,651.0,915.0,1125.0,1280.0,1341.0,1361.0,1305.0,1249.0,1211.0,1153.0,579.0,1129.0,1116.0,1097.0,1073.0,1038.0,986.0,949.0,926.0,873.0,871.0,542.0,850.0,786.0,749.0,714.0,707.0,668.0,631.0,601.0,578.0,559.0,507.0,536.0,491.0,505.0,511.0,503.0,502.0,501.0,470.0,477.0,489.0,474.0,456.0,441.0,424.0,388.0,376.0,332.0,363.0,387.0,363.0,349.0,456.0,337.0,319.0,281.0,280.0,267.0,265.0,221.0,198.0,225.0,201.0,436.0,190.0,171.0,178.0,152.0,141.0,131.0,119.0,122.0,107.0,98.0,396.0,79.0,63.0,45.0,30.0,28.0,25.0,16.0,10.0,6.0,15.0
Amager Vest,2036,772.0,698.0,419.0,380.0,383.0,376.0,411.0,379.0,400.0,384.0,406.0,427.0,637.0,540.0,764.0,956.0,1084.0,1208.0,1221.0,1234.0,1204.0,1187.0,1136.0,592.0,1105.0,1081.0,1052.0,1046.0,1035.0,998.0,971.0,947.0,914.0,882.0,553.0,861.0,806.0,773.0,739.0,704.0,679.0,638.0,604.0,560.0,549.0,529.0,502.0,484.0,469.0,466.0,473.0,494.0,499.0,496.0,446.0,470.0,500.0,483.0,485.0,414.0,420.0,388.0,344.0,349.0,356.0,358.0,355.0,478.0,343.0,307.0,284.0,255.0,228.0,247.0,216.0,203.0,182.0,171.0,455.0,173.0,144.0,135.0,107.0,118.0,95.0,74.0,73.0,71.0,49.0,432.0,37.0,23.0,21.0,14.0,8.0,4.0,3.0,2.0,1.0,5.0,733.0,673.0,392.0,380.0,359.0,376.0,398.0,383.0,387.0,399.0,403.0,461.0,622.0,640.0,895.0,1074.0,1215.0,1328.0,1332.0,1315.0,1242.0,1206.0,1152.0,577.0,1112.0,1092.0,1063.0,1054.0,1023.0,998.0,936.0,918.0,870.0,848.0,542.0,848.0,819.0,754.0,729.0,697.0,691.0,647.0,610.0,586.0,559.0,509.0,544.0,527.0,474.0,490.0,498.0,490.0,487.0,492.0,461.0,462.0,480.0,475.0,448.0,432.0,416.0,378.0,371.0,328.0,358.0,385.0,361.0,460.0,344.0,330.0,312.0,278.0,273.0,261.0,258.0,214.0,194.0,217.0,445.0,190.0,182.0,165.0,166.0,141.0,132.0,121.0,108.0,115.0,94.0,430.0,91.0,66.0,52.0,38.0,29.0,24.0,18.0,12.0,7.0,15.0
Amager Vest,2037,767.0,692.0,423.0,414.0,379.0,375.0,368.0,404.0,371.0,398.0,390.0,421.0,634.0,556.0,752.0,909.0,1039.0,1135.0,1204.0,1199.0,1212.0,1177.0,1148.0,591.0,1104.0,1068.0,1046.0,1025.0,1013.0,991.0,965.0,927.0,902.0,878.0,552.0,841.0,821.0,768.0,735.0,720.0,687.0,659.0,618.0,586.0,545.0,531.0,529.0,480.0,471.0,460.0,456.0,466.0,476.0,481.0,490.0,433.0,503.0,457.0,472.0,466.0,401.0,405.0,374.0,337.0,344.0,346.0,347.0,484.0,348.0,334.0,301.0,274.0,247.0,226.0,242.0,210.0,196.0,176.0,461.0,161.0,160.0,134.0,124.0,97.0,106.0,83.0,66.0,63.0,59.0,440.0,38.0,28.0,18.0,18.0,9.0,5.0,3.0,2.0,1.0,5.0,728.0,667.0,425.0,381.0,371.0,354.0,368.0,395.0,383.0,383.0,395.0,463.0,619.0,657.0,876.0,1041.0,1162.0,1262.0,1320.0,1286.0,1251.0,1199.0,1149.0,576.0,1112.0,1078.0,1043.0,1023.0,1005.0,985.0,948.0,906.0,864.0,845.0,542.0,828.0,818.0,786.0,734.0,711.0,682.0,669.0,627.0,596.0,568.0,511.0,544.0,535.0,508.0,461.0,479.0,485.0,476.0,478.0,482.0,445.0,483.0,449.0,467.0,439.0,424.0,405.0,373.0,365.0,324.0,356.0,382.0,467.0,355.0,337.0,323.0,308.0,271.0,267.0,255.0,250.0,210.0,187.0,450.0,205.0,181.0,175.0,154.0,154.0,133.0,123.0,109.0,103.0,101.0,439.0,88.0,77.0,55.0,44.0,35.0,25.0,18.0,14.0,8.0,16.0
Amager Vest,2038,761.0,688.0,431.0,419.0,411.0,371.0,366.0,363.0,395.0,370.0,403.0,405.0,630.0,557.0,753.0,895.0,989.0,1096.0,1134.0,1184.0,1177.0,1186.0,1138.0,589.0,1116.0,1067.0,1035.0,1019.0,994.0,971.0,960.0,922.0,883.0,867.0,552.0,837.0,802.0,783.0,731.0,717.0,703.0,668.0,638.0,600.0,570.0,531.0,527.0,505.0,468.0,462.0,450.0,449.0,449.0,459.0,476.0,473.0,505.0,421.0,447.0,453.0,450.0,387.0,390.0,366.0,333.0,334.0,335.0,487.0,340.0,340.0,328.0,291.0,267.0,245.0,223.0,234.0,203.0,189.0,467.0,167.0,149.0,149.0,123.0,111.0,88.0,92.0,73.0,57.0,53.0,446.0,46.0,28.0,22.0,16.0,12.0,5.0,3.0,2.0,1.0,6.0,723.0,664.0,434.0,414.0,373.0,367.0,347.0,367.0,394.0,379.0,383.0,454.0,615.0,658.0,885.0,1021.0,1130.0,1212.0,1257.0,1276.0,1223.0,1207.0,1142.0,574.0,1109.0,1079.0,1031.0,1006.0,978.0,969.0,936.0,917.0,852.0,839.0,541.0,824.0,800.0,786.0,765.0,717.0,697.0,662.0,648.0,613.0,577.0,511.0,553.0,536.0,516.0,493.0,451.0,466.0,470.0,467.0,469.0,465.0,484.0,433.0,442.0,457.0,431.0,412.0,400.0,367.0,359.0,324.0,354.0,470.0,376.0,348.0,331.0,319.0,300.0,265.0,261.0,247.0,243.0,202.0,456.0,177.0,196.0,174.0,163.0,144.0,144.0,123.0,112.0,103.0,91.0,444.0,95.0,74.0,63.0,47.0,41.0,30.0,18.0,14.0,9.0,17.0
Amager Vest,2039,756.0,684.0,437.0,428.0,417.0,402.0,363.0,361.0,358.0,394.0,378.0,418.0,627.0,539.0,758.0,897.0,987.0,1055.0,1107.0,1122.0,1169.0,1156.0,1151.0,586.0,1110.0,1083.0,1036.0,1011.0,992.0,956.0,942.0,918.0,879.0,850.0,551.0,827.0,799.0,766.0,746.0,715.0,701.0,684.0,647.0,619.0,584.0,531.0,550.0,504.0,493.0,460.0,452.0,444.0,434.0,434.0,455.0,460.0,506.0,460.0,413.0,429.0,438.0,433.0,375.0,382.0,362.0,324.0,325.0,490.0,329.0,333.0,334.0,317.0,283.0,264.0,241.0,217.0,226.0,196.0,471.0,179.0,154.0,140.0,137.0,112.0,101.0,77.0,81.0,64.0,49.0,452.0,42.0,34.0,23.0,20.0,11.0,7.0,4.0,3.0,1.0,6.0,718.0,659.0,440.0,422.0,405.0,369.0,359.0,345.0,368.0,390.0,379.0,445.0,612.0,646.0,895.0,1039.0,1123.0,1190.0,1217.0,1222.0,1219.0,1184.0,1153.0,571.0,1106.0,1079.0,1034.0,997.0,964.0,944.0,922.0,908.0,864.0,829.0,540.0,819.0,797.0,770.0,766.0,747.0,702.0,676.0,642.0,634.0,595.0,511.0,562.0,545.0,517.0,501.0,481.0,440.0,452.0,462.0,459.0,454.0,485.0,451.0,426.0,433.0,448.0,418.0,407.0,394.0,363.0,357.0,323.0,472.0,349.0,368.0,343.0,328.0,312.0,294.0,260.0,253.0,242.0,235.0,460.0,192.0,171.0,188.0,164.0,153.0,136.0,134.0,113.0,107.0,92.0,451.0,87.0,81.0,63.0,55.0,44.0,35.0,22.0,15.0,9.0,19.0
Amager Vest,2040,751.0,679.0,444.0,434.0,426.0,409.0,393.0,358.0,354.0,359.0,400.0,394.0,623.0,548.0,724.0,911.0,993.0,1058.0,1068.0,1099.0,1108.0,1149.0,1122.0,584.0,1123.0,1076.0,1051.0,1013.0,985.0,954.0,927.0,901.0,876.0,846.0,548.0,812.0,790.0,762.0,730.0,730.0,700.0,683.0,663.0,628.0,602.0,530.0,564.0,526.0,493.0,484.0,451.0,445.0,429.0,419.0,430.0,441.0,506.0,447.0,448.0,397.0,416.0,422.0,417.0,367.0,378.0,352.0,315.0,491.0,319.0,322.0,327.0,324.0,309.0,281.0,260.0,234.0,210.0,218.0,474.0,186.0,165.0,145.0,129.0,124.0,101.0,89.0,69.0,71.0,54.0,456.0,38.0,31.0,28.0,21.0,13.0,7.0,5.0,3.0,2.0,7.0,713.0,655.0,447.0,428.0,413.0,400.0,361.0,356.0,346.0,366.0,389.0,440.0,608.0,634.0,881.0,1057.0,1145.0,1187.0,1195.0,1185.0,1167.0,1180.0,1131.0,568.0,1117.0,1075.0,1034.0,1000.0,956.0,931.0,899.0,894.0,855.0,840.0,537.0,809.0,792.0,766.0,750.0,748.0,731.0,682.0,655.0,629.0,615.0,509.0,580.0,554.0,525.0,503.0,490.0,469.0,427.0,444.0,453.0,443.0,485.0,440.0,444.0,417.0,425.0,435.0,413.0,401.0,389.0,361.0,355.0,473.0,319.0,342.0,362.0,339.0,320.0,306.0,288.0,252.0,248.0,233.0,462.0,223.0,185.0,166.0,177.0,153.0,144.0,128.0,123.0,107.0,95.0,455.0,88.0,75.0,68.0,54.0,51.0,38.0,26.0,18.0,10.0,20.0
Amager Vest,2041,743.0,673.0,447.0,440.0,431.0,417.0,399.0,386.0,352.0,354.0,367.0,413.0,618.0,524.0,714.0,866.0,1009.0,1060.0,1067.0,1054.0,1081.0,1085.0,1112.0,579.0,1090.0,1086.0,1042.0,1025.0,984.0,946.0,924.0,886.0,859.0,843.0,545.0,807.0,774.0,753.0,725.0,713.0,713.0,681.0,661.0,642.0,610.0,526.0,581.0,539.0,513.0,484.0,474.0,444.0,429.0,414.0,415.0,417.0,505.0,428.0,436.0,429.0,385.0,401.0,407.0,407.0,364.0,367.0,341.0,491.0,310.0,312.0,316.0,317.0,315.0,306.0,276.0,253.0,227.0,204.0,474.0,206.0,172.0,155.0,134.0,117.0,112.0,89.0,79.0,60.0,59.0,458.0,42.0,28.0,25.0,25.0,13.0,8.0,5.0,4.0,1.0,7.0,705.0,650.0,450.0,434.0,419.0,408.0,391.0,359.0,355.0,343.0,367.0,448.0,604.0,619.0,859.0,1034.0,1161.0,1202.0,1186.0,1158.0,1127.0,1125.0,1124.0,564.0,1092.0,1082.0,1029.0,998.0,957.0,923.0,886.0,871.0,841.0,831.0,534.0,819.0,781.0,761.0,746.0,733.0,732.0,708.0,661.0,641.0,610.0,506.0,599.0,571.0,533.0,510.0,490.0,476.0,454.0,420.0,434.0,438.0,483.0,431.0,433.0,433.0,408.0,413.0,429.0,407.0,395.0,387.0,359.0,473.0,349.0,313.0,336.0,358.0,331.0,313.0,299.0,280.0,247.0,240.0,463.0,221.0,213.0,179.0,156.0,165.0,144.0,134.0,117.0,115.0,94.0,456.0,90.0,74.0,62.0,58.0,51.0,44.0,28.0,20.0,12.0,21.0
Amager Vest,2042,734.0,666.0,449.0,443.0,437.0,422.0,407.0,393.0,378.0,351.0,360.0,384.0,613.0,537.0,676.0,849.0,967.0,1083.0,1069.0,1054.0,1038.0,1061.0,1050.0,575.0,1081.0,1055.0,1051.0,1015.0,996.0,945.0,917.0,884.0,846.0,826.0,541.0,804.0,770.0,738.0,717.0,708.0,697.0,695.0,660.0,642.0,624.0,524.0,589.0,554.0,526.0,503.0,473.0,466.0,429.0,414.0,411.0,402.0,502.0,405.0,417.0,417.0,414.0,371.0,386.0,397.0,401.0,354.0,357.0,489.0,335.0,303.0,306.0,306.0,309.0,312.0,301.0,269.0,245.0,219.0,474.0,194.0,190.0,161.0,143.0,122.0,106.0,98.0,78.0,69.0,51.0,459.0,47.0,31.0,23.0,22.0,16.0,8.0,5.0,4.0,2.0,8.0,697.0,643.0,452.0,438.0,425.0,413.0,398.0,388.0,359.0,352.0,344.0,429.0,598.0,618.0,833.0,1010.0,1140.0,1222.0,1202.0,1150.0,1100.0,1087.0,1073.0,560.0,1086.0,1059.0,1035.0,993.0,955.0,924.0,878.0,859.0,820.0,817.0,531.0,811.0,790.0,751.0,741.0,728.0,717.0,710.0,686.0,647.0,622.0,504.0,594.0,590.0,550.0,517.0,497.0,477.0,461.0,445.0,412.0,419.0,481.0,425.0,423.0,423.0,424.0,396.0,408.0,421.0,400.0,393.0,384.0,471.0,353.0,341.0,308.0,332.0,349.0,325.0,307.0,290.0,274.0,239.0,462.0,227.0,212.0,205.0,168.0,146.0,154.0,134.0,122.0,110.0,102.0,457.0,89.0,76.0,62.0,54.0,54.0,44.0,32.0,21.0,14.0,23.0
Amager Vest,2043,726.0,659.0,450.0,446.0,441.0,428.0,412.0,400.0,385.0,376.0,357.0,374.0,607.0,512.0,670.0,808.0,954.0,1046.0,1097.0,1058.0,1039.0,1020.0,1029.0,571.0,1023.0,1047.0,1021.0,1025.0,988.0,957.0,916.0,878.0,844.0,814.0,537.0,788.0,767.0,734.0,703.0,700.0,692.0,679.0,674.0,641.0,624.0,521.0,602.0,562.0,540.0,516.0,492.0,466.0,450.0,414.0,410.0,398.0,500.0,390.0,395.0,400.0,403.0,399.0,358.0,377.0,392.0,389.0,344.0,487.0,350.0,327.0,298.0,296.0,299.0,306.0,307.0,293.0,261.0,237.0,473.0,209.0,180.0,178.0,150.0,130.0,111.0,94.0,87.0,68.0,59.0,459.0,41.0,35.0,26.0,20.0,14.0,10.0,6.0,5.0,2.0,9.0,689.0,636.0,453.0,440.0,428.0,419.0,404.0,395.0,386.0,355.0,351.0,401.0,593.0,597.0,822.0,983.0,1119.0,1205.0,1224.0,1165.0,1094.0,1062.0,1038.0,555.0,1037.0,1053.0,1013.0,999.0,950.0,923.0,880.0,852.0,810.0,798.0,527.0,797.0,783.0,760.0,731.0,723.0,713.0,696.0,688.0,671.0,627.0,500.0,606.0,586.0,569.0,535.0,505.0,484.0,462.0,452.0,435.0,398.0,478.0,407.0,417.0,414.0,414.0,411.0,391.0,401.0,414.0,397.0,391.0,469.0,378.0,346.0,335.0,305.0,324.0,342.0,318.0,298.0,284.0,265.0,461.0,226.0,218.0,204.0,192.0,157.0,138.0,143.0,122.0,115.0,98.0,457.0,95.0,76.0,63.0,53.0,50.0,47.0,32.0,25.0,15.0,26.0
Amager Vest,2044,717.0,652.0,450.0,447.0,444.0,432.0,419.0,406.0,393.0,384.0,380.0,372.0,601.0,491.0,639.0,796.0,922.0,1037.0,1065.0,1088.0,1044.0,1024.0,990.0,566.0,1004.0,992.0,1016.0,998.0,998.0,949.0,929.0,878.0,839.0,813.0,534.0,778.0,753.0,732.0,699.0,687.0,685.0,675.0,659.0,654.0,624.0,518.0,603.0,576.0,549.0,530.0,505.0,484.0,451.0,434.0,411.0,398.0,497.0,387.0,381.0,379.0,387.0,388.0,383.0,350.0,373.0,381.0,378.0,485.0,339.0,343.0,321.0,289.0,289.0,296.0,302.0,299.0,283.0,252.0,471.0,226.0,193.0,169.0,165.0,137.0,118.0,97.0,84.0,76.0,58.0,458.0,46.0,30.0,28.0,23.0,13.0,9.0,7.0,5.0,3.0,10.0,681.0,629.0,454.0,441.0,431.0,423.0,410.0,401.0,394.0,382.0,355.0,406.0,587.0,552.0,801.0,972.0,1098.0,1190.0,1210.0,1189.0,1108.0,1057.0,1016.0,551.0,1006.0,1008.0,1010.0,979.0,958.0,919.0,880.0,855.0,804.0,789.0,523.0,779.0,770.0,753.0,740.0,714.0,708.0,692.0,676.0,674.0,650.0,498.0,612.0,597.0,566.0,553.0,522.0,491.0,469.0,453.0,443.0,420.0,476.0,387.0,400.0,408.0,405.0,402.0,406.0,385.0,395.0,411.0,395.0,467.0,384.0,370.0,340.0,331.0,298.0,318.0,335.0,309.0,292.0,275.0,459.0,251.0,217.0,211.0,192.0,179.0,148.0,128.0,130.0,115.0,102.0,457.0,92.0,81.0,63.0,55.0,50.0,44.0,35.0,25.0,17.0,28.0
Amager Vest,2045,708.0,645.0,450.0,447.0,445.0,435.0,423.0,412.0,398.0,391.0,390.0,392.0,595.0,484.0,594.0,769.0,911.0,1010.0,1058.0,1059.0,1074.0,1028.0,994.0,561.0,967.0,975.0,963.0,992.0,971.0,959.0,921.0,889.0,839.0,809.0,529.0,777.0,743.0,719.0,698.0,683.0,672.0,668.0,654.0,640.0,637.0,514.0,603.0,577.0,562.0,539.0,519.0,497.0,468.0,436.0,431.0,399.0,495.0,386.0,378.0,366.0,367.0,373.0,374.0,374.0,346.0,363.0,370.0,483.0,370.0,332.0,336.0,311.0,283.0,287.0,292.0,294.0,290.0,274.0,469.0,240.0,210.0,182.0,157.0,150.0,124.0,104.0,87.0,74.0,64.0,456.0,46.0,35.0,25.0,25.0,15.0,8.0,6.0,6.0,3.0,11.0,673.0,622.0,453.0,441.0,432.0,426.0,414.0,407.0,399.0,390.0,381.0,409.0,581.0,546.0,735.0,958.0,1090.0,1172.0,1197.0,1177.0,1131.0,1071.0,1011.0,545.0,984.0,978.0,967.0,976.0,938.0,926.0,876.0,854.0,807.0,784.0,519.0,771.0,752.0,741.0,733.0,723.0,699.0,687.0,671.0,662.0,654.0,494.0,634.0,603.0,577.0,550.0,540.0,508.0,476.0,460.0,444.0,428.0,473.0,408.0,381.0,391.0,400.0,393.0,397.0,399.0,378.0,393.0,409.0,465.0,388.0,377.0,364.0,337.0,324.0,292.0,312.0,326.0,303.0,283.0,458.0,261.0,241.0,210.0,198.0,180.0,168.0,139.0,117.0,123.0,102.0,455.0,96.0,79.0,68.0,55.0,52.0,43.0,32.0,27.0,17.0,32.0
Amager Vest,2046,700.0,637.0,448.0,447.0,446.0,436.0,425.0,416.0,404.0,397.0,397.0,402.0,588.0,498.0,574.0,712.0,895.0,1001.0,1036.0,1054.0,1048.0,1059.0,998.0,555.0,972.0,940.0,948.0,941.0,966.0,933.0,931.0,882.0,851.0,809.0,524.0,773.0,742.0,709.0,685.0,682.0,669.0,655.0,648.0,635.0,624.0,510.0,616.0,577.0,564.0,551.0,527.0,511.0,480.0,452.0,433.0,418.0,491.0,387.0,377.0,363.0,354.0,354.0,359.0,365.0,368.0,337.0,352.0,480.0,363.0,362.0,326.0,326.0,304.0,281.0,283.0,285.0,285.0,281.0,467.0,261.0,223.0,197.0,169.0,143.0,136.0,109.0,93.0,76.0,63.0,454.0,51.0,34.0,28.0,22.0,16.0,9.0,6.0,6.0,3.0,12.0,665.0,614.0,451.0,441.0,432.0,427.0,416.0,411.0,406.0,395.0,388.0,435.0,574.0,540.0,717.0,882.0,1084.0,1167.0,1181.0,1164.0,1119.0,1093.0,1024.0,540.0,980.0,957.0,939.0,935.0,935.0,907.0,882.0,851.0,807.0,786.0,514.0,766.0,745.0,724.0,721.0,716.0,707.0,678.0,667.0,657.0,642.0,490.0,637.0,624.0,583.0,560.0,537.0,526.0,492.0,467.0,450.0,429.0,470.0,415.0,401.0,374.0,383.0,388.0,389.0,390.0,391.0,376.0,391.0,462.0,402.0,381.0,370.0,360.0,329.0,317.0,287.0,303.0,319.0,294.0,455.0,269.0,251.0,233.0,198.0,186.0,169.0,157.0,127.0,112.0,109.0,453.0,96.0,82.0,66.0,58.0,51.0,45.0,32.0,25.0,19.0,34.0
Amager Vest,2047,693.0,629.0,446.0,445.0,445.0,437.0,426.0,419.0,408.0,403.0,402.0,409.0,581.0,510.0,571.0,688.0,834.0,994.0,1029.0,1035.0,1043.0,1034.0,1028.0,548.0,976.0,945.0,915.0,927.0,917.0,929.0,905.0,891.0,844.0,821.0,519.0,773.0,739.0,709.0,676.0,669.0,668.0,652.0,636.0,629.0,618.0,505.0,603.0,589.0,564.0,554.0,539.0,519.0,493.0,464.0,448.0,420.0,488.0,406.0,379.0,362.0,351.0,341.0,341.0,351.0,360.0,358.0,328.0,477.0,347.0,355.0,355.0,316.0,319.0,302.0,277.0,277.0,276.0,276.0,464.0,268.0,243.0,210.0,184.0,154.0,131.0,120.0,98.0,82.0,66.0,452.0,50.0,38.0,28.0,25.0,15.0,10.0,6.0,5.0,3.0,13.0,658.0,607.0,449.0,439.0,432.0,427.0,417.0,413.0,409.0,401.0,393.0,442.0,567.0,562.0,702.0,861.0,1006.0,1167.0,1178.0,1150.0,1107.0,1082.0,1046.0,533.0,992.0,954.0,920.0,908.0,897.0,905.0,864.0,857.0,803.0,787.0,509.0,769.0,740.0,717.0,705.0,705.0,701.0,686.0,658.0,653.0,637.0,485.0,626.0,628.0,602.0,566.0,547.0,524.0,509.0,483.0,457.0,435.0,466.0,417.0,408.0,392.0,366.0,371.0,384.0,382.0,384.0,388.0,374.0,459.0,384.0,394.0,374.0,367.0,352.0,323.0,311.0,279.0,297.0,309.0,453.0,279.0,259.0,242.0,219.0,186.0,175.0,158.0,143.0,121.0,99.0,451.0,103.0,82.0,69.0,57.0,55.0,45.0,34.0,25.0,17.0,37.0
Amager Vest,2048,686.0,622.0,444.0,443.0,443.0,436.0,427.0,420.0,411.0,406.0,408.0,414.0,574.0,514.0,576.0,681.0,813.0,931.0,1027.0,1027.0,1026.0,1030.0,1005.0,542.0,1006.0,949.0,920.0,894.0,903.0,882.0,901.0,867.0,852.0,814.0,513.0,784.0,739.0,706.0,676.0,661.0,655.0,651.0,632.0,617.0,613.0,500.0,597.0,577.0,576.0,554.0,542.0,531.0,502.0,477.0,461.0,435.0,483.0,408.0,397.0,364.0,350.0,339.0,329.0,333.0,346.0,350.0,348.0,473.0,323.0,339.0,349.0,344.0,310.0,317.0,298.0,271.0,268.0,268.0,461.0,264.0,249.0,228.0,195.0,168.0,141.0,116.0,107.0,86.0,70.0,450.0,52.0,38.0,31.0,25.0,17.0,9.0,7.0,6.0,3.0,14.0,652.0,601.0,447.0,437.0,430.0,427.0,418.0,414.0,412.0,405.0,398.0,446.0,560.0,560.0,725.0,845.0,986.0,1089.0,1182.0,1148.0,1095.0,1071.0,1037.0,527.0,1013.0,965.0,917.0,890.0,871.0,868.0,862.0,839.0,809.0,783.0,503.0,769.0,743.0,712.0,698.0,689.0,690.0,681.0,665.0,644.0,633.0,480.0,621.0,617.0,607.0,585.0,553.0,533.0,508.0,500.0,474.0,442.0,462.0,422.0,410.0,399.0,383.0,355.0,367.0,377.0,376.0,381.0,386.0,455.0,368.0,377.0,387.0,370.0,358.0,345.0,317.0,302.0,274.0,288.0,450.0,294.0,269.0,251.0,228.0,205.0,175.0,163.0,144.0,135.0,107.0,448.0,95.0,88.0,69.0,60.0,54.0,48.0,33.0,26.0,17.0,38.0
Amager Vest,2049,681.0,617.0,442.0,441.0,442.0,435.0,426.0,421.0,412.0,409.0,411.0,419.0,568.0,515.0,568.0,691.0,807.0,912.0,964.0,1030.0,1018.0,1015.0,1002.0,536.0,985.0,979.0,924.0,899.0,873.0,869.0,856.0,863.0,829.0,822.0,507.0,778.0,749.0,706.0,673.0,661.0,647.0,638.0,631.0,614.0,601.0,495.0,592.0,571.0,565.0,566.0,542.0,534.0,513.0,485.0,473.0,447.0,478.0,423.0,399.0,381.0,352.0,338.0,327.0,322.0,329.0,337.0,340.0,469.0,342.0,316.0,333.0,338.0,336.0,308.0,313.0,291.0,263.0,260.0,458.0,257.0,245.0,235.0,213.0,179.0,154.0,125.0,104.0,94.0,74.0,447.0,56.0,39.0,31.0,28.0,16.0,10.0,6.0,7.0,3.0,15.0,647.0,595.0,445.0,435.0,429.0,425.0,417.0,415.0,413.0,407.0,402.0,451.0,554.0,555.0,719.0,876.0,972.0,1071.0,1105.0,1154.0,1092.0,1060.0,1027.0,521.0,1005.0,986.0,928.0,887.0,854.0,843.0,827.0,838.0,793.0,789.0,497.0,765.0,743.0,715.0,694.0,683.0,674.0,669.0,660.0,651.0,624.0,475.0,617.0,612.0,596.0,590.0,571.0,539.0,517.0,499.0,490.0,458.0,457.0,429.0,415.0,401.0,390.0,372.0,352.0,361.0,371.0,374.0,379.0,451.0,379.0,360.0,370.0,382.0,362.0,352.0,338.0,308.0,296.0,267.0,446.0,274.0,282.0,261.0,237.0,214.0,193.0,164.0,150.0,136.0,120.0,445.0,102.0,81.0,73.0,60.0,57.0,47.0,36.0,26.0,18.0,38.0
Amager Vest,2050,676.0,612.0,439.0,439.0,440.0,433.0,425.0,420.0,413.0,410.0,414.0,422.0,564.0,517.0,559.0,684.0,827.0,907.0,947.0,968.0,1024.0,1008.0,988.0,531.0,982.0,959.0,953.0,903.0,878.0,840.0,844.0,820.0,826.0,801.0,501.0,786.0,743.0,716.0,673.0,659.0,647.0,630.0,619.0,613.0,597.0,489.0,581.0,566.0,559.0,555.0,554.0,534.0,517.0,495.0,481.0,459.0,473.0,435.0,413.0,384.0,368.0,340.0,326.0,320.0,318.0,321.0,328.0,464.0,335.0,334.0,310.0,324.0,331.0,334.0,305.0,306.0,282.0,256.0,453.0,249.0,239.0,231.0,220.0,195.0,164.0,136.0,112.0,92.0,81.0,443.0,59.0,42.0,33.0,28.0,18.0,10.0,7.0,6.0,4.0,15.0,642.0,591.0,442.0,433.0,427.0,423.0,416.0,414.0,413.0,408.0,404.0,454.0,550.0,551.0,711.0,873.0,1011.0,1059.0,1088.0,1081.0,1099.0,1058.0,1017.0,516.0,995.0,978.0,948.0,898.0,852.0,827.0,804.0,804.0,792.0,774.0,491.0,771.0,740.0,715.0,697.0,679.0,668.0,654.0,649.0,647.0,631.0,470.0,608.0,608.0,590.0,580.0,576.0,556.0,523.0,508.0,489.0,474.0,452.0,445.0,422.0,406.0,392.0,379.0,368.0,347.0,355.0,369.0,372.0,447.0,373.0,371.0,354.0,367.0,374.0,355.0,345.0,329.0,302.0,287.0,442.0,254.0,264.0,273.0,246.0,222.0,202.0,181.0,150.0,142.0,121.0,442.0,113.0,88.0,68.0,64.0,57.0,50.0,35.0,28.0,18.0,40.0
Amager Vest,2051,671.0,607.0,435.0,436.0,437.0,431.0,423.0,419.0,412.0,411.0,415.0,425.0,559.0,516.0,550.0,675.0,824.0,932.0,942.0,951.0,962.0,1015.0,981.0,526.0,969.0,956.0,935.0,931.0,881.0,845.0,816.0,808.0,785.0,797.0,496.0,765.0,751.0,710.0,683.0,658.0,644.0,631.0,611.0,601.0,597.0,484.0,577.0,555.0,554.0,549.0,543.0,546.0,516.0,499.0,492.0,467.0,468.0,446.0,425.0,397.0,371.0,356.0,328.0,318.0,316.0,310.0,312.0,459.0,323.0,327.0,327.0,302.0,317.0,329.0,329.0,298.0,297.0,274.0,449.0,245.0,232.0,225.0,216.0,202.0,178.0,145.0,123.0,99.0,79.0,439.0,64.0,44.0,35.0,29.0,19.0,11.0,7.0,7.0,4.0,16.0,637.0,586.0,438.0,430.0,424.0,421.0,414.0,413.0,412.0,408.0,405.0,455.0,545.0,543.0,705.0,867.0,1011.0,1102.0,1077.0,1064.0,1029.0,1065.0,1015.0,511.0,985.0,969.0,940.0,917.0,861.0,824.0,788.0,782.0,760.0,772.0,486.0,756.0,745.0,712.0,697.0,682.0,665.0,649.0,635.0,636.0,627.0,464.0,615.0,599.0,587.0,573.0,566.0,561.0,539.0,514.0,498.0,473.0,447.0,460.0,437.0,413.0,397.0,381.0,375.0,362.0,342.0,353.0,367.0,442.0,366.0,366.0,364.0,351.0,359.0,367.0,348.0,335.0,323.0,293.0,438.0,274.0,245.0,256.0,258.0,232.0,210.0,189.0,165.0,142.0,126.0,438.0,115.0,97.0,74.0,60.0,60.0,50.0,37.0,27.0,19.0,40.0
Amager Vest,2052,665.0,602.0,431.0,433.0,435.0,429.0,421.0,417.0,411.0,410.0,415.0,425.0,555.0,513.0,539.0,667.0,819.0,933.0,971.0,946.0,946.0,954.0,988.0,522.0,962.0,945.0,932.0,914.0,908.0,848.0,820.0,781.0,774.0,758.0,492.0,762.0,730.0,717.0,677.0,668.0,644.0,629.0,612.0,594.0,585.0,479.0,577.0,552.0,543.0,544.0,537.0,536.0,528.0,499.0,496.0,477.0,463.0,454.0,436.0,409.0,384.0,359.0,344.0,321.0,315.0,308.0,302.0,454.0,308.0,316.0,321.0,318.0,296.0,316.0,325.0,322.0,290.0,289.0,444.0,263.0,228.0,219.0,210.0,198.0,184.0,158.0,131.0,108.0,85.0,435.0,63.0,48.0,37.0,31.0,19.0,12.0,8.0,7.0,4.0,17.0,632.0,581.0,434.0,426.0,422.0,419.0,412.0,411.0,411.0,407.0,406.0,456.0,541.0,533.0,695.0,863.0,1008.0,1105.0,1120.0,1052.0,1012.0,998.0,1022.0,507.0,983.0,959.0,932.0,909.0,879.0,833.0,786.0,766.0,739.0,741.0,482.0,755.0,730.0,717.0,694.0,682.0,667.0,645.0,629.0,621.0,616.0,460.0,611.0,606.0,578.0,570.0,560.0,552.0,544.0,529.0,504.0,481.0,442.0,459.0,452.0,428.0,404.0,386.0,377.0,369.0,356.0,340.0,352.0,437.0,361.0,359.0,359.0,361.0,343.0,352.0,359.0,338.0,329.0,314.0,433.0,279.0,263.0,238.0,242.0,243.0,219.0,197.0,173.0,157.0,127.0,433.0,120.0,98.0,81.0,65.0,57.0,53.0,38.0,29.0,19.0,41.0
Amager Vest,2053,660.0,598.0,427.0,429.0,431.0,426.0,419.0,415.0,409.0,409.0,415.0,425.0,550.0,508.0,527.0,658.0,815.0,931.0,973.0,975.0,940.0,939.0,930.0,518.0,971.0,938.0,922.0,911.0,892.0,874.0,823.0,785.0,748.0,748.0,488.0,724.0,727.0,697.0,684.0,662.0,654.0,628.0,610.0,594.0,578.0,475.0,565.0,551.0,539.0,534.0,532.0,529.0,518.0,510.0,496.0,482.0,458.0,464.0,445.0,419.0,396.0,372.0,347.0,335.0,318.0,307.0,300.0,449.0,298.0,301.0,310.0,312.0,312.0,295.0,313.0,318.0,312.0,282.0,439.0,277.0,245.0,216.0,205.0,193.0,182.0,164.0,142.0,115.0,94.0,430.0,68.0,48.0,40.0,33.0,21.0,12.0,8.0,8.0,4.0,18.0,627.0,577.0,430.0,423.0,418.0,416.0,410.0,409.0,409.0,406.0,405.0,455.0,536.0,522.0,683.0,856.0,1007.0,1105.0,1124.0,1095.0,1000.0,982.0,959.0,503.0,991.0,957.0,923.0,901.0,873.0,851.0,795.0,764.0,725.0,721.0,478.0,724.0,729.0,702.0,699.0,679.0,667.0,647.0,626.0,616.0,602.0,456.0,600.0,602.0,585.0,561.0,556.0,545.0,535.0,534.0,518.0,487.0,438.0,467.0,452.0,443.0,419.0,392.0,382.0,371.0,363.0,354.0,339.0,432.0,346.0,354.0,353.0,356.0,353.0,337.0,346.0,349.0,333.0,320.0,428.0,299.0,270.0,255.0,225.0,228.0,229.0,205.0,181.0,164.0,140.0,429.0,121.0,103.0,83.0,71.0,62.0,51.0,40.0,29.0,20.0,42.0
Amager Vest,2054,655.0,593.0,422.0,425.0,427.0,423.0,416.0,413.0,407.0,407.0,413.0,424.0,546.0,502.0,515.0,647.0,810.0,931.0,973.0,978.0,969.0,932.0,915.0,514.0,914.0,948.0,915.0,902.0,889.0,859.0,849.0,788.0,753.0,723.0,484.0,714.0,691.0,695.0,665.0,669.0,648.0,638.0,610.0,592.0,579.0,471.0,558.0,540.0,540.0,530.0,522.0,525.0,512.0,502.0,507.0,482.0,455.0,469.0,454.0,428.0,406.0,383.0,359.0,339.0,332.0,310.0,299.0,445.0,297.0,291.0,296.0,302.0,306.0,310.0,292.0,306.0,309.0,304.0,434.0,272.0,259.0,232.0,202.0,189.0,177.0,162.0,148.0,125.0,100.0,425.0,75.0,52.0,40.0,36.0,22.0,13.0,9.0,8.0,5.0,19.0,622.0,573.0,425.0,418.0,415.0,413.0,407.0,407.0,407.0,404.0,404.0,453.0,532.0,510.0,671.0,847.0,1004.0,1107.0,1126.0,1099.0,1039.0,971.0,944.0,499.0,931.0,965.0,922.0,893.0,865.0,845.0,812.0,773.0,723.0,708.0,474.0,705.0,699.0,701.0,685.0,684.0,664.0,648.0,628.0,614.0,598.0,452.0,587.0,591.0,581.0,567.0,548.0,542.0,528.0,526.0,524.0,501.0,434.0,474.0,460.0,443.0,433.0,407.0,388.0,376.0,366.0,361.0,353.0,428.0,334.0,339.0,348.0,349.0,348.0,346.0,330.0,336.0,343.0,323.0,424.0,305.0,289.0,262.0,242.0,213.0,215.0,215.0,188.0,172.0,147.0,424.0,133.0,104.0,87.0,72.0,67.0,55.0,38.0,31.0,21.0,43.0
Amager Vest,2055,650.0,588.0,418.0,420.0,423.0,419.0,413.0,410.0,405.0,406.0,412.0,423.0,542.0,496.0,503.0,635.0,803.0,928.0,974.0,978.0,971.0,962.0,908.0,510.0,900.0,894.0,926.0,895.0,881.0,857.0,834.0,813.0,756.0,728.0,481.0,691.0,682.0,660.0,663.0,651.0,655.0,632.0,619.0,592.0,577.0,468.0,559.0,534.0,528.0,530.0,519.0,515.0,507.0,495.0,499.0,493.0,452.0,469.0,459.0,436.0,414.0,392.0,370.0,351.0,336.0,324.0,302.0,441.0,295.0,291.0,286.0,288.0,296.0,305.0,307.0,286.0,297.0,301.0,430.0,291.0,254.0,245.0,217.0,186.0,173.0,158.0,146.0,130.0,109.0,421.0,81.0,57.0,43.0,36.0,24.0,14.0,9.0,9.0,5.0,20.0,618.0,568.0,421.0,414.0,410.0,409.0,404.0,404.0,405.0,402.0,402.0,451.0,528.0,497.0,658.0,836.0,999.0,1107.0,1129.0,1100.0,1042.0,1009.0,934.0,495.0,916.0,908.0,930.0,892.0,858.0,837.0,806.0,790.0,731.0,706.0,471.0,691.0,680.0,673.0,684.0,670.0,669.0,645.0,629.0,616.0,595.0,449.0,582.0,578.0,571.0,564.0,554.0,534.0,525.0,519.0,516.0,507.0,431.0,487.0,466.0,451.0,433.0,421.0,403.0,382.0,370.0,364.0,360.0,424.0,347.0,327.0,333.0,344.0,342.0,342.0,339.0,321.0,331.0,334.0,420.0,308.0,294.0,280.0,248.0,228.0,201.0,202.0,197.0,180.0,154.0,419.0,140.0,115.0,88.0,76.0,69.0,59.0,41.0,30.0,22.0,44.0
Amager Vest,2056,646.0,584.0,413.0,416.0,419.0,415.0,410.0,407.0,403.0,403.0,410.0,421.0,538.0,488.0,491.0,623.0,795.0,924.0,974.0,980.0,971.0,964.0,937.0,506.0,894.0,880.0,874.0,905.0,874.0,849.0,832.0,799.0,780.0,731.0,477.0,695.0,660.0,651.0,629.0,648.0,636.0,639.0,613.0,601.0,576.0,465.0,557.0,535.0,522.0,519.0,519.0,511.0,498.0,491.0,492.0,485.0,449.0,479.0,459.0,442.0,423.0,401.0,379.0,361.0,348.0,328.0,316.0,438.0,299.0,289.0,285.0,279.0,283.0,295.0,302.0,300.0,278.0,290.0,427.0,290.0,272.0,240.0,230.0,200.0,172.0,155.0,143.0,130.0,113.0,417.0,88.0,61.0,48.0,39.0,24.0,15.0,10.0,9.0,5.0,21.0,614.0,564.0,416.0,409.0,406.0,405.0,400.0,401.0,402.0,400.0,400.0,448.0,524.0,485.0,644.0,826.0,992.0,1104.0,1129.0,1103.0,1043.0,1012.0,970.0,492.0,906.0,894.0,876.0,900.0,856.0,831.0,799.0,784.0,748.0,715.0,468.0,690.0,667.0,655.0,656.0,669.0,655.0,649.0,626.0,616.0,597.0,446.0,580.0,574.0,558.0,554.0,551.0,539.0,517.0,515.0,509.0,499.0,428.0,492.0,479.0,457.0,441.0,421.0,417.0,397.0,376.0,368.0,362.0,421.0,354.0,340.0,322.0,330.0,337.0,336.0,335.0,330.0,316.0,322.0,416.0,318.0,298.0,285.0,266.0,234.0,215.0,188.0,185.0,188.0,161.0,416.0,146.0,120.0,97.0,77.0,72.0,61.0,45.0,32.0,21.0,46.0
Amager Vest,2057,642.0,580.0,410.0,412.0,414.0,411.0,406.0,404.0,400.0,401.0,407.0,419.0,534.0,481.0,479.0,612.0,786.0,918.0,971.0,980.0,973.0,965.0,940.0,503.0,922.0,875.0,862.0,855.0,885.0,843.0,824.0,797.0,767.0,755.0,474.0,699.0,664.0,630.0,621.0,615.0,634.0,621.0,620.0,596.0,585.0,462.0,557.0,533.0,523.0,513.0,508.0,512.0,495.0,482.0,488.0,478.0,446.0,472.0,470.0,442.0,428.0,409.0,387.0,371.0,358.0,339.0,320.0,436.0,312.0,293.0,284.0,278.0,274.0,283.0,293.0,296.0,292.0,272.0,424.0,279.0,270.0,258.0,226.0,212.0,184.0,153.0,139.0,126.0,113.0,414.0,91.0,67.0,51.0,43.0,26.0,15.0,11.0,10.0,6.0,22.0,611.0,560.0,413.0,405.0,402.0,401.0,396.0,397.0,399.0,397.0,398.0,445.0,520.0,473.0,631.0,814.0,984.0,1100.0,1128.0,1104.0,1045.0,1013.0,974.0,488.0,941.0,884.0,863.0,848.0,865.0,830.0,793.0,778.0,743.0,731.0,464.0,698.0,666.0,642.0,638.0,642.0,655.0,636.0,631.0,613.0,597.0,443.0,582.0,572.0,554.0,541.0,541.0,536.0,522.0,508.0,506.0,492.0,425.0,485.0,485.0,469.0,447.0,429.0,418.0,411.0,391.0,375.0,367.0,419.0,357.0,347.0,334.0,319.0,324.0,331.0,330.0,326.0,325.0,307.0,414.0,307.0,307.0,289.0,271.0,251.0,221.0,202.0,173.0,176.0,168.0,413.0,153.0,127.0,102.0,85.0,74.0,64.0,46.0,35.0,23.0,47.0
Amager Vest,2058,641.0,577.0,407.0,408.0,410.0,407.0,402.0,400.0,396.0,398.0,405.0,417.0,531.0,474.0,468.0,601.0,778.0,913.0,968.0,979.0,974.0,968.0,941.0,500.0,926.0,903.0,857.0,844.0,837.0,854.0,819.0,791.0,766.0,743.0,471.0,722.0,668.0,635.0,601.0,608.0,602.0,619.0,603.0,603.0,580.0,459.0,566.0,533.0,522.0,515.0,503.0,501.0,495.0,479.0,479.0,474.0,443.0,465.0,463.0,453.0,429.0,414.0,395.0,379.0,368.0,350.0,331.0,433.0,316.0,306.0,287.0,277.0,274.0,274.0,281.0,287.0,287.0,285.0,422.0,262.0,261.0,257.0,242.0,209.0,195.0,165.0,138.0,123.0,111.0,411.0,91.0,70.0,56.0,46.0,29.0,17.0,11.0,11.0,6.0,23.0,609.0,558.0,410.0,402.0,398.0,397.0,392.0,393.0,395.0,394.0,395.0,441.0,517.0,462.0,619.0,803.0,976.0,1096.0,1126.0,1103.0,1046.0,1016.0,975.0,485.0,945.0,918.0,854.0,836.0,816.0,838.0,793.0,773.0,738.0,727.0,461.0,715.0,675.0,642.0,626.0,625.0,628.0,636.0,618.0,618.0,595.0,440.0,583.0,574.0,552.0,538.0,529.0,527.0,520.0,513.0,498.0,489.0,423.0,478.0,477.0,475.0,459.0,435.0,425.0,412.0,405.0,389.0,374.0,416.0,361.0,350.0,341.0,331.0,313.0,318.0,325.0,321.0,321.0,316.0,411.0,294.0,297.0,298.0,275.0,256.0,237.0,208.0,185.0,165.0,158.0,410.0,160.0,133.0,107.0,89.0,81.0,66.0,49.0,36.0,25.0,48.0
Amager Vest,2059,639.0,576.0,405.0,406.0,407.0,403.0,398.0,396.0,393.0,395.0,402.0,414.0,529.0,467.0,458.0,590.0,769.0,906.0,964.0,976.0,972.0,969.0,943.0,497.0,928.0,907.0,885.0,839.0,826.0,809.0,830.0,786.0,760.0,742.0,468.0,711.0,690.0,638.0,605.0,588.0,595.0,587.0,601.0,586.0,587.0,456.0,560.0,542.0,522.0,514.0,504.0,496.0,485.0,480.0,476.0,466.0,441.0,462.0,456.0,446.0,439.0,415.0,401.0,386.0,376.0,359.0,341.0,431.0,328.0,310.0,301.0,281.0,273.0,274.0,272.0,275.0,279.0,281.0,419.0,274.0,245.0,248.0,241.0,224.0,193.0,175.0,149.0,123.0,108.0,409.0,89.0,69.0,59.0,50.0,31.0,18.0,12.0,11.0,7.0,25.0,608.0,556.0,408.0,399.0,395.0,393.0,388.0,389.0,392.0,391.0,392.0,438.0,515.0,452.0,607.0,792.0,967.0,1090.0,1122.0,1101.0,1045.0,1017.0,979.0,483.0,946.0,922.0,887.0,828.0,805.0,792.0,802.0,773.0,733.0,722.0,458.0,711.0,691.0,650.0,626.0,613.0,611.0,610.0,618.0,605.0,600.0,437.0,580.0,575.0,555.0,536.0,526.0,515.0,511.0,511.0,504.0,482.0,420.0,476.0,471.0,468.0,465.0,446.0,431.0,419.0,406.0,403.0,388.0,414.0,368.0,355.0,344.0,339.0,325.0,308.0,312.0,317.0,316.0,313.0,409.0,302.0,284.0,288.0,283.0,259.0,242.0,223.0,191.0,176.0,148.0,408.0,151.0,139.0,113.0,94.0,85.0,72.0,50.0,38.0,26.0,51.0
Amager Vest,2060,639.0,575.0,402.0,403.0,405.0,400.0,394.0,392.0,389.0,391.0,399.0,410.0,527.0,460.0,448.0,579.0,760.0,899.0,958.0,972.0,969.0,968.0,944.0,495.0,930.0,908.0,889.0,866.0,821.0,798.0,786.0,797.0,755.0,737.0,466.0,710.0,679.0,660.0,609.0,593.0,575.0,580.0,570.0,584.0,570.0,454.0,567.0,536.0,531.0,514.0,503.0,497.0,480.0,470.0,477.0,463.0,438.0,454.0,453.0,439.0,432.0,425.0,401.0,392.0,383.0,367.0,350.0,429.0,338.0,321.0,305.0,294.0,277.0,273.0,273.0,267.0,268.0,273.0,417.0,270.0,256.0,232.0,233.0,223.0,206.0,173.0,158.0,132.0,108.0,407.0,88.0,68.0,59.0,52.0,34.0,20.0,13.0,12.0,7.0,26.0,607.0,555.0,405.0,397.0,392.0,390.0,384.0,385.0,388.0,387.0,389.0,434.0,514.0,442.0,595.0,781.0,958.0,1083.0,1117.0,1097.0,1042.0,1016.0,980.0,480.0,949.0,924.0,891.0,859.0,797.0,781.0,757.0,781.0,733.0,717.0,456.0,706.0,687.0,666.0,634.0,613.0,599.0,593.0,592.0,606.0,587.0,435.0,585.0,572.0,555.0,539.0,525.0,513.0,499.0,502.0,502.0,487.0,418.0,468.0,468.0,462.0,458.0,452.0,442.0,425.0,413.0,404.0,402.0,412.0,383.0,361.0,349.0,342.0,332.0,319.0,303.0,304.0,312.0,308.0,407.0,299.0,292.0,276.0,275.0,267.0,245.0,228.0,205.0,182.0,157.0,406.0,142.0,131.0,118.0,99.0,90.0,76.0,55.0,39.0,27.0,53.0
Amager Øst,2026,471.0,380.0,248.0,218.0,259.0,251.0,226.0,267.0,265.0,230.0,292.0,285.0,294.0,340.0,439.0,580.0,681.0,764.0,839.0,826.0,858.0,879.0,924.0,314.0,893.0,879.0,742.0,742.0,697.0,647.0,567.0,567.0,521.0,447.0,315.0,376.0,394.0,365.0,358.0,346.0,403.0,369.0,404.0,371.0,374.0,254.0,411.0,419.0,384.0,396.0,350.0,328.0,343.0,317.0,319.0,321.0,264.0,300.0,287.0,313.0,274.0,226.0,247.0,227.0,214.0,196.0,183.0,286.0,168.0,137.0,154.0,139.0,162.0,140.0,124.0,142.0,117.0,111.0,286.0,119.0,76.0,66.0,48.0,42.0,36.0,29.0,26.0,29.0,9.0,239.0,6.0,9.0,7.0,5.0,2.0,0.0,0.0,2.0,0.0,0.0,435.0,367.0,252.0,207.0,229.0,236.0,242.0,273.0,222.0,246.0,270.0,304.0,302.0,348.0,504.0,731.0,919.0,956.0,971.0,976.0,1012.0,970.0,949.0,321.0,826.0,882.0,758.0,745.0,663.0,628.0,526.0,507.0,455.0,446.0,313.0,430.0,396.0,415.0,372.0,398.0,372.0,389.0,386.0,359.0,369.0,273.0,391.0,420.0,345.0,328.0,351.0,327.0,299.0,293.0,332.0,325.0,268.0,315.0,272.0,253.0,244.0,261.0,226.0,217.0,220.0,200.0,214.0,248.0,192.0,212.0,193.0,175.0,163.0,156.0,177.0,146.0,181.0,146.0,260.0,154.0,124.0,111.0,104.0,89.0,79.0,77.0,66.0,38.0,26.0,256.0,27.0,15.0,20.0,21.0,17.0,4.0,8.0,6.0,2.0,2.0
Amager Øst,2027,469.0,412.0,242.0,246.0,219.0,257.0,254.0,229.0,269.0,274.0,245.0,321.0,336.0,331.0,437.0,560.0,673.0,729.0,787.0,850.0,843.0,862.0,857.0,274.0,888.0,841.0,824.0,703.0,705.0,653.0,613.0,552.0,532.0,488.0,294.0,430.0,368.0,376.0,352.0,353.0,343.0,391.0,366.0,405.0,369.0,298.0,371.0,410.0,419.0,383.0,397.0,349.0,325.0,341.0,315.0,317.0,244.0,321.0,299.0,285.0,310.0,268.0,223.0,245.0,223.0,207.0,190.0,261.0,176.0,163.0,135.0,148.0,132.0,156.0,134.0,119.0,137.0,112.0,283.0,103.0,109.0,71.0,60.0,43.0,38.0,32.0,26.0,23.0,22.0,277.0,7.0,5.0,7.0,6.0,4.0,1.0,0.0,0.0,1.0,1.0,444.0,394.0,257.0,251.0,206.0,229.0,238.0,243.0,274.0,229.0,257.0,303.0,328.0,386.0,502.0,681.0,837.0,952.0,970.0,969.0,955.0,969.0,923.0,279.0,894.0,795.0,825.0,711.0,688.0,617.0,593.0,512.0,486.0,441.0,302.0,436.0,422.0,390.0,406.0,371.0,390.0,368.0,386.0,381.0,358.0,297.0,371.0,392.0,416.0,350.0,334.0,349.0,325.0,297.0,295.0,332.0,263.0,325.0,311.0,271.0,250.0,243.0,255.0,224.0,213.0,219.0,196.0,264.0,212.0,187.0,206.0,188.0,172.0,159.0,152.0,170.0,142.0,172.0,245.0,138.0,146.0,117.0,102.0,95.0,81.0,72.0,70.0,59.0,32.0,259.0,23.0,22.0,12.0,16.0,16.0,13.0,3.0,6.0,4.0,3.0
Amager Øst,2028,477.0,415.0,275.0,240.0,243.0,218.0,257.0,254.0,231.0,273.0,278.0,274.0,365.0,360.0,434.0,553.0,650.0,721.0,760.0,818.0,867.0,847.0,852.0,310.0,840.0,837.0,798.0,770.0,675.0,664.0,619.0,593.0,522.0,499.0,259.0,464.0,417.0,353.0,360.0,345.0,349.0,336.0,383.0,368.0,400.0,279.0,364.0,369.0,409.0,416.0,384.0,395.0,345.0,325.0,337.0,313.0,283.0,317.0,319.0,297.0,283.0,302.0,262.0,222.0,241.0,216.0,201.0,242.0,184.0,172.0,160.0,131.0,141.0,128.0,149.0,129.0,115.0,131.0,259.0,105.0,95.0,102.0,65.0,55.0,40.0,34.0,28.0,23.0,19.0,272.0,17.0,6.0,4.0,6.0,4.0,2.0,1.0,0.0,0.0,2.0,451.0,406.0,259.0,255.0,245.0,206.0,229.0,235.0,243.0,274.0,241.0,291.0,353.0,390.0,542.0,673.0,792.0,888.0,966.0,969.0,958.0,927.0,924.0,302.0,875.0,845.0,759.0,774.0,664.0,640.0,582.0,570.0,491.0,469.0,265.0,428.0,423.0,411.0,381.0,398.0,363.0,380.0,364.0,378.0,377.0,285.0,356.0,371.0,389.0,413.0,352.0,333.0,345.0,321.0,296.0,293.0,283.0,330.0,320.0,308.0,268.0,247.0,237.0,251.0,220.0,212.0,214.0,257.0,194.0,206.0,181.0,201.0,184.0,168.0,154.0,146.0,164.0,135.0,259.0,163.0,133.0,139.0,109.0,96.0,89.0,76.0,68.0,65.0,51.0,243.0,32.0,21.0,20.0,11.0,13.0,13.0,10.0,3.0,4.0,6.0
Amager Øst,2029,477.0,419.0,268.0,270.0,237.0,240.0,219.0,256.0,253.0,237.0,278.0,305.0,365.0,321.0,454.0,540.0,631.0,693.0,740.0,785.0,834.0,855.0,831.0,333.0,826.0,795.0,785.0,746.0,723.0,635.0,624.0,595.0,554.0,489.0,288.0,473.0,444.0,393.0,338.0,350.0,339.0,339.0,330.0,382.0,363.0,247.0,392.0,358.0,369.0,405.0,413.0,381.0,386.0,343.0,321.0,332.0,263.0,311.0,313.0,315.0,293.0,277.0,295.0,259.0,219.0,231.0,209.0,278.0,195.0,178.0,167.0,153.0,124.0,136.0,122.0,142.0,124.0,109.0,239.0,121.0,97.0,89.0,92.0,58.0,50.0,35.0,29.0,24.0,18.0,249.0,14.0,13.0,4.0,3.0,4.0,2.0,1.0,0.0,0.0,2.0,452.0,409.0,241.0,255.0,249.0,242.0,207.0,226.0,235.0,244.0,278.0,276.0,361.0,379.0,543.0,699.0,772.0,841.0,904.0,951.0,946.0,924.0,883.0,322.0,868.0,821.0,791.0,717.0,715.0,618.0,598.0,557.0,539.0,473.0,284.0,453.0,415.0,411.0,399.0,375.0,386.0,352.0,373.0,357.0,373.0,251.0,373.0,354.0,367.0,386.0,409.0,349.0,330.0,340.0,316.0,292.0,270.0,291.0,324.0,317.0,303.0,264.0,241.0,234.0,244.0,218.0,207.0,274.0,210.0,188.0,199.0,176.0,195.0,178.0,161.0,148.0,142.0,155.0,251.0,128.0,155.0,126.0,128.0,100.0,88.0,81.0,69.0,60.0,54.0,255.0,45.0,25.0,17.0,16.0,9.0,10.0,10.0,7.0,1.0,7.0
Amager Øst,2030,483.0,423.0,248.0,264.0,266.0,236.0,241.0,222.0,257.0,260.0,247.0,308.0,371.0,357.0,433.0,562.0,627.0,686.0,727.0,773.0,812.0,835.0,841.0,336.0,813.0,786.0,758.0,735.0,709.0,677.0,605.0,605.0,559.0,520.0,311.0,468.0,456.0,420.0,377.0,333.0,345.0,332.0,334.0,333.0,377.0,274.0,358.0,386.0,357.0,367.0,403.0,409.0,374.0,383.0,339.0,317.0,237.0,328.0,306.0,310.0,312.0,288.0,272.0,291.0,255.0,213.0,223.0,259.0,202.0,188.0,173.0,160.0,145.0,120.0,130.0,117.0,137.0,117.0,274.0,101.0,111.0,90.0,81.0,81.0,52.0,44.0,31.0,25.0,19.0,232.0,14.0,12.0,9.0,4.0,3.0,2.0,2.0,1.0,0.0,2.0,458.0,412.0,254.0,240.0,252.0,248.0,242.0,207.0,227.0,237.0,253.0,314.0,368.0,381.0,544.0,701.0,798.0,830.0,870.0,906.0,934.0,918.0,888.0,331.0,839.0,820.0,776.0,745.0,673.0,665.0,582.0,575.0,531.0,520.0,303.0,461.0,441.0,407.0,401.0,394.0,368.0,376.0,349.0,367.0,355.0,269.0,371.0,372.0,351.0,366.0,385.0,405.0,348.0,328.0,335.0,312.0,240.0,289.0,288.0,321.0,312.0,299.0,258.0,239.0,228.0,242.0,213.0,263.0,203.0,204.0,182.0,193.0,172.0,188.0,171.0,156.0,143.0,134.0,268.0,146.0,122.0,145.0,115.0,116.0,91.0,78.0,71.0,60.0,49.0,248.0,45.0,35.0,20.0,14.0,11.0,6.0,7.0,7.0,2.0,6.0
Amager Øst,2031,506.0,441.0,236.0,251.0,264.0,267.0,242.0,247.0,227.0,265.0,270.0,285.0,386.0,369.0,486.0,577.0,678.0,714.0,749.0,790.0,826.0,840.0,850.0,351.0,843.0,794.0,768.0,732.0,713.0,682.0,654.0,601.0,579.0,534.0,323.0,505.0,461.0,439.0,408.0,376.0,338.0,343.0,332.0,341.0,336.0,302.0,374.0,358.0,387.0,359.0,371.0,404.0,404.0,374.0,380.0,338.0,267.0,317.0,324.0,305.0,308.0,307.0,284.0,271.0,287.0,248.0,207.0,240.0,217.0,196.0,184.0,167.0,153.0,141.0,116.0,125.0,114.0,130.0,261.0,109.0,93.0,104.0,82.0,72.0,73.0,46.0,38.0,27.0,19.0,269.0,14.0,11.0,8.0,8.0,3.0,1.0,1.0,1.0,0.0,2.0,479.0,429.0,251.0,256.0,240.0,254.0,252.0,243.0,214.0,233.0,250.0,299.0,381.0,426.0,576.0,734.0,830.0,876.0,885.0,903.0,922.0,930.0,905.0,347.0,868.0,816.0,792.0,750.0,710.0,645.0,636.0,572.0,557.0,522.0,320.0,511.0,457.0,438.0,403.0,401.0,392.0,366.0,376.0,349.0,369.0,293.0,358.0,374.0,372.0,355.0,370.0,387.0,404.0,348.0,328.0,332.0,262.0,310.0,288.0,288.0,318.0,311.0,294.0,257.0,236.0,229.0,238.0,240.0,211.0,199.0,199.0,179.0,190.0,167.0,182.0,165.0,151.0,136.0,260.0,127.0,139.0,115.0,133.0,106.0,106.0,82.0,70.0,63.0,50.0,269.0,42.0,36.0,28.0,16.0,10.0,9.0,5.0,5.0,2.0,6.0
Amager Øst,2032,518.0,460.0,271.0,238.0,252.0,264.0,271.0,248.0,250.0,238.0,274.0,305.0,401.0,356.0,506.0,636.0,697.0,761.0,775.0,809.0,843.0,851.0,854.0,364.0,852.0,817.0,774.0,740.0,712.0,684.0,661.0,644.0,576.0,552.0,336.0,518.0,494.0,444.0,427.0,405.0,378.0,336.0,342.0,340.0,343.0,313.0,336.0,374.0,362.0,388.0,362.0,373.0,400.0,404.0,373.0,377.0,292.0,339.0,314.0,321.0,304.0,303.0,303.0,284.0,270.0,279.0,241.0,267.0,203.0,212.0,193.0,178.0,160.0,149.0,136.0,113.0,122.0,110.0,242.0,121.0,101.0,87.0,94.0,74.0,66.0,64.0,41.0,34.0,22.0,256.0,15.0,12.0,8.0,7.0,6.0,2.0,1.0,1.0,1.0,3.0,491.0,447.0,271.0,253.0,256.0,243.0,259.0,253.0,247.0,222.0,245.0,298.0,396.0,427.0,625.0,779.0,862.0,905.0,924.0,915.0,919.0,916.0,913.0,358.0,880.0,842.0,788.0,764.0,715.0,675.0,620.0,622.0,555.0,546.0,334.0,512.0,503.0,454.0,433.0,404.0,399.0,388.0,366.0,373.0,351.0,309.0,371.0,362.0,374.0,375.0,358.0,372.0,388.0,401.0,347.0,326.0,284.0,330.0,307.0,287.0,286.0,317.0,305.0,292.0,254.0,237.0,226.0,260.0,236.0,208.0,196.0,196.0,176.0,186.0,163.0,176.0,161.0,144.0,239.0,130.0,123.0,132.0,108.0,124.0,99.0,99.0,76.0,65.0,54.0,261.0,45.0,36.0,31.0,24.0,13.0,9.0,7.0,4.0,1.0,6.0
Amager Øst,2033,532.0,472.0,258.0,273.0,241.0,254.0,269.0,277.0,253.0,260.0,251.0,309.0,419.0,377.0,521.0,668.0,759.0,787.0,826.0,840.0,867.0,872.0,867.0,379.0,859.0,829.0,796.0,746.0,721.0,686.0,663.0,654.0,614.0,553.0,348.0,537.0,508.0,476.0,434.0,424.0,406.0,375.0,337.0,349.0,343.0,327.0,342.0,338.0,376.0,364.0,390.0,364.0,371.0,400.0,400.0,370.0,304.0,376.0,335.0,312.0,318.0,299.0,299.0,302.0,282.0,264.0,271.0,291.0,235.0,198.0,207.0,186.0,170.0,155.0,144.0,132.0,110.0,116.0,268.0,103.0,111.0,94.0,80.0,83.0,67.0,58.0,56.0,36.0,26.0,239.0,17.0,12.0,9.0,7.0,6.0,3.0,1.0,1.0,0.0,3.0,504.0,460.0,263.0,273.0,253.0,259.0,248.0,260.0,258.0,253.0,237.0,297.0,414.0,443.0,652.0,830.0,913.0,938.0,955.0,953.0,934.0,918.0,905.0,374.0,889.0,855.0,814.0,763.0,729.0,681.0,647.0,612.0,602.0,547.0,346.0,536.0,506.0,497.0,450.0,432.0,403.0,396.0,389.0,365.0,374.0,323.0,354.0,374.0,364.0,378.0,378.0,361.0,375.0,386.0,397.0,345.0,300.0,325.0,327.0,307.0,285.0,286.0,311.0,302.0,288.0,255.0,234.0,282.0,224.0,232.0,204.0,192.0,193.0,172.0,180.0,158.0,171.0,153.0,258.0,137.0,125.0,116.0,121.0,99.0,113.0,89.0,89.0,67.0,54.0,242.0,47.0,36.0,29.0,25.0,18.0,10.0,6.0,5.0,1.0,5.0
Amager Øst,2034,543.0,484.0,242.0,260.0,274.0,243.0,260.0,274.0,281.0,264.0,272.0,289.0,430.0,385.0,553.0,702.0,787.0,846.0,854.0,890.0,899.0,895.0,888.0,394.0,871.0,835.0,808.0,766.0,726.0,695.0,667.0,656.0,626.0,586.0,362.0,539.0,526.0,489.0,463.0,432.0,425.0,400.0,373.0,345.0,352.0,338.0,343.0,343.0,342.0,377.0,368.0,391.0,362.0,373.0,397.0,397.0,317.0,371.0,372.0,333.0,311.0,312.0,296.0,299.0,300.0,277.0,258.0,304.0,265.0,229.0,195.0,201.0,178.0,165.0,150.0,139.0,128.0,106.0,292.0,109.0,95.0,105.0,86.0,71.0,76.0,60.0,51.0,49.0,29.0,263.0,21.0,15.0,9.0,7.0,7.0,4.0,2.0,1.0,0.0,3.0,515.0,471.0,245.0,265.0,272.0,257.0,264.0,250.0,266.0,265.0,265.0,294.0,425.0,454.0,673.0,871.0,956.0,987.0,987.0,983.0,970.0,932.0,908.0,389.0,883.0,863.0,826.0,788.0,729.0,695.0,653.0,635.0,594.0,591.0,360.0,537.0,527.0,501.0,490.0,449.0,430.0,400.0,396.0,387.0,368.0,334.0,375.0,357.0,374.0,368.0,381.0,380.0,363.0,374.0,384.0,391.0,313.0,343.0,323.0,326.0,304.0,285.0,282.0,309.0,299.0,288.0,252.0,297.0,233.0,222.0,227.0,201.0,190.0,189.0,168.0,175.0,154.0,164.0,278.0,146.0,133.0,119.0,109.0,112.0,93.0,104.0,83.0,81.0,58.0,259.0,50.0,40.0,31.0,24.0,19.0,15.0,8.0,6.0,3.0,5.0
Amager Øst,2035,551.0,492.0,264.0,244.0,260.0,275.0,250.0,266.0,278.0,291.0,277.0,310.0,440.0,372.0,585.0,729.0,820.0,866.0,907.0,915.0,947.0,924.0,909.0,404.0,890.0,844.0,811.0,776.0,743.0,697.0,674.0,659.0,626.0,597.0,375.0,567.0,527.0,505.0,475.0,459.0,433.0,418.0,397.0,380.0,348.0,350.0,350.0,344.0,347.0,345.0,379.0,369.0,387.0,362.0,372.0,394.0,327.0,396.0,367.0,369.0,331.0,305.0,307.0,295.0,297.0,294.0,270.0,315.0,252.0,258.0,225.0,190.0,193.0,174.0,160.0,146.0,136.0,124.0,303.0,100.0,102.0,90.0,96.0,77.0,65.0,67.0,53.0,45.0,39.0,285.0,23.0,18.0,11.0,8.0,7.0,4.0,2.0,1.0,0.0,3.0,522.0,480.0,261.0,247.0,264.0,275.0,261.0,265.0,256.0,272.0,277.0,322.0,435.0,469.0,689.0,886.0,993.0,1018.0,1031.0,1011.0,996.0,963.0,920.0,398.0,885.0,857.0,831.0,797.0,750.0,694.0,664.0,640.0,614.0,584.0,373.0,578.0,529.0,520.0,493.0,488.0,447.0,425.0,400.0,393.0,388.0,346.0,369.0,377.0,358.0,377.0,371.0,383.0,381.0,362.0,372.0,380.0,323.0,387.0,341.0,323.0,323.0,303.0,280.0,281.0,306.0,299.0,284.0,309.0,251.0,231.0,218.0,224.0,199.0,186.0,185.0,164.0,171.0,148.0,293.0,156.0,142.0,126.0,111.0,102.0,105.0,86.0,97.0,76.0,70.0,279.0,54.0,42.0,34.0,26.0,19.0,16.0,11.0,7.0,3.0,6.0
Amager Øst,2036,555.0,497.0,284.0,264.0,245.0,261.0,279.0,255.0,270.0,287.0,302.0,316.0,445.0,397.0,595.0,761.0,828.0,891.0,917.0,960.0,966.0,964.0,931.0,410.0,905.0,857.0,815.0,775.0,749.0,708.0,673.0,663.0,627.0,594.0,381.0,576.0,552.0,506.0,489.0,469.0,457.0,426.0,413.0,401.0,381.0,361.0,346.0,350.0,346.0,347.0,347.0,379.0,366.0,385.0,360.0,369.0,337.0,393.0,389.0,363.0,365.0,324.0,300.0,305.0,293.0,291.0,287.0,324.0,264.0,246.0,252.0,218.0,183.0,187.0,168.0,154.0,142.0,130.0,314.0,116.0,93.0,96.0,83.0,85.0,70.0,58.0,59.0,46.0,35.0,295.0,30.0,19.0,13.0,9.0,7.0,3.0,3.0,2.0,1.0,4.0,527.0,484.0,279.0,261.0,246.0,265.0,278.0,262.0,269.0,262.0,284.0,339.0,440.0,510.0,706.0,895.0,994.0,1046.0,1050.0,1048.0,1018.0,983.0,944.0,405.0,893.0,856.0,821.0,797.0,755.0,712.0,661.0,647.0,616.0,599.0,379.0,571.0,566.0,521.0,510.0,489.0,482.0,441.0,424.0,396.0,393.0,357.0,389.0,371.0,376.0,360.0,379.0,373.0,383.0,378.0,359.0,367.0,333.0,376.0,381.0,339.0,320.0,321.0,297.0,278.0,278.0,305.0,295.0,317.0,281.0,247.0,226.0,214.0,220.0,194.0,181.0,180.0,159.0,163.0,303.0,141.0,150.0,134.0,117.0,103.0,94.0,95.0,79.0,87.0,65.0,292.0,62.0,44.0,35.0,28.0,19.0,15.0,12.0,9.0,4.0,7.0
Amager Øst,2037,550.0,493.0,292.0,281.0,261.0,244.0,263.0,282.0,258.0,278.0,295.0,339.0,443.0,406.0,636.0,752.0,838.0,875.0,927.0,952.0,994.0,967.0,956.0,409.0,913.0,859.0,817.0,767.0,740.0,707.0,675.0,655.0,624.0,590.0,382.0,568.0,557.0,523.0,486.0,480.0,464.0,445.0,418.0,415.0,398.0,363.0,375.0,343.0,349.0,345.0,346.0,346.0,372.0,363.0,379.0,355.0,344.0,367.0,385.0,383.0,358.0,355.0,317.0,297.0,300.0,285.0,283.0,331.0,279.0,257.0,241.0,244.0,208.0,178.0,180.0,162.0,150.0,136.0,319.0,122.0,108.0,88.0,88.0,74.0,77.0,62.0,51.0,51.0,36.0,302.0,28.0,25.0,14.0,11.0,8.0,4.0,2.0,2.0,1.0,4.0,522.0,481.0,290.0,276.0,257.0,246.0,266.0,276.0,264.0,273.0,273.0,349.0,438.0,541.0,734.0,895.0,982.0,1026.0,1062.0,1047.0,1038.0,988.0,950.0,405.0,903.0,852.0,811.0,779.0,746.0,709.0,670.0,638.0,617.0,596.0,381.0,580.0,556.0,553.0,508.0,503.0,480.0,471.0,437.0,416.0,394.0,360.0,391.0,387.0,368.0,374.0,359.0,377.0,371.0,378.0,373.0,353.0,340.0,363.0,369.0,377.0,335.0,317.0,313.0,293.0,273.0,277.0,300.0,324.0,291.0,276.0,241.0,221.0,210.0,215.0,188.0,175.0,174.0,152.0,309.0,155.0,135.0,141.0,124.0,108.0,95.0,85.0,87.0,71.0,73.0,300.0,57.0,50.0,36.0,28.0,21.0,16.0,11.0,9.0,4.0,8.0
Amager Øst,2038,550.0,490.0,300.0,289.0,278.0,259.0,247.0,266.0,284.0,267.0,288.0,331.0,441.0,433.0,651.0,786.0,823.0,879.0,902.0,959.0,982.0,992.0,958.0,408.0,936.0,867.0,818.0,770.0,733.0,698.0,675.0,657.0,617.0,588.0,382.0,565.0,549.0,528.0,502.0,478.0,475.0,452.0,436.0,420.0,411.0,365.0,391.0,371.0,343.0,347.0,344.0,345.0,341.0,369.0,359.0,374.0,346.0,352.0,361.0,379.0,377.0,349.0,348.0,314.0,293.0,292.0,277.0,337.0,276.0,272.0,252.0,233.0,233.0,202.0,172.0,173.0,157.0,143.0,326.0,128.0,113.0,101.0,81.0,79.0,68.0,68.0,54.0,45.0,40.0,308.0,29.0,23.0,19.0,11.0,10.0,4.0,3.0,1.0,1.0,5.0,522.0,478.0,297.0,288.0,272.0,257.0,247.0,265.0,278.0,268.0,283.0,339.0,436.0,559.0,763.0,915.0,978.0,1010.0,1037.0,1057.0,1034.0,1006.0,955.0,404.0,908.0,862.0,809.0,770.0,730.0,701.0,667.0,647.0,609.0,597.0,382.0,577.0,564.0,544.0,538.0,501.0,493.0,469.0,465.0,429.0,413.0,362.0,392.0,390.0,383.0,367.0,372.0,359.0,375.0,367.0,373.0,366.0,343.0,348.0,357.0,366.0,370.0,332.0,311.0,309.0,288.0,272.0,273.0,330.0,296.0,285.0,269.0,236.0,218.0,205.0,208.0,183.0,171.0,166.0,315.0,145.0,148.0,128.0,131.0,114.0,99.0,86.0,78.0,78.0,61.0,305.0,65.0,47.0,42.0,30.0,22.0,17.0,12.0,9.0,5.0,9.0
Amager Øst,2039,550.0,490.0,305.0,296.0,286.0,275.0,262.0,250.0,269.0,292.0,278.0,327.0,438.0,425.0,685.0,798.0,849.0,859.0,901.0,927.0,987.0,978.0,981.0,406.0,936.0,887.0,825.0,771.0,736.0,692.0,666.0,657.0,619.0,581.0,381.0,562.0,545.0,521.0,507.0,492.0,474.0,462.0,443.0,438.0,417.0,365.0,404.0,386.0,370.0,342.0,346.0,343.0,339.0,339.0,364.0,354.0,348.0,370.0,346.0,356.0,374.0,368.0,342.0,344.0,310.0,285.0,284.0,340.0,271.0,268.0,266.0,244.0,223.0,226.0,195.0,166.0,168.0,150.0,332.0,135.0,118.0,107.0,93.0,73.0,72.0,60.0,60.0,48.0,35.0,314.0,32.0,25.0,17.0,15.0,10.0,6.0,3.0,2.0,1.0,5.0,522.0,478.0,303.0,295.0,283.0,271.0,258.0,246.0,267.0,281.0,278.0,349.0,434.0,552.0,783.0,942.0,992.0,1002.0,1017.0,1026.0,1041.0,998.0,971.0,402.0,912.0,867.0,817.0,768.0,723.0,686.0,660.0,645.0,617.0,589.0,381.0,578.0,561.0,550.0,531.0,530.0,492.0,482.0,464.0,457.0,426.0,362.0,410.0,391.0,386.0,382.0,365.0,370.0,356.0,370.0,362.0,366.0,345.0,361.0,342.0,354.0,359.0,365.0,324.0,307.0,303.0,287.0,268.0,333.0,270.0,291.0,279.0,263.0,233.0,213.0,199.0,202.0,178.0,163.0,321.0,158.0,139.0,140.0,119.0,121.0,105.0,91.0,79.0,70.0,66.0,311.0,54.0,53.0,39.0,34.0,23.0,17.0,13.0,9.0,5.0,10.0
Amager Øst,2040,549.0,490.0,311.0,302.0,293.0,284.0,278.0,264.0,253.0,277.0,301.0,316.0,438.0,423.0,670.0,833.0,860.0,880.0,879.0,924.0,950.0,981.0,965.0,404.0,957.0,887.0,843.0,777.0,737.0,694.0,660.0,648.0,618.0,582.0,380.0,556.0,543.0,517.0,500.0,498.0,487.0,461.0,453.0,445.0,434.0,364.0,410.0,399.0,384.0,368.0,341.0,344.0,338.0,337.0,335.0,358.0,348.0,351.0,362.0,340.0,351.0,364.0,359.0,338.0,339.0,302.0,277.0,341.0,277.0,263.0,263.0,258.0,234.0,217.0,218.0,188.0,162.0,161.0,335.0,141.0,125.0,112.0,98.0,83.0,67.0,64.0,53.0,52.0,37.0,320.0,28.0,27.0,19.0,14.0,13.0,5.0,4.0,2.0,1.0,5.0,521.0,478.0,309.0,300.0,290.0,283.0,271.0,256.0,248.0,271.0,290.0,345.0,434.0,562.0,772.0,965.0,1016.0,1012.0,1006.0,1005.0,1008.0,1003.0,962.0,401.0,926.0,870.0,821.0,776.0,721.0,680.0,647.0,637.0,615.0,597.0,380.0,570.0,561.0,547.0,536.0,524.0,519.0,481.0,477.0,456.0,453.0,361.0,424.0,408.0,387.0,385.0,380.0,364.0,367.0,352.0,364.0,355.0,345.0,360.0,354.0,339.0,348.0,355.0,356.0,321.0,302.0,302.0,282.0,335.0,265.0,265.0,284.0,273.0,259.0,227.0,207.0,194.0,196.0,170.0,324.0,156.0,152.0,132.0,130.0,110.0,111.0,96.0,83.0,71.0,60.0,317.0,58.0,44.0,44.0,32.0,26.0,18.0,13.0,10.0,5.0,10.0
Amager Øst,2041,546.0,488.0,316.0,308.0,298.0,290.0,286.0,279.0,266.0,261.0,286.0,338.0,437.0,415.0,668.0,811.0,895.0,890.0,897.0,899.0,944.0,942.0,966.0,404.0,939.0,904.0,842.0,792.0,741.0,694.0,662.0,642.0,610.0,581.0,378.0,556.0,536.0,515.0,496.0,490.0,493.0,473.0,452.0,455.0,441.0,363.0,426.0,405.0,397.0,381.0,366.0,340.0,338.0,335.0,332.0,331.0,347.0,355.0,345.0,356.0,336.0,343.0,356.0,355.0,333.0,329.0,293.0,341.0,270.0,269.0,258.0,255.0,248.0,228.0,210.0,210.0,182.0,155.0,336.0,151.0,131.0,118.0,103.0,88.0,77.0,59.0,57.0,46.0,41.0,322.0,30.0,23.0,20.0,15.0,13.0,8.0,3.0,2.0,1.0,6.0,519.0,477.0,314.0,306.0,295.0,289.0,283.0,269.0,257.0,252.0,280.0,357.0,433.0,558.0,773.0,953.0,1041.0,1034.0,1013.0,992.0,985.0,969.0,965.0,400.0,916.0,882.0,823.0,779.0,727.0,678.0,641.0,624.0,607.0,595.0,378.0,578.0,553.0,547.0,532.0,528.0,514.0,507.0,476.0,467.0,452.0,360.0,449.0,422.0,404.0,386.0,383.0,379.0,361.0,361.0,347.0,357.0,344.0,350.0,354.0,350.0,333.0,344.0,347.0,351.0,315.0,301.0,297.0,335.0,278.0,260.0,259.0,278.0,268.0,253.0,220.0,201.0,188.0,187.0,326.0,162.0,150.0,144.0,123.0,120.0,101.0,101.0,88.0,75.0,60.0,320.0,53.0,48.0,37.0,36.0,25.0,21.0,14.0,10.0,6.0,11.0
Amager Øst,2042,544.0,486.0,319.0,313.0,304.0,295.0,293.0,288.0,281.0,273.0,270.0,324.0,436.0,434.0,652.0,805.0,873.0,925.0,906.0,914.0,917.0,934.0,926.0,403.0,940.0,887.0,857.0,790.0,756.0,698.0,662.0,644.0,604.0,573.0,377.0,556.0,536.0,508.0,494.0,487.0,485.0,479.0,463.0,455.0,451.0,361.0,433.0,420.0,403.0,394.0,379.0,364.0,335.0,335.0,331.0,328.0,346.0,328.0,348.0,339.0,351.0,327.0,336.0,352.0,349.0,324.0,320.0,340.0,286.0,263.0,263.0,250.0,245.0,241.0,220.0,203.0,204.0,175.0,336.0,146.0,140.0,124.0,108.0,92.0,81.0,68.0,53.0,50.0,37.0,323.0,33.0,25.0,17.0,17.0,15.0,7.0,5.0,2.0,1.0,6.0,516.0,474.0,316.0,311.0,301.0,294.0,290.0,281.0,269.0,260.0,261.0,348.0,432.0,569.0,762.0,948.0,1030.0,1060.0,1035.0,998.0,971.0,946.0,932.0,399.0,918.0,871.0,834.0,780.0,730.0,684.0,639.0,619.0,595.0,587.0,377.0,575.0,560.0,540.0,532.0,524.0,517.0,502.0,501.0,467.0,463.0,358.0,448.0,446.0,418.0,402.0,384.0,381.0,375.0,356.0,356.0,340.0,343.0,352.0,344.0,350.0,344.0,329.0,336.0,342.0,343.0,314.0,296.0,334.0,293.0,273.0,254.0,254.0,274.0,262.0,245.0,214.0,196.0,180.0,326.0,179.0,156.0,142.0,134.0,114.0,111.0,93.0,93.0,79.0,64.0,321.0,54.0,44.0,40.0,31.0,28.0,20.0,16.0,11.0,6.0,12.0
Amager Øst,2043,542.0,484.0,320.0,315.0,309.0,301.0,298.0,295.0,290.0,288.0,281.0,307.0,435.0,424.0,658.0,787.0,871.0,906.0,944.0,925.0,933.0,909.0,919.0,402.0,901.0,889.0,841.0,805.0,754.0,712.0,666.0,645.0,607.0,569.0,377.0,548.0,536.0,508.0,488.0,485.0,482.0,472.0,470.0,465.0,451.0,361.0,442.0,428.0,419.0,400.0,391.0,377.0,358.0,332.0,331.0,327.0,345.0,325.0,322.0,342.0,335.0,342.0,320.0,332.0,347.0,340.0,315.0,340.0,312.0,278.0,257.0,255.0,240.0,239.0,233.0,213.0,198.0,196.0,336.0,165.0,136.0,132.0,114.0,97.0,85.0,72.0,60.0,46.0,39.0,324.0,29.0,27.0,19.0,15.0,15.0,8.0,5.0,3.0,1.0,7.0,514.0,473.0,318.0,314.0,306.0,300.0,295.0,287.0,282.0,272.0,268.0,327.0,431.0,562.0,767.0,938.0,1028.0,1053.0,1063.0,1019.0,976.0,934.0,911.0,399.0,888.0,875.0,824.0,791.0,731.0,687.0,645.0,618.0,591.0,576.0,377.0,568.0,558.0,547.0,525.0,524.0,513.0,505.0,497.0,491.0,463.0,358.0,459.0,446.0,441.0,416.0,400.0,383.0,378.0,370.0,351.0,348.0,342.0,335.0,345.0,340.0,343.0,340.0,322.0,332.0,335.0,341.0,308.0,334.0,293.0,287.0,266.0,249.0,251.0,267.0,254.0,239.0,209.0,188.0,325.0,172.0,172.0,148.0,133.0,124.0,105.0,101.0,85.0,83.0,68.0,322.0,57.0,45.0,37.0,33.0,24.0,23.0,15.0,13.0,6.0,13.0
Amager Øst,2044,539.0,482.0,321.0,317.0,311.0,306.0,303.0,300.0,296.0,297.0,295.0,317.0,433.0,402.0,644.0,788.0,857.0,906.0,926.0,962.0,943.0,923.0,894.0,401.0,895.0,851.0,842.0,789.0,768.0,711.0,679.0,648.0,607.0,571.0,376.0,544.0,529.0,508.0,488.0,478.0,480.0,469.0,463.0,472.0,461.0,360.0,443.0,437.0,426.0,415.0,398.0,389.0,370.0,355.0,329.0,327.0,345.0,324.0,319.0,317.0,337.0,327.0,334.0,317.0,328.0,337.0,330.0,338.0,307.0,303.0,272.0,250.0,244.0,234.0,231.0,226.0,208.0,191.0,335.0,184.0,153.0,129.0,122.0,103.0,90.0,75.0,64.0,53.0,37.0,323.0,31.0,24.0,21.0,16.0,14.0,9.0,5.0,3.0,2.0,8.0,511.0,471.0,319.0,316.0,309.0,305.0,301.0,292.0,288.0,285.0,280.0,333.0,429.0,526.0,760.0,941.0,1019.0,1050.0,1056.0,1047.0,996.0,938.0,898.0,398.0,868.0,845.0,827.0,781.0,741.0,688.0,648.0,623.0,590.0,572.0,376.0,558.0,552.0,545.0,532.0,517.0,513.0,501.0,499.0,488.0,486.0,358.0,459.0,456.0,441.0,439.0,414.0,398.0,380.0,373.0,364.0,344.0,342.0,343.0,329.0,341.0,334.0,339.0,332.0,318.0,326.0,334.0,335.0,333.0,305.0,288.0,280.0,261.0,246.0,245.0,260.0,247.0,232.0,200.0,325.0,180.0,166.0,163.0,139.0,123.0,114.0,96.0,93.0,77.0,71.0,322.0,60.0,47.0,38.0,31.0,26.0,20.0,17.0,12.0,8.0,14.0
Amager Øst,2045,536.0,479.0,320.0,317.0,313.0,308.0,308.0,306.0,301.0,304.0,306.0,330.0,431.0,408.0,598.0,778.0,858.0,895.0,928.0,945.0,980.0,933.0,907.0,399.0,870.0,845.0,807.0,791.0,753.0,723.0,678.0,661.0,610.0,571.0,375.0,546.0,525.0,501.0,488.0,478.0,473.0,467.0,459.0,465.0,468.0,359.0,452.0,438.0,435.0,423.0,413.0,396.0,382.0,367.0,350.0,325.0,344.0,324.0,318.0,314.0,313.0,328.0,320.0,330.0,312.0,319.0,328.0,338.0,322.0,299.0,296.0,264.0,240.0,238.0,227.0,224.0,220.0,200.0,334.0,180.0,171.0,145.0,119.0,110.0,94.0,80.0,67.0,56.0,42.0,322.0,29.0,26.0,19.0,17.0,14.0,8.0,5.0,4.0,2.0,9.0,508.0,468.0,319.0,316.0,311.0,307.0,306.0,298.0,293.0,291.0,293.0,344.0,427.0,525.0,707.0,941.0,1023.0,1043.0,1054.0,1041.0,1022.0,956.0,902.0,396.0,856.0,826.0,799.0,784.0,732.0,697.0,649.0,626.0,595.0,571.0,375.0,554.0,541.0,538.0,530.0,524.0,506.0,501.0,495.0,490.0,483.0,357.0,481.0,457.0,451.0,439.0,436.0,413.0,395.0,374.0,367.0,357.0,341.0,339.0,336.0,325.0,335.0,331.0,332.0,327.0,312.0,324.0,328.0,332.0,330.0,299.0,281.0,275.0,257.0,240.0,238.0,253.0,241.0,223.0,324.0,191.0,174.0,157.0,152.0,129.0,114.0,105.0,89.0,84.0,66.0,321.0,63.0,50.0,40.0,31.0,24.0,21.0,15.0,14.0,7.0,15.0
Amager Øst,2046,531.0,475.0,319.0,317.0,313.0,310.0,311.0,310.0,307.0,309.0,312.0,342.0,428.0,418.0,589.0,723.0,855.0,895.0,917.0,946.0,963.0,968.0,914.0,397.0,880.0,821.0,800.0,756.0,753.0,708.0,688.0,658.0,621.0,574.0,372.0,546.0,526.0,497.0,481.0,478.0,473.0,460.0,457.0,461.0,461.0,358.0,459.0,447.0,437.0,432.0,420.0,410.0,389.0,378.0,361.0,345.0,343.0,322.0,318.0,313.0,309.0,306.0,321.0,316.0,325.0,304.0,310.0,338.0,320.0,312.0,293.0,288.0,254.0,234.0,230.0,220.0,218.0,212.0,333.0,189.0,168.0,162.0,134.0,108.0,101.0,84.0,71.0,59.0,45.0,321.0,34.0,25.0,20.0,15.0,16.0,8.0,5.0,4.0,2.0,10.0,505.0,465.0,318.0,316.0,311.0,309.0,308.0,302.0,298.0,296.0,299.0,361.0,424.0,528.0,697.0,876.0,1026.0,1048.0,1046.0,1037.0,1016.0,980.0,918.0,394.0,857.0,814.0,780.0,756.0,733.0,687.0,656.0,626.0,597.0,575.0,373.0,552.0,537.0,527.0,523.0,521.0,513.0,494.0,495.0,485.0,484.0,355.0,479.0,478.0,453.0,449.0,436.0,434.0,409.0,389.0,369.0,360.0,340.0,351.0,332.0,332.0,319.0,331.0,324.0,327.0,321.0,310.0,319.0,332.0,323.0,324.0,292.0,276.0,271.0,251.0,233.0,232.0,246.0,231.0,323.0,213.0,185.0,165.0,147.0,141.0,119.0,104.0,96.0,80.0,72.0,320.0,59.0,53.0,42.0,33.0,24.0,20.0,16.0,12.0,9.0,16.0
Amager Øst,2047,529.0,472.0,318.0,316.0,312.0,310.0,312.0,313.0,311.0,314.0,317.0,349.0,425.0,432.0,584.0,710.0,800.0,897.0,917.0,936.0,964.0,951.0,949.0,394.0,888.0,830.0,777.0,749.0,720.0,708.0,673.0,668.0,619.0,584.0,370.0,548.0,526.0,498.0,476.0,471.0,473.0,459.0,450.0,458.0,456.0,356.0,452.0,454.0,445.0,434.0,429.0,417.0,402.0,385.0,373.0,356.0,342.0,342.0,316.0,312.0,309.0,302.0,299.0,317.0,312.0,316.0,296.0,336.0,303.0,311.0,306.0,284.0,276.0,247.0,226.0,223.0,214.0,210.0,332.0,200.0,177.0,159.0,150.0,121.0,99.0,90.0,75.0,62.0,47.0,320.0,36.0,28.0,19.0,17.0,15.0,10.0,5.0,3.0,2.0,11.0,502.0,461.0,317.0,315.0,310.0,309.0,310.0,305.0,303.0,301.0,304.0,367.0,421.0,546.0,693.0,864.0,961.0,1054.0,1051.0,1031.0,1011.0,974.0,942.0,391.0,872.0,816.0,769.0,738.0,707.0,689.0,646.0,633.0,597.0,577.0,371.0,556.0,536.0,524.0,513.0,514.0,510.0,500.0,488.0,485.0,480.0,353.0,480.0,477.0,473.0,450.0,445.0,434.0,429.0,402.0,383.0,361.0,339.0,354.0,344.0,328.0,325.0,315.0,324.0,319.0,320.0,319.0,304.0,331.0,315.0,317.0,316.0,286.0,272.0,264.0,244.0,227.0,226.0,236.0,322.0,220.0,205.0,176.0,155.0,137.0,130.0,109.0,96.0,87.0,69.0,319.0,64.0,49.0,44.0,35.0,26.0,20.0,15.0,13.0,7.0,17.0
Amager Øst,2048,527.0,470.0,317.0,315.0,312.0,309.0,312.0,314.0,314.0,319.0,322.0,354.0,422.0,437.0,592.0,705.0,789.0,843.0,923.0,936.0,955.0,953.0,933.0,391.0,921.0,838.0,786.0,728.0,713.0,676.0,673.0,653.0,628.0,581.0,367.0,558.0,528.0,498.0,478.0,466.0,465.0,459.0,449.0,451.0,454.0,354.0,448.0,446.0,452.0,441.0,431.0,426.0,410.0,399.0,380.0,367.0,340.0,353.0,336.0,311.0,308.0,301.0,295.0,296.0,312.0,304.0,307.0,335.0,289.0,295.0,304.0,297.0,273.0,269.0,239.0,219.0,217.0,207.0,331.0,199.0,187.0,168.0,148.0,135.0,111.0,89.0,80.0,66.0,50.0,320.0,38.0,30.0,22.0,16.0,16.0,9.0,6.0,4.0,2.0,11.0,500.0,459.0,316.0,314.0,310.0,309.0,310.0,306.0,305.0,306.0,309.0,372.0,418.0,546.0,717.0,858.0,949.0,991.0,1060.0,1035.0,1005.0,970.0,937.0,388.0,894.0,829.0,770.0,727.0,691.0,664.0,648.0,624.0,603.0,577.0,368.0,558.0,539.0,522.0,509.0,504.0,503.0,498.0,494.0,478.0,479.0,351.0,475.0,477.0,472.0,470.0,447.0,443.0,430.0,422.0,396.0,375.0,337.0,356.0,347.0,340.0,322.0,321.0,309.0,319.0,313.0,319.0,313.0,329.0,301.0,309.0,310.0,309.0,283.0,266.0,257.0,237.0,221.0,217.0,321.0,226.0,213.0,195.0,165.0,144.0,126.0,119.0,101.0,87.0,75.0,318.0,61.0,53.0,41.0,37.0,27.0,21.0,15.0,13.0,8.0,17.0
Amager Øst,2049,525.0,467.0,316.0,314.0,310.0,309.0,312.0,314.0,315.0,321.0,326.0,359.0,419.0,440.0,585.0,720.0,786.0,833.0,870.0,944.0,953.0,944.0,934.0,388.0,906.0,868.0,792.0,735.0,693.0,670.0,643.0,652.0,614.0,590.0,364.0,555.0,537.0,500.0,477.0,468.0,461.0,452.0,449.0,450.0,447.0,351.0,445.0,442.0,445.0,448.0,438.0,429.0,418.0,406.0,393.0,375.0,338.0,364.0,346.0,331.0,307.0,300.0,295.0,292.0,292.0,304.0,295.0,333.0,300.0,281.0,289.0,296.0,285.0,266.0,260.0,232.0,214.0,209.0,329.0,195.0,185.0,177.0,156.0,134.0,124.0,100.0,79.0,71.0,53.0,318.0,40.0,32.0,23.0,18.0,17.0,10.0,6.0,4.0,2.0,12.0,498.0,457.0,315.0,313.0,309.0,308.0,310.0,307.0,306.0,308.0,313.0,377.0,415.0,542.0,715.0,893.0,944.0,979.0,996.0,1044.0,1007.0,964.0,932.0,385.0,890.0,850.0,782.0,728.0,680.0,649.0,624.0,625.0,594.0,583.0,365.0,558.0,541.0,526.0,508.0,501.0,493.0,491.0,491.0,483.0,472.0,348.0,474.0,472.0,472.0,469.0,466.0,445.0,439.0,423.0,416.0,388.0,335.0,368.0,349.0,343.0,333.0,319.0,314.0,304.0,313.0,311.0,313.0,327.0,309.0,295.0,301.0,303.0,304.0,276.0,259.0,250.0,231.0,212.0,320.0,208.0,218.0,202.0,182.0,153.0,133.0,116.0,110.0,91.0,75.0,317.0,67.0,51.0,45.0,34.0,29.0,22.0,17.0,12.0,7.0,18.0
Amager Øst,2050,520.0,464.0,315.0,312.0,309.0,307.0,310.0,313.0,315.0,322.0,328.0,363.0,416.0,441.0,574.0,713.0,805.0,828.0,857.0,888.0,960.0,939.0,923.0,385.0,904.0,852.0,819.0,739.0,698.0,649.0,635.0,622.0,612.0,575.0,361.0,561.0,533.0,507.0,478.0,467.0,462.0,447.0,441.0,450.0,445.0,347.0,438.0,439.0,439.0,441.0,445.0,434.0,420.0,414.0,400.0,387.0,334.0,371.0,357.0,340.0,326.0,300.0,294.0,291.0,288.0,285.0,295.0,330.0,288.0,291.0,275.0,281.0,284.0,277.0,257.0,252.0,226.0,206.0,327.0,198.0,182.0,176.0,165.0,141.0,123.0,111.0,89.0,70.0,57.0,316.0,43.0,34.0,24.0,19.0,19.0,10.0,6.0,4.0,2.0,12.0,494.0,453.0,314.0,312.0,308.0,307.0,308.0,306.0,306.0,309.0,315.0,381.0,412.0,537.0,708.0,892.0,981.0,972.0,982.0,980.0,1014.0,963.0,924.0,381.0,882.0,843.0,800.0,737.0,679.0,637.0,608.0,601.0,594.0,573.0,361.0,563.0,539.0,526.0,510.0,499.0,489.0,480.0,484.0,481.0,477.0,345.0,467.0,470.0,466.0,468.0,465.0,463.0,440.0,431.0,416.0,407.0,331.0,382.0,361.0,344.0,336.0,329.0,311.0,309.0,298.0,311.0,305.0,324.0,309.0,303.0,288.0,295.0,299.0,297.0,268.0,252.0,243.0,222.0,317.0,203.0,201.0,207.0,189.0,170.0,142.0,122.0,108.0,100.0,78.0,315.0,67.0,56.0,44.0,38.0,27.0,24.0,17.0,13.0,7.0,18.0
Amager Øst,2051,516.0,459.0,312.0,310.0,308.0,306.0,309.0,312.0,314.0,322.0,329.0,364.0,412.0,441.0,563.0,702.0,801.0,851.0,852.0,874.0,902.0,946.0,917.0,381.0,894.0,850.0,804.0,763.0,701.0,653.0,615.0,614.0,583.0,573.0,357.0,547.0,539.0,503.0,485.0,467.0,460.0,447.0,436.0,442.0,445.0,343.0,435.0,431.0,436.0,435.0,437.0,441.0,426.0,416.0,407.0,394.0,331.0,383.0,364.0,351.0,335.0,318.0,293.0,290.0,287.0,280.0,277.0,326.0,288.0,280.0,285.0,268.0,270.0,277.0,268.0,249.0,245.0,218.0,324.0,195.0,184.0,173.0,164.0,150.0,130.0,111.0,99.0,78.0,57.0,314.0,46.0,36.0,26.0,20.0,19.0,11.0,6.0,4.0,2.0,13.0,490.0,449.0,311.0,310.0,306.0,305.0,307.0,304.0,305.0,308.0,316.0,382.0,409.0,528.0,701.0,885.0,981.0,1010.0,974.0,965.0,951.0,970.0,923.0,378.0,874.0,835.0,793.0,753.0,687.0,636.0,597.0,585.0,571.0,573.0,358.0,552.0,544.0,524.0,511.0,501.0,487.0,476.0,473.0,473.0,474.0,341.0,471.0,463.0,464.0,462.0,464.0,463.0,457.0,433.0,424.0,407.0,328.0,399.0,374.0,356.0,337.0,332.0,321.0,307.0,302.0,296.0,305.0,321.0,301.0,302.0,295.0,282.0,291.0,292.0,288.0,261.0,246.0,233.0,314.0,212.0,196.0,191.0,194.0,176.0,157.0,130.0,113.0,97.0,86.0,312.0,70.0,56.0,47.0,36.0,29.0,22.0,18.0,14.0,8.0,18.0
Amager Øst,2052,513.0,456.0,310.0,308.0,306.0,304.0,308.0,311.0,313.0,321.0,329.0,365.0,409.0,439.0,550.0,694.0,796.0,851.0,879.0,870.0,889.0,891.0,926.0,379.0,889.0,842.0,802.0,750.0,724.0,657.0,619.0,595.0,576.0,546.0,355.0,546.0,526.0,509.0,482.0,474.0,461.0,446.0,437.0,437.0,436.0,341.0,435.0,429.0,429.0,432.0,432.0,434.0,433.0,421.0,411.0,401.0,327.0,390.0,375.0,358.0,345.0,327.0,311.0,290.0,286.0,280.0,272.0,323.0,271.0,280.0,275.0,277.0,257.0,264.0,268.0,260.0,243.0,237.0,320.0,206.0,182.0,175.0,161.0,149.0,138.0,117.0,99.0,88.0,63.0,311.0,46.0,38.0,27.0,22.0,21.0,12.0,7.0,4.0,2.0,14.0,488.0,446.0,309.0,308.0,304.0,304.0,306.0,303.0,304.0,308.0,316.0,382.0,405.0,517.0,691.0,881.0,979.0,1014.0,1014.0,957.0,937.0,911.0,931.0,376.0,874.0,829.0,787.0,747.0,702.0,643.0,596.0,574.0,556.0,551.0,355.0,552.0,534.0,529.0,509.0,502.0,489.0,474.0,470.0,463.0,467.0,338.0,469.0,468.0,457.0,460.0,458.0,461.0,458.0,449.0,426.0,415.0,325.0,400.0,391.0,369.0,349.0,334.0,325.0,317.0,300.0,301.0,291.0,318.0,301.0,295.0,295.0,289.0,278.0,284.0,284.0,280.0,255.0,236.0,311.0,224.0,205.0,187.0,180.0,181.0,163.0,144.0,121.0,103.0,84.0,310.0,77.0,59.0,48.0,39.0,29.0,25.0,18.0,15.0,8.0,18.0
Amager Øst,2053,510.0,454.0,307.0,306.0,304.0,303.0,306.0,309.0,312.0,320.0,328.0,365.0,407.0,435.0,537.0,683.0,792.0,848.0,881.0,898.0,885.0,879.0,872.0,376.0,898.0,837.0,795.0,748.0,712.0,678.0,622.0,599.0,558.0,540.0,352.0,520.0,525.0,496.0,487.0,471.0,468.0,447.0,436.0,438.0,432.0,338.0,427.0,429.0,427.0,425.0,429.0,429.0,426.0,429.0,415.0,405.0,325.0,397.0,383.0,369.0,353.0,337.0,320.0,307.0,286.0,279.0,272.0,320.0,266.0,263.0,275.0,268.0,266.0,251.0,256.0,260.0,253.0,235.0,317.0,224.0,193.0,173.0,163.0,146.0,138.0,125.0,105.0,88.0,71.0,308.0,51.0,39.0,29.0,23.0,22.0,12.0,7.0,5.0,2.0,14.0,485.0,444.0,306.0,305.0,302.0,302.0,304.0,302.0,303.0,306.0,315.0,381.0,403.0,504.0,679.0,875.0,978.0,1014.0,1019.0,997.0,928.0,897.0,875.0,373.0,882.0,828.0,781.0,742.0,697.0,658.0,604.0,574.0,547.0,537.0,353.0,531.0,534.0,519.0,513.0,500.0,490.0,477.0,468.0,459.0,457.0,336.0,461.0,465.0,461.0,453.0,456.0,455.0,456.0,450.0,441.0,417.0,322.0,408.0,392.0,386.0,362.0,345.0,326.0,320.0,310.0,299.0,295.0,315.0,287.0,295.0,288.0,289.0,285.0,272.0,277.0,276.0,273.0,245.0,308.0,227.0,216.0,195.0,176.0,167.0,167.0,150.0,134.0,109.0,89.0,307.0,75.0,64.0,50.0,40.0,31.0,24.0,19.0,14.0,9.0,19.0
Amager Øst,2054,507.0,451.0,304.0,304.0,302.0,301.0,305.0,308.0,311.0,319.0,327.0,364.0,404.0,431.0,524.0,672.0,785.0,847.0,880.0,901.0,913.0,874.0,860.0,374.0,848.0,847.0,791.0,742.0,711.0,667.0,643.0,602.0,562.0,524.0,350.0,514.0,500.0,495.0,475.0,477.0,465.0,454.0,437.0,437.0,433.0,336.0,423.0,421.0,427.0,423.0,421.0,426.0,420.0,422.0,423.0,409.0,323.0,401.0,390.0,377.0,364.0,344.0,330.0,316.0,303.0,279.0,271.0,318.0,266.0,259.0,258.0,268.0,258.0,260.0,244.0,248.0,253.0,245.0,314.0,222.0,210.0,183.0,161.0,148.0,136.0,124.0,112.0,93.0,71.0,305.0,57.0,43.0,30.0,25.0,23.0,13.0,8.0,5.0,3.0,15.0,481.0,441.0,303.0,303.0,300.0,300.0,303.0,300.0,302.0,305.0,314.0,380.0,401.0,492.0,666.0,866.0,975.0,1016.0,1020.0,1002.0,965.0,889.0,863.0,370.0,830.0,836.0,781.0,736.0,692.0,654.0,617.0,581.0,546.0,528.0,350.0,518.0,513.0,519.0,504.0,505.0,488.0,477.0,470.0,458.0,453.0,334.0,451.0,458.0,459.0,457.0,449.0,453.0,449.0,448.0,443.0,432.0,320.0,410.0,399.0,387.0,378.0,358.0,337.0,322.0,313.0,308.0,293.0,312.0,291.0,281.0,287.0,283.0,286.0,279.0,265.0,269.0,269.0,262.0,305.0,235.0,219.0,205.0,183.0,164.0,155.0,154.0,139.0,121.0,95.0,304.0,80.0,63.0,55.0,42.0,31.0,26.0,19.0,15.0,8.0,20.0
Amager Øst,2055,504.0,448.0,301.0,301.0,299.0,298.0,303.0,306.0,309.0,318.0,326.0,363.0,402.0,426.0,511.0,660.0,778.0,844.0,882.0,901.0,916.0,903.0,855.0,372.0,836.0,800.0,801.0,738.0,705.0,666.0,632.0,622.0,565.0,528.0,348.0,498.0,494.0,471.0,474.0,464.0,470.0,451.0,444.0,437.0,432.0,334.0,423.0,416.0,419.0,423.0,419.0,418.0,417.0,416.0,416.0,417.0,321.0,405.0,394.0,384.0,371.0,355.0,337.0,326.0,312.0,295.0,272.0,315.0,265.0,259.0,254.0,252.0,258.0,252.0,252.0,237.0,242.0,245.0,312.0,232.0,208.0,199.0,171.0,146.0,137.0,122.0,111.0,99.0,76.0,302.0,58.0,48.0,33.0,25.0,25.0,14.0,8.0,5.0,3.0,16.0,479.0,438.0,300.0,300.0,298.0,298.0,300.0,299.0,300.0,304.0,313.0,378.0,398.0,478.0,653.0,855.0,969.0,1016.0,1023.0,1003.0,970.0,925.0,855.0,368.0,818.0,788.0,789.0,736.0,687.0,649.0,613.0,594.0,553.0,528.0,348.0,509.0,500.0,499.0,504.0,495.0,493.0,476.0,471.0,460.0,452.0,331.0,448.0,448.0,452.0,455.0,453.0,446.0,447.0,442.0,441.0,434.0,318.0,424.0,402.0,394.0,379.0,374.0,350.0,332.0,315.0,311.0,303.0,310.0,289.0,285.0,274.0,282.0,279.0,279.0,271.0,258.0,263.0,259.0,303.0,251.0,227.0,209.0,193.0,171.0,151.0,143.0,143.0,126.0,105.0,301.0,85.0,67.0,54.0,46.0,33.0,26.0,20.0,15.0,9.0,20.0
Amager Øst,2056,501.0,445.0,298.0,298.0,296.0,296.0,300.0,304.0,307.0,316.0,324.0,361.0,399.0,420.0,498.0,648.0,770.0,840.0,880.0,903.0,917.0,906.0,883.0,370.0,831.0,789.0,757.0,747.0,701.0,661.0,632.0,612.0,584.0,531.0,346.0,502.0,479.0,466.0,451.0,463.0,458.0,456.0,440.0,444.0,432.0,332.0,423.0,417.0,414.0,415.0,420.0,416.0,410.0,414.0,410.0,411.0,319.0,413.0,398.0,388.0,378.0,363.0,348.0,333.0,321.0,304.0,287.0,314.0,266.0,258.0,254.0,248.0,243.0,252.0,244.0,245.0,231.0,235.0,310.0,232.0,217.0,198.0,186.0,155.0,136.0,124.0,110.0,99.0,81.0,300.0,61.0,49.0,37.0,28.0,26.0,15.0,9.0,6.0,3.0,16.0,476.0,435.0,298.0,297.0,295.0,296.0,298.0,297.0,299.0,302.0,312.0,376.0,395.0,466.0,640.0,845.0,963.0,1013.0,1024.0,1007.0,971.0,929.0,889.0,366.0,810.0,777.0,744.0,744.0,687.0,644.0,609.0,591.0,566.0,535.0,346.0,509.0,491.0,487.0,485.0,495.0,483.0,480.0,469.0,461.0,454.0,330.0,447.0,445.0,442.0,448.0,451.0,450.0,440.0,440.0,434.0,432.0,316.0,426.0,416.0,397.0,386.0,375.0,365.0,345.0,325.0,313.0,306.0,308.0,299.0,284.0,278.0,269.0,279.0,273.0,271.0,264.0,252.0,253.0,301.0,248.0,243.0,217.0,197.0,180.0,158.0,140.0,133.0,130.0,109.0,299.0,94.0,72.0,57.0,45.0,36.0,28.0,21.0,17.0,9.0,21.0
Amager Øst,2057,500.0,443.0,296.0,295.0,293.0,293.0,298.0,302.0,306.0,315.0,323.0,360.0,397.0,414.0,486.0,637.0,762.0,835.0,878.0,903.0,919.0,907.0,887.0,367.0,859.0,785.0,747.0,707.0,710.0,658.0,627.0,611.0,575.0,548.0,344.0,505.0,482.0,452.0,446.0,441.0,457.0,444.0,446.0,441.0,439.0,330.0,423.0,416.0,415.0,411.0,411.0,417.0,408.0,406.0,408.0,405.0,317.0,407.0,405.0,392.0,382.0,369.0,355.0,344.0,329.0,313.0,296.0,312.0,281.0,259.0,253.0,248.0,239.0,238.0,244.0,238.0,238.0,224.0,308.0,223.0,218.0,206.0,185.0,169.0,144.0,123.0,111.0,98.0,81.0,298.0,65.0,53.0,38.0,31.0,29.0,15.0,10.0,6.0,3.0,17.0,475.0,433.0,295.0,294.0,292.0,293.0,296.0,294.0,297.0,301.0,310.0,374.0,393.0,453.0,627.0,834.0,955.0,1009.0,1023.0,1008.0,974.0,931.0,894.0,364.0,842.0,770.0,734.0,702.0,695.0,645.0,605.0,587.0,563.0,547.0,344.0,515.0,492.0,478.0,472.0,476.0,484.0,471.0,473.0,459.0,455.0,328.0,449.0,444.0,439.0,438.0,444.0,448.0,445.0,433.0,433.0,425.0,314.0,424.0,418.0,410.0,389.0,382.0,367.0,360.0,338.0,324.0,308.0,306.0,302.0,293.0,277.0,273.0,266.0,272.0,266.0,265.0,258.0,242.0,299.0,243.0,240.0,231.0,204.0,184.0,167.0,146.0,130.0,120.0,112.0,297.0,98.0,79.0,61.0,48.0,36.0,30.0,22.0,17.0,10.0,21.0
Amager Øst,2058,499.0,442.0,295.0,293.0,291.0,290.0,295.0,300.0,303.0,313.0,321.0,358.0,396.0,408.0,474.0,626.0,754.0,829.0,875.0,902.0,920.0,911.0,888.0,366.0,863.0,811.0,744.0,698.0,673.0,667.0,624.0,607.0,575.0,541.0,342.0,522.0,485.0,456.0,432.0,436.0,434.0,444.0,434.0,447.0,436.0,329.0,430.0,417.0,415.0,412.0,407.0,409.0,409.0,404.0,401.0,403.0,316.0,401.0,400.0,399.0,386.0,374.0,361.0,351.0,339.0,321.0,305.0,310.0,290.0,274.0,254.0,247.0,239.0,234.0,231.0,238.0,232.0,231.0,306.0,212.0,209.0,207.0,193.0,169.0,157.0,131.0,110.0,99.0,79.0,296.0,66.0,56.0,41.0,32.0,31.0,18.0,10.0,7.0,3.0,18.0,474.0,432.0,294.0,292.0,289.0,290.0,293.0,292.0,294.0,299.0,309.0,371.0,392.0,442.0,614.0,823.0,947.0,1004.0,1020.0,1007.0,975.0,934.0,896.0,362.0,847.0,801.0,728.0,693.0,656.0,652.0,606.0,584.0,560.0,545.0,342.0,528.0,498.0,478.0,464.0,464.0,465.0,471.0,465.0,464.0,454.0,326.0,450.0,446.0,438.0,436.0,434.0,441.0,443.0,437.0,426.0,424.0,313.0,418.0,416.0,413.0,402.0,385.0,373.0,362.0,352.0,336.0,318.0,305.0,304.0,296.0,286.0,272.0,270.0,260.0,265.0,259.0,258.0,248.0,298.0,232.0,235.0,229.0,218.0,191.0,171.0,154.0,135.0,118.0,104.0,295.0,101.0,83.0,68.0,51.0,38.0,30.0,24.0,18.0,9.0,22.0
Amager Øst,2059,499.0,442.0,293.0,291.0,289.0,288.0,292.0,297.0,301.0,310.0,319.0,356.0,395.0,403.0,464.0,615.0,746.0,823.0,872.0,900.0,919.0,912.0,892.0,364.0,865.0,816.0,769.0,695.0,665.0,632.0,633.0,604.0,571.0,541.0,341.0,515.0,502.0,459.0,436.0,422.0,430.0,421.0,433.0,434.0,442.0,327.0,427.0,424.0,415.0,411.0,409.0,405.0,401.0,405.0,399.0,396.0,315.0,399.0,394.0,394.0,394.0,377.0,366.0,357.0,347.0,331.0,312.0,309.0,299.0,282.0,269.0,249.0,239.0,235.0,227.0,225.0,232.0,225.0,305.0,219.0,199.0,199.0,194.0,176.0,157.0,142.0,117.0,98.0,80.0,295.0,65.0,56.0,43.0,34.0,33.0,19.0,11.0,7.0,4.0,19.0,474.0,432.0,292.0,291.0,287.0,288.0,290.0,289.0,292.0,296.0,307.0,369.0,391.0,432.0,602.0,812.0,939.0,999.0,1017.0,1005.0,974.0,936.0,900.0,361.0,849.0,805.0,757.0,687.0,648.0,617.0,613.0,584.0,556.0,541.0,341.0,525.0,510.0,485.0,464.0,456.0,453.0,453.0,465.0,455.0,458.0,325.0,448.0,447.0,441.0,435.0,432.0,431.0,436.0,436.0,430.0,417.0,311.0,416.0,410.0,411.0,405.0,397.0,376.0,368.0,354.0,350.0,330.0,304.0,314.0,298.0,289.0,280.0,269.0,264.0,253.0,258.0,253.0,249.0,296.0,238.0,225.0,224.0,216.0,203.0,177.0,158.0,143.0,123.0,102.0,294.0,94.0,86.0,71.0,57.0,41.0,32.0,24.0,19.0,10.0,22.0
Amager Øst,2060,499.0,441.0,292.0,290.0,287.0,286.0,290.0,294.0,298.0,308.0,317.0,353.0,394.0,397.0,454.0,605.0,737.0,817.0,867.0,896.0,917.0,912.0,893.0,364.0,869.0,818.0,773.0,718.0,662.0,625.0,600.0,613.0,569.0,537.0,339.0,515.0,495.0,474.0,439.0,426.0,416.0,417.0,412.0,434.0,430.0,326.0,432.0,421.0,422.0,412.0,408.0,406.0,397.0,397.0,400.0,394.0,313.0,392.0,392.0,388.0,389.0,385.0,370.0,362.0,353.0,338.0,322.0,308.0,306.0,291.0,277.0,263.0,240.0,234.0,228.0,221.0,219.0,225.0,304.0,214.0,206.0,190.0,187.0,177.0,164.0,142.0,128.0,105.0,80.0,293.0,65.0,56.0,43.0,37.0,36.0,20.0,12.0,8.0,4.0,21.0,474.0,432.0,291.0,289.0,286.0,286.0,288.0,287.0,289.0,294.0,304.0,366.0,390.0,422.0,591.0,801.0,930.0,992.0,1012.0,1002.0,972.0,936.0,902.0,360.0,853.0,807.0,761.0,714.0,643.0,609.0,580.0,591.0,557.0,539.0,339.0,522.0,508.0,497.0,471.0,456.0,445.0,441.0,447.0,455.0,449.0,323.0,453.0,445.0,442.0,437.0,431.0,430.0,426.0,428.0,429.0,421.0,310.0,410.0,408.0,405.0,403.0,400.0,389.0,371.0,360.0,352.0,344.0,302.0,326.0,308.0,291.0,284.0,278.0,263.0,257.0,247.0,253.0,244.0,295.0,239.0,231.0,214.0,212.0,202.0,188.0,163.0,147.0,130.0,107.0,293.0,92.0,80.0,73.0,59.0,45.0,34.0,26.0,20.0,11.0,23.0
Bispebjerg,2026,402.0,366.0,219.0,208.0,193.0,194.0,189.0,178.0,195.0,198.0,180.0,211.0,267.0,206.0,268.0,435.0,578.0,600.0,687.0,793.0,808.0,875.0,875.0,270.0,870.0,826.0,763.0,795.0,674.0,602.0,582.0,531.0,477.0,475.0,257.0,431.0,352.0,359.0,337.0,331.0,328.0,333.0,277.0,286.0,281.0,243.0,308.0,320.0,285.0,288.0,244.0,269.0,268.0,279.0,270.0,297.0,238.0,316.0,266.0,245.0,231.0,236.0,228.0,221.0,214.0,187.0,158.0,217.0,159.0,126.0,148.0,142.0,134.0,121.0,98.0,108.0,136.0,98.0,223.0,94.0,66.0,66.0,63.0,42.0,45.0,39.0,23.0,17.0,21.0,200.0,8.0,13.0,6.0,5.0,2.0,0.0,3.0,3.0,2.0,3.0,395.0,302.0,183.0,190.0,171.0,194.0,188.0,183.0,158.0,170.0,200.0,192.0,295.0,262.0,390.0,534.0,676.0,827.0,885.0,918.0,964.0,1081.0,1006.0,239.0,948.0,931.0,749.0,726.0,688.0,613.0,520.0,538.0,476.0,406.0,274.0,392.0,346.0,330.0,326.0,286.0,263.0,272.0,247.0,253.0,254.0,215.0,250.0,250.0,247.0,255.0,225.0,242.0,222.0,219.0,239.0,247.0,221.0,239.0,226.0,231.0,187.0,198.0,219.0,166.0,197.0,149.0,155.0,219.0,152.0,164.0,144.0,137.0,125.0,137.0,123.0,154.0,143.0,101.0,196.0,133.0,102.0,91.0,73.0,64.0,71.0,50.0,52.0,52.0,20.0,232.0,23.0,25.0,18.0,25.0,16.0,8.0,11.0,9.0,5.0,11.0
Bispebjerg,2027,429.0,355.0,203.0,212.0,200.0,194.0,192.0,188.0,179.0,195.0,209.0,193.0,320.0,247.0,292.0,391.0,541.0,623.0,672.0,734.0,824.0,829.0,874.0,240.0,846.0,824.0,790.0,725.0,730.0,633.0,573.0,554.0,506.0,455.0,252.0,447.0,410.0,335.0,348.0,324.0,325.0,320.0,329.0,275.0,284.0,234.0,278.0,300.0,320.0,280.0,286.0,247.0,270.0,263.0,272.0,269.0,230.0,291.0,312.0,265.0,243.0,227.0,231.0,222.0,212.0,205.0,179.0,229.0,151.0,156.0,121.0,142.0,137.0,129.0,117.0,93.0,103.0,125.0,209.0,92.0,85.0,61.0,60.0,56.0,37.0,40.0,33.0,20.0,13.0,222.0,17.0,7.0,10.0,4.0,3.0,1.0,1.0,3.0,3.0,4.0,404.0,340.0,226.0,180.0,187.0,168.0,192.0,190.0,183.0,165.0,181.0,222.0,263.0,263.0,389.0,558.0,656.0,757.0,885.0,934.0,933.0,979.0,1035.0,264.0,955.0,907.0,856.0,693.0,682.0,629.0,581.0,494.0,506.0,449.0,223.0,390.0,376.0,339.0,325.0,315.0,279.0,261.0,263.0,249.0,248.0,254.0,259.0,245.0,252.0,245.0,257.0,226.0,242.0,221.0,222.0,241.0,207.0,247.0,238.0,223.0,226.0,186.0,196.0,210.0,164.0,193.0,149.0,215.0,151.0,147.0,159.0,141.0,134.0,122.0,133.0,119.0,145.0,137.0,214.0,97.0,124.0,97.0,84.0,70.0,60.0,64.0,42.0,45.0,47.0,195.0,18.0,20.0,22.0,13.0,22.0,12.0,6.0,9.0,7.0,11.0
Bispebjerg,2028,433.0,377.0,220.0,196.0,202.0,197.0,189.0,189.0,185.0,177.0,200.0,210.0,309.0,230.0,318.0,390.0,487.0,581.0,672.0,712.0,774.0,826.0,834.0,283.0,837.0,797.0,783.0,744.0,672.0,676.0,594.0,545.0,524.0,477.0,224.0,427.0,423.0,382.0,323.0,329.0,317.0,315.0,313.0,320.0,273.0,229.0,277.0,269.0,299.0,311.0,277.0,287.0,248.0,263.0,255.0,269.0,221.0,263.0,288.0,308.0,260.0,239.0,221.0,225.0,213.0,202.0,195.0,220.0,171.0,148.0,148.0,116.0,136.0,131.0,124.0,110.0,88.0,94.0,218.0,116.0,82.0,78.0,56.0,54.0,49.0,33.0,33.0,28.0,15.0,206.0,10.0,14.0,5.0,7.0,3.0,2.0,2.0,1.0,3.0,5.0,409.0,347.0,190.0,219.0,176.0,182.0,165.0,189.0,187.0,185.0,174.0,203.0,293.0,284.0,384.0,531.0,646.0,722.0,817.0,918.0,940.0,944.0,949.0,237.0,968.0,901.0,831.0,778.0,653.0,621.0,589.0,542.0,466.0,474.0,242.0,424.0,371.0,362.0,329.0,311.0,302.0,271.0,251.0,261.0,242.0,207.0,249.0,252.0,245.0,246.0,244.0,255.0,226.0,239.0,221.0,221.0,239.0,239.0,243.0,233.0,218.0,221.0,183.0,188.0,204.0,161.0,190.0,200.0,143.0,145.0,141.0,154.0,135.0,130.0,118.0,128.0,112.0,138.0,208.0,131.0,91.0,117.0,90.0,80.0,65.0,54.0,53.0,36.0,40.0,209.0,40.0,15.0,18.0,16.0,12.0,17.0,9.0,5.0,6.0,12.0
Bispebjerg,2029,436.0,382.0,205.0,212.0,188.0,200.0,194.0,187.0,187.0,183.0,187.0,206.0,328.0,244.0,305.0,405.0,479.0,539.0,634.0,708.0,756.0,787.0,829.0,276.0,804.0,791.0,759.0,741.0,688.0,631.0,630.0,564.0,519.0,495.0,262.0,448.0,408.0,394.0,366.0,308.0,321.0,309.0,306.0,306.0,315.0,205.0,268.0,267.0,270.0,292.0,305.0,278.0,286.0,244.0,257.0,253.0,216.0,263.0,262.0,286.0,302.0,255.0,234.0,216.0,216.0,203.0,193.0,213.0,187.0,167.0,141.0,142.0,112.0,130.0,126.0,117.0,104.0,81.0,209.0,89.0,104.0,77.0,71.0,51.0,47.0,44.0,28.0,28.0,21.0,215.0,12.0,9.0,10.0,4.0,4.0,2.0,3.0,2.0,1.0,5.0,412.0,352.0,203.0,186.0,214.0,172.0,178.0,165.0,187.0,188.0,191.0,197.0,300.0,269.0,396.0,524.0,620.0,707.0,783.0,862.0,924.0,953.0,920.0,262.0,901.0,911.0,826.0,760.0,729.0,599.0,584.0,550.0,508.0,441.0,220.0,448.0,403.0,359.0,350.0,315.0,299.0,294.0,261.0,251.0,253.0,224.0,244.0,243.0,252.0,240.0,246.0,244.0,255.0,224.0,238.0,220.0,198.0,220.0,237.0,239.0,228.0,214.0,217.0,175.0,183.0,199.0,159.0,229.0,182.0,138.0,140.0,137.0,148.0,132.0,125.0,114.0,121.0,108.0,195.0,132.0,122.0,87.0,108.0,85.0,74.0,58.0,45.0,44.0,32.0,204.0,34.0,33.0,14.0,13.0,14.0,9.0,12.0,7.0,3.0,13.0
Bispebjerg,2030,436.0,384.0,214.0,198.0,202.0,188.0,195.0,191.0,185.0,185.0,191.0,195.0,333.0,246.0,314.0,389.0,482.0,529.0,599.0,672.0,743.0,767.0,793.0,291.0,795.0,759.0,752.0,715.0,684.0,642.0,593.0,594.0,534.0,491.0,256.0,464.0,426.0,382.0,378.0,347.0,302.0,311.0,301.0,299.0,301.0,238.0,305.0,259.0,265.0,264.0,287.0,304.0,277.0,280.0,239.0,254.0,195.0,247.0,260.0,262.0,281.0,294.0,249.0,228.0,208.0,207.0,194.0,208.0,185.0,182.0,158.0,134.0,136.0,108.0,126.0,119.0,110.0,95.0,204.0,76.0,80.0,96.0,70.0,64.0,44.0,42.0,37.0,24.0,21.0,206.0,19.0,10.0,7.0,8.0,2.0,3.0,3.0,2.0,2.0,5.0,412.0,353.0,198.0,198.0,183.0,208.0,170.0,178.0,164.0,188.0,193.0,213.0,304.0,269.0,383.0,520.0,608.0,679.0,760.0,823.0,872.0,932.0,925.0,269.0,873.0,854.0,831.0,754.0,712.0,662.0,564.0,545.0,515.0,479.0,242.0,421.0,425.0,388.0,348.0,335.0,304.0,291.0,281.0,259.0,244.0,204.0,256.0,238.0,242.0,247.0,240.0,245.0,245.0,252.0,224.0,236.0,211.0,218.0,218.0,233.0,235.0,225.0,211.0,208.0,172.0,180.0,197.0,190.0,154.0,175.0,134.0,136.0,133.0,144.0,127.0,121.0,108.0,116.0,221.0,103.0,123.0,115.0,80.0,102.0,79.0,66.0,48.0,37.0,39.0,191.0,27.0,28.0,28.0,10.0,10.0,11.0,6.0,9.0,5.0,11.0
Bispebjerg,2031,435.0,383.0,204.0,207.0,188.0,201.0,185.0,193.0,188.0,183.0,191.0,197.0,334.0,236.0,312.0,388.0,468.0,528.0,585.0,641.0,708.0,750.0,773.0,295.0,764.0,747.0,724.0,706.0,660.0,639.0,602.0,563.0,559.0,504.0,269.0,461.0,440.0,398.0,368.0,358.0,337.0,293.0,302.0,293.0,293.0,232.0,291.0,291.0,258.0,258.0,260.0,287.0,301.0,271.0,273.0,238.0,223.0,247.0,244.0,258.0,258.0,276.0,287.0,243.0,220.0,200.0,198.0,187.0,187.0,181.0,172.0,151.0,130.0,131.0,104.0,119.0,112.0,101.0,198.0,89.0,69.0,74.0,87.0,63.0,55.0,39.0,36.0,31.0,18.0,201.0,18.0,15.0,8.0,5.0,5.0,2.0,4.0,3.0,2.0,5.0,411.0,353.0,185.0,194.0,194.0,179.0,203.0,169.0,176.0,166.0,191.0,214.0,305.0,278.0,377.0,501.0,600.0,667.0,732.0,796.0,833.0,884.0,902.0,272.0,877.0,827.0,783.0,755.0,705.0,647.0,618.0,528.0,511.0,485.0,248.0,453.0,400.0,409.0,375.0,333.0,323.0,295.0,278.0,278.0,252.0,224.0,247.0,248.0,237.0,236.0,246.0,240.0,246.0,242.0,251.0,223.0,194.0,233.0,216.0,215.0,229.0,231.0,222.0,202.0,204.0,170.0,179.0,202.0,189.0,149.0,169.0,130.0,132.0,129.0,138.0,123.0,114.0,103.0,186.0,111.0,96.0,116.0,107.0,76.0,94.0,70.0,54.0,40.0,33.0,215.0,33.0,23.0,24.0,20.0,9.0,8.0,7.0,5.0,6.0,11.0
Bispebjerg,2032,432.0,383.0,201.0,197.0,198.0,188.0,197.0,183.0,190.0,186.0,188.0,196.0,334.0,237.0,298.0,383.0,462.0,519.0,584.0,628.0,682.0,718.0,756.0,296.0,748.0,722.0,712.0,682.0,652.0,617.0,601.0,571.0,533.0,525.0,273.0,473.0,438.0,412.0,383.0,349.0,347.0,325.0,285.0,294.0,288.0,245.0,283.0,279.0,288.0,253.0,253.0,261.0,286.0,294.0,264.0,270.0,220.0,233.0,244.0,243.0,254.0,254.0,269.0,278.0,234.0,212.0,191.0,214.0,191.0,182.0,171.0,164.0,145.0,125.0,126.0,99.0,112.0,102.0,179.0,95.0,81.0,64.0,68.0,78.0,55.0,49.0,34.0,30.0,23.0,195.0,16.0,15.0,12.0,6.0,3.0,3.0,3.0,3.0,3.0,5.0,409.0,352.0,208.0,182.0,190.0,189.0,176.0,200.0,168.0,177.0,172.0,211.0,305.0,277.0,375.0,492.0,582.0,658.0,723.0,772.0,808.0,847.0,861.0,274.0,857.0,832.0,760.0,717.0,706.0,640.0,605.0,576.0,497.0,482.0,252.0,460.0,430.0,388.0,394.0,358.0,321.0,313.0,282.0,275.0,268.0,230.0,254.0,240.0,247.0,232.0,235.0,245.0,241.0,244.0,242.0,249.0,212.0,221.0,230.0,212.0,211.0,227.0,228.0,213.0,198.0,200.0,168.0,186.0,172.0,183.0,144.0,164.0,126.0,128.0,124.0,134.0,117.0,109.0,195.0,99.0,103.0,91.0,107.0,100.0,71.0,83.0,57.0,45.0,35.0,181.0,27.0,27.0,19.0,17.0,17.0,7.0,5.0,6.0,3.0,11.0
Bispebjerg,2033,428.0,381.0,194.0,194.0,188.0,197.0,184.0,195.0,181.0,187.0,190.0,193.0,334.0,233.0,295.0,364.0,458.0,514.0,581.0,627.0,671.0,698.0,728.0,297.0,732.0,709.0,692.0,671.0,633.0,611.0,581.0,572.0,540.0,505.0,274.0,492.0,449.0,411.0,396.0,364.0,341.0,335.0,315.0,279.0,288.0,248.0,278.0,270.0,276.0,279.0,249.0,254.0,261.0,280.0,286.0,262.0,231.0,264.0,232.0,243.0,240.0,250.0,249.0,262.0,267.0,226.0,203.0,210.0,185.0,186.0,173.0,164.0,158.0,140.0,122.0,119.0,94.0,103.0,203.0,96.0,85.0,75.0,59.0,61.0,68.0,49.0,42.0,29.0,23.0,177.0,21.0,13.0,12.0,9.0,3.0,2.0,4.0,2.0,3.0,6.0,405.0,351.0,177.0,203.0,179.0,186.0,186.0,176.0,198.0,169.0,181.0,194.0,306.0,269.0,369.0,480.0,576.0,645.0,716.0,765.0,786.0,824.0,828.0,274.0,823.0,814.0,765.0,698.0,674.0,641.0,599.0,565.0,540.0,470.0,253.0,457.0,436.0,415.0,377.0,376.0,344.0,312.0,299.0,278.0,266.0,233.0,269.0,246.0,239.0,241.0,231.0,234.0,246.0,240.0,244.0,241.0,218.0,246.0,219.0,226.0,208.0,209.0,224.0,219.0,209.0,196.0,199.0,203.0,163.0,167.0,176.0,141.0,159.0,123.0,124.0,120.0,127.0,112.0,182.0,105.0,93.0,98.0,84.0,101.0,93.0,63.0,69.0,48.0,40.0,190.0,30.0,23.0,24.0,14.0,15.0,13.0,5.0,4.0,4.0,10.0
Bispebjerg,2034,424.0,378.0,177.0,187.0,185.0,187.0,194.0,182.0,192.0,179.0,191.0,193.0,333.0,228.0,281.0,355.0,436.0,511.0,573.0,625.0,668.0,687.0,711.0,297.0,707.0,693.0,680.0,654.0,621.0,594.0,575.0,553.0,542.0,511.0,275.0,474.0,466.0,421.0,396.0,376.0,354.0,330.0,325.0,306.0,274.0,250.0,278.0,266.0,267.0,268.0,273.0,250.0,253.0,256.0,273.0,282.0,235.0,257.0,262.0,233.0,240.0,236.0,245.0,244.0,253.0,257.0,217.0,222.0,197.0,182.0,178.0,166.0,158.0,152.0,136.0,116.0,113.0,87.0,200.0,97.0,86.0,79.0,69.0,53.0,54.0,61.0,43.0,36.0,22.0,199.0,21.0,17.0,10.0,9.0,5.0,2.0,3.0,4.0,2.0,6.0,401.0,348.0,184.0,173.0,199.0,175.0,183.0,184.0,175.0,197.0,175.0,201.0,305.0,249.0,349.0,468.0,561.0,641.0,703.0,758.0,781.0,804.0,806.0,275.0,792.0,784.0,750.0,703.0,657.0,614.0,598.0,559.0,530.0,509.0,254.0,446.0,433.0,421.0,402.0,360.0,361.0,333.0,298.0,295.0,269.0,235.0,267.0,260.0,245.0,233.0,240.0,231.0,235.0,244.0,240.0,242.0,221.0,239.0,244.0,216.0,222.0,206.0,207.0,215.0,215.0,206.0,194.0,209.0,192.0,158.0,162.0,172.0,137.0,154.0,119.0,120.0,115.0,122.0,197.0,108.0,99.0,88.0,91.0,80.0,94.0,83.0,53.0,58.0,43.0,177.0,35.0,26.0,20.0,18.0,12.0,12.0,9.0,4.0,3.0,9.0
Bispebjerg,2035,419.0,375.0,197.0,171.0,179.0,185.0,184.0,192.0,180.0,190.0,185.0,194.0,331.0,225.0,271.0,333.0,426.0,490.0,573.0,617.0,668.0,684.0,700.0,297.0,693.0,671.0,665.0,644.0,608.0,583.0,560.0,548.0,525.0,513.0,276.0,480.0,451.0,436.0,406.0,376.0,366.0,343.0,320.0,316.0,300.0,251.0,265.0,265.0,263.0,259.0,262.0,272.0,250.0,248.0,251.0,270.0,237.0,276.0,255.0,261.0,231.0,236.0,231.0,240.0,236.0,244.0,247.0,225.0,210.0,194.0,173.0,171.0,160.0,153.0,148.0,129.0,110.0,105.0,211.0,83.0,88.0,80.0,73.0,62.0,47.0,49.0,53.0,37.0,27.0,197.0,21.0,18.0,13.0,8.0,5.0,4.0,4.0,3.0,4.0,6.0,396.0,345.0,172.0,179.0,171.0,194.0,172.0,182.0,183.0,177.0,200.0,195.0,303.0,250.0,324.0,440.0,550.0,624.0,702.0,747.0,774.0,799.0,789.0,274.0,772.0,756.0,724.0,689.0,662.0,599.0,575.0,558.0,525.0,501.0,255.0,482.0,424.0,419.0,407.0,383.0,347.0,350.0,318.0,294.0,284.0,236.0,270.0,258.0,257.0,238.0,232.0,239.0,232.0,233.0,244.0,238.0,223.0,240.0,237.0,240.0,213.0,219.0,203.0,199.0,212.0,213.0,205.0,212.0,188.0,187.0,154.0,159.0,167.0,134.0,149.0,116.0,114.0,110.0,203.0,117.0,100.0,94.0,82.0,86.0,74.0,84.0,69.0,45.0,52.0,192.0,38.0,30.0,23.0,15.0,16.0,10.0,8.0,8.0,3.0,9.0
Bispebjerg,2036,413.0,371.0,196.0,191.0,164.0,178.0,182.0,182.0,189.0,178.0,195.0,190.0,329.0,224.0,260.0,319.0,399.0,481.0,550.0,618.0,659.0,686.0,697.0,295.0,683.0,660.0,647.0,630.0,599.0,572.0,550.0,535.0,520.0,498.0,276.0,482.0,457.0,423.0,419.0,385.0,367.0,354.0,333.0,312.0,309.0,251.0,288.0,253.0,261.0,255.0,253.0,262.0,270.0,245.0,242.0,249.0,238.0,265.0,273.0,255.0,259.0,228.0,231.0,227.0,232.0,229.0,236.0,227.0,239.0,207.0,185.0,167.0,165.0,155.0,148.0,140.0,122.0,102.0,214.0,99.0,75.0,82.0,74.0,66.0,55.0,42.0,43.0,45.0,28.0,208.0,25.0,17.0,14.0,10.0,5.0,4.0,5.0,3.0,3.0,7.0,390.0,341.0,186.0,169.0,176.0,167.0,190.0,172.0,180.0,183.0,183.0,215.0,300.0,242.0,316.0,412.0,520.0,615.0,684.0,747.0,764.0,792.0,785.0,273.0,757.0,739.0,700.0,667.0,650.0,604.0,562.0,539.0,523.0,495.0,254.0,475.0,457.0,411.0,405.0,388.0,368.0,337.0,333.0,313.0,284.0,237.0,284.0,261.0,255.0,249.0,237.0,231.0,239.0,230.0,232.0,242.0,224.0,237.0,238.0,233.0,236.0,211.0,216.0,196.0,196.0,210.0,212.0,214.0,199.0,184.0,181.0,151.0,155.0,163.0,130.0,145.0,111.0,110.0,207.0,106.0,110.0,96.0,87.0,78.0,80.0,67.0,70.0,59.0,41.0,198.0,45.0,32.0,27.0,17.0,13.0,13.0,7.0,7.0,5.0,8.0
Bispebjerg,2037,408.0,366.0,206.0,190.0,182.0,164.0,176.0,181.0,179.0,187.0,184.0,199.0,325.0,221.0,256.0,304.0,386.0,453.0,543.0,597.0,663.0,678.0,702.0,293.0,681.0,653.0,638.0,614.0,587.0,565.0,541.0,526.0,509.0,493.0,274.0,469.0,460.0,429.0,409.0,398.0,376.0,355.0,344.0,324.0,306.0,252.0,298.0,275.0,250.0,254.0,250.0,253.0,260.0,264.0,239.0,240.0,239.0,245.0,262.0,272.0,252.0,255.0,225.0,226.0,219.0,224.0,221.0,228.0,229.0,235.0,198.0,179.0,162.0,160.0,151.0,141.0,133.0,113.0,216.0,97.0,90.0,70.0,76.0,67.0,59.0,49.0,37.0,37.0,34.0,211.0,26.0,21.0,14.0,11.0,6.0,3.0,5.0,4.0,3.0,7.0,386.0,337.0,193.0,182.0,166.0,172.0,165.0,189.0,171.0,182.0,188.0,203.0,297.0,257.0,306.0,401.0,493.0,585.0,677.0,730.0,766.0,784.0,781.0,271.0,756.0,726.0,685.0,646.0,631.0,594.0,567.0,527.0,507.0,494.0,254.0,470.0,451.0,442.0,399.0,387.0,373.0,357.0,322.0,328.0,302.0,237.0,284.0,275.0,257.0,247.0,246.0,236.0,232.0,237.0,230.0,231.0,225.0,240.0,235.0,235.0,230.0,233.0,209.0,208.0,193.0,194.0,209.0,216.0,205.0,194.0,179.0,177.0,147.0,151.0,157.0,127.0,138.0,107.0,209.0,106.0,100.0,104.0,89.0,83.0,73.0,73.0,56.0,60.0,53.0,202.0,36.0,39.0,29.0,20.0,15.0,11.0,9.0,6.0,5.0,10.0
Bispebjerg,2038,403.0,362.0,210.0,200.0,181.0,181.0,162.0,174.0,179.0,178.0,192.0,188.0,322.0,230.0,252.0,300.0,369.0,441.0,513.0,590.0,641.0,683.0,694.0,291.0,687.0,651.0,632.0,608.0,574.0,554.0,536.0,518.0,500.0,484.0,273.0,465.0,447.0,432.0,414.0,389.0,387.0,364.0,345.0,335.0,317.0,251.0,295.0,284.0,271.0,243.0,248.0,249.0,251.0,254.0,257.0,237.0,239.0,235.0,243.0,262.0,268.0,249.0,251.0,221.0,219.0,213.0,216.0,229.0,215.0,225.0,224.0,191.0,174.0,157.0,156.0,143.0,134.0,123.0,217.0,108.0,88.0,84.0,65.0,69.0,60.0,53.0,43.0,32.0,28.0,213.0,32.0,22.0,17.0,10.0,6.0,4.0,5.0,4.0,4.0,7.0,382.0,333.0,196.0,188.0,179.0,163.0,169.0,165.0,187.0,173.0,187.0,206.0,294.0,248.0,317.0,391.0,481.0,559.0,645.0,724.0,748.0,787.0,774.0,269.0,752.0,726.0,675.0,634.0,612.0,578.0,559.0,532.0,497.0,480.0,252.0,469.0,447.0,437.0,428.0,381.0,372.0,362.0,341.0,318.0,316.0,236.0,302.0,275.0,271.0,250.0,245.0,244.0,236.0,230.0,237.0,228.0,226.0,228.0,238.0,232.0,231.0,227.0,230.0,201.0,204.0,191.0,194.0,217.0,203.0,200.0,189.0,175.0,173.0,144.0,147.0,153.0,121.0,132.0,210.0,103.0,100.0,95.0,97.0,85.0,78.0,66.0,61.0,48.0,54.0,204.0,47.0,31.0,35.0,22.0,18.0,12.0,8.0,8.0,4.0,11.0
Bispebjerg,2039,398.0,358.0,212.0,203.0,191.0,181.0,178.0,161.0,173.0,177.0,183.0,197.0,319.0,219.0,258.0,295.0,365.0,421.0,500.0,557.0,634.0,660.0,699.0,288.0,679.0,657.0,630.0,602.0,569.0,543.0,525.0,513.0,493.0,476.0,271.0,456.0,443.0,420.0,417.0,394.0,380.0,375.0,354.0,337.0,328.0,250.0,306.0,282.0,280.0,263.0,238.0,247.0,248.0,245.0,247.0,254.0,239.0,233.0,233.0,244.0,260.0,264.0,245.0,246.0,215.0,212.0,205.0,230.0,211.0,212.0,216.0,216.0,186.0,169.0,154.0,148.0,136.0,124.0,219.0,117.0,98.0,83.0,78.0,60.0,61.0,53.0,46.0,37.0,24.0,215.0,27.0,27.0,17.0,13.0,6.0,4.0,6.0,4.0,4.0,8.0,377.0,330.0,198.0,192.0,186.0,175.0,160.0,168.0,164.0,188.0,179.0,205.0,291.0,247.0,310.0,399.0,472.0,545.0,618.0,689.0,742.0,768.0,776.0,266.0,746.0,722.0,675.0,625.0,601.0,561.0,544.0,524.0,501.0,470.0,250.0,456.0,445.0,432.0,423.0,408.0,367.0,362.0,346.0,336.0,307.0,235.0,315.0,291.0,271.0,263.0,247.0,243.0,244.0,233.0,230.0,234.0,225.0,226.0,227.0,234.0,229.0,229.0,225.0,221.0,198.0,202.0,190.0,217.0,188.0,198.0,195.0,185.0,171.0,169.0,140.0,143.0,146.0,117.0,212.0,127.0,97.0,95.0,89.0,92.0,79.0,70.0,56.0,52.0,43.0,205.0,47.0,40.0,29.0,26.0,19.0,15.0,9.0,7.0,5.0,11.0
Bispebjerg,2040,393.0,354.0,214.0,205.0,194.0,190.0,178.0,176.0,160.0,171.0,183.0,187.0,315.0,226.0,244.0,302.0,361.0,419.0,479.0,543.0,598.0,653.0,676.0,285.0,684.0,649.0,636.0,600.0,564.0,538.0,515.0,503.0,489.0,469.0,268.0,448.0,435.0,416.0,406.0,397.0,384.0,368.0,364.0,345.0,330.0,248.0,316.0,292.0,278.0,271.0,256.0,238.0,246.0,241.0,239.0,245.0,238.0,248.0,231.0,233.0,242.0,256.0,259.0,240.0,238.0,208.0,205.0,229.0,200.0,208.0,203.0,209.0,210.0,180.0,165.0,147.0,141.0,127.0,219.0,118.0,106.0,92.0,77.0,71.0,53.0,55.0,46.0,40.0,28.0,216.0,23.0,22.0,21.0,13.0,8.0,4.0,7.0,5.0,4.0,9.0,372.0,326.0,200.0,194.0,189.0,181.0,172.0,160.0,167.0,167.0,192.0,197.0,288.0,244.0,306.0,396.0,479.0,538.0,604.0,663.0,707.0,762.0,758.0,263.0,748.0,716.0,672.0,625.0,593.0,551.0,528.0,511.0,494.0,475.0,248.0,447.0,433.0,431.0,419.0,404.0,393.0,357.0,345.0,341.0,324.0,233.0,308.0,304.0,287.0,263.0,259.0,245.0,242.0,240.0,233.0,228.0,224.0,232.0,224.0,223.0,231.0,226.0,227.0,217.0,218.0,196.0,201.0,217.0,185.0,184.0,193.0,191.0,181.0,167.0,164.0,137.0,137.0,140.0,212.0,113.0,120.0,93.0,89.0,84.0,86.0,72.0,59.0,48.0,47.0,207.0,38.0,40.0,36.0,21.0,23.0,16.0,11.0,8.0,5.0,12.0
Bispebjerg,2041,388.0,350.0,215.0,207.0,196.0,193.0,187.0,176.0,174.0,158.0,177.0,188.0,312.0,216.0,246.0,287.0,371.0,418.0,479.0,522.0,585.0,617.0,670.0,282.0,662.0,655.0,629.0,606.0,563.0,534.0,511.0,494.0,480.0,466.0,266.0,443.0,428.0,410.0,403.0,387.0,388.0,373.0,358.0,354.0,338.0,246.0,318.0,302.0,288.0,270.0,265.0,255.0,237.0,240.0,235.0,236.0,236.0,240.0,245.0,232.0,231.0,239.0,251.0,254.0,233.0,231.0,202.0,229.0,200.0,197.0,199.0,198.0,203.0,203.0,176.0,158.0,140.0,132.0,219.0,121.0,108.0,99.0,85.0,70.0,63.0,48.0,48.0,40.0,30.0,216.0,27.0,20.0,18.0,16.0,8.0,5.0,7.0,6.0,5.0,10.0,367.0,322.0,201.0,196.0,191.0,185.0,179.0,171.0,159.0,167.0,174.0,208.0,285.0,235.0,300.0,389.0,482.0,547.0,598.0,648.0,681.0,726.0,753.0,261.0,731.0,719.0,667.0,622.0,593.0,545.0,520.0,497.0,482.0,468.0,246.0,452.0,425.0,420.0,417.0,400.0,389.0,381.0,341.0,340.0,329.0,231.0,324.0,298.0,299.0,277.0,259.0,257.0,244.0,238.0,239.0,230.0,223.0,226.0,230.0,221.0,219.0,228.0,224.0,218.0,214.0,216.0,196.0,216.0,195.0,180.0,179.0,189.0,187.0,177.0,163.0,160.0,131.0,132.0,212.0,135.0,106.0,114.0,87.0,85.0,79.0,78.0,61.0,51.0,43.0,207.0,41.0,33.0,36.0,27.0,19.0,19.0,12.0,9.0,6.0,12.0
Bispebjerg,2042,383.0,345.0,216.0,208.0,198.0,196.0,190.0,185.0,174.0,172.0,165.0,182.0,308.0,216.0,235.0,286.0,356.0,430.0,478.0,522.0,562.0,605.0,633.0,279.0,657.0,635.0,634.0,600.0,568.0,533.0,507.0,491.0,471.0,457.0,263.0,440.0,423.0,403.0,396.0,383.0,378.0,377.0,362.0,350.0,347.0,243.0,326.0,304.0,298.0,279.0,264.0,264.0,253.0,231.0,233.0,232.0,234.0,231.0,237.0,244.0,230.0,228.0,235.0,247.0,246.0,226.0,223.0,227.0,197.0,197.0,190.0,193.0,192.0,197.0,199.0,168.0,151.0,131.0,218.0,126.0,110.0,101.0,92.0,78.0,63.0,57.0,42.0,41.0,31.0,216.0,29.0,23.0,16.0,14.0,10.0,6.0,8.0,6.0,6.0,11.0,362.0,318.0,202.0,197.0,193.0,187.0,182.0,178.0,170.0,161.0,172.0,192.0,281.0,242.0,289.0,382.0,476.0,554.0,607.0,643.0,665.0,701.0,718.0,258.0,726.0,703.0,670.0,618.0,591.0,545.0,514.0,489.0,469.0,457.0,243.0,446.0,429.0,412.0,407.0,398.0,385.0,378.0,364.0,337.0,329.0,229.0,329.0,313.0,293.0,289.0,273.0,257.0,255.0,240.0,237.0,236.0,221.0,228.0,224.0,226.0,218.0,217.0,226.0,216.0,215.0,212.0,215.0,215.0,190.0,190.0,175.0,176.0,185.0,183.0,172.0,159.0,153.0,126.0,211.0,127.0,127.0,101.0,106.0,83.0,80.0,72.0,66.0,52.0,46.0,207.0,38.0,36.0,30.0,27.0,24.0,16.0,14.0,10.0,7.0,13.0
Bispebjerg,2043,378.0,341.0,216.0,209.0,199.0,197.0,192.0,188.0,183.0,172.0,176.0,170.0,305.0,211.0,231.0,274.0,355.0,416.0,493.0,523.0,563.0,582.0,621.0,276.0,622.0,630.0,616.0,605.0,563.0,539.0,507.0,487.0,469.0,450.0,261.0,431.0,421.0,398.0,390.0,377.0,374.0,367.0,366.0,354.0,343.0,241.0,335.0,312.0,300.0,289.0,273.0,264.0,262.0,247.0,225.0,231.0,232.0,227.0,229.0,236.0,242.0,227.0,224.0,231.0,239.0,239.0,219.0,225.0,218.0,195.0,189.0,184.0,188.0,187.0,193.0,189.0,161.0,141.0,217.0,125.0,115.0,103.0,94.0,84.0,69.0,57.0,50.0,37.0,32.0,216.0,29.0,24.0,18.0,12.0,9.0,7.0,8.0,7.0,6.0,12.0,358.0,314.0,202.0,198.0,194.0,189.0,184.0,181.0,177.0,170.0,167.0,188.0,278.0,228.0,292.0,371.0,469.0,548.0,617.0,653.0,661.0,685.0,694.0,255.0,694.0,699.0,655.0,621.0,587.0,543.0,515.0,484.0,463.0,445.0,241.0,435.0,424.0,416.0,400.0,389.0,384.0,374.0,361.0,358.0,325.0,227.0,329.0,317.0,308.0,284.0,285.0,271.0,256.0,252.0,239.0,234.0,219.0,233.0,226.0,221.0,223.0,215.0,215.0,218.0,213.0,213.0,211.0,213.0,209.0,186.0,184.0,172.0,173.0,181.0,178.0,168.0,152.0,148.0,210.0,122.0,120.0,121.0,95.0,101.0,78.0,72.0,60.0,56.0,47.0,207.0,40.0,33.0,33.0,23.0,24.0,20.0,12.0,12.0,7.0,14.0
Bispebjerg,2044,373.0,337.0,215.0,209.0,200.0,199.0,194.0,190.0,186.0,181.0,177.0,180.0,301.0,198.0,225.0,269.0,346.0,416.0,481.0,541.0,565.0,584.0,599.0,273.0,611.0,597.0,612.0,588.0,569.0,534.0,513.0,487.0,466.0,448.0,258.0,425.0,413.0,396.0,386.0,371.0,369.0,364.0,358.0,358.0,347.0,239.0,331.0,320.0,307.0,292.0,282.0,272.0,262.0,255.0,240.0,223.0,231.0,226.0,225.0,228.0,234.0,238.0,224.0,220.0,225.0,232.0,231.0,224.0,214.0,215.0,188.0,184.0,180.0,184.0,184.0,185.0,181.0,151.0,215.0,135.0,114.0,108.0,96.0,86.0,75.0,63.0,50.0,43.0,28.0,215.0,30.0,24.0,19.0,14.0,7.0,6.0,10.0,7.0,7.0,13.0,353.0,310.0,202.0,198.0,195.0,190.0,186.0,183.0,180.0,178.0,175.0,183.0,275.0,218.0,280.0,372.0,460.0,542.0,612.0,666.0,671.0,682.0,680.0,253.0,672.0,669.0,652.0,608.0,591.0,540.0,514.0,485.0,459.0,440.0,239.0,424.0,415.0,412.0,404.0,382.0,375.0,373.0,357.0,356.0,346.0,225.0,326.0,318.0,313.0,298.0,281.0,282.0,269.0,252.0,250.0,236.0,218.0,231.0,230.0,222.0,217.0,220.0,214.0,207.0,215.0,211.0,212.0,212.0,206.0,204.0,181.0,181.0,169.0,169.0,176.0,174.0,161.0,147.0,209.0,142.0,116.0,115.0,113.0,91.0,95.0,71.0,61.0,52.0,51.0,206.0,42.0,35.0,30.0,24.0,21.0,20.0,15.0,11.0,8.0,15.0
Bispebjerg,2045,368.0,333.0,214.0,209.0,200.0,200.0,196.0,192.0,188.0,184.0,186.0,181.0,298.0,204.0,207.0,263.0,342.0,407.0,481.0,528.0,584.0,587.0,602.0,270.0,590.0,588.0,581.0,585.0,553.0,540.0,508.0,493.0,466.0,446.0,256.0,423.0,407.0,389.0,384.0,368.0,363.0,359.0,354.0,350.0,351.0,237.0,335.0,317.0,315.0,299.0,285.0,282.0,271.0,256.0,248.0,237.0,229.0,219.0,224.0,224.0,225.0,231.0,234.0,220.0,214.0,219.0,225.0,222.0,225.0,212.0,207.0,183.0,180.0,175.0,180.0,176.0,177.0,169.0,214.0,144.0,124.0,108.0,100.0,88.0,77.0,68.0,55.0,44.0,33.0,213.0,27.0,26.0,19.0,15.0,9.0,5.0,9.0,8.0,7.0,14.0,349.0,306.0,201.0,198.0,195.0,191.0,188.0,186.0,182.0,181.0,183.0,190.0,272.0,212.0,263.0,364.0,461.0,534.0,606.0,660.0,684.0,691.0,677.0,250.0,658.0,648.0,625.0,606.0,579.0,544.0,511.0,485.0,460.0,436.0,236.0,419.0,404.0,402.0,399.0,386.0,368.0,364.0,356.0,352.0,344.0,223.0,346.0,315.0,313.0,303.0,295.0,278.0,280.0,265.0,251.0,247.0,216.0,233.0,228.0,226.0,219.0,215.0,218.0,206.0,204.0,213.0,211.0,210.0,207.0,201.0,198.0,178.0,178.0,166.0,165.0,173.0,167.0,156.0,207.0,142.0,134.0,110.0,108.0,108.0,85.0,86.0,60.0,53.0,47.0,204.0,45.0,36.0,32.0,22.0,22.0,17.0,15.0,13.0,7.0,17.0
Bispebjerg,2046,364.0,329.0,213.0,208.0,200.0,200.0,197.0,194.0,190.0,186.0,189.0,189.0,294.0,204.0,209.0,243.0,340.0,404.0,472.0,527.0,571.0,606.0,604.0,267.0,593.0,567.0,572.0,555.0,550.0,525.0,514.0,489.0,472.0,446.0,253.0,421.0,406.0,383.0,377.0,366.0,360.0,353.0,350.0,346.0,343.0,235.0,339.0,320.0,313.0,306.0,292.0,285.0,280.0,264.0,249.0,246.0,227.0,232.0,217.0,223.0,221.0,223.0,227.0,229.0,214.0,208.0,212.0,220.0,220.0,222.0,204.0,202.0,179.0,175.0,172.0,173.0,169.0,166.0,212.0,162.0,132.0,117.0,100.0,92.0,79.0,70.0,59.0,48.0,34.0,212.0,32.0,23.0,20.0,15.0,9.0,6.0,8.0,8.0,8.0,15.0,344.0,303.0,199.0,197.0,195.0,191.0,188.0,187.0,184.0,183.0,187.0,199.0,268.0,215.0,254.0,340.0,457.0,536.0,599.0,654.0,678.0,706.0,686.0,247.0,656.0,635.0,606.0,580.0,577.0,533.0,514.0,482.0,459.0,437.0,234.0,416.0,399.0,392.0,391.0,382.0,372.0,358.0,348.0,351.0,341.0,221.0,344.0,334.0,311.0,303.0,299.0,292.0,277.0,275.0,263.0,247.0,214.0,243.0,230.0,224.0,221.0,216.0,213.0,210.0,203.0,202.0,212.0,209.0,205.0,202.0,195.0,195.0,175.0,174.0,161.0,161.0,166.0,162.0,206.0,151.0,134.0,128.0,104.0,103.0,101.0,78.0,73.0,52.0,48.0,203.0,42.0,39.0,33.0,24.0,20.0,18.0,13.0,13.0,9.0,18.0
Bispebjerg,2047,360.0,325.0,212.0,207.0,199.0,200.0,197.0,195.0,192.0,188.0,191.0,192.0,290.0,212.0,206.0,242.0,317.0,405.0,470.0,520.0,570.0,593.0,624.0,264.0,595.0,571.0,553.0,547.0,522.0,522.0,499.0,494.0,468.0,452.0,250.0,421.0,404.0,382.0,372.0,359.0,358.0,350.0,344.0,342.0,339.0,232.0,332.0,325.0,316.0,305.0,299.0,292.0,283.0,273.0,257.0,247.0,225.0,240.0,229.0,216.0,220.0,219.0,219.0,222.0,223.0,208.0,202.0,218.0,208.0,218.0,214.0,199.0,197.0,175.0,172.0,165.0,166.0,159.0,211.0,159.0,149.0,125.0,109.0,92.0,83.0,72.0,61.0,51.0,37.0,210.0,33.0,27.0,19.0,16.0,10.0,6.0,9.0,7.0,8.0,17.0,341.0,299.0,198.0,196.0,194.0,191.0,189.0,188.0,186.0,185.0,189.0,202.0,265.0,223.0,254.0,331.0,428.0,535.0,600.0,647.0,672.0,700.0,701.0,244.0,664.0,633.0,594.0,563.0,553.0,531.0,504.0,485.0,457.0,437.0,231.0,417.0,396.0,388.0,381.0,374.0,368.0,362.0,342.0,343.0,339.0,219.0,341.0,333.0,329.0,301.0,299.0,296.0,290.0,273.0,273.0,259.0,212.0,244.0,240.0,226.0,220.0,218.0,214.0,205.0,207.0,201.0,202.0,207.0,207.0,201.0,197.0,192.0,191.0,172.0,169.0,158.0,155.0,161.0,204.0,156.0,142.0,128.0,120.0,99.0,96.0,92.0,66.0,63.0,47.0,202.0,42.0,36.0,36.0,25.0,22.0,17.0,14.0,12.0,9.0,19.0
Bispebjerg,2048,357.0,322.0,210.0,205.0,198.0,199.0,197.0,195.0,193.0,190.0,193.0,194.0,287.0,214.0,211.0,238.0,314.0,379.0,472.0,517.0,562.0,592.0,611.0,261.0,615.0,573.0,556.0,529.0,515.0,496.0,497.0,480.0,473.0,448.0,247.0,427.0,404.0,381.0,371.0,354.0,352.0,349.0,341.0,336.0,335.0,230.0,328.0,318.0,321.0,308.0,298.0,298.0,290.0,276.0,266.0,255.0,222.0,241.0,238.0,228.0,214.0,218.0,215.0,214.0,216.0,216.0,202.0,216.0,198.0,206.0,209.0,209.0,194.0,192.0,172.0,165.0,159.0,156.0,209.0,153.0,146.0,140.0,117.0,100.0,83.0,75.0,63.0,53.0,40.0,209.0,35.0,28.0,22.0,15.0,10.0,7.0,10.0,8.0,7.0,18.0,338.0,296.0,197.0,195.0,193.0,190.0,188.0,188.0,186.0,187.0,191.0,204.0,262.0,224.0,262.0,329.0,419.0,503.0,602.0,648.0,665.0,694.0,695.0,241.0,678.0,641.0,592.0,552.0,537.0,509.0,502.0,475.0,460.0,435.0,228.0,417.0,397.0,385.0,377.0,365.0,360.0,358.0,346.0,337.0,332.0,216.0,339.0,329.0,328.0,319.0,298.0,297.0,294.0,286.0,271.0,269.0,210.0,255.0,241.0,235.0,221.0,217.0,216.0,206.0,202.0,205.0,201.0,205.0,196.0,202.0,195.0,194.0,189.0,188.0,168.0,166.0,152.0,150.0,203.0,156.0,148.0,136.0,121.0,115.0,93.0,88.0,78.0,57.0,57.0,200.0,42.0,37.0,33.0,27.0,23.0,18.0,13.0,12.0,8.0,21.0
Bispebjerg,2049,355.0,319.0,209.0,204.0,197.0,198.0,196.0,195.0,193.0,191.0,195.0,196.0,284.0,214.0,210.0,245.0,312.0,376.0,444.0,521.0,559.0,585.0,610.0,258.0,602.0,592.0,559.0,532.0,498.0,490.0,473.0,478.0,460.0,453.0,244.0,424.0,409.0,381.0,369.0,354.0,347.0,342.0,340.0,333.0,330.0,227.0,324.0,314.0,314.0,312.0,301.0,298.0,297.0,283.0,269.0,263.0,220.0,249.0,239.0,237.0,226.0,212.0,214.0,211.0,208.0,210.0,210.0,214.0,198.0,196.0,198.0,205.0,204.0,190.0,189.0,165.0,159.0,149.0,207.0,150.0,141.0,138.0,130.0,108.0,90.0,76.0,66.0,55.0,41.0,207.0,38.0,30.0,22.0,17.0,9.0,7.0,10.0,9.0,8.0,18.0,336.0,294.0,196.0,193.0,192.0,189.0,188.0,188.0,187.0,188.0,193.0,206.0,259.0,223.0,262.0,341.0,417.0,495.0,566.0,652.0,665.0,687.0,689.0,238.0,673.0,655.0,599.0,550.0,526.0,495.0,482.0,474.0,451.0,437.0,226.0,415.0,397.0,386.0,374.0,361.0,352.0,351.0,342.0,341.0,326.0,214.0,332.0,327.0,325.0,318.0,315.0,295.0,295.0,290.0,284.0,268.0,208.0,265.0,252.0,237.0,231.0,218.0,214.0,208.0,203.0,201.0,205.0,203.0,196.0,192.0,197.0,192.0,191.0,186.0,183.0,164.0,159.0,147.0,201.0,146.0,147.0,141.0,128.0,115.0,108.0,85.0,75.0,67.0,52.0,199.0,50.0,37.0,34.0,25.0,24.0,19.0,14.0,11.0,9.0,21.0
Bispebjerg,2050,352.0,317.0,207.0,203.0,195.0,197.0,195.0,194.0,193.0,191.0,196.0,198.0,282.0,215.0,209.0,244.0,322.0,374.0,440.0,490.0,564.0,581.0,603.0,256.0,602.0,581.0,577.0,535.0,501.0,474.0,466.0,455.0,459.0,441.0,241.0,428.0,406.0,386.0,370.0,353.0,347.0,338.0,333.0,332.0,327.0,224.0,319.0,310.0,310.0,306.0,305.0,301.0,297.0,289.0,276.0,267.0,218.0,258.0,247.0,238.0,234.0,223.0,208.0,210.0,205.0,203.0,204.0,212.0,205.0,196.0,188.0,194.0,200.0,199.0,187.0,182.0,159.0,150.0,205.0,144.0,138.0,133.0,129.0,120.0,97.0,83.0,67.0,58.0,43.0,205.0,40.0,32.0,24.0,18.0,10.0,6.0,10.0,9.0,9.0,18.0,333.0,292.0,194.0,192.0,191.0,188.0,187.0,187.0,187.0,188.0,194.0,207.0,257.0,222.0,260.0,342.0,434.0,492.0,558.0,613.0,669.0,687.0,683.0,236.0,668.0,650.0,613.0,557.0,525.0,485.0,468.0,455.0,450.0,429.0,223.0,417.0,395.0,386.0,375.0,359.0,348.0,342.0,335.0,338.0,330.0,211.0,326.0,321.0,323.0,315.0,314.0,311.0,294.0,291.0,288.0,280.0,205.0,264.0,261.0,247.0,232.0,227.0,216.0,207.0,204.0,201.0,200.0,201.0,199.0,191.0,187.0,194.0,190.0,187.0,181.0,179.0,158.0,154.0,199.0,143.0,138.0,141.0,133.0,123.0,108.0,98.0,73.0,65.0,61.0,197.0,46.0,44.0,34.0,26.0,23.0,20.0,15.0,12.0,8.0,21.0
Bispebjerg,2051,349.0,314.0,205.0,201.0,194.0,196.0,194.0,193.0,192.0,191.0,196.0,199.0,280.0,215.0,207.0,242.0,323.0,387.0,438.0,484.0,531.0,587.0,599.0,253.0,595.0,580.0,567.0,552.0,503.0,476.0,451.0,449.0,436.0,439.0,239.0,416.0,410.0,383.0,375.0,353.0,345.0,337.0,329.0,326.0,326.0,222.0,316.0,305.0,307.0,302.0,299.0,305.0,299.0,290.0,282.0,273.0,215.0,261.0,255.0,246.0,236.0,231.0,219.0,204.0,204.0,199.0,197.0,210.0,200.0,203.0,189.0,184.0,190.0,196.0,196.0,180.0,175.0,150.0,203.0,144.0,133.0,131.0,125.0,120.0,108.0,89.0,73.0,59.0,45.0,203.0,41.0,34.0,26.0,19.0,11.0,7.0,10.0,9.0,9.0,19.0,331.0,289.0,192.0,190.0,190.0,187.0,186.0,186.0,186.0,188.0,194.0,208.0,255.0,221.0,259.0,341.0,435.0,512.0,554.0,603.0,629.0,692.0,683.0,234.0,661.0,644.0,608.0,569.0,531.0,484.0,459.0,442.0,432.0,428.0,221.0,409.0,398.0,384.0,375.0,359.0,346.0,339.0,327.0,331.0,327.0,209.0,330.0,316.0,316.0,312.0,311.0,311.0,310.0,290.0,289.0,284.0,203.0,276.0,261.0,256.0,241.0,229.0,225.0,208.0,203.0,202.0,201.0,198.0,195.0,195.0,186.0,184.0,191.0,186.0,182.0,178.0,172.0,154.0,197.0,149.0,135.0,132.0,133.0,128.0,115.0,99.0,84.0,63.0,59.0,195.0,54.0,41.0,39.0,26.0,23.0,19.0,15.0,13.0,9.0,21.0
Bispebjerg,2052,347.0,312.0,203.0,199.0,192.0,194.0,193.0,192.0,191.0,190.0,196.0,199.0,278.0,214.0,204.0,241.0,323.0,389.0,453.0,482.0,524.0,553.0,605.0,252.0,591.0,574.0,566.0,542.0,519.0,478.0,453.0,434.0,430.0,417.0,237.0,415.0,399.0,387.0,371.0,357.0,345.0,336.0,329.0,321.0,320.0,220.0,315.0,302.0,301.0,298.0,295.0,299.0,304.0,292.0,282.0,279.0,213.0,268.0,259.0,254.0,243.0,233.0,227.0,214.0,199.0,198.0,193.0,207.0,193.0,197.0,195.0,185.0,181.0,186.0,193.0,188.0,173.0,165.0,200.0,146.0,133.0,126.0,123.0,115.0,108.0,99.0,78.0,64.0,46.0,201.0,43.0,35.0,27.0,21.0,12.0,8.0,11.0,9.0,9.0,20.0,328.0,287.0,191.0,189.0,188.0,186.0,185.0,185.0,185.0,187.0,194.0,208.0,253.0,218.0,256.0,340.0,436.0,515.0,577.0,598.0,618.0,650.0,688.0,232.0,661.0,638.0,603.0,565.0,542.0,489.0,458.0,433.0,420.0,411.0,219.0,408.0,390.0,387.0,373.0,359.0,347.0,336.0,324.0,323.0,320.0,207.0,327.0,319.0,311.0,306.0,308.0,308.0,310.0,305.0,288.0,285.0,201.0,280.0,273.0,256.0,250.0,238.0,226.0,217.0,205.0,201.0,201.0,196.0,196.0,190.0,190.0,183.0,181.0,187.0,182.0,179.0,171.0,167.0,195.0,149.0,142.0,129.0,125.0,128.0,120.0,105.0,85.0,72.0,58.0,193.0,52.0,47.0,37.0,30.0,23.0,20.0,14.0,14.0,9.0,21.0
Bispebjerg,2053,344.0,309.0,201.0,197.0,191.0,193.0,191.0,191.0,190.0,189.0,195.0,199.0,276.0,212.0,201.0,239.0,323.0,389.0,455.0,498.0,521.0,545.0,569.0,250.0,597.0,570.0,560.0,541.0,510.0,494.0,455.0,436.0,416.0,412.0,235.0,394.0,397.0,376.0,375.0,354.0,350.0,336.0,328.0,321.0,315.0,218.0,309.0,302.0,299.0,293.0,292.0,295.0,298.0,297.0,285.0,280.0,211.0,273.0,265.0,258.0,252.0,241.0,229.0,222.0,209.0,193.0,192.0,205.0,189.0,190.0,190.0,191.0,181.0,177.0,184.0,186.0,181.0,164.0,198.0,160.0,135.0,126.0,118.0,114.0,104.0,100.0,87.0,69.0,50.0,199.0,44.0,37.0,28.0,21.0,13.0,8.0,12.0,10.0,9.0,21.0,326.0,285.0,189.0,187.0,187.0,184.0,183.0,184.0,184.0,186.0,193.0,208.0,251.0,215.0,253.0,338.0,436.0,516.0,580.0,623.0,612.0,640.0,647.0,231.0,666.0,638.0,598.0,560.0,539.0,500.0,463.0,432.0,412.0,399.0,218.0,392.0,389.0,379.0,376.0,358.0,347.0,337.0,322.0,320.0,312.0,205.0,320.0,316.0,314.0,301.0,302.0,305.0,306.0,305.0,303.0,285.0,199.0,281.0,276.0,267.0,251.0,246.0,235.0,218.0,213.0,203.0,200.0,194.0,196.0,191.0,185.0,187.0,181.0,178.0,183.0,178.0,172.0,166.0,192.0,162.0,141.0,136.0,122.0,120.0,120.0,110.0,90.0,73.0,66.0,191.0,51.0,46.0,43.0,28.0,27.0,20.0,15.0,13.0,10.0,22.0
Bispebjerg,2054,342.0,307.0,199.0,195.0,189.0,191.0,190.0,190.0,189.0,188.0,194.0,198.0,273.0,210.0,198.0,236.0,322.0,390.0,456.0,501.0,538.0,542.0,561.0,248.0,563.0,576.0,556.0,536.0,509.0,485.0,470.0,438.0,419.0,399.0,234.0,389.0,378.0,375.0,365.0,358.0,347.0,341.0,328.0,320.0,315.0,216.0,305.0,296.0,298.0,291.0,287.0,292.0,294.0,291.0,289.0,282.0,209.0,275.0,271.0,265.0,256.0,249.0,237.0,225.0,217.0,203.0,188.0,203.0,189.0,187.0,183.0,186.0,187.0,177.0,175.0,177.0,179.0,171.0,196.0,158.0,148.0,128.0,119.0,109.0,103.0,96.0,88.0,77.0,54.0,196.0,49.0,38.0,30.0,22.0,14.0,9.0,13.0,10.0,10.0,21.0,324.0,283.0,186.0,185.0,185.0,183.0,182.0,183.0,183.0,185.0,192.0,207.0,249.0,211.0,250.0,336.0,436.0,518.0,582.0,626.0,637.0,633.0,637.0,229.0,627.0,643.0,597.0,555.0,534.0,496.0,473.0,438.0,411.0,392.0,216.0,381.0,373.0,378.0,368.0,360.0,345.0,337.0,322.0,318.0,309.0,204.0,312.0,309.0,311.0,304.0,297.0,300.0,304.0,302.0,303.0,299.0,197.0,281.0,278.0,271.0,262.0,247.0,243.0,227.0,214.0,211.0,202.0,192.0,195.0,191.0,186.0,183.0,184.0,178.0,174.0,180.0,172.0,168.0,190.0,161.0,154.0,135.0,128.0,117.0,113.0,110.0,94.0,78.0,67.0,189.0,59.0,45.0,42.0,32.0,26.0,22.0,15.0,14.0,9.0,23.0
Bispebjerg,2055,340.0,305.0,197.0,193.0,187.0,189.0,188.0,188.0,188.0,187.0,193.0,197.0,272.0,208.0,195.0,233.0,321.0,391.0,458.0,502.0,540.0,560.0,558.0,246.0,555.0,544.0,563.0,532.0,505.0,484.0,462.0,452.0,420.0,401.0,232.0,377.0,373.0,356.0,364.0,348.0,351.0,338.0,332.0,320.0,314.0,215.0,305.0,292.0,292.0,290.0,284.0,287.0,291.0,287.0,284.0,287.0,208.0,277.0,272.0,270.0,262.0,253.0,245.0,232.0,219.0,211.0,197.0,202.0,185.0,186.0,180.0,180.0,182.0,183.0,175.0,168.0,171.0,169.0,194.0,166.0,147.0,140.0,120.0,110.0,99.0,95.0,85.0,77.0,60.0,194.0,52.0,42.0,31.0,24.0,14.0,9.0,14.0,11.0,10.0,22.0,322.0,281.0,184.0,183.0,183.0,181.0,180.0,181.0,182.0,184.0,192.0,206.0,248.0,208.0,246.0,333.0,435.0,519.0,584.0,628.0,639.0,658.0,631.0,227.0,617.0,605.0,602.0,555.0,530.0,492.0,470.0,447.0,416.0,391.0,214.0,374.0,363.0,363.0,368.0,353.0,347.0,335.0,322.0,318.0,307.0,202.0,310.0,302.0,305.0,301.0,300.0,295.0,298.0,299.0,300.0,299.0,196.0,294.0,278.0,272.0,265.0,258.0,245.0,234.0,223.0,212.0,210.0,191.0,196.0,190.0,186.0,183.0,181.0,181.0,173.0,170.0,173.0,167.0,189.0,163.0,153.0,147.0,128.0,123.0,110.0,103.0,94.0,82.0,72.0,187.0,59.0,52.0,41.0,32.0,29.0,22.0,17.0,14.0,10.0,23.0
Bispebjerg,2056,338.0,303.0,194.0,191.0,185.0,187.0,186.0,187.0,187.0,186.0,192.0,196.0,270.0,205.0,191.0,230.0,319.0,390.0,459.0,504.0,541.0,562.0,576.0,245.0,552.0,537.0,532.0,539.0,501.0,480.0,461.0,445.0,434.0,403.0,230.0,379.0,361.0,352.0,345.0,347.0,341.0,342.0,329.0,325.0,314.0,213.0,304.0,292.0,289.0,285.0,284.0,285.0,286.0,284.0,280.0,282.0,206.0,281.0,274.0,272.0,268.0,259.0,249.0,240.0,226.0,213.0,204.0,200.0,194.0,182.0,180.0,177.0,176.0,179.0,181.0,169.0,163.0,162.0,193.0,164.0,154.0,139.0,132.0,112.0,100.0,92.0,84.0,75.0,61.0,193.0,58.0,45.0,34.0,24.0,15.0,10.0,14.0,12.0,11.0,23.0,320.0,279.0,183.0,181.0,181.0,179.0,179.0,180.0,180.0,183.0,191.0,204.0,246.0,204.0,242.0,330.0,433.0,519.0,585.0,630.0,640.0,661.0,656.0,226.0,611.0,596.0,568.0,560.0,529.0,488.0,466.0,444.0,425.0,396.0,213.0,373.0,356.0,353.0,353.0,352.0,340.0,338.0,321.0,318.0,308.0,201.0,308.0,299.0,298.0,295.0,298.0,298.0,293.0,294.0,297.0,296.0,195.0,295.0,291.0,272.0,267.0,261.0,255.0,236.0,230.0,220.0,211.0,190.0,204.0,191.0,185.0,183.0,181.0,177.0,177.0,170.0,165.0,169.0,187.0,163.0,154.0,147.0,139.0,123.0,115.0,101.0,89.0,82.0,75.0,185.0,63.0,53.0,47.0,31.0,29.0,25.0,17.0,15.0,10.0,24.0
Bispebjerg,2057,336.0,301.0,193.0,189.0,183.0,185.0,184.0,185.0,185.0,185.0,191.0,195.0,268.0,202.0,187.0,226.0,317.0,389.0,459.0,505.0,543.0,564.0,579.0,243.0,570.0,533.0,525.0,509.0,508.0,477.0,457.0,444.0,427.0,416.0,229.0,381.0,363.0,340.0,341.0,329.0,340.0,332.0,333.0,322.0,319.0,212.0,304.0,291.0,289.0,281.0,279.0,284.0,284.0,279.0,277.0,278.0,205.0,277.0,279.0,274.0,270.0,265.0,255.0,244.0,234.0,220.0,207.0,199.0,201.0,191.0,176.0,176.0,173.0,173.0,176.0,174.0,163.0,154.0,191.0,157.0,152.0,146.0,131.0,123.0,102.0,92.0,81.0,74.0,59.0,191.0,59.0,50.0,37.0,27.0,16.0,10.0,15.0,13.0,12.0,25.0,318.0,278.0,181.0,179.0,179.0,177.0,177.0,178.0,179.0,182.0,189.0,203.0,245.0,200.0,238.0,326.0,431.0,518.0,586.0,632.0,643.0,662.0,659.0,224.0,635.0,590.0,559.0,528.0,534.0,488.0,463.0,441.0,423.0,405.0,212.0,378.0,356.0,346.0,343.0,338.0,340.0,331.0,323.0,317.0,308.0,200.0,309.0,298.0,295.0,288.0,292.0,295.0,296.0,289.0,292.0,293.0,193.0,292.0,292.0,285.0,267.0,263.0,259.0,246.0,232.0,228.0,219.0,188.0,206.0,199.0,186.0,182.0,181.0,178.0,173.0,173.0,164.0,160.0,186.0,164.0,154.0,148.0,139.0,134.0,116.0,106.0,87.0,77.0,75.0,184.0,66.0,56.0,48.0,36.0,29.0,24.0,19.0,15.0,11.0,24.0
Bispebjerg,2058,335.0,300.0,192.0,188.0,181.0,183.0,183.0,183.0,183.0,183.0,190.0,194.0,267.0,200.0,184.0,223.0,315.0,388.0,459.0,506.0,544.0,566.0,580.0,242.0,573.0,551.0,523.0,503.0,481.0,484.0,454.0,441.0,427.0,410.0,228.0,394.0,365.0,343.0,330.0,326.0,322.0,331.0,324.0,326.0,316.0,211.0,309.0,291.0,288.0,282.0,275.0,279.0,284.0,277.0,273.0,275.0,204.0,273.0,275.0,279.0,272.0,267.0,260.0,251.0,238.0,228.0,214.0,198.0,204.0,198.0,184.0,173.0,173.0,170.0,171.0,170.0,168.0,155.0,190.0,150.0,146.0,145.0,137.0,122.0,112.0,94.0,82.0,72.0,58.0,190.0,58.0,51.0,41.0,29.0,17.0,11.0,16.0,14.0,13.0,26.0,318.0,276.0,180.0,178.0,177.0,175.0,175.0,177.0,177.0,180.0,188.0,201.0,243.0,196.0,234.0,323.0,429.0,517.0,585.0,632.0,644.0,665.0,660.0,223.0,638.0,613.0,554.0,521.0,505.0,493.0,463.0,438.0,420.0,403.0,210.0,387.0,360.0,346.0,337.0,329.0,326.0,331.0,316.0,319.0,307.0,199.0,309.0,299.0,294.0,286.0,285.0,289.0,294.0,292.0,287.0,288.0,192.0,289.0,289.0,286.0,279.0,264.0,260.0,249.0,242.0,230.0,227.0,187.0,213.0,201.0,193.0,183.0,180.0,177.0,173.0,170.0,168.0,160.0,185.0,156.0,155.0,148.0,140.0,134.0,126.0,106.0,91.0,75.0,71.0,183.0,67.0,59.0,51.0,37.0,33.0,24.0,19.0,17.0,11.0,25.0
Bispebjerg,2059,335.0,300.0,190.0,186.0,180.0,181.0,181.0,181.0,182.0,181.0,188.0,192.0,266.0,197.0,181.0,220.0,312.0,386.0,458.0,505.0,545.0,567.0,582.0,240.0,574.0,554.0,540.0,500.0,475.0,458.0,461.0,438.0,424.0,410.0,226.0,388.0,378.0,345.0,333.0,315.0,319.0,314.0,323.0,317.0,320.0,210.0,306.0,296.0,288.0,281.0,276.0,276.0,278.0,277.0,271.0,271.0,203.0,270.0,271.0,275.0,277.0,269.0,263.0,255.0,244.0,232.0,221.0,197.0,210.0,201.0,191.0,181.0,170.0,170.0,168.0,165.0,164.0,160.0,189.0,151.0,139.0,139.0,137.0,128.0,112.0,104.0,84.0,72.0,57.0,189.0,57.0,50.0,41.0,32.0,19.0,12.0,17.0,14.0,14.0,28.0,318.0,276.0,179.0,177.0,176.0,174.0,173.0,175.0,175.0,178.0,187.0,200.0,242.0,193.0,230.0,319.0,426.0,515.0,584.0,632.0,644.0,666.0,663.0,222.0,639.0,616.0,576.0,516.0,498.0,466.0,468.0,438.0,417.0,400.0,209.0,385.0,369.0,350.0,336.0,323.0,317.0,317.0,316.0,313.0,309.0,197.0,307.0,299.0,295.0,285.0,283.0,282.0,288.0,290.0,290.0,283.0,191.0,284.0,286.0,283.0,281.0,275.0,261.0,251.0,245.0,240.0,229.0,186.0,221.0,208.0,195.0,191.0,181.0,176.0,173.0,170.0,164.0,163.0,184.0,156.0,148.0,149.0,140.0,135.0,126.0,116.0,91.0,79.0,69.0,182.0,63.0,59.0,54.0,39.0,34.0,28.0,19.0,17.0,12.0,26.0
Bispebjerg,2060,335.0,299.0,189.0,185.0,179.0,180.0,179.0,179.0,180.0,180.0,186.0,191.0,265.0,194.0,178.0,217.0,310.0,384.0,457.0,504.0,544.0,567.0,583.0,239.0,576.0,556.0,543.0,517.0,472.0,452.0,437.0,444.0,421.0,407.0,225.0,388.0,372.0,356.0,335.0,318.0,308.0,311.0,306.0,316.0,311.0,208.0,310.0,293.0,293.0,281.0,275.0,276.0,275.0,272.0,271.0,269.0,202.0,266.0,268.0,271.0,273.0,274.0,265.0,258.0,249.0,238.0,226.0,196.0,218.0,208.0,194.0,188.0,178.0,166.0,168.0,162.0,159.0,156.0,188.0,156.0,140.0,132.0,131.0,128.0,117.0,104.0,92.0,74.0,57.0,188.0,55.0,49.0,41.0,33.0,21.0,13.0,19.0,15.0,14.0,30.0,318.0,276.0,178.0,176.0,175.0,172.0,171.0,173.0,174.0,177.0,185.0,198.0,242.0,190.0,227.0,316.0,423.0,513.0,583.0,630.0,643.0,666.0,664.0,221.0,642.0,618.0,579.0,536.0,493.0,460.0,442.0,443.0,417.0,397.0,208.0,382.0,367.0,359.0,341.0,323.0,311.0,309.0,303.0,313.0,303.0,196.0,310.0,297.0,295.0,285.0,281.0,281.0,281.0,284.0,288.0,286.0,190.0,280.0,281.0,280.0,278.0,277.0,272.0,252.0,247.0,243.0,239.0,185.0,223.0,215.0,202.0,192.0,189.0,178.0,172.0,170.0,165.0,160.0,183.0,159.0,148.0,142.0,141.0,135.0,127.0,116.0,100.0,80.0,72.0,181.0,61.0,56.0,54.0,41.0,36.0,28.0,21.0,17.0,12.0,27.0
Brønshøj-Husum,2026,271.0,292.0,264.0,280.0,252.0,259.0,282.0,274.0,256.0,284.0,273.0,277.0,299.0,260.0,290.0,345.0,375.0,369.0,394.0,347.0,369.0,393.0,361.0,255.0,332.0,341.0,385.0,369.0,345.0,351.0,368.0,370.0,313.0,345.0,294.0,333.0,337.0,346.0,322.0,290.0,289.0,288.0,296.0,316.0,295.0,288.0,290.0,247.0,299.0,257.0,273.0,232.0,241.0,252.0,243.0,273.0,277.0,285.0,301.0,253.0,239.0,204.0,178.0,227.0,174.0,174.0,183.0,270.0,157.0,165.0,153.0,158.0,130.0,122.0,137.0,117.0,124.0,101.0,323.0,99.0,77.0,85.0,60.0,40.0,37.0,41.0,30.0,22.0,21.0,280.0,30.0,7.0,4.0,13.0,7.0,2.0,3.0,2.0,2.0,2.0,262.0,240.0,270.0,292.0,232.0,257.0,257.0,291.0,275.0,242.0,251.0,267.0,280.0,260.0,316.0,345.0,373.0,349.0,369.0,398.0,383.0,377.0,385.0,269.0,360.0,366.0,375.0,392.0,351.0,367.0,381.0,359.0,349.0,350.0,273.0,324.0,308.0,260.0,288.0,273.0,297.0,297.0,274.0,270.0,301.0,297.0,304.0,297.0,259.0,291.0,220.0,247.0,238.0,243.0,270.0,245.0,297.0,241.0,219.0,257.0,223.0,208.0,215.0,225.0,154.0,179.0,161.0,286.0,148.0,167.0,174.0,180.0,138.0,157.0,104.0,135.0,142.0,139.0,278.0,121.0,111.0,88.0,91.0,72.0,60.0,61.0,48.0,52.0,43.0,289.0,37.0,27.0,28.0,22.0,16.0,10.0,10.0,13.0,6.0,21.0
Brønshøj-Husum,2027,290.0,268.0,277.0,266.0,276.0,249.0,255.0,280.0,274.0,259.0,287.0,282.0,286.0,284.0,292.0,327.0,369.0,369.0,363.0,390.0,346.0,357.0,377.0,284.0,362.0,342.0,333.0,379.0,365.0,342.0,360.0,355.0,367.0,314.0,252.0,342.0,327.0,329.0,337.0,320.0,288.0,286.0,290.0,296.0,307.0,284.0,288.0,291.0,245.0,296.0,257.0,267.0,230.0,238.0,251.0,243.0,278.0,273.0,281.0,294.0,245.0,233.0,200.0,174.0,220.0,169.0,170.0,273.0,177.0,154.0,160.0,148.0,152.0,126.0,117.0,133.0,111.0,118.0,273.0,93.0,94.0,72.0,75.0,54.0,37.0,33.0,37.0,27.0,18.0,317.0,16.0,21.0,5.0,3.0,10.0,4.0,2.0,2.0,1.0,3.0,274.0,253.0,285.0,266.0,281.0,232.0,252.0,253.0,288.0,274.0,243.0,254.0,240.0,287.0,300.0,334.0,366.0,366.0,356.0,393.0,384.0,369.0,367.0,269.0,362.0,356.0,372.0,370.0,385.0,353.0,364.0,378.0,355.0,343.0,268.0,344.0,322.0,307.0,259.0,284.0,271.0,294.0,292.0,272.0,269.0,268.0,293.0,297.0,289.0,261.0,289.0,219.0,247.0,235.0,244.0,264.0,289.0,245.0,242.0,213.0,253.0,217.0,204.0,214.0,217.0,151.0,173.0,294.0,161.0,144.0,164.0,169.0,174.0,135.0,150.0,102.0,130.0,133.0,284.0,132.0,113.0,105.0,81.0,86.0,68.0,57.0,53.0,43.0,43.0,277.0,38.0,30.0,22.0,24.0,17.0,12.0,7.0,8.0,8.0,18.0
Brønshøj-Husum,2028,292.0,289.0,310.0,278.0,261.0,270.0,245.0,253.0,277.0,273.0,260.0,291.0,268.0,289.0,312.0,324.0,352.0,365.0,363.0,370.0,382.0,342.0,355.0,275.0,377.0,367.0,337.0,341.0,375.0,362.0,354.0,352.0,357.0,362.0,278.0,314.0,336.0,320.0,321.0,333.0,315.0,284.0,287.0,290.0,289.0,246.0,298.0,287.0,285.0,246.0,292.0,253.0,263.0,228.0,238.0,250.0,275.0,244.0,270.0,276.0,284.0,239.0,227.0,195.0,170.0,212.0,165.0,273.0,165.0,174.0,149.0,154.0,143.0,146.0,120.0,114.0,125.0,105.0,274.0,109.0,88.0,88.0,64.0,68.0,50.0,33.0,29.0,33.0,22.0,269.0,14.0,12.0,16.0,5.0,3.0,6.0,3.0,1.0,1.0,3.0,277.0,267.0,272.0,279.0,256.0,277.0,227.0,247.0,250.0,284.0,270.0,247.0,255.0,278.0,321.0,320.0,354.0,360.0,369.0,384.0,385.0,372.0,365.0,237.0,351.0,359.0,366.0,373.0,369.0,384.0,351.0,363.0,373.0,349.0,268.0,336.0,339.0,318.0,301.0,255.0,279.0,266.0,289.0,289.0,271.0,262.0,262.0,286.0,289.0,288.0,258.0,285.0,220.0,243.0,234.0,238.0,263.0,262.0,245.0,236.0,212.0,245.0,211.0,202.0,205.0,211.0,147.0,285.0,171.0,155.0,141.0,159.0,163.0,169.0,129.0,145.0,98.0,122.0,289.0,127.0,123.0,107.0,96.0,77.0,81.0,64.0,50.0,48.0,36.0,280.0,38.0,30.0,24.0,19.0,18.0,13.0,9.0,6.0,5.0,18.0
Brønshøj-Husum,2029,294.0,291.0,264.0,309.0,272.0,256.0,265.0,243.0,253.0,276.0,274.0,270.0,287.0,300.0,322.0,345.0,356.0,360.0,364.0,374.0,371.0,370.0,343.0,260.0,361.0,381.0,357.0,346.0,345.0,371.0,372.0,347.0,355.0,355.0,270.0,359.0,312.0,330.0,313.0,318.0,326.0,309.0,283.0,287.0,282.0,268.0,281.0,295.0,280.0,283.0,245.0,285.0,250.0,260.0,228.0,237.0,240.0,249.0,242.0,265.0,267.0,276.0,234.0,221.0,190.0,165.0,205.0,272.0,161.0,162.0,168.0,144.0,148.0,137.0,139.0,117.0,108.0,116.0,274.0,97.0,103.0,83.0,78.0,59.0,62.0,44.0,30.0,26.0,27.0,270.0,18.0,10.0,9.0,13.0,3.0,2.0,4.0,2.0,1.0,3.0,278.0,270.0,275.0,267.0,270.0,253.0,270.0,223.0,244.0,249.0,280.0,272.0,268.0,277.0,324.0,345.0,354.0,359.0,369.0,398.0,381.0,377.0,368.0,250.0,350.0,350.0,368.0,368.0,373.0,371.0,379.0,352.0,361.0,367.0,239.0,343.0,333.0,335.0,312.0,295.0,253.0,273.0,262.0,286.0,286.0,261.0,263.0,256.0,278.0,288.0,284.0,256.0,284.0,218.0,242.0,228.0,256.0,236.0,262.0,239.0,234.0,206.0,239.0,210.0,194.0,201.0,204.0,261.0,146.0,166.0,152.0,137.0,154.0,159.0,160.0,125.0,140.0,93.0,281.0,116.0,119.0,116.0,98.0,91.0,74.0,75.0,56.0,45.0,39.0,285.0,33.0,31.0,25.0,21.0,15.0,14.0,10.0,7.0,4.0,16.0
Brønshøj-Husum,2030,298.0,294.0,266.0,266.0,303.0,268.0,252.0,263.0,243.0,253.0,277.0,282.0,291.0,286.0,329.0,350.0,366.0,357.0,355.0,370.0,370.0,360.0,364.0,277.0,350.0,366.0,368.0,359.0,349.0,346.0,381.0,364.0,352.0,355.0,258.0,354.0,354.0,309.0,324.0,312.0,313.0,320.0,307.0,283.0,279.0,262.0,276.0,280.0,287.0,278.0,280.0,242.0,280.0,248.0,258.0,228.0,261.0,236.0,246.0,239.0,257.0,261.0,269.0,227.0,216.0,185.0,162.0,239.0,200.0,158.0,157.0,161.0,139.0,142.0,131.0,134.0,111.0,101.0,273.0,107.0,92.0,96.0,74.0,70.0,53.0,55.0,39.0,26.0,21.0,270.0,21.0,13.0,8.0,8.0,9.0,2.0,2.0,3.0,1.0,3.0,283.0,272.0,280.0,270.0,259.0,268.0,248.0,263.0,222.0,243.0,249.0,281.0,272.0,299.0,321.0,339.0,366.0,351.0,360.0,391.0,387.0,372.0,372.0,264.0,351.0,349.0,361.0,371.0,371.0,377.0,368.0,379.0,352.0,358.0,253.0,361.0,340.0,330.0,330.0,306.0,292.0,250.0,270.0,261.0,285.0,236.0,279.0,258.0,250.0,278.0,285.0,282.0,257.0,279.0,218.0,236.0,255.0,226.0,237.0,255.0,237.0,228.0,202.0,236.0,202.0,190.0,194.0,254.0,201.0,142.0,163.0,148.0,133.0,149.0,150.0,155.0,121.0,131.0,259.0,89.0,108.0,111.0,106.0,92.0,85.0,66.0,64.0,48.0,36.0,277.0,33.0,26.0,23.0,21.0,15.0,11.0,10.0,7.0,4.0,13.0
Brønshøj-Husum,2031,306.0,301.0,266.0,269.0,263.0,298.0,264.0,252.0,262.0,245.0,256.0,285.0,297.0,297.0,325.0,360.0,378.0,371.0,359.0,370.0,373.0,365.0,362.0,283.0,372.0,362.0,360.0,373.0,363.0,355.0,364.0,375.0,370.0,355.0,276.0,357.0,352.0,349.0,308.0,325.0,309.0,309.0,318.0,306.0,276.0,254.0,273.0,275.0,274.0,284.0,275.0,276.0,241.0,277.0,249.0,258.0,257.0,229.0,234.0,243.0,232.0,253.0,255.0,261.0,222.0,209.0,181.0,258.0,159.0,196.0,154.0,152.0,156.0,135.0,136.0,128.0,127.0,104.0,243.0,93.0,101.0,86.0,86.0,67.0,64.0,47.0,49.0,35.0,21.0,271.0,17.0,15.0,10.0,7.0,6.0,6.0,2.0,2.0,2.0,3.0,290.0,279.0,274.0,277.0,262.0,259.0,264.0,244.0,261.0,223.0,243.0,256.0,277.0,308.0,341.0,343.0,367.0,365.0,360.0,389.0,387.0,381.0,374.0,270.0,362.0,355.0,364.0,369.0,377.0,378.0,378.0,371.0,379.0,352.0,268.0,356.0,360.0,340.0,327.0,324.0,304.0,288.0,249.0,269.0,262.0,251.0,278.0,273.0,253.0,252.0,276.0,283.0,283.0,255.0,278.0,214.0,234.0,234.0,228.0,232.0,253.0,232.0,224.0,202.0,229.0,199.0,185.0,253.0,192.0,196.0,141.0,158.0,144.0,130.0,142.0,146.0,149.0,114.0,253.0,124.0,84.0,102.0,102.0,99.0,87.0,78.0,57.0,57.0,39.0,258.0,31.0,27.0,20.0,20.0,16.0,12.0,8.0,7.0,4.0,12.0
Brønshøj-Husum,2032,307.0,306.0,267.0,268.0,265.0,259.0,291.0,263.0,251.0,262.0,247.0,265.0,302.0,298.0,327.0,356.0,381.0,378.0,365.0,369.0,368.0,361.0,360.0,287.0,368.0,376.0,353.0,363.0,371.0,362.0,370.0,358.0,377.0,370.0,280.0,356.0,354.0,347.0,344.0,308.0,321.0,305.0,307.0,315.0,296.0,270.0,270.0,273.0,270.0,274.0,281.0,271.0,273.0,241.0,276.0,250.0,250.0,260.0,230.0,233.0,238.0,230.0,250.0,251.0,257.0,217.0,206.0,253.0,180.0,160.0,193.0,152.0,149.0,151.0,130.0,133.0,122.0,122.0,259.0,98.0,90.0,96.0,78.0,79.0,64.0,58.0,44.0,46.0,31.0,240.0,18.0,13.0,13.0,9.0,5.0,4.0,5.0,1.0,1.0,4.0,291.0,283.0,255.0,270.0,268.0,261.0,254.0,258.0,242.0,259.0,224.0,249.0,282.0,286.0,342.0,354.0,368.0,363.0,367.0,385.0,380.0,375.0,376.0,273.0,358.0,361.0,365.0,368.0,371.0,380.0,377.0,380.0,370.0,376.0,273.0,349.0,353.0,357.0,335.0,319.0,319.0,298.0,284.0,247.0,268.0,265.0,255.0,273.0,267.0,254.0,250.0,275.0,284.0,280.0,257.0,272.0,247.0,215.0,236.0,223.0,232.0,247.0,229.0,225.0,199.0,225.0,195.0,233.0,186.0,189.0,194.0,140.0,155.0,144.0,127.0,140.0,142.0,142.0,251.0,111.0,120.0,82.0,97.0,100.0,100.0,86.0,75.0,58.0,52.0,250.0,43.0,31.0,27.0,20.0,19.0,15.0,10.0,9.0,6.0,13.0
Brønshøj-Husum,2033,306.0,305.0,237.0,269.0,263.0,261.0,254.0,289.0,262.0,251.0,260.0,256.0,305.0,279.0,326.0,351.0,378.0,379.0,371.0,372.0,365.0,356.0,354.0,291.0,363.0,370.0,361.0,353.0,361.0,367.0,374.0,364.0,362.0,376.0,283.0,369.0,353.0,349.0,342.0,341.0,305.0,316.0,302.0,304.0,304.0,274.0,286.0,267.0,265.0,267.0,269.0,274.0,267.0,270.0,242.0,274.0,264.0,251.0,256.0,226.0,226.0,234.0,226.0,244.0,245.0,249.0,212.0,246.0,203.0,177.0,155.0,186.0,147.0,144.0,145.0,127.0,126.0,116.0,254.0,113.0,93.0,84.0,86.0,70.0,73.0,56.0,53.0,40.0,37.0,254.0,25.0,13.0,10.0,11.0,6.0,3.0,3.0,3.0,1.0,3.0,291.0,283.0,246.0,252.0,261.0,267.0,256.0,249.0,255.0,240.0,255.0,231.0,285.0,277.0,324.0,349.0,377.0,363.0,364.0,390.0,375.0,366.0,367.0,277.0,356.0,355.0,369.0,367.0,369.0,373.0,376.0,378.0,378.0,367.0,276.0,370.0,346.0,351.0,351.0,327.0,315.0,312.0,293.0,280.0,247.0,269.0,260.0,250.0,265.0,266.0,251.0,248.0,275.0,280.0,278.0,250.0,259.0,269.0,216.0,230.0,221.0,226.0,242.0,228.0,218.0,195.0,217.0,245.0,193.0,182.0,186.0,188.0,137.0,151.0,137.0,124.0,135.0,133.0,232.0,134.0,104.0,113.0,76.0,92.0,95.0,91.0,75.0,66.0,47.0,247.0,45.0,35.0,24.0,23.0,16.0,15.0,10.0,8.0,5.0,13.0
Brønshøj-Husum,2034,304.0,304.0,249.0,239.0,264.0,258.0,256.0,252.0,286.0,261.0,250.0,266.0,304.0,269.0,301.0,344.0,367.0,375.0,368.0,375.0,365.0,350.0,347.0,293.0,354.0,362.0,355.0,358.0,350.0,356.0,376.0,364.0,367.0,362.0,286.0,373.0,364.0,348.0,344.0,339.0,335.0,301.0,312.0,299.0,292.0,276.0,292.0,281.0,259.0,262.0,262.0,263.0,268.0,263.0,269.0,242.0,267.0,273.0,248.0,252.0,219.0,222.0,230.0,221.0,239.0,238.0,243.0,259.0,209.0,199.0,172.0,152.0,180.0,142.0,138.0,141.0,120.0,119.0,248.0,107.0,107.0,88.0,75.0,77.0,65.0,65.0,52.0,47.0,33.0,249.0,30.0,18.0,10.0,9.0,8.0,4.0,3.0,2.0,2.0,3.0,288.0,281.0,243.0,243.0,245.0,259.0,261.0,249.0,247.0,253.0,238.0,257.0,284.0,257.0,308.0,332.0,368.0,367.0,361.0,386.0,376.0,358.0,356.0,279.0,345.0,350.0,362.0,369.0,365.0,370.0,368.0,376.0,375.0,374.0,279.0,361.0,365.0,344.0,345.0,341.0,321.0,307.0,306.0,288.0,278.0,271.0,240.0,253.0,243.0,263.0,262.0,249.0,248.0,271.0,278.0,270.0,263.0,248.0,269.0,211.0,228.0,216.0,221.0,241.0,222.0,214.0,190.0,256.0,216.0,189.0,179.0,181.0,182.0,134.0,144.0,134.0,121.0,127.0,243.0,127.0,126.0,98.0,104.0,72.0,88.0,88.0,79.0,67.0,54.0,229.0,42.0,38.0,29.0,22.0,18.0,13.0,11.0,8.0,5.0,13.0
Brønshøj-Husum,2035,304.0,303.0,245.0,251.0,236.0,260.0,254.0,255.0,252.0,284.0,260.0,258.0,304.0,276.0,290.0,321.0,363.0,367.0,369.0,375.0,371.0,353.0,345.0,293.0,351.0,357.0,350.0,354.0,355.0,348.0,368.0,367.0,367.0,368.0,289.0,362.0,368.0,359.0,344.0,342.0,335.0,330.0,299.0,310.0,289.0,280.0,282.0,288.0,272.0,256.0,258.0,257.0,258.0,264.0,262.0,267.0,270.0,244.0,269.0,245.0,244.0,216.0,218.0,224.0,217.0,233.0,234.0,263.0,239.0,206.0,194.0,168.0,148.0,174.0,137.0,135.0,134.0,115.0,261.0,110.0,102.0,100.0,79.0,69.0,71.0,58.0,59.0,47.0,39.0,245.0,26.0,22.0,15.0,9.0,6.0,5.0,4.0,2.0,1.0,4.0,289.0,281.0,226.0,239.0,236.0,244.0,254.0,255.0,247.0,245.0,251.0,242.0,284.0,275.0,289.0,317.0,358.0,362.0,368.0,386.0,375.0,362.0,352.0,280.0,339.0,343.0,359.0,364.0,370.0,367.0,366.0,370.0,373.0,373.0,282.0,369.0,358.0,362.0,338.0,337.0,337.0,314.0,302.0,301.0,286.0,275.0,269.0,234.0,246.0,242.0,260.0,260.0,250.0,245.0,269.0,270.0,266.0,267.0,249.0,262.0,211.0,223.0,211.0,221.0,234.0,218.0,208.0,261.0,189.0,211.0,186.0,175.0,176.0,177.0,128.0,140.0,130.0,114.0,255.0,122.0,119.0,118.0,91.0,98.0,70.0,82.0,77.0,71.0,56.0,240.0,49.0,36.0,31.0,25.0,17.0,15.0,9.0,9.0,5.0,12.0
Brønshøj-Husum,2036,306.0,305.0,242.0,248.0,247.0,234.0,256.0,253.0,255.0,252.0,283.0,268.0,305.0,270.0,291.0,314.0,345.0,368.0,364.0,381.0,374.0,362.0,351.0,295.0,353.0,358.0,347.0,352.0,355.0,355.0,362.0,361.0,371.0,368.0,291.0,369.0,360.0,365.0,356.0,344.0,339.0,331.0,328.0,299.0,300.0,284.0,280.0,279.0,279.0,268.0,252.0,253.0,253.0,255.0,262.0,261.0,275.0,268.0,242.0,266.0,238.0,239.0,212.0,213.0,221.0,212.0,229.0,267.0,231.0,235.0,201.0,189.0,163.0,144.0,167.0,134.0,129.0,127.0,266.0,107.0,105.0,96.0,90.0,72.0,64.0,63.0,53.0,53.0,38.0,259.0,31.0,19.0,17.0,13.0,7.0,4.0,4.0,2.0,1.0,4.0,291.0,283.0,238.0,224.0,232.0,236.0,241.0,249.0,253.0,246.0,245.0,255.0,286.0,264.0,300.0,304.0,347.0,359.0,366.0,396.0,379.0,365.0,359.0,282.0,339.0,340.0,354.0,364.0,368.0,374.0,366.0,370.0,369.0,372.0,283.0,369.0,368.0,356.0,357.0,332.0,334.0,330.0,310.0,299.0,300.0,279.0,278.0,263.0,229.0,246.0,240.0,258.0,261.0,247.0,244.0,262.0,270.0,268.0,268.0,243.0,260.0,206.0,218.0,211.0,215.0,230.0,212.0,264.0,207.0,186.0,208.0,181.0,170.0,172.0,169.0,126.0,136.0,123.0,260.0,110.0,115.0,112.0,109.0,86.0,94.0,66.0,72.0,70.0,59.0,253.0,50.0,42.0,30.0,28.0,20.0,14.0,11.0,8.0,6.0,13.0
Brønshøj-Husum,2037,302.0,304.0,255.0,245.0,243.0,243.0,230.0,254.0,252.0,254.0,252.0,288.0,305.0,277.0,282.0,306.0,334.0,345.0,360.0,370.0,374.0,359.0,354.0,294.0,353.0,355.0,344.0,345.0,349.0,351.0,364.0,353.0,363.0,370.0,291.0,367.0,366.0,356.0,359.0,354.0,339.0,334.0,328.0,325.0,289.0,284.0,290.0,276.0,270.0,274.0,262.0,246.0,248.0,249.0,253.0,260.0,278.0,260.0,264.0,239.0,257.0,234.0,235.0,208.0,209.0,215.0,209.0,271.0,226.0,228.0,229.0,196.0,183.0,159.0,139.0,163.0,128.0,123.0,269.0,118.0,102.0,99.0,87.0,81.0,67.0,57.0,58.0,48.0,44.0,262.0,31.0,23.0,16.0,15.0,9.0,4.0,4.0,3.0,1.0,4.0,287.0,282.0,249.0,235.0,218.0,231.0,231.0,236.0,246.0,251.0,245.0,249.0,285.0,271.0,287.0,305.0,331.0,343.0,359.0,388.0,383.0,363.0,357.0,281.0,340.0,335.0,347.0,354.0,363.0,368.0,369.0,366.0,367.0,366.0,284.0,367.0,366.0,365.0,350.0,348.0,328.0,326.0,324.0,305.0,296.0,279.0,290.0,271.0,255.0,228.0,242.0,238.0,258.0,256.0,246.0,238.0,273.0,260.0,268.0,261.0,241.0,253.0,203.0,218.0,205.0,211.0,223.0,268.0,211.0,203.0,184.0,202.0,176.0,167.0,164.0,165.0,123.0,128.0,263.0,118.0,103.0,109.0,104.0,103.0,83.0,87.0,58.0,65.0,58.0,257.0,53.0,43.0,35.0,28.0,22.0,16.0,11.0,9.0,5.0,13.0
Brønshøj-Husum,2038,300.0,301.0,258.0,257.0,241.0,239.0,238.0,229.0,253.0,251.0,254.0,260.0,304.0,295.0,285.0,298.0,323.0,336.0,338.0,366.0,364.0,360.0,351.0,294.0,357.0,355.0,341.0,343.0,343.0,345.0,361.0,355.0,355.0,363.0,290.0,367.0,363.0,361.0,352.0,357.0,349.0,334.0,331.0,325.0,313.0,284.0,279.0,285.0,267.0,265.0,267.0,255.0,241.0,244.0,247.0,251.0,278.0,258.0,257.0,260.0,232.0,252.0,230.0,229.0,204.0,204.0,212.0,274.0,207.0,224.0,222.0,223.0,191.0,177.0,153.0,136.0,155.0,122.0,272.0,114.0,113.0,96.0,89.0,79.0,75.0,59.0,52.0,52.0,40.0,265.0,36.0,23.0,19.0,14.0,11.0,6.0,4.0,2.0,2.0,4.0,285.0,279.0,253.0,246.0,228.0,217.0,227.0,226.0,234.0,245.0,249.0,248.0,284.0,267.0,292.0,295.0,330.0,329.0,343.0,383.0,375.0,366.0,355.0,281.0,338.0,337.0,343.0,348.0,354.0,364.0,364.0,369.0,363.0,364.0,283.0,361.0,364.0,364.0,359.0,342.0,343.0,321.0,321.0,319.0,302.0,280.0,286.0,282.0,262.0,253.0,225.0,240.0,239.0,254.0,255.0,239.0,274.0,236.0,260.0,261.0,259.0,236.0,247.0,203.0,211.0,202.0,205.0,271.0,222.0,207.0,201.0,180.0,197.0,173.0,159.0,160.0,159.0,116.0,266.0,123.0,111.0,98.0,101.0,99.0,98.0,77.0,77.0,53.0,54.0,260.0,53.0,46.0,37.0,31.0,22.0,18.0,12.0,9.0,6.0,13.0
Brønshøj-Husum,2039,297.0,298.0,261.0,261.0,253.0,237.0,235.0,236.0,229.0,253.0,251.0,262.0,301.0,270.0,298.0,298.0,318.0,324.0,330.0,345.0,360.0,350.0,353.0,293.0,354.0,359.0,341.0,340.0,340.0,339.0,355.0,352.0,356.0,355.0,290.0,361.0,363.0,358.0,357.0,350.0,352.0,344.0,332.0,329.0,314.0,284.0,302.0,276.0,276.0,262.0,259.0,260.0,249.0,237.0,243.0,246.0,278.0,251.0,254.0,253.0,252.0,228.0,247.0,225.0,225.0,199.0,201.0,274.0,210.0,206.0,218.0,217.0,216.0,185.0,171.0,150.0,130.0,147.0,275.0,114.0,110.0,106.0,87.0,81.0,73.0,66.0,55.0,48.0,42.0,269.0,33.0,27.0,19.0,17.0,10.0,7.0,5.0,3.0,1.0,4.0,282.0,277.0,256.0,250.0,239.0,228.0,213.0,222.0,225.0,233.0,243.0,252.0,281.0,264.0,289.0,298.0,321.0,325.0,330.0,366.0,370.0,358.0,358.0,280.0,336.0,335.0,344.0,345.0,348.0,355.0,359.0,364.0,366.0,360.0,283.0,359.0,358.0,361.0,358.0,350.0,338.0,336.0,316.0,316.0,316.0,279.0,292.0,279.0,272.0,260.0,249.0,224.0,240.0,235.0,252.0,248.0,274.0,237.0,236.0,253.0,259.0,252.0,231.0,246.0,198.0,208.0,196.0,271.0,205.0,218.0,205.0,197.0,176.0,193.0,165.0,156.0,156.0,150.0,269.0,112.0,116.0,105.0,91.0,96.0,94.0,91.0,68.0,69.0,45.0,263.0,49.0,45.0,39.0,33.0,25.0,18.0,14.0,10.0,6.0,14.0
Brønshøj-Husum,2040,294.0,296.0,265.0,264.0,257.0,249.0,233.0,233.0,235.0,230.0,253.0,258.0,299.0,271.0,274.0,309.0,317.0,320.0,318.0,337.0,339.0,347.0,343.0,290.0,356.0,356.0,345.0,340.0,338.0,337.0,349.0,346.0,354.0,356.0,289.0,353.0,357.0,358.0,353.0,356.0,346.0,347.0,341.0,330.0,317.0,284.0,303.0,298.0,268.0,272.0,257.0,252.0,254.0,245.0,235.0,241.0,278.0,245.0,247.0,250.0,245.0,248.0,225.0,241.0,221.0,219.0,196.0,274.0,199.0,208.0,201.0,214.0,211.0,210.0,179.0,167.0,143.0,125.0,276.0,137.0,109.0,104.0,96.0,79.0,75.0,65.0,61.0,50.0,39.0,272.0,34.0,24.0,22.0,16.0,12.0,6.0,6.0,3.0,2.0,4.0,279.0,274.0,260.0,253.0,243.0,239.0,223.0,209.0,220.0,224.0,233.0,246.0,279.0,265.0,284.0,298.0,325.0,320.0,326.0,353.0,354.0,354.0,350.0,277.0,339.0,333.0,343.0,346.0,345.0,349.0,350.0,359.0,362.0,363.0,282.0,355.0,356.0,355.0,355.0,349.0,346.0,330.0,330.0,311.0,313.0,279.0,306.0,284.0,270.0,270.0,256.0,246.0,224.0,236.0,234.0,245.0,274.0,245.0,237.0,230.0,251.0,252.0,247.0,231.0,239.0,195.0,202.0,272.0,195.0,201.0,216.0,201.0,192.0,173.0,184.0,161.0,152.0,147.0,270.0,144.0,106.0,110.0,98.0,87.0,92.0,88.0,80.0,62.0,58.0,266.0,41.0,43.0,39.0,35.0,26.0,20.0,14.0,11.0,6.0,14.0
Brønshøj-Husum,2041,290.0,293.0,268.0,268.0,260.0,253.0,245.0,232.0,233.0,235.0,232.0,260.0,296.0,267.0,272.0,288.0,328.0,321.0,316.0,325.0,332.0,327.0,340.0,288.0,346.0,358.0,342.0,344.0,338.0,335.0,347.0,341.0,348.0,354.0,286.0,354.0,349.0,352.0,353.0,352.0,352.0,341.0,345.0,339.0,319.0,283.0,307.0,299.0,288.0,264.0,266.0,250.0,246.0,249.0,242.0,234.0,278.0,240.0,242.0,243.0,242.0,241.0,243.0,220.0,236.0,217.0,216.0,274.0,195.0,197.0,203.0,197.0,208.0,205.0,202.0,176.0,159.0,137.0,276.0,117.0,131.0,104.0,94.0,88.0,74.0,67.0,60.0,55.0,41.0,272.0,32.0,25.0,20.0,19.0,12.0,8.0,6.0,4.0,2.0,5.0,276.0,272.0,263.0,257.0,246.0,243.0,235.0,219.0,208.0,219.0,225.0,238.0,277.0,258.0,281.0,292.0,328.0,324.0,322.0,347.0,342.0,339.0,347.0,275.0,332.0,336.0,341.0,345.0,346.0,346.0,345.0,351.0,357.0,359.0,280.0,358.0,352.0,353.0,350.0,347.0,345.0,339.0,325.0,325.0,309.0,278.0,304.0,297.0,275.0,268.0,266.0,253.0,246.0,220.0,234.0,228.0,273.0,243.0,245.0,231.0,229.0,245.0,247.0,246.0,225.0,235.0,190.0,271.0,201.0,192.0,199.0,211.0,196.0,189.0,166.0,180.0,157.0,143.0,270.0,141.0,135.0,101.0,102.0,93.0,83.0,85.0,77.0,72.0,52.0,267.0,52.0,36.0,36.0,35.0,28.0,22.0,16.0,11.0,7.0,15.0
Brønshøj-Husum,2042,287.0,290.0,268.0,271.0,263.0,256.0,248.0,244.0,232.0,233.0,235.0,241.0,293.0,268.0,265.0,283.0,311.0,332.0,317.0,325.0,321.0,321.0,322.0,286.0,344.0,349.0,345.0,341.0,342.0,335.0,345.0,339.0,343.0,347.0,284.0,352.0,350.0,345.0,348.0,351.0,347.0,347.0,339.0,342.0,327.0,281.0,308.0,303.0,290.0,284.0,259.0,259.0,244.0,242.0,246.0,239.0,277.0,233.0,237.0,238.0,235.0,237.0,237.0,238.0,217.0,231.0,214.0,274.0,214.0,193.0,193.0,199.0,193.0,203.0,198.0,198.0,168.0,152.0,276.0,129.0,112.0,123.0,94.0,86.0,82.0,66.0,61.0,55.0,45.0,273.0,34.0,24.0,21.0,17.0,14.0,8.0,7.0,4.0,2.0,5.0,273.0,269.0,263.0,259.0,249.0,245.0,238.0,230.0,217.0,208.0,218.0,230.0,274.0,250.0,273.0,288.0,323.0,328.0,326.0,344.0,336.0,328.0,332.0,273.0,330.0,329.0,344.0,343.0,345.0,347.0,342.0,346.0,348.0,354.0,278.0,354.0,355.0,349.0,347.0,342.0,343.0,338.0,333.0,320.0,322.0,276.0,300.0,296.0,288.0,273.0,263.0,262.0,252.0,241.0,220.0,228.0,273.0,226.0,243.0,239.0,230.0,223.0,240.0,246.0,239.0,221.0,228.0,271.0,190.0,197.0,190.0,195.0,206.0,193.0,181.0,163.0,175.0,148.0,270.0,138.0,133.0,128.0,94.0,97.0,90.0,78.0,76.0,70.0,60.0,268.0,47.0,45.0,31.0,33.0,28.0,23.0,17.0,13.0,8.0,17.0
Brønshøj-Husum,2043,284.0,286.0,269.0,272.0,266.0,260.0,251.0,247.0,244.0,233.0,233.0,242.0,290.0,252.0,263.0,275.0,307.0,318.0,329.0,326.0,321.0,310.0,316.0,283.0,325.0,347.0,336.0,344.0,339.0,340.0,346.0,337.0,342.0,343.0,282.0,346.0,348.0,345.0,341.0,346.0,347.0,343.0,345.0,338.0,331.0,279.0,317.0,305.0,293.0,286.0,278.0,253.0,254.0,240.0,239.0,243.0,275.0,238.0,229.0,233.0,230.0,231.0,233.0,232.0,234.0,212.0,227.0,273.0,212.0,212.0,189.0,189.0,194.0,188.0,196.0,194.0,189.0,160.0,276.0,142.0,124.0,107.0,112.0,86.0,80.0,73.0,62.0,56.0,45.0,273.0,37.0,26.0,20.0,18.0,13.0,9.0,7.0,5.0,2.0,6.0,270.0,266.0,264.0,260.0,252.0,249.0,241.0,233.0,228.0,217.0,208.0,222.0,271.0,242.0,266.0,281.0,319.0,324.0,332.0,349.0,333.0,322.0,322.0,271.0,316.0,327.0,337.0,346.0,343.0,347.0,344.0,343.0,344.0,346.0,276.0,349.0,351.0,352.0,343.0,339.0,338.0,336.0,333.0,329.0,318.0,274.0,312.0,292.0,287.0,286.0,269.0,260.0,262.0,248.0,240.0,214.0,271.0,226.0,226.0,236.0,237.0,224.0,219.0,239.0,239.0,234.0,215.0,270.0,227.0,187.0,195.0,186.0,190.0,202.0,185.0,177.0,159.0,165.0,270.0,143.0,130.0,126.0,119.0,90.0,93.0,84.0,69.0,69.0,59.0,268.0,55.0,41.0,39.0,29.0,27.0,23.0,18.0,14.0,9.0,18.0
Brønshøj-Husum,2044,281.0,284.0,269.0,272.0,268.0,263.0,255.0,250.0,247.0,244.0,233.0,240.0,288.0,249.0,248.0,272.0,301.0,316.0,317.0,338.0,323.0,311.0,305.0,281.0,320.0,329.0,334.0,336.0,343.0,337.0,351.0,338.0,340.0,342.0,280.0,341.0,342.0,344.0,341.0,339.0,342.0,342.0,341.0,344.0,327.0,277.0,320.0,313.0,295.0,290.0,280.0,271.0,248.0,250.0,238.0,237.0,274.0,242.0,234.0,226.0,226.0,226.0,227.0,227.0,227.0,228.0,210.0,272.0,225.0,211.0,207.0,186.0,185.0,189.0,183.0,193.0,186.0,180.0,275.0,150.0,137.0,118.0,97.0,102.0,81.0,72.0,68.0,56.0,46.0,273.0,38.0,28.0,21.0,17.0,13.0,8.0,8.0,5.0,3.0,6.0,267.0,263.0,264.0,261.0,253.0,252.0,245.0,236.0,232.0,228.0,217.0,213.0,269.0,231.0,259.0,276.0,314.0,322.0,328.0,356.0,338.0,320.0,316.0,269.0,306.0,314.0,336.0,339.0,346.0,345.0,343.0,345.0,342.0,342.0,274.0,341.0,346.0,349.0,347.0,336.0,336.0,331.0,330.0,329.0,326.0,272.0,309.0,304.0,283.0,285.0,281.0,266.0,260.0,257.0,246.0,233.0,269.0,212.0,226.0,221.0,235.0,231.0,220.0,219.0,233.0,235.0,228.0,269.0,215.0,223.0,186.0,191.0,181.0,187.0,194.0,182.0,173.0,151.0,269.0,159.0,135.0,124.0,117.0,113.0,87.0,87.0,75.0,63.0,58.0,268.0,53.0,47.0,36.0,35.0,23.0,22.0,18.0,15.0,9.0,19.0
Brønshøj-Husum,2045,278.0,281.0,269.0,272.0,268.0,264.0,258.0,254.0,250.0,248.0,244.0,241.0,285.0,246.0,239.0,260.0,298.0,310.0,316.0,328.0,334.0,313.0,307.0,279.0,310.0,324.0,318.0,334.0,334.0,341.0,348.0,343.0,341.0,341.0,278.0,341.0,338.0,338.0,340.0,339.0,335.0,337.0,340.0,339.0,332.0,275.0,316.0,316.0,303.0,292.0,284.0,273.0,265.0,245.0,247.0,236.0,272.0,235.0,238.0,230.0,219.0,222.0,222.0,222.0,223.0,223.0,225.0,270.0,208.0,223.0,206.0,203.0,182.0,181.0,184.0,180.0,185.0,178.0,274.0,169.0,145.0,130.0,107.0,90.0,95.0,73.0,67.0,62.0,47.0,272.0,38.0,28.0,23.0,18.0,13.0,9.0,8.0,5.0,3.0,7.0,264.0,261.0,264.0,261.0,254.0,253.0,247.0,240.0,235.0,231.0,228.0,221.0,266.0,222.0,244.0,271.0,310.0,318.0,326.0,353.0,345.0,325.0,315.0,266.0,301.0,305.0,323.0,338.0,340.0,348.0,342.0,345.0,343.0,340.0,271.0,338.0,339.0,344.0,344.0,339.0,332.0,329.0,326.0,326.0,327.0,271.0,317.0,301.0,295.0,282.0,281.0,278.0,265.0,255.0,255.0,239.0,268.0,231.0,213.0,220.0,219.0,229.0,227.0,220.0,213.0,228.0,229.0,267.0,227.0,211.0,221.0,182.0,187.0,179.0,180.0,190.0,177.0,164.0,268.0,146.0,150.0,128.0,116.0,112.0,108.0,82.0,77.0,68.0,53.0,267.0,53.0,47.0,41.0,32.0,28.0,20.0,18.0,15.0,10.0,21.0
Brønshøj-Husum,2046,275.0,278.0,268.0,272.0,268.0,264.0,259.0,257.0,254.0,251.0,248.0,252.0,282.0,247.0,234.0,248.0,291.0,308.0,311.0,327.0,325.0,324.0,308.0,276.0,311.0,314.0,313.0,318.0,333.0,332.0,352.0,340.0,346.0,341.0,275.0,340.0,337.0,334.0,334.0,338.0,335.0,331.0,336.0,338.0,328.0,273.0,322.0,313.0,307.0,299.0,286.0,277.0,268.0,261.0,243.0,245.0,270.0,235.0,232.0,234.0,223.0,215.0,218.0,217.0,218.0,218.0,220.0,268.0,224.0,207.0,219.0,203.0,199.0,178.0,176.0,181.0,173.0,177.0,272.0,167.0,162.0,138.0,118.0,99.0,85.0,86.0,68.0,61.0,51.0,270.0,39.0,29.0,23.0,20.0,14.0,8.0,8.0,5.0,3.0,8.0,262.0,258.0,264.0,261.0,254.0,254.0,249.0,242.0,238.0,234.0,232.0,232.0,264.0,226.0,234.0,254.0,309.0,316.0,323.0,351.0,343.0,332.0,320.0,264.0,300.0,299.0,314.0,325.0,339.0,342.0,345.0,343.0,343.0,342.0,269.0,336.0,335.0,337.0,339.0,336.0,335.0,325.0,324.0,321.0,324.0,268.0,317.0,308.0,292.0,293.0,278.0,278.0,277.0,260.0,253.0,248.0,266.0,237.0,231.0,207.0,218.0,215.0,224.0,226.0,214.0,209.0,223.0,266.0,228.0,223.0,209.0,216.0,178.0,184.0,172.0,176.0,186.0,168.0,266.0,158.0,138.0,143.0,120.0,111.0,107.0,101.0,73.0,71.0,57.0,265.0,49.0,46.0,40.0,37.0,26.0,23.0,16.0,15.0,10.0,23.0
Brønshøj-Husum,2047,273.0,275.0,267.0,272.0,268.0,265.0,260.0,258.0,257.0,254.0,251.0,256.0,279.0,257.0,232.0,241.0,276.0,304.0,310.0,323.0,324.0,316.0,319.0,273.0,313.0,315.0,303.0,313.0,317.0,331.0,343.0,344.0,343.0,346.0,273.0,340.0,336.0,333.0,330.0,332.0,334.0,331.0,329.0,334.0,327.0,270.0,318.0,318.0,304.0,303.0,294.0,280.0,272.0,264.0,258.0,241.0,268.0,244.0,231.0,228.0,226.0,218.0,211.0,213.0,214.0,213.0,214.0,267.0,218.0,222.0,203.0,215.0,199.0,194.0,173.0,173.0,174.0,167.0,270.0,167.0,161.0,154.0,126.0,109.0,93.0,76.0,79.0,62.0,51.0,269.0,42.0,29.0,23.0,20.0,15.0,9.0,8.0,5.0,3.0,9.0,259.0,255.0,262.0,261.0,254.0,254.0,249.0,243.0,241.0,238.0,234.0,235.0,261.0,235.0,235.0,246.0,290.0,316.0,322.0,348.0,340.0,329.0,327.0,261.0,304.0,299.0,308.0,316.0,326.0,341.0,339.0,346.0,342.0,341.0,267.0,337.0,333.0,333.0,331.0,331.0,332.0,328.0,320.0,319.0,319.0,266.0,314.0,309.0,299.0,290.0,289.0,275.0,277.0,272.0,259.0,247.0,264.0,245.0,237.0,225.0,206.0,213.0,211.0,224.0,220.0,211.0,204.0,264.0,222.0,224.0,221.0,205.0,210.0,176.0,177.0,168.0,172.0,176.0,265.0,163.0,150.0,132.0,133.0,114.0,107.0,100.0,89.0,67.0,59.0,264.0,53.0,43.0,40.0,36.0,30.0,22.0,19.0,13.0,10.0,24.0
Brønshøj-Husum,2048,271.0,273.0,265.0,270.0,268.0,265.0,260.0,259.0,258.0,257.0,255.0,259.0,276.0,260.0,238.0,238.0,271.0,289.0,309.0,321.0,320.0,315.0,312.0,270.0,324.0,317.0,305.0,304.0,313.0,315.0,342.0,335.0,347.0,344.0,270.0,345.0,337.0,332.0,330.0,328.0,328.0,330.0,329.0,327.0,323.0,268.0,316.0,314.0,309.0,300.0,297.0,287.0,274.0,268.0,262.0,257.0,265.0,240.0,240.0,228.0,221.0,222.0,214.0,207.0,209.0,209.0,210.0,264.0,213.0,216.0,217.0,201.0,210.0,195.0,189.0,171.0,166.0,167.0,269.0,157.0,161.0,153.0,141.0,116.0,102.0,84.0,71.0,72.0,52.0,267.0,43.0,32.0,24.0,20.0,15.0,10.0,8.0,5.0,3.0,9.0,257.0,253.0,261.0,259.0,254.0,254.0,249.0,244.0,242.0,240.0,238.0,238.0,258.0,237.0,243.0,245.0,283.0,297.0,323.0,347.0,337.0,327.0,325.0,258.0,311.0,303.0,308.0,310.0,317.0,328.0,338.0,340.0,345.0,340.0,264.0,337.0,334.0,331.0,328.0,324.0,327.0,325.0,323.0,316.0,317.0,264.0,310.0,306.0,300.0,297.0,286.0,285.0,275.0,273.0,271.0,252.0,261.0,244.0,245.0,231.0,223.0,202.0,209.0,211.0,218.0,216.0,205.0,262.0,204.0,218.0,222.0,216.0,201.0,207.0,169.0,173.0,165.0,164.0,263.0,170.0,154.0,144.0,124.0,127.0,110.0,100.0,89.0,82.0,57.0,263.0,54.0,46.0,37.0,36.0,29.0,25.0,17.0,16.0,9.0,25.0
Brønshøj-Husum,2049,269.0,271.0,264.0,269.0,266.0,264.0,260.0,259.0,259.0,258.0,257.0,262.0,274.0,261.0,238.0,245.0,269.0,284.0,292.0,321.0,319.0,312.0,312.0,268.0,318.0,328.0,307.0,306.0,303.0,311.0,325.0,334.0,338.0,348.0,267.0,343.0,342.0,333.0,329.0,328.0,324.0,324.0,328.0,327.0,316.0,265.0,312.0,312.0,305.0,306.0,295.0,290.0,281.0,271.0,266.0,260.0,263.0,255.0,237.0,236.0,220.0,216.0,218.0,209.0,203.0,205.0,206.0,262.0,209.0,211.0,212.0,214.0,197.0,206.0,189.0,186.0,164.0,160.0,266.0,158.0,152.0,154.0,140.0,129.0,109.0,92.0,78.0,65.0,61.0,266.0,43.0,32.0,26.0,21.0,15.0,10.0,9.0,6.0,3.0,9.0,255.0,251.0,259.0,258.0,252.0,253.0,249.0,244.0,243.0,241.0,240.0,241.0,256.0,237.0,243.0,255.0,282.0,292.0,304.0,349.0,336.0,324.0,322.0,256.0,309.0,310.0,312.0,310.0,312.0,319.0,325.0,339.0,339.0,343.0,261.0,336.0,334.0,333.0,326.0,321.0,320.0,320.0,320.0,319.0,314.0,261.0,308.0,302.0,297.0,298.0,293.0,283.0,285.0,270.0,271.0,263.0,259.0,249.0,244.0,238.0,229.0,217.0,198.0,209.0,205.0,214.0,211.0,260.0,205.0,200.0,216.0,217.0,211.0,198.0,199.0,167.0,169.0,156.0,261.0,158.0,162.0,148.0,135.0,119.0,122.0,103.0,89.0,81.0,68.0,261.0,52.0,48.0,40.0,34.0,30.0,24.0,20.0,15.0,10.0,25.0
Brønshøj-Husum,2050,267.0,269.0,262.0,267.0,265.0,263.0,259.0,259.0,259.0,259.0,259.0,265.0,272.0,263.0,237.0,245.0,278.0,282.0,288.0,304.0,320.0,311.0,309.0,265.0,318.0,322.0,318.0,308.0,305.0,301.0,321.0,318.0,337.0,339.0,265.0,346.0,339.0,338.0,329.0,327.0,324.0,320.0,322.0,326.0,316.0,263.0,306.0,309.0,303.0,302.0,300.0,288.0,285.0,277.0,269.0,264.0,260.0,259.0,252.0,234.0,229.0,217.0,212.0,212.0,205.0,199.0,202.0,260.0,205.0,207.0,206.0,209.0,210.0,193.0,200.0,187.0,178.0,158.0,264.0,151.0,153.0,146.0,142.0,130.0,122.0,98.0,86.0,72.0,55.0,264.0,51.0,33.0,27.0,23.0,16.0,10.0,9.0,6.0,3.0,10.0,254.0,249.0,258.0,256.0,251.0,252.0,249.0,244.0,243.0,242.0,241.0,243.0,254.0,237.0,243.0,255.0,294.0,291.0,299.0,329.0,339.0,324.0,320.0,254.0,307.0,308.0,319.0,314.0,311.0,314.0,316.0,326.0,338.0,337.0,259.0,339.0,333.0,333.0,328.0,319.0,317.0,313.0,315.0,316.0,317.0,258.0,304.0,300.0,293.0,296.0,294.0,290.0,283.0,280.0,269.0,264.0,256.0,260.0,249.0,237.0,236.0,223.0,213.0,199.0,203.0,202.0,209.0,257.0,210.0,201.0,199.0,212.0,212.0,209.0,191.0,196.0,163.0,161.0,259.0,151.0,150.0,154.0,139.0,129.0,115.0,115.0,92.0,82.0,68.0,259.0,63.0,46.0,41.0,37.0,28.0,25.0,20.0,17.0,10.0,26.0
Brønshøj-Husum,2051,265.0,267.0,260.0,266.0,263.0,261.0,258.0,258.0,259.0,259.0,259.0,266.0,270.0,265.0,236.0,244.0,278.0,292.0,287.0,300.0,303.0,312.0,307.0,263.0,314.0,322.0,312.0,318.0,307.0,303.0,311.0,314.0,320.0,338.0,262.0,337.0,343.0,335.0,334.0,328.0,323.0,320.0,318.0,320.0,315.0,260.0,306.0,303.0,300.0,300.0,296.0,293.0,283.0,281.0,275.0,267.0,258.0,263.0,256.0,248.0,227.0,225.0,213.0,207.0,208.0,201.0,196.0,257.0,201.0,204.0,203.0,203.0,205.0,206.0,188.0,197.0,180.0,172.0,262.0,150.0,147.0,146.0,134.0,131.0,122.0,110.0,92.0,79.0,60.0,261.0,46.0,38.0,27.0,24.0,18.0,11.0,9.0,6.0,4.0,10.0,252.0,248.0,256.0,255.0,250.0,251.0,248.0,244.0,243.0,242.0,242.0,243.0,252.0,237.0,242.0,255.0,295.0,303.0,297.0,324.0,319.0,327.0,320.0,252.0,305.0,306.0,317.0,321.0,315.0,313.0,311.0,318.0,325.0,336.0,256.0,332.0,336.0,331.0,328.0,320.0,315.0,310.0,309.0,311.0,314.0,256.0,307.0,296.0,291.0,291.0,292.0,291.0,290.0,278.0,279.0,262.0,254.0,261.0,260.0,242.0,235.0,231.0,219.0,213.0,194.0,200.0,197.0,255.0,208.0,207.0,200.0,195.0,207.0,210.0,200.0,188.0,191.0,156.0,257.0,156.0,144.0,144.0,145.0,133.0,125.0,108.0,102.0,84.0,69.0,257.0,63.0,55.0,41.0,38.0,30.0,24.0,20.0,16.0,11.0,26.0
Brønshøj-Husum,2052,263.0,265.0,258.0,264.0,262.0,260.0,257.0,257.0,259.0,259.0,259.0,266.0,268.0,264.0,235.0,243.0,278.0,293.0,297.0,298.0,298.0,295.0,309.0,261.0,312.0,319.0,312.0,312.0,317.0,305.0,313.0,304.0,317.0,321.0,260.0,336.0,334.0,339.0,331.0,332.0,324.0,319.0,318.0,316.0,309.0,258.0,305.0,302.0,294.0,296.0,294.0,289.0,288.0,279.0,279.0,274.0,255.0,267.0,260.0,252.0,240.0,223.0,221.0,208.0,204.0,204.0,198.0,255.0,195.0,200.0,199.0,200.0,199.0,201.0,200.0,186.0,189.0,174.0,259.0,163.0,145.0,140.0,134.0,124.0,124.0,111.0,103.0,85.0,66.0,259.0,51.0,35.0,32.0,24.0,18.0,12.0,10.0,6.0,4.0,10.0,250.0,246.0,254.0,253.0,248.0,249.0,246.0,242.0,242.0,242.0,242.0,244.0,250.0,235.0,241.0,254.0,295.0,305.0,310.0,322.0,314.0,307.0,322.0,250.0,304.0,303.0,315.0,319.0,322.0,317.0,310.0,312.0,316.0,323.0,254.0,332.0,330.0,334.0,326.0,320.0,317.0,309.0,306.0,304.0,309.0,254.0,305.0,299.0,287.0,289.0,287.0,289.0,291.0,285.0,277.0,271.0,251.0,260.0,261.0,253.0,240.0,230.0,226.0,219.0,207.0,190.0,195.0,252.0,197.0,205.0,205.0,196.0,191.0,205.0,201.0,197.0,184.0,181.0,254.0,151.0,148.0,138.0,135.0,140.0,129.0,118.0,97.0,93.0,71.0,254.0,63.0,55.0,48.0,37.0,31.0,25.0,19.0,17.0,11.0,28.0
Brønshøj-Husum,2053,262.0,263.0,255.0,261.0,260.0,258.0,255.0,256.0,257.0,259.0,259.0,266.0,266.0,263.0,233.0,241.0,278.0,293.0,298.0,309.0,297.0,291.0,292.0,260.0,315.0,317.0,309.0,312.0,311.0,315.0,314.0,305.0,307.0,318.0,258.0,320.0,333.0,330.0,335.0,330.0,328.0,319.0,317.0,317.0,306.0,256.0,299.0,301.0,293.0,290.0,291.0,287.0,284.0,284.0,277.0,278.0,253.0,273.0,263.0,256.0,244.0,236.0,219.0,216.0,204.0,199.0,201.0,252.0,197.0,194.0,196.0,197.0,196.0,195.0,195.0,198.0,179.0,183.0,256.0,165.0,158.0,139.0,129.0,125.0,118.0,112.0,104.0,94.0,71.0,256.0,55.0,39.0,30.0,28.0,18.0,12.0,11.0,7.0,4.0,11.0,249.0,244.0,251.0,251.0,246.0,248.0,245.0,241.0,241.0,241.0,242.0,244.0,249.0,233.0,238.0,253.0,296.0,305.0,312.0,335.0,311.0,302.0,303.0,248.0,307.0,303.0,313.0,317.0,320.0,324.0,314.0,311.0,311.0,315.0,253.0,319.0,329.0,328.0,329.0,319.0,317.0,310.0,304.0,302.0,302.0,252.0,300.0,297.0,290.0,286.0,285.0,284.0,289.0,287.0,284.0,270.0,249.0,268.0,260.0,255.0,251.0,235.0,226.0,226.0,213.0,204.0,186.0,250.0,195.0,194.0,203.0,201.0,192.0,188.0,197.0,198.0,193.0,175.0,251.0,176.0,144.0,142.0,130.0,130.0,135.0,122.0,105.0,89.0,79.0,252.0,65.0,56.0,48.0,43.0,31.0,26.0,21.0,16.0,11.0,28.0
Brønshøj-Husum,2054,260.0,261.0,253.0,259.0,257.0,256.0,253.0,254.0,256.0,257.0,259.0,266.0,264.0,262.0,230.0,239.0,278.0,294.0,299.0,310.0,307.0,289.0,288.0,258.0,298.0,320.0,307.0,309.0,311.0,310.0,325.0,307.0,309.0,308.0,257.0,316.0,316.0,329.0,326.0,333.0,326.0,324.0,318.0,316.0,306.0,254.0,296.0,296.0,293.0,290.0,285.0,284.0,282.0,280.0,282.0,276.0,251.0,277.0,269.0,259.0,248.0,240.0,232.0,215.0,212.0,200.0,197.0,250.0,200.0,195.0,190.0,193.0,194.0,193.0,190.0,193.0,190.0,174.0,254.0,173.0,160.0,151.0,128.0,120.0,118.0,107.0,106.0,96.0,79.0,254.0,60.0,42.0,32.0,26.0,21.0,12.0,11.0,7.0,4.0,11.0,247.0,243.0,249.0,248.0,244.0,246.0,243.0,240.0,240.0,240.0,241.0,243.0,247.0,230.0,236.0,252.0,296.0,307.0,313.0,337.0,324.0,300.0,299.0,246.0,289.0,306.0,312.0,314.0,318.0,322.0,321.0,315.0,310.0,309.0,251.0,311.0,316.0,327.0,323.0,322.0,315.0,310.0,305.0,300.0,300.0,250.0,293.0,292.0,288.0,288.0,282.0,282.0,284.0,284.0,285.0,276.0,247.0,267.0,269.0,253.0,253.0,245.0,230.0,225.0,220.0,209.0,199.0,248.0,186.0,191.0,192.0,199.0,197.0,190.0,181.0,194.0,194.0,183.0,249.0,170.0,167.0,138.0,134.0,125.0,126.0,127.0,109.0,97.0,76.0,249.0,73.0,58.0,49.0,44.0,36.0,26.0,21.0,17.0,11.0,29.0
Brønshøj-Husum,2055,259.0,260.0,250.0,256.0,255.0,254.0,252.0,253.0,255.0,256.0,257.0,265.0,263.0,260.0,227.0,237.0,276.0,294.0,300.0,311.0,308.0,299.0,286.0,256.0,294.0,303.0,311.0,307.0,308.0,309.0,319.0,317.0,310.0,310.0,255.0,306.0,313.0,312.0,325.0,324.0,329.0,322.0,323.0,316.0,305.0,252.0,296.0,292.0,287.0,289.0,284.0,278.0,279.0,278.0,279.0,281.0,250.0,275.0,273.0,265.0,252.0,244.0,236.0,227.0,211.0,208.0,197.0,248.0,196.0,198.0,191.0,188.0,190.0,190.0,187.0,188.0,186.0,184.0,252.0,165.0,168.0,154.0,139.0,119.0,114.0,107.0,101.0,98.0,81.0,251.0,67.0,46.0,35.0,29.0,20.0,14.0,11.0,7.0,4.0,12.0,246.0,241.0,246.0,246.0,242.0,244.0,241.0,238.0,238.0,239.0,240.0,242.0,245.0,227.0,233.0,250.0,295.0,307.0,314.0,338.0,325.0,312.0,296.0,244.0,285.0,288.0,316.0,314.0,316.0,320.0,319.0,322.0,314.0,309.0,249.0,305.0,308.0,314.0,322.0,316.0,318.0,309.0,305.0,301.0,298.0,248.0,291.0,286.0,283.0,286.0,284.0,279.0,282.0,279.0,283.0,278.0,246.0,274.0,268.0,262.0,251.0,247.0,241.0,230.0,219.0,216.0,204.0,246.0,198.0,183.0,190.0,188.0,195.0,194.0,183.0,179.0,190.0,185.0,247.0,178.0,162.0,160.0,131.0,129.0,120.0,119.0,114.0,100.0,82.0,247.0,70.0,64.0,51.0,45.0,36.0,30.0,22.0,18.0,12.0,29.0
Brønshøj-Husum,2056,258.0,258.0,248.0,254.0,253.0,251.0,249.0,251.0,253.0,255.0,256.0,264.0,261.0,258.0,224.0,234.0,275.0,294.0,301.0,313.0,309.0,301.0,296.0,255.0,293.0,299.0,294.0,311.0,307.0,307.0,319.0,312.0,320.0,312.0,253.0,309.0,303.0,309.0,309.0,324.0,320.0,325.0,320.0,321.0,305.0,251.0,295.0,293.0,284.0,284.0,284.0,277.0,273.0,275.0,276.0,278.0,248.0,281.0,272.0,270.0,257.0,248.0,240.0,231.0,223.0,207.0,206.0,247.0,197.0,194.0,194.0,189.0,184.0,187.0,185.0,186.0,181.0,180.0,250.0,174.0,160.0,161.0,142.0,129.0,114.0,104.0,101.0,94.0,82.0,249.0,68.0,51.0,39.0,31.0,22.0,13.0,13.0,8.0,5.0,12.0,245.0,240.0,244.0,243.0,239.0,241.0,239.0,236.0,237.0,237.0,239.0,241.0,244.0,224.0,230.0,248.0,294.0,307.0,315.0,340.0,326.0,314.0,308.0,243.0,282.0,284.0,298.0,318.0,315.0,318.0,317.0,321.0,322.0,313.0,247.0,305.0,302.0,306.0,309.0,315.0,312.0,311.0,304.0,301.0,300.0,247.0,289.0,283.0,277.0,282.0,282.0,281.0,279.0,278.0,278.0,275.0,244.0,276.0,274.0,261.0,260.0,246.0,243.0,241.0,224.0,215.0,210.0,244.0,204.0,195.0,181.0,186.0,185.0,192.0,187.0,180.0,175.0,181.0,245.0,179.0,169.0,155.0,151.0,126.0,124.0,114.0,106.0,105.0,85.0,245.0,76.0,62.0,56.0,46.0,37.0,31.0,25.0,18.0,12.0,30.0
Brønshøj-Husum,2057,257.0,257.0,246.0,251.0,250.0,249.0,247.0,249.0,251.0,253.0,255.0,262.0,260.0,255.0,221.0,231.0,273.0,293.0,301.0,313.0,310.0,302.0,297.0,253.0,302.0,298.0,291.0,295.0,311.0,305.0,317.0,312.0,316.0,322.0,252.0,310.0,305.0,299.0,305.0,307.0,320.0,316.0,324.0,318.0,310.0,249.0,295.0,292.0,284.0,281.0,278.0,277.0,272.0,270.0,273.0,275.0,247.0,277.0,277.0,268.0,262.0,253.0,244.0,235.0,227.0,218.0,205.0,245.0,205.0,195.0,190.0,192.0,186.0,181.0,182.0,183.0,179.0,175.0,248.0,171.0,170.0,154.0,149.0,132.0,123.0,103.0,98.0,94.0,79.0,247.0,70.0,52.0,43.0,34.0,24.0,15.0,13.0,9.0,5.0,13.0,244.0,239.0,242.0,241.0,237.0,239.0,237.0,234.0,235.0,236.0,238.0,239.0,243.0,221.0,227.0,245.0,293.0,307.0,316.0,341.0,328.0,315.0,310.0,242.0,294.0,282.0,294.0,300.0,319.0,318.0,315.0,318.0,320.0,320.0,246.0,309.0,302.0,301.0,301.0,303.0,311.0,305.0,307.0,300.0,300.0,245.0,291.0,282.0,275.0,275.0,278.0,279.0,281.0,274.0,276.0,271.0,243.0,273.0,276.0,267.0,259.0,254.0,242.0,243.0,234.0,220.0,210.0,243.0,210.0,200.0,193.0,178.0,182.0,183.0,185.0,184.0,176.0,167.0,244.0,176.0,170.0,162.0,146.0,145.0,122.0,117.0,102.0,98.0,89.0,243.0,79.0,68.0,55.0,51.0,38.0,32.0,25.0,21.0,12.0,31.0
Brønshøj-Husum,2058,257.0,257.0,244.0,250.0,248.0,247.0,245.0,246.0,249.0,251.0,253.0,261.0,259.0,253.0,218.0,229.0,272.0,292.0,301.0,314.0,311.0,303.0,298.0,252.0,304.0,308.0,289.0,291.0,295.0,309.0,315.0,309.0,315.0,317.0,251.0,321.0,307.0,301.0,296.0,304.0,304.0,316.0,315.0,322.0,307.0,248.0,300.0,292.0,283.0,281.0,275.0,272.0,273.0,269.0,268.0,272.0,245.0,274.0,274.0,274.0,260.0,258.0,249.0,239.0,231.0,223.0,216.0,244.0,204.0,203.0,191.0,188.0,189.0,182.0,177.0,180.0,177.0,173.0,247.0,166.0,166.0,163.0,143.0,139.0,126.0,112.0,98.0,91.0,79.0,246.0,68.0,54.0,44.0,38.0,26.0,16.0,14.0,9.0,5.0,14.0,244.0,238.0,240.0,239.0,235.0,237.0,235.0,232.0,233.0,234.0,236.0,238.0,242.0,218.0,223.0,243.0,291.0,306.0,316.0,341.0,328.0,316.0,311.0,241.0,296.0,293.0,292.0,296.0,301.0,321.0,315.0,317.0,318.0,319.0,245.0,316.0,306.0,301.0,296.0,295.0,299.0,305.0,301.0,303.0,299.0,244.0,291.0,283.0,274.0,273.0,272.0,275.0,279.0,277.0,273.0,269.0,241.0,268.0,274.0,269.0,265.0,254.0,249.0,242.0,236.0,230.0,215.0,241.0,210.0,206.0,199.0,189.0,175.0,180.0,176.0,183.0,181.0,168.0,242.0,163.0,167.0,164.0,153.0,142.0,140.0,116.0,105.0,94.0,83.0,242.0,82.0,70.0,59.0,51.0,42.0,33.0,26.0,21.0,14.0,32.0
Brønshøj-Husum,2059,257.0,257.0,243.0,248.0,246.0,244.0,242.0,244.0,247.0,249.0,251.0,259.0,258.0,250.0,215.0,226.0,269.0,291.0,300.0,313.0,311.0,304.0,300.0,251.0,305.0,310.0,299.0,290.0,291.0,294.0,320.0,308.0,313.0,317.0,250.0,316.0,318.0,303.0,298.0,294.0,300.0,300.0,314.0,313.0,311.0,247.0,298.0,297.0,284.0,280.0,276.0,269.0,267.0,269.0,267.0,267.0,244.0,272.0,271.0,270.0,266.0,256.0,254.0,244.0,235.0,227.0,220.0,243.0,215.0,203.0,199.0,189.0,185.0,185.0,178.0,175.0,174.0,171.0,246.0,164.0,161.0,159.0,151.0,134.0,132.0,116.0,106.0,90.0,77.0,245.0,68.0,52.0,45.0,39.0,29.0,18.0,15.0,9.0,5.0,15.0,244.0,238.0,239.0,238.0,233.0,235.0,233.0,230.0,231.0,232.0,234.0,236.0,241.0,215.0,220.0,240.0,289.0,306.0,315.0,341.0,329.0,317.0,313.0,240.0,297.0,295.0,303.0,294.0,298.0,304.0,319.0,317.0,316.0,317.0,244.0,315.0,314.0,305.0,296.0,290.0,291.0,293.0,301.0,297.0,301.0,243.0,290.0,284.0,275.0,272.0,270.0,269.0,275.0,275.0,275.0,266.0,240.0,267.0,269.0,267.0,267.0,260.0,249.0,250.0,236.0,232.0,224.0,240.0,214.0,206.0,205.0,195.0,186.0,173.0,174.0,174.0,179.0,173.0,241.0,164.0,155.0,161.0,154.0,148.0,137.0,132.0,104.0,96.0,79.0,241.0,77.0,74.0,62.0,55.0,42.0,36.0,27.0,22.0,14.0,34.0
Brønshøj-Husum,2060,257.0,256.0,242.0,247.0,244.0,243.0,240.0,242.0,244.0,247.0,249.0,257.0,258.0,248.0,212.0,223.0,267.0,289.0,299.0,313.0,311.0,304.0,301.0,251.0,307.0,311.0,301.0,300.0,290.0,290.0,303.0,312.0,312.0,315.0,249.0,316.0,313.0,314.0,300.0,297.0,291.0,296.0,298.0,312.0,302.0,246.0,301.0,294.0,288.0,281.0,275.0,270.0,264.0,264.0,267.0,266.0,243.0,267.0,269.0,268.0,263.0,262.0,253.0,248.0,240.0,231.0,225.0,242.0,220.0,214.0,199.0,197.0,187.0,182.0,181.0,176.0,169.0,169.0,244.0,163.0,160.0,155.0,148.0,141.0,128.0,121.0,110.0,98.0,77.0,243.0,66.0,52.0,44.0,41.0,30.0,19.0,16.0,10.0,6.0,15.0,244.0,238.0,238.0,236.0,232.0,233.0,231.0,228.0,229.0,230.0,232.0,234.0,241.0,212.0,217.0,237.0,287.0,304.0,314.0,341.0,328.0,317.0,314.0,239.0,298.0,296.0,305.0,305.0,295.0,300.0,302.0,321.0,316.0,315.0,243.0,313.0,312.0,312.0,300.0,290.0,286.0,285.0,289.0,297.0,295.0,242.0,292.0,282.0,275.0,273.0,269.0,267.0,269.0,270.0,274.0,268.0,239.0,263.0,267.0,262.0,265.0,262.0,255.0,249.0,243.0,232.0,227.0,239.0,224.0,211.0,205.0,200.0,191.0,184.0,167.0,171.0,171.0,171.0,240.0,168.0,156.0,149.0,152.0,149.0,143.0,130.0,119.0,96.0,82.0,239.0,74.0,69.0,65.0,57.0,46.0,36.0,30.0,23.0,15.0,35.0
Indre By,2026,321.0,271.0,176.0,190.0,203.0,206.0,222.0,221.0,252.0,228.0,261.0,262.0,224.0,316.0,470.0,559.0,681.0,651.0,734.0,771.0,701.0,731.0,711.0,210.0,736.0,648.0,597.0,549.0,439.0,442.0,390.0,397.0,319.0,344.0,218.0,329.0,284.0,269.0,291.0,251.0,319.0,257.0,331.0,289.0,314.0,180.0,380.0,418.0,387.0,390.0,423.0,376.0,351.0,352.0,374.0,422.0,183.0,369.0,341.0,310.0,274.0,248.0,249.0,203.0,229.0,216.0,214.0,212.0,203.0,170.0,205.0,201.0,168.0,211.0,203.0,195.0,170.0,197.0,185.0,157.0,165.0,117.0,141.0,88.0,84.0,58.0,40.0,28.0,32.0,208.0,19.0,13.0,9.0,11.0,9.0,2.0,5.0,1.0,3.0,1.0,316.0,265.0,177.0,169.0,185.0,182.0,192.0,201.0,247.0,245.0,252.0,292.0,189.0,383.0,603.0,715.0,824.0,829.0,907.0,833.0,850.0,788.0,744.0,187.0,653.0,657.0,511.0,459.0,436.0,413.0,381.0,375.0,305.0,298.0,223.0,308.0,254.0,267.0,262.0,263.0,316.0,339.0,321.0,299.0,310.0,201.0,373.0,366.0,357.0,385.0,382.0,341.0,379.0,342.0,390.0,396.0,178.0,358.0,330.0,327.0,287.0,256.0,227.0,249.0,243.0,234.0,255.0,166.0,227.0,233.0,228.0,217.0,212.0,242.0,233.0,230.0,232.0,249.0,187.0,241.0,190.0,203.0,173.0,120.0,100.0,91.0,78.0,59.0,55.0,206.0,26.0,26.0,21.0,16.0,10.0,7.0,7.0,4.0,1.0,10.0
Indre By,2027,325.0,281.0,204.0,174.0,189.0,203.0,209.0,222.0,230.0,259.0,243.0,284.0,241.0,313.0,433.0,576.0,632.0,710.0,697.0,756.0,758.0,701.0,705.0,200.0,675.0,681.0,591.0,552.0,510.0,412.0,414.0,373.0,374.0,305.0,197.0,324.0,309.0,276.0,266.0,284.0,247.0,308.0,269.0,329.0,291.0,207.0,322.0,392.0,415.0,382.0,398.0,417.0,371.0,347.0,349.0,369.0,171.0,419.0,360.0,329.0,302.0,266.0,246.0,244.0,200.0,225.0,214.0,181.0,207.0,194.0,167.0,197.0,193.0,166.0,203.0,195.0,188.0,163.0,211.0,188.0,147.0,156.0,108.0,130.0,78.0,76.0,52.0,34.0,24.0,190.0,27.0,16.0,10.0,7.0,9.0,7.0,2.0,4.0,1.0,3.0,311.0,277.0,202.0,181.0,170.0,185.0,183.0,201.0,217.0,261.0,269.0,285.0,235.0,406.0,541.0,712.0,819.0,863.0,847.0,887.0,831.0,805.0,743.0,173.0,686.0,618.0,596.0,477.0,432.0,411.0,393.0,360.0,353.0,289.0,179.0,288.0,292.0,253.0,265.0,259.0,269.0,315.0,336.0,320.0,303.0,207.0,315.0,377.0,368.0,364.0,392.0,381.0,340.0,374.0,343.0,400.0,189.0,396.0,353.0,323.0,323.0,279.0,251.0,226.0,248.0,241.0,231.0,172.0,255.0,223.0,224.0,226.0,214.0,209.0,237.0,227.0,224.0,224.0,170.0,242.0,229.0,182.0,193.0,161.0,111.0,93.0,82.0,71.0,51.0,185.0,45.0,22.0,23.0,17.0,12.0,8.0,6.0,4.0,3.0,7.0
Indre By,2028,334.0,286.0,186.0,198.0,172.0,188.0,204.0,207.0,226.0,234.0,264.0,261.0,250.0,327.0,426.0,532.0,628.0,667.0,729.0,726.0,748.0,733.0,685.0,214.0,669.0,632.0,616.0,549.0,511.0,468.0,390.0,393.0,356.0,350.0,187.0,291.0,308.0,295.0,269.0,259.0,273.0,243.0,309.0,271.0,326.0,187.0,297.0,333.0,389.0,406.0,386.0,396.0,408.0,365.0,343.0,345.0,193.0,367.0,405.0,347.0,318.0,292.0,263.0,241.0,238.0,197.0,221.0,170.0,207.0,198.0,190.0,160.0,188.0,189.0,161.0,195.0,186.0,178.0,182.0,156.0,175.0,140.0,144.0,100.0,115.0,71.0,68.0,45.0,30.0,210.0,21.0,22.0,13.0,8.0,6.0,8.0,6.0,1.0,3.0,2.0,319.0,275.0,181.0,202.0,178.0,170.0,183.0,188.0,212.0,228.0,279.0,295.0,245.0,399.0,553.0,650.0,794.0,846.0,860.0,838.0,867.0,789.0,752.0,211.0,682.0,637.0,566.0,546.0,446.0,407.0,387.0,368.0,339.0,328.0,167.0,277.0,271.0,283.0,249.0,258.0,263.0,265.0,311.0,330.0,319.0,168.0,303.0,319.0,375.0,369.0,367.0,390.0,375.0,335.0,366.0,347.0,193.0,396.0,388.0,344.0,319.0,312.0,272.0,248.0,224.0,244.0,236.0,181.0,229.0,248.0,214.0,221.0,222.0,209.0,204.0,230.0,220.0,215.0,175.0,217.0,230.0,219.0,173.0,180.0,148.0,103.0,84.0,75.0,61.0,168.0,41.0,38.0,20.0,19.0,13.0,9.0,6.0,4.0,3.0,7.0
Indre By,2029,341.0,294.0,204.0,182.0,195.0,173.0,190.0,203.0,214.0,230.0,242.0,282.0,255.0,312.0,439.0,524.0,590.0,660.0,690.0,744.0,725.0,724.0,704.0,224.0,652.0,629.0,576.0,569.0,510.0,470.0,434.0,375.0,374.0,337.0,200.0,330.0,280.0,296.0,287.0,262.0,252.0,266.0,249.0,307.0,273.0,179.0,329.0,306.0,335.0,382.0,407.0,384.0,389.0,401.0,360.0,339.0,176.0,344.0,357.0,389.0,335.0,309.0,290.0,258.0,236.0,232.0,195.0,191.0,215.0,198.0,194.0,182.0,154.0,184.0,182.0,155.0,187.0,177.0,172.0,171.0,147.0,166.0,129.0,133.0,89.0,104.0,63.0,58.0,39.0,186.0,25.0,17.0,17.0,9.0,6.0,5.0,6.0,4.0,1.0,4.0,327.0,283.0,166.0,184.0,199.0,178.0,170.0,188.0,200.0,223.0,251.0,305.0,245.0,407.0,546.0,655.0,744.0,819.0,839.0,840.0,830.0,816.0,739.0,221.0,688.0,633.0,580.0,524.0,504.0,420.0,386.0,364.0,348.0,320.0,200.0,313.0,264.0,267.0,277.0,245.0,262.0,260.0,265.0,308.0,329.0,157.0,318.0,307.0,321.0,376.0,371.0,368.0,384.0,369.0,330.0,368.0,160.0,346.0,389.0,378.0,340.0,308.0,303.0,267.0,245.0,223.0,240.0,185.0,234.0,223.0,238.0,212.0,217.0,217.0,205.0,199.0,224.0,212.0,182.0,209.0,208.0,220.0,208.0,162.0,165.0,137.0,93.0,77.0,64.0,172.0,50.0,35.0,34.0,17.0,14.0,10.0,8.0,4.0,2.0,7.0
Indre By,2030,345.0,299.0,181.0,198.0,181.0,194.0,176.0,190.0,209.0,219.0,239.0,264.0,262.0,336.0,425.0,525.0,576.0,629.0,681.0,707.0,729.0,702.0,693.0,227.0,660.0,610.0,572.0,532.0,525.0,467.0,434.0,411.0,359.0,352.0,208.0,320.0,314.0,272.0,289.0,278.0,254.0,247.0,269.0,252.0,304.0,189.0,279.0,335.0,306.0,332.0,385.0,403.0,377.0,383.0,394.0,353.0,169.0,335.0,334.0,344.0,374.0,324.0,304.0,283.0,252.0,231.0,229.0,173.0,191.0,205.0,193.0,186.0,174.0,152.0,178.0,175.0,150.0,177.0,190.0,168.0,160.0,140.0,153.0,119.0,117.0,81.0,92.0,54.0,49.0,175.0,33.0,20.0,14.0,13.0,7.0,5.0,4.0,4.0,4.0,3.0,331.0,287.0,168.0,169.0,184.0,199.0,178.0,177.0,200.0,211.0,245.0,284.0,252.0,423.0,547.0,636.0,740.0,775.0,809.0,814.0,821.0,782.0,755.0,221.0,673.0,633.0,574.0,532.0,486.0,466.0,394.0,363.0,345.0,329.0,208.0,306.0,295.0,260.0,263.0,270.0,252.0,259.0,260.0,265.0,310.0,185.0,327.0,320.0,308.0,325.0,378.0,372.0,366.0,379.0,363.0,333.0,150.0,363.0,341.0,379.0,373.0,330.0,300.0,297.0,264.0,243.0,220.0,153.0,238.0,229.0,215.0,234.0,208.0,212.0,212.0,200.0,193.0,215.0,186.0,205.0,199.0,198.0,209.0,194.0,149.0,152.0,122.0,83.0,65.0,177.0,51.0,42.0,30.0,28.0,12.0,11.0,8.0,5.0,2.0,6.0
Indre By,2031,345.0,301.0,171.0,177.0,194.0,181.0,196.0,177.0,197.0,214.0,227.0,260.0,265.0,318.0,435.0,501.0,570.0,612.0,649.0,692.0,692.0,695.0,671.0,231.0,647.0,609.0,554.0,527.0,491.0,478.0,431.0,410.0,387.0,339.0,210.0,332.0,305.0,302.0,268.0,280.0,268.0,248.0,250.0,268.0,252.0,197.0,306.0,288.0,332.0,303.0,337.0,383.0,395.0,372.0,378.0,384.0,177.0,348.0,324.0,322.0,333.0,361.0,319.0,297.0,276.0,246.0,228.0,166.0,223.0,184.0,200.0,185.0,178.0,172.0,148.0,171.0,168.0,143.0,173.0,169.0,157.0,152.0,129.0,142.0,106.0,106.0,73.0,79.0,47.0,191.0,42.0,27.0,16.0,10.0,10.0,6.0,4.0,3.0,4.0,4.0,331.0,289.0,173.0,171.0,170.0,184.0,197.0,184.0,189.0,209.0,232.0,277.0,254.0,399.0,546.0,621.0,715.0,765.0,769.0,781.0,790.0,766.0,724.0,226.0,683.0,617.0,570.0,524.0,489.0,450.0,431.0,368.0,344.0,325.0,208.0,314.0,290.0,289.0,257.0,257.0,275.0,249.0,258.0,259.0,269.0,192.0,309.0,328.0,320.0,310.0,329.0,379.0,369.0,362.0,371.0,364.0,173.0,331.0,356.0,333.0,374.0,360.0,320.0,295.0,294.0,262.0,240.0,144.0,219.0,234.0,222.0,213.0,230.0,203.0,208.0,207.0,195.0,186.0,156.0,208.0,196.0,191.0,189.0,196.0,178.0,138.0,135.0,110.0,71.0,181.0,52.0,44.0,37.0,25.0,20.0,9.0,9.0,5.0,3.0,6.0
Indre By,2032,351.0,305.0,187.0,169.0,176.0,194.0,185.0,197.0,186.0,203.0,222.0,249.0,269.0,316.0,415.0,509.0,553.0,616.0,642.0,672.0,685.0,671.0,667.0,236.0,635.0,603.0,555.0,515.0,490.0,453.0,444.0,410.0,388.0,365.0,216.0,324.0,318.0,297.0,297.0,264.0,272.0,261.0,253.0,253.0,267.0,202.0,257.0,312.0,289.0,327.0,308.0,338.0,377.0,389.0,368.0,372.0,186.0,379.0,336.0,312.0,311.0,322.0,354.0,311.0,290.0,270.0,243.0,174.0,223.0,213.0,179.0,192.0,178.0,175.0,166.0,142.0,165.0,160.0,167.0,137.0,159.0,149.0,140.0,120.0,126.0,97.0,95.0,62.0,67.0,176.0,40.0,34.0,21.0,12.0,8.0,8.0,5.0,3.0,3.0,5.0,336.0,292.0,177.0,176.0,173.0,172.0,184.0,202.0,196.0,201.0,230.0,265.0,259.0,392.0,521.0,621.0,706.0,750.0,767.0,755.0,767.0,743.0,714.0,230.0,663.0,629.0,560.0,524.0,485.0,454.0,421.0,402.0,350.0,326.0,214.0,313.0,299.0,286.0,284.0,253.0,265.0,271.0,251.0,258.0,264.0,194.0,272.0,312.0,327.0,322.0,314.0,334.0,377.0,366.0,357.0,373.0,180.0,361.0,326.0,347.0,329.0,361.0,349.0,315.0,292.0,291.0,258.0,165.0,239.0,216.0,225.0,218.0,209.0,225.0,198.0,203.0,202.0,187.0,147.0,181.0,198.0,187.0,181.0,177.0,180.0,163.0,123.0,122.0,93.0,153.0,57.0,44.0,38.0,31.0,18.0,16.0,7.0,5.0,3.0,5.0
Indre By,2033,349.0,307.0,171.0,183.0,168.0,177.0,196.0,186.0,204.0,192.0,211.0,243.0,271.0,303.0,407.0,482.0,557.0,601.0,646.0,665.0,667.0,662.0,644.0,239.0,628.0,591.0,548.0,512.0,479.0,450.0,421.0,420.0,388.0,365.0,219.0,345.0,311.0,308.0,293.0,289.0,258.0,266.0,264.0,254.0,253.0,206.0,270.0,266.0,310.0,289.0,330.0,310.0,334.0,372.0,383.0,362.0,190.0,369.0,365.0,323.0,302.0,302.0,318.0,344.0,304.0,285.0,267.0,182.0,238.0,214.0,208.0,173.0,185.0,176.0,171.0,161.0,138.0,158.0,174.0,153.0,129.0,150.0,137.0,130.0,107.0,114.0,87.0,81.0,54.0,169.0,56.0,32.0,27.0,16.0,9.0,7.0,6.0,3.0,3.0,5.0,335.0,295.0,151.0,180.0,177.0,174.0,173.0,191.0,214.0,206.0,223.0,262.0,260.0,374.0,508.0,590.0,705.0,741.0,754.0,752.0,744.0,721.0,691.0,233.0,651.0,611.0,569.0,514.0,484.0,449.0,421.0,394.0,379.0,331.0,218.0,313.0,297.0,294.0,283.0,277.0,261.0,262.0,271.0,251.0,262.0,199.0,266.0,276.0,312.0,328.0,326.0,318.0,335.0,373.0,360.0,360.0,183.0,369.0,355.0,319.0,342.0,320.0,350.0,344.0,313.0,290.0,287.0,172.0,256.0,235.0,208.0,222.0,215.0,205.0,220.0,194.0,198.0,194.0,166.0,182.0,173.0,190.0,178.0,170.0,163.0,166.0,146.0,111.0,104.0,145.0,75.0,48.0,39.0,31.0,22.0,14.0,13.0,5.0,3.0,6.0
Indre By,2034,348.0,306.0,165.0,168.0,182.0,170.0,180.0,196.0,195.0,209.0,202.0,232.0,274.0,294.0,380.0,468.0,528.0,604.0,632.0,669.0,660.0,647.0,636.0,241.0,607.0,583.0,539.0,506.0,474.0,440.0,418.0,400.0,397.0,365.0,222.0,345.0,329.0,302.0,303.0,287.0,281.0,253.0,269.0,264.0,253.0,209.0,257.0,276.0,267.0,306.0,295.0,330.0,307.0,333.0,369.0,377.0,194.0,360.0,358.0,351.0,312.0,292.0,298.0,310.0,336.0,298.0,282.0,186.0,262.0,228.0,209.0,200.0,167.0,183.0,171.0,165.0,156.0,133.0,181.0,152.0,144.0,123.0,139.0,128.0,116.0,98.0,102.0,74.0,70.0,175.0,46.0,45.0,25.0,20.0,13.0,8.0,5.0,5.0,3.0,5.0,334.0,294.0,143.0,155.0,181.0,178.0,175.0,180.0,204.0,224.0,227.0,254.0,262.0,361.0,476.0,574.0,675.0,741.0,745.0,741.0,741.0,702.0,671.0,235.0,630.0,599.0,554.0,521.0,474.0,447.0,417.0,393.0,371.0,356.0,220.0,317.0,297.0,293.0,291.0,276.0,283.0,258.0,263.0,270.0,256.0,202.0,264.0,269.0,278.0,314.0,331.0,328.0,318.0,333.0,367.0,363.0,187.0,358.0,364.0,347.0,316.0,331.0,311.0,345.0,340.0,310.0,286.0,175.0,285.0,252.0,228.0,207.0,219.0,211.0,201.0,215.0,190.0,191.0,173.0,190.0,175.0,166.0,181.0,167.0,157.0,151.0,149.0,133.0,95.0,162.0,85.0,64.0,43.0,33.0,23.0,18.0,11.0,8.0,3.0,6.0
Indre By,2035,346.0,305.0,171.0,162.0,167.0,182.0,173.0,182.0,203.0,201.0,218.0,224.0,273.0,280.0,364.0,434.0,515.0,577.0,636.0,656.0,665.0,642.0,624.0,243.0,601.0,566.0,530.0,498.0,469.0,435.0,410.0,398.0,379.0,373.0,224.0,345.0,329.0,319.0,299.0,296.0,279.0,274.0,259.0,271.0,263.0,212.0,257.0,264.0,276.0,266.0,310.0,297.0,326.0,306.0,331.0,363.0,197.0,374.0,348.0,345.0,339.0,301.0,289.0,292.0,304.0,329.0,295.0,190.0,276.0,251.0,223.0,202.0,193.0,166.0,178.0,166.0,160.0,149.0,186.0,128.0,143.0,137.0,115.0,130.0,114.0,106.0,88.0,88.0,64.0,183.0,59.0,37.0,36.0,19.0,16.0,11.0,6.0,4.0,4.0,5.0,332.0,293.0,158.0,147.0,157.0,182.0,178.0,181.0,193.0,215.0,244.0,257.0,262.0,347.0,451.0,536.0,661.0,715.0,747.0,734.0,732.0,700.0,656.0,237.0,614.0,582.0,543.0,509.0,481.0,439.0,415.0,389.0,371.0,351.0,222.0,340.0,301.0,294.0,289.0,284.0,284.0,280.0,260.0,263.0,273.0,205.0,259.0,267.0,271.0,282.0,317.0,334.0,328.0,317.0,330.0,370.0,190.0,361.0,353.0,356.0,343.0,306.0,321.0,306.0,342.0,337.0,306.0,179.0,285.0,280.0,244.0,226.0,204.0,215.0,207.0,197.0,210.0,184.0,176.0,187.0,182.0,168.0,158.0,170.0,154.0,146.0,136.0,136.0,114.0,168.0,78.0,72.0,57.0,36.0,24.0,18.0,14.0,8.0,5.0,6.0
Indre By,2036,349.0,307.0,179.0,168.0,162.0,169.0,186.0,176.0,191.0,209.0,213.0,240.0,276.0,276.0,347.0,424.0,487.0,573.0,618.0,667.0,661.0,654.0,627.0,245.0,597.0,566.0,521.0,495.0,468.0,435.0,409.0,394.0,380.0,361.0,228.0,355.0,332.0,321.0,316.0,295.0,290.0,275.0,280.0,263.0,271.0,216.0,267.0,266.0,266.0,275.0,273.0,311.0,296.0,324.0,305.0,329.0,202.0,362.0,362.0,337.0,335.0,328.0,298.0,283.0,287.0,299.0,325.0,195.0,289.0,265.0,246.0,215.0,196.0,191.0,163.0,172.0,161.0,154.0,191.0,144.0,122.0,137.0,127.0,107.0,116.0,104.0,95.0,76.0,76.0,189.0,55.0,47.0,29.0,27.0,15.0,14.0,8.0,4.0,3.0,6.0,335.0,295.0,166.0,162.0,150.0,160.0,183.0,185.0,196.0,206.0,239.0,274.0,264.0,347.0,437.0,516.0,629.0,710.0,730.0,743.0,732.0,700.0,661.0,239.0,608.0,574.0,533.0,504.0,475.0,448.0,411.0,390.0,370.0,352.0,226.0,338.0,324.0,299.0,292.0,284.0,294.0,283.0,281.0,261.0,269.0,208.0,276.0,264.0,270.0,276.0,288.0,322.0,334.0,327.0,314.0,336.0,194.0,368.0,357.0,347.0,353.0,332.0,298.0,316.0,305.0,339.0,333.0,183.0,306.0,281.0,271.0,242.0,224.0,201.0,212.0,203.0,193.0,203.0,182.0,180.0,180.0,175.0,161.0,149.0,157.0,143.0,132.0,124.0,117.0,173.0,93.0,67.0,64.0,48.0,26.0,19.0,15.0,10.0,5.0,8.0
Indre By,2037,359.0,316.0,188.0,179.0,170.0,166.0,175.0,190.0,186.0,200.0,221.0,240.0,283.0,293.0,349.0,418.0,491.0,557.0,627.0,662.0,685.0,663.0,651.0,252.0,611.0,574.0,531.0,497.0,472.0,441.0,415.0,398.0,382.0,365.0,234.0,348.0,345.0,328.0,322.0,314.0,293.0,288.0,284.0,285.0,267.0,223.0,279.0,277.0,269.0,268.0,282.0,279.0,311.0,297.0,324.0,305.0,208.0,332.0,353.0,351.0,328.0,325.0,324.0,292.0,279.0,283.0,297.0,202.0,319.0,279.0,260.0,238.0,209.0,194.0,187.0,158.0,168.0,156.0,198.0,149.0,137.0,117.0,127.0,119.0,96.0,106.0,93.0,82.0,66.0,197.0,65.0,44.0,38.0,22.0,21.0,13.0,10.0,6.0,4.0,6.0,344.0,304.0,173.0,172.0,166.0,155.0,164.0,192.0,201.0,211.0,231.0,273.0,271.0,366.0,443.0,516.0,622.0,691.0,739.0,740.0,755.0,712.0,673.0,246.0,624.0,579.0,535.0,503.0,478.0,450.0,426.0,392.0,375.0,355.0,232.0,342.0,326.0,324.0,300.0,291.0,297.0,296.0,288.0,284.0,270.0,215.0,274.0,283.0,269.0,277.0,283.0,296.0,325.0,334.0,325.0,320.0,200.0,336.0,365.0,351.0,345.0,343.0,324.0,295.0,315.0,304.0,335.0,190.0,332.0,302.0,273.0,269.0,240.0,221.0,199.0,208.0,200.0,187.0,188.0,199.0,173.0,173.0,167.0,151.0,138.0,146.0,129.0,121.0,107.0,181.0,96.0,80.0,60.0,54.0,35.0,21.0,15.0,10.0,6.0,8.0
Indre By,2038,367.0,326.0,195.0,188.0,181.0,174.0,172.0,179.0,200.0,196.0,214.0,246.0,291.0,298.0,365.0,431.0,490.0,565.0,613.0,676.0,683.0,689.0,663.0,259.0,636.0,589.0,540.0,507.0,475.0,446.0,423.0,405.0,386.0,367.0,241.0,353.0,340.0,341.0,329.0,320.0,311.0,292.0,297.0,291.0,289.0,229.0,276.0,290.0,280.0,271.0,277.0,287.0,280.0,311.0,299.0,322.0,215.0,308.0,324.0,343.0,341.0,319.0,323.0,318.0,287.0,275.0,282.0,208.0,293.0,307.0,274.0,252.0,231.0,207.0,190.0,182.0,155.0,162.0,205.0,151.0,142.0,131.0,109.0,119.0,107.0,89.0,95.0,81.0,71.0,204.0,57.0,52.0,35.0,29.0,18.0,18.0,10.0,7.0,5.0,6.0,351.0,313.0,181.0,180.0,175.0,170.0,159.0,174.0,209.0,216.0,237.0,267.0,280.0,369.0,463.0,530.0,628.0,687.0,723.0,752.0,756.0,736.0,686.0,252.0,638.0,595.0,542.0,507.0,478.0,454.0,429.0,406.0,377.0,360.0,238.0,346.0,331.0,327.0,324.0,299.0,304.0,299.0,300.0,291.0,292.0,221.0,277.0,282.0,287.0,277.0,284.0,291.0,300.0,326.0,332.0,331.0,207.0,321.0,335.0,359.0,349.0,336.0,335.0,320.0,296.0,313.0,302.0,196.0,335.0,328.0,293.0,271.0,267.0,236.0,217.0,196.0,205.0,193.0,195.0,183.0,191.0,167.0,166.0,158.0,140.0,129.0,132.0,118.0,104.0,187.0,88.0,82.0,71.0,50.0,39.0,28.0,17.0,10.0,6.0,10.0
Indre By,2039,374.0,333.0,202.0,195.0,189.0,184.0,180.0,176.0,190.0,210.0,210.0,240.0,300.0,301.0,377.0,456.0,509.0,565.0,622.0,662.0,700.0,690.0,691.0,266.0,649.0,613.0,554.0,517.0,486.0,450.0,427.0,413.0,392.0,371.0,247.0,356.0,345.0,336.0,341.0,326.0,317.0,309.0,302.0,303.0,295.0,235.0,297.0,288.0,293.0,281.0,279.0,282.0,287.0,282.0,312.0,300.0,220.0,324.0,301.0,316.0,334.0,332.0,317.0,317.0,312.0,283.0,274.0,215.0,278.0,282.0,301.0,265.0,244.0,229.0,203.0,185.0,177.0,150.0,212.0,157.0,143.0,136.0,122.0,102.0,107.0,98.0,80.0,82.0,70.0,211.0,61.0,46.0,42.0,27.0,23.0,15.0,13.0,7.0,7.0,7.0,357.0,319.0,187.0,187.0,184.0,179.0,173.0,168.0,192.0,223.0,240.0,273.0,288.0,365.0,479.0,562.0,648.0,693.0,721.0,739.0,772.0,739.0,709.0,260.0,652.0,610.0,557.0,514.0,483.0,455.0,432.0,410.0,390.0,362.0,245.0,351.0,334.0,331.0,328.0,321.0,312.0,306.0,304.0,304.0,300.0,227.0,298.0,284.0,287.0,294.0,284.0,291.0,295.0,302.0,324.0,338.0,212.0,331.0,319.0,330.0,357.0,341.0,329.0,331.0,320.0,295.0,310.0,202.0,302.0,331.0,318.0,291.0,269.0,263.0,232.0,214.0,193.0,198.0,201.0,189.0,177.0,184.0,160.0,156.0,147.0,131.0,117.0,120.0,102.0,194.0,86.0,76.0,73.0,60.0,37.0,32.0,23.0,12.0,7.0,11.0
Indre By,2040,382.0,340.0,209.0,202.0,197.0,193.0,190.0,184.0,186.0,200.0,223.0,237.0,306.0,300.0,383.0,491.0,538.0,588.0,621.0,673.0,687.0,708.0,694.0,274.0,676.0,626.0,577.0,531.0,496.0,460.0,432.0,418.0,400.0,377.0,254.0,359.0,347.0,341.0,337.0,339.0,324.0,315.0,318.0,309.0,307.0,241.0,304.0,309.0,292.0,294.0,289.0,284.0,283.0,288.0,284.0,311.0,226.0,303.0,316.0,294.0,309.0,326.0,330.0,311.0,312.0,307.0,282.0,220.0,270.0,268.0,277.0,291.0,257.0,242.0,224.0,198.0,181.0,172.0,218.0,146.0,149.0,138.0,127.0,115.0,92.0,98.0,89.0,70.0,72.0,217.0,60.0,49.0,38.0,32.0,22.0,19.0,11.0,10.0,6.0,9.0,365.0,325.0,194.0,194.0,191.0,189.0,182.0,182.0,185.0,207.0,248.0,275.0,294.0,372.0,486.0,596.0,684.0,713.0,728.0,738.0,762.0,756.0,713.0,267.0,675.0,624.0,571.0,530.0,491.0,460.0,433.0,413.0,394.0,374.0,252.0,354.0,340.0,335.0,332.0,325.0,334.0,314.0,311.0,308.0,313.0,233.0,306.0,304.0,290.0,295.0,301.0,292.0,296.0,297.0,302.0,330.0,218.0,338.0,329.0,315.0,330.0,348.0,333.0,326.0,331.0,318.0,292.0,207.0,309.0,299.0,321.0,316.0,288.0,265.0,258.0,229.0,211.0,188.0,207.0,195.0,183.0,170.0,176.0,151.0,145.0,137.0,119.0,107.0,104.0,200.0,84.0,74.0,68.0,62.0,44.0,29.0,26.0,15.0,8.0,12.0
Indre By,2041,394.0,350.0,217.0,210.0,204.0,201.0,200.0,195.0,194.0,196.0,215.0,250.0,315.0,300.0,397.0,523.0,585.0,621.0,649.0,677.0,705.0,700.0,718.0,282.0,683.0,655.0,592.0,557.0,513.0,473.0,446.0,425.0,406.0,386.0,263.0,366.0,352.0,345.0,343.0,336.0,337.0,323.0,326.0,325.0,315.0,249.0,317.0,317.0,313.0,295.0,304.0,294.0,286.0,285.0,290.0,285.0,233.0,313.0,297.0,308.0,288.0,302.0,324.0,324.0,307.0,308.0,305.0,227.0,278.0,261.0,264.0,269.0,282.0,255.0,238.0,219.0,193.0,175.0,225.0,166.0,139.0,143.0,129.0,119.0,104.0,85.0,89.0,76.0,61.0,225.0,62.0,49.0,39.0,29.0,26.0,18.0,14.0,8.0,9.0,10.0,376.0,335.0,201.0,202.0,198.0,197.0,193.0,192.0,199.0,201.0,234.0,284.0,303.0,379.0,509.0,625.0,730.0,752.0,753.0,749.0,768.0,751.0,734.0,275.0,684.0,649.0,587.0,546.0,508.0,471.0,441.0,416.0,398.0,379.0,261.0,367.0,344.0,341.0,336.0,329.0,340.0,337.0,320.0,316.0,318.0,241.0,320.0,315.0,310.0,299.0,303.0,309.0,297.0,298.0,297.0,309.0,225.0,331.0,336.0,325.0,315.0,323.0,341.0,330.0,327.0,330.0,316.0,214.0,293.0,306.0,291.0,319.0,313.0,285.0,261.0,254.0,225.0,205.0,213.0,185.0,188.0,176.0,163.0,166.0,140.0,136.0,124.0,109.0,92.0,207.0,86.0,72.0,66.0,57.0,45.0,35.0,24.0,17.0,10.0,13.0
Indre By,2042,405.0,362.0,224.0,217.0,212.0,209.0,208.0,205.0,205.0,204.0,211.0,243.0,325.0,316.0,420.0,575.0,616.0,673.0,684.0,710.0,712.0,720.0,713.0,290.0,707.0,663.0,620.0,573.0,538.0,490.0,459.0,439.0,413.0,391.0,271.0,376.0,360.0,350.0,347.0,342.0,335.0,336.0,334.0,334.0,331.0,258.0,325.0,331.0,322.0,315.0,305.0,309.0,296.0,288.0,287.0,290.0,241.0,289.0,307.0,291.0,301.0,282.0,302.0,319.0,319.0,303.0,307.0,234.0,300.0,268.0,257.0,256.0,262.0,280.0,251.0,232.0,213.0,187.0,232.0,170.0,159.0,134.0,134.0,121.0,108.0,96.0,77.0,77.0,67.0,232.0,53.0,50.0,39.0,30.0,23.0,21.0,14.0,11.0,8.0,12.0,387.0,346.0,208.0,209.0,206.0,204.0,202.0,204.0,209.0,214.0,226.0,274.0,313.0,397.0,543.0,669.0,761.0,798.0,794.0,776.0,784.0,759.0,731.0,283.0,707.0,660.0,612.0,563.0,525.0,489.0,452.0,425.0,402.0,384.0,268.0,373.0,357.0,345.0,343.0,334.0,345.0,343.0,342.0,325.0,327.0,249.0,326.0,329.0,321.0,319.0,307.0,312.0,315.0,300.0,298.0,303.0,232.0,311.0,329.0,331.0,325.0,308.0,317.0,338.0,331.0,326.0,328.0,221.0,316.0,291.0,297.0,290.0,316.0,309.0,280.0,258.0,250.0,219.0,220.0,201.0,179.0,181.0,169.0,155.0,154.0,131.0,123.0,114.0,94.0,214.0,77.0,74.0,65.0,56.0,42.0,37.0,29.0,17.0,11.0,15.0
Indre By,2043,416.0,372.0,231.0,224.0,219.0,217.0,216.0,213.0,216.0,215.0,218.0,238.0,335.0,317.0,466.0,634.0,663.0,699.0,737.0,746.0,747.0,727.0,733.0,298.0,701.0,685.0,626.0,600.0,554.0,513.0,475.0,452.0,426.0,398.0,279.0,381.0,369.0,357.0,351.0,346.0,341.0,335.0,347.0,342.0,340.0,265.0,341.0,340.0,336.0,324.0,325.0,312.0,312.0,298.0,290.0,288.0,248.0,293.0,285.0,299.0,285.0,295.0,283.0,298.0,315.0,315.0,302.0,241.0,303.0,290.0,264.0,249.0,250.0,260.0,274.0,244.0,226.0,207.0,239.0,181.0,162.0,153.0,126.0,126.0,109.0,100.0,87.0,67.0,67.0,239.0,58.0,43.0,40.0,30.0,24.0,19.0,16.0,10.0,10.0,12.0,397.0,356.0,214.0,216.0,213.0,212.0,209.0,213.0,222.0,224.0,238.0,265.0,323.0,402.0,592.0,721.0,802.0,824.0,841.0,817.0,814.0,775.0,738.0,292.0,705.0,682.0,621.0,587.0,541.0,505.0,468.0,435.0,409.0,387.0,276.0,377.0,363.0,358.0,347.0,340.0,349.0,348.0,349.0,346.0,336.0,256.0,335.0,334.0,335.0,331.0,327.0,317.0,317.0,317.0,300.0,305.0,240.0,305.0,310.0,325.0,331.0,318.0,303.0,315.0,339.0,331.0,325.0,228.0,329.0,313.0,283.0,296.0,288.0,312.0,304.0,276.0,254.0,243.0,227.0,215.0,195.0,173.0,174.0,160.0,144.0,144.0,119.0,113.0,99.0,220.0,78.0,66.0,67.0,55.0,41.0,34.0,30.0,20.0,11.0,17.0
Indre By,2044,429.0,383.0,238.0,231.0,227.0,225.0,224.0,222.0,224.0,227.0,230.0,246.0,345.0,316.0,517.0,715.0,714.0,742.0,761.0,805.0,788.0,765.0,743.0,308.0,723.0,681.0,648.0,609.0,581.0,529.0,499.0,469.0,439.0,410.0,287.0,388.0,374.0,367.0,359.0,350.0,346.0,340.0,346.0,356.0,348.0,272.0,351.0,356.0,345.0,338.0,335.0,332.0,315.0,314.0,300.0,291.0,255.0,292.0,288.0,278.0,293.0,280.0,295.0,279.0,295.0,312.0,314.0,249.0,299.0,293.0,285.0,256.0,243.0,248.0,256.0,267.0,239.0,219.0,247.0,200.0,173.0,157.0,143.0,119.0,114.0,102.0,90.0,75.0,59.0,246.0,58.0,46.0,35.0,31.0,24.0,20.0,15.0,12.0,9.0,14.0,409.0,367.0,221.0,223.0,220.0,220.0,217.0,221.0,232.0,239.0,249.0,276.0,333.0,403.0,643.0,787.0,848.0,859.0,869.0,868.0,862.0,806.0,754.0,302.0,715.0,682.0,643.0,598.0,565.0,521.0,484.0,451.0,420.0,395.0,285.0,381.0,368.0,365.0,360.0,344.0,356.0,352.0,354.0,354.0,358.0,263.0,344.0,344.0,342.0,346.0,340.0,336.0,323.0,320.0,317.0,307.0,247.0,306.0,304.0,308.0,325.0,324.0,312.0,301.0,317.0,338.0,329.0,236.0,326.0,326.0,305.0,282.0,293.0,284.0,308.0,299.0,272.0,246.0,234.0,238.0,208.0,188.0,166.0,165.0,149.0,135.0,131.0,109.0,98.0,227.0,82.0,68.0,60.0,56.0,41.0,33.0,28.0,21.0,13.0,18.0
Indre By,2045,442.0,396.0,246.0,238.0,234.0,232.0,232.0,230.0,233.0,236.0,243.0,258.0,356.0,332.0,558.0,800.0,780.0,785.0,801.0,829.0,851.0,805.0,782.0,318.0,732.0,701.0,644.0,631.0,589.0,554.0,514.0,492.0,454.0,422.0,297.0,400.0,382.0,372.0,369.0,358.0,350.0,346.0,352.0,355.0,362.0,281.0,360.0,367.0,362.0,348.0,349.0,342.0,335.0,318.0,316.0,301.0,262.0,294.0,287.0,281.0,274.0,288.0,281.0,291.0,276.0,293.0,311.0,256.0,310.0,289.0,289.0,277.0,250.0,242.0,245.0,250.0,261.0,232.0,255.0,213.0,192.0,167.0,147.0,135.0,108.0,106.0,92.0,78.0,66.0,254.0,51.0,47.0,38.0,27.0,25.0,20.0,15.0,11.0,11.0,15.0,422.0,378.0,228.0,230.0,227.0,227.0,225.0,229.0,240.0,249.0,265.0,289.0,344.0,435.0,668.0,856.0,905.0,896.0,902.0,897.0,918.0,852.0,784.0,311.0,732.0,692.0,644.0,619.0,576.0,544.0,499.0,467.0,435.0,404.0,294.0,389.0,372.0,370.0,367.0,357.0,361.0,359.0,358.0,359.0,366.0,272.0,365.0,354.0,352.0,353.0,356.0,350.0,342.0,326.0,321.0,323.0,254.0,309.0,305.0,302.0,308.0,319.0,318.0,310.0,304.0,318.0,337.0,242.0,330.0,323.0,317.0,304.0,280.0,290.0,280.0,303.0,294.0,264.0,241.0,242.0,231.0,201.0,181.0,158.0,154.0,140.0,122.0,120.0,95.0,234.0,82.0,71.0,61.0,51.0,42.0,33.0,28.0,20.0,14.0,21.0
Indre By,2046,457.0,408.0,253.0,245.0,241.0,239.0,240.0,238.0,241.0,244.0,252.0,273.0,367.0,355.0,637.0,845.0,852.0,839.0,838.0,870.0,878.0,869.0,824.0,328.0,769.0,709.0,662.0,628.0,611.0,562.0,540.0,507.0,477.0,436.0,306.0,412.0,394.0,379.0,374.0,367.0,358.0,350.0,357.0,360.0,362.0,290.0,375.0,376.0,372.0,363.0,360.0,357.0,346.0,337.0,321.0,317.0,270.0,304.0,289.0,281.0,276.0,269.0,288.0,278.0,287.0,275.0,293.0,263.0,308.0,300.0,285.0,281.0,269.0,248.0,238.0,239.0,244.0,253.0,262.0,225.0,204.0,185.0,157.0,139.0,122.0,101.0,96.0,80.0,69.0,262.0,57.0,42.0,38.0,29.0,22.0,21.0,16.0,11.0,10.0,16.0,436.0,390.0,235.0,237.0,234.0,234.0,233.0,237.0,249.0,258.0,275.0,309.0,355.0,477.0,735.0,874.0,967.0,943.0,936.0,929.0,952.0,908.0,828.0,321.0,763.0,709.0,653.0,621.0,597.0,555.0,521.0,481.0,449.0,419.0,303.0,399.0,381.0,374.0,372.0,363.0,374.0,364.0,365.0,363.0,371.0,280.0,374.0,374.0,362.0,364.0,363.0,366.0,357.0,345.0,327.0,328.0,262.0,325.0,308.0,303.0,302.0,303.0,314.0,316.0,313.0,304.0,317.0,250.0,338.0,328.0,315.0,316.0,302.0,277.0,285.0,276.0,298.0,286.0,248.0,260.0,234.0,223.0,193.0,172.0,147.0,144.0,127.0,113.0,105.0,242.0,80.0,71.0,64.0,52.0,38.0,34.0,27.0,19.0,13.0,22.0
Indre By,2047,472.0,422.0,261.0,252.0,248.0,246.0,247.0,246.0,249.0,253.0,261.0,283.0,379.0,388.0,731.0,930.0,876.0,900.0,882.0,905.0,919.0,893.0,888.0,338.0,807.0,743.0,669.0,646.0,607.0,582.0,547.0,531.0,490.0,456.0,315.0,425.0,405.0,391.0,381.0,372.0,367.0,357.0,360.0,366.0,367.0,298.0,375.0,391.0,381.0,374.0,375.0,367.0,360.0,348.0,339.0,321.0,278.0,320.0,299.0,283.0,276.0,271.0,271.0,284.0,276.0,285.0,275.0,271.0,290.0,298.0,296.0,277.0,274.0,268.0,245.0,233.0,234.0,237.0,269.0,245.0,215.0,196.0,173.0,148.0,126.0,114.0,92.0,84.0,71.0,269.0,60.0,46.0,34.0,29.0,23.0,18.0,16.0,12.0,10.0,17.0,450.0,403.0,243.0,244.0,240.0,241.0,240.0,245.0,258.0,268.0,284.0,322.0,366.0,543.0,809.0,939.0,967.0,994.0,978.0,961.0,987.0,940.0,879.0,331.0,804.0,737.0,667.0,629.0,597.0,574.0,530.0,501.0,462.0,432.0,312.0,413.0,391.0,383.0,376.0,368.0,380.0,377.0,369.0,370.0,375.0,289.0,379.0,384.0,382.0,374.0,373.0,373.0,373.0,360.0,345.0,334.0,270.0,329.0,324.0,306.0,303.0,297.0,299.0,312.0,318.0,313.0,304.0,257.0,319.0,335.0,319.0,314.0,314.0,298.0,273.0,281.0,273.0,290.0,255.0,281.0,252.0,226.0,214.0,183.0,160.0,138.0,131.0,117.0,98.0,248.0,87.0,69.0,64.0,55.0,39.0,31.0,29.0,19.0,13.0,23.0
Indre By,2048,488.0,435.0,267.0,260.0,255.0,253.0,254.0,253.0,256.0,261.0,270.0,293.0,390.0,416.0,854.0,1026.0,939.0,908.0,935.0,946.0,954.0,932.0,912.0,348.0,867.0,778.0,700.0,653.0,624.0,578.0,566.0,538.0,511.0,468.0,324.0,444.0,418.0,402.0,392.0,378.0,371.0,366.0,367.0,369.0,372.0,306.0,379.0,391.0,396.0,382.0,386.0,382.0,371.0,362.0,351.0,339.0,285.0,325.0,315.0,292.0,278.0,272.0,272.0,268.0,281.0,274.0,285.0,278.0,273.0,282.0,294.0,288.0,271.0,273.0,264.0,239.0,228.0,228.0,276.0,230.0,235.0,208.0,185.0,164.0,135.0,117.0,104.0,80.0,74.0,275.0,62.0,49.0,38.0,26.0,24.0,20.0,14.0,12.0,11.0,17.0,465.0,416.0,249.0,251.0,247.0,248.0,247.0,252.0,266.0,276.0,294.0,334.0,378.0,599.0,923.0,1008.0,1016.0,982.0,1026.0,1001.0,1022.0,972.0,908.0,341.0,854.0,775.0,692.0,643.0,606.0,575.0,548.0,510.0,480.0,444.0,321.0,426.0,404.0,392.0,384.0,371.0,385.0,383.0,382.0,373.0,381.0,297.0,382.0,388.0,392.0,394.0,384.0,384.0,380.0,376.0,360.0,352.0,277.0,335.0,328.0,321.0,307.0,298.0,294.0,298.0,314.0,319.0,312.0,264.0,305.0,317.0,327.0,319.0,312.0,311.0,294.0,270.0,277.0,265.0,262.0,285.0,272.0,243.0,218.0,203.0,171.0,151.0,126.0,121.0,102.0,255.0,82.0,76.0,62.0,55.0,41.0,32.0,25.0,20.0,13.0,24.0
Indre By,2049,505.0,450.0,274.0,266.0,262.0,260.0,260.0,259.0,263.0,269.0,279.0,304.0,403.0,445.0,955.0,1159.0,1012.0,955.0,932.0,998.0,994.0,965.0,950.0,358.0,888.0,833.0,730.0,682.0,630.0,593.0,562.0,555.0,516.0,487.0,333.0,455.0,437.0,414.0,402.0,389.0,377.0,370.0,376.0,375.0,375.0,314.0,384.0,395.0,396.0,396.0,394.0,394.0,386.0,374.0,365.0,351.0,292.0,343.0,320.0,307.0,287.0,274.0,273.0,269.0,266.0,280.0,275.0,285.0,283.0,265.0,278.0,286.0,281.0,270.0,269.0,257.0,234.0,222.0,284.0,221.0,221.0,226.0,195.0,174.0,149.0,125.0,107.0,90.0,71.0,282.0,65.0,51.0,40.0,29.0,21.0,20.0,15.0,11.0,11.0,18.0,481.0,429.0,255.0,257.0,254.0,255.0,254.0,259.0,273.0,285.0,302.0,347.0,390.0,659.0,1007.0,1127.0,1069.0,1016.0,1007.0,1048.0,1065.0,1004.0,936.0,351.0,881.0,821.0,726.0,666.0,618.0,582.0,547.0,526.0,487.0,460.0,330.0,437.0,417.0,405.0,393.0,378.0,388.0,387.0,388.0,386.0,384.0,305.0,388.0,390.0,396.0,405.0,404.0,395.0,391.0,384.0,375.0,367.0,284.0,353.0,334.0,326.0,321.0,301.0,295.0,292.0,301.0,315.0,317.0,271.0,314.0,303.0,310.0,326.0,317.0,309.0,307.0,290.0,266.0,269.0,269.0,261.0,276.0,262.0,234.0,207.0,190.0,161.0,137.0,117.0,106.0,262.0,85.0,71.0,69.0,53.0,41.0,33.0,26.0,18.0,13.0,24.0
Indre By,2050,522.0,465.0,281.0,272.0,268.0,267.0,267.0,266.0,270.0,276.0,287.0,313.0,416.0,476.0,1053.0,1261.0,1122.0,1012.0,969.0,990.0,1048.0,1002.0,983.0,369.0,923.0,852.0,780.0,713.0,658.0,599.0,577.0,551.0,532.0,491.0,343.0,473.0,447.0,432.0,414.0,398.0,388.0,376.0,379.0,384.0,382.0,323.0,387.0,400.0,399.0,396.0,409.0,402.0,398.0,388.0,376.0,365.0,300.0,355.0,337.0,313.0,302.0,282.0,275.0,270.0,266.0,265.0,280.0,292.0,273.0,274.0,262.0,271.0,279.0,280.0,266.0,263.0,252.0,228.0,291.0,216.0,212.0,213.0,213.0,185.0,159.0,139.0,114.0,93.0,80.0,290.0,62.0,53.0,41.0,31.0,24.0,18.0,15.0,11.0,10.0,18.0,497.0,444.0,262.0,263.0,260.0,262.0,260.0,266.0,281.0,292.0,311.0,359.0,403.0,724.0,1087.0,1209.0,1175.0,1057.0,1037.0,1028.0,1118.0,1045.0,966.0,362.0,910.0,848.0,769.0,699.0,640.0,594.0,554.0,525.0,502.0,466.0,340.0,453.0,428.0,417.0,405.0,387.0,395.0,390.0,392.0,392.0,397.0,313.0,392.0,397.0,398.0,408.0,414.0,414.0,403.0,395.0,383.0,383.0,292.0,368.0,351.0,332.0,326.0,316.0,298.0,293.0,295.0,302.0,313.0,278.0,319.0,312.0,296.0,309.0,324.0,314.0,305.0,303.0,286.0,259.0,276.0,265.0,253.0,266.0,252.0,222.0,193.0,178.0,146.0,127.0,102.0,269.0,89.0,74.0,65.0,58.0,40.0,33.0,28.0,19.0,12.0,24.0
Indre By,2051,545.0,485.0,289.0,280.0,275.0,274.0,275.0,273.0,277.0,284.0,295.0,324.0,432.0,510.0,1154.0,1362.0,1207.0,1111.0,1021.0,1029.0,1043.0,1061.0,1025.0,383.0,957.0,888.0,801.0,766.0,690.0,628.0,585.0,568.0,530.0,508.0,355.0,479.0,467.0,444.0,433.0,411.0,399.0,387.0,386.0,388.0,392.0,333.0,395.0,403.0,405.0,400.0,410.0,418.0,407.0,401.0,391.0,377.0,309.0,369.0,349.0,330.0,308.0,297.0,284.0,272.0,268.0,266.0,266.0,300.0,278.0,265.0,271.0,255.0,265.0,279.0,276.0,261.0,258.0,245.0,299.0,222.0,207.0,205.0,201.0,201.0,168.0,148.0,127.0,100.0,83.0,297.0,70.0,51.0,44.0,32.0,25.0,20.0,14.0,12.0,10.0,18.0,519.0,462.0,270.0,271.0,267.0,269.0,268.0,274.0,288.0,301.0,319.0,373.0,419.0,793.0,1175.0,1292.0,1247.0,1153.0,1077.0,1061.0,1103.0,1100.0,1008.0,376.0,943.0,878.0,796.0,743.0,674.0,618.0,567.0,534.0,503.0,482.0,352.0,461.0,445.0,430.0,419.0,400.0,406.0,399.0,395.0,397.0,404.0,323.0,405.0,401.0,405.0,412.0,419.0,426.0,422.0,407.0,394.0,391.0,301.0,384.0,367.0,348.0,333.0,321.0,312.0,297.0,297.0,297.0,302.0,287.0,316.0,317.0,305.0,296.0,308.0,321.0,310.0,302.0,299.0,279.0,283.0,255.0,256.0,245.0,256.0,239.0,207.0,181.0,163.0,135.0,111.0,276.0,86.0,77.0,67.0,55.0,44.0,33.0,28.0,20.0,12.0,24.0
Indre By,2052,565.0,505.0,296.0,287.0,282.0,280.0,281.0,281.0,284.0,291.0,303.0,334.0,449.0,549.0,1260.0,1462.0,1285.0,1179.0,1108.0,1076.0,1082.0,1052.0,1083.0,397.0,994.0,919.0,833.0,786.0,739.0,656.0,613.0,574.0,544.0,504.0,368.0,494.0,472.0,462.0,443.0,429.0,412.0,398.0,398.0,395.0,396.0,343.0,405.0,411.0,408.0,405.0,414.0,419.0,423.0,409.0,403.0,391.0,318.0,381.0,363.0,342.0,324.0,304.0,299.0,281.0,270.0,267.0,266.0,309.0,265.0,270.0,263.0,264.0,250.0,265.0,275.0,270.0,256.0,251.0,307.0,238.0,212.0,200.0,193.0,190.0,184.0,157.0,135.0,111.0,89.0,305.0,73.0,58.0,42.0,34.0,26.0,21.0,16.0,11.0,11.0,18.0,538.0,481.0,277.0,278.0,273.0,275.0,275.0,281.0,296.0,309.0,327.0,386.0,436.0,873.0,1262.0,1376.0,1314.0,1210.0,1167.0,1098.0,1139.0,1084.0,1058.0,390.0,983.0,909.0,823.0,769.0,715.0,649.0,589.0,545.0,510.0,482.0,364.0,476.0,453.0,446.0,430.0,412.0,419.0,409.0,404.0,399.0,408.0,333.0,412.0,413.0,409.0,419.0,422.0,430.0,435.0,426.0,406.0,402.0,309.0,392.0,383.0,364.0,349.0,327.0,318.0,311.0,300.0,298.0,296.0,295.0,304.0,314.0,310.0,305.0,295.0,306.0,317.0,306.0,298.0,291.0,291.0,274.0,248.0,248.0,236.0,243.0,224.0,195.0,165.0,150.0,118.0,283.0,93.0,75.0,70.0,58.0,42.0,36.0,28.0,20.0,13.0,24.0
Indre By,2053,585.0,523.0,303.0,294.0,289.0,287.0,288.0,287.0,291.0,298.0,311.0,343.0,466.0,587.0,1359.0,1562.0,1363.0,1240.0,1164.0,1161.0,1128.0,1087.0,1073.0,411.0,1048.0,951.0,859.0,817.0,757.0,701.0,639.0,600.0,549.0,516.0,381.0,490.0,486.0,466.0,461.0,439.0,429.0,409.0,408.0,406.0,402.0,355.0,408.0,421.0,415.0,408.0,419.0,422.0,424.0,425.0,411.0,403.0,327.0,395.0,375.0,355.0,336.0,319.0,305.0,295.0,278.0,269.0,268.0,317.0,265.0,257.0,267.0,256.0,259.0,250.0,262.0,270.0,265.0,249.0,315.0,244.0,229.0,205.0,189.0,183.0,174.0,171.0,144.0,118.0,98.0,312.0,78.0,61.0,47.0,33.0,28.0,22.0,16.0,12.0,10.0,18.0,556.0,498.0,284.0,285.0,280.0,282.0,282.0,288.0,304.0,316.0,335.0,398.0,453.0,950.0,1351.0,1457.0,1382.0,1262.0,1218.0,1186.0,1179.0,1116.0,1041.0,404.0,1032.0,945.0,849.0,793.0,738.0,687.0,617.0,565.0,520.0,487.0,377.0,476.0,467.0,453.0,446.0,423.0,431.0,422.0,413.0,408.0,411.0,344.0,416.0,420.0,422.0,423.0,428.0,433.0,439.0,438.0,425.0,414.0,319.0,403.0,391.0,380.0,364.0,343.0,324.0,316.0,314.0,302.0,297.0,303.0,298.0,303.0,307.0,310.0,304.0,293.0,302.0,313.0,302.0,290.0,298.0,286.0,266.0,240.0,239.0,224.0,227.0,211.0,178.0,153.0,132.0,291.0,100.0,81.0,68.0,60.0,44.0,34.0,30.0,20.0,13.0,24.0
Indre By,2054,604.0,540.0,310.0,300.0,296.0,294.0,295.0,294.0,297.0,305.0,318.0,351.0,482.0,624.0,1448.0,1654.0,1439.0,1302.0,1216.0,1216.0,1214.0,1129.0,1106.0,426.0,1035.0,1000.0,887.0,842.0,785.0,717.0,682.0,625.0,572.0,519.0,394.0,501.0,481.0,480.0,464.0,455.0,438.0,426.0,419.0,416.0,413.0,366.0,414.0,423.0,424.0,414.0,421.0,427.0,426.0,426.0,427.0,411.0,337.0,407.0,388.0,367.0,349.0,331.0,321.0,302.0,293.0,277.0,269.0,326.0,267.0,257.0,254.0,260.0,251.0,259.0,248.0,257.0,265.0,258.0,323.0,243.0,235.0,221.0,194.0,179.0,168.0,162.0,156.0,125.0,105.0,320.0,87.0,64.0,50.0,37.0,27.0,23.0,17.0,12.0,11.0,18.0,574.0,514.0,291.0,292.0,287.0,289.0,288.0,295.0,310.0,324.0,342.0,410.0,468.0,1025.0,1434.0,1538.0,1448.0,1316.0,1266.0,1236.0,1274.0,1152.0,1069.0,419.0,1016.0,989.0,881.0,818.0,761.0,708.0,651.0,591.0,537.0,495.0,390.0,480.0,466.0,467.0,452.0,438.0,441.0,433.0,425.0,417.0,419.0,356.0,418.0,423.0,429.0,435.0,431.0,439.0,441.0,442.0,437.0,432.0,328.0,415.0,402.0,387.0,380.0,359.0,339.0,322.0,320.0,316.0,301.0,312.0,299.0,297.0,296.0,307.0,309.0,301.0,289.0,299.0,310.0,295.0,306.0,286.0,278.0,258.0,231.0,227.0,210.0,214.0,192.0,165.0,134.0,298.0,111.0,87.0,74.0,58.0,45.0,36.0,29.0,21.0,13.0,25.0
Indre By,2055,623.0,557.0,317.0,307.0,302.0,300.0,301.0,300.0,303.0,311.0,325.0,360.0,498.0,661.0,1529.0,1737.0,1509.0,1362.0,1268.0,1266.0,1269.0,1211.0,1146.0,439.0,1064.0,986.0,931.0,869.0,809.0,743.0,697.0,665.0,594.0,540.0,407.0,503.0,492.0,474.0,476.0,457.0,455.0,435.0,435.0,426.0,422.0,377.0,425.0,429.0,426.0,423.0,427.0,429.0,432.0,428.0,428.0,426.0,347.0,415.0,400.0,379.0,361.0,344.0,332.0,317.0,299.0,292.0,278.0,335.0,268.0,259.0,255.0,248.0,255.0,251.0,256.0,243.0,253.0,258.0,332.0,252.0,233.0,227.0,208.0,184.0,164.0,157.0,148.0,137.0,112.0,327.0,93.0,72.0,53.0,39.0,30.0,22.0,18.0,13.0,11.0,18.0,592.0,530.0,298.0,298.0,293.0,296.0,295.0,301.0,317.0,331.0,349.0,422.0,484.0,1095.0,1510.0,1612.0,1511.0,1367.0,1315.0,1283.0,1329.0,1241.0,1100.0,432.0,1041.0,973.0,920.0,848.0,783.0,728.0,670.0,622.0,560.0,510.0,403.0,488.0,471.0,465.0,465.0,443.0,456.0,443.0,436.0,428.0,428.0,367.0,426.0,425.0,431.0,442.0,444.0,442.0,447.0,444.0,440.0,445.0,339.0,432.0,413.0,398.0,388.0,374.0,354.0,337.0,326.0,321.0,315.0,321.0,303.0,298.0,291.0,297.0,306.0,306.0,297.0,286.0,296.0,302.0,314.0,290.0,278.0,269.0,248.0,220.0,212.0,198.0,195.0,178.0,145.0,305.0,113.0,97.0,79.0,64.0,44.0,37.0,30.0,21.0,14.0,25.0
Indre By,2056,642.0,574.0,324.0,313.0,308.0,306.0,307.0,306.0,309.0,317.0,332.0,368.0,512.0,698.0,1602.0,1811.0,1572.0,1418.0,1318.0,1317.0,1320.0,1263.0,1227.0,453.0,1099.0,1011.0,917.0,912.0,833.0,763.0,721.0,679.0,631.0,559.0,419.0,522.0,494.0,484.0,469.0,469.0,456.0,450.0,443.0,442.0,433.0,389.0,434.0,439.0,431.0,424.0,436.0,434.0,433.0,433.0,430.0,427.0,357.0,430.0,407.0,391.0,373.0,355.0,345.0,328.0,314.0,298.0,292.0,345.0,277.0,260.0,256.0,248.0,243.0,255.0,249.0,251.0,239.0,247.0,340.0,252.0,242.0,226.0,215.0,198.0,168.0,153.0,144.0,130.0,122.0,335.0,99.0,76.0,59.0,41.0,32.0,25.0,18.0,14.0,12.0,19.0,610.0,546.0,304.0,305.0,299.0,301.0,301.0,308.0,323.0,337.0,355.0,433.0,498.0,1162.0,1581.0,1681.0,1569.0,1415.0,1361.0,1331.0,1381.0,1292.0,1182.0,445.0,1071.0,996.0,904.0,885.0,810.0,749.0,688.0,639.0,589.0,531.0,415.0,503.0,478.0,469.0,462.0,455.0,460.0,458.0,446.0,439.0,439.0,379.0,434.0,432.0,432.0,445.0,451.0,454.0,449.0,450.0,442.0,447.0,349.0,445.0,430.0,409.0,398.0,381.0,369.0,352.0,341.0,327.0,320.0,330.0,317.0,302.0,292.0,291.0,296.0,303.0,302.0,294.0,284.0,288.0,323.0,297.0,282.0,269.0,260.0,236.0,206.0,200.0,181.0,181.0,156.0,313.0,122.0,99.0,88.0,68.0,48.0,37.0,31.0,22.0,14.0,26.0
Indre By,2057,661.0,591.0,331.0,319.0,314.0,311.0,312.0,311.0,314.0,322.0,338.0,375.0,526.0,732.0,1667.0,1876.0,1627.0,1465.0,1362.0,1363.0,1370.0,1308.0,1275.0,465.0,1171.0,1040.0,936.0,897.0,871.0,784.0,739.0,699.0,641.0,591.0,431.0,540.0,511.0,484.0,477.0,461.0,467.0,451.0,458.0,449.0,448.0,399.0,443.0,448.0,441.0,428.0,436.0,443.0,438.0,434.0,434.0,428.0,367.0,430.0,422.0,397.0,385.0,367.0,356.0,341.0,325.0,312.0,299.0,354.0,291.0,268.0,258.0,250.0,243.0,244.0,252.0,244.0,246.0,233.0,349.0,241.0,242.0,234.0,214.0,204.0,181.0,157.0,140.0,126.0,116.0,343.0,108.0,82.0,63.0,46.0,34.0,27.0,20.0,13.0,13.0,19.0,628.0,562.0,311.0,311.0,304.0,307.0,307.0,313.0,329.0,343.0,360.0,444.0,512.0,1224.0,1644.0,1742.0,1621.0,1458.0,1403.0,1375.0,1432.0,1337.0,1225.0,457.0,1147.0,1021.0,922.0,868.0,843.0,772.0,705.0,654.0,603.0,557.0,427.0,522.0,491.0,474.0,464.0,451.0,472.0,461.0,459.0,447.0,449.0,389.0,445.0,440.0,439.0,445.0,452.0,460.0,461.0,451.0,447.0,448.0,358.0,447.0,442.0,425.0,409.0,391.0,377.0,367.0,356.0,342.0,326.0,339.0,322.0,315.0,296.0,292.0,290.0,293.0,299.0,299.0,291.0,276.0,331.0,284.0,289.0,273.0,260.0,247.0,221.0,194.0,182.0,167.0,159.0,320.0,132.0,107.0,90.0,76.0,52.0,40.0,31.0,22.0,15.0,26.0
Indre By,2058,676.0,605.0,338.0,325.0,318.0,316.0,317.0,316.0,319.0,327.0,343.0,381.0,538.0,763.0,1722.0,1931.0,1671.0,1503.0,1398.0,1402.0,1413.0,1351.0,1316.0,475.0,1210.0,1102.0,958.0,912.0,853.0,815.0,755.0,714.0,657.0,598.0,440.0,568.0,526.0,499.0,475.0,467.0,456.0,459.0,456.0,462.0,453.0,408.0,458.0,456.0,448.0,436.0,439.0,442.0,446.0,438.0,434.0,431.0,375.0,430.0,422.0,411.0,391.0,378.0,367.0,351.0,337.0,323.0,313.0,362.0,297.0,282.0,266.0,251.0,245.0,243.0,241.0,247.0,240.0,241.0,357.0,228.0,232.0,235.0,221.0,203.0,187.0,169.0,144.0,123.0,113.0,351.0,103.0,89.0,68.0,49.0,38.0,29.0,21.0,15.0,12.0,20.0,642.0,575.0,318.0,317.0,310.0,312.0,311.0,318.0,334.0,348.0,365.0,452.0,524.0,1276.0,1699.0,1793.0,1664.0,1493.0,1437.0,1412.0,1476.0,1380.0,1262.0,467.0,1185.0,1088.0,941.0,882.0,824.0,800.0,724.0,668.0,614.0,567.0,436.0,545.0,508.0,485.0,468.0,451.0,466.0,471.0,461.0,459.0,456.0,397.0,454.0,450.0,446.0,452.0,451.0,461.0,467.0,462.0,448.0,452.0,366.0,447.0,444.0,437.0,424.0,401.0,386.0,374.0,370.0,356.0,340.0,347.0,328.0,320.0,308.0,296.0,291.0,287.0,289.0,296.0,296.0,283.0,338.0,273.0,277.0,280.0,264.0,248.0,231.0,209.0,177.0,169.0,147.0,327.0,135.0,115.0,97.0,78.0,58.0,43.0,34.0,22.0,15.0,27.0
Indre By,2059,693.0,619.0,345.0,331.0,324.0,321.0,321.0,320.0,323.0,331.0,347.0,387.0,551.0,788.0,1765.0,1979.0,1712.0,1538.0,1430.0,1436.0,1452.0,1391.0,1358.0,485.0,1247.0,1137.0,1014.0,933.0,866.0,798.0,785.0,729.0,670.0,612.0,449.0,575.0,553.0,513.0,489.0,464.0,462.0,449.0,464.0,460.0,467.0,416.0,463.0,471.0,456.0,443.0,448.0,445.0,445.0,446.0,438.0,431.0,382.0,433.0,421.0,411.0,404.0,384.0,378.0,362.0,347.0,335.0,324.0,369.0,311.0,288.0,279.0,258.0,246.0,245.0,241.0,237.0,243.0,235.0,365.0,235.0,219.0,225.0,222.0,211.0,186.0,175.0,155.0,126.0,110.0,358.0,100.0,85.0,74.0,53.0,40.0,32.0,23.0,16.0,14.0,21.0,659.0,588.0,324.0,323.0,315.0,317.0,316.0,322.0,338.0,353.0,370.0,461.0,536.0,1318.0,1745.0,1840.0,1703.0,1526.0,1469.0,1446.0,1516.0,1420.0,1300.0,478.0,1220.0,1122.0,1000.0,899.0,836.0,782.0,749.0,684.0,625.0,577.0,445.0,555.0,530.0,502.0,479.0,454.0,466.0,465.0,470.0,460.0,468.0,406.0,461.0,458.0,456.0,459.0,457.0,459.0,467.0,468.0,458.0,453.0,374.0,451.0,443.0,438.0,436.0,416.0,396.0,383.0,377.0,371.0,354.0,354.0,342.0,326.0,314.0,308.0,295.0,288.0,283.0,286.0,293.0,288.0,346.0,279.0,265.0,268.0,270.0,252.0,232.0,218.0,191.0,164.0,149.0,334.0,125.0,118.0,105.0,84.0,59.0,48.0,36.0,24.0,15.0,28.0
Indre By,2060,712.0,635.0,351.0,337.0,330.0,326.0,326.0,324.0,326.0,335.0,352.0,392.0,564.0,813.0,1800.0,2018.0,1749.0,1570.0,1459.0,1468.0,1488.0,1428.0,1397.0,496.0,1284.0,1170.0,1045.0,987.0,886.0,810.0,769.0,757.0,683.0,623.0,459.0,588.0,559.0,539.0,503.0,477.0,459.0,454.0,453.0,468.0,464.0,425.0,476.0,476.0,471.0,450.0,454.0,453.0,448.0,444.0,445.0,435.0,389.0,433.0,425.0,410.0,404.0,397.0,384.0,373.0,357.0,345.0,335.0,377.0,322.0,301.0,285.0,271.0,253.0,246.0,243.0,236.0,233.0,238.0,372.0,230.0,226.0,213.0,213.0,212.0,193.0,175.0,161.0,136.0,113.0,366.0,98.0,83.0,70.0,58.0,43.0,34.0,25.0,17.0,15.0,22.0,676.0,603.0,331.0,329.0,320.0,322.0,321.0,327.0,342.0,357.0,373.0,468.0,548.0,1356.0,1782.0,1881.0,1740.0,1556.0,1499.0,1478.0,1554.0,1457.0,1337.0,489.0,1257.0,1154.0,1030.0,954.0,852.0,793.0,731.0,708.0,640.0,587.0,455.0,565.0,540.0,524.0,495.0,464.0,469.0,464.0,463.0,470.0,468.0,414.0,473.0,465.0,464.0,468.0,464.0,466.0,465.0,468.0,464.0,463.0,381.0,451.0,447.0,437.0,437.0,428.0,410.0,392.0,386.0,377.0,368.0,362.0,356.0,339.0,319.0,314.0,307.0,292.0,284.0,280.0,284.0,286.0,352.0,284.0,272.0,257.0,259.0,258.0,236.0,219.0,199.0,177.0,145.0,341.0,126.0,109.0,108.0,91.0,64.0,49.0,40.0,26.0,16.0,28.0
Nørrebro,2026,643.0,530.0,276.0,260.0,276.0,272.0,285.0,276.0,295.0,276.0,311.0,323.0,437.0,336.0,496.0,728.0,889.0,1063.0,1191.0,1245.0,1273.0,1319.0,1225.0,390.0,1178.0,1158.0,996.0,961.0,976.0,818.0,786.0,698.0,632.0,598.0,411.0,557.0,493.0,476.0,466.0,447.0,403.0,413.0,368.0,383.0,397.0,362.0,412.0,387.0,365.0,380.0,335.0,329.0,342.0,338.0,341.0,359.0,328.0,322.0,335.0,309.0,270.0,263.0,248.0,236.0,212.0,215.0,234.0,297.0,187.0,166.0,173.0,150.0,130.0,124.0,114.0,118.0,113.0,112.0,334.0,76.0,104.0,80.0,67.0,44.0,38.0,43.0,27.0,26.0,20.0,307.0,15.0,4.0,6.0,6.0,6.0,3.0,3.0,2.0,2.0,3.0,643.0,472.0,252.0,278.0,236.0,261.0,265.0,333.0,274.0,323.0,292.0,313.0,424.0,396.0,649.0,985.0,1302.0,1450.0,1589.0,1602.0,1549.0,1482.0,1431.0,369.0,1351.0,1255.0,1111.0,1051.0,917.0,851.0,811.0,681.0,685.0,583.0,385.0,603.0,530.0,465.0,442.0,476.0,423.0,412.0,407.0,408.0,390.0,329.0,417.0,402.0,385.0,409.0,389.0,368.0,344.0,344.0,347.0,397.0,321.0,347.0,325.0,283.0,257.0,250.0,247.0,231.0,224.0,201.0,191.0,294.0,202.0,193.0,181.0,184.0,149.0,175.0,138.0,139.0,136.0,127.0,327.0,136.0,124.0,91.0,92.0,67.0,62.0,56.0,44.0,33.0,36.0,290.0,31.0,27.0,23.0,20.0,10.0,16.0,6.0,9.0,0.0,10.0
Nørrebro,2027,659.0,547.0,302.0,273.0,259.0,272.0,270.0,285.0,279.0,298.0,290.0,336.0,468.0,370.0,488.0,725.0,889.0,1032.0,1141.0,1236.0,1253.0,1287.0,1278.0,381.0,1156.0,1138.0,1093.0,943.0,910.0,902.0,762.0,732.0,651.0,592.0,352.0,566.0,528.0,474.0,458.0,447.0,431.0,389.0,406.0,362.0,381.0,377.0,390.0,408.0,382.0,367.0,375.0,333.0,331.0,339.0,334.0,339.0,343.0,356.0,318.0,329.0,303.0,265.0,259.0,239.0,230.0,206.0,206.0,312.0,224.0,180.0,159.0,167.0,144.0,127.0,115.0,110.0,110.0,108.0,292.0,101.0,70.0,97.0,73.0,60.0,39.0,32.0,39.0,23.0,22.0,328.0,17.0,11.0,3.0,5.0,4.0,4.0,3.0,3.0,2.0,3.0,634.0,550.0,283.0,251.0,273.0,239.0,264.0,268.0,333.0,286.0,340.0,334.0,412.0,416.0,644.0,949.0,1213.0,1436.0,1530.0,1616.0,1577.0,1496.0,1411.0,369.0,1361.0,1255.0,1166.0,1029.0,959.0,846.0,787.0,754.0,657.0,635.0,341.0,565.0,578.0,508.0,453.0,433.0,464.0,420.0,411.0,407.0,405.0,359.0,387.0,416.0,403.0,389.0,408.0,384.0,365.0,345.0,350.0,349.0,309.0,398.0,342.0,315.0,277.0,255.0,250.0,248.0,227.0,217.0,196.0,310.0,189.0,196.0,186.0,175.0,177.0,143.0,165.0,132.0,133.0,131.0,287.0,125.0,129.0,119.0,84.0,86.0,63.0,57.0,48.0,40.0,30.0,317.0,31.0,28.0,20.0,16.0,18.0,8.0,8.0,4.0,4.0,7.0
Nørrebro,2028,668.0,561.0,319.0,296.0,268.0,254.0,268.0,268.0,285.0,278.0,301.0,310.0,483.0,375.0,506.0,690.0,850.0,1006.0,1094.0,1187.0,1237.0,1247.0,1249.0,406.0,1185.0,1109.0,1074.0,1015.0,890.0,850.0,825.0,712.0,680.0,606.0,342.0,557.0,534.0,502.0,452.0,435.0,428.0,412.0,380.0,394.0,360.0,324.0,372.0,383.0,399.0,382.0,361.0,371.0,333.0,327.0,333.0,331.0,356.0,335.0,349.0,313.0,320.0,297.0,261.0,249.0,232.0,222.0,198.0,324.0,197.0,215.0,172.0,154.0,158.0,138.0,117.0,111.0,103.0,104.0,304.0,98.0,91.0,68.0,88.0,65.0,53.0,33.0,29.0,32.0,20.0,286.0,19.0,13.0,7.0,3.0,3.0,3.0,3.0,3.0,3.0,3.0,642.0,545.0,306.0,278.0,245.0,272.0,239.0,264.0,269.0,337.0,303.0,367.0,476.0,426.0,650.0,910.0,1143.0,1344.0,1492.0,1547.0,1583.0,1498.0,1408.0,359.0,1334.0,1248.0,1159.0,1076.0,938.0,878.0,777.0,730.0,717.0,609.0,339.0,606.0,539.0,549.0,488.0,438.0,421.0,453.0,416.0,406.0,401.0,318.0,397.0,384.0,415.0,403.0,385.0,402.0,379.0,364.0,346.0,347.0,333.0,349.0,389.0,330.0,306.0,271.0,252.0,247.0,241.0,219.0,210.0,296.0,191.0,183.0,187.0,179.0,169.0,167.0,135.0,157.0,126.0,128.0,300.0,128.0,118.0,124.0,109.0,80.0,81.0,57.0,49.0,44.0,36.0,276.0,27.0,28.0,22.0,14.0,15.0,13.0,4.0,6.0,2.0,9.0
Nørrebro,2029,679.0,572.0,280.0,314.0,291.0,264.0,251.0,267.0,270.0,285.0,286.0,323.0,498.0,358.0,516.0,701.0,819.0,975.0,1067.0,1149.0,1203.0,1237.0,1217.0,421.0,1163.0,1134.0,1047.0,1006.0,950.0,836.0,787.0,766.0,667.0,635.0,365.0,574.0,529.0,510.0,479.0,431.0,418.0,410.0,400.0,371.0,390.0,316.0,353.0,364.0,375.0,399.0,375.0,358.0,370.0,331.0,323.0,330.0,309.0,327.0,329.0,343.0,307.0,314.0,292.0,251.0,244.0,225.0,213.0,338.0,191.0,190.0,205.0,166.0,147.0,151.0,129.0,113.0,104.0,97.0,316.0,95.0,89.0,87.0,63.0,79.0,57.0,45.0,30.0,24.0,27.0,299.0,17.0,14.0,9.0,6.0,2.0,2.0,3.0,3.0,3.0,3.0,653.0,556.0,269.0,301.0,273.0,247.0,272.0,241.0,265.0,277.0,348.0,340.0,476.0,454.0,656.0,913.0,1107.0,1282.0,1415.0,1513.0,1530.0,1512.0,1407.0,414.0,1333.0,1228.0,1155.0,1073.0,984.0,865.0,807.0,724.0,701.0,666.0,332.0,587.0,579.0,516.0,527.0,473.0,428.0,413.0,447.0,413.0,402.0,316.0,394.0,394.0,385.0,414.0,399.0,382.0,398.0,378.0,365.0,343.0,298.0,347.0,343.0,375.0,322.0,301.0,269.0,251.0,242.0,234.0,213.0,319.0,206.0,185.0,176.0,181.0,171.0,161.0,157.0,129.0,150.0,122.0,287.0,125.0,122.0,114.0,115.0,103.0,77.0,73.0,49.0,45.0,40.0,290.0,32.0,25.0,22.0,15.0,13.0,11.0,7.0,4.0,3.0,8.0
Nørrebro,2030,688.0,581.0,292.0,277.0,309.0,287.0,260.0,252.0,269.0,271.0,294.0,313.0,508.0,383.0,511.0,712.0,829.0,955.0,1049.0,1126.0,1171.0,1212.0,1208.0,434.0,1136.0,1112.0,1068.0,979.0,945.0,884.0,778.0,739.0,712.0,626.0,379.0,601.0,547.0,508.0,490.0,457.0,416.0,402.0,398.0,389.0,369.0,338.0,383.0,351.0,358.0,380.0,394.0,373.0,359.0,369.0,329.0,322.0,302.0,329.0,326.0,328.0,338.0,303.0,313.0,285.0,249.0,239.0,220.0,294.0,208.0,189.0,186.0,201.0,161.0,143.0,141.0,126.0,108.0,102.0,329.0,91.0,88.0,89.0,80.0,60.0,73.0,50.0,43.0,27.0,26.0,310.0,24.0,15.0,11.0,8.0,5.0,2.0,2.0,3.0,3.0,4.0,662.0,564.0,282.0,267.0,295.0,275.0,249.0,273.0,244.0,274.0,297.0,382.0,486.0,447.0,691.0,914.0,1114.0,1254.0,1362.0,1447.0,1498.0,1467.0,1421.0,416.0,1327.0,1226.0,1138.0,1070.0,983.0,906.0,796.0,752.0,697.0,655.0,380.0,641.0,564.0,554.0,499.0,510.0,462.0,421.0,410.0,443.0,409.0,311.0,396.0,393.0,394.0,387.0,412.0,397.0,382.0,399.0,382.0,362.0,296.0,344.0,343.0,335.0,369.0,318.0,300.0,271.0,251.0,237.0,231.0,287.0,213.0,204.0,181.0,175.0,176.0,168.0,158.0,153.0,126.0,148.0,309.0,124.0,125.0,121.0,110.0,115.0,105.0,80.0,74.0,55.0,51.0,278.0,47.0,37.0,29.0,19.0,19.0,13.0,8.0,8.0,5.0,11.0
Nørrebro,2031,689.0,586.0,301.0,288.0,273.0,303.0,282.0,261.0,254.0,270.0,281.0,317.0,514.0,368.0,520.0,685.0,823.0,947.0,1017.0,1096.0,1134.0,1170.0,1177.0,441.0,1120.0,1078.0,1041.0,987.0,914.0,878.0,813.0,728.0,689.0,662.0,389.0,592.0,570.0,523.0,486.0,467.0,438.0,398.0,390.0,386.0,384.0,350.0,360.0,374.0,343.0,358.0,371.0,389.0,372.0,356.0,364.0,326.0,321.0,317.0,322.0,321.0,321.0,332.0,300.0,301.0,279.0,242.0,230.0,287.0,213.0,201.0,181.0,179.0,192.0,155.0,133.0,135.0,118.0,102.0,287.0,93.0,83.0,84.0,82.0,72.0,54.0,61.0,46.0,36.0,23.0,322.0,23.0,19.0,10.0,9.0,5.0,4.0,2.0,2.0,3.0,4.0,663.0,569.0,270.0,279.0,262.0,296.0,276.0,249.0,274.0,252.0,291.0,335.0,491.0,471.0,673.0,912.0,1091.0,1242.0,1318.0,1383.0,1424.0,1425.0,1372.0,423.0,1332.0,1210.0,1128.0,1049.0,974.0,902.0,829.0,740.0,720.0,650.0,382.0,630.0,611.0,539.0,532.0,483.0,496.0,453.0,416.0,405.0,436.0,353.0,403.0,392.0,392.0,394.0,384.0,407.0,394.0,382.0,400.0,378.0,290.0,360.0,338.0,332.0,327.0,361.0,315.0,299.0,267.0,244.0,231.0,283.0,227.0,207.0,196.0,176.0,169.0,168.0,159.0,152.0,146.0,122.0,278.0,145.0,118.0,120.0,112.0,104.0,108.0,94.0,69.0,66.0,49.0,298.0,44.0,41.0,30.0,22.0,16.0,14.0,8.0,5.0,6.0,10.0
Nørrebro,2032,691.0,588.0,314.0,296.0,284.0,269.0,298.0,283.0,262.0,255.0,279.0,304.0,520.0,372.0,498.0,689.0,799.0,949.0,1013.0,1071.0,1112.0,1139.0,1142.0,447.0,1098.0,1066.0,1013.0,966.0,922.0,851.0,811.0,759.0,680.0,645.0,396.0,624.0,563.0,545.0,502.0,464.0,449.0,419.0,387.0,379.0,381.0,360.0,373.0,353.0,365.0,344.0,350.0,367.0,387.0,368.0,351.0,360.0,333.0,322.0,311.0,316.0,313.0,315.0,326.0,289.0,293.0,271.0,233.0,304.0,223.0,205.0,192.0,175.0,171.0,185.0,145.0,128.0,126.0,111.0,279.0,93.0,85.0,78.0,77.0,74.0,64.0,46.0,55.0,38.0,30.0,282.0,20.0,18.0,13.0,9.0,6.0,3.0,4.0,2.0,2.0,4.0,665.0,571.0,289.0,268.0,274.0,264.0,296.0,276.0,252.0,280.0,270.0,329.0,497.0,432.0,675.0,894.0,1087.0,1224.0,1313.0,1348.0,1372.0,1363.0,1338.0,428.0,1295.0,1218.0,1114.0,1043.0,958.0,894.0,826.0,771.0,710.0,671.0,389.0,626.0,603.0,584.0,520.0,514.0,471.0,485.0,447.0,411.0,400.0,356.0,428.0,398.0,391.0,391.0,389.0,380.0,404.0,394.0,383.0,395.0,328.0,375.0,353.0,327.0,324.0,323.0,356.0,313.0,295.0,259.0,237.0,279.0,227.0,221.0,199.0,190.0,170.0,161.0,158.0,152.0,146.0,140.0,274.0,119.0,137.0,112.0,110.0,104.0,95.0,94.0,79.0,60.0,58.0,269.0,40.0,36.0,32.0,21.0,18.0,12.0,7.0,3.0,4.0,11.0
Nørrebro,2033,690.0,590.0,275.0,308.0,292.0,280.0,265.0,298.0,283.0,263.0,266.0,302.0,523.0,358.0,496.0,658.0,803.0,931.0,1020.0,1069.0,1092.0,1122.0,1114.0,452.0,1068.0,1049.0,1004.0,941.0,903.0,857.0,787.0,759.0,707.0,638.0,401.0,611.0,592.0,540.0,523.0,480.0,447.0,430.0,406.0,376.0,374.0,366.0,370.0,364.0,345.0,365.0,338.0,346.0,367.0,383.0,362.0,348.0,343.0,355.0,316.0,306.0,308.0,307.0,311.0,315.0,284.0,286.0,262.0,315.0,226.0,216.0,196.0,186.0,167.0,166.0,173.0,139.0,120.0,119.0,296.0,101.0,86.0,81.0,72.0,70.0,66.0,54.0,43.0,46.0,32.0,275.0,25.0,16.0,13.0,11.0,6.0,5.0,3.0,3.0,2.0,4.0,664.0,573.0,262.0,286.0,263.0,275.0,265.0,295.0,278.0,260.0,295.0,310.0,499.0,421.0,639.0,879.0,1076.0,1221.0,1300.0,1346.0,1343.0,1320.0,1285.0,433.0,1264.0,1187.0,1123.0,1030.0,953.0,880.0,819.0,770.0,740.0,663.0,395.0,646.0,600.0,578.0,563.0,504.0,501.0,462.0,478.0,441.0,406.0,363.0,393.0,421.0,397.0,391.0,387.0,384.0,379.0,404.0,395.0,380.0,332.0,392.0,368.0,341.0,319.0,319.0,320.0,353.0,309.0,287.0,253.0,313.0,234.0,221.0,213.0,193.0,183.0,162.0,152.0,153.0,146.0,141.0,270.0,137.0,114.0,130.0,104.0,104.0,98.0,85.0,82.0,71.0,54.0,264.0,50.0,35.0,30.0,24.0,19.0,13.0,6.0,5.0,3.0,10.0
Nørrebro,2034,686.0,590.0,268.0,271.0,304.0,287.0,276.0,266.0,298.0,283.0,273.0,289.0,524.0,352.0,467.0,646.0,767.0,936.0,1003.0,1078.0,1088.0,1103.0,1099.0,455.0,1043.0,1022.0,990.0,932.0,880.0,840.0,791.0,737.0,708.0,661.0,406.0,605.0,582.0,566.0,519.0,499.0,461.0,428.0,417.0,394.0,371.0,371.0,363.0,361.0,354.0,345.0,356.0,335.0,345.0,363.0,377.0,359.0,349.0,344.0,348.0,312.0,299.0,302.0,303.0,300.0,308.0,278.0,276.0,325.0,254.0,220.0,207.0,191.0,178.0,163.0,155.0,167.0,131.0,115.0,307.0,109.0,93.0,82.0,75.0,66.0,63.0,57.0,51.0,37.0,40.0,290.0,28.0,21.0,11.0,11.0,7.0,5.0,4.0,3.0,3.0,3.0,661.0,572.0,257.0,259.0,281.0,265.0,276.0,266.0,296.0,285.0,277.0,330.0,501.0,397.0,607.0,843.0,1053.0,1214.0,1294.0,1334.0,1341.0,1294.0,1248.0,436.0,1217.0,1160.0,1097.0,1039.0,941.0,875.0,806.0,762.0,739.0,690.0,400.0,639.0,618.0,575.0,557.0,544.0,492.0,490.0,456.0,470.0,434.0,368.0,399.0,388.0,418.0,396.0,386.0,383.0,382.0,379.0,405.0,391.0,339.0,378.0,385.0,355.0,332.0,314.0,316.0,320.0,348.0,300.0,280.0,318.0,249.0,228.0,213.0,206.0,187.0,175.0,154.0,147.0,147.0,141.0,302.0,138.0,131.0,109.0,121.0,99.0,98.0,89.0,74.0,75.0,64.0,261.0,47.0,44.0,30.0,23.0,20.0,14.0,8.0,5.0,4.0,9.0
Nørrebro,2035,682.0,587.0,283.0,264.0,269.0,299.0,282.0,276.0,268.0,297.0,293.0,295.0,524.0,337.0,452.0,603.0,755.0,900.0,1009.0,1061.0,1098.0,1100.0,1083.0,457.0,1031.0,999.0,965.0,921.0,873.0,820.0,777.0,739.0,687.0,663.0,409.0,625.0,576.0,558.0,543.0,496.0,480.0,442.0,416.0,405.0,388.0,376.0,360.0,354.0,350.0,353.0,338.0,352.0,335.0,341.0,357.0,372.0,354.0,354.0,337.0,342.0,305.0,294.0,298.0,293.0,295.0,301.0,269.0,331.0,268.0,247.0,211.0,202.0,183.0,173.0,153.0,150.0,157.0,125.0,317.0,105.0,100.0,88.0,76.0,69.0,60.0,54.0,54.0,43.0,32.0,301.0,34.0,23.0,15.0,10.0,7.0,6.0,4.0,4.0,3.0,4.0,656.0,570.0,254.0,254.0,255.0,282.0,267.0,277.0,268.0,302.0,301.0,313.0,501.0,406.0,571.0,795.0,1024.0,1188.0,1293.0,1328.0,1330.0,1292.0,1226.0,437.0,1185.0,1119.0,1073.0,1017.0,949.0,864.0,802.0,751.0,732.0,690.0,402.0,665.0,612.0,592.0,555.0,540.0,530.0,482.0,483.0,450.0,463.0,373.0,426.0,393.0,386.0,416.0,391.0,382.0,380.0,381.0,381.0,401.0,344.0,389.0,372.0,371.0,347.0,327.0,310.0,315.0,317.0,338.0,293.0,324.0,276.0,244.0,220.0,207.0,200.0,179.0,167.0,149.0,142.0,142.0,308.0,139.0,133.0,125.0,102.0,114.0,93.0,89.0,78.0,68.0,68.0,291.0,56.0,43.0,38.0,23.0,20.0,15.0,8.0,6.0,3.0,9.0
Nørrebro,2036,676.0,583.0,294.0,278.0,261.0,265.0,294.0,282.0,278.0,268.0,306.0,313.0,523.0,341.0,425.0,582.0,707.0,889.0,974.0,1070.0,1083.0,1111.0,1081.0,457.0,1018.0,990.0,945.0,899.0,864.0,814.0,758.0,727.0,689.0,644.0,411.0,628.0,594.0,554.0,537.0,518.0,478.0,459.0,429.0,404.0,399.0,378.0,377.0,352.0,345.0,349.0,344.0,335.0,350.0,332.0,336.0,354.0,359.0,367.0,347.0,333.0,335.0,300.0,290.0,288.0,288.0,288.0,291.0,336.0,262.0,261.0,237.0,206.0,194.0,178.0,163.0,148.0,142.0,149.0,322.0,115.0,97.0,95.0,81.0,70.0,63.0,51.0,52.0,46.0,38.0,311.0,29.0,28.0,16.0,13.0,6.0,6.0,6.0,4.0,4.0,4.0,651.0,566.0,282.0,251.0,250.0,257.0,283.0,267.0,279.0,276.0,317.0,335.0,499.0,388.0,564.0,753.0,971.0,1166.0,1265.0,1330.0,1325.0,1284.0,1225.0,438.0,1167.0,1093.0,1038.0,995.0,931.0,872.0,791.0,747.0,721.0,684.0,404.0,665.0,637.0,587.0,571.0,537.0,527.0,519.0,476.0,476.0,444.0,375.0,452.0,419.0,390.0,384.0,410.0,386.0,380.0,380.0,382.0,377.0,348.0,399.0,382.0,360.0,363.0,340.0,323.0,309.0,312.0,309.0,329.0,329.0,289.0,269.0,235.0,214.0,201.0,191.0,170.0,161.0,143.0,138.0,314.0,140.0,133.0,127.0,117.0,98.0,108.0,85.0,78.0,72.0,62.0,297.0,59.0,51.0,38.0,28.0,20.0,15.0,9.0,7.0,4.0,9.0
Nørrebro,2037,671.0,580.0,303.0,289.0,275.0,257.0,261.0,294.0,283.0,278.0,280.0,327.0,520.0,356.0,425.0,551.0,688.0,838.0,966.0,1037.0,1094.0,1099.0,1095.0,456.0,1017.0,980.0,939.0,883.0,845.0,807.0,754.0,711.0,679.0,646.0,412.0,611.0,598.0,570.0,534.0,514.0,499.0,458.0,446.0,417.0,399.0,380.0,388.0,367.0,342.0,344.0,341.0,339.0,334.0,346.0,327.0,332.0,362.0,349.0,360.0,342.0,326.0,329.0,296.0,281.0,282.0,282.0,280.0,340.0,284.0,255.0,250.0,231.0,198.0,188.0,168.0,158.0,140.0,136.0,327.0,137.0,105.0,92.0,88.0,75.0,63.0,54.0,49.0,44.0,40.0,316.0,33.0,23.0,20.0,14.0,8.0,5.0,6.0,5.0,4.0,5.0,647.0,563.0,289.0,279.0,247.0,252.0,258.0,283.0,270.0,286.0,294.0,349.0,497.0,405.0,546.0,740.0,930.0,1112.0,1250.0,1304.0,1330.0,1279.0,1220.0,437.0,1169.0,1079.0,1017.0,965.0,913.0,857.0,799.0,738.0,718.0,674.0,404.0,660.0,638.0,610.0,567.0,553.0,525.0,517.0,512.0,470.0,469.0,377.0,435.0,444.0,415.0,389.0,379.0,404.0,384.0,379.0,381.0,377.0,351.0,376.0,392.0,370.0,352.0,357.0,337.0,322.0,306.0,303.0,302.0,333.0,324.0,282.0,260.0,229.0,208.0,193.0,182.0,165.0,155.0,139.0,319.0,136.0,134.0,128.0,119.0,111.0,93.0,98.0,75.0,72.0,66.0,303.0,55.0,54.0,44.0,28.0,25.0,15.0,9.0,8.0,4.0,9.0
Nørrebro,2038,666.0,576.0,309.0,299.0,286.0,270.0,254.0,262.0,295.0,283.0,290.0,303.0,518.0,370.0,434.0,551.0,655.0,820.0,913.0,1030.0,1062.0,1112.0,1084.0,454.0,1031.0,980.0,931.0,878.0,831.0,791.0,749.0,707.0,665.0,637.0,411.0,612.0,582.0,574.0,549.0,511.0,495.0,478.0,446.0,433.0,412.0,381.0,388.0,378.0,357.0,342.0,336.0,336.0,338.0,330.0,341.0,325.0,364.0,328.0,343.0,354.0,335.0,320.0,324.0,287.0,276.0,276.0,273.0,343.0,273.0,276.0,246.0,244.0,223.0,193.0,178.0,163.0,149.0,134.0,332.0,125.0,125.0,100.0,86.0,81.0,68.0,55.0,51.0,42.0,39.0,321.0,35.0,27.0,17.0,17.0,9.0,6.0,5.0,5.0,5.0,5.0,642.0,559.0,294.0,286.0,274.0,249.0,253.0,259.0,285.0,278.0,303.0,330.0,494.0,418.0,561.0,725.0,913.0,1070.0,1194.0,1292.0,1304.0,1286.0,1217.0,435.0,1166.0,1082.0,1006.0,948.0,887.0,841.0,787.0,746.0,709.0,672.0,404.0,651.0,632.0,611.0,590.0,549.0,540.0,515.0,510.0,505.0,463.0,378.0,459.0,429.0,440.0,413.0,383.0,374.0,400.0,383.0,380.0,377.0,353.0,375.0,370.0,379.0,361.0,347.0,353.0,335.0,318.0,298.0,296.0,336.0,298.0,316.0,273.0,253.0,223.0,199.0,184.0,176.0,159.0,151.0,323.0,137.0,131.0,129.0,120.0,114.0,105.0,85.0,86.0,69.0,66.0,308.0,58.0,51.0,47.0,34.0,25.0,19.0,9.0,8.0,5.0,10.0
Nørrebro,2039,661.0,572.0,314.0,304.0,296.0,281.0,266.0,255.0,264.0,294.0,292.0,311.0,515.0,348.0,447.0,558.0,656.0,784.0,894.0,973.0,1054.0,1079.0,1096.0,452.0,1021.0,993.0,931.0,871.0,827.0,778.0,734.0,703.0,661.0,624.0,410.0,604.0,583.0,560.0,553.0,525.0,493.0,475.0,464.0,434.0,428.0,381.0,401.0,379.0,368.0,356.0,333.0,331.0,334.0,333.0,326.0,337.0,365.0,321.0,322.0,338.0,346.0,330.0,317.0,314.0,282.0,270.0,268.0,345.0,266.0,266.0,266.0,241.0,236.0,216.0,182.0,173.0,154.0,143.0,335.0,124.0,115.0,119.0,93.0,79.0,73.0,59.0,52.0,44.0,37.0,326.0,34.0,29.0,20.0,15.0,11.0,7.0,6.0,5.0,5.0,6.0,637.0,555.0,299.0,291.0,281.0,275.0,251.0,253.0,262.0,292.0,295.0,337.0,491.0,399.0,573.0,738.0,900.0,1049.0,1151.0,1234.0,1293.0,1259.0,1223.0,433.0,1161.0,1079.0,1009.0,938.0,872.0,818.0,772.0,734.0,717.0,663.0,402.0,648.0,624.0,606.0,591.0,571.0,537.0,530.0,509.0,504.0,497.0,378.0,454.0,451.0,425.0,437.0,406.0,378.0,371.0,398.0,384.0,376.0,354.0,375.0,368.0,358.0,370.0,356.0,344.0,351.0,332.0,310.0,291.0,338.0,293.0,291.0,305.0,265.0,245.0,213.0,190.0,178.0,170.0,154.0,326.0,148.0,132.0,126.0,121.0,114.0,107.0,95.0,74.0,78.0,63.0,312.0,58.0,53.0,44.0,36.0,30.0,20.0,11.0,8.0,5.0,11.0
Nørrebro,2040,655.0,568.0,318.0,309.0,301.0,291.0,277.0,267.0,257.0,265.0,304.0,313.0,511.0,355.0,421.0,574.0,662.0,787.0,857.0,955.0,997.0,1071.0,1064.0,449.0,1032.0,984.0,943.0,871.0,821.0,775.0,722.0,689.0,658.0,621.0,408.0,592.0,576.0,560.0,539.0,530.0,506.0,474.0,462.0,451.0,428.0,380.0,416.0,392.0,368.0,367.0,346.0,329.0,330.0,329.0,328.0,322.0,364.0,332.0,315.0,317.0,330.0,340.0,326.0,306.0,308.0,277.0,262.0,346.0,262.0,260.0,256.0,260.0,233.0,229.0,205.0,177.0,163.0,148.0,337.0,132.0,115.0,110.0,110.0,86.0,71.0,63.0,55.0,45.0,39.0,329.0,32.0,28.0,21.0,17.0,10.0,9.0,7.0,6.0,4.0,6.0,631.0,551.0,304.0,296.0,286.0,283.0,275.0,251.0,255.0,270.0,308.0,329.0,487.0,402.0,554.0,753.0,915.0,1039.0,1129.0,1192.0,1235.0,1250.0,1197.0,430.0,1168.0,1075.0,1007.0,940.0,864.0,805.0,752.0,721.0,707.0,671.0,400.0,640.0,621.0,598.0,586.0,573.0,558.0,527.0,523.0,502.0,497.0,376.0,487.0,447.0,446.0,423.0,429.0,400.0,374.0,370.0,398.0,379.0,353.0,374.0,368.0,356.0,351.0,364.0,352.0,343.0,347.0,323.0,302.0,339.0,287.0,286.0,281.0,296.0,258.0,235.0,203.0,184.0,172.0,165.0,328.0,152.0,142.0,127.0,119.0,115.0,108.0,98.0,84.0,68.0,71.0,315.0,55.0,53.0,46.0,33.0,32.0,23.0,11.0,10.0,5.0,11.0
Nørrebro,2041,650.0,563.0,321.0,314.0,306.0,296.0,287.0,277.0,267.0,257.0,277.0,324.0,508.0,354.0,423.0,548.0,684.0,795.0,863.0,919.0,979.0,1015.0,1058.0,447.0,1003.0,995.0,935.0,883.0,822.0,770.0,720.0,679.0,645.0,618.0,406.0,589.0,564.0,553.0,539.0,517.0,511.0,485.0,461.0,450.0,445.0,378.0,417.0,406.0,381.0,368.0,358.0,342.0,327.0,325.0,323.0,324.0,363.0,318.0,325.0,310.0,309.0,324.0,335.0,315.0,301.0,302.0,269.0,346.0,256.0,255.0,250.0,251.0,252.0,227.0,217.0,199.0,168.0,157.0,338.0,137.0,122.0,110.0,102.0,101.0,78.0,62.0,60.0,47.0,40.0,331.0,34.0,26.0,20.0,18.0,11.0,8.0,8.0,7.0,5.0,6.0,626.0,546.0,306.0,300.0,291.0,288.0,283.0,275.0,253.0,262.0,288.0,341.0,484.0,393.0,552.0,735.0,936.0,1057.0,1122.0,1169.0,1195.0,1195.0,1191.0,427.0,1144.0,1082.0,1003.0,939.0,867.0,798.0,741.0,703.0,694.0,661.0,398.0,647.0,614.0,596.0,578.0,568.0,560.0,547.0,520.0,516.0,496.0,375.0,487.0,478.0,443.0,444.0,416.0,422.0,395.0,373.0,370.0,392.0,352.0,377.0,367.0,356.0,348.0,346.0,360.0,351.0,340.0,338.0,315.0,339.0,298.0,280.0,276.0,274.0,288.0,247.0,224.0,197.0,178.0,167.0,329.0,163.0,146.0,137.0,119.0,113.0,108.0,98.0,86.0,77.0,63.0,317.0,63.0,51.0,47.0,35.0,30.0,25.0,13.0,10.0,6.0,12.0
Nørrebro,2042,643.0,558.0,323.0,317.0,310.0,301.0,292.0,287.0,278.0,267.0,268.0,300.0,503.0,362.0,416.0,547.0,659.0,822.0,870.0,925.0,943.0,999.0,1003.0,444.0,998.0,968.0,946.0,876.0,833.0,771.0,716.0,677.0,636.0,606.0,403.0,587.0,561.0,542.0,533.0,516.0,498.0,490.0,472.0,449.0,445.0,376.0,433.0,408.0,395.0,380.0,359.0,353.0,340.0,323.0,320.0,319.0,362.0,320.0,312.0,320.0,303.0,304.0,320.0,324.0,310.0,296.0,293.0,345.0,263.0,250.0,246.0,245.0,243.0,245.0,215.0,211.0,188.0,162.0,337.0,146.0,127.0,117.0,103.0,94.0,91.0,67.0,58.0,51.0,42.0,332.0,35.0,28.0,19.0,18.0,12.0,9.0,8.0,8.0,6.0,7.0,619.0,542.0,308.0,303.0,295.0,293.0,289.0,283.0,276.0,260.0,278.0,323.0,480.0,401.0,540.0,730.0,921.0,1082.0,1141.0,1164.0,1171.0,1157.0,1140.0,424.0,1139.0,1060.0,1010.0,936.0,866.0,801.0,734.0,693.0,677.0,650.0,396.0,639.0,620.0,588.0,576.0,560.0,555.0,549.0,540.0,514.0,509.0,373.0,486.0,479.0,474.0,441.0,436.0,410.0,416.0,392.0,373.0,365.0,351.0,389.0,370.0,355.0,347.0,342.0,343.0,359.0,348.0,331.0,330.0,338.0,311.0,291.0,270.0,269.0,267.0,275.0,236.0,217.0,190.0,173.0,329.0,165.0,157.0,141.0,129.0,114.0,107.0,99.0,86.0,79.0,71.0,318.0,55.0,58.0,45.0,35.0,31.0,23.0,14.0,11.0,6.0,13.0
Nørrebro,2043,633.0,551.0,323.0,318.0,313.0,305.0,296.0,292.0,287.0,277.0,277.0,289.0,498.0,342.0,414.0,533.0,656.0,796.0,898.0,930.0,946.0,960.0,985.0,439.0,944.0,962.0,919.0,884.0,825.0,780.0,715.0,672.0,634.0,597.0,400.0,574.0,558.0,539.0,522.0,510.0,497.0,478.0,476.0,458.0,443.0,373.0,432.0,422.0,396.0,393.0,370.0,354.0,350.0,334.0,317.0,316.0,359.0,314.0,312.0,307.0,313.0,299.0,300.0,310.0,318.0,304.0,287.0,343.0,287.0,256.0,241.0,241.0,237.0,237.0,232.0,209.0,200.0,181.0,336.0,150.0,135.0,121.0,109.0,95.0,86.0,79.0,63.0,50.0,45.0,331.0,37.0,29.0,20.0,17.0,12.0,10.0,9.0,7.0,7.0,8.0,610.0,534.0,309.0,305.0,298.0,297.0,293.0,288.0,284.0,282.0,276.0,309.0,474.0,383.0,540.0,713.0,911.0,1066.0,1166.0,1180.0,1163.0,1131.0,1102.0,420.0,1088.0,1054.0,988.0,940.0,861.0,798.0,736.0,686.0,667.0,633.0,392.0,627.0,612.0,594.0,568.0,557.0,547.0,543.0,542.0,533.0,507.0,370.0,498.0,478.0,474.0,470.0,433.0,428.0,404.0,413.0,391.0,367.0,348.0,362.0,381.0,357.0,347.0,341.0,338.0,342.0,354.0,339.0,323.0,336.0,326.0,303.0,280.0,263.0,261.0,255.0,262.0,228.0,209.0,185.0,327.0,170.0,159.0,151.0,133.0,123.0,108.0,98.0,87.0,80.0,73.0,318.0,62.0,52.0,51.0,34.0,32.0,24.0,14.0,13.0,7.0,14.0
Nørrebro,2044,625.0,543.0,323.0,319.0,314.0,307.0,300.0,296.0,293.0,287.0,286.0,296.0,492.0,326.0,393.0,526.0,643.0,794.0,874.0,961.0,952.0,965.0,948.0,434.0,929.0,911.0,914.0,860.0,833.0,773.0,724.0,672.0,630.0,596.0,396.0,566.0,547.0,536.0,519.0,499.0,491.0,477.0,465.0,463.0,452.0,370.0,431.0,422.0,410.0,395.0,383.0,365.0,352.0,345.0,328.0,313.0,357.0,311.0,307.0,307.0,300.0,307.0,295.0,290.0,304.0,312.0,295.0,341.0,281.0,279.0,248.0,236.0,233.0,232.0,225.0,226.0,199.0,193.0,334.0,168.0,139.0,129.0,113.0,102.0,86.0,74.0,74.0,54.0,44.0,330.0,40.0,30.0,21.0,18.0,11.0,9.0,9.0,8.0,7.0,9.0,602.0,527.0,308.0,305.0,299.0,299.0,297.0,292.0,289.0,291.0,295.0,306.0,469.0,361.0,523.0,711.0,897.0,1058.0,1153.0,1208.0,1180.0,1126.0,1079.0,415.0,1054.0,1009.0,984.0,921.0,866.0,795.0,734.0,687.0,661.0,624.0,388.0,611.0,600.0,586.0,573.0,550.0,544.0,536.0,536.0,535.0,525.0,367.0,496.0,490.0,473.0,471.0,462.0,425.0,422.0,402.0,411.0,385.0,346.0,364.0,355.0,367.0,348.0,341.0,338.0,337.0,338.0,345.0,331.0,334.0,319.0,318.0,293.0,273.0,256.0,250.0,244.0,254.0,221.0,203.0,326.0,182.0,164.0,153.0,142.0,127.0,116.0,99.0,87.0,80.0,73.0,316.0,64.0,57.0,45.0,38.0,30.0,25.0,14.0,12.0,8.0,16.0
Nørrebro,2045,617.0,536.0,322.0,318.0,315.0,309.0,303.0,300.0,297.0,292.0,297.0,304.0,485.0,329.0,367.0,508.0,637.0,780.0,872.0,936.0,983.0,969.0,953.0,429.0,895.0,897.0,866.0,855.0,810.0,781.0,718.0,680.0,629.0,592.0,392.0,565.0,539.0,525.0,516.0,496.0,481.0,471.0,463.0,452.0,457.0,366.0,440.0,422.0,410.0,409.0,385.0,378.0,363.0,347.0,339.0,324.0,354.0,308.0,304.0,302.0,300.0,295.0,303.0,286.0,286.0,299.0,303.0,338.0,289.0,274.0,270.0,243.0,229.0,227.0,220.0,219.0,215.0,193.0,332.0,179.0,156.0,133.0,121.0,105.0,92.0,75.0,70.0,64.0,48.0,328.0,39.0,33.0,22.0,18.0,12.0,9.0,9.0,9.0,7.0,9.0,594.0,520.0,307.0,305.0,300.0,301.0,299.0,297.0,293.0,296.0,306.0,323.0,462.0,354.0,486.0,699.0,895.0,1044.0,1144.0,1195.0,1206.0,1141.0,1074.0,411.0,1032.0,978.0,942.0,917.0,848.0,799.0,731.0,686.0,663.0,619.0,384.0,603.0,585.0,575.0,566.0,555.0,537.0,533.0,529.0,529.0,527.0,363.0,514.0,488.0,485.0,470.0,463.0,453.0,420.0,419.0,401.0,404.0,343.0,381.0,357.0,342.0,357.0,342.0,338.0,337.0,333.0,330.0,337.0,332.0,327.0,312.0,307.0,285.0,266.0,245.0,239.0,236.0,245.0,214.0,324.0,200.0,176.0,158.0,144.0,135.0,120.0,106.0,87.0,80.0,73.0,315.0,65.0,59.0,50.0,34.0,35.0,24.0,14.0,13.0,8.0,17.0
Nørrebro,2046,609.0,529.0,320.0,317.0,315.0,309.0,304.0,302.0,301.0,296.0,302.0,316.0,479.0,335.0,362.0,471.0,625.0,775.0,859.0,934.0,959.0,1001.0,957.0,424.0,899.0,865.0,853.0,811.0,806.0,759.0,725.0,674.0,637.0,592.0,387.0,562.0,538.0,518.0,506.0,494.0,478.0,461.0,458.0,450.0,447.0,363.0,445.0,430.0,410.0,410.0,398.0,380.0,376.0,358.0,341.0,335.0,351.0,318.0,301.0,299.0,294.0,294.0,291.0,293.0,281.0,280.0,290.0,336.0,297.0,281.0,265.0,265.0,236.0,224.0,216.0,214.0,208.0,207.0,330.0,179.0,166.0,149.0,124.0,112.0,96.0,81.0,71.0,60.0,56.0,326.0,42.0,32.0,24.0,19.0,12.0,9.0,9.0,8.0,8.0,10.0,587.0,514.0,305.0,303.0,299.0,301.0,301.0,299.0,298.0,300.0,311.0,335.0,456.0,363.0,472.0,648.0,890.0,1044.0,1131.0,1185.0,1193.0,1166.0,1088.0,405.0,1028.0,958.0,914.0,878.0,845.0,783.0,735.0,683.0,662.0,621.0,380.0,598.0,578.0,561.0,556.0,548.0,542.0,526.0,526.0,522.0,522.0,360.0,517.0,506.0,484.0,482.0,463.0,456.0,447.0,417.0,417.0,395.0,340.0,400.0,373.0,344.0,334.0,351.0,339.0,337.0,333.0,325.0,322.0,329.0,333.0,319.0,301.0,299.0,277.0,254.0,234.0,232.0,229.0,238.0,322.0,211.0,193.0,169.0,149.0,138.0,128.0,109.0,94.0,81.0,74.0,313.0,65.0,60.0,52.0,38.0,31.0,27.0,14.0,13.0,8.0,18.0
Nørrebro,2047,603.0,523.0,318.0,316.0,313.0,309.0,305.0,304.0,303.0,300.0,306.0,321.0,473.0,346.0,360.0,461.0,584.0,770.0,853.0,922.0,957.0,979.0,988.0,419.0,903.0,869.0,824.0,799.0,765.0,755.0,705.0,681.0,632.0,600.0,382.0,562.0,535.0,517.0,499.0,484.0,476.0,458.0,448.0,445.0,445.0,359.0,435.0,435.0,418.0,410.0,399.0,393.0,378.0,370.0,352.0,336.0,347.0,329.0,311.0,296.0,292.0,289.0,290.0,282.0,289.0,276.0,272.0,333.0,284.0,289.0,272.0,260.0,257.0,230.0,213.0,211.0,204.0,202.0,327.0,193.0,167.0,159.0,139.0,116.0,102.0,84.0,76.0,62.0,54.0,324.0,49.0,35.0,24.0,21.0,13.0,10.0,9.0,8.0,8.0,11.0,581.0,507.0,304.0,302.0,298.0,301.0,301.0,300.0,300.0,304.0,315.0,340.0,451.0,374.0,472.0,632.0,829.0,1044.0,1130.0,1172.0,1182.0,1155.0,1113.0,400.0,1041.0,954.0,895.0,853.0,810.0,780.0,720.0,687.0,659.0,620.0,375.0,600.0,573.0,554.0,542.0,538.0,535.0,531.0,519.0,519.0,514.0,355.0,511.0,508.0,501.0,481.0,474.0,455.0,450.0,444.0,416.0,410.0,337.0,391.0,391.0,360.0,335.0,328.0,347.0,338.0,333.0,325.0,317.0,326.0,319.0,325.0,308.0,294.0,291.0,266.0,243.0,227.0,225.0,223.0,319.0,233.0,203.0,186.0,160.0,142.0,130.0,117.0,97.0,87.0,74.0,311.0,65.0,60.0,52.0,40.0,35.0,24.0,16.0,13.0,8.0,19.0
Nørrebro,2048,598.0,517.0,316.0,314.0,312.0,308.0,305.0,305.0,305.0,303.0,310.0,325.0,468.0,349.0,366.0,456.0,573.0,721.0,853.0,916.0,944.0,976.0,967.0,413.0,933.0,873.0,828.0,772.0,754.0,717.0,702.0,662.0,638.0,594.0,378.0,569.0,535.0,515.0,498.0,478.0,466.0,457.0,446.0,436.0,440.0,354.0,432.0,425.0,423.0,417.0,400.0,394.0,391.0,373.0,364.0,347.0,343.0,331.0,322.0,306.0,289.0,287.0,285.0,281.0,278.0,283.0,269.0,329.0,267.0,277.0,279.0,267.0,253.0,251.0,219.0,208.0,200.0,198.0,324.0,188.0,180.0,160.0,148.0,130.0,106.0,90.0,79.0,66.0,55.0,322.0,47.0,41.0,26.0,20.0,14.0,11.0,10.0,8.0,7.0,11.0,576.0,502.0,302.0,300.0,297.0,300.0,301.0,301.0,302.0,307.0,320.0,344.0,445.0,374.0,485.0,628.0,812.0,977.0,1134.0,1172.0,1170.0,1144.0,1102.0,395.0,1064.0,965.0,892.0,836.0,787.0,748.0,718.0,673.0,663.0,617.0,370.0,599.0,575.0,550.0,535.0,525.0,525.0,524.0,524.0,512.0,512.0,351.0,504.0,503.0,504.0,498.0,473.0,466.0,449.0,447.0,442.0,410.0,333.0,406.0,383.0,377.0,350.0,329.0,325.0,346.0,334.0,325.0,317.0,323.0,314.0,312.0,314.0,300.0,287.0,279.0,254.0,235.0,220.0,218.0,316.0,220.0,225.0,196.0,175.0,152.0,135.0,119.0,104.0,90.0,80.0,308.0,66.0,61.0,53.0,40.0,36.0,27.0,14.0,14.0,8.0,20.0
Nørrebro,2049,594.0,513.0,314.0,312.0,310.0,307.0,304.0,304.0,306.0,304.0,312.0,329.0,463.0,351.0,363.0,466.0,569.0,710.0,802.0,919.0,938.0,964.0,964.0,408.0,913.0,902.0,832.0,776.0,728.0,707.0,666.0,659.0,621.0,601.0,373.0,564.0,542.0,515.0,496.0,477.0,460.0,448.0,444.0,433.0,431.0,350.0,428.0,422.0,414.0,423.0,407.0,395.0,392.0,385.0,367.0,359.0,339.0,342.0,324.0,317.0,298.0,284.0,283.0,276.0,276.0,273.0,275.0,326.0,264.0,260.0,268.0,275.0,259.0,247.0,239.0,214.0,198.0,194.0,321.0,184.0,175.0,173.0,150.0,138.0,119.0,93.0,85.0,68.0,59.0,319.0,48.0,39.0,30.0,23.0,14.0,11.0,10.0,9.0,8.0,11.0,572.0,498.0,299.0,298.0,295.0,298.0,300.0,301.0,302.0,308.0,322.0,347.0,441.0,373.0,483.0,649.0,807.0,960.0,1063.0,1179.0,1168.0,1133.0,1093.0,390.0,1054.0,987.0,903.0,833.0,771.0,727.0,688.0,671.0,649.0,621.0,366.0,597.0,574.0,551.0,531.0,519.0,513.0,515.0,518.0,517.0,505.0,347.0,501.0,496.0,498.0,501.0,489.0,465.0,460.0,446.0,446.0,435.0,329.0,405.0,397.0,369.0,366.0,344.0,326.0,324.0,341.0,325.0,317.0,319.0,314.0,306.0,301.0,306.0,293.0,275.0,266.0,246.0,228.0,214.0,313.0,215.0,212.0,216.0,184.0,167.0,144.0,123.0,106.0,96.0,82.0,306.0,71.0,61.0,54.0,41.0,36.0,28.0,16.0,13.0,9.0,20.0
Nørrebro,2050,590.0,509.0,311.0,309.0,308.0,305.0,302.0,303.0,305.0,305.0,314.0,331.0,459.0,353.0,360.0,463.0,585.0,707.0,790.0,864.0,944.0,958.0,953.0,405.0,911.0,884.0,860.0,780.0,733.0,684.0,657.0,626.0,618.0,584.0,369.0,570.0,538.0,522.0,496.0,475.0,460.0,442.0,435.0,432.0,428.0,346.0,419.0,418.0,411.0,414.0,412.0,402.0,394.0,387.0,379.0,363.0,335.0,354.0,335.0,319.0,309.0,293.0,281.0,274.0,271.0,271.0,265.0,322.0,270.0,257.0,252.0,264.0,267.0,254.0,235.0,233.0,204.0,192.0,318.0,181.0,172.0,168.0,161.0,141.0,126.0,104.0,88.0,73.0,61.0,316.0,52.0,40.0,29.0,26.0,15.0,11.0,11.0,10.0,9.0,12.0,568.0,494.0,297.0,296.0,293.0,297.0,299.0,300.0,302.0,309.0,324.0,350.0,437.0,372.0,480.0,649.0,838.0,954.0,1046.0,1106.0,1176.0,1132.0,1083.0,387.0,1045.0,979.0,923.0,843.0,769.0,713.0,669.0,644.0,648.0,609.0,361.0,600.0,572.0,551.0,533.0,515.0,507.0,502.0,508.0,511.0,510.0,343.0,494.0,493.0,491.0,495.0,493.0,481.0,460.0,457.0,446.0,439.0,325.0,431.0,397.0,383.0,359.0,359.0,340.0,325.0,320.0,333.0,318.0,316.0,314.0,306.0,296.0,294.0,299.0,281.0,263.0,258.0,239.0,222.0,310.0,211.0,208.0,205.0,203.0,176.0,158.0,132.0,110.0,98.0,88.0,303.0,73.0,66.0,54.0,41.0,37.0,28.0,16.0,15.0,8.0,21.0
Nørrebro,2051,585.0,506.0,308.0,307.0,306.0,303.0,301.0,302.0,304.0,305.0,315.0,333.0,456.0,353.0,356.0,459.0,585.0,728.0,786.0,851.0,887.0,965.0,946.0,401.0,901.0,882.0,843.0,805.0,736.0,688.0,635.0,618.0,587.0,582.0,365.0,554.0,543.0,517.0,503.0,475.0,458.0,442.0,430.0,423.0,427.0,342.0,416.0,409.0,406.0,411.0,404.0,407.0,400.0,389.0,381.0,374.0,331.0,358.0,346.0,330.0,311.0,304.0,289.0,271.0,270.0,266.0,264.0,318.0,261.0,263.0,249.0,248.0,256.0,260.0,242.0,230.0,222.0,198.0,314.0,179.0,169.0,165.0,158.0,151.0,129.0,111.0,98.0,76.0,66.0,313.0,54.0,43.0,30.0,25.0,17.0,13.0,11.0,10.0,9.0,12.0,563.0,491.0,294.0,294.0,291.0,295.0,297.0,298.0,301.0,309.0,325.0,351.0,433.0,370.0,477.0,646.0,839.0,992.0,1038.0,1088.0,1102.0,1139.0,1081.0,383.0,1035.0,970.0,916.0,861.0,778.0,710.0,656.0,626.0,621.0,607.0,358.0,588.0,575.0,548.0,532.0,517.0,503.0,497.0,496.0,502.0,504.0,338.0,499.0,486.0,488.0,488.0,487.0,485.0,475.0,457.0,456.0,439.0,321.0,435.0,421.0,383.0,372.0,353.0,355.0,338.0,321.0,312.0,325.0,312.0,314.0,306.0,296.0,288.0,287.0,287.0,269.0,255.0,251.0,232.0,306.0,218.0,204.0,200.0,193.0,194.0,167.0,145.0,118.0,102.0,90.0,300.0,78.0,68.0,58.0,41.0,37.0,29.0,17.0,15.0,9.0,21.0
Nørrebro,2052,580.0,501.0,305.0,304.0,303.0,301.0,299.0,300.0,303.0,304.0,314.0,333.0,452.0,351.0,351.0,456.0,583.0,730.0,811.0,846.0,873.0,908.0,953.0,398.0,894.0,872.0,841.0,789.0,759.0,690.0,639.0,597.0,580.0,553.0,362.0,552.0,528.0,522.0,498.0,482.0,457.0,440.0,430.0,418.0,418.0,338.0,415.0,407.0,398.0,406.0,400.0,399.0,406.0,394.0,383.0,376.0,327.0,369.0,350.0,341.0,321.0,307.0,300.0,280.0,267.0,265.0,259.0,314.0,259.0,254.0,255.0,245.0,241.0,251.0,249.0,236.0,220.0,216.0,310.0,186.0,168.0,162.0,155.0,148.0,139.0,114.0,105.0,85.0,68.0,309.0,58.0,45.0,32.0,26.0,17.0,14.0,12.0,10.0,10.0,13.0,559.0,487.0,291.0,291.0,289.0,293.0,295.0,297.0,299.0,308.0,324.0,351.0,430.0,365.0,472.0,644.0,838.0,996.0,1080.0,1078.0,1083.0,1069.0,1089.0,380.0,1033.0,961.0,907.0,854.0,794.0,718.0,654.0,613.0,604.0,583.0,355.0,587.0,564.0,552.0,530.0,516.0,505.0,493.0,490.0,490.0,495.0,335.0,494.0,491.0,481.0,485.0,480.0,479.0,479.0,472.0,456.0,449.0,317.0,435.0,426.0,406.0,372.0,365.0,349.0,353.0,334.0,313.0,305.0,308.0,321.0,307.0,296.0,289.0,282.0,275.0,274.0,261.0,248.0,244.0,303.0,228.0,211.0,196.0,189.0,185.0,183.0,153.0,129.0,109.0,94.0,296.0,81.0,73.0,60.0,45.0,37.0,29.0,17.0,16.0,9.0,22.0
Nørrebro,2053,576.0,498.0,301.0,301.0,301.0,298.0,297.0,299.0,301.0,302.0,313.0,333.0,449.0,349.0,345.0,451.0,582.0,730.0,814.0,874.0,868.0,894.0,898.0,395.0,902.0,866.0,833.0,787.0,745.0,712.0,641.0,600.0,560.0,546.0,359.0,525.0,526.0,508.0,503.0,477.0,464.0,439.0,428.0,418.0,413.0,336.0,407.0,406.0,396.0,398.0,396.0,396.0,397.0,400.0,388.0,379.0,324.0,371.0,361.0,345.0,332.0,316.0,303.0,290.0,275.0,262.0,258.0,311.0,254.0,252.0,246.0,251.0,239.0,236.0,240.0,243.0,226.0,214.0,306.0,202.0,174.0,161.0,152.0,145.0,136.0,122.0,108.0,91.0,76.0,305.0,60.0,48.0,33.0,28.0,17.0,14.0,14.0,12.0,10.0,14.0,555.0,483.0,287.0,288.0,286.0,290.0,293.0,295.0,298.0,306.0,323.0,350.0,427.0,360.0,466.0,640.0,839.0,997.0,1085.0,1121.0,1072.0,1051.0,1023.0,377.0,1042.0,959.0,899.0,847.0,788.0,734.0,661.0,612.0,592.0,567.0,352.0,563.0,562.0,541.0,533.0,514.0,504.0,495.0,487.0,484.0,483.0,332.0,484.0,486.0,486.0,478.0,477.0,472.0,473.0,476.0,471.0,449.0,314.0,444.0,426.0,410.0,395.0,366.0,361.0,348.0,349.0,325.0,306.0,305.0,301.0,313.0,296.0,289.0,282.0,270.0,264.0,266.0,254.0,242.0,299.0,240.0,221.0,203.0,185.0,180.0,175.0,168.0,136.0,119.0,101.0,292.0,83.0,75.0,64.0,46.0,41.0,30.0,18.0,16.0,10.0,23.0
Nørrebro,2054,571.0,494.0,298.0,297.0,298.0,296.0,294.0,296.0,300.0,301.0,312.0,332.0,445.0,346.0,339.0,445.0,579.0,730.0,815.0,877.0,895.0,888.0,884.0,392.0,850.0,875.0,827.0,780.0,744.0,700.0,661.0,603.0,563.0,528.0,357.0,518.0,500.0,506.0,489.0,482.0,460.0,446.0,427.0,416.0,413.0,333.0,401.0,397.0,395.0,396.0,388.0,392.0,394.0,393.0,394.0,384.0,322.0,374.0,363.0,356.0,336.0,327.0,312.0,293.0,286.0,270.0,255.0,308.0,254.0,248.0,244.0,243.0,244.0,234.0,226.0,234.0,232.0,220.0,303.0,200.0,190.0,167.0,151.0,143.0,134.0,120.0,116.0,94.0,81.0,302.0,68.0,50.0,36.0,29.0,19.0,15.0,14.0,13.0,11.0,14.0,550.0,479.0,284.0,284.0,283.0,288.0,290.0,293.0,296.0,305.0,322.0,349.0,423.0,354.0,459.0,634.0,837.0,1000.0,1087.0,1126.0,1114.0,1040.0,1006.0,374.0,979.0,967.0,898.0,839.0,781.0,728.0,675.0,619.0,591.0,556.0,350.0,548.0,539.0,539.0,523.0,517.0,502.0,494.0,489.0,481.0,478.0,330.0,473.0,477.0,481.0,483.0,470.0,469.0,466.0,470.0,475.0,464.0,312.0,445.0,436.0,411.0,400.0,388.0,362.0,360.0,344.0,340.0,318.0,302.0,302.0,294.0,302.0,289.0,282.0,271.0,259.0,256.0,259.0,247.0,296.0,238.0,232.0,213.0,192.0,177.0,170.0,161.0,150.0,127.0,110.0,289.0,90.0,78.0,67.0,50.0,42.0,32.0,18.0,16.0,10.0,24.0
Nørrebro,2055,567.0,490.0,294.0,294.0,294.0,293.0,291.0,294.0,297.0,299.0,311.0,330.0,442.0,342.0,333.0,438.0,575.0,730.0,817.0,878.0,898.0,916.0,877.0,389.0,837.0,825.0,836.0,774.0,737.0,698.0,650.0,622.0,566.0,531.0,354.0,501.0,493.0,480.0,488.0,469.0,464.0,442.0,434.0,416.0,411.0,331.0,402.0,392.0,387.0,395.0,386.0,384.0,390.0,389.0,387.0,390.0,319.0,379.0,367.0,358.0,347.0,331.0,323.0,302.0,289.0,281.0,263.0,305.0,251.0,247.0,240.0,241.0,236.0,239.0,224.0,221.0,224.0,226.0,300.0,206.0,188.0,182.0,158.0,142.0,132.0,118.0,114.0,101.0,84.0,298.0,73.0,57.0,38.0,31.0,20.0,16.0,14.0,13.0,12.0,15.0,546.0,475.0,281.0,281.0,280.0,285.0,288.0,290.0,294.0,303.0,321.0,347.0,420.0,347.0,452.0,628.0,834.0,1001.0,1091.0,1128.0,1118.0,1080.0,996.0,372.0,963.0,910.0,906.0,838.0,775.0,722.0,670.0,632.0,598.0,555.0,347.0,537.0,525.0,517.0,522.0,507.0,505.0,492.0,488.0,483.0,475.0,328.0,468.0,465.0,472.0,478.0,475.0,462.0,463.0,463.0,470.0,468.0,309.0,459.0,437.0,420.0,400.0,393.0,383.0,361.0,355.0,335.0,332.0,299.0,314.0,295.0,284.0,295.0,283.0,271.0,259.0,251.0,250.0,252.0,293.0,243.0,231.0,224.0,201.0,183.0,167.0,157.0,144.0,139.0,117.0,286.0,98.0,84.0,69.0,51.0,45.0,33.0,19.0,17.0,10.0,24.0
Nørrebro,2056,563.0,486.0,291.0,290.0,291.0,289.0,288.0,291.0,295.0,297.0,309.0,328.0,439.0,338.0,326.0,432.0,571.0,727.0,817.0,880.0,899.0,919.0,905.0,387.0,832.0,813.0,790.0,783.0,731.0,692.0,648.0,611.0,584.0,534.0,351.0,504.0,477.0,474.0,463.0,467.0,451.0,446.0,430.0,422.0,411.0,328.0,400.0,393.0,382.0,387.0,385.0,381.0,382.0,385.0,383.0,383.0,317.0,385.0,371.0,361.0,350.0,342.0,327.0,313.0,298.0,284.0,273.0,303.0,259.0,245.0,239.0,236.0,234.0,232.0,229.0,219.0,211.0,219.0,298.0,212.0,194.0,181.0,172.0,149.0,131.0,117.0,112.0,99.0,91.0,295.0,75.0,61.0,43.0,33.0,21.0,17.0,15.0,13.0,12.0,17.0,542.0,472.0,278.0,278.0,276.0,281.0,285.0,288.0,291.0,300.0,319.0,345.0,417.0,341.0,444.0,621.0,830.0,1000.0,1092.0,1132.0,1119.0,1084.0,1035.0,369.0,953.0,895.0,853.0,846.0,774.0,716.0,665.0,628.0,611.0,561.0,344.0,536.0,515.0,503.0,500.0,506.0,495.0,496.0,486.0,483.0,477.0,325.0,466.0,461.0,461.0,469.0,470.0,467.0,457.0,460.0,462.0,463.0,307.0,463.0,450.0,421.0,409.0,393.0,388.0,382.0,356.0,346.0,328.0,297.0,328.0,307.0,285.0,277.0,288.0,272.0,260.0,252.0,245.0,243.0,291.0,249.0,236.0,222.0,212.0,192.0,173.0,153.0,140.0,134.0,128.0,283.0,104.0,91.0,74.0,53.0,47.0,36.0,20.0,18.0,11.0,25.0
Nørrebro,2057,560.0,483.0,289.0,287.0,287.0,286.0,285.0,289.0,293.0,295.0,307.0,326.0,435.0,333.0,320.0,425.0,566.0,724.0,816.0,881.0,901.0,920.0,908.0,384.0,858.0,808.0,779.0,740.0,741.0,687.0,643.0,610.0,574.0,551.0,349.0,506.0,480.0,459.0,457.0,443.0,450.0,434.0,434.0,418.0,417.0,326.0,400.0,391.0,382.0,382.0,378.0,381.0,380.0,378.0,379.0,379.0,315.0,378.0,377.0,366.0,353.0,344.0,338.0,317.0,308.0,293.0,277.0,301.0,269.0,253.0,237.0,236.0,230.0,230.0,222.0,225.0,210.0,206.0,296.0,205.0,199.0,186.0,171.0,162.0,137.0,116.0,110.0,98.0,90.0,293.0,81.0,63.0,46.0,37.0,22.0,18.0,16.0,14.0,13.0,17.0,540.0,469.0,275.0,275.0,273.0,278.0,282.0,285.0,289.0,298.0,317.0,342.0,414.0,334.0,436.0,614.0,825.0,997.0,1092.0,1133.0,1121.0,1085.0,1039.0,366.0,990.0,886.0,840.0,797.0,781.0,715.0,660.0,623.0,607.0,574.0,342.0,543.0,514.0,494.0,487.0,485.0,494.0,485.0,489.0,480.0,476.0,323.0,467.0,458.0,457.0,458.0,461.0,462.0,461.0,453.0,459.0,455.0,305.0,458.0,455.0,434.0,410.0,402.0,389.0,387.0,377.0,348.0,338.0,295.0,324.0,320.0,295.0,278.0,271.0,277.0,260.0,252.0,245.0,238.0,289.0,240.0,241.0,227.0,210.0,203.0,181.0,158.0,137.0,130.0,124.0,281.0,114.0,97.0,81.0,58.0,48.0,37.0,22.0,19.0,12.0,26.0
Nørrebro,2058,559.0,480.0,286.0,285.0,284.0,283.0,282.0,285.0,290.0,292.0,304.0,324.0,433.0,329.0,313.0,418.0,561.0,721.0,814.0,880.0,902.0,923.0,910.0,381.0,862.0,834.0,774.0,730.0,700.0,696.0,639.0,605.0,573.0,542.0,346.0,523.0,483.0,462.0,442.0,438.0,427.0,433.0,422.0,423.0,413.0,324.0,406.0,391.0,381.0,383.0,373.0,373.0,380.0,375.0,372.0,376.0,313.0,374.0,371.0,372.0,357.0,348.0,340.0,327.0,313.0,303.0,286.0,299.0,273.0,262.0,244.0,234.0,230.0,226.0,220.0,218.0,215.0,205.0,294.0,194.0,193.0,192.0,176.0,161.0,149.0,122.0,110.0,96.0,88.0,291.0,80.0,68.0,48.0,40.0,25.0,19.0,17.0,15.0,14.0,18.0,538.0,467.0,273.0,272.0,270.0,275.0,278.0,282.0,286.0,295.0,314.0,340.0,411.0,328.0,429.0,607.0,819.0,994.0,1090.0,1133.0,1123.0,1089.0,1041.0,363.0,994.0,920.0,833.0,786.0,737.0,723.0,659.0,618.0,603.0,570.0,339.0,555.0,520.0,493.0,477.0,472.0,474.0,485.0,479.0,484.0,474.0,321.0,467.0,460.0,454.0,454.0,450.0,454.0,457.0,458.0,453.0,453.0,303.0,451.0,450.0,438.0,423.0,403.0,398.0,388.0,383.0,368.0,340.0,293.0,335.0,316.0,308.0,289.0,272.0,261.0,265.0,253.0,246.0,239.0,287.0,235.0,233.0,232.0,215.0,202.0,191.0,166.0,142.0,127.0,120.0,279.0,111.0,106.0,86.0,63.0,52.0,38.0,23.0,20.0,12.0,27.0
Nørrebro,2059,557.0,479.0,285.0,283.0,282.0,280.0,279.0,282.0,287.0,289.0,302.0,322.0,431.0,324.0,308.0,412.0,555.0,716.0,812.0,878.0,901.0,924.0,912.0,379.0,863.0,838.0,800.0,726.0,691.0,659.0,647.0,601.0,569.0,542.0,344.0,515.0,499.0,465.0,446.0,424.0,422.0,410.0,421.0,411.0,418.0,322.0,402.0,397.0,381.0,382.0,374.0,369.0,372.0,375.0,370.0,368.0,311.0,371.0,367.0,366.0,364.0,352.0,345.0,330.0,323.0,308.0,296.0,297.0,282.0,266.0,254.0,241.0,228.0,226.0,217.0,216.0,209.0,210.0,292.0,193.0,182.0,186.0,181.0,166.0,149.0,133.0,116.0,96.0,87.0,290.0,79.0,67.0,51.0,42.0,27.0,21.0,18.0,16.0,15.0,19.0,537.0,465.0,271.0,270.0,268.0,272.0,275.0,278.0,283.0,293.0,312.0,337.0,409.0,322.0,422.0,600.0,813.0,989.0,1087.0,1131.0,1122.0,1090.0,1044.0,361.0,996.0,924.0,865.0,778.0,727.0,682.0,667.0,618.0,598.0,566.0,337.0,552.0,532.0,499.0,477.0,463.0,461.0,465.0,479.0,474.0,478.0,319.0,465.0,460.0,456.0,452.0,447.0,443.0,448.0,454.0,457.0,446.0,301.0,448.0,442.0,434.0,427.0,415.0,399.0,397.0,384.0,374.0,360.0,292.0,336.0,327.0,305.0,301.0,283.0,261.0,250.0,257.0,247.0,240.0,285.0,236.0,228.0,225.0,220.0,206.0,190.0,176.0,149.0,132.0,117.0,278.0,108.0,103.0,94.0,67.0,57.0,41.0,23.0,21.0,13.0,28.0
Nørrebro,2060,557.0,478.0,283.0,281.0,280.0,277.0,276.0,279.0,283.0,286.0,299.0,319.0,430.0,320.0,302.0,405.0,549.0,711.0,808.0,875.0,899.0,924.0,913.0,377.0,866.0,840.0,803.0,749.0,687.0,650.0,613.0,610.0,566.0,538.0,342.0,515.0,491.0,480.0,448.0,427.0,408.0,406.0,399.0,410.0,406.0,320.0,407.0,393.0,387.0,382.0,373.0,370.0,368.0,368.0,370.0,366.0,309.0,364.0,364.0,362.0,358.0,359.0,348.0,334.0,326.0,318.0,301.0,296.0,292.0,275.0,258.0,251.0,236.0,224.0,217.0,213.0,207.0,204.0,290.0,198.0,182.0,176.0,176.0,171.0,154.0,133.0,126.0,101.0,87.0,288.0,78.0,66.0,51.0,45.0,28.0,23.0,21.0,17.0,15.0,20.0,537.0,464.0,270.0,269.0,266.0,270.0,273.0,275.0,280.0,289.0,309.0,333.0,408.0,317.0,415.0,592.0,806.0,984.0,1083.0,1128.0,1119.0,1089.0,1046.0,360.0,999.0,926.0,868.0,808.0,720.0,673.0,629.0,625.0,599.0,563.0,335.0,548.0,529.0,511.0,483.0,463.0,452.0,452.0,459.0,473.0,468.0,317.0,468.0,458.0,456.0,453.0,445.0,440.0,438.0,445.0,453.0,450.0,299.0,442.0,440.0,426.0,423.0,420.0,411.0,398.0,392.0,375.0,366.0,290.0,356.0,329.0,315.0,298.0,295.0,271.0,251.0,243.0,251.0,241.0,284.0,237.0,229.0,220.0,213.0,211.0,195.0,175.0,158.0,139.0,122.0,276.0,105.0,100.0,92.0,73.0,61.0,45.0,26.0,22.0,13.0,29.0
Valby,2026,475.0,404.0,347.0,269.0,292.0,314.0,303.0,300.0,311.0,328.0,319.0,305.0,360.0,343.0,436.0,673.0,876.0,947.0,854.0,925.0,936.0,922.0,877.0,361.0,876.0,849.0,778.0,761.0,679.0,696.0,575.0,557.0,475.0,483.0,360.0,446.0,407.0,424.0,392.0,443.0,384.0,413.0,387.0,354.0,399.0,350.0,403.0,405.0,368.0,355.0,319.0,301.0,295.0,281.0,294.0,345.0,337.0,275.0,311.0,273.0,259.0,232.0,209.0,195.0,186.0,195.0,181.0,297.0,169.0,146.0,160.0,131.0,147.0,128.0,109.0,126.0,129.0,135.0,326.0,97.0,105.0,93.0,56.0,62.0,44.0,50.0,39.0,27.0,23.0,348.0,14.0,6.0,11.0,5.0,4.0,7.0,3.0,3.0,3.0,1.0,455.0,354.0,288.0,305.0,276.0,277.0,278.0,298.0,297.0,281.0,254.0,323.0,346.0,362.0,512.0,819.0,907.0,962.0,1010.0,947.0,915.0,893.0,884.0,365.0,895.0,784.0,708.0,691.0,647.0,625.0,570.0,542.0,434.0,450.0,318.0,472.0,416.0,379.0,376.0,387.0,381.0,395.0,414.0,396.0,414.0,346.0,386.0,367.0,364.0,370.0,342.0,294.0,265.0,321.0,311.0,318.0,326.0,319.0,302.0,264.0,245.0,254.0,239.0,197.0,226.0,211.0,197.0,292.0,166.0,173.0,211.0,172.0,172.0,172.0,134.0,157.0,155.0,140.0,326.0,136.0,122.0,125.0,86.0,76.0,62.0,59.0,69.0,59.0,56.0,301.0,41.0,35.0,30.0,30.0,23.0,12.0,14.0,13.0,4.0,14.0
Valby,2027,487.0,424.0,344.0,339.0,275.0,287.0,315.0,298.0,307.0,315.0,343.0,341.0,365.0,353.0,489.0,642.0,799.0,890.0,931.0,883.0,915.0,921.0,885.0,332.0,848.0,849.0,808.0,754.0,719.0,653.0,654.0,551.0,526.0,462.0,343.0,468.0,439.0,395.0,415.0,385.0,423.0,375.0,406.0,377.0,353.0,340.0,390.0,405.0,398.0,363.0,348.0,318.0,298.0,286.0,282.0,292.0,327.0,345.0,276.0,302.0,264.0,251.0,227.0,205.0,188.0,183.0,188.0,333.0,173.0,164.0,142.0,155.0,127.0,140.0,125.0,106.0,123.0,124.0,303.0,127.0,93.0,99.0,86.0,51.0,58.0,39.0,42.0,35.0,23.0,320.0,19.0,11.0,5.0,8.0,3.0,2.0,5.0,2.0,2.0,3.0,466.0,401.0,300.0,283.0,303.0,275.0,274.0,278.0,308.0,288.0,295.0,285.0,332.0,392.0,530.0,709.0,882.0,939.0,974.0,1000.0,932.0,896.0,858.0,321.0,856.0,845.0,740.0,658.0,655.0,620.0,599.0,541.0,519.0,429.0,338.0,444.0,454.0,407.0,369.0,377.0,390.0,380.0,389.0,415.0,393.0,301.0,409.0,390.0,367.0,359.0,370.0,343.0,292.0,264.0,319.0,314.0,329.0,311.0,316.0,298.0,258.0,240.0,251.0,233.0,195.0,220.0,202.0,322.0,196.0,162.0,170.0,206.0,168.0,168.0,168.0,132.0,152.0,147.0,290.0,139.0,130.0,118.0,117.0,82.0,72.0,60.0,56.0,65.0,54.0,325.0,48.0,35.0,28.0,26.0,24.0,18.0,9.0,11.0,9.0,13.0
Valby,2028,496.0,438.0,315.0,335.0,338.0,269.0,287.0,307.0,301.0,306.0,322.0,356.0,385.0,383.0,500.0,669.0,767.0,836.0,892.0,946.0,890.0,902.0,891.0,338.0,856.0,828.0,813.0,782.0,715.0,689.0,620.0,618.0,523.0,507.0,316.0,449.0,460.0,422.0,387.0,402.0,371.0,410.0,368.0,393.0,373.0,325.0,345.0,389.0,397.0,391.0,353.0,346.0,312.0,289.0,286.0,281.0,319.0,294.0,341.0,270.0,290.0,256.0,244.0,221.0,198.0,185.0,177.0,322.0,180.0,168.0,159.0,138.0,150.0,121.0,136.0,121.0,103.0,117.0,333.0,117.0,120.0,89.0,91.0,78.0,48.0,50.0,32.0,38.0,30.0,296.0,19.0,14.0,9.0,5.0,6.0,2.0,2.0,3.0,1.0,3.0,474.0,414.0,319.0,294.0,280.0,298.0,270.0,270.0,285.0,296.0,299.0,319.0,373.0,369.0,561.0,712.0,800.0,921.0,958.0,975.0,981.0,911.0,865.0,312.0,837.0,813.0,791.0,692.0,630.0,629.0,593.0,567.0,518.0,505.0,301.0,423.0,427.0,438.0,392.0,367.0,378.0,384.0,373.0,389.0,409.0,315.0,386.0,409.0,387.0,359.0,356.0,369.0,337.0,288.0,262.0,318.0,290.0,306.0,307.0,311.0,290.0,252.0,236.0,244.0,227.0,190.0,210.0,323.0,199.0,189.0,158.0,165.0,198.0,163.0,162.0,163.0,128.0,144.0,314.0,145.0,133.0,125.0,111.0,110.0,78.0,69.0,57.0,54.0,58.0,289.0,47.0,41.0,29.0,25.0,21.0,18.0,13.0,8.0,7.0,16.0
Valby,2029,505.0,448.0,292.0,310.0,335.0,328.0,271.0,281.0,309.0,301.0,317.0,340.0,397.0,396.0,525.0,672.0,774.0,805.0,843.0,908.0,932.0,878.0,872.0,357.0,857.0,833.0,792.0,788.0,736.0,685.0,651.0,591.0,581.0,506.0,323.0,490.0,445.0,442.0,412.0,376.0,386.0,363.0,397.0,359.0,387.0,300.0,364.0,345.0,381.0,390.0,378.0,351.0,338.0,303.0,289.0,283.0,305.0,283.0,293.0,331.0,261.0,281.0,251.0,238.0,213.0,194.0,179.0,318.0,171.0,175.0,162.0,155.0,133.0,142.0,118.0,131.0,117.0,98.0,322.0,110.0,111.0,113.0,82.0,82.0,72.0,43.0,42.0,30.0,32.0,325.0,25.0,15.0,11.0,8.0,3.0,4.0,2.0,1.0,2.0,2.0,483.0,423.0,286.0,312.0,292.0,278.0,293.0,267.0,278.0,275.0,307.0,322.0,386.0,395.0,543.0,730.0,789.0,849.0,932.0,952.0,956.0,948.0,872.0,348.0,840.0,796.0,764.0,731.0,662.0,610.0,602.0,561.0,543.0,508.0,294.0,493.0,409.0,415.0,422.0,390.0,370.0,372.0,376.0,375.0,385.0,284.0,402.0,386.0,404.0,378.0,356.0,358.0,363.0,332.0,285.0,263.0,301.0,309.0,303.0,304.0,303.0,284.0,249.0,229.0,237.0,221.0,183.0,288.0,207.0,193.0,185.0,155.0,161.0,192.0,158.0,158.0,158.0,121.0,315.0,142.0,139.0,128.0,118.0,105.0,103.0,74.0,65.0,54.0,49.0,312.0,51.0,40.0,34.0,25.0,20.0,16.0,14.0,11.0,5.0,17.0
Valby,2030,515.0,457.0,320.0,290.0,312.0,327.0,327.0,268.0,286.0,310.0,314.0,339.0,408.0,395.0,545.0,697.0,781.0,817.0,830.0,875.0,906.0,913.0,858.0,370.0,844.0,834.0,800.0,769.0,745.0,705.0,651.0,621.0,561.0,558.0,341.0,492.0,485.0,431.0,433.0,401.0,364.0,377.0,356.0,386.0,356.0,309.0,377.0,363.0,339.0,375.0,379.0,374.0,343.0,327.0,303.0,287.0,285.0,284.0,282.0,287.0,318.0,255.0,275.0,245.0,229.0,210.0,189.0,304.0,174.0,166.0,169.0,158.0,150.0,127.0,138.0,115.0,127.0,111.0,320.0,93.0,105.0,105.0,104.0,75.0,76.0,64.0,37.0,37.0,25.0,315.0,27.0,19.0,12.0,10.0,5.0,2.0,3.0,1.0,1.0,2.0,493.0,431.0,309.0,282.0,311.0,292.0,275.0,289.0,276.0,269.0,289.0,334.0,396.0,412.0,574.0,721.0,812.0,847.0,883.0,934.0,940.0,932.0,907.0,361.0,847.0,802.0,753.0,713.0,698.0,642.0,587.0,572.0,540.0,534.0,327.0,499.0,475.0,402.0,403.0,420.0,394.0,366.0,367.0,378.0,373.0,279.0,380.0,402.0,383.0,394.0,376.0,359.0,354.0,358.0,327.0,285.0,273.0,258.0,306.0,301.0,298.0,297.0,279.0,243.0,225.0,232.0,212.0,297.0,181.0,202.0,188.0,180.0,151.0,156.0,186.0,154.0,153.0,149.0,285.0,120.0,136.0,132.0,120.0,110.0,98.0,95.0,68.0,57.0,46.0,313.0,42.0,43.0,33.0,29.0,20.0,15.0,12.0,11.0,7.0,15.0
Valby,2031,517.0,463.0,309.0,314.0,292.0,305.0,326.0,319.0,272.0,287.0,317.0,335.0,414.0,395.0,549.0,710.0,806.0,828.0,839.0,866.0,878.0,890.0,882.0,377.0,832.0,819.0,798.0,772.0,725.0,711.0,665.0,619.0,585.0,541.0,351.0,536.0,486.0,466.0,423.0,420.0,385.0,355.0,367.0,346.0,379.0,324.0,347.0,374.0,356.0,334.0,363.0,375.0,364.0,332.0,327.0,300.0,291.0,287.0,282.0,276.0,277.0,308.0,251.0,268.0,237.0,226.0,204.0,283.0,183.0,170.0,162.0,165.0,153.0,143.0,124.0,134.0,112.0,121.0,304.0,105.0,89.0,100.0,98.0,94.0,70.0,67.0,54.0,34.0,32.0,313.0,21.0,20.0,15.0,10.0,7.0,3.0,1.0,2.0,0.0,2.0,496.0,436.0,308.0,302.0,282.0,308.0,287.0,271.0,294.0,266.0,281.0,319.0,400.0,425.0,602.0,751.0,815.0,873.0,883.0,896.0,921.0,915.0,891.0,368.0,874.0,803.0,755.0,701.0,680.0,669.0,614.0,558.0,549.0,530.0,338.0,521.0,480.0,461.0,389.0,400.0,421.0,388.0,359.0,367.0,375.0,307.0,368.0,380.0,397.0,372.0,389.0,377.0,354.0,349.0,351.0,326.0,268.0,278.0,257.0,302.0,295.0,292.0,292.0,272.0,239.0,220.0,222.0,270.0,210.0,178.0,197.0,184.0,175.0,148.0,152.0,181.0,150.0,146.0,290.0,147.0,115.0,130.0,125.0,113.0,104.0,92.0,89.0,63.0,51.0,284.0,41.0,37.0,36.0,29.0,23.0,16.0,12.0,10.0,7.0,15.0
Valby,2032,529.0,470.0,309.0,305.0,316.0,287.0,306.0,319.0,321.0,274.0,297.0,336.0,423.0,395.0,549.0,724.0,819.0,856.0,853.0,877.0,876.0,871.0,867.0,385.0,855.0,814.0,789.0,774.0,731.0,696.0,676.0,635.0,586.0,565.0,360.0,525.0,528.0,471.0,458.0,414.0,405.0,376.0,348.0,358.0,344.0,337.0,368.0,347.0,367.0,351.0,326.0,361.0,367.0,353.0,332.0,323.0,308.0,302.0,286.0,276.0,268.0,271.0,302.0,247.0,259.0,234.0,219.0,291.0,198.0,179.0,165.0,159.0,160.0,146.0,139.0,121.0,130.0,107.0,285.0,114.0,101.0,85.0,93.0,89.0,87.0,62.0,56.0,49.0,29.0,299.0,27.0,16.0,16.0,13.0,7.0,4.0,3.0,1.0,1.0,2.0,507.0,443.0,283.0,303.0,302.0,282.0,304.0,284.0,280.0,284.0,278.0,313.0,410.0,417.0,615.0,780.0,841.0,879.0,907.0,898.0,895.0,902.0,880.0,376.0,866.0,831.0,759.0,707.0,674.0,657.0,641.0,587.0,539.0,542.0,347.0,520.0,503.0,469.0,446.0,389.0,405.0,416.0,382.0,361.0,365.0,320.0,370.0,371.0,378.0,387.0,369.0,390.0,373.0,350.0,345.0,350.0,296.0,317.0,276.0,256.0,296.0,291.0,289.0,285.0,267.0,234.0,212.0,266.0,220.0,206.0,175.0,193.0,179.0,171.0,144.0,150.0,176.0,143.0,266.0,143.0,141.0,111.0,122.0,117.0,106.0,97.0,85.0,80.0,54.0,289.0,44.0,35.0,32.0,31.0,24.0,18.0,12.0,9.0,6.0,15.0
Valby,2033,537.0,481.0,296.0,307.0,308.0,310.0,289.0,302.0,323.0,320.0,287.0,319.0,431.0,393.0,554.0,720.0,836.0,869.0,882.0,892.0,887.0,874.0,853.0,395.0,844.0,834.0,787.0,766.0,733.0,703.0,664.0,648.0,601.0,567.0,369.0,548.0,520.0,509.0,464.0,447.0,402.0,395.0,369.0,341.0,355.0,347.0,336.0,366.0,342.0,362.0,342.0,325.0,354.0,355.0,352.0,329.0,321.0,325.0,300.0,280.0,268.0,262.0,267.0,295.0,241.0,256.0,229.0,307.0,213.0,194.0,175.0,163.0,155.0,154.0,143.0,136.0,118.0,125.0,294.0,102.0,109.0,96.0,79.0,85.0,84.0,78.0,54.0,52.0,42.0,281.0,25.0,20.0,13.0,14.0,9.0,4.0,3.0,1.0,0.0,2.0,514.0,453.0,287.0,281.0,303.0,302.0,280.0,300.0,294.0,272.0,294.0,310.0,418.0,412.0,617.0,787.0,870.0,902.0,916.0,921.0,899.0,882.0,869.0,386.0,859.0,826.0,785.0,711.0,681.0,654.0,631.0,611.0,567.0,534.0,355.0,532.0,503.0,492.0,455.0,443.0,396.0,402.0,408.0,383.0,360.0,330.0,361.0,372.0,369.0,370.0,384.0,371.0,386.0,368.0,347.0,344.0,309.0,340.0,314.0,275.0,253.0,291.0,288.0,283.0,281.0,262.0,226.0,293.0,212.0,217.0,203.0,173.0,188.0,176.0,167.0,143.0,147.0,167.0,264.0,142.0,138.0,135.0,106.0,115.0,112.0,102.0,94.0,80.0,71.0,267.0,50.0,40.0,31.0,29.0,26.0,19.0,14.0,11.0,6.0,16.0
Valby,2034,540.0,487.0,278.0,293.0,310.0,302.0,311.0,285.0,307.0,322.0,327.0,310.0,440.0,377.0,538.0,722.0,827.0,887.0,891.0,918.0,899.0,880.0,854.0,402.0,831.0,823.0,802.0,764.0,725.0,703.0,668.0,635.0,612.0,580.0,377.0,550.0,541.0,503.0,499.0,453.0,431.0,393.0,386.0,360.0,338.0,354.0,345.0,335.0,358.0,337.0,350.0,340.0,319.0,342.0,354.0,347.0,329.0,330.0,322.0,293.0,271.0,261.0,257.0,262.0,285.0,239.0,249.0,319.0,222.0,207.0,189.0,172.0,159.0,149.0,150.0,140.0,132.0,113.0,309.0,119.0,98.0,104.0,89.0,72.0,80.0,75.0,66.0,49.0,44.0,289.0,36.0,19.0,16.0,12.0,10.0,5.0,3.0,2.0,1.0,1.0,517.0,459.0,266.0,283.0,282.0,302.0,298.0,277.0,309.0,285.0,283.0,323.0,426.0,404.0,603.0,790.0,872.0,929.0,934.0,929.0,917.0,883.0,851.0,393.0,845.0,817.0,779.0,733.0,683.0,658.0,627.0,602.0,588.0,561.0,364.0,526.0,514.0,491.0,476.0,452.0,447.0,393.0,394.0,408.0,381.0,337.0,356.0,362.0,369.0,360.0,367.0,384.0,366.0,380.0,363.0,346.0,318.0,334.0,336.0,311.0,270.0,249.0,287.0,282.0,279.0,275.0,252.0,306.0,225.0,208.0,213.0,199.0,170.0,183.0,171.0,164.0,140.0,140.0,289.0,164.0,136.0,131.0,127.0,99.0,109.0,106.0,95.0,86.0,71.0,264.0,63.0,44.0,34.0,29.0,23.0,20.0,15.0,12.0,6.0,15.0
Valby,2035,539.0,487.0,285.0,275.0,295.0,304.0,302.0,306.0,290.0,308.0,328.0,343.0,443.0,364.0,515.0,687.0,821.0,868.0,903.0,919.0,917.0,885.0,854.0,408.0,828.0,807.0,787.0,772.0,720.0,692.0,665.0,636.0,599.0,589.0,383.0,560.0,542.0,521.0,493.0,484.0,436.0,420.0,384.0,375.0,355.0,361.0,329.0,343.0,328.0,351.0,326.0,346.0,331.0,309.0,340.0,348.0,336.0,346.0,326.0,314.0,283.0,263.0,256.0,252.0,254.0,281.0,233.0,327.0,241.0,217.0,201.0,185.0,167.0,152.0,146.0,146.0,136.0,127.0,321.0,108.0,114.0,94.0,96.0,82.0,68.0,71.0,64.0,60.0,43.0,303.0,37.0,27.0,16.0,14.0,8.0,6.0,4.0,2.0,1.0,1.0,516.0,459.0,262.0,262.0,283.0,283.0,297.0,294.0,287.0,298.0,296.0,312.0,429.0,408.0,584.0,759.0,869.0,920.0,951.0,937.0,918.0,893.0,847.0,398.0,826.0,801.0,767.0,724.0,699.0,656.0,629.0,596.0,578.0,578.0,369.0,550.0,506.0,500.0,474.0,471.0,456.0,440.0,386.0,394.0,403.0,344.0,375.0,356.0,358.0,359.0,357.0,368.0,378.0,360.0,372.0,361.0,324.0,335.0,331.0,332.0,304.0,266.0,247.0,280.0,278.0,273.0,264.0,314.0,249.0,221.0,204.0,209.0,194.0,166.0,178.0,168.0,160.0,133.0,302.0,139.0,157.0,130.0,124.0,119.0,94.0,103.0,100.0,88.0,77.0,288.0,63.0,55.0,37.0,31.0,23.0,18.0,16.0,13.0,7.0,16.0
Valby,2036,537.0,486.0,298.0,281.0,277.0,289.0,304.0,296.0,309.0,291.0,316.0,345.0,443.0,390.0,488.0,658.0,777.0,861.0,880.0,928.0,913.0,900.0,856.0,410.0,825.0,802.0,771.0,756.0,725.0,687.0,654.0,632.0,598.0,576.0,388.0,568.0,550.0,521.0,509.0,478.0,463.0,424.0,408.0,373.0,370.0,366.0,344.0,327.0,335.0,322.0,338.0,323.0,337.0,320.0,307.0,335.0,342.0,348.0,341.0,317.0,303.0,275.0,258.0,250.0,244.0,252.0,273.0,333.0,228.0,236.0,211.0,197.0,180.0,160.0,149.0,142.0,142.0,131.0,328.0,121.0,103.0,108.0,87.0,88.0,77.0,61.0,60.0,59.0,51.0,314.0,37.0,28.0,22.0,14.0,10.0,5.0,5.0,2.0,1.0,1.0,514.0,457.0,285.0,259.0,262.0,282.0,279.0,293.0,302.0,277.0,307.0,323.0,429.0,394.0,573.0,730.0,831.0,915.0,938.0,950.0,921.0,891.0,853.0,401.0,820.0,783.0,750.0,712.0,690.0,669.0,625.0,596.0,571.0,568.0,374.0,565.0,529.0,493.0,482.0,470.0,474.0,449.0,430.0,386.0,390.0,348.0,396.0,374.0,352.0,348.0,355.0,358.0,362.0,371.0,353.0,370.0,330.0,349.0,332.0,327.0,325.0,298.0,263.0,242.0,275.0,272.0,263.0,319.0,262.0,245.0,217.0,201.0,204.0,189.0,162.0,175.0,163.0,152.0,309.0,132.0,134.0,149.0,123.0,116.0,112.0,90.0,97.0,93.0,79.0,299.0,69.0,56.0,46.0,34.0,25.0,18.0,14.0,14.0,8.0,17.0
Valby,2037,535.0,484.0,309.0,294.0,284.0,272.0,290.0,299.0,300.0,309.0,301.0,335.0,442.0,391.0,502.0,626.0,752.0,817.0,875.0,906.0,924.0,896.0,871.0,411.0,827.0,800.0,768.0,743.0,711.0,691.0,649.0,621.0,595.0,575.0,390.0,556.0,558.0,528.0,510.0,494.0,459.0,450.0,413.0,396.0,368.0,371.0,358.0,341.0,320.0,328.0,311.0,333.0,316.0,325.0,318.0,303.0,346.0,334.0,343.0,332.0,306.0,294.0,270.0,252.0,242.0,243.0,246.0,339.0,265.0,223.0,229.0,207.0,192.0,172.0,157.0,146.0,139.0,137.0,334.0,124.0,116.0,99.0,101.0,80.0,83.0,69.0,52.0,56.0,51.0,321.0,44.0,29.0,23.0,19.0,10.0,6.0,4.0,2.0,1.0,1.0,513.0,456.0,297.0,280.0,259.0,262.0,278.0,277.0,301.0,291.0,289.0,334.0,428.0,402.0,559.0,715.0,803.0,877.0,934.0,936.0,933.0,893.0,853.0,401.0,827.0,777.0,735.0,696.0,679.0,662.0,637.0,592.0,571.0,562.0,376.0,555.0,543.0,515.0,476.0,478.0,473.0,466.0,439.0,428.0,383.0,353.0,384.0,394.0,368.0,342.0,344.0,355.0,353.0,356.0,363.0,350.0,334.0,358.0,345.0,328.0,320.0,318.0,294.0,257.0,239.0,269.0,262.0,325.0,261.0,257.0,240.0,213.0,196.0,199.0,184.0,160.0,171.0,155.0,314.0,151.0,128.0,128.0,141.0,116.0,110.0,106.0,85.0,91.0,83.0,306.0,71.0,61.0,47.0,42.0,27.0,20.0,14.0,13.0,8.0,18.0
Valby,2038,531.0,482.0,316.0,305.0,296.0,278.0,272.0,285.0,303.0,300.0,317.0,321.0,440.0,386.0,498.0,633.0,716.0,793.0,829.0,899.0,898.0,905.0,864.0,409.0,839.0,800.0,764.0,739.0,698.0,677.0,652.0,616.0,584.0,571.0,390.0,554.0,546.0,536.0,516.0,494.0,473.0,446.0,437.0,401.0,390.0,373.0,357.0,355.0,332.0,314.0,317.0,308.0,324.0,304.0,322.0,313.0,351.0,303.0,330.0,333.0,319.0,297.0,288.0,264.0,244.0,240.0,237.0,343.0,239.0,259.0,218.0,225.0,201.0,184.0,169.0,154.0,142.0,134.0,340.0,130.0,119.0,110.0,92.0,92.0,76.0,74.0,59.0,49.0,49.0,327.0,44.0,34.0,24.0,20.0,14.0,6.0,5.0,2.0,1.0,2.0,509.0,454.0,303.0,292.0,280.0,259.0,258.0,274.0,286.0,289.0,301.0,317.0,426.0,411.0,567.0,700.0,785.0,847.0,894.0,931.0,916.0,902.0,852.0,400.0,824.0,781.0,729.0,682.0,663.0,650.0,629.0,602.0,567.0,561.0,376.0,549.0,533.0,527.0,497.0,471.0,480.0,465.0,455.0,437.0,423.0,354.0,377.0,383.0,388.0,357.0,338.0,344.0,349.0,346.0,349.0,360.0,338.0,338.0,352.0,341.0,321.0,314.0,313.0,287.0,254.0,234.0,259.0,329.0,260.0,256.0,253.0,236.0,209.0,192.0,194.0,181.0,157.0,163.0,320.0,154.0,145.0,123.0,122.0,132.0,110.0,104.0,100.0,80.0,81.0,311.0,75.0,64.0,51.0,43.0,34.0,22.0,15.0,13.0,8.0,19.0
Valby,2039,527.0,478.0,321.0,312.0,307.0,290.0,278.0,268.0,289.0,303.0,307.0,334.0,437.0,370.0,494.0,627.0,721.0,757.0,807.0,850.0,891.0,879.0,872.0,407.0,832.0,811.0,764.0,735.0,695.0,665.0,638.0,618.0,579.0,560.0,389.0,550.0,543.0,524.0,524.0,500.0,473.0,459.0,434.0,422.0,394.0,372.0,377.0,354.0,346.0,326.0,303.0,313.0,300.0,312.0,302.0,316.0,352.0,312.0,299.0,321.0,321.0,309.0,291.0,281.0,255.0,242.0,234.0,347.0,231.0,234.0,252.0,214.0,219.0,193.0,180.0,165.0,150.0,138.0,344.0,128.0,125.0,114.0,103.0,85.0,87.0,68.0,63.0,54.0,42.0,332.0,42.0,34.0,28.0,21.0,14.0,8.0,5.0,3.0,1.0,2.0,505.0,451.0,308.0,298.0,292.0,278.0,255.0,255.0,283.0,276.0,299.0,327.0,424.0,394.0,575.0,706.0,773.0,828.0,863.0,890.0,911.0,884.0,859.0,398.0,822.0,779.0,733.0,677.0,651.0,635.0,618.0,595.0,576.0,556.0,375.0,548.0,527.0,518.0,508.0,492.0,475.0,472.0,454.0,453.0,432.0,354.0,414.0,376.0,377.0,375.0,352.0,338.0,338.0,343.0,340.0,346.0,340.0,348.0,333.0,347.0,333.0,315.0,310.0,305.0,281.0,248.0,226.0,333.0,257.0,256.0,252.0,248.0,230.0,204.0,187.0,191.0,177.0,149.0,324.0,161.0,148.0,139.0,117.0,115.0,124.0,104.0,98.0,93.0,72.0,317.0,73.0,67.0,53.0,47.0,35.0,27.0,17.0,14.0,8.0,20.0
Valby,2040,522.0,474.0,327.0,317.0,314.0,301.0,290.0,273.0,272.0,289.0,311.0,325.0,434.0,381.0,470.0,629.0,716.0,761.0,772.0,829.0,842.0,872.0,847.0,405.0,840.0,805.0,774.0,734.0,691.0,662.0,627.0,605.0,580.0,556.0,387.0,539.0,539.0,521.0,512.0,508.0,479.0,460.0,446.0,420.0,415.0,371.0,382.0,373.0,346.0,339.0,314.0,299.0,304.0,289.0,308.0,298.0,352.0,315.0,308.0,291.0,309.0,311.0,302.0,284.0,272.0,253.0,236.0,349.0,228.0,226.0,229.0,247.0,210.0,210.0,190.0,176.0,161.0,145.0,348.0,132.0,123.0,119.0,107.0,95.0,80.0,78.0,58.0,58.0,47.0,336.0,37.0,33.0,28.0,24.0,15.0,8.0,7.0,3.0,1.0,2.0,500.0,447.0,314.0,303.0,298.0,291.0,274.0,252.0,264.0,273.0,288.0,323.0,421.0,397.0,555.0,716.0,780.0,818.0,844.0,860.0,870.0,879.0,842.0,396.0,829.0,777.0,731.0,680.0,646.0,624.0,604.0,585.0,569.0,565.0,373.0,542.0,525.0,511.0,499.0,502.0,495.0,467.0,461.0,452.0,448.0,353.0,424.0,412.0,371.0,365.0,369.0,351.0,332.0,331.0,336.0,337.0,340.0,335.0,342.0,328.0,339.0,326.0,311.0,302.0,299.0,275.0,239.0,334.0,225.0,252.0,252.0,248.0,242.0,225.0,199.0,185.0,186.0,169.0,327.0,149.0,155.0,141.0,132.0,110.0,109.0,117.0,98.0,91.0,82.0,321.0,65.0,65.0,56.0,49.0,38.0,28.0,21.0,15.0,9.0,20.0
Valby,2041,517.0,470.0,330.0,322.0,319.0,307.0,301.0,285.0,277.0,273.0,298.0,329.0,431.0,371.0,471.0,601.0,726.0,760.0,778.0,796.0,824.0,826.0,842.0,402.0,817.0,813.0,768.0,745.0,691.0,659.0,625.0,596.0,569.0,557.0,385.0,535.0,529.0,518.0,510.0,497.0,487.0,465.0,447.0,432.0,413.0,370.0,401.0,378.0,364.0,339.0,327.0,310.0,292.0,293.0,287.0,303.0,351.0,297.0,310.0,299.0,280.0,299.0,304.0,295.0,274.0,269.0,246.0,349.0,230.0,223.0,221.0,225.0,241.0,201.0,206.0,186.0,171.0,156.0,349.0,139.0,127.0,118.0,111.0,98.0,90.0,72.0,66.0,54.0,51.0,340.0,41.0,29.0,27.0,25.0,17.0,9.0,7.0,3.0,1.0,2.0,496.0,444.0,317.0,308.0,303.0,297.0,286.0,270.0,261.0,254.0,284.0,316.0,418.0,390.0,552.0,697.0,794.0,829.0,837.0,842.0,842.0,840.0,838.0,394.0,813.0,784.0,729.0,678.0,649.0,620.0,594.0,572.0,560.0,559.0,372.0,551.0,520.0,510.0,493.0,494.0,505.0,487.0,457.0,459.0,447.0,352.0,439.0,422.0,405.0,360.0,360.0,368.0,345.0,326.0,324.0,333.0,339.0,326.0,330.0,337.0,320.0,331.0,322.0,303.0,297.0,293.0,264.0,334.0,237.0,221.0,248.0,247.0,242.0,237.0,219.0,197.0,181.0,178.0,329.0,168.0,144.0,148.0,134.0,124.0,104.0,103.0,110.0,91.0,81.0,324.0,74.0,58.0,55.0,51.0,40.0,30.0,22.0,19.0,10.0,21.0
Valby,2042,510.0,465.0,334.0,326.0,324.0,312.0,307.0,295.0,289.0,277.0,281.0,317.0,427.0,374.0,452.0,594.0,698.0,774.0,776.0,799.0,790.0,807.0,795.0,399.0,810.0,789.0,775.0,737.0,700.0,658.0,622.0,593.0,560.0,546.0,382.0,536.0,525.0,508.0,505.0,493.0,476.0,472.0,451.0,433.0,425.0,368.0,400.0,396.0,368.0,356.0,327.0,322.0,302.0,281.0,290.0,282.0,349.0,301.0,293.0,301.0,288.0,272.0,293.0,297.0,285.0,272.0,262.0,348.0,240.0,225.0,217.0,218.0,220.0,231.0,198.0,201.0,181.0,165.0,349.0,149.0,134.0,122.0,110.0,103.0,93.0,80.0,62.0,61.0,47.0,341.0,44.0,32.0,24.0,24.0,18.0,10.0,7.0,4.0,2.0,2.0,489.0,439.0,321.0,311.0,308.0,301.0,292.0,282.0,278.0,252.0,265.0,311.0,414.0,381.0,538.0,687.0,777.0,844.0,847.0,835.0,822.0,812.0,800.0,390.0,808.0,767.0,734.0,675.0,647.0,621.0,589.0,562.0,547.0,549.0,369.0,545.0,528.0,505.0,491.0,487.0,496.0,496.0,475.0,455.0,453.0,350.0,438.0,437.0,415.0,392.0,355.0,359.0,360.0,337.0,319.0,322.0,337.0,323.0,321.0,325.0,328.0,313.0,326.0,313.0,297.0,290.0,281.0,333.0,262.0,234.0,218.0,244.0,242.0,237.0,231.0,216.0,192.0,172.0,328.0,176.0,162.0,139.0,141.0,126.0,118.0,99.0,98.0,102.0,82.0,325.0,73.0,66.0,49.0,50.0,42.0,32.0,24.0,20.0,12.0,23.0
Valby,2043,504.0,459.0,335.0,329.0,328.0,317.0,312.0,301.0,299.0,288.0,285.0,298.0,422.0,363.0,444.0,571.0,692.0,749.0,795.0,799.0,793.0,775.0,779.0,395.0,766.0,783.0,753.0,744.0,693.0,667.0,621.0,590.0,558.0,538.0,379.0,525.0,525.0,504.0,496.0,489.0,472.0,462.0,459.0,437.0,426.0,365.0,411.0,396.0,386.0,361.0,343.0,323.0,314.0,291.0,279.0,286.0,348.0,281.0,297.0,285.0,290.0,279.0,267.0,286.0,286.0,282.0,265.0,346.0,256.0,235.0,219.0,214.0,213.0,212.0,227.0,195.0,196.0,175.0,348.0,158.0,143.0,128.0,115.0,102.0,97.0,84.0,69.0,57.0,54.0,341.0,42.0,34.0,26.0,21.0,17.0,11.0,8.0,4.0,2.0,2.0,483.0,433.0,322.0,314.0,311.0,306.0,296.0,288.0,291.0,267.0,263.0,290.0,410.0,374.0,525.0,671.0,767.0,830.0,864.0,845.0,816.0,793.0,774.0,387.0,772.0,763.0,718.0,680.0,644.0,620.0,591.0,558.0,538.0,536.0,366.0,535.0,522.0,512.0,486.0,486.0,490.0,487.0,484.0,473.0,450.0,348.0,445.0,436.0,429.0,401.0,385.0,355.0,353.0,353.0,330.0,316.0,336.0,311.0,318.0,317.0,317.0,321.0,308.0,317.0,307.0,291.0,279.0,332.0,279.0,258.0,230.0,215.0,238.0,237.0,232.0,228.0,211.0,184.0,327.0,171.0,170.0,155.0,133.0,133.0,120.0,112.0,95.0,92.0,91.0,325.0,74.0,65.0,56.0,45.0,41.0,33.0,25.0,22.0,12.0,25.0
Valby,2044,498.0,454.0,335.0,331.0,331.0,321.0,317.0,306.0,305.0,299.0,295.0,302.0,418.0,340.0,429.0,559.0,672.0,745.0,773.0,821.0,795.0,780.0,750.0,392.0,752.0,742.0,748.0,724.0,700.0,661.0,630.0,590.0,555.0,537.0,376.0,518.0,515.0,504.0,492.0,480.0,469.0,459.0,449.0,445.0,429.0,363.0,412.0,406.0,386.0,378.0,348.0,339.0,315.0,302.0,288.0,275.0,346.0,284.0,277.0,288.0,274.0,281.0,273.0,261.0,276.0,284.0,275.0,345.0,258.0,250.0,229.0,216.0,210.0,205.0,209.0,222.0,191.0,190.0,347.0,168.0,152.0,138.0,120.0,106.0,97.0,87.0,72.0,64.0,50.0,340.0,47.0,32.0,29.0,23.0,15.0,10.0,9.0,4.0,2.0,3.0,477.0,428.0,322.0,316.0,314.0,310.0,301.0,292.0,297.0,280.0,277.0,287.0,405.0,346.0,516.0,660.0,754.0,822.0,853.0,864.0,826.0,789.0,757.0,383.0,748.0,730.0,716.0,666.0,649.0,618.0,590.0,560.0,535.0,529.0,363.0,523.0,513.0,507.0,493.0,480.0,488.0,481.0,476.0,483.0,468.0,345.0,442.0,443.0,429.0,415.0,395.0,384.0,349.0,346.0,345.0,327.0,334.0,306.0,306.0,314.0,309.0,310.0,316.0,300.0,311.0,300.0,280.0,330.0,277.0,274.0,253.0,226.0,211.0,233.0,232.0,229.0,223.0,201.0,326.0,183.0,166.0,163.0,148.0,126.0,126.0,114.0,106.0,89.0,83.0,325.0,82.0,66.0,55.0,51.0,37.0,33.0,27.0,23.0,14.0,28.0
Valby,2045,492.0,449.0,334.0,331.0,333.0,324.0,320.0,311.0,310.0,305.0,307.0,312.0,413.0,342.0,395.0,545.0,663.0,729.0,770.0,800.0,818.0,782.0,754.0,388.0,724.0,730.0,710.0,720.0,681.0,668.0,624.0,598.0,555.0,534.0,373.0,517.0,508.0,495.0,493.0,477.0,460.0,455.0,446.0,435.0,437.0,360.0,416.0,408.0,396.0,378.0,364.0,344.0,330.0,303.0,299.0,284.0,344.0,274.0,281.0,270.0,277.0,267.0,275.0,267.0,252.0,274.0,276.0,343.0,267.0,252.0,244.0,226.0,212.0,202.0,203.0,205.0,217.0,185.0,345.0,181.0,162.0,146.0,129.0,111.0,101.0,87.0,75.0,67.0,56.0,339.0,44.0,37.0,27.0,25.0,17.0,9.0,8.0,5.0,2.0,3.0,472.0,423.0,321.0,316.0,316.0,313.0,305.0,297.0,301.0,285.0,290.0,299.0,401.0,339.0,474.0,654.0,746.0,811.0,845.0,853.0,844.0,799.0,753.0,379.0,732.0,708.0,685.0,664.0,636.0,622.0,588.0,559.0,537.0,526.0,360.0,517.0,502.0,498.0,488.0,487.0,483.0,480.0,470.0,474.0,477.0,343.0,459.0,440.0,435.0,415.0,409.0,394.0,376.0,342.0,338.0,341.0,332.0,316.0,301.0,302.0,306.0,303.0,306.0,307.0,294.0,304.0,289.0,329.0,278.0,273.0,269.0,249.0,222.0,207.0,228.0,229.0,224.0,213.0,325.0,200.0,177.0,159.0,156.0,140.0,119.0,119.0,108.0,99.0,80.0,324.0,75.0,73.0,56.0,51.0,42.0,30.0,26.0,24.0,15.0,31.0
Valby,2046,486.0,443.0,333.0,330.0,333.0,325.0,324.0,315.0,315.0,310.0,313.0,324.0,408.0,348.0,387.0,502.0,655.0,721.0,756.0,797.0,798.0,805.0,755.0,383.0,729.0,703.0,698.0,683.0,678.0,650.0,630.0,593.0,563.0,534.0,369.0,515.0,507.0,488.0,483.0,477.0,457.0,447.0,443.0,432.0,428.0,357.0,423.0,411.0,398.0,388.0,365.0,359.0,335.0,318.0,301.0,295.0,341.0,283.0,271.0,273.0,259.0,268.0,261.0,268.0,258.0,250.0,267.0,341.0,269.0,261.0,246.0,241.0,221.0,204.0,199.0,199.0,200.0,210.0,343.0,178.0,175.0,156.0,137.0,120.0,106.0,91.0,75.0,70.0,59.0,337.0,50.0,35.0,30.0,24.0,18.0,10.0,8.0,5.0,2.0,3.0,466.0,418.0,320.0,315.0,316.0,314.0,308.0,301.0,306.0,289.0,296.0,313.0,396.0,344.0,460.0,603.0,744.0,806.0,835.0,846.0,835.0,816.0,763.0,375.0,729.0,693.0,665.0,636.0,634.0,610.0,593.0,557.0,536.0,528.0,356.0,513.0,495.0,487.0,480.0,483.0,489.0,474.0,468.0,468.0,469.0,340.0,468.0,457.0,433.0,422.0,409.0,407.0,386.0,368.0,335.0,335.0,329.0,330.0,311.0,298.0,295.0,299.0,299.0,298.0,301.0,287.0,292.0,326.0,287.0,273.0,268.0,265.0,244.0,218.0,203.0,225.0,225.0,214.0,323.0,211.0,193.0,171.0,152.0,147.0,132.0,114.0,113.0,101.0,89.0,322.0,73.0,68.0,62.0,52.0,41.0,34.0,24.0,24.0,15.0,33.0
Valby,2047,482.0,438.0,332.0,329.0,332.0,326.0,325.0,318.0,319.0,315.0,317.0,329.0,403.0,360.0,384.0,489.0,608.0,718.0,749.0,784.0,795.0,786.0,778.0,379.0,731.0,708.0,674.0,672.0,643.0,647.0,613.0,599.0,558.0,542.0,365.0,515.0,506.0,487.0,477.0,468.0,457.0,444.0,434.0,429.0,424.0,353.0,415.0,419.0,401.0,390.0,374.0,360.0,349.0,323.0,315.0,297.0,338.0,294.0,279.0,263.0,262.0,252.0,263.0,255.0,259.0,256.0,244.0,338.0,260.0,263.0,255.0,243.0,236.0,213.0,201.0,196.0,195.0,195.0,341.0,201.0,173.0,168.0,147.0,127.0,114.0,96.0,79.0,70.0,62.0,336.0,52.0,39.0,29.0,27.0,17.0,11.0,8.0,4.0,2.0,4.0,462.0,413.0,319.0,314.0,315.0,315.0,309.0,304.0,309.0,294.0,300.0,319.0,391.0,356.0,457.0,587.0,691.0,807.0,832.0,837.0,827.0,808.0,780.0,371.0,738.0,690.0,652.0,618.0,608.0,608.0,581.0,561.0,534.0,527.0,352.0,515.0,492.0,481.0,469.0,474.0,485.0,481.0,463.0,467.0,463.0,336.0,460.0,466.0,449.0,420.0,415.0,408.0,400.0,378.0,360.0,332.0,327.0,325.0,324.0,307.0,290.0,288.0,295.0,291.0,292.0,294.0,277.0,324.0,289.0,282.0,269.0,264.0,259.0,239.0,213.0,200.0,220.0,215.0,321.0,213.0,204.0,186.0,163.0,144.0,140.0,126.0,109.0,106.0,91.0,321.0,81.0,66.0,57.0,56.0,42.0,33.0,27.0,22.0,15.0,35.0
Valby,2048,478.0,434.0,330.0,328.0,331.0,325.0,325.0,320.0,322.0,318.0,322.0,334.0,399.0,364.0,390.0,483.0,596.0,671.0,750.0,778.0,783.0,784.0,761.0,374.0,753.0,710.0,678.0,649.0,634.0,614.0,611.0,582.0,564.0,538.0,361.0,522.0,506.0,486.0,477.0,462.0,448.0,444.0,431.0,421.0,421.0,349.0,411.0,411.0,409.0,393.0,376.0,369.0,351.0,337.0,320.0,310.0,335.0,296.0,290.0,271.0,253.0,255.0,247.0,256.0,247.0,257.0,249.0,335.0,238.0,254.0,257.0,251.0,238.0,227.0,210.0,197.0,191.0,189.0,339.0,187.0,194.0,167.0,158.0,136.0,121.0,103.0,83.0,74.0,62.0,334.0,54.0,41.0,32.0,25.0,19.0,11.0,9.0,5.0,2.0,4.0,458.0,409.0,318.0,313.0,314.0,314.0,309.0,305.0,312.0,297.0,305.0,322.0,387.0,356.0,471.0,581.0,677.0,754.0,835.0,834.0,818.0,800.0,772.0,366.0,754.0,699.0,649.0,605.0,590.0,583.0,579.0,550.0,538.0,525.0,348.0,515.0,494.0,478.0,464.0,464.0,476.0,476.0,469.0,461.0,461.0,333.0,454.0,458.0,458.0,435.0,414.0,414.0,400.0,391.0,370.0,356.0,323.0,322.0,320.0,320.0,299.0,284.0,285.0,287.0,285.0,286.0,282.0,322.0,274.0,284.0,277.0,264.0,259.0,254.0,233.0,210.0,197.0,211.0,319.0,215.0,207.0,197.0,178.0,155.0,137.0,133.0,120.0,102.0,95.0,319.0,82.0,73.0,56.0,53.0,46.0,34.0,27.0,25.0,14.0,37.0
Valby,2049,474.0,430.0,328.0,326.0,330.0,324.0,325.0,320.0,324.0,321.0,325.0,338.0,395.0,366.0,386.0,493.0,591.0,659.0,703.0,781.0,777.0,773.0,759.0,370.0,738.0,732.0,681.0,653.0,612.0,606.0,580.0,580.0,549.0,543.0,357.0,518.0,513.0,486.0,475.0,462.0,443.0,436.0,432.0,418.0,413.0,346.0,408.0,406.0,401.0,401.0,379.0,372.0,359.0,339.0,334.0,316.0,331.0,309.0,293.0,282.0,261.0,246.0,250.0,241.0,247.0,245.0,250.0,332.0,243.0,233.0,248.0,253.0,246.0,229.0,224.0,207.0,193.0,186.0,336.0,182.0,182.0,187.0,157.0,147.0,130.0,109.0,89.0,77.0,65.0,331.0,55.0,43.0,34.0,28.0,18.0,12.0,9.0,5.0,2.0,4.0,455.0,406.0,316.0,312.0,313.0,313.0,309.0,305.0,313.0,300.0,308.0,326.0,383.0,355.0,468.0,602.0,671.0,740.0,782.0,839.0,816.0,792.0,765.0,362.0,747.0,714.0,657.0,603.0,579.0,567.0,556.0,549.0,528.0,529.0,344.0,513.0,494.0,480.0,461.0,459.0,466.0,468.0,465.0,467.0,455.0,329.0,452.0,452.0,451.0,444.0,428.0,413.0,406.0,392.0,383.0,367.0,320.0,345.0,317.0,315.0,311.0,292.0,280.0,277.0,282.0,279.0,275.0,318.0,280.0,269.0,280.0,272.0,259.0,253.0,248.0,230.0,207.0,189.0,317.0,210.0,208.0,199.0,188.0,168.0,147.0,131.0,127.0,112.0,92.0,317.0,86.0,74.0,62.0,52.0,43.0,37.0,28.0,24.0,16.0,38.0
Valby,2050,471.0,427.0,326.0,324.0,328.0,323.0,324.0,319.0,324.0,323.0,328.0,342.0,392.0,368.0,382.0,490.0,608.0,656.0,692.0,734.0,782.0,768.0,749.0,367.0,736.0,718.0,702.0,655.0,616.0,585.0,572.0,551.0,547.0,529.0,353.0,523.0,508.0,493.0,475.0,461.0,443.0,430.0,423.0,418.0,410.0,342.0,400.0,404.0,397.0,393.0,386.0,374.0,362.0,346.0,336.0,329.0,328.0,315.0,305.0,285.0,272.0,254.0,242.0,244.0,233.0,245.0,239.0,329.0,244.0,238.0,228.0,245.0,248.0,237.0,226.0,220.0,202.0,188.0,333.0,179.0,177.0,175.0,176.0,147.0,141.0,118.0,94.0,83.0,69.0,329.0,58.0,43.0,36.0,30.0,21.0,12.0,10.0,5.0,3.0,4.0,451.0,403.0,314.0,310.0,312.0,312.0,308.0,305.0,314.0,301.0,311.0,329.0,380.0,354.0,464.0,601.0,696.0,735.0,769.0,787.0,821.0,791.0,758.0,359.0,741.0,708.0,672.0,610.0,577.0,556.0,541.0,527.0,527.0,519.0,341.0,517.0,492.0,480.0,463.0,456.0,461.0,458.0,457.0,463.0,461.0,325.0,446.0,450.0,444.0,436.0,437.0,427.0,405.0,398.0,383.0,379.0,317.0,355.0,339.0,313.0,307.0,304.0,288.0,273.0,272.0,275.0,269.0,315.0,273.0,275.0,265.0,274.0,267.0,254.0,248.0,245.0,226.0,198.0,314.0,189.0,204.0,201.0,191.0,178.0,160.0,141.0,125.0,118.0,101.0,314.0,84.0,78.0,63.0,57.0,42.0,36.0,30.0,25.0,15.0,39.0
Valby,2051,467.0,424.0,323.0,322.0,326.0,321.0,323.0,318.0,323.0,323.0,330.0,344.0,389.0,369.0,378.0,485.0,607.0,675.0,688.0,722.0,734.0,773.0,743.0,364.0,727.0,716.0,689.0,676.0,618.0,589.0,553.0,543.0,519.0,527.0,350.0,509.0,514.0,488.0,482.0,461.0,441.0,430.0,418.0,410.0,411.0,338.0,397.0,396.0,394.0,389.0,379.0,382.0,365.0,349.0,344.0,331.0,324.0,327.0,311.0,297.0,274.0,264.0,249.0,236.0,236.0,231.0,239.0,325.0,234.0,239.0,232.0,225.0,241.0,239.0,234.0,222.0,215.0,196.0,329.0,181.0,174.0,171.0,166.0,164.0,141.0,127.0,102.0,88.0,74.0,325.0,61.0,46.0,37.0,32.0,22.0,13.0,10.0,6.0,3.0,4.0,447.0,400.0,311.0,308.0,310.0,310.0,307.0,304.0,313.0,301.0,312.0,331.0,377.0,351.0,461.0,598.0,697.0,764.0,763.0,774.0,769.0,796.0,757.0,356.0,734.0,702.0,666.0,624.0,584.0,554.0,530.0,512.0,506.0,518.0,337.0,507.0,496.0,478.0,463.0,458.0,458.0,453.0,447.0,455.0,457.0,322.0,452.0,444.0,442.0,430.0,430.0,435.0,419.0,397.0,389.0,380.0,313.0,367.0,349.0,334.0,305.0,300.0,300.0,281.0,268.0,266.0,265.0,312.0,267.0,268.0,270.0,260.0,269.0,261.0,248.0,245.0,240.0,216.0,311.0,198.0,184.0,196.0,193.0,181.0,169.0,152.0,134.0,117.0,107.0,311.0,92.0,76.0,66.0,58.0,47.0,35.0,29.0,27.0,16.0,40.0
Valby,2052,463.0,420.0,320.0,319.0,324.0,319.0,321.0,317.0,322.0,322.0,330.0,345.0,386.0,369.0,373.0,481.0,604.0,676.0,710.0,718.0,722.0,727.0,749.0,361.0,721.0,708.0,687.0,663.0,637.0,591.0,556.0,525.0,512.0,500.0,347.0,507.0,500.0,493.0,478.0,467.0,441.0,429.0,418.0,405.0,403.0,335.0,398.0,393.0,386.0,386.0,375.0,375.0,372.0,352.0,347.0,339.0,321.0,330.0,323.0,303.0,286.0,267.0,259.0,243.0,228.0,234.0,226.0,321.0,234.0,229.0,234.0,230.0,221.0,232.0,236.0,230.0,217.0,210.0,326.0,189.0,175.0,167.0,162.0,155.0,157.0,128.0,110.0,95.0,78.0,322.0,66.0,48.0,39.0,32.0,23.0,14.0,11.0,5.0,3.0,4.0,444.0,396.0,308.0,305.0,308.0,308.0,305.0,302.0,312.0,301.0,312.0,331.0,374.0,346.0,456.0,596.0,696.0,767.0,793.0,767.0,756.0,747.0,762.0,353.0,732.0,695.0,660.0,618.0,596.0,560.0,528.0,502.0,492.0,497.0,335.0,506.0,486.0,482.0,461.0,458.0,460.0,451.0,442.0,445.0,449.0,319.0,448.0,450.0,437.0,428.0,423.0,428.0,427.0,411.0,389.0,386.0,310.0,368.0,361.0,344.0,325.0,299.0,297.0,292.0,275.0,262.0,256.0,308.0,263.0,262.0,263.0,265.0,255.0,264.0,256.0,245.0,240.0,230.0,307.0,216.0,192.0,178.0,188.0,183.0,173.0,162.0,145.0,126.0,106.0,308.0,97.0,83.0,65.0,61.0,48.0,38.0,29.0,27.0,17.0,41.0
Valby,2053,460.0,417.0,317.0,316.0,322.0,317.0,319.0,315.0,321.0,321.0,329.0,345.0,383.0,367.0,367.0,476.0,603.0,676.0,712.0,741.0,718.0,715.0,705.0,358.0,728.0,702.0,680.0,661.0,626.0,609.0,558.0,528.0,495.0,494.0,344.0,482.0,498.0,480.0,483.0,463.0,448.0,429.0,417.0,405.0,398.0,332.0,390.0,393.0,383.0,379.0,372.0,370.0,365.0,358.0,349.0,342.0,318.0,337.0,327.0,315.0,292.0,278.0,262.0,253.0,235.0,227.0,228.0,318.0,221.0,229.0,224.0,231.0,226.0,214.0,229.0,232.0,225.0,212.0,322.0,202.0,184.0,169.0,159.0,151.0,149.0,142.0,111.0,103.0,85.0,318.0,70.0,52.0,41.0,34.0,24.0,15.0,11.0,6.0,3.0,5.0,441.0,393.0,305.0,302.0,306.0,306.0,303.0,301.0,311.0,300.0,311.0,331.0,371.0,341.0,450.0,592.0,696.0,767.0,797.0,798.0,749.0,734.0,716.0,350.0,738.0,694.0,655.0,613.0,591.0,572.0,534.0,501.0,482.0,484.0,332.0,486.0,485.0,472.0,464.0,456.0,460.0,452.0,440.0,441.0,439.0,316.0,440.0,446.0,442.0,422.0,421.0,422.0,420.0,419.0,402.0,386.0,307.0,373.0,362.0,356.0,335.0,318.0,295.0,289.0,286.0,269.0,252.0,305.0,254.0,259.0,258.0,259.0,260.0,250.0,258.0,253.0,241.0,231.0,304.0,229.0,209.0,186.0,171.0,179.0,174.0,165.0,154.0,136.0,114.0,305.0,96.0,88.0,71.0,60.0,50.0,39.0,31.0,26.0,17.0,42.0
Valby,2054,456.0,414.0,313.0,313.0,319.0,314.0,317.0,313.0,319.0,320.0,328.0,344.0,380.0,364.0,360.0,470.0,600.0,676.0,713.0,743.0,741.0,711.0,694.0,356.0,685.0,710.0,675.0,655.0,624.0,599.0,575.0,530.0,498.0,478.0,341.0,476.0,473.0,478.0,469.0,468.0,444.0,435.0,417.0,404.0,398.0,330.0,385.0,385.0,384.0,376.0,365.0,368.0,360.0,352.0,356.0,344.0,315.0,341.0,334.0,318.0,303.0,284.0,272.0,255.0,244.0,233.0,222.0,315.0,224.0,216.0,223.0,221.0,227.0,218.0,211.0,225.0,227.0,219.0,319.0,204.0,196.0,177.0,160.0,148.0,145.0,135.0,123.0,104.0,92.0,315.0,76.0,55.0,44.0,36.0,25.0,15.0,12.0,6.0,4.0,5.0,437.0,391.0,302.0,299.0,303.0,304.0,301.0,299.0,309.0,298.0,310.0,330.0,368.0,335.0,443.0,587.0,695.0,769.0,798.0,801.0,778.0,727.0,704.0,348.0,693.0,699.0,653.0,608.0,586.0,568.0,546.0,507.0,481.0,475.0,330.0,473.0,466.0,471.0,455.0,460.0,458.0,452.0,442.0,439.0,435.0,314.0,431.0,438.0,439.0,428.0,416.0,420.0,414.0,412.0,410.0,399.0,304.0,374.0,367.0,357.0,346.0,328.0,313.0,288.0,283.0,280.0,259.0,302.0,250.0,249.0,254.0,253.0,254.0,254.0,244.0,255.0,248.0,231.0,301.0,230.0,223.0,201.0,179.0,163.0,170.0,167.0,158.0,145.0,123.0,301.0,104.0,88.0,75.0,66.0,50.0,41.0,32.0,29.0,17.0,43.0
Valby,2055,453.0,411.0,310.0,310.0,315.0,312.0,314.0,311.0,318.0,319.0,327.0,343.0,377.0,360.0,353.0,463.0,597.0,675.0,715.0,744.0,743.0,734.0,689.0,353.0,675.0,669.0,683.0,650.0,618.0,597.0,565.0,547.0,500.0,481.0,339.0,460.0,467.0,454.0,468.0,455.0,448.0,431.0,423.0,404.0,397.0,327.0,385.0,381.0,376.0,377.0,362.0,361.0,358.0,348.0,350.0,351.0,313.0,343.0,338.0,325.0,306.0,294.0,278.0,266.0,247.0,243.0,228.0,313.0,217.0,219.0,212.0,221.0,218.0,219.0,215.0,208.0,220.0,221.0,316.0,211.0,198.0,190.0,168.0,149.0,143.0,132.0,118.0,115.0,94.0,312.0,82.0,60.0,47.0,39.0,26.0,16.0,12.0,7.0,4.0,5.0,434.0,387.0,298.0,296.0,300.0,301.0,299.0,297.0,307.0,297.0,309.0,328.0,365.0,328.0,436.0,581.0,692.0,770.0,801.0,802.0,781.0,755.0,697.0,345.0,682.0,658.0,659.0,607.0,581.0,563.0,542.0,518.0,487.0,474.0,327.0,464.0,453.0,452.0,454.0,450.0,462.0,450.0,442.0,440.0,433.0,312.0,427.0,429.0,431.0,425.0,421.0,414.0,412.0,406.0,403.0,406.0,302.0,386.0,368.0,362.0,348.0,339.0,323.0,305.0,282.0,277.0,269.0,300.0,257.0,246.0,245.0,250.0,249.0,249.0,249.0,241.0,250.0,238.0,298.0,231.0,224.0,215.0,194.0,171.0,155.0,162.0,160.0,149.0,131.0,298.0,112.0,95.0,75.0,70.0,54.0,41.0,34.0,29.0,19.0,44.0
Valby,2056,450.0,408.0,307.0,306.0,312.0,308.0,312.0,309.0,316.0,317.0,325.0,341.0,374.0,356.0,346.0,456.0,592.0,673.0,715.0,746.0,743.0,736.0,711.0,351.0,670.0,659.0,644.0,657.0,614.0,592.0,564.0,537.0,516.0,483.0,336.0,463.0,452.0,448.0,444.0,454.0,436.0,436.0,419.0,410.0,397.0,325.0,384.0,381.0,372.0,369.0,363.0,358.0,351.0,345.0,345.0,345.0,311.0,350.0,339.0,329.0,313.0,298.0,289.0,272.0,258.0,246.0,237.0,311.0,224.0,213.0,214.0,209.0,217.0,210.0,217.0,212.0,204.0,215.0,313.0,213.0,205.0,192.0,180.0,157.0,144.0,130.0,115.0,111.0,103.0,309.0,84.0,65.0,51.0,41.0,29.0,17.0,13.0,7.0,4.0,6.0,431.0,384.0,295.0,293.0,296.0,298.0,296.0,295.0,305.0,295.0,308.0,326.0,362.0,322.0,428.0,575.0,688.0,768.0,801.0,805.0,781.0,758.0,724.0,343.0,675.0,648.0,621.0,612.0,581.0,559.0,537.0,514.0,498.0,479.0,325.0,463.0,444.0,440.0,436.0,450.0,452.0,454.0,440.0,440.0,435.0,309.0,425.0,425.0,421.0,417.0,418.0,419.0,406.0,404.0,397.0,400.0,300.0,393.0,379.0,363.0,353.0,340.0,334.0,315.0,299.0,276.0,267.0,298.0,267.0,252.0,242.0,241.0,246.0,244.0,244.0,246.0,237.0,240.0,296.0,238.0,225.0,216.0,206.0,185.0,162.0,148.0,155.0,151.0,135.0,296.0,119.0,102.0,81.0,69.0,58.0,45.0,34.0,31.0,19.0,45.0
Valby,2057,448.0,405.0,304.0,303.0,309.0,305.0,308.0,306.0,313.0,315.0,323.0,340.0,371.0,352.0,339.0,448.0,587.0,670.0,713.0,746.0,745.0,737.0,713.0,348.0,692.0,655.0,635.0,621.0,622.0,588.0,559.0,536.0,508.0,499.0,334.0,466.0,455.0,434.0,439.0,431.0,435.0,424.0,424.0,406.0,403.0,323.0,384.0,380.0,372.0,364.0,356.0,359.0,349.0,339.0,343.0,341.0,309.0,345.0,346.0,331.0,317.0,304.0,292.0,282.0,263.0,256.0,241.0,309.0,233.0,219.0,208.0,212.0,206.0,210.0,208.0,213.0,208.0,199.0,312.0,208.0,208.0,198.0,182.0,168.0,152.0,131.0,113.0,108.0,100.0,307.0,93.0,67.0,55.0,45.0,30.0,18.0,14.0,8.0,4.0,6.0,430.0,382.0,293.0,290.0,293.0,295.0,293.0,292.0,303.0,293.0,306.0,324.0,360.0,316.0,421.0,568.0,683.0,766.0,801.0,806.0,783.0,759.0,727.0,340.0,701.0,641.0,612.0,577.0,586.0,558.0,533.0,510.0,494.0,490.0,323.0,468.0,444.0,432.0,424.0,432.0,452.0,445.0,444.0,438.0,435.0,307.0,427.0,423.0,418.0,407.0,410.0,416.0,411.0,398.0,395.0,394.0,298.0,387.0,387.0,374.0,354.0,345.0,336.0,326.0,309.0,292.0,266.0,296.0,265.0,262.0,248.0,238.0,237.0,241.0,239.0,241.0,241.0,227.0,294.0,239.0,231.0,217.0,208.0,197.0,175.0,155.0,142.0,146.0,137.0,294.0,123.0,109.0,88.0,75.0,58.0,48.0,37.0,32.0,20.0,47.0
Valby,2058,447.0,404.0,302.0,301.0,306.0,302.0,305.0,303.0,310.0,312.0,321.0,338.0,369.0,348.0,332.0,442.0,581.0,666.0,712.0,746.0,746.0,739.0,714.0,346.0,695.0,677.0,632.0,613.0,588.0,596.0,556.0,532.0,507.0,491.0,332.0,481.0,457.0,437.0,424.0,426.0,412.0,423.0,412.0,411.0,399.0,321.0,390.0,380.0,371.0,365.0,351.0,351.0,350.0,336.0,337.0,339.0,307.0,340.0,341.0,338.0,319.0,309.0,299.0,286.0,273.0,262.0,251.0,307.0,236.0,228.0,214.0,206.0,209.0,200.0,208.0,205.0,209.0,203.0,310.0,192.0,202.0,201.0,188.0,171.0,162.0,138.0,114.0,106.0,97.0,305.0,90.0,74.0,57.0,49.0,33.0,20.0,15.0,8.0,5.0,7.0,429.0,381.0,291.0,288.0,291.0,292.0,290.0,289.0,300.0,291.0,304.0,322.0,358.0,310.0,413.0,561.0,678.0,763.0,800.0,806.0,784.0,761.0,729.0,338.0,705.0,666.0,606.0,569.0,553.0,564.0,533.0,507.0,491.0,488.0,320.0,479.0,449.0,431.0,416.0,420.0,433.0,444.0,435.0,442.0,433.0,306.0,427.0,425.0,416.0,405.0,401.0,409.0,409.0,403.0,389.0,392.0,297.0,381.0,381.0,382.0,365.0,347.0,341.0,327.0,319.0,302.0,282.0,294.0,264.0,260.0,258.0,244.0,235.0,233.0,236.0,236.0,237.0,232.0,292.0,227.0,233.0,223.0,209.0,198.0,187.0,167.0,148.0,134.0,132.0,292.0,126.0,112.0,93.0,81.0,63.0,48.0,39.0,34.0,20.0,49.0
Valby,2059,447.0,403.0,300.0,299.0,304.0,299.0,302.0,300.0,308.0,310.0,319.0,335.0,368.0,344.0,326.0,435.0,576.0,662.0,709.0,744.0,745.0,740.0,717.0,344.0,696.0,680.0,653.0,609.0,580.0,564.0,563.0,529.0,503.0,491.0,330.0,474.0,472.0,439.0,428.0,412.0,407.0,401.0,411.0,399.0,404.0,319.0,386.0,386.0,371.0,364.0,352.0,347.0,342.0,337.0,334.0,332.0,306.0,338.0,336.0,333.0,325.0,310.0,303.0,292.0,277.0,272.0,256.0,305.0,246.0,231.0,223.0,213.0,204.0,202.0,198.0,205.0,201.0,204.0,308.0,196.0,187.0,195.0,191.0,176.0,165.0,148.0,121.0,107.0,96.0,303.0,88.0,72.0,63.0,51.0,36.0,22.0,16.0,9.0,5.0,7.0,428.0,380.0,290.0,286.0,288.0,289.0,287.0,286.0,297.0,288.0,302.0,319.0,356.0,304.0,406.0,554.0,673.0,759.0,797.0,804.0,784.0,762.0,731.0,336.0,706.0,669.0,629.0,564.0,546.0,533.0,539.0,507.0,488.0,484.0,319.0,477.0,460.0,437.0,416.0,412.0,422.0,426.0,434.0,433.0,437.0,304.0,425.0,425.0,418.0,403.0,398.0,400.0,401.0,400.0,394.0,386.0,295.0,379.0,375.0,376.0,372.0,357.0,342.0,332.0,321.0,312.0,291.0,293.0,279.0,260.0,256.0,254.0,241.0,230.0,228.0,234.0,233.0,228.0,291.0,231.0,221.0,224.0,215.0,199.0,188.0,178.0,160.0,139.0,122.0,290.0,121.0,115.0,97.0,87.0,68.0,52.0,39.0,36.0,22.0,50.0
Valby,2060,446.0,402.0,299.0,297.0,302.0,297.0,300.0,297.0,304.0,307.0,316.0,333.0,368.0,339.0,320.0,428.0,570.0,657.0,705.0,741.0,743.0,739.0,717.0,343.0,699.0,681.0,656.0,629.0,577.0,557.0,533.0,536.0,500.0,487.0,329.0,473.0,465.0,454.0,430.0,415.0,394.0,396.0,390.0,398.0,392.0,317.0,391.0,383.0,377.0,364.0,351.0,348.0,339.0,330.0,335.0,330.0,304.0,332.0,335.0,328.0,321.0,317.0,304.0,296.0,283.0,276.0,266.0,304.0,252.0,241.0,227.0,222.0,210.0,197.0,200.0,195.0,201.0,197.0,306.0,198.0,191.0,181.0,186.0,179.0,170.0,151.0,130.0,113.0,97.0,302.0,87.0,71.0,61.0,56.0,38.0,24.0,18.0,10.0,5.0,8.0,428.0,380.0,288.0,284.0,287.0,287.0,284.0,283.0,294.0,286.0,299.0,316.0,356.0,299.0,399.0,547.0,667.0,755.0,794.0,802.0,782.0,762.0,732.0,335.0,709.0,670.0,632.0,585.0,541.0,526.0,509.0,512.0,488.0,481.0,317.0,473.0,457.0,447.0,421.0,412.0,414.0,415.0,416.0,433.0,428.0,302.0,429.0,424.0,419.0,405.0,397.0,397.0,392.0,393.0,392.0,391.0,293.0,374.0,373.0,370.0,367.0,364.0,353.0,334.0,326.0,314.0,301.0,291.0,289.0,275.0,256.0,252.0,250.0,236.0,225.0,225.0,230.0,224.0,289.0,228.0,225.0,213.0,216.0,205.0,189.0,180.0,171.0,151.0,127.0,289.0,112.0,111.0,99.0,90.0,72.0,56.0,43.0,37.0,24.0,52.0
Vanløse,2026,224.0,213.0,231.0,204.0,180.0,208.0,212.0,241.0,220.0,229.0,206.0,224.0,241.0,235.0,249.0,312.0,356.0,420.0,400.0,444.0,451.0,519.0,428.0,191.0,460.0,448.0,395.0,380.0,370.0,350.0,328.0,314.0,268.0,262.0,208.0,273.0,250.0,227.0,243.0,242.0,231.0,250.0,263.0,247.0,263.0,205.0,323.0,253.0,243.0,243.0,253.0,245.0,218.0,219.0,206.0,227.0,183.0,235.0,218.0,220.0,180.0,207.0,187.0,138.0,154.0,167.0,156.0,182.0,153.0,146.0,126.0,108.0,127.0,122.0,99.0,126.0,136.0,100.0,189.0,78.0,53.0,63.0,60.0,52.0,43.0,35.0,31.0,24.0,17.0,195.0,9.0,12.0,12.0,5.0,3.0,4.0,2.0,1.0,1.0,1.0,214.0,205.0,187.0,189.0,195.0,206.0,195.0,203.0,228.0,200.0,214.0,224.0,178.0,245.0,276.0,358.0,393.0,401.0,456.0,458.0,495.0,468.0,458.0,192.0,452.0,435.0,368.0,345.0,340.0,353.0,293.0,295.0,259.0,263.0,222.0,274.0,258.0,255.0,261.0,234.0,292.0,281.0,236.0,248.0,267.0,181.0,259.0,274.0,267.0,300.0,248.0,205.0,219.0,224.0,235.0,231.0,211.0,219.0,215.0,238.0,238.0,184.0,179.0,161.0,192.0,180.0,169.0,169.0,173.0,169.0,139.0,133.0,131.0,158.0,152.0,141.0,142.0,137.0,150.0,114.0,100.0,84.0,75.0,69.0,59.0,62.0,49.0,49.0,38.0,166.0,34.0,20.0,20.0,19.0,15.0,5.0,12.0,4.0,2.0,10.0
Vanløse,2027,251.0,205.0,195.0,227.0,206.0,181.0,208.0,214.0,244.0,223.0,230.0,223.0,208.0,237.0,277.0,319.0,365.0,398.0,440.0,422.0,462.0,475.0,510.0,218.0,426.0,440.0,434.0,378.0,377.0,354.0,339.0,322.0,307.0,264.0,188.0,255.0,265.0,243.0,226.0,241.0,240.0,230.0,251.0,263.0,247.0,200.0,263.0,316.0,258.0,242.0,242.0,248.0,241.0,220.0,219.0,201.0,195.0,226.0,237.0,215.0,213.0,178.0,206.0,185.0,135.0,153.0,164.0,180.0,152.0,148.0,140.0,123.0,106.0,124.0,116.0,96.0,120.0,129.0,183.0,95.0,73.0,52.0,59.0,56.0,46.0,39.0,33.0,28.0,20.0,192.0,14.0,8.0,9.0,9.0,4.0,2.0,3.0,1.0,1.0,1.0,242.0,196.0,169.0,189.0,188.0,194.0,206.0,195.0,205.0,230.0,207.0,224.0,194.0,249.0,303.0,338.0,391.0,428.0,438.0,484.0,474.0,488.0,461.0,173.0,438.0,423.0,424.0,345.0,335.0,332.0,339.0,287.0,290.0,254.0,185.0,262.0,275.0,256.0,252.0,261.0,232.0,297.0,280.0,234.0,248.0,214.0,267.0,258.0,272.0,272.0,298.0,245.0,206.0,217.0,225.0,234.0,178.0,230.0,219.0,214.0,232.0,233.0,184.0,177.0,158.0,188.0,177.0,208.0,166.0,167.0,165.0,137.0,132.0,129.0,154.0,146.0,137.0,137.0,169.0,131.0,109.0,96.0,82.0,72.0,64.0,55.0,58.0,45.0,44.0,154.0,30.0,31.0,17.0,18.0,14.0,12.0,4.0,8.0,2.0,8.0
Vanløse,2028,253.0,227.0,189.0,192.0,225.0,203.0,180.0,208.0,216.0,242.0,220.0,239.0,201.0,234.0,274.0,331.0,359.0,398.0,417.0,447.0,443.0,475.0,474.0,190.0,487.0,411.0,426.0,407.0,373.0,359.0,340.0,331.0,313.0,296.0,210.0,254.0,249.0,255.0,238.0,223.0,238.0,236.0,229.0,250.0,261.0,181.0,245.0,257.0,316.0,255.0,239.0,238.0,243.0,241.0,218.0,212.0,190.0,199.0,228.0,233.0,207.0,209.0,178.0,203.0,178.0,134.0,150.0,189.0,160.0,147.0,142.0,136.0,119.0,103.0,118.0,111.0,91.0,113.0,179.0,123.0,89.0,70.0,49.0,56.0,50.0,42.0,36.0,30.0,24.0,184.0,17.0,11.0,6.0,7.0,7.0,3.0,2.0,2.0,1.0,1.0,244.0,218.0,155.0,170.0,186.0,186.0,193.0,203.0,195.0,206.0,233.0,216.0,186.0,247.0,306.0,346.0,365.0,417.0,451.0,463.0,492.0,467.0,473.0,186.0,437.0,407.0,411.0,390.0,333.0,326.0,316.0,323.0,281.0,279.0,167.0,251.0,261.0,268.0,251.0,249.0,256.0,235.0,293.0,273.0,233.0,180.0,246.0,263.0,255.0,274.0,268.0,291.0,242.0,203.0,215.0,222.0,207.0,231.0,228.0,217.0,208.0,227.0,231.0,182.0,172.0,155.0,185.0,176.0,173.0,160.0,162.0,162.0,135.0,129.0,125.0,148.0,141.0,132.0,203.0,131.0,125.0,104.0,93.0,79.0,67.0,60.0,52.0,53.0,40.0,169.0,35.0,28.0,27.0,15.0,13.0,11.0,9.0,3.0,4.0,7.0
Vanløse,2029,254.0,228.0,181.0,187.0,192.0,222.0,202.0,182.0,210.0,215.0,238.0,232.0,219.0,246.0,270.0,323.0,361.0,389.0,410.0,425.0,458.0,458.0,470.0,184.0,455.0,456.0,398.0,400.0,395.0,354.0,344.0,331.0,321.0,301.0,184.0,282.0,247.0,240.0,248.0,233.0,220.0,233.0,234.0,229.0,247.0,199.0,258.0,239.0,259.0,308.0,250.0,234.0,233.0,243.0,238.0,210.0,172.0,209.0,202.0,224.0,224.0,204.0,209.0,175.0,196.0,176.0,132.0,185.0,147.0,155.0,142.0,138.0,132.0,116.0,98.0,113.0,106.0,86.0,187.0,108.0,114.0,85.0,66.0,46.0,50.0,45.0,38.0,33.0,26.0,180.0,20.0,13.0,8.0,5.0,5.0,6.0,2.0,1.0,2.0,2.0,244.0,219.0,169.0,157.0,169.0,184.0,185.0,190.0,202.0,196.0,211.0,237.0,204.0,239.0,300.0,344.0,365.0,392.0,436.0,468.0,473.0,481.0,453.0,179.0,443.0,403.0,396.0,378.0,370.0,323.0,311.0,303.0,312.0,272.0,178.0,274.0,250.0,256.0,261.0,248.0,244.0,256.0,233.0,285.0,269.0,162.0,231.0,243.0,260.0,257.0,269.0,263.0,286.0,237.0,201.0,212.0,174.0,219.0,230.0,227.0,212.0,205.0,225.0,227.0,176.0,169.0,153.0,202.0,180.0,166.0,156.0,159.0,158.0,132.0,125.0,121.0,144.0,136.0,172.0,126.0,125.0,119.0,102.0,89.0,73.0,62.0,56.0,48.0,47.0,201.0,33.0,32.0,24.0,23.0,12.0,11.0,9.0,6.0,1.0,8.0
Vanløse,2030,258.0,230.0,179.0,179.0,188.0,191.0,220.0,203.0,185.0,210.0,214.0,249.0,222.0,247.0,283.0,323.0,358.0,394.0,407.0,421.0,442.0,472.0,459.0,200.0,454.0,432.0,436.0,377.0,392.0,374.0,341.0,337.0,323.0,310.0,181.0,288.0,274.0,240.0,237.0,244.0,230.0,218.0,232.0,234.0,228.0,178.0,246.0,251.0,240.0,255.0,302.0,246.0,230.0,234.0,241.0,229.0,189.0,208.0,211.0,200.0,217.0,221.0,204.0,206.0,170.0,193.0,172.0,168.0,130.0,143.0,148.0,137.0,134.0,128.0,110.0,95.0,108.0,100.0,185.0,82.0,100.0,108.0,80.0,62.0,41.0,45.0,42.0,35.0,27.0,188.0,21.0,16.0,10.0,7.0,4.0,3.0,4.0,1.0,1.0,2.0,248.0,221.0,200.0,171.0,158.0,169.0,184.0,183.0,190.0,203.0,202.0,221.0,207.0,262.0,300.0,341.0,368.0,394.0,418.0,456.0,477.0,468.0,468.0,196.0,430.0,410.0,394.0,368.0,363.0,358.0,309.0,301.0,296.0,302.0,173.0,270.0,273.0,247.0,251.0,260.0,245.0,246.0,254.0,230.0,282.0,173.0,267.0,229.0,240.0,262.0,254.0,265.0,261.0,279.0,235.0,199.0,159.0,209.0,218.0,228.0,222.0,209.0,204.0,222.0,220.0,173.0,166.0,171.0,149.0,174.0,162.0,153.0,156.0,154.0,128.0,121.0,117.0,138.0,197.0,130.0,120.0,119.0,115.0,96.0,80.0,67.0,57.0,50.0,41.0,172.0,37.0,29.0,27.0,21.0,17.0,8.0,8.0,5.0,3.0,6.0
Vanløse,2031,256.0,231.0,185.0,176.0,179.0,187.0,190.0,220.0,205.0,186.0,208.0,225.0,221.0,256.0,276.0,320.0,349.0,383.0,402.0,411.0,430.0,451.0,463.0,201.0,440.0,425.0,413.0,403.0,368.0,368.0,355.0,332.0,326.0,310.0,194.0,295.0,279.0,263.0,236.0,233.0,239.0,226.0,216.0,230.0,230.0,174.0,226.0,239.0,252.0,236.0,250.0,293.0,240.0,230.0,233.0,232.0,169.0,225.0,208.0,207.0,194.0,213.0,220.0,201.0,199.0,169.0,189.0,182.0,169.0,126.0,137.0,144.0,133.0,130.0,121.0,106.0,90.0,102.0,167.0,95.0,77.0,96.0,101.0,75.0,55.0,38.0,42.0,38.0,29.0,185.0,22.0,17.0,12.0,8.0,5.0,3.0,3.0,3.0,1.0,2.0,246.0,222.0,172.0,199.0,170.0,158.0,169.0,182.0,183.0,191.0,206.0,211.0,206.0,244.0,306.0,328.0,356.0,388.0,411.0,433.0,458.0,464.0,450.0,197.0,438.0,394.0,396.0,363.0,351.0,349.0,337.0,297.0,292.0,286.0,187.0,296.0,268.0,268.0,242.0,249.0,255.0,246.0,244.0,248.0,228.0,168.0,279.0,263.0,227.0,241.0,258.0,250.0,261.0,255.0,275.0,231.0,167.0,197.0,208.0,216.0,223.0,218.0,208.0,201.0,215.0,215.0,171.0,155.0,162.0,145.0,169.0,159.0,150.0,152.0,150.0,124.0,118.0,113.0,167.0,132.0,124.0,114.0,116.0,109.0,88.0,74.0,62.0,52.0,43.0,195.0,32.0,34.0,25.0,23.0,15.0,13.0,6.0,5.0,3.0,7.0
Vanløse,2032,256.0,230.0,182.0,181.0,176.0,178.0,187.0,192.0,221.0,204.0,185.0,219.0,223.0,237.0,279.0,313.0,344.0,378.0,394.0,406.0,422.0,440.0,446.0,201.0,443.0,414.0,406.0,384.0,389.0,348.0,352.0,345.0,322.0,313.0,195.0,295.0,285.0,268.0,258.0,233.0,230.0,234.0,224.0,216.0,227.0,186.0,228.0,220.0,239.0,247.0,231.0,244.0,285.0,240.0,229.0,224.0,166.0,228.0,225.0,204.0,200.0,191.0,213.0,217.0,195.0,197.0,166.0,164.0,185.0,163.0,122.0,133.0,139.0,130.0,123.0,116.0,101.0,86.0,180.0,97.0,89.0,73.0,90.0,95.0,66.0,50.0,35.0,38.0,32.0,168.0,24.0,17.0,12.0,10.0,6.0,4.0,2.0,2.0,2.0,2.0,246.0,221.0,194.0,173.0,197.0,170.0,158.0,168.0,182.0,184.0,194.0,214.0,208.0,234.0,287.0,331.0,346.0,379.0,407.0,427.0,439.0,447.0,446.0,198.0,424.0,402.0,382.0,364.0,347.0,338.0,330.0,323.0,289.0,284.0,189.0,282.0,293.0,264.0,262.0,241.0,245.0,256.0,244.0,238.0,245.0,182.0,226.0,273.0,259.0,228.0,237.0,253.0,247.0,256.0,253.0,270.0,163.0,227.0,196.0,206.0,211.0,219.0,217.0,206.0,196.0,211.0,211.0,164.0,167.0,157.0,141.0,166.0,156.0,146.0,147.0,144.0,121.0,113.0,153.0,108.0,125.0,117.0,110.0,109.0,98.0,80.0,69.0,56.0,45.0,166.0,34.0,29.0,28.0,21.0,17.0,12.0,10.0,4.0,3.0,6.0
Vanløse,2033,254.0,230.0,166.0,179.0,181.0,176.0,178.0,189.0,194.0,219.0,201.0,198.0,223.0,231.0,262.0,308.0,339.0,374.0,393.0,401.0,418.0,433.0,435.0,203.0,428.0,416.0,397.0,377.0,373.0,365.0,334.0,343.0,333.0,310.0,196.0,299.0,286.0,274.0,263.0,253.0,230.0,227.0,232.0,223.0,213.0,188.0,224.0,221.0,222.0,235.0,242.0,226.0,239.0,283.0,238.0,221.0,178.0,221.0,228.0,220.0,197.0,197.0,192.0,210.0,210.0,193.0,193.0,162.0,163.0,179.0,157.0,119.0,130.0,136.0,123.0,119.0,111.0,97.0,163.0,82.0,91.0,85.0,69.0,84.0,84.0,60.0,47.0,33.0,32.0,179.0,26.0,19.0,13.0,11.0,7.0,4.0,3.0,1.0,1.0,3.0,245.0,221.0,166.0,193.0,173.0,195.0,169.0,158.0,170.0,183.0,189.0,203.0,208.0,233.0,277.0,312.0,348.0,371.0,400.0,424.0,432.0,430.0,431.0,200.0,419.0,391.0,389.0,353.0,348.0,335.0,320.0,317.0,313.0,282.0,189.0,280.0,280.0,288.0,259.0,260.0,237.0,247.0,253.0,238.0,236.0,183.0,243.0,223.0,269.0,259.0,226.0,233.0,251.0,243.0,253.0,248.0,177.0,265.0,226.0,195.0,201.0,207.0,218.0,215.0,201.0,193.0,207.0,161.0,205.0,162.0,154.0,139.0,163.0,152.0,142.0,142.0,140.0,116.0,160.0,109.0,104.0,119.0,113.0,104.0,99.0,90.0,75.0,62.0,49.0,152.0,36.0,31.0,24.0,24.0,16.0,13.0,9.0,6.0,2.0,6.0
Vanløse,2034,252.0,229.0,176.0,163.0,180.0,180.0,176.0,180.0,191.0,194.0,215.0,211.0,223.0,212.0,249.0,291.0,331.0,371.0,388.0,400.0,412.0,428.0,429.0,203.0,418.0,403.0,398.0,370.0,366.0,351.0,348.0,326.0,332.0,320.0,198.0,296.0,289.0,275.0,269.0,258.0,249.0,227.0,225.0,231.0,220.0,189.0,211.0,218.0,222.0,219.0,230.0,236.0,221.0,239.0,279.0,230.0,179.0,218.0,222.0,223.0,212.0,194.0,197.0,190.0,204.0,208.0,190.0,173.0,190.0,158.0,172.0,153.0,116.0,127.0,130.0,119.0,113.0,105.0,161.0,93.0,77.0,87.0,80.0,65.0,75.0,76.0,56.0,43.0,27.0,164.0,27.0,21.0,14.0,11.0,8.0,5.0,3.0,2.0,1.0,3.0,243.0,220.0,152.0,167.0,192.0,172.0,194.0,168.0,161.0,172.0,188.0,197.0,208.0,221.0,268.0,302.0,331.0,373.0,393.0,418.0,430.0,424.0,416.0,200.0,405.0,385.0,379.0,359.0,338.0,335.0,317.0,308.0,308.0,303.0,191.0,278.0,279.0,276.0,281.0,257.0,255.0,240.0,245.0,247.0,236.0,184.0,234.0,238.0,221.0,268.0,254.0,222.0,231.0,246.0,241.0,249.0,178.0,244.0,262.0,224.0,191.0,198.0,207.0,216.0,209.0,198.0,190.0,173.0,202.0,199.0,159.0,152.0,137.0,159.0,148.0,137.0,138.0,135.0,158.0,112.0,104.0,99.0,116.0,107.0,96.0,92.0,84.0,69.0,55.0,159.0,40.0,34.0,27.0,21.0,18.0,13.0,10.0,6.0,3.0,6.0
Vanløse,2035,250.0,228.0,161.0,173.0,164.0,179.0,180.0,178.0,183.0,192.0,193.0,224.0,223.0,220.0,230.0,273.0,316.0,361.0,387.0,395.0,413.0,424.0,424.0,204.0,413.0,394.0,386.0,371.0,360.0,345.0,336.0,338.0,317.0,320.0,198.0,305.0,287.0,279.0,270.0,264.0,254.0,245.0,225.0,225.0,227.0,191.0,217.0,206.0,219.0,218.0,215.0,225.0,231.0,221.0,237.0,268.0,180.0,227.0,219.0,219.0,216.0,208.0,194.0,195.0,185.0,203.0,205.0,175.0,187.0,185.0,153.0,167.0,149.0,114.0,121.0,125.0,114.0,108.0,172.0,101.0,87.0,74.0,82.0,75.0,58.0,68.0,71.0,51.0,36.0,163.0,23.0,22.0,16.0,12.0,8.0,6.0,4.0,2.0,1.0,2.0,241.0,218.0,159.0,154.0,167.0,190.0,172.0,192.0,170.0,164.0,179.0,196.0,207.0,214.0,252.0,287.0,323.0,358.0,396.0,412.0,425.0,422.0,410.0,200.0,393.0,373.0,374.0,350.0,343.0,326.0,317.0,305.0,300.0,299.0,192.0,298.0,277.0,275.0,270.0,279.0,254.0,257.0,238.0,240.0,245.0,186.0,234.0,230.0,235.0,222.0,263.0,249.0,221.0,227.0,244.0,237.0,179.0,245.0,243.0,259.0,218.0,188.0,198.0,204.0,211.0,206.0,195.0,175.0,186.0,196.0,194.0,156.0,149.0,135.0,155.0,143.0,134.0,133.0,170.0,130.0,107.0,99.0,96.0,110.0,98.0,89.0,86.0,77.0,60.0,158.0,44.0,38.0,29.0,24.0,16.0,15.0,10.0,7.0,3.0,6.0
Vanløse,2036,247.0,226.0,161.0,159.0,173.0,163.0,179.0,182.0,181.0,184.0,191.0,205.0,221.0,230.0,229.0,255.0,297.0,349.0,376.0,395.0,408.0,426.0,421.0,203.0,408.0,390.0,378.0,360.0,360.0,339.0,330.0,327.0,327.0,306.0,199.0,305.0,295.0,277.0,274.0,266.0,260.0,250.0,243.0,225.0,222.0,191.0,224.0,211.0,207.0,215.0,214.0,210.0,220.0,230.0,219.0,228.0,182.0,263.0,228.0,216.0,212.0,212.0,208.0,192.0,190.0,185.0,201.0,176.0,202.0,182.0,178.0,149.0,163.0,145.0,109.0,117.0,120.0,109.0,174.0,103.0,94.0,83.0,70.0,77.0,67.0,53.0,63.0,65.0,43.0,173.0,31.0,18.0,16.0,14.0,9.0,6.0,5.0,3.0,2.0,2.0,238.0,217.0,158.0,160.0,154.0,166.0,189.0,170.0,192.0,172.0,172.0,189.0,206.0,210.0,241.0,271.0,307.0,351.0,382.0,415.0,420.0,417.0,409.0,199.0,387.0,363.0,362.0,345.0,336.0,331.0,309.0,305.0,297.0,292.0,192.0,295.0,297.0,273.0,270.0,268.0,274.0,256.0,255.0,233.0,237.0,187.0,243.0,230.0,227.0,235.0,219.0,258.0,247.0,218.0,225.0,240.0,181.0,234.0,244.0,241.0,252.0,215.0,188.0,195.0,199.0,208.0,204.0,176.0,191.0,181.0,192.0,191.0,154.0,147.0,132.0,149.0,139.0,129.0,172.0,128.0,124.0,102.0,97.0,92.0,101.0,91.0,83.0,79.0,68.0,170.0,49.0,42.0,32.0,26.0,18.0,13.0,11.0,7.0,4.0,7.0
Vanløse,2037,245.0,224.0,171.0,159.0,160.0,172.0,164.0,181.0,185.0,182.0,183.0,204.0,220.0,214.0,234.0,250.0,282.0,329.0,367.0,384.0,409.0,421.0,424.0,202.0,406.0,386.0,375.0,353.0,351.0,340.0,325.0,321.0,317.0,314.0,199.0,293.0,296.0,284.0,273.0,270.0,262.0,256.0,248.0,242.0,223.0,192.0,220.0,218.0,212.0,204.0,211.0,209.0,206.0,220.0,228.0,211.0,183.0,225.0,262.0,224.0,209.0,209.0,212.0,205.0,187.0,189.0,182.0,178.0,198.0,196.0,176.0,173.0,146.0,159.0,139.0,107.0,112.0,114.0,175.0,105.0,97.0,90.0,79.0,66.0,69.0,61.0,50.0,58.0,54.0,175.0,36.0,24.0,14.0,15.0,10.0,7.0,5.0,3.0,2.0,3.0,236.0,215.0,170.0,159.0,160.0,153.0,166.0,187.0,172.0,193.0,179.0,183.0,205.0,204.0,236.0,261.0,293.0,336.0,377.0,402.0,423.0,413.0,406.0,199.0,387.0,358.0,354.0,335.0,331.0,325.0,314.0,298.0,297.0,289.0,192.0,288.0,294.0,292.0,268.0,268.0,265.0,276.0,255.0,250.0,232.0,187.0,236.0,239.0,227.0,227.0,231.0,216.0,254.0,242.0,216.0,221.0,182.0,236.0,233.0,242.0,235.0,248.0,214.0,186.0,191.0,197.0,205.0,178.0,200.0,186.0,178.0,189.0,188.0,151.0,143.0,127.0,146.0,134.0,174.0,124.0,122.0,118.0,100.0,93.0,85.0,93.0,85.0,76.0,70.0,172.0,55.0,47.0,36.0,29.0,20.0,15.0,10.0,8.0,4.0,7.0
Vanløse,2038,243.0,222.0,173.0,169.0,160.0,160.0,172.0,166.0,185.0,186.0,182.0,196.0,219.0,215.0,221.0,253.0,274.0,316.0,346.0,377.0,398.0,423.0,419.0,202.0,410.0,385.0,372.0,351.0,345.0,331.0,326.0,317.0,312.0,306.0,198.0,300.0,285.0,286.0,279.0,269.0,266.0,258.0,254.0,248.0,239.0,192.0,221.0,215.0,219.0,209.0,200.0,206.0,205.0,207.0,219.0,220.0,184.0,208.0,226.0,256.0,216.0,206.0,209.0,209.0,199.0,186.0,187.0,179.0,180.0,193.0,190.0,172.0,170.0,143.0,152.0,134.0,102.0,108.0,177.0,110.0,98.0,93.0,85.0,75.0,59.0,63.0,57.0,46.0,49.0,176.0,45.0,29.0,19.0,13.0,11.0,7.0,5.0,3.0,2.0,3.0,234.0,213.0,172.0,171.0,159.0,159.0,153.0,165.0,188.0,174.0,198.0,189.0,204.0,200.0,232.0,256.0,284.0,322.0,361.0,398.0,411.0,416.0,402.0,198.0,385.0,359.0,350.0,328.0,323.0,320.0,308.0,302.0,290.0,289.0,191.0,285.0,287.0,290.0,286.0,267.0,265.0,267.0,274.0,250.0,248.0,188.0,231.0,232.0,235.0,228.0,224.0,227.0,215.0,249.0,239.0,213.0,183.0,218.0,235.0,231.0,236.0,231.0,246.0,212.0,182.0,188.0,194.0,179.0,201.0,195.0,183.0,175.0,186.0,183.0,148.0,138.0,125.0,141.0,176.0,129.0,119.0,117.0,116.0,96.0,86.0,79.0,88.0,78.0,68.0,173.0,57.0,52.0,40.0,32.0,22.0,16.0,11.0,7.0,4.0,8.0
Vanløse,2039,240.0,220.0,175.0,171.0,170.0,160.0,160.0,174.0,170.0,186.0,185.0,195.0,217.0,207.0,221.0,242.0,276.0,306.0,335.0,356.0,391.0,411.0,422.0,200.0,405.0,388.0,371.0,348.0,342.0,326.0,318.0,317.0,308.0,301.0,197.0,292.0,290.0,275.0,281.0,275.0,265.0,262.0,256.0,253.0,245.0,192.0,237.0,216.0,216.0,215.0,205.0,196.0,202.0,205.0,205.0,211.0,184.0,216.0,209.0,221.0,247.0,213.0,206.0,207.0,203.0,197.0,183.0,179.0,184.0,176.0,186.0,185.0,168.0,166.0,137.0,147.0,129.0,99.0,178.0,104.0,103.0,94.0,88.0,81.0,67.0,54.0,59.0,53.0,39.0,179.0,41.0,36.0,22.0,17.0,10.0,8.0,6.0,3.0,2.0,4.0,231.0,211.0,174.0,173.0,171.0,159.0,159.0,153.0,167.0,190.0,180.0,205.0,202.0,202.0,229.0,254.0,279.0,313.0,347.0,381.0,407.0,405.0,405.0,196.0,382.0,356.0,350.0,325.0,316.0,312.0,304.0,298.0,295.0,283.0,190.0,285.0,284.0,284.0,284.0,284.0,264.0,268.0,266.0,268.0,248.0,187.0,246.0,227.0,229.0,236.0,224.0,220.0,225.0,211.0,246.0,235.0,183.0,210.0,217.0,233.0,226.0,232.0,230.0,243.0,206.0,180.0,186.0,180.0,191.0,196.0,191.0,181.0,173.0,182.0,179.0,143.0,136.0,121.0,177.0,135.0,124.0,114.0,114.0,110.0,88.0,80.0,74.0,80.0,69.0,176.0,55.0,53.0,45.0,36.0,25.0,18.0,12.0,8.0,4.0,8.0
Vanløse,2040,237.0,218.0,177.0,173.0,173.0,170.0,160.0,162.0,177.0,172.0,185.0,197.0,215.0,206.0,211.0,243.0,268.0,308.0,323.0,345.0,370.0,406.0,410.0,199.0,408.0,384.0,374.0,347.0,340.0,324.0,312.0,310.0,308.0,297.0,196.0,287.0,284.0,280.0,271.0,277.0,271.0,262.0,260.0,255.0,250.0,191.0,242.0,231.0,217.0,213.0,211.0,200.0,193.0,201.0,203.0,198.0,184.0,207.0,217.0,205.0,214.0,243.0,213.0,204.0,201.0,202.0,194.0,180.0,181.0,180.0,170.0,182.0,181.0,165.0,159.0,133.0,141.0,123.0,179.0,95.0,97.0,99.0,89.0,83.0,72.0,61.0,51.0,54.0,45.0,180.0,33.0,33.0,27.0,19.0,13.0,7.0,6.0,4.0,3.0,4.0,229.0,209.0,176.0,175.0,173.0,171.0,159.0,158.0,154.0,169.0,195.0,189.0,200.0,213.0,228.0,253.0,279.0,309.0,337.0,367.0,389.0,402.0,394.0,195.0,384.0,354.0,349.0,325.0,313.0,306.0,296.0,293.0,290.0,287.0,189.0,279.0,284.0,281.0,278.0,282.0,280.0,267.0,266.0,260.0,266.0,186.0,247.0,242.0,225.0,230.0,232.0,220.0,218.0,220.0,210.0,241.0,183.0,231.0,210.0,216.0,228.0,223.0,231.0,227.0,236.0,203.0,178.0,180.0,183.0,186.0,193.0,189.0,179.0,170.0,178.0,173.0,141.0,131.0,178.0,117.0,130.0,118.0,111.0,108.0,101.0,82.0,75.0,68.0,71.0,176.0,56.0,52.0,46.0,40.0,27.0,20.0,14.0,9.0,4.0,9.0
Vanløse,2041,235.0,215.0,178.0,175.0,174.0,172.0,170.0,163.0,166.0,177.0,172.0,198.0,213.0,206.0,208.0,233.0,272.0,303.0,325.0,334.0,360.0,383.0,405.0,197.0,397.0,387.0,371.0,350.0,339.0,322.0,311.0,305.0,301.0,298.0,195.0,284.0,279.0,274.0,275.0,267.0,273.0,267.0,260.0,260.0,253.0,190.0,248.0,236.0,232.0,214.0,209.0,206.0,196.0,193.0,200.0,196.0,183.0,196.0,208.0,212.0,199.0,211.0,242.0,211.0,199.0,200.0,199.0,179.0,192.0,177.0,174.0,167.0,179.0,178.0,158.0,154.0,128.0,135.0,179.0,119.0,90.0,94.0,94.0,85.0,75.0,66.0,58.0,47.0,46.0,181.0,38.0,26.0,25.0,24.0,14.0,10.0,6.0,4.0,3.0,4.0,226.0,207.0,177.0,177.0,175.0,173.0,171.0,158.0,159.0,157.0,176.0,202.0,198.0,199.0,234.0,251.0,281.0,311.0,335.0,358.0,376.0,384.0,392.0,194.0,375.0,356.0,346.0,324.0,313.0,303.0,291.0,286.0,286.0,283.0,188.0,283.0,278.0,281.0,275.0,277.0,279.0,283.0,266.0,261.0,258.0,185.0,264.0,243.0,239.0,226.0,227.0,228.0,218.0,214.0,218.0,206.0,182.0,237.0,230.0,208.0,211.0,224.0,222.0,228.0,222.0,232.0,201.0,180.0,175.0,178.0,183.0,191.0,187.0,176.0,166.0,172.0,169.0,136.0,178.0,127.0,113.0,124.0,116.0,106.0,100.0,94.0,78.0,69.0,60.0,177.0,58.0,53.0,45.0,41.0,31.0,23.0,16.0,10.0,5.0,9.0
Vanløse,2042,232.0,213.0,179.0,176.0,176.0,174.0,172.0,173.0,167.0,167.0,176.0,185.0,211.0,206.0,205.0,229.0,262.0,309.0,322.0,336.0,348.0,375.0,383.0,195.0,393.0,376.0,374.0,347.0,343.0,321.0,309.0,304.0,297.0,291.0,193.0,284.0,276.0,269.0,269.0,271.0,264.0,269.0,265.0,260.0,257.0,189.0,250.0,241.0,237.0,228.0,210.0,205.0,202.0,196.0,192.0,193.0,182.0,193.0,197.0,204.0,206.0,196.0,211.0,239.0,205.0,198.0,198.0,179.0,196.0,187.0,171.0,170.0,164.0,175.0,170.0,154.0,148.0,123.0,179.0,130.0,111.0,87.0,89.0,89.0,76.0,68.0,62.0,53.0,40.0,181.0,39.0,30.0,20.0,22.0,18.0,11.0,7.0,4.0,3.0,4.0,223.0,204.0,178.0,178.0,178.0,175.0,173.0,169.0,160.0,161.0,163.0,185.0,196.0,208.0,222.0,253.0,278.0,315.0,338.0,356.0,367.0,371.0,374.0,192.0,372.0,348.0,349.0,322.0,312.0,304.0,289.0,281.0,279.0,279.0,187.0,280.0,282.0,275.0,275.0,274.0,273.0,282.0,282.0,261.0,259.0,184.0,257.0,260.0,240.0,240.0,223.0,223.0,226.0,214.0,211.0,214.0,181.0,204.0,235.0,228.0,204.0,208.0,223.0,220.0,223.0,219.0,229.0,179.0,197.0,171.0,175.0,180.0,188.0,183.0,172.0,161.0,168.0,163.0,178.0,131.0,122.0,108.0,121.0,110.0,98.0,93.0,88.0,71.0,62.0,178.0,50.0,55.0,46.0,40.0,32.0,25.0,17.0,11.0,5.0,10.0
Vanløse,2043,229.0,211.0,179.0,177.0,178.0,176.0,174.0,175.0,176.0,168.0,167.0,188.0,209.0,196.0,203.0,224.0,259.0,300.0,331.0,334.0,350.0,362.0,375.0,194.0,372.0,373.0,363.0,350.0,340.0,325.0,308.0,302.0,296.0,287.0,192.0,278.0,276.0,267.0,265.0,266.0,267.0,260.0,268.0,264.0,257.0,188.0,254.0,244.0,242.0,233.0,224.0,206.0,201.0,201.0,195.0,185.0,181.0,190.0,194.0,193.0,198.0,202.0,196.0,209.0,231.0,205.0,196.0,178.0,196.0,192.0,181.0,167.0,167.0,162.0,168.0,166.0,148.0,142.0,178.0,119.0,122.0,107.0,83.0,85.0,80.0,70.0,64.0,57.0,45.0,181.0,34.0,31.0,23.0,18.0,16.0,13.0,8.0,5.0,3.0,5.0,220.0,202.0,178.0,179.0,179.0,177.0,175.0,172.0,171.0,162.0,167.0,172.0,194.0,194.0,226.0,243.0,279.0,313.0,344.0,360.0,365.0,362.0,362.0,190.0,356.0,346.0,341.0,324.0,311.0,303.0,289.0,279.0,275.0,272.0,185.0,276.0,279.0,279.0,270.0,274.0,270.0,276.0,280.0,276.0,259.0,183.0,258.0,253.0,256.0,241.0,236.0,219.0,221.0,221.0,212.0,208.0,180.0,211.0,203.0,233.0,222.0,201.0,207.0,221.0,215.0,219.0,216.0,178.0,224.0,192.0,168.0,173.0,179.0,185.0,179.0,166.0,158.0,163.0,177.0,157.0,126.0,117.0,106.0,115.0,102.0,91.0,87.0,81.0,64.0,177.0,50.0,47.0,47.0,41.0,31.0,26.0,20.0,13.0,6.0,11.0
Vanløse,2044,226.0,208.0,179.0,178.0,179.0,177.0,176.0,177.0,179.0,178.0,168.0,179.0,207.0,195.0,193.0,221.0,255.0,298.0,323.0,344.0,350.0,365.0,363.0,192.0,365.0,354.0,361.0,341.0,343.0,322.0,312.0,302.0,295.0,286.0,190.0,275.0,270.0,267.0,262.0,261.0,262.0,263.0,259.0,267.0,262.0,186.0,255.0,248.0,245.0,239.0,229.0,219.0,202.0,201.0,200.0,188.0,180.0,183.0,190.0,191.0,188.0,195.0,202.0,194.0,203.0,229.0,202.0,177.0,193.0,191.0,185.0,177.0,164.0,164.0,155.0,164.0,159.0,142.0,178.0,137.0,112.0,118.0,102.0,79.0,76.0,73.0,66.0,59.0,49.0,180.0,38.0,27.0,24.0,20.0,13.0,12.0,10.0,5.0,4.0,5.0,218.0,200.0,178.0,180.0,180.0,179.0,177.0,174.0,174.0,173.0,169.0,175.0,192.0,180.0,215.0,245.0,272.0,313.0,342.0,367.0,369.0,361.0,355.0,188.0,346.0,332.0,340.0,317.0,313.0,302.0,289.0,280.0,273.0,268.0,184.0,269.0,275.0,275.0,274.0,268.0,270.0,274.0,275.0,275.0,274.0,181.0,258.0,254.0,250.0,258.0,238.0,232.0,218.0,218.0,219.0,209.0,179.0,205.0,210.0,202.0,227.0,219.0,201.0,205.0,216.0,212.0,217.0,178.0,212.0,218.0,189.0,166.0,171.0,175.0,181.0,174.0,164.0,153.0,177.0,157.0,151.0,121.0,115.0,102.0,107.0,95.0,86.0,80.0,72.0,177.0,52.0,48.0,41.0,42.0,32.0,26.0,20.0,14.0,7.0,12.0
Vanløse,2045,224.0,206.0,179.0,177.0,179.0,179.0,178.0,179.0,181.0,181.0,178.0,181.0,205.0,187.0,187.0,213.0,253.0,294.0,321.0,336.0,360.0,365.0,365.0,190.0,353.0,348.0,343.0,339.0,334.0,326.0,310.0,306.0,294.0,285.0,189.0,274.0,267.0,261.0,263.0,259.0,258.0,259.0,262.0,259.0,264.0,185.0,259.0,248.0,249.0,242.0,234.0,224.0,215.0,203.0,200.0,193.0,179.0,185.0,184.0,187.0,185.0,185.0,196.0,200.0,189.0,203.0,226.0,176.0,200.0,189.0,185.0,181.0,173.0,161.0,158.0,152.0,158.0,153.0,177.0,137.0,129.0,108.0,112.0,97.0,71.0,70.0,69.0,61.0,51.0,179.0,41.0,31.0,21.0,21.0,15.0,10.0,10.0,7.0,4.0,6.0,215.0,197.0,178.0,180.0,180.0,180.0,179.0,176.0,176.0,176.0,180.0,176.0,190.0,180.0,198.0,238.0,274.0,307.0,342.0,365.0,377.0,366.0,354.0,186.0,339.0,322.0,326.0,316.0,307.0,304.0,288.0,280.0,274.0,267.0,182.0,266.0,268.0,272.0,270.0,272.0,265.0,273.0,272.0,270.0,273.0,180.0,272.0,254.0,251.0,252.0,254.0,235.0,230.0,214.0,216.0,216.0,178.0,206.0,204.0,208.0,198.0,224.0,218.0,199.0,200.0,213.0,210.0,177.0,213.0,206.0,214.0,187.0,165.0,168.0,172.0,176.0,171.0,159.0,176.0,148.0,151.0,144.0,119.0,110.0,94.0,99.0,89.0,79.0,71.0,176.0,59.0,50.0,42.0,37.0,33.0,26.0,20.0,15.0,8.0,13.0
Vanløse,2046,221.0,204.0,178.0,177.0,179.0,179.0,179.0,181.0,184.0,183.0,180.0,191.0,202.0,188.0,179.0,203.0,248.0,293.0,318.0,335.0,353.0,377.0,366.0,188.0,356.0,337.0,338.0,322.0,332.0,317.0,313.0,303.0,298.0,285.0,187.0,273.0,267.0,258.0,257.0,259.0,256.0,254.0,257.0,261.0,257.0,183.0,262.0,253.0,250.0,246.0,237.0,229.0,220.0,215.0,202.0,193.0,178.0,190.0,186.0,181.0,181.0,182.0,186.0,194.0,195.0,188.0,200.0,175.0,223.0,195.0,183.0,181.0,178.0,170.0,155.0,155.0,147.0,152.0,176.0,148.0,130.0,125.0,103.0,106.0,87.0,66.0,66.0,64.0,52.0,179.0,43.0,33.0,24.0,19.0,16.0,11.0,8.0,6.0,6.0,6.0,213.0,195.0,177.0,179.0,180.0,180.0,180.0,178.0,178.0,178.0,183.0,188.0,188.0,180.0,196.0,221.0,270.0,309.0,337.0,364.0,375.0,374.0,358.0,184.0,338.0,315.0,317.0,304.0,306.0,298.0,290.0,279.0,274.0,268.0,180.0,264.0,265.0,265.0,267.0,269.0,269.0,268.0,272.0,267.0,268.0,179.0,272.0,268.0,251.0,253.0,248.0,250.0,233.0,226.0,213.0,212.0,176.0,212.0,205.0,202.0,203.0,195.0,223.0,215.0,194.0,198.0,210.0,175.0,206.0,207.0,203.0,212.0,185.0,162.0,164.0,167.0,173.0,166.0,175.0,154.0,143.0,145.0,141.0,114.0,102.0,88.0,94.0,82.0,71.0,176.0,59.0,56.0,44.0,37.0,28.0,27.0,20.0,14.0,8.0,15.0
Vanløse,2047,220.0,201.0,177.0,176.0,179.0,179.0,179.0,182.0,185.0,185.0,182.0,193.0,200.0,197.0,178.0,196.0,236.0,291.0,316.0,332.0,352.0,369.0,378.0,186.0,357.0,339.0,327.0,317.0,316.0,316.0,305.0,307.0,296.0,289.0,185.0,273.0,266.0,258.0,254.0,254.0,256.0,252.0,253.0,257.0,258.0,182.0,254.0,256.0,254.0,247.0,241.0,233.0,225.0,220.0,214.0,195.0,176.0,191.0,191.0,183.0,175.0,179.0,183.0,184.0,188.0,194.0,186.0,174.0,198.0,218.0,189.0,179.0,178.0,175.0,164.0,151.0,149.0,142.0,175.0,147.0,140.0,126.0,119.0,98.0,96.0,81.0,63.0,61.0,55.0,178.0,44.0,35.0,26.0,21.0,14.0,12.0,9.0,5.0,5.0,8.0,211.0,193.0,176.0,179.0,180.0,180.0,180.0,179.0,179.0,181.0,185.0,190.0,186.0,189.0,194.0,218.0,252.0,308.0,338.0,360.0,373.0,371.0,367.0,182.0,342.0,315.0,311.0,295.0,294.0,297.0,284.0,281.0,273.0,268.0,178.0,265.0,264.0,262.0,261.0,265.0,266.0,272.0,267.0,267.0,265.0,177.0,267.0,268.0,265.0,253.0,250.0,244.0,248.0,229.0,224.0,209.0,175.0,209.0,211.0,203.0,198.0,200.0,195.0,220.0,210.0,192.0,196.0,174.0,207.0,201.0,204.0,201.0,209.0,181.0,159.0,159.0,164.0,168.0,174.0,160.0,148.0,137.0,142.0,134.0,106.0,95.0,83.0,86.0,73.0,175.0,58.0,56.0,49.0,39.0,29.0,24.0,21.0,15.0,8.0,16.0
Vanløse,2048,218.0,200.0,176.0,176.0,178.0,179.0,179.0,183.0,186.0,187.0,185.0,195.0,198.0,199.0,183.0,194.0,230.0,276.0,316.0,330.0,348.0,368.0,370.0,184.0,368.0,341.0,329.0,307.0,312.0,300.0,304.0,299.0,299.0,287.0,183.0,277.0,266.0,257.0,254.0,251.0,251.0,253.0,251.0,253.0,254.0,180.0,256.0,248.0,257.0,251.0,243.0,236.0,228.0,225.0,219.0,206.0,175.0,192.0,192.0,188.0,177.0,173.0,179.0,181.0,179.0,188.0,191.0,172.0,184.0,193.0,211.0,185.0,177.0,175.0,168.0,160.0,146.0,144.0,173.0,137.0,139.0,136.0,120.0,113.0,89.0,88.0,76.0,58.0,53.0,177.0,46.0,35.0,27.0,23.0,16.0,11.0,10.0,6.0,4.0,8.0,210.0,192.0,175.0,178.0,179.0,180.0,180.0,179.0,181.0,182.0,187.0,192.0,184.0,190.0,203.0,215.0,249.0,288.0,339.0,361.0,369.0,370.0,364.0,180.0,350.0,319.0,310.0,289.0,286.0,286.0,284.0,275.0,275.0,267.0,176.0,265.0,265.0,261.0,258.0,259.0,262.0,269.0,270.0,262.0,265.0,175.0,264.0,263.0,265.0,266.0,250.0,246.0,243.0,243.0,227.0,220.0,173.0,206.0,208.0,210.0,199.0,195.0,199.0,193.0,214.0,207.0,190.0,173.0,192.0,201.0,198.0,201.0,199.0,205.0,178.0,154.0,157.0,159.0,173.0,162.0,155.0,142.0,135.0,135.0,124.0,99.0,90.0,77.0,77.0,174.0,60.0,56.0,49.0,44.0,30.0,24.0,19.0,15.0,8.0,17.0
Vanløse,2049,217.0,198.0,175.0,175.0,177.0,178.0,179.0,183.0,187.0,188.0,186.0,198.0,197.0,200.0,183.0,200.0,229.0,270.0,300.0,332.0,347.0,365.0,370.0,182.0,361.0,352.0,331.0,309.0,302.0,296.0,289.0,297.0,292.0,290.0,181.0,275.0,269.0,257.0,253.0,251.0,248.0,248.0,251.0,251.0,250.0,178.0,252.0,249.0,250.0,254.0,246.0,238.0,232.0,228.0,224.0,211.0,173.0,203.0,194.0,189.0,182.0,175.0,174.0,177.0,176.0,179.0,186.0,171.0,189.0,180.0,187.0,206.0,182.0,174.0,169.0,164.0,154.0,141.0,172.0,139.0,130.0,135.0,129.0,115.0,103.0,82.0,83.0,70.0,50.0,175.0,45.0,37.0,27.0,24.0,17.0,12.0,9.0,6.0,5.0,8.0,209.0,190.0,174.0,177.0,179.0,179.0,180.0,179.0,181.0,183.0,189.0,194.0,182.0,189.0,203.0,225.0,247.0,285.0,318.0,363.0,370.0,366.0,362.0,179.0,348.0,326.0,314.0,289.0,280.0,278.0,272.0,275.0,270.0,269.0,174.0,264.0,265.0,262.0,256.0,256.0,256.0,265.0,268.0,265.0,260.0,173.0,263.0,260.0,260.0,267.0,263.0,246.0,244.0,239.0,241.0,224.0,172.0,217.0,206.0,207.0,205.0,196.0,194.0,197.0,189.0,211.0,205.0,171.0,187.0,187.0,198.0,195.0,199.0,195.0,201.0,172.0,152.0,152.0,171.0,154.0,157.0,149.0,140.0,129.0,125.0,116.0,94.0,83.0,69.0,172.0,64.0,58.0,48.0,44.0,34.0,26.0,19.0,13.0,8.0,17.0
Vanløse,2050,215.0,197.0,174.0,174.0,177.0,177.0,178.0,182.0,187.0,188.0,187.0,199.0,195.0,201.0,182.0,200.0,237.0,270.0,295.0,314.0,349.0,363.0,366.0,181.0,361.0,346.0,342.0,311.0,304.0,287.0,285.0,283.0,290.0,283.0,179.0,278.0,267.0,261.0,253.0,250.0,248.0,245.0,246.0,251.0,248.0,176.0,248.0,246.0,251.0,247.0,249.0,241.0,233.0,232.0,227.0,216.0,171.0,209.0,205.0,191.0,184.0,180.0,175.0,172.0,172.0,176.0,177.0,169.0,184.0,185.0,174.0,184.0,202.0,179.0,167.0,165.0,158.0,148.0,171.0,137.0,132.0,127.0,129.0,124.0,104.0,95.0,78.0,77.0,60.0,174.0,43.0,36.0,29.0,25.0,18.0,13.0,10.0,6.0,5.0,8.0,207.0,189.0,173.0,176.0,178.0,179.0,179.0,179.0,181.0,184.0,190.0,196.0,181.0,190.0,202.0,225.0,258.0,284.0,315.0,341.0,372.0,367.0,359.0,177.0,346.0,324.0,321.0,293.0,280.0,273.0,265.0,264.0,269.0,264.0,173.0,267.0,264.0,262.0,257.0,255.0,253.0,259.0,264.0,263.0,264.0,171.0,259.0,260.0,257.0,262.0,263.0,259.0,245.0,240.0,237.0,237.0,170.0,220.0,216.0,205.0,202.0,202.0,195.0,192.0,193.0,187.0,209.0,169.0,201.0,183.0,184.0,196.0,194.0,196.0,191.0,195.0,170.0,148.0,170.0,148.0,149.0,151.0,146.0,135.0,120.0,118.0,109.0,87.0,74.0,171.0,57.0,60.0,50.0,44.0,34.0,29.0,20.0,14.0,7.0,18.0
Vanløse,2051,214.0,196.0,173.0,173.0,175.0,176.0,178.0,182.0,186.0,188.0,188.0,200.0,194.0,201.0,181.0,199.0,237.0,279.0,294.0,309.0,330.0,366.0,364.0,180.0,358.0,345.0,336.0,321.0,305.0,289.0,276.0,279.0,276.0,282.0,178.0,271.0,270.0,259.0,257.0,250.0,247.0,245.0,243.0,246.0,248.0,174.0,246.0,241.0,247.0,248.0,243.0,244.0,236.0,234.0,231.0,220.0,169.0,213.0,210.0,201.0,185.0,181.0,180.0,174.0,168.0,172.0,174.0,167.0,175.0,180.0,179.0,171.0,181.0,199.0,173.0,164.0,159.0,153.0,169.0,143.0,129.0,128.0,121.0,124.0,112.0,96.0,90.0,72.0,66.0,172.0,52.0,35.0,28.0,26.0,19.0,14.0,10.0,6.0,5.0,9.0,206.0,188.0,172.0,175.0,177.0,178.0,179.0,178.0,181.0,183.0,190.0,196.0,180.0,189.0,201.0,225.0,259.0,296.0,312.0,337.0,350.0,369.0,360.0,176.0,343.0,322.0,319.0,299.0,283.0,272.0,260.0,257.0,259.0,263.0,171.0,261.0,266.0,261.0,257.0,256.0,252.0,256.0,258.0,259.0,261.0,170.0,262.0,255.0,256.0,259.0,259.0,259.0,257.0,241.0,238.0,233.0,168.0,234.0,220.0,215.0,200.0,199.0,201.0,193.0,188.0,190.0,185.0,168.0,205.0,196.0,180.0,182.0,194.0,191.0,192.0,186.0,191.0,165.0,168.0,143.0,143.0,143.0,149.0,141.0,125.0,113.0,111.0,101.0,78.0,169.0,62.0,55.0,53.0,45.0,34.0,29.0,22.0,15.0,8.0,18.0
Vanløse,2052,212.0,194.0,171.0,171.0,174.0,175.0,177.0,181.0,186.0,188.0,188.0,201.0,193.0,201.0,180.0,198.0,237.0,280.0,304.0,308.0,324.0,346.0,367.0,178.0,355.0,342.0,335.0,315.0,315.0,290.0,278.0,270.0,273.0,268.0,176.0,269.0,263.0,261.0,255.0,254.0,247.0,244.0,243.0,243.0,243.0,173.0,246.0,240.0,243.0,244.0,243.0,238.0,240.0,237.0,233.0,223.0,168.0,217.0,215.0,206.0,195.0,183.0,182.0,178.0,169.0,167.0,170.0,166.0,172.0,171.0,174.0,176.0,168.0,178.0,191.0,169.0,158.0,154.0,167.0,148.0,136.0,126.0,123.0,116.0,112.0,104.0,91.0,83.0,62.0,171.0,57.0,42.0,27.0,26.0,20.0,15.0,11.0,6.0,5.0,9.0,205.0,186.0,170.0,173.0,175.0,176.0,178.0,177.0,180.0,183.0,190.0,197.0,179.0,187.0,200.0,225.0,259.0,298.0,326.0,334.0,345.0,347.0,362.0,175.0,343.0,319.0,317.0,297.0,290.0,276.0,260.0,252.0,252.0,253.0,170.0,261.0,260.0,263.0,256.0,256.0,253.0,255.0,255.0,253.0,257.0,168.0,259.0,258.0,252.0,258.0,255.0,255.0,257.0,252.0,239.0,235.0,166.0,230.0,233.0,219.0,210.0,198.0,199.0,199.0,189.0,185.0,188.0,166.0,182.0,199.0,193.0,178.0,181.0,191.0,187.0,186.0,183.0,185.0,166.0,160.0,139.0,137.0,141.0,143.0,131.0,118.0,107.0,103.0,90.0,168.0,65.0,60.0,49.0,47.0,35.0,29.0,23.0,17.0,8.0,18.0
Vanløse,2053,211.0,193.0,169.0,170.0,173.0,174.0,176.0,180.0,185.0,187.0,188.0,200.0,191.0,200.0,178.0,196.0,238.0,281.0,306.0,319.0,323.0,340.0,347.0,177.0,359.0,340.0,332.0,314.0,310.0,299.0,279.0,272.0,264.0,264.0,175.0,256.0,262.0,254.0,257.0,252.0,250.0,244.0,242.0,243.0,240.0,172.0,241.0,240.0,241.0,240.0,240.0,238.0,234.0,240.0,236.0,225.0,166.0,220.0,218.0,211.0,200.0,193.0,184.0,180.0,173.0,169.0,166.0,164.0,168.0,168.0,166.0,171.0,173.0,166.0,172.0,187.0,163.0,153.0,165.0,150.0,140.0,132.0,120.0,118.0,106.0,104.0,98.0,85.0,72.0,169.0,54.0,46.0,32.0,25.0,19.0,16.0,11.0,7.0,6.0,9.0,203.0,185.0,168.0,172.0,174.0,175.0,176.0,176.0,179.0,182.0,190.0,196.0,177.0,185.0,198.0,224.0,260.0,299.0,328.0,348.0,342.0,342.0,341.0,173.0,346.0,319.0,315.0,295.0,288.0,282.0,263.0,252.0,247.0,246.0,169.0,251.0,260.0,258.0,258.0,255.0,253.0,256.0,254.0,250.0,251.0,167.0,255.0,256.0,255.0,253.0,254.0,251.0,253.0,253.0,250.0,236.0,165.0,231.0,229.0,231.0,214.0,207.0,197.0,197.0,195.0,186.0,184.0,164.0,185.0,177.0,196.0,191.0,177.0,178.0,187.0,181.0,184.0,177.0,164.0,180.0,154.0,134.0,135.0,136.0,133.0,123.0,111.0,99.0,92.0,166.0,75.0,62.0,52.0,44.0,37.0,30.0,23.0,17.0,9.0,18.0
Vanløse,2054,210.0,192.0,168.0,168.0,171.0,173.0,174.0,179.0,184.0,187.0,187.0,200.0,190.0,199.0,176.0,195.0,237.0,282.0,307.0,320.0,334.0,339.0,342.0,176.0,339.0,344.0,330.0,312.0,309.0,294.0,288.0,273.0,266.0,256.0,174.0,253.0,249.0,253.0,251.0,254.0,248.0,247.0,242.0,242.0,240.0,171.0,238.0,235.0,241.0,238.0,235.0,235.0,233.0,234.0,239.0,228.0,165.0,222.0,222.0,215.0,205.0,198.0,194.0,182.0,176.0,173.0,167.0,163.0,165.0,165.0,163.0,163.0,169.0,170.0,160.0,168.0,180.0,158.0,164.0,149.0,142.0,136.0,126.0,115.0,107.0,98.0,99.0,92.0,73.0,167.0,62.0,44.0,36.0,29.0,19.0,15.0,12.0,7.0,6.0,9.0,202.0,184.0,167.0,170.0,172.0,174.0,175.0,175.0,178.0,182.0,189.0,196.0,176.0,183.0,196.0,223.0,260.0,300.0,329.0,351.0,356.0,339.0,336.0,172.0,325.0,322.0,315.0,293.0,286.0,280.0,269.0,255.0,247.0,242.0,168.0,244.0,250.0,257.0,253.0,257.0,252.0,256.0,255.0,249.0,249.0,166.0,250.0,252.0,253.0,256.0,250.0,250.0,250.0,249.0,251.0,246.0,164.0,232.0,231.0,228.0,226.0,211.0,207.0,195.0,193.0,192.0,185.0,163.0,180.0,180.0,175.0,194.0,189.0,174.0,175.0,182.0,179.0,178.0,163.0,172.0,173.0,148.0,132.0,130.0,126.0,125.0,117.0,104.0,89.0,164.0,77.0,71.0,55.0,47.0,35.0,31.0,23.0,17.0,9.0,19.0
Vanløse,2055,208.0,191.0,166.0,166.0,170.0,171.0,173.0,178.0,183.0,186.0,186.0,199.0,189.0,197.0,173.0,193.0,236.0,282.0,309.0,321.0,336.0,350.0,340.0,175.0,334.0,325.0,334.0,310.0,307.0,294.0,283.0,282.0,267.0,258.0,173.0,245.0,246.0,241.0,250.0,248.0,251.0,245.0,246.0,242.0,240.0,169.0,238.0,232.0,236.0,238.0,234.0,231.0,230.0,234.0,233.0,231.0,164.0,225.0,224.0,218.0,209.0,203.0,199.0,192.0,178.0,176.0,171.0,161.0,166.0,161.0,160.0,160.0,161.0,166.0,164.0,157.0,162.0,174.0,162.0,153.0,141.0,138.0,130.0,121.0,105.0,100.0,94.0,93.0,79.0,166.0,63.0,50.0,34.0,32.0,22.0,15.0,12.0,8.0,6.0,10.0,201.0,183.0,165.0,168.0,171.0,172.0,174.0,174.0,177.0,181.0,188.0,195.0,175.0,181.0,193.0,221.0,260.0,301.0,331.0,352.0,358.0,353.0,333.0,171.0,321.0,303.0,318.0,293.0,284.0,278.0,267.0,261.0,250.0,242.0,167.0,240.0,243.0,247.0,253.0,252.0,254.0,255.0,255.0,250.0,248.0,165.0,247.0,246.0,249.0,254.0,253.0,246.0,249.0,246.0,247.0,247.0,163.0,243.0,232.0,230.0,223.0,223.0,211.0,205.0,191.0,191.0,190.0,162.0,181.0,176.0,177.0,173.0,192.0,186.0,171.0,170.0,180.0,174.0,162.0,173.0,166.0,167.0,146.0,127.0,121.0,119.0,118.0,108.0,93.0,163.0,74.0,73.0,63.0,49.0,37.0,30.0,25.0,17.0,9.0,20.0
Vanløse,2056,208.0,189.0,164.0,165.0,168.0,169.0,172.0,176.0,182.0,185.0,185.0,198.0,188.0,195.0,171.0,191.0,235.0,282.0,309.0,323.0,337.0,352.0,351.0,174.0,332.0,320.0,316.0,314.0,305.0,292.0,283.0,277.0,276.0,259.0,172.0,247.0,238.0,238.0,237.0,247.0,244.0,248.0,244.0,246.0,240.0,168.0,237.0,232.0,234.0,233.0,234.0,229.0,226.0,231.0,233.0,226.0,163.0,228.0,226.0,221.0,212.0,206.0,204.0,197.0,187.0,178.0,174.0,161.0,170.0,162.0,156.0,157.0,158.0,159.0,160.0,161.0,151.0,157.0,161.0,168.0,146.0,138.0,133.0,125.0,110.0,98.0,95.0,88.0,80.0,164.0,68.0,51.0,39.0,31.0,24.0,18.0,12.0,8.0,7.0,10.0,200.0,182.0,163.0,167.0,169.0,171.0,172.0,173.0,176.0,180.0,187.0,194.0,174.0,178.0,191.0,219.0,259.0,301.0,332.0,354.0,358.0,355.0,347.0,170.0,318.0,299.0,300.0,296.0,284.0,276.0,265.0,259.0,256.0,245.0,166.0,239.0,239.0,241.0,243.0,252.0,249.0,257.0,254.0,250.0,249.0,164.0,246.0,244.0,243.0,250.0,251.0,249.0,244.0,245.0,244.0,243.0,162.0,244.0,242.0,231.0,225.0,220.0,223.0,209.0,200.0,189.0,189.0,161.0,187.0,177.0,173.0,175.0,172.0,189.0,182.0,166.0,168.0,175.0,160.0,169.0,167.0,160.0,164.0,141.0,118.0,114.0,112.0,110.0,98.0,161.0,78.0,72.0,64.0,56.0,39.0,32.0,23.0,18.0,9.0,20.0
Vanløse,2057,207.0,189.0,163.0,163.0,166.0,168.0,170.0,175.0,180.0,183.0,184.0,197.0,187.0,193.0,168.0,188.0,234.0,282.0,310.0,324.0,338.0,353.0,353.0,173.0,344.0,319.0,312.0,297.0,309.0,290.0,281.0,277.0,271.0,268.0,171.0,248.0,240.0,230.0,235.0,234.0,243.0,241.0,247.0,244.0,243.0,168.0,237.0,232.0,234.0,231.0,229.0,229.0,225.0,227.0,230.0,225.0,162.0,223.0,230.0,223.0,214.0,210.0,207.0,202.0,192.0,187.0,176.0,160.0,173.0,166.0,157.0,153.0,155.0,156.0,153.0,157.0,156.0,147.0,160.0,153.0,160.0,142.0,132.0,128.0,114.0,102.0,93.0,88.0,76.0,163.0,69.0,55.0,40.0,36.0,24.0,19.0,14.0,8.0,7.0,11.0,199.0,181.0,162.0,165.0,167.0,169.0,171.0,171.0,175.0,178.0,186.0,193.0,173.0,175.0,188.0,217.0,258.0,301.0,332.0,355.0,360.0,356.0,349.0,169.0,331.0,297.0,296.0,279.0,287.0,276.0,264.0,257.0,255.0,250.0,165.0,242.0,239.0,236.0,236.0,242.0,249.0,252.0,256.0,249.0,249.0,163.0,247.0,243.0,241.0,244.0,247.0,247.0,247.0,240.0,243.0,240.0,161.0,240.0,244.0,241.0,226.0,222.0,220.0,220.0,204.0,198.0,187.0,160.0,185.0,182.0,174.0,171.0,174.0,169.0,185.0,177.0,164.0,163.0,160.0,169.0,164.0,161.0,158.0,158.0,131.0,111.0,108.0,105.0,99.0,160.0,82.0,75.0,63.0,58.0,44.0,33.0,25.0,17.0,10.0,21.0
Vanløse,2058,207.0,188.0,162.0,162.0,165.0,166.0,168.0,173.0,179.0,182.0,183.0,196.0,186.0,191.0,166.0,186.0,233.0,281.0,309.0,324.0,339.0,355.0,354.0,172.0,346.0,330.0,311.0,293.0,293.0,294.0,279.0,275.0,271.0,264.0,170.0,257.0,241.0,232.0,227.0,232.0,231.0,241.0,240.0,247.0,241.0,167.0,241.0,232.0,233.0,231.0,227.0,225.0,225.0,225.0,226.0,222.0,161.0,222.0,225.0,227.0,217.0,212.0,211.0,206.0,197.0,192.0,185.0,159.0,175.0,169.0,161.0,154.0,152.0,153.0,151.0,151.0,152.0,151.0,159.0,143.0,145.0,156.0,136.0,127.0,117.0,106.0,97.0,87.0,77.0,162.0,66.0,57.0,44.0,37.0,27.0,19.0,15.0,9.0,7.0,12.0,199.0,180.0,161.0,164.0,166.0,167.0,169.0,170.0,173.0,177.0,185.0,191.0,172.0,173.0,186.0,215.0,256.0,300.0,332.0,355.0,361.0,357.0,350.0,168.0,333.0,309.0,293.0,276.0,271.0,279.0,264.0,256.0,253.0,249.0,164.0,248.0,242.0,236.0,232.0,235.0,239.0,252.0,251.0,251.0,248.0,162.0,247.0,244.0,240.0,242.0,241.0,243.0,245.0,243.0,238.0,239.0,160.0,236.0,240.0,242.0,235.0,223.0,222.0,218.0,215.0,202.0,196.0,159.0,184.0,181.0,179.0,172.0,170.0,171.0,166.0,180.0,175.0,160.0,159.0,158.0,164.0,158.0,159.0,152.0,146.0,123.0,106.0,100.0,94.0,160.0,83.0,79.0,66.0,57.0,46.0,37.0,26.0,19.0,10.0,22.0
Vanløse,2059,207.0,188.0,161.0,161.0,164.0,165.0,167.0,171.0,177.0,181.0,182.0,195.0,186.0,189.0,163.0,184.0,231.0,280.0,309.0,324.0,339.0,356.0,356.0,172.0,347.0,332.0,321.0,292.0,289.0,279.0,283.0,274.0,270.0,264.0,169.0,253.0,250.0,234.0,229.0,224.0,229.0,228.0,239.0,240.0,244.0,166.0,239.0,235.0,233.0,230.0,227.0,222.0,220.0,226.0,224.0,219.0,161.0,220.0,224.0,222.0,221.0,214.0,213.0,209.0,200.0,197.0,190.0,158.0,184.0,171.0,164.0,158.0,153.0,150.0,148.0,148.0,146.0,148.0,159.0,147.0,136.0,142.0,149.0,131.0,116.0,109.0,101.0,91.0,76.0,161.0,66.0,54.0,45.0,40.0,28.0,22.0,15.0,10.0,8.0,12.0,199.0,181.0,160.0,163.0,165.0,166.0,167.0,168.0,171.0,175.0,184.0,190.0,172.0,170.0,183.0,213.0,255.0,300.0,332.0,355.0,361.0,358.0,352.0,168.0,334.0,310.0,305.0,274.0,268.0,264.0,267.0,256.0,252.0,248.0,163.0,247.0,248.0,239.0,232.0,231.0,232.0,242.0,251.0,246.0,250.0,161.0,246.0,244.0,241.0,242.0,239.0,237.0,241.0,242.0,241.0,235.0,159.0,236.0,236.0,239.0,237.0,232.0,223.0,219.0,213.0,213.0,200.0,158.0,193.0,180.0,178.0,178.0,171.0,168.0,168.0,162.0,177.0,170.0,158.0,155.0,154.0,158.0,156.0,153.0,141.0,138.0,117.0,98.0,90.0,159.0,79.0,81.0,70.0,60.0,45.0,39.0,30.0,20.0,10.0,22.0
Vanløse,2060,207.0,188.0,160.0,160.0,163.0,164.0,165.0,170.0,176.0,179.0,180.0,193.0,186.0,187.0,161.0,181.0,229.0,278.0,308.0,323.0,339.0,356.0,357.0,171.0,349.0,333.0,323.0,302.0,288.0,276.0,269.0,278.0,268.0,262.0,169.0,253.0,246.0,242.0,230.0,226.0,221.0,226.0,227.0,239.0,237.0,165.0,242.0,233.0,237.0,230.0,227.0,223.0,218.0,221.0,225.0,217.0,160.0,216.0,222.0,221.0,216.0,218.0,216.0,212.0,204.0,200.0,195.0,157.0,189.0,180.0,166.0,161.0,157.0,151.0,145.0,145.0,143.0,142.0,158.0,144.0,140.0,133.0,136.0,144.0,120.0,109.0,104.0,95.0,79.0,161.0,66.0,54.0,42.0,41.0,31.0,23.0,17.0,10.0,9.0,13.0,200.0,180.0,160.0,162.0,164.0,165.0,166.0,166.0,170.0,174.0,182.0,188.0,172.0,168.0,180.0,211.0,253.0,298.0,331.0,355.0,361.0,359.0,353.0,167.0,335.0,311.0,307.0,284.0,265.0,261.0,253.0,259.0,252.0,247.0,162.0,246.0,247.0,245.0,235.0,231.0,228.0,235.0,241.0,246.0,245.0,161.0,248.0,243.0,241.0,242.0,239.0,236.0,236.0,237.0,240.0,238.0,159.0,231.0,235.0,235.0,233.0,234.0,232.0,221.0,215.0,211.0,211.0,158.0,197.0,188.0,177.0,177.0,177.0,169.0,164.0,163.0,160.0,172.0,157.0,165.0,151.0,148.0,157.0,151.0,142.0,133.0,131.0,109.0,89.0,158.0,76.0,77.0,71.0,63.0,48.0,39.0,31.0,22.0,11.0,23.0
Vesterbro/Kongens Enghave,2026,694.0,584.0,319.0,325.0,314.0,326.0,294.0,318.0,295.0,315.0,358.0,326.0,509.0,336.0,535.0,726.0,848.0,971.0,1038.0,1049.0,1163.0,1194.0,1171.0,476.0,1268.0,1147.0,1152.0,1075.0,1029.0,977.0,902.0,849.0,781.0,696.0,466.0,656.0,617.0,573.0,564.0,537.0,566.0,561.0,563.0,523.0,563.0,377.0,559.0,584.0,568.0,603.0,545.0,534.0,455.0,489.0,455.0,458.0,400.0,445.0,374.0,374.0,309.0,289.0,253.0,252.0,240.0,250.0,198.0,338.0,171.0,141.0,158.0,157.0,157.0,117.0,122.0,118.0,127.0,100.0,343.0,113.0,79.0,59.0,78.0,39.0,40.0,31.0,19.0,13.0,10.0,316.0,7.0,5.0,5.0,0.0,1.0,4.0,0.0,0.0,0.0,0.0,706.0,583.0,319.0,305.0,292.0,300.0,289.0,304.0,332.0,346.0,302.0,356.0,468.0,407.0,580.0,911.0,1050.0,1126.0,1238.0,1156.0,1266.0,1217.0,1295.0,420.0,1221.0,1243.0,1086.0,1102.0,1019.0,935.0,919.0,788.0,690.0,673.0,441.0,672.0,575.0,531.0,558.0,541.0,563.0,558.0,504.0,505.0,510.0,355.0,571.0,570.0,534.0,488.0,468.0,438.0,424.0,387.0,375.0,384.0,364.0,374.0,322.0,315.0,272.0,280.0,252.0,241.0,228.0,207.0,208.0,339.0,176.0,175.0,186.0,148.0,181.0,151.0,146.0,163.0,120.0,139.0,316.0,98.0,101.0,94.0,57.0,54.0,57.0,44.0,43.0,23.0,24.0,321.0,21.0,5.0,14.0,14.0,8.0,8.0,3.0,1.0,2.0,6.0
Vesterbro/Kongens Enghave,2027,739.0,617.0,316.0,312.0,322.0,314.0,328.0,299.0,323.0,308.0,325.0,385.0,515.0,386.0,500.0,736.0,854.0,928.0,1044.0,1096.0,1141.0,1214.0,1200.0,454.0,1175.0,1228.0,1107.0,1117.0,1025.0,977.0,916.0,843.0,814.0,747.0,433.0,671.0,631.0,598.0,557.0,559.0,522.0,555.0,560.0,555.0,520.0,426.0,561.0,575.0,588.0,574.0,607.0,535.0,529.0,449.0,478.0,453.0,353.0,453.0,439.0,371.0,371.0,303.0,279.0,251.0,246.0,236.0,241.0,385.0,188.0,166.0,141.0,157.0,150.0,151.0,113.0,117.0,111.0,119.0,333.0,97.0,106.0,74.0,58.0,72.0,36.0,35.0,28.0,18.0,13.0,342.0,7.0,5.0,4.0,2.0,0.0,1.0,2.0,0.0,0.0,0.0,697.0,617.0,324.0,321.0,302.0,294.0,303.0,299.0,308.0,346.0,363.0,339.0,511.0,454.0,600.0,858.0,1022.0,1143.0,1203.0,1277.0,1210.0,1271.0,1233.0,415.0,1269.0,1177.0,1166.0,1035.0,1039.0,958.0,902.0,868.0,765.0,661.0,386.0,648.0,649.0,563.0,533.0,551.0,526.0,564.0,555.0,508.0,519.0,406.0,513.0,570.0,573.0,534.0,496.0,468.0,433.0,422.0,387.0,379.0,342.0,388.0,366.0,319.0,306.0,273.0,279.0,248.0,246.0,225.0,204.0,358.0,206.0,172.0,175.0,183.0,146.0,175.0,151.0,143.0,155.0,118.0,330.0,136.0,96.0,98.0,92.0,56.0,53.0,57.0,44.0,44.0,26.0,316.0,24.0,18.0,8.0,13.0,14.0,8.0,8.0,4.0,2.0,6.0
Vesterbro/Kongens Enghave,2028,740.0,651.0,335.0,305.0,305.0,316.0,310.0,324.0,300.0,325.0,311.0,348.0,538.0,431.0,531.0,695.0,878.0,914.0,995.0,1092.0,1165.0,1177.0,1208.0,454.0,1184.0,1142.0,1164.0,1076.0,1047.0,969.0,908.0,850.0,804.0,771.0,408.0,705.0,641.0,603.0,571.0,544.0,536.0,509.0,545.0,546.0,544.0,394.0,513.0,565.0,574.0,589.0,573.0,591.0,526.0,513.0,438.0,471.0,392.0,443.0,443.0,430.0,364.0,359.0,290.0,273.0,243.0,240.0,226.0,339.0,227.0,180.0,162.0,138.0,147.0,142.0,142.0,108.0,109.0,102.0,370.0,115.0,91.0,97.0,72.0,54.0,64.0,31.0,30.0,25.0,15.0,328.0,10.0,5.0,3.0,2.0,2.0,0.0,1.0,1.0,0.0,0.0,698.0,607.0,315.0,321.0,313.0,298.0,292.0,305.0,298.0,318.0,358.0,383.0,535.0,437.0,647.0,881.0,979.0,1114.0,1201.0,1233.0,1295.0,1222.0,1264.0,445.0,1208.0,1196.0,1105.0,1098.0,977.0,968.0,908.0,846.0,824.0,721.0,377.0,628.0,618.0,620.0,554.0,518.0,529.0,516.0,554.0,548.0,514.0,354.0,513.0,509.0,568.0,562.0,530.0,492.0,456.0,425.0,412.0,382.0,381.0,378.0,375.0,358.0,308.0,303.0,270.0,271.0,247.0,239.0,218.0,333.0,198.0,197.0,169.0,170.0,178.0,139.0,171.0,146.0,135.0,149.0,343.0,114.0,129.0,92.0,93.0,85.0,52.0,49.0,52.0,41.0,41.0,323.0,21.0,18.0,17.0,6.0,11.0,11.0,7.0,6.0,4.0,5.0
Vesterbro/Kongens Enghave,2029,766.0,666.0,324.0,327.0,303.0,304.0,316.0,312.0,326.0,308.0,331.0,344.0,575.0,414.0,590.0,745.0,871.0,951.0,999.0,1074.0,1185.0,1215.0,1199.0,484.0,1206.0,1168.0,1111.0,1141.0,1031.0,999.0,917.0,857.0,824.0,774.0,417.0,737.0,678.0,621.0,583.0,562.0,528.0,528.0,505.0,537.0,540.0,379.0,541.0,521.0,567.0,582.0,590.0,564.0,581.0,516.0,500.0,435.0,370.0,462.0,437.0,438.0,422.0,355.0,345.0,286.0,267.0,238.0,232.0,381.0,216.0,218.0,177.0,160.0,132.0,141.0,135.0,136.0,101.0,102.0,333.0,99.0,108.0,86.0,95.0,67.0,49.0,56.0,27.0,28.0,24.0,366.0,12.0,7.0,3.0,2.0,2.0,2.0,0.0,0.0,1.0,0.0,722.0,621.0,325.0,317.0,318.0,313.0,300.0,297.0,306.0,311.0,337.0,386.0,539.0,485.0,659.0,942.0,1012.0,1097.0,1192.0,1247.0,1282.0,1316.0,1247.0,475.0,1250.0,1167.0,1134.0,1067.0,1049.0,931.0,929.0,862.0,819.0,784.0,409.0,689.0,610.0,601.0,612.0,545.0,505.0,523.0,514.0,553.0,556.0,352.0,513.0,512.0,514.0,562.0,560.0,528.0,484.0,453.0,418.0,408.0,341.0,382.0,369.0,370.0,348.0,307.0,301.0,264.0,272.0,243.0,235.0,373.0,214.0,192.0,196.0,167.0,167.0,172.0,140.0,167.0,140.0,132.0,324.0,145.0,112.0,125.0,90.0,89.0,81.0,53.0,50.0,52.0,43.0,340.0,38.0,19.0,20.0,15.0,8.0,10.0,11.0,7.0,7.0,7.0
Vesterbro/Kongens Enghave,2030,772.0,681.0,358.0,316.0,322.0,302.0,304.0,317.0,314.0,331.0,314.0,362.0,583.0,423.0,585.0,792.0,907.0,944.0,1022.0,1069.0,1161.0,1221.0,1218.0,510.0,1188.0,1173.0,1126.0,1083.0,1077.0,981.0,935.0,861.0,825.0,788.0,439.0,738.0,706.0,651.0,599.0,571.0,541.0,518.0,520.0,497.0,529.0,384.0,533.0,544.0,520.0,570.0,581.0,577.0,554.0,565.0,502.0,492.0,354.0,425.0,449.0,428.0,428.0,410.0,340.0,336.0,278.0,261.0,229.0,356.0,220.0,206.0,212.0,173.0,151.0,126.0,135.0,129.0,126.0,93.0,369.0,97.0,93.0,99.0,84.0,86.0,60.0,42.0,47.0,25.0,23.0,329.0,16.0,8.0,4.0,2.0,2.0,2.0,1.0,0.0,0.0,1.0,729.0,634.0,338.0,325.0,313.0,317.0,313.0,305.0,298.0,317.0,330.0,372.0,546.0,502.0,709.0,951.0,1055.0,1113.0,1171.0,1226.0,1281.0,1300.0,1315.0,475.0,1226.0,1191.0,1104.0,1082.0,1019.0,989.0,892.0,877.0,828.0,779.0,432.0,743.0,662.0,593.0,594.0,596.0,529.0,500.0,518.0,512.0,561.0,376.0,551.0,509.0,512.0,509.0,559.0,555.0,517.0,478.0,443.0,411.0,334.0,403.0,371.0,364.0,358.0,347.0,304.0,293.0,265.0,267.0,237.0,333.0,228.0,207.0,190.0,190.0,163.0,159.0,169.0,136.0,158.0,134.0,359.0,126.0,138.0,106.0,118.0,83.0,81.0,74.0,47.0,45.0,48.0,320.0,34.0,28.0,17.0,16.0,13.0,6.0,9.0,9.0,7.0,8.0
Vesterbro/Kongens Enghave,2031,786.0,690.0,325.0,347.0,312.0,321.0,304.0,307.0,319.0,319.0,334.0,348.0,599.0,440.0,607.0,801.0,958.0,982.0,1025.0,1094.0,1162.0,1205.0,1228.0,519.0,1208.0,1160.0,1133.0,1099.0,1031.0,1023.0,926.0,878.0,832.0,793.0,463.0,754.0,709.0,678.0,628.0,589.0,552.0,530.0,511.0,511.0,491.0,406.0,522.0,538.0,543.0,525.0,569.0,570.0,568.0,541.0,550.0,495.0,360.0,478.0,416.0,441.0,421.0,416.0,392.0,334.0,326.0,272.0,252.0,342.0,219.0,212.0,202.0,208.0,165.0,145.0,121.0,130.0,121.0,118.0,346.0,91.0,92.0,87.0,97.0,78.0,79.0,52.0,37.0,42.0,22.0,364.0,17.0,11.0,5.0,2.0,2.0,2.0,1.0,1.0,0.0,1.0,743.0,642.0,321.0,339.0,321.0,314.0,319.0,317.0,306.0,308.0,335.0,368.0,560.0,500.0,746.0,1003.0,1073.0,1157.0,1188.0,1214.0,1266.0,1303.0,1306.0,484.0,1286.0,1174.0,1126.0,1061.0,1033.0,967.0,947.0,848.0,844.0,789.0,435.0,742.0,713.0,642.0,588.0,581.0,578.0,524.0,496.0,516.0,522.0,398.0,556.0,546.0,512.0,507.0,509.0,555.0,543.0,510.0,468.0,435.0,357.0,407.0,390.0,365.0,354.0,357.0,343.0,298.0,294.0,261.0,261.0,327.0,232.0,222.0,206.0,187.0,186.0,158.0,158.0,165.0,130.0,152.0,322.0,130.0,122.0,131.0,103.0,110.0,78.0,78.0,71.0,47.0,45.0,353.0,42.0,28.0,28.0,15.0,16.0,12.0,6.0,8.0,9.0,10.0
Vesterbro/Kongens Enghave,2032,801.0,705.0,358.0,318.0,342.0,312.0,323.0,309.0,311.0,324.0,324.0,364.0,609.0,433.0,622.0,830.0,969.0,1033.0,1063.0,1102.0,1189.0,1207.0,1216.0,534.0,1221.0,1178.0,1124.0,1105.0,1046.0,985.0,964.0,875.0,849.0,803.0,473.0,761.0,725.0,684.0,656.0,616.0,571.0,540.0,523.0,503.0,504.0,428.0,486.0,528.0,536.0,547.0,525.0,559.0,562.0,554.0,527.0,541.0,381.0,482.0,465.0,408.0,431.0,409.0,398.0,382.0,324.0,318.0,263.0,349.0,241.0,211.0,207.0,198.0,196.0,158.0,139.0,117.0,122.0,113.0,334.0,113.0,86.0,85.0,85.0,89.0,71.0,67.0,45.0,34.0,36.0,343.0,17.0,11.0,7.0,3.0,2.0,2.0,1.0,1.0,1.0,1.0,757.0,655.0,352.0,323.0,334.0,322.0,317.0,325.0,318.0,318.0,327.0,371.0,569.0,501.0,750.0,1046.0,1116.0,1178.0,1228.0,1229.0,1259.0,1290.0,1308.0,497.0,1281.0,1227.0,1113.0,1081.0,1019.0,980.0,931.0,900.0,823.0,805.0,445.0,752.0,714.0,690.0,636.0,576.0,565.0,570.0,521.0,496.0,525.0,403.0,520.0,550.0,546.0,507.0,506.0,509.0,544.0,535.0,499.0,460.0,378.0,431.0,395.0,383.0,354.0,353.0,354.0,335.0,300.0,289.0,255.0,348.0,255.0,226.0,220.0,201.0,183.0,179.0,157.0,155.0,157.0,126.0,317.0,147.0,126.0,116.0,126.0,96.0,102.0,75.0,73.0,67.0,45.0,319.0,39.0,33.0,27.0,24.0,15.0,14.0,11.0,6.0,9.0,13.0
Vesterbro/Kongens Enghave,2033,818.0,721.0,339.0,350.0,315.0,341.0,315.0,327.0,314.0,318.0,328.0,357.0,624.0,448.0,631.0,848.0,1015.0,1054.0,1120.0,1145.0,1207.0,1237.0,1222.0,545.0,1217.0,1194.0,1145.0,1100.0,1054.0,1001.0,935.0,910.0,849.0,819.0,487.0,773.0,735.0,702.0,665.0,645.0,597.0,561.0,534.0,515.0,498.0,439.0,498.0,493.0,528.0,542.0,547.0,517.0,552.0,550.0,541.0,521.0,403.0,527.0,470.0,455.0,401.0,419.0,392.0,390.0,370.0,318.0,307.0,370.0,252.0,233.0,207.0,204.0,188.0,188.0,151.0,134.0,110.0,114.0,341.0,109.0,107.0,81.0,83.0,79.0,81.0,61.0,59.0,42.0,31.0,332.0,27.0,11.0,7.0,4.0,3.0,3.0,1.0,1.0,1.0,1.0,773.0,670.0,321.0,354.0,321.0,336.0,324.0,324.0,327.0,330.0,337.0,366.0,583.0,508.0,770.0,1058.0,1166.0,1220.0,1257.0,1272.0,1279.0,1293.0,1301.0,508.0,1287.0,1228.0,1163.0,1075.0,1040.0,971.0,944.0,891.0,873.0,790.0,458.0,769.0,725.0,694.0,682.0,622.0,562.0,560.0,565.0,520.0,508.0,414.0,522.0,517.0,551.0,539.0,508.0,505.0,502.0,537.0,523.0,489.0,386.0,456.0,418.0,388.0,371.0,353.0,351.0,346.0,337.0,295.0,284.0,369.0,250.0,249.0,225.0,216.0,197.0,176.0,178.0,154.0,148.0,152.0,337.0,123.0,142.0,120.0,113.0,117.0,91.0,98.0,72.0,70.0,65.0,315.0,40.0,32.0,33.0,23.0,23.0,13.0,13.0,10.0,7.0,14.0
Vesterbro/Kongens Enghave,2034,829.0,734.0,328.0,331.0,345.0,315.0,342.0,319.0,331.0,321.0,323.0,359.0,638.0,442.0,634.0,867.0,1031.0,1097.0,1138.0,1198.0,1245.0,1253.0,1248.0,558.0,1220.0,1189.0,1160.0,1118.0,1047.0,1006.0,947.0,885.0,881.0,821.0,497.0,787.0,747.0,712.0,682.0,654.0,624.0,585.0,554.0,525.0,508.0,451.0,493.0,503.0,494.0,533.0,542.0,538.0,511.0,540.0,537.0,533.0,413.0,509.0,512.0,460.0,444.0,390.0,401.0,384.0,378.0,363.0,307.0,390.0,294.0,243.0,228.0,204.0,194.0,180.0,179.0,146.0,126.0,104.0,361.0,110.0,102.0,99.0,79.0,77.0,72.0,70.0,54.0,53.0,36.0,338.0,23.0,18.0,7.0,4.0,4.0,3.0,1.0,1.0,1.0,1.0,783.0,682.0,316.0,324.0,349.0,323.0,338.0,330.0,327.0,340.0,348.0,374.0,595.0,501.0,770.0,1085.0,1173.0,1266.0,1293.0,1297.0,1317.0,1311.0,1302.0,520.0,1277.0,1230.0,1163.0,1118.0,1033.0,988.0,936.0,900.0,866.0,836.0,468.0,756.0,741.0,704.0,688.0,665.0,605.0,559.0,556.0,562.0,531.0,426.0,506.0,518.0,519.0,544.0,537.0,508.0,497.0,498.0,525.0,512.0,396.0,483.0,442.0,410.0,376.0,369.0,350.0,343.0,348.0,331.0,289.0,378.0,277.0,244.0,247.0,220.0,211.0,190.0,175.0,174.0,147.0,143.0,357.0,147.0,119.0,135.0,116.0,105.0,109.0,86.0,91.0,68.0,67.0,333.0,55.0,32.0,32.0,28.0,22.0,19.0,12.0,11.0,10.0,14.0
Vesterbro/Kongens Enghave,2035,840.0,745.0,334.0,321.0,327.0,344.0,318.0,345.0,323.0,338.0,328.0,357.0,650.0,441.0,632.0,862.0,1056.0,1106.0,1181.0,1216.0,1298.0,1287.0,1262.0,570.0,1243.0,1191.0,1156.0,1132.0,1062.0,1000.0,952.0,895.0,858.0,850.0,509.0,791.0,760.0,724.0,692.0,671.0,634.0,611.0,577.0,546.0,518.0,461.0,501.0,498.0,502.0,500.0,532.0,532.0,531.0,500.0,526.0,530.0,425.0,520.0,494.0,500.0,450.0,430.0,373.0,390.0,371.0,370.0,350.0,400.0,294.0,282.0,237.0,223.0,194.0,186.0,172.0,172.0,137.0,118.0,380.0,100.0,104.0,95.0,96.0,73.0,69.0,62.0,61.0,49.0,46.0,358.0,27.0,15.0,11.0,4.0,4.0,4.0,1.0,1.0,1.0,1.0,793.0,692.0,333.0,318.0,320.0,350.0,325.0,343.0,333.0,341.0,359.0,384.0,606.0,507.0,763.0,1075.0,1198.0,1269.0,1336.0,1328.0,1343.0,1350.0,1318.0,530.0,1278.0,1221.0,1163.0,1118.0,1072.0,982.0,951.0,894.0,874.0,831.0,479.0,799.0,730.0,720.0,697.0,672.0,646.0,599.0,555.0,554.0,571.0,435.0,528.0,503.0,518.0,513.0,541.0,535.0,499.0,491.0,487.0,514.0,407.0,505.0,467.0,433.0,397.0,373.0,364.0,341.0,345.0,341.0,324.0,388.0,282.0,270.0,242.0,241.0,215.0,202.0,188.0,171.0,165.0,142.0,366.0,138.0,141.0,113.0,129.0,107.0,96.0,101.0,79.0,83.0,64.0,352.0,55.0,42.0,32.0,27.0,25.0,18.0,17.0,10.0,11.0,15.0
Vesterbro/Kongens Enghave,2036,849.0,754.0,353.0,327.0,317.0,327.0,346.0,322.0,347.0,330.0,344.0,363.0,659.0,443.0,631.0,871.0,1044.0,1129.0,1184.0,1260.0,1317.0,1338.0,1293.0,580.0,1257.0,1211.0,1159.0,1128.0,1075.0,1013.0,946.0,899.0,867.0,830.0,519.0,817.0,764.0,736.0,704.0,682.0,650.0,621.0,602.0,567.0,539.0,471.0,511.0,506.0,498.0,507.0,500.0,523.0,525.0,518.0,488.0,519.0,433.0,517.0,505.0,484.0,488.0,435.0,410.0,364.0,377.0,364.0,357.0,411.0,334.0,283.0,274.0,232.0,212.0,186.0,178.0,166.0,161.0,127.0,390.0,114.0,95.0,96.0,92.0,89.0,66.0,60.0,54.0,56.0,43.0,377.0,33.0,17.0,10.0,7.0,4.0,4.0,2.0,1.0,1.0,1.0,802.0,700.0,352.0,334.0,315.0,322.0,351.0,332.0,345.0,345.0,361.0,397.0,614.0,519.0,775.0,1069.0,1181.0,1293.0,1339.0,1370.0,1372.0,1378.0,1353.0,540.0,1292.0,1222.0,1154.0,1118.0,1073.0,1016.0,945.0,906.0,869.0,837.0,488.0,796.0,771.0,711.0,712.0,681.0,653.0,638.0,593.0,553.0,564.0,445.0,566.0,523.0,503.0,511.0,512.0,538.0,524.0,494.0,480.0,478.0,416.0,507.0,487.0,457.0,418.0,394.0,368.0,354.0,343.0,339.0,334.0,398.0,315.0,275.0,268.0,237.0,235.0,207.0,200.0,183.0,163.0,160.0,375.0,137.0,133.0,134.0,108.0,118.0,98.0,90.0,92.0,73.0,79.0,362.0,53.0,42.0,42.0,27.0,24.0,20.0,16.0,14.0,10.0,16.0
Vesterbro/Kongens Enghave,2037,857.0,761.0,371.0,345.0,323.0,316.0,328.0,348.0,326.0,353.0,336.0,380.0,665.0,452.0,649.0,872.0,1055.0,1107.0,1205.0,1259.0,1362.0,1354.0,1339.0,587.0,1284.0,1223.0,1178.0,1129.0,1069.0,1023.0,956.0,892.0,870.0,837.0,528.0,798.0,788.0,740.0,715.0,694.0,660.0,636.0,612.0,591.0,558.0,480.0,531.0,515.0,504.0,503.0,506.0,492.0,515.0,512.0,505.0,482.0,443.0,506.0,503.0,494.0,473.0,471.0,415.0,398.0,352.0,369.0,351.0,419.0,341.0,320.0,276.0,268.0,221.0,203.0,178.0,171.0,156.0,150.0,400.0,123.0,107.0,88.0,93.0,85.0,80.0,57.0,52.0,49.0,49.0,386.0,31.0,22.0,11.0,6.0,6.0,4.0,2.0,1.0,1.0,1.0,809.0,706.0,362.0,352.0,329.0,316.0,324.0,356.0,334.0,357.0,364.0,401.0,620.0,539.0,800.0,1083.0,1170.0,1269.0,1361.0,1370.0,1413.0,1406.0,1378.0,546.0,1323.0,1233.0,1154.0,1108.0,1071.0,1016.0,975.0,901.0,879.0,832.0,496.0,800.0,768.0,748.0,704.0,695.0,661.0,646.0,631.0,589.0,564.0,453.0,560.0,558.0,523.0,497.0,508.0,510.0,527.0,516.0,482.0,470.0,425.0,473.0,489.0,475.0,441.0,415.0,388.0,358.0,354.0,336.0,332.0,407.0,325.0,307.0,273.0,262.0,231.0,226.0,204.0,195.0,174.0,157.0,385.0,154.0,132.0,127.0,128.0,100.0,109.0,92.0,82.0,85.0,68.0,370.0,65.0,41.0,42.0,35.0,24.0,20.0,18.0,13.0,14.0,16.0
Vesterbro/Kongens Enghave,2038,864.0,768.0,380.0,362.0,340.0,322.0,317.0,331.0,351.0,332.0,356.0,371.0,671.0,473.0,682.0,906.0,1050.0,1113.0,1174.0,1278.0,1356.0,1396.0,1352.0,593.0,1325.0,1246.0,1189.0,1146.0,1069.0,1017.0,965.0,900.0,863.0,838.0,533.0,804.0,770.0,762.0,719.0,704.0,671.0,647.0,627.0,601.0,581.0,487.0,549.0,536.0,513.0,508.0,502.0,496.0,485.0,503.0,499.0,497.0,451.0,470.0,492.0,492.0,483.0,457.0,449.0,404.0,384.0,345.0,355.0,428.0,336.0,327.0,312.0,269.0,255.0,212.0,194.0,171.0,161.0,145.0,407.0,144.0,116.0,99.0,86.0,86.0,77.0,69.0,50.0,47.0,43.0,395.0,35.0,20.0,14.0,7.0,6.0,6.0,2.0,1.0,1.0,1.0,816.0,712.0,370.0,363.0,347.0,330.0,317.0,330.0,357.0,346.0,375.0,403.0,626.0,555.0,839.0,1115.0,1176.0,1253.0,1332.0,1390.0,1410.0,1447.0,1402.0,551.0,1344.0,1259.0,1163.0,1107.0,1060.0,1013.0,975.0,927.0,873.0,841.0,502.0,795.0,771.0,747.0,740.0,688.0,674.0,653.0,638.0,626.0,599.0,460.0,560.0,553.0,556.0,516.0,495.0,505.0,500.0,518.0,503.0,472.0,432.0,463.0,457.0,477.0,458.0,437.0,409.0,377.0,358.0,346.0,329.0,415.0,323.0,317.0,304.0,267.0,255.0,222.0,223.0,199.0,185.0,168.0,393.0,151.0,148.0,125.0,121.0,118.0,93.0,101.0,84.0,75.0,80.0,380.0,57.0,50.0,42.0,36.0,31.0,20.0,18.0,15.0,13.0,19.0
Vesterbro/Kongens Enghave,2039,870.0,773.0,389.0,370.0,356.0,338.0,322.0,320.0,334.0,356.0,338.0,389.0,676.0,465.0,737.0,946.0,1084.0,1099.0,1175.0,1239.0,1373.0,1384.0,1389.0,597.0,1334.0,1283.0,1209.0,1155.0,1083.0,1015.0,957.0,907.0,869.0,831.0,538.0,804.0,774.0,745.0,740.0,708.0,681.0,658.0,637.0,615.0,591.0,492.0,571.0,553.0,534.0,517.0,506.0,492.0,488.0,474.0,489.0,491.0,457.0,484.0,456.0,481.0,481.0,467.0,437.0,436.0,389.0,375.0,333.0,435.0,340.0,323.0,319.0,305.0,256.0,243.0,203.0,187.0,161.0,150.0,415.0,140.0,135.0,108.0,97.0,79.0,78.0,66.0,61.0,46.0,41.0,403.0,32.0,23.0,13.0,8.0,6.0,6.0,3.0,1.0,1.0,1.0,822.0,717.0,379.0,371.0,357.0,346.0,330.0,322.0,332.0,368.0,365.0,413.0,630.0,563.0,878.0,1164.0,1200.0,1252.0,1311.0,1355.0,1428.0,1442.0,1437.0,555.0,1362.0,1276.0,1184.0,1114.0,1059.0,1002.0,970.0,926.0,897.0,834.0,506.0,802.0,766.0,749.0,739.0,722.0,668.0,666.0,646.0,634.0,635.0,465.0,593.0,554.0,551.0,547.0,512.0,492.0,494.0,492.0,504.0,491.0,438.0,466.0,447.0,447.0,460.0,453.0,430.0,398.0,376.0,350.0,338.0,422.0,320.0,315.0,314.0,297.0,260.0,244.0,219.0,217.0,190.0,179.0,401.0,162.0,145.0,140.0,120.0,112.0,109.0,87.0,93.0,77.0,71.0,387.0,66.0,44.0,50.0,35.0,32.0,25.0,18.0,14.0,15.0,20.0
Vesterbro/Kongens Enghave,2040,874.0,777.0,396.0,378.0,364.0,354.0,338.0,325.0,323.0,339.0,359.0,373.0,680.0,482.0,752.0,1013.0,1121.0,1127.0,1155.0,1237.0,1326.0,1397.0,1372.0,600.0,1368.0,1288.0,1243.0,1171.0,1089.0,1026.0,955.0,899.0,874.0,835.0,541.0,796.0,773.0,748.0,724.0,728.0,685.0,666.0,648.0,626.0,605.0,496.0,581.0,574.0,549.0,537.0,514.0,495.0,485.0,476.0,462.0,482.0,461.0,478.0,470.0,446.0,470.0,464.0,445.0,424.0,420.0,380.0,361.0,440.0,319.0,326.0,314.0,312.0,289.0,245.0,233.0,195.0,176.0,151.0,422.0,144.0,131.0,125.0,105.0,90.0,72.0,68.0,58.0,55.0,40.0,410.0,30.0,21.0,15.0,8.0,8.0,6.0,3.0,1.0,1.0,1.0,826.0,721.0,386.0,379.0,365.0,357.0,346.0,333.0,323.0,344.0,385.0,404.0,633.0,579.0,894.0,1216.0,1242.0,1270.0,1306.0,1331.0,1389.0,1460.0,1429.0,558.0,1392.0,1290.0,1198.0,1132.0,1063.0,999.0,958.0,920.0,895.0,855.0,509.0,795.0,771.0,743.0,740.0,721.0,700.0,661.0,658.0,640.0,644.0,468.0,627.0,585.0,552.0,543.0,541.0,508.0,481.0,486.0,479.0,492.0,442.0,483.0,449.0,436.0,431.0,454.0,446.0,417.0,396.0,368.0,341.0,427.0,328.0,311.0,312.0,306.0,289.0,250.0,241.0,213.0,206.0,183.0,407.0,172.0,155.0,138.0,134.0,111.0,103.0,101.0,80.0,84.0,73.0,394.0,59.0,50.0,45.0,42.0,32.0,26.0,23.0,14.0,14.0,21.0
Vesterbro/Kongens Enghave,2041,873.0,778.0,402.0,384.0,371.0,361.0,353.0,340.0,326.0,327.0,343.0,392.0,681.0,468.0,789.0,1016.0,1183.0,1154.0,1176.0,1209.0,1319.0,1342.0,1379.0,602.0,1345.0,1315.0,1244.0,1199.0,1100.0,1029.0,961.0,893.0,864.0,839.0,542.0,797.0,764.0,746.0,724.0,711.0,702.0,669.0,656.0,635.0,614.0,497.0,594.0,584.0,569.0,552.0,534.0,503.0,486.0,472.0,462.0,454.0,463.0,468.0,464.0,458.0,436.0,454.0,443.0,432.0,409.0,409.0,366.0,443.0,345.0,306.0,317.0,307.0,296.0,277.0,235.0,224.0,184.0,164.0,426.0,145.0,136.0,122.0,121.0,97.0,81.0,63.0,59.0,53.0,48.0,415.0,29.0,20.0,14.0,9.0,7.0,8.0,3.0,1.0,1.0,1.0,825.0,721.0,393.0,386.0,373.0,364.0,356.0,348.0,333.0,333.0,363.0,421.0,634.0,577.0,910.0,1225.0,1286.0,1306.0,1318.0,1320.0,1361.0,1416.0,1441.0,559.0,1378.0,1312.0,1206.0,1140.0,1076.0,1000.0,953.0,907.0,887.0,852.0,510.0,813.0,763.0,746.0,733.0,720.0,698.0,690.0,652.0,652.0,649.0,469.0,636.0,617.0,580.0,542.0,537.0,535.0,496.0,473.0,472.0,468.0,444.0,483.0,465.0,438.0,420.0,427.0,446.0,432.0,415.0,387.0,358.0,430.0,331.0,318.0,308.0,305.0,298.0,277.0,246.0,234.0,203.0,199.0,411.0,176.0,165.0,148.0,132.0,124.0,102.0,96.0,93.0,73.0,80.0,399.0,61.0,45.0,51.0,38.0,38.0,26.0,23.0,18.0,14.0,22.0
Vesterbro/Kongens Enghave,2042,866.0,773.0,406.0,389.0,375.0,367.0,359.0,354.0,340.0,330.0,329.0,375.0,678.0,482.0,786.0,1032.0,1170.0,1204.0,1192.0,1222.0,1279.0,1326.0,1315.0,600.0,1344.0,1285.0,1264.0,1194.0,1120.0,1033.0,959.0,895.0,856.0,826.0,541.0,798.0,762.0,734.0,719.0,708.0,683.0,684.0,657.0,641.0,622.0,496.0,602.0,595.0,578.0,570.0,547.0,521.0,492.0,472.0,458.0,453.0,463.0,441.0,454.0,452.0,447.0,421.0,433.0,430.0,416.0,399.0,394.0,444.0,350.0,330.0,297.0,309.0,292.0,283.0,264.0,226.0,210.0,172.0,427.0,158.0,137.0,126.0,119.0,112.0,88.0,71.0,55.0,54.0,46.0,418.0,35.0,19.0,13.0,9.0,8.0,7.0,3.0,2.0,1.0,2.0,818.0,716.0,396.0,391.0,378.0,370.0,362.0,359.0,346.0,341.0,348.0,401.0,631.0,593.0,902.0,1226.0,1283.0,1342.0,1345.0,1323.0,1340.0,1380.0,1388.0,557.0,1380.0,1292.0,1220.0,1141.0,1079.0,1008.0,950.0,899.0,871.0,841.0,509.0,807.0,777.0,736.0,734.0,712.0,695.0,688.0,679.0,645.0,659.0,468.0,640.0,624.0,611.0,568.0,536.0,530.0,520.0,485.0,459.0,459.0,443.0,460.0,464.0,452.0,421.0,415.0,420.0,432.0,428.0,404.0,377.0,430.0,347.0,321.0,314.0,300.0,296.0,286.0,273.0,240.0,223.0,196.0,412.0,191.0,169.0,157.0,141.0,122.0,114.0,96.0,88.0,85.0,69.0,402.0,67.0,47.0,46.0,43.0,34.0,30.0,23.0,19.0,18.0,23.0
Vesterbro/Kongens Enghave,2043,860.0,766.0,408.0,392.0,380.0,371.0,365.0,359.0,354.0,343.0,331.0,359.0,673.0,468.0,798.0,1015.0,1182.0,1186.0,1240.0,1236.0,1291.0,1284.0,1298.0,597.0,1280.0,1283.0,1236.0,1211.0,1114.0,1051.0,962.0,893.0,857.0,817.0,539.0,785.0,762.0,732.0,707.0,704.0,680.0,667.0,671.0,643.0,628.0,495.0,609.0,603.0,590.0,580.0,565.0,533.0,511.0,478.0,458.0,449.0,462.0,440.0,428.0,442.0,440.0,431.0,401.0,420.0,414.0,406.0,384.0,443.0,377.0,335.0,321.0,290.0,294.0,279.0,271.0,254.0,213.0,196.0,427.0,166.0,149.0,127.0,123.0,109.0,102.0,77.0,62.0,50.0,48.0,419.0,34.0,23.0,13.0,8.0,8.0,8.0,3.0,2.0,2.0,2.0,812.0,710.0,398.0,394.0,382.0,375.0,368.0,365.0,357.0,353.0,355.0,383.0,626.0,577.0,907.0,1210.0,1279.0,1336.0,1381.0,1347.0,1341.0,1359.0,1352.0,554.0,1328.0,1293.0,1200.0,1153.0,1079.0,1010.0,957.0,895.0,863.0,826.0,506.0,797.0,771.0,749.0,724.0,712.0,687.0,684.0,677.0,671.0,654.0,467.0,650.0,629.0,619.0,597.0,560.0,530.0,516.0,508.0,471.0,447.0,443.0,450.0,442.0,451.0,435.0,416.0,408.0,407.0,429.0,417.0,393.0,429.0,365.0,337.0,317.0,306.0,292.0,284.0,281.0,265.0,228.0,215.0,412.0,189.0,184.0,161.0,150.0,130.0,113.0,107.0,88.0,81.0,81.0,403.0,58.0,51.0,47.0,39.0,39.0,28.0,28.0,19.0,19.0,26.0
Vesterbro/Kongens Enghave,2044,853.0,761.0,410.0,395.0,383.0,375.0,369.0,365.0,360.0,357.0,343.0,361.0,668.0,445.0,790.0,1015.0,1167.0,1195.0,1221.0,1284.0,1304.0,1296.0,1257.0,593.0,1265.0,1223.0,1235.0,1185.0,1130.0,1046.0,979.0,896.0,856.0,820.0,537.0,778.0,750.0,732.0,706.0,692.0,676.0,664.0,655.0,657.0,630.0,493.0,616.0,611.0,598.0,592.0,575.0,551.0,522.0,496.0,463.0,449.0,461.0,436.0,426.0,417.0,431.0,425.0,411.0,389.0,404.0,404.0,391.0,442.0,368.0,361.0,326.0,313.0,276.0,281.0,267.0,261.0,239.0,199.0,427.0,189.0,156.0,139.0,124.0,114.0,100.0,88.0,67.0,57.0,45.0,420.0,35.0,22.0,15.0,8.0,8.0,8.0,4.0,2.0,2.0,2.0,806.0,705.0,399.0,396.0,386.0,380.0,373.0,370.0,363.0,365.0,367.0,387.0,621.0,546.0,893.0,1213.0,1266.0,1332.0,1375.0,1383.0,1365.0,1362.0,1331.0,550.0,1295.0,1245.0,1202.0,1135.0,1091.0,1010.0,959.0,902.0,861.0,819.0,504.0,782.0,761.0,744.0,736.0,703.0,687.0,676.0,674.0,670.0,680.0,465.0,645.0,638.0,623.0,606.0,589.0,553.0,516.0,505.0,493.0,458.0,441.0,439.0,432.0,430.0,433.0,429.0,409.0,395.0,404.0,418.0,405.0,428.0,381.0,354.0,332.0,309.0,297.0,280.0,280.0,274.0,253.0,220.0,412.0,207.0,181.0,175.0,154.0,139.0,121.0,105.0,98.0,80.0,77.0,403.0,67.0,45.0,51.0,40.0,35.0,31.0,25.0,22.0,19.0,28.0
Vesterbro/Kongens Enghave,2045,844.0,754.0,409.0,395.0,385.0,379.0,373.0,369.0,365.0,362.0,357.0,372.0,662.0,443.0,739.0,1005.0,1164.0,1179.0,1225.0,1261.0,1351.0,1305.0,1266.0,587.0,1223.0,1207.0,1176.0,1182.0,1103.0,1059.0,973.0,910.0,857.0,817.0,532.0,779.0,742.0,720.0,706.0,690.0,665.0,659.0,651.0,641.0,643.0,490.0,617.0,618.0,606.0,600.0,586.0,561.0,539.0,507.0,481.0,454.0,459.0,435.0,422.0,414.0,406.0,415.0,405.0,398.0,375.0,394.0,389.0,441.0,374.0,353.0,351.0,318.0,297.0,264.0,269.0,257.0,246.0,224.0,426.0,193.0,178.0,145.0,135.0,115.0,104.0,87.0,77.0,61.0,51.0,419.0,33.0,23.0,15.0,9.0,8.0,8.0,4.0,2.0,2.0,2.0,798.0,698.0,399.0,397.0,388.0,383.0,378.0,375.0,368.0,371.0,380.0,397.0,616.0,542.0,830.0,1203.0,1266.0,1318.0,1368.0,1374.0,1398.0,1383.0,1331.0,545.0,1271.0,1211.0,1155.0,1134.0,1071.0,1019.0,957.0,903.0,866.0,816.0,500.0,775.0,746.0,733.0,730.0,714.0,677.0,675.0,665.0,666.0,679.0,462.0,670.0,635.0,632.0,610.0,597.0,581.0,538.0,505.0,490.0,478.0,439.0,449.0,421.0,420.0,413.0,427.0,421.0,397.0,392.0,394.0,406.0,427.0,392.0,369.0,349.0,324.0,300.0,284.0,275.0,273.0,261.0,243.0,410.0,212.0,199.0,172.0,167.0,142.0,128.0,113.0,97.0,90.0,76.0,402.0,64.0,52.0,46.0,43.0,36.0,28.0,29.0,21.0,22.0,29.0
Vesterbro/Kongens Enghave,2046,836.0,746.0,408.0,395.0,386.0,381.0,376.0,373.0,369.0,368.0,362.0,387.0,655.0,450.0,711.0,933.0,1159.0,1174.0,1209.0,1262.0,1325.0,1351.0,1273.0,582.0,1231.0,1167.0,1161.0,1125.0,1100.0,1033.0,984.0,903.0,870.0,819.0,527.0,776.0,743.0,712.0,693.0,690.0,662.0,647.0,646.0,636.0,627.0,487.0,630.0,619.0,613.0,608.0,595.0,572.0,549.0,523.0,491.0,472.0,456.0,440.0,421.0,411.0,404.0,392.0,396.0,393.0,384.0,366.0,380.0,439.0,373.0,359.0,343.0,342.0,302.0,284.0,253.0,259.0,242.0,230.0,424.0,215.0,182.0,166.0,142.0,125.0,105.0,90.0,76.0,70.0,55.0,417.0,37.0,22.0,16.0,9.0,9.0,8.0,4.0,2.0,2.0,3.0,789.0,691.0,398.0,397.0,388.0,385.0,380.0,379.0,373.0,376.0,386.0,412.0,610.0,542.0,811.0,1116.0,1262.0,1319.0,1354.0,1365.0,1387.0,1415.0,1350.0,540.0,1270.0,1189.0,1124.0,1090.0,1071.0,1000.0,966.0,901.0,867.0,820.0,495.0,772.0,740.0,719.0,720.0,708.0,688.0,666.0,664.0,657.0,674.0,458.0,670.0,658.0,629.0,619.0,601.0,590.0,564.0,526.0,489.0,476.0,436.0,469.0,431.0,410.0,404.0,408.0,419.0,408.0,393.0,382.0,384.0,424.0,393.0,380.0,364.0,340.0,314.0,287.0,280.0,268.0,260.0,251.0,409.0,234.0,204.0,189.0,165.0,154.0,132.0,120.0,104.0,89.0,85.0,401.0,64.0,50.0,52.0,39.0,39.0,29.0,26.0,23.0,21.0,32.0
Vesterbro/Kongens Enghave,2047,828.0,737.0,407.0,394.0,386.0,381.0,378.0,376.0,373.0,372.0,367.0,392.0,648.0,465.0,693.0,900.0,1082.0,1175.0,1204.0,1246.0,1324.0,1324.0,1316.0,576.0,1237.0,1174.0,1122.0,1109.0,1047.0,1030.0,959.0,914.0,864.0,831.0,522.0,777.0,741.0,713.0,686.0,677.0,662.0,645.0,635.0,631.0,622.0,482.0,615.0,632.0,614.0,615.0,603.0,581.0,560.0,533.0,507.0,482.0,452.0,457.0,426.0,410.0,401.0,390.0,374.0,384.0,379.0,374.0,353.0,436.0,364.0,358.0,349.0,334.0,325.0,289.0,271.0,244.0,244.0,227.0,422.0,222.0,203.0,169.0,162.0,131.0,114.0,91.0,79.0,69.0,62.0,416.0,40.0,25.0,15.0,10.0,9.0,9.0,4.0,2.0,2.0,3.0,783.0,683.0,397.0,395.0,388.0,385.0,382.0,382.0,377.0,381.0,391.0,417.0,603.0,556.0,797.0,1090.0,1176.0,1320.0,1354.0,1351.0,1375.0,1404.0,1381.0,535.0,1287.0,1187.0,1102.0,1060.0,1028.0,999.0,947.0,908.0,864.0,821.0,490.0,776.0,737.0,713.0,705.0,698.0,682.0,676.0,655.0,656.0,665.0,454.0,665.0,658.0,651.0,616.0,610.0,594.0,573.0,551.0,509.0,476.0,433.0,467.0,450.0,419.0,394.0,398.0,401.0,406.0,404.0,383.0,371.0,422.0,372.0,381.0,374.0,354.0,330.0,301.0,282.0,272.0,255.0,251.0,406.0,242.0,225.0,194.0,181.0,153.0,143.0,123.0,110.0,95.0,84.0,399.0,71.0,49.0,51.0,45.0,36.0,32.0,27.0,21.0,23.0,33.0
Vesterbro/Kongens Enghave,2048,822.0,731.0,405.0,393.0,385.0,381.0,379.0,378.0,376.0,376.0,371.0,397.0,641.0,467.0,695.0,879.0,1053.0,1100.0,1208.0,1239.0,1307.0,1322.0,1290.0,570.0,1278.0,1179.0,1129.0,1072.0,1032.0,980.0,956.0,890.0,873.0,824.0,517.0,789.0,741.0,710.0,686.0,670.0,649.0,644.0,632.0,620.0,618.0,477.0,610.0,617.0,627.0,616.0,610.0,589.0,569.0,544.0,517.0,497.0,448.0,467.0,443.0,415.0,399.0,387.0,372.0,363.0,370.0,369.0,361.0,432.0,338.0,350.0,348.0,340.0,318.0,311.0,277.0,262.0,231.0,229.0,419.0,219.0,209.0,189.0,165.0,150.0,120.0,100.0,80.0,72.0,62.0,414.0,45.0,27.0,17.0,9.0,9.0,9.0,4.0,2.0,2.0,3.0,777.0,677.0,395.0,394.0,387.0,385.0,382.0,384.0,379.0,385.0,396.0,422.0,596.0,552.0,816.0,1072.0,1152.0,1234.0,1359.0,1351.0,1361.0,1392.0,1370.0,528.0,1316.0,1202.0,1101.0,1040.0,1000.0,960.0,946.0,891.0,871.0,819.0,485.0,777.0,740.0,710.0,699.0,684.0,672.0,670.0,664.0,646.0,663.0,450.0,655.0,653.0,653.0,637.0,608.0,602.0,577.0,561.0,534.0,495.0,429.0,467.0,448.0,437.0,403.0,388.0,391.0,389.0,402.0,393.0,373.0,418.0,360.0,361.0,375.0,364.0,344.0,317.0,297.0,275.0,259.0,246.0,404.0,241.0,232.0,214.0,186.0,167.0,141.0,134.0,113.0,101.0,90.0,397.0,71.0,55.0,50.0,43.0,40.0,29.0,29.0,22.0,21.0,35.0
Vesterbro/Kongens Enghave,2049,817.0,726.0,403.0,391.0,383.0,380.0,378.0,378.0,378.0,378.0,375.0,401.0,635.0,469.0,679.0,891.0,1037.0,1075.0,1134.0,1246.0,1299.0,1306.0,1288.0,564.0,1254.0,1219.0,1134.0,1079.0,998.0,967.0,909.0,887.0,851.0,834.0,511.0,782.0,752.0,711.0,684.0,670.0,642.0,632.0,632.0,617.0,607.0,472.0,605.0,611.0,613.0,629.0,611.0,596.0,576.0,553.0,527.0,507.0,444.0,482.0,452.0,431.0,404.0,385.0,369.0,360.0,350.0,361.0,356.0,428.0,346.0,325.0,340.0,340.0,324.0,305.0,298.0,267.0,247.0,216.0,416.0,220.0,207.0,195.0,184.0,153.0,137.0,104.0,88.0,74.0,65.0,411.0,45.0,31.0,18.0,11.0,9.0,9.0,4.0,2.0,2.0,3.0,772.0,672.0,393.0,392.0,386.0,384.0,382.0,384.0,381.0,387.0,400.0,426.0,591.0,547.0,808.0,1107.0,1137.0,1213.0,1273.0,1358.0,1359.0,1378.0,1359.0,523.0,1305.0,1229.0,1115.0,1038.0,981.0,934.0,909.0,890.0,855.0,826.0,480.0,774.0,741.0,713.0,697.0,678.0,658.0,660.0,659.0,656.0,654.0,445.0,653.0,644.0,647.0,639.0,629.0,601.0,585.0,564.0,543.0,519.0,425.0,485.0,448.0,435.0,420.0,397.0,382.0,379.0,385.0,391.0,382.0,414.0,361.0,348.0,355.0,365.0,353.0,330.0,312.0,288.0,262.0,249.0,401.0,237.0,232.0,221.0,205.0,172.0,155.0,132.0,123.0,104.0,95.0,394.0,76.0,55.0,56.0,43.0,39.0,33.0,27.0,24.0,22.0,35.0
Vesterbro/Kongens Enghave,2050,812.0,721.0,401.0,389.0,382.0,379.0,377.0,378.0,378.0,380.0,378.0,405.0,631.0,470.0,662.0,877.0,1061.0,1064.0,1112.0,1171.0,1309.0,1298.0,1273.0,559.0,1251.0,1196.0,1172.0,1084.0,1005.0,935.0,898.0,844.0,848.0,812.0,506.0,791.0,746.0,722.0,685.0,668.0,643.0,625.0,620.0,617.0,604.0,467.0,594.0,607.0,606.0,616.0,624.0,597.0,584.0,560.0,537.0,518.0,439.0,492.0,467.0,440.0,420.0,390.0,368.0,358.0,347.0,342.0,349.0,424.0,342.0,332.0,316.0,332.0,324.0,311.0,292.0,287.0,252.0,231.0,412.0,209.0,208.0,193.0,190.0,171.0,140.0,119.0,92.0,80.0,66.0,408.0,47.0,30.0,21.0,11.0,10.0,9.0,4.0,2.0,2.0,3.0,767.0,668.0,391.0,390.0,384.0,382.0,381.0,384.0,381.0,389.0,403.0,429.0,586.0,542.0,799.0,1103.0,1178.0,1200.0,1252.0,1273.0,1368.0,1376.0,1346.0,518.0,1294.0,1219.0,1139.0,1051.0,980.0,916.0,885.0,855.0,854.0,810.0,475.0,781.0,739.0,714.0,700.0,676.0,653.0,647.0,649.0,651.0,663.0,440.0,644.0,642.0,638.0,634.0,631.0,621.0,585.0,572.0,547.0,528.0,420.0,509.0,466.0,436.0,418.0,414.0,390.0,370.0,375.0,375.0,381.0,411.0,370.0,350.0,343.0,346.0,354.0,339.0,325.0,303.0,275.0,252.0,397.0,240.0,228.0,222.0,212.0,190.0,160.0,145.0,122.0,113.0,98.0,391.0,81.0,59.0,56.0,48.0,39.0,32.0,30.0,22.0,24.0,36.0
Vesterbro/Kongens Enghave,2051,806.0,716.0,398.0,387.0,380.0,377.0,376.0,377.0,378.0,381.0,379.0,407.0,626.0,470.0,646.0,862.0,1053.0,1092.0,1102.0,1150.0,1230.0,1309.0,1264.0,554.0,1237.0,1193.0,1151.0,1119.0,1009.0,941.0,868.0,833.0,807.0,810.0,501.0,771.0,755.0,715.0,695.0,669.0,641.0,626.0,613.0,605.0,604.0,462.0,591.0,595.0,602.0,609.0,611.0,610.0,585.0,568.0,544.0,527.0,434.0,502.0,477.0,455.0,429.0,406.0,373.0,356.0,345.0,339.0,330.0,420.0,335.0,328.0,323.0,309.0,317.0,310.0,298.0,282.0,271.0,237.0,408.0,223.0,197.0,194.0,188.0,176.0,156.0,122.0,105.0,84.0,72.0,404.0,48.0,32.0,21.0,13.0,11.0,10.0,4.0,2.0,2.0,3.0,762.0,664.0,387.0,388.0,382.0,381.0,380.0,383.0,381.0,389.0,404.0,431.0,582.0,534.0,790.0,1095.0,1177.0,1245.0,1239.0,1253.0,1282.0,1386.0,1344.0,514.0,1282.0,1208.0,1131.0,1074.0,991.0,915.0,868.0,832.0,821.0,809.0,471.0,766.0,744.0,711.0,700.0,679.0,650.0,642.0,635.0,641.0,658.0,435.0,652.0,632.0,636.0,624.0,626.0,624.0,603.0,572.0,555.0,532.0,416.0,518.0,488.0,453.0,419.0,413.0,406.0,379.0,367.0,366.0,365.0,406.0,369.0,358.0,345.0,335.0,337.0,340.0,334.0,316.0,290.0,265.0,393.0,242.0,231.0,217.0,213.0,197.0,176.0,150.0,134.0,112.0,107.0,388.0,83.0,63.0,60.0,48.0,43.0,32.0,30.0,25.0,22.0,37.0
Vesterbro/Kongens Enghave,2052,800.0,711.0,394.0,384.0,378.0,375.0,374.0,376.0,377.0,380.0,380.0,408.0,622.0,467.0,627.0,848.0,1044.0,1089.0,1134.0,1140.0,1208.0,1231.0,1275.0,551.0,1228.0,1181.0,1148.0,1099.0,1041.0,945.0,873.0,805.0,797.0,770.0,497.0,768.0,735.0,723.0,689.0,679.0,641.0,624.0,614.0,599.0,592.0,458.0,591.0,592.0,591.0,604.0,604.0,597.0,597.0,568.0,551.0,534.0,430.0,512.0,487.0,465.0,443.0,415.0,388.0,361.0,344.0,337.0,327.0,415.0,317.0,321.0,320.0,315.0,295.0,304.0,298.0,288.0,267.0,255.0,404.0,228.0,210.0,184.0,189.0,174.0,162.0,137.0,108.0,97.0,76.0,400.0,53.0,33.0,22.0,13.0,12.0,11.0,5.0,2.0,2.0,3.0,756.0,659.0,384.0,385.0,379.0,379.0,378.0,381.0,379.0,389.0,404.0,432.0,578.0,524.0,779.0,1089.0,1173.0,1248.0,1287.0,1239.0,1260.0,1300.0,1354.0,511.0,1280.0,1197.0,1121.0,1065.0,1013.0,925.0,866.0,816.0,799.0,778.0,467.0,765.0,730.0,717.0,698.0,679.0,653.0,639.0,631.0,627.0,647.0,431.0,648.0,641.0,626.0,622.0,616.0,618.0,606.0,590.0,555.0,539.0,411.0,522.0,497.0,474.0,435.0,413.0,406.0,394.0,375.0,358.0,356.0,402.0,354.0,357.0,353.0,336.0,325.0,323.0,335.0,324.0,301.0,279.0,389.0,255.0,233.0,220.0,209.0,197.0,183.0,165.0,138.0,123.0,106.0,384.0,90.0,65.0,63.0,51.0,43.0,35.0,30.0,24.0,25.0,37.0
Vesterbro/Kongens Enghave,2053,795.0,706.0,390.0,380.0,375.0,373.0,373.0,374.0,376.0,379.0,379.0,408.0,618.0,464.0,609.0,832.0,1037.0,1084.0,1135.0,1175.0,1198.0,1210.0,1200.0,547.0,1240.0,1172.0,1137.0,1096.0,1023.0,975.0,876.0,810.0,770.0,761.0,494.0,730.0,732.0,704.0,697.0,673.0,651.0,625.0,612.0,600.0,585.0,455.0,579.0,592.0,587.0,593.0,600.0,590.0,585.0,581.0,552.0,542.0,426.0,518.0,496.0,475.0,453.0,428.0,396.0,376.0,349.0,336.0,326.0,411.0,315.0,305.0,313.0,312.0,301.0,283.0,292.0,288.0,272.0,251.0,399.0,246.0,215.0,196.0,180.0,175.0,160.0,141.0,121.0,99.0,87.0,396.0,55.0,36.0,22.0,13.0,12.0,12.0,5.0,2.0,2.0,4.0,751.0,654.0,380.0,381.0,376.0,376.0,376.0,380.0,378.0,387.0,404.0,431.0,574.0,512.0,765.0,1080.0,1172.0,1247.0,1292.0,1288.0,1245.0,1278.0,1272.0,507.0,1290.0,1195.0,1111.0,1056.0,1005.0,945.0,876.0,814.0,784.0,757.0,464.0,735.0,729.0,703.0,703.0,677.0,654.0,642.0,628.0,623.0,634.0,428.0,637.0,636.0,634.0,612.0,613.0,608.0,601.0,594.0,572.0,540.0,408.0,529.0,501.0,483.0,455.0,429.0,406.0,393.0,390.0,365.0,348.0,397.0,344.0,342.0,351.0,344.0,326.0,312.0,318.0,326.0,310.0,290.0,385.0,268.0,245.0,223.0,211.0,193.0,183.0,171.0,153.0,127.0,117.0,380.0,90.0,70.0,65.0,54.0,46.0,35.0,33.0,24.0,24.0,39.0
Vesterbro/Kongens Enghave,2054,788.0,701.0,386.0,377.0,371.0,370.0,370.0,372.0,374.0,378.0,378.0,407.0,613.0,459.0,590.0,815.0,1027.0,1081.0,1133.0,1176.0,1234.0,1200.0,1179.0,543.0,1168.0,1185.0,1129.0,1085.0,1020.0,958.0,904.0,813.0,775.0,736.0,491.0,721.0,696.0,702.0,678.0,681.0,645.0,634.0,612.0,598.0,586.0,452.0,573.0,580.0,588.0,590.0,588.0,586.0,578.0,569.0,564.0,543.0,423.0,526.0,503.0,484.0,463.0,438.0,409.0,384.0,363.0,340.0,324.0,407.0,313.0,302.0,297.0,306.0,298.0,289.0,272.0,282.0,273.0,256.0,395.0,242.0,232.0,201.0,191.0,167.0,161.0,140.0,125.0,111.0,89.0,392.0,63.0,38.0,24.0,14.0,12.0,12.0,6.0,3.0,2.0,4.0,745.0,650.0,376.0,377.0,373.0,373.0,373.0,377.0,376.0,386.0,403.0,430.0,570.0,500.0,751.0,1069.0,1167.0,1249.0,1293.0,1292.0,1293.0,1263.0,1251.0,504.0,1212.0,1205.0,1109.0,1047.0,996.0,938.0,895.0,824.0,783.0,743.0,461.0,715.0,700.0,702.0,689.0,682.0,651.0,642.0,631.0,620.0,629.0,425.0,624.0,626.0,630.0,620.0,604.0,606.0,591.0,588.0,576.0,556.0,405.0,530.0,508.0,487.0,464.0,449.0,421.0,394.0,390.0,380.0,355.0,394.0,337.0,333.0,337.0,342.0,334.0,314.0,307.0,310.0,311.0,298.0,381.0,279.0,259.0,234.0,214.0,195.0,180.0,172.0,158.0,140.0,120.0,376.0,99.0,70.0,71.0,56.0,49.0,38.0,33.0,27.0,24.0,39.0
Vesterbro/Kongens Enghave,2055,782.0,695.0,382.0,373.0,368.0,366.0,367.0,370.0,372.0,376.0,377.0,406.0,609.0,453.0,573.0,798.0,1016.0,1076.0,1133.0,1175.0,1236.0,1237.0,1170.0,539.0,1149.0,1117.0,1142.0,1077.0,1011.0,956.0,889.0,839.0,778.0,741.0,487.0,698.0,687.0,667.0,676.0,662.0,653.0,629.0,622.0,598.0,585.0,449.0,574.0,574.0,576.0,590.0,585.0,575.0,574.0,562.0,553.0,555.0,421.0,527.0,511.0,490.0,472.0,448.0,419.0,397.0,371.0,354.0,329.0,405.0,312.0,301.0,294.0,290.0,292.0,287.0,278.0,263.0,268.0,257.0,392.0,247.0,229.0,217.0,197.0,177.0,153.0,141.0,124.0,115.0,99.0,388.0,65.0,43.0,26.0,15.0,13.0,12.0,6.0,3.0,3.0,4.0,739.0,644.0,372.0,373.0,369.0,370.0,370.0,375.0,374.0,384.0,401.0,428.0,566.0,487.0,736.0,1056.0,1160.0,1248.0,1296.0,1293.0,1296.0,1312.0,1237.0,500.0,1192.0,1133.0,1119.0,1045.0,988.0,930.0,889.0,842.0,792.0,742.0,457.0,702.0,682.0,674.0,689.0,668.0,656.0,640.0,631.0,623.0,627.0,423.0,620.0,612.0,619.0,616.0,611.0,596.0,589.0,578.0,571.0,560.0,402.0,546.0,509.0,494.0,468.0,458.0,441.0,409.0,391.0,380.0,369.0,391.0,344.0,327.0,328.0,329.0,332.0,321.0,309.0,299.0,296.0,300.0,378.0,287.0,269.0,247.0,225.0,198.0,181.0,169.0,159.0,145.0,133.0,372.0,103.0,77.0,71.0,61.0,51.0,40.0,35.0,27.0,27.0,40.0
Vesterbro/Kongens Enghave,2056,776.0,690.0,378.0,369.0,364.0,363.0,364.0,367.0,370.0,374.0,375.0,404.0,604.0,447.0,556.0,781.0,1004.0,1069.0,1130.0,1176.0,1235.0,1240.0,1206.0,536.0,1140.0,1100.0,1078.0,1090.0,1004.0,947.0,887.0,825.0,803.0,744.0,484.0,702.0,665.0,658.0,642.0,660.0,635.0,636.0,616.0,608.0,585.0,446.0,572.0,575.0,569.0,578.0,586.0,571.0,563.0,558.0,546.0,544.0,418.0,539.0,512.0,499.0,479.0,457.0,428.0,406.0,383.0,362.0,343.0,402.0,317.0,300.0,293.0,288.0,278.0,281.0,276.0,269.0,250.0,252.0,389.0,248.0,234.0,214.0,212.0,182.0,163.0,134.0,125.0,114.0,103.0,384.0,72.0,44.0,29.0,16.0,14.0,13.0,6.0,3.0,3.0,4.0,734.0,639.0,368.0,369.0,366.0,366.0,367.0,372.0,372.0,382.0,399.0,425.0,561.0,475.0,721.0,1043.0,1152.0,1244.0,1296.0,1297.0,1296.0,1315.0,1284.0,497.0,1179.0,1115.0,1054.0,1055.0,987.0,923.0,882.0,836.0,809.0,751.0,454.0,701.0,669.0,656.0,661.0,668.0,643.0,645.0,629.0,624.0,630.0,420.0,618.0,609.0,606.0,605.0,608.0,603.0,579.0,576.0,561.0,555.0,400.0,551.0,524.0,496.0,475.0,462.0,450.0,428.0,405.0,381.0,370.0,389.0,358.0,333.0,322.0,320.0,320.0,320.0,316.0,301.0,286.0,286.0,375.0,288.0,277.0,257.0,237.0,208.0,184.0,170.0,156.0,146.0,138.0,369.0,113.0,80.0,78.0,61.0,55.0,42.0,37.0,29.0,27.0,42.0
Vesterbro/Kongens Enghave,2057,772.0,684.0,375.0,365.0,360.0,359.0,361.0,364.0,367.0,372.0,373.0,402.0,600.0,441.0,539.0,764.0,992.0,1061.0,1126.0,1175.0,1237.0,1240.0,1209.0,532.0,1176.0,1092.0,1063.0,1030.0,1016.0,941.0,879.0,823.0,790.0,768.0,481.0,706.0,669.0,637.0,634.0,627.0,633.0,618.0,624.0,602.0,594.0,443.0,572.0,573.0,571.0,572.0,574.0,572.0,559.0,548.0,542.0,537.0,415.0,529.0,523.0,500.0,487.0,463.0,437.0,415.0,392.0,374.0,351.0,400.0,330.0,305.0,292.0,287.0,275.0,267.0,270.0,267.0,256.0,236.0,387.0,244.0,235.0,219.0,209.0,197.0,168.0,143.0,119.0,115.0,103.0,382.0,75.0,50.0,30.0,18.0,15.0,14.0,6.0,3.0,3.0,4.0,730.0,634.0,365.0,366.0,362.0,362.0,363.0,369.0,369.0,379.0,397.0,423.0,557.0,463.0,707.0,1029.0,1142.0,1239.0,1294.0,1297.0,1299.0,1316.0,1289.0,493.0,1224.0,1104.0,1038.0,994.0,996.0,922.0,875.0,830.0,804.0,768.0,451.0,710.0,668.0,644.0,644.0,641.0,643.0,632.0,634.0,621.0,630.0,417.0,620.0,607.0,603.0,592.0,597.0,600.0,586.0,567.0,559.0,546.0,397.0,545.0,529.0,510.0,476.0,468.0,454.0,437.0,424.0,394.0,371.0,387.0,358.0,346.0,328.0,314.0,311.0,308.0,315.0,308.0,288.0,276.0,373.0,275.0,278.0,264.0,247.0,220.0,194.0,173.0,157.0,143.0,139.0,367.0,118.0,88.0,81.0,67.0,55.0,45.0,39.0,31.0,29.0,43.0
Vesterbro/Kongens Enghave,2058,770.0,681.0,373.0,363.0,357.0,356.0,357.0,361.0,364.0,370.0,371.0,400.0,596.0,435.0,525.0,749.0,980.0,1053.0,1120.0,1172.0,1236.0,1243.0,1210.0,528.0,1181.0,1127.0,1056.0,1016.0,961.0,954.0,873.0,817.0,789.0,757.0,478.0,729.0,673.0,642.0,613.0,620.0,601.0,617.0,606.0,609.0,589.0,440.0,582.0,574.0,569.0,574.0,568.0,560.0,561.0,544.0,532.0,534.0,413.0,522.0,514.0,511.0,488.0,471.0,443.0,424.0,402.0,384.0,362.0,397.0,338.0,318.0,297.0,286.0,275.0,265.0,258.0,262.0,254.0,241.0,384.0,228.0,230.0,220.0,214.0,194.0,181.0,147.0,127.0,110.0,104.0,380.0,75.0,52.0,34.0,19.0,16.0,15.0,7.0,3.0,3.0,5.0,728.0,632.0,363.0,363.0,358.0,359.0,360.0,365.0,365.0,376.0,395.0,420.0,553.0,452.0,693.0,1016.0,1132.0,1233.0,1290.0,1296.0,1299.0,1320.0,1291.0,490.0,1229.0,1146.0,1028.0,980.0,940.0,931.0,875.0,824.0,799.0,764.0,448.0,726.0,677.0,643.0,632.0,625.0,617.0,632.0,621.0,626.0,628.0,415.0,621.0,610.0,601.0,590.0,584.0,590.0,583.0,574.0,550.0,544.0,395.0,536.0,524.0,515.0,490.0,470.0,461.0,441.0,433.0,413.0,384.0,384.0,359.0,347.0,341.0,320.0,305.0,299.0,303.0,306.0,295.0,278.0,371.0,266.0,266.0,265.0,254.0,229.0,205.0,182.0,160.0,144.0,136.0,365.0,119.0,92.0,89.0,69.0,61.0,45.0,42.0,32.0,30.0,45.0
Vesterbro/Kongens Enghave,2059,769.0,679.0,371.0,360.0,354.0,352.0,354.0,357.0,361.0,366.0,368.0,398.0,593.0,429.0,511.0,734.0,968.0,1044.0,1114.0,1168.0,1233.0,1243.0,1212.0,525.0,1182.0,1131.0,1090.0,1009.0,948.0,903.0,886.0,811.0,784.0,756.0,475.0,718.0,696.0,645.0,618.0,599.0,594.0,585.0,605.0,592.0,596.0,437.0,576.0,583.0,569.0,573.0,569.0,555.0,549.0,545.0,529.0,524.0,411.0,519.0,507.0,502.0,499.0,472.0,451.0,430.0,410.0,393.0,371.0,395.0,349.0,325.0,310.0,290.0,274.0,265.0,255.0,250.0,249.0,240.0,382.0,233.0,216.0,216.0,215.0,199.0,179.0,159.0,131.0,116.0,99.0,378.0,75.0,52.0,35.0,21.0,17.0,16.0,7.0,4.0,3.0,5.0,727.0,630.0,361.0,361.0,356.0,355.0,356.0,361.0,362.0,373.0,392.0,416.0,551.0,442.0,679.0,1002.0,1122.0,1225.0,1286.0,1293.0,1297.0,1321.0,1295.0,486.0,1231.0,1150.0,1067.0,970.0,927.0,879.0,884.0,824.0,793.0,759.0,445.0,723.0,693.0,652.0,632.0,613.0,601.0,606.0,622.0,614.0,633.0,412.0,619.0,611.0,604.0,588.0,582.0,577.0,573.0,571.0,557.0,535.0,393.0,534.0,515.0,510.0,495.0,484.0,463.0,447.0,437.0,422.0,402.0,382.0,372.0,348.0,342.0,333.0,311.0,294.0,295.0,295.0,293.0,284.0,369.0,267.0,257.0,254.0,255.0,235.0,213.0,193.0,168.0,146.0,137.0,363.0,116.0,93.0,93.0,76.0,63.0,50.0,42.0,35.0,32.0,47.0
Vesterbro/Kongens Enghave,2060,768.0,678.0,369.0,358.0,352.0,350.0,350.0,354.0,358.0,363.0,365.0,394.0,591.0,422.0,498.0,719.0,955.0,1034.0,1107.0,1162.0,1229.0,1241.0,1212.0,523.0,1185.0,1133.0,1095.0,1042.0,942.0,890.0,838.0,823.0,779.0,751.0,472.0,717.0,685.0,667.0,622.0,604.0,574.0,578.0,574.0,591.0,579.0,435.0,584.0,578.0,579.0,573.0,568.0,557.0,543.0,534.0,531.0,521.0,408.0,509.0,504.0,495.0,491.0,483.0,452.0,438.0,416.0,401.0,380.0,393.0,358.0,336.0,317.0,303.0,279.0,264.0,255.0,248.0,238.0,235.0,380.0,232.0,221.0,202.0,211.0,200.0,184.0,158.0,142.0,121.0,105.0,376.0,72.0,52.0,35.0,22.0,19.0,17.0,8.0,4.0,4.0,5.0,726.0,628.0,359.0,359.0,354.0,353.0,353.0,358.0,358.0,370.0,388.0,412.0,549.0,432.0,666.0,987.0,1111.0,1217.0,1279.0,1288.0,1293.0,1319.0,1296.0,484.0,1234.0,1152.0,1071.0,1007.0,918.0,867.0,835.0,833.0,794.0,754.0,442.0,718.0,689.0,667.0,640.0,613.0,590.0,590.0,596.0,614.0,620.0,409.0,624.0,608.0,605.0,591.0,581.0,575.0,561.0,561.0,554.0,542.0,390.0,526.0,513.0,501.0,490.0,489.0,476.0,450.0,443.0,426.0,411.0,380.0,390.0,361.0,343.0,333.0,324.0,300.0,289.0,287.0,283.0,283.0,367.0,274.0,258.0,245.0,245.0,237.0,219.0,200.0,178.0,154.0,139.0,361.0,117.0,91.0,94.0,80.0,70.0,52.0,46.0,35.0,34.0,49.0
Østerbro,2026,599.0,448.0,304.0,339.0,336.0,346.0,335.0,350.0,384.0,383.0,407.0,417.0,422.0,435.0,589.0,709.0,799.0,851.0,977.0,917.0,1094.0,1125.0,1010.0,346.0,1104.0,1002.0,879.0,893.0,729.0,683.0,606.0,593.0,538.0,515.0,414.0,464.0,436.0,421.0,399.0,409.0,417.0,418.0,430.0,441.0,449.0,333.0,462.0,505.0,498.0,526.0,521.0,436.0,436.0,480.0,507.0,482.0,341.0,490.0,449.0,438.0,394.0,391.0,345.0,321.0,294.0,270.0,302.0,314.0,260.0,246.0,233.0,213.0,211.0,228.0,186.0,217.0,202.0,194.0,337.0,189.0,151.0,131.0,117.0,83.0,89.0,65.0,65.0,34.0,32.0,337.0,27.0,18.0,15.0,7.0,6.0,3.0,3.0,4.0,4.0,0.0,518.0,443.0,302.0,293.0,271.0,306.0,306.0,351.0,347.0,331.0,364.0,392.0,403.0,462.0,677.0,912.0,932.0,1032.0,1153.0,1130.0,1213.0,1209.0,1041.0,355.0,1103.0,979.0,866.0,794.0,754.0,672.0,632.0,547.0,493.0,531.0,363.0,433.0,474.0,485.0,413.0,434.0,469.0,445.0,491.0,450.0,441.0,335.0,496.0,523.0,559.0,561.0,554.0,490.0,486.0,483.0,570.0,500.0,327.0,552.0,491.0,441.0,408.0,406.0,368.0,335.0,319.0,316.0,291.0,293.0,338.0,292.0,297.0,301.0,277.0,290.0,279.0,302.0,285.0,309.0,307.0,242.0,248.0,236.0,162.0,157.0,155.0,115.0,100.0,84.0,71.0,315.0,63.0,40.0,39.0,31.0,27.0,24.0,14.0,10.0,8.0,15.0
Østerbro,2027,588.0,525.0,339.0,301.0,339.0,335.0,347.0,336.0,359.0,388.0,403.0,429.0,395.0,464.0,567.0,705.0,790.0,870.0,940.0,1019.0,965.0,1099.0,1099.0,378.0,998.0,1052.0,951.0,817.0,818.0,674.0,645.0,580.0,554.0,512.0,328.0,500.0,450.0,421.0,407.0,390.0,405.0,406.0,414.0,427.0,435.0,380.0,444.0,471.0,506.0,503.0,527.0,515.0,436.0,435.0,474.0,496.0,317.0,479.0,488.0,443.0,429.0,386.0,381.0,339.0,314.0,288.0,266.0,334.0,291.0,253.0,239.0,227.0,208.0,207.0,221.0,181.0,212.0,193.0,316.0,187.0,177.0,142.0,120.0,107.0,76.0,81.0,59.0,56.0,30.0,332.0,26.0,22.0,14.0,10.0,7.0,5.0,2.0,2.0,4.0,3.0,561.0,458.0,311.0,301.0,288.0,269.0,304.0,314.0,352.0,350.0,347.0,397.0,393.0,461.0,648.0,847.0,983.0,1036.0,1080.0,1201.0,1154.0,1187.0,1155.0,358.0,1005.0,1027.0,922.0,809.0,737.0,688.0,636.0,594.0,524.0,480.0,329.0,510.0,432.0,459.0,476.0,418.0,428.0,467.0,443.0,486.0,447.0,345.0,443.0,500.0,529.0,563.0,555.0,548.0,486.0,486.0,487.0,568.0,322.0,503.0,541.0,483.0,431.0,404.0,405.0,366.0,330.0,317.0,310.0,327.0,287.0,333.0,288.0,290.0,298.0,271.0,286.0,274.0,291.0,282.0,287.0,299.0,232.0,237.0,225.0,156.0,148.0,142.0,109.0,92.0,73.0,302.0,59.0,54.0,35.0,33.0,23.0,21.0,18.0,9.0,7.0,15.0
Østerbro,2028,595.0,517.0,329.0,330.0,299.0,332.0,331.0,343.0,340.0,359.0,397.0,417.0,456.0,471.0,587.0,673.0,771.0,852.0,940.0,987.0,1036.0,989.0,1077.0,354.0,1060.0,962.0,986.0,870.0,754.0,742.0,633.0,612.0,542.0,523.0,350.0,493.0,479.0,430.0,402.0,391.0,384.0,392.0,397.0,409.0,419.0,304.0,426.0,446.0,471.0,508.0,501.0,522.0,507.0,434.0,430.0,463.0,355.0,489.0,476.0,480.0,431.0,419.0,375.0,373.0,330.0,306.0,282.0,309.0,258.0,282.0,245.0,232.0,220.0,202.0,200.0,214.0,177.0,200.0,330.0,187.0,175.0,166.0,130.0,110.0,97.0,70.0,73.0,51.0,50.0,308.0,25.0,21.0,17.0,9.0,9.0,5.0,3.0,1.0,2.0,4.0,568.0,492.0,294.0,307.0,291.0,280.0,265.0,306.0,313.0,349.0,361.0,381.0,404.0,465.0,652.0,811.0,921.0,1056.0,1072.0,1136.0,1205.0,1135.0,1133.0,348.0,1082.0,942.0,954.0,855.0,745.0,671.0,640.0,593.0,559.0,505.0,327.0,459.0,493.0,416.0,445.0,467.0,408.0,418.0,459.0,435.0,476.0,311.0,442.0,444.0,504.0,528.0,550.0,547.0,538.0,483.0,482.0,482.0,328.0,564.0,493.0,530.0,470.0,424.0,400.0,398.0,355.0,325.0,309.0,317.0,302.0,281.0,325.0,279.0,285.0,288.0,265.0,280.0,263.0,285.0,314.0,273.0,286.0,222.0,227.0,214.0,148.0,136.0,134.0,99.0,79.0,279.0,61.0,51.0,47.0,30.0,25.0,18.0,16.0,13.0,6.0,15.0
Østerbro,2029,605.0,525.0,307.0,322.0,327.0,297.0,330.0,329.0,348.0,341.0,373.0,415.0,451.0,463.0,595.0,682.0,739.0,833.0,917.0,979.0,1009.0,1039.0,990.0,407.0,1039.0,1010.0,911.0,899.0,796.0,692.0,690.0,603.0,572.0,517.0,332.0,506.0,474.0,457.0,411.0,387.0,385.0,374.0,382.0,393.0,402.0,323.0,412.0,426.0,446.0,477.0,505.0,497.0,515.0,501.0,429.0,422.0,290.0,457.0,485.0,469.0,466.0,422.0,408.0,367.0,363.0,321.0,300.0,347.0,274.0,251.0,273.0,238.0,225.0,214.0,196.0,195.0,209.0,167.0,307.0,193.0,175.0,165.0,152.0,119.0,101.0,89.0,62.0,63.0,46.0,322.0,41.0,20.0,16.0,12.0,8.0,7.0,4.0,2.0,1.0,4.0,577.0,500.0,274.0,292.0,299.0,285.0,277.0,270.0,305.0,314.0,361.0,394.0,434.0,454.0,654.0,809.0,885.0,1000.0,1073.0,1120.0,1152.0,1176.0,1090.0,360.0,1064.0,998.0,887.0,882.0,787.0,679.0,629.0,598.0,562.0,538.0,321.0,483.0,451.0,472.0,410.0,442.0,453.0,400.0,414.0,452.0,429.0,310.0,470.0,443.0,450.0,505.0,517.0,544.0,540.0,534.0,480.0,477.0,298.0,481.0,551.0,486.0,516.0,463.0,420.0,395.0,387.0,351.0,318.0,324.0,303.0,297.0,276.0,315.0,275.0,277.0,282.0,260.0,269.0,258.0,305.0,276.0,261.0,273.0,213.0,216.0,202.0,136.0,128.0,122.0,85.0,304.0,67.0,53.0,44.0,40.0,22.0,19.0,14.0,11.0,8.0,14.0
Østerbro,2030,631.0,546.0,324.0,306.0,324.0,328.0,301.0,332.0,337.0,352.0,362.0,402.0,469.0,484.0,619.0,722.0,778.0,842.0,934.0,985.0,1027.0,1043.0,1050.0,412.0,993.0,1011.0,968.0,854.0,835.0,740.0,663.0,664.0,574.0,553.0,385.0,511.0,495.0,461.0,445.0,404.0,389.0,380.0,371.0,383.0,393.0,315.0,400.0,419.0,429.0,456.0,480.0,504.0,495.0,513.0,496.0,423.0,311.0,419.0,455.0,479.0,459.0,457.0,413.0,400.0,359.0,355.0,315.0,290.0,293.0,267.0,244.0,265.0,231.0,220.0,208.0,191.0,191.0,196.0,347.0,162.0,181.0,165.0,151.0,138.0,108.0,92.0,80.0,54.0,53.0,304.0,38.0,32.0,15.0,11.0,9.0,6.0,5.0,3.0,2.0,3.0,602.0,518.0,302.0,277.0,290.0,298.0,286.0,285.0,276.0,310.0,333.0,407.0,451.0,492.0,682.0,841.0,920.0,1001.0,1055.0,1139.0,1160.0,1157.0,1146.0,393.0,1051.0,1004.0,946.0,846.0,824.0,729.0,646.0,601.0,576.0,554.0,339.0,522.0,482.0,444.0,467.0,416.0,438.0,449.0,402.0,415.0,452.0,311.0,431.0,473.0,452.0,458.0,501.0,518.0,543.0,540.0,532.0,477.0,301.0,477.0,474.0,543.0,476.0,510.0,460.0,416.0,386.0,384.0,344.0,299.0,312.0,300.0,293.0,269.0,310.0,267.0,272.0,277.0,251.0,264.0,316.0,250.0,264.0,250.0,259.0,202.0,203.0,181.0,126.0,115.0,102.0,300.0,71.0,57.0,45.0,36.0,28.0,17.0,15.0,9.0,7.0,14.0
Østerbro,2031,648.0,567.0,307.0,322.0,308.0,325.0,330.0,305.0,340.0,341.0,371.0,394.0,486.0,477.0,656.0,757.0,830.0,890.0,951.0,1009.0,1036.0,1059.0,1059.0,427.0,1044.0,975.0,971.0,899.0,799.0,773.0,704.0,644.0,626.0,557.0,390.0,544.0,501.0,481.0,449.0,436.0,405.0,383.0,376.0,373.0,382.0,362.0,391.0,407.0,423.0,437.0,459.0,482.0,502.0,494.0,508.0,486.0,304.0,421.0,418.0,450.0,467.0,451.0,446.0,405.0,392.0,352.0,349.0,308.0,308.0,285.0,260.0,238.0,258.0,226.0,213.0,204.0,187.0,181.0,293.0,189.0,152.0,170.0,151.0,138.0,126.0,100.0,83.0,70.0,47.0,341.0,43.0,30.0,24.0,10.0,9.0,7.0,4.0,4.0,2.0,3.0,618.0,538.0,298.0,303.0,276.0,289.0,299.0,293.0,290.0,283.0,329.0,385.0,467.0,511.0,745.0,886.0,961.0,1046.0,1066.0,1130.0,1174.0,1164.0,1135.0,409.0,1101.0,994.0,953.0,893.0,796.0,759.0,691.0,616.0,581.0,566.0,369.0,538.0,518.0,473.0,443.0,469.0,417.0,435.0,446.0,402.0,416.0,328.0,452.0,436.0,481.0,459.0,457.0,503.0,518.0,543.0,538.0,526.0,302.0,477.0,469.0,469.0,531.0,473.0,506.0,455.0,408.0,384.0,376.0,300.0,338.0,310.0,296.0,285.0,266.0,301.0,263.0,268.0,267.0,248.0,292.0,256.0,239.0,252.0,239.0,245.0,190.0,184.0,170.0,114.0,97.0,310.0,85.0,60.0,49.0,38.0,27.0,22.0,13.0,10.0,6.0,14.0
Østerbro,2032,655.0,577.0,341.0,304.0,322.0,308.0,327.0,332.0,314.0,342.0,358.0,399.0,501.0,471.0,647.0,790.0,853.0,935.0,989.0,1019.0,1049.0,1057.0,1061.0,439.0,1046.0,1008.0,936.0,894.0,829.0,738.0,728.0,674.0,606.0,598.0,401.0,546.0,529.0,485.0,466.0,436.0,433.0,396.0,377.0,376.0,370.0,364.0,378.0,397.0,411.0,432.0,439.0,461.0,481.0,500.0,490.0,498.0,345.0,482.0,420.0,415.0,440.0,459.0,442.0,439.0,398.0,384.0,347.0,300.0,341.0,301.0,278.0,255.0,233.0,252.0,220.0,209.0,200.0,179.0,307.0,176.0,178.0,145.0,156.0,140.0,127.0,116.0,91.0,74.0,62.0,290.0,39.0,34.0,23.0,17.0,9.0,7.0,5.0,3.0,3.0,4.0,625.0,547.0,306.0,298.0,299.0,275.0,289.0,305.0,296.0,294.0,302.0,379.0,480.0,496.0,774.0,944.0,995.0,1077.0,1098.0,1134.0,1158.0,1163.0,1131.0,418.0,1084.0,1030.0,939.0,893.0,828.0,732.0,712.0,653.0,590.0,569.0,380.0,546.0,531.0,504.0,468.0,444.0,463.0,415.0,432.0,441.0,402.0,353.0,417.0,454.0,445.0,485.0,454.0,461.0,504.0,520.0,542.0,533.0,316.0,524.0,470.0,464.0,461.0,525.0,471.0,500.0,446.0,405.0,377.0,300.0,370.0,336.0,307.0,290.0,283.0,261.0,297.0,260.0,259.0,265.0,290.0,242.0,248.0,231.0,243.0,229.0,235.0,177.0,178.0,159.0,101.0,286.0,87.0,76.0,56.0,42.0,30.0,23.0,18.0,11.0,7.0,14.0
Østerbro,2033,665.0,585.0,293.0,336.0,306.0,322.0,312.0,329.0,340.0,319.0,358.0,387.0,511.0,473.0,648.0,778.0,881.0,953.0,1030.0,1049.0,1057.0,1068.0,1059.0,452.0,1046.0,1011.0,963.0,867.0,825.0,763.0,699.0,696.0,632.0,583.0,412.0,583.0,532.0,512.0,472.0,454.0,435.0,424.0,390.0,377.0,374.0,376.0,366.0,384.0,400.0,420.0,435.0,440.0,461.0,481.0,496.0,481.0,349.0,494.0,478.0,416.0,407.0,433.0,449.0,435.0,430.0,390.0,379.0,338.0,340.0,333.0,294.0,272.0,249.0,228.0,245.0,216.0,205.0,191.0,301.0,174.0,167.0,169.0,134.0,144.0,129.0,118.0,106.0,80.0,66.0,302.0,51.0,31.0,26.0,16.0,15.0,7.0,5.0,4.0,3.0,4.0,636.0,555.0,283.0,306.0,295.0,297.0,276.0,297.0,309.0,301.0,313.0,355.0,489.0,490.0,778.0,959.0,1040.0,1102.0,1121.0,1161.0,1160.0,1149.0,1126.0,431.0,1081.0,1018.0,970.0,883.0,830.0,757.0,690.0,672.0,625.0,578.0,390.0,550.0,539.0,518.0,498.0,469.0,442.0,458.0,415.0,429.0,438.0,364.0,403.0,421.0,462.0,451.0,480.0,457.0,464.0,507.0,520.0,537.0,340.0,531.0,515.0,465.0,455.0,457.0,521.0,467.0,490.0,442.0,398.0,314.0,371.0,369.0,332.0,300.0,288.0,277.0,259.0,293.0,253.0,258.0,292.0,258.0,234.0,238.0,223.0,232.0,219.0,217.0,170.0,165.0,138.0,284.0,89.0,77.0,69.0,49.0,33.0,24.0,18.0,14.0,8.0,15.0
Østerbro,2034,675.0,596.0,304.0,292.0,337.0,307.0,325.0,315.0,339.0,344.0,339.0,386.0,520.0,463.0,645.0,790.0,873.0,987.0,1050.0,1092.0,1087.0,1079.0,1072.0,463.0,1046.0,1011.0,968.0,890.0,805.0,762.0,721.0,673.0,654.0,607.0,426.0,572.0,566.0,516.0,498.0,461.0,453.0,426.0,416.0,390.0,375.0,387.0,370.0,372.0,387.0,410.0,423.0,437.0,440.0,461.0,479.0,487.0,361.0,478.0,491.0,471.0,408.0,401.0,423.0,441.0,426.0,422.0,385.0,344.0,370.0,331.0,323.0,287.0,266.0,244.0,223.0,240.0,211.0,195.0,337.0,185.0,164.0,158.0,155.0,123.0,132.0,120.0,107.0,93.0,70.0,297.0,54.0,41.0,24.0,18.0,14.0,11.0,5.0,4.0,3.0,5.0,645.0,565.0,281.0,285.0,303.0,294.0,298.0,285.0,303.0,314.0,320.0,366.0,498.0,471.0,767.0,971.0,1052.0,1146.0,1145.0,1185.0,1189.0,1154.0,1117.0,441.0,1077.0,1016.0,963.0,912.0,823.0,761.0,712.0,655.0,643.0,612.0,403.0,559.0,545.0,526.0,513.0,499.0,467.0,440.0,456.0,414.0,428.0,375.0,437.0,407.0,429.0,467.0,448.0,481.0,459.0,469.0,508.0,516.0,352.0,536.0,522.0,508.0,456.0,451.0,455.0,515.0,459.0,485.0,433.0,338.0,391.0,369.0,364.0,324.0,297.0,281.0,273.0,256.0,283.0,250.0,306.0,251.0,248.0,224.0,229.0,212.0,219.0,200.0,204.0,156.0,140.0,286.0,117.0,77.0,67.0,58.0,36.0,26.0,19.0,13.0,9.0,15.0
Østerbro,2035,682.0,605.0,300.0,302.0,295.0,337.0,311.0,328.0,325.0,344.0,364.0,371.0,530.0,460.0,643.0,782.0,886.0,979.0,1085.0,1109.0,1128.0,1106.0,1083.0,471.0,1059.0,1011.0,968.0,895.0,823.0,745.0,721.0,692.0,634.0,627.0,436.0,594.0,558.0,548.0,503.0,486.0,461.0,444.0,419.0,416.0,388.0,400.0,371.0,376.0,376.0,396.0,413.0,426.0,438.0,440.0,459.0,472.0,372.0,483.0,475.0,485.0,460.0,402.0,393.0,416.0,432.0,418.0,416.0,355.0,377.0,361.0,322.0,315.0,280.0,260.0,238.0,219.0,234.0,202.0,344.0,189.0,175.0,155.0,145.0,142.0,113.0,121.0,109.0,94.0,82.0,332.0,59.0,44.0,31.0,17.0,15.0,11.0,8.0,4.0,3.0,5.0,651.0,574.0,283.0,282.0,283.0,302.0,294.0,306.0,292.0,310.0,334.0,372.0,507.0,483.0,756.0,953.0,1065.0,1153.0,1185.0,1207.0,1211.0,1180.0,1122.0,449.0,1070.0,1012.0,961.0,907.0,849.0,756.0,716.0,673.0,629.0,629.0,412.0,591.0,554.0,532.0,521.0,514.0,495.0,464.0,440.0,453.0,416.0,387.0,429.0,439.0,415.0,436.0,463.0,452.0,483.0,463.0,472.0,505.0,361.0,516.0,528.0,516.0,498.0,452.0,448.0,451.0,504.0,456.0,476.0,350.0,426.0,390.0,364.0,354.0,321.0,290.0,277.0,270.0,249.0,279.0,329.0,244.0,242.0,238.0,215.0,218.0,201.0,201.0,189.0,186.0,134.0,300.0,120.0,101.0,68.0,57.0,43.0,29.0,20.0,13.0,8.0,16.0
Østerbro,2036,689.0,611.0,333.0,298.0,303.0,297.0,340.0,315.0,338.0,330.0,365.0,394.0,538.0,452.0,642.0,788.0,873.0,995.0,1077.0,1145.0,1144.0,1146.0,1108.0,480.0,1070.0,1024.0,967.0,894.0,830.0,761.0,708.0,693.0,650.0,610.0,444.0,613.0,578.0,542.0,532.0,491.0,484.0,452.0,436.0,419.0,413.0,409.0,383.0,377.0,380.0,386.0,400.0,416.0,428.0,438.0,437.0,453.0,383.0,469.0,481.0,470.0,474.0,452.0,394.0,387.0,408.0,424.0,413.0,366.0,407.0,368.0,352.0,315.0,307.0,274.0,253.0,233.0,215.0,224.0,355.0,196.0,179.0,166.0,143.0,134.0,131.0,105.0,111.0,96.0,83.0,339.0,68.0,47.0,34.0,22.0,14.0,12.0,8.0,6.0,3.0,5.0,657.0,580.0,297.0,285.0,280.0,282.0,303.0,302.0,312.0,299.0,331.0,389.0,515.0,493.0,774.0,943.0,1045.0,1168.0,1189.0,1246.0,1232.0,1200.0,1147.0,458.0,1076.0,1008.0,956.0,906.0,846.0,779.0,712.0,678.0,644.0,616.0,419.0,607.0,584.0,541.0,528.0,522.0,511.0,492.0,463.0,438.0,452.0,396.0,417.0,431.0,445.0,421.0,434.0,466.0,455.0,485.0,465.0,470.0,373.0,506.0,509.0,521.0,506.0,493.0,450.0,444.0,443.0,500.0,448.0,359.0,467.0,424.0,385.0,355.0,350.0,314.0,287.0,274.0,262.0,247.0,340.0,271.0,236.0,232.0,229.0,206.0,207.0,185.0,190.0,173.0,159.0,322.0,115.0,104.0,88.0,58.0,43.0,34.0,22.0,14.0,8.0,16.0
Østerbro,2037,696.0,618.0,341.0,330.0,301.0,305.0,302.0,343.0,325.0,343.0,352.0,399.0,544.0,475.0,650.0,786.0,877.0,974.0,1092.0,1135.0,1179.0,1160.0,1146.0,488.0,1092.0,1034.0,979.0,894.0,828.0,768.0,721.0,681.0,651.0,624.0,452.0,598.0,596.0,560.0,527.0,518.0,491.0,474.0,445.0,436.0,417.0,417.0,408.0,389.0,380.0,389.0,389.0,402.0,418.0,429.0,436.0,431.0,392.0,451.0,468.0,476.0,461.0,466.0,441.0,388.0,381.0,401.0,419.0,377.0,405.0,397.0,359.0,344.0,307.0,300.0,267.0,248.0,229.0,206.0,365.0,217.0,185.0,169.0,153.0,131.0,124.0,121.0,97.0,97.0,85.0,350.0,69.0,54.0,36.0,23.0,18.0,11.0,9.0,5.0,5.0,5.0,664.0,586.0,318.0,299.0,282.0,279.0,284.0,311.0,308.0,318.0,321.0,389.0,521.0,517.0,800.0,956.0,1032.0,1142.0,1203.0,1247.0,1268.0,1219.0,1166.0,464.0,1099.0,1014.0,954.0,901.0,845.0,777.0,733.0,674.0,649.0,630.0,427.0,596.0,600.0,570.0,536.0,529.0,518.0,507.0,490.0,461.0,439.0,403.0,452.0,422.0,438.0,450.0,419.0,438.0,468.0,459.0,486.0,463.0,381.0,472.0,500.0,504.0,511.0,502.0,490.0,446.0,436.0,441.0,491.0,371.0,441.0,464.0,418.0,375.0,351.0,342.0,310.0,284.0,266.0,259.0,349.0,241.0,261.0,226.0,223.0,219.0,195.0,190.0,174.0,174.0,149.0,332.0,137.0,100.0,91.0,75.0,43.0,34.0,26.0,16.0,9.0,17.0
Østerbro,2038,699.0,622.0,351.0,338.0,331.0,302.0,307.0,306.0,352.0,330.0,364.0,386.0,548.0,487.0,685.0,802.0,867.0,974.0,1061.0,1146.0,1164.0,1191.0,1154.0,492.0,1125.0,1051.0,986.0,902.0,826.0,764.0,726.0,691.0,639.0,623.0,458.0,609.0,581.0,576.0,543.0,514.0,515.0,480.0,466.0,444.0,432.0,423.0,411.0,413.0,391.0,389.0,392.0,391.0,403.0,418.0,426.0,430.0,399.0,428.0,450.0,464.0,466.0,453.0,456.0,433.0,381.0,374.0,396.0,385.0,410.0,396.0,387.0,351.0,335.0,301.0,292.0,261.0,244.0,219.0,376.0,201.0,205.0,175.0,156.0,141.0,121.0,115.0,110.0,85.0,86.0,359.0,72.0,55.0,42.0,26.0,20.0,14.0,8.0,6.0,5.0,7.0,667.0,590.0,328.0,319.0,295.0,281.0,280.0,292.0,317.0,314.0,338.0,380.0,524.0,530.0,843.0,978.0,1036.0,1123.0,1170.0,1258.0,1262.0,1247.0,1178.0,468.0,1113.0,1031.0,957.0,897.0,837.0,773.0,730.0,692.0,644.0,633.0,432.0,606.0,589.0,583.0,563.0,537.0,525.0,514.0,505.0,487.0,460.0,409.0,440.0,453.0,430.0,443.0,444.0,422.0,440.0,471.0,461.0,483.0,387.0,463.0,467.0,495.0,494.0,507.0,499.0,484.0,438.0,433.0,433.0,378.0,482.0,439.0,458.0,407.0,371.0,343.0,337.0,306.0,276.0,264.0,359.0,253.0,233.0,250.0,219.0,214.0,207.0,180.0,180.0,160.0,150.0,341.0,128.0,119.0,88.0,78.0,56.0,34.0,26.0,18.0,10.0,17.0
Østerbro,2039,703.0,625.0,360.0,348.0,339.0,331.0,305.0,310.0,316.0,355.0,352.0,397.0,551.0,475.0,717.0,836.0,883.0,958.0,1058.0,1108.0,1173.0,1174.0,1183.0,495.0,1131.0,1080.0,1000.0,908.0,833.0,762.0,721.0,695.0,647.0,613.0,462.0,608.0,590.0,562.0,558.0,528.0,512.0,503.0,471.0,464.0,441.0,429.0,426.0,416.0,415.0,399.0,391.0,394.0,392.0,403.0,416.0,421.0,405.0,427.0,427.0,446.0,455.0,458.0,443.0,447.0,424.0,374.0,370.0,391.0,389.0,401.0,386.0,378.0,343.0,328.0,293.0,286.0,256.0,233.0,383.0,213.0,190.0,194.0,162.0,144.0,130.0,112.0,106.0,97.0,76.0,369.0,72.0,58.0,43.0,29.0,21.0,16.0,11.0,6.0,5.0,7.0,671.0,593.0,336.0,329.0,315.0,294.0,281.0,286.0,299.0,323.0,335.0,396.0,528.0,528.0,875.0,1018.0,1053.0,1122.0,1149.0,1221.0,1271.0,1239.0,1204.0,471.0,1123.0,1043.0,972.0,899.0,834.0,766.0,726.0,689.0,660.0,628.0,436.0,608.0,597.0,573.0,576.0,563.0,533.0,521.0,511.0,502.0,485.0,414.0,460.0,443.0,460.0,436.0,438.0,446.0,425.0,444.0,471.0,459.0,393.0,483.0,458.0,464.0,486.0,491.0,504.0,494.0,474.0,435.0,425.0,384.0,426.0,480.0,434.0,446.0,403.0,362.0,338.0,333.0,297.0,274.0,366.0,258.0,244.0,224.0,241.0,210.0,203.0,191.0,170.0,165.0,138.0,350.0,129.0,112.0,104.0,75.0,58.0,44.0,27.0,18.0,12.0,19.0
Østerbro,2040,706.0,628.0,370.0,356.0,349.0,339.0,333.0,309.0,319.0,322.0,376.0,386.0,554.0,488.0,710.0,878.0,913.0,976.0,1038.0,1104.0,1132.0,1182.0,1165.0,499.0,1158.0,1085.0,1026.0,920.0,837.0,768.0,719.0,691.0,651.0,620.0,465.0,599.0,590.0,570.0,545.0,542.0,525.0,500.0,493.0,470.0,460.0,432.0,435.0,431.0,418.0,423.0,401.0,393.0,395.0,392.0,401.0,410.0,410.0,419.0,426.0,423.0,438.0,448.0,448.0,436.0,439.0,416.0,370.0,397.0,364.0,380.0,390.0,378.0,369.0,336.0,320.0,287.0,280.0,246.0,389.0,227.0,202.0,180.0,179.0,149.0,133.0,121.0,103.0,93.0,86.0,376.0,64.0,58.0,45.0,30.0,25.0,17.0,11.0,7.0,5.0,8.0,674.0,596.0,345.0,337.0,324.0,313.0,294.0,288.0,292.0,305.0,343.0,393.0,530.0,547.0,880.0,1056.0,1090.0,1136.0,1144.0,1198.0,1232.0,1248.0,1195.0,474.0,1146.0,1052.0,982.0,913.0,836.0,763.0,719.0,685.0,657.0,643.0,439.0,604.0,599.0,580.0,567.0,575.0,558.0,528.0,518.0,507.0,500.0,417.0,485.0,462.0,450.0,465.0,432.0,441.0,447.0,428.0,446.0,469.0,398.0,460.0,476.0,454.0,456.0,483.0,488.0,499.0,484.0,471.0,427.0,390.0,418.0,424.0,473.0,424.0,440.0,393.0,358.0,334.0,323.0,294.0,372.0,267.0,249.0,235.0,217.0,230.0,199.0,187.0,181.0,156.0,142.0,357.0,119.0,112.0,99.0,89.0,57.0,46.0,34.0,19.0,12.0,21.0
Østerbro,2041,709.0,631.0,377.0,366.0,357.0,349.0,342.0,336.0,318.0,323.0,345.0,409.0,557.0,480.0,733.0,873.0,960.0,1006.0,1059.0,1084.0,1130.0,1141.0,1174.0,501.0,1142.0,1111.0,1031.0,944.0,848.0,773.0,727.0,690.0,648.0,624.0,468.0,606.0,581.0,570.0,552.0,531.0,540.0,513.0,491.0,491.0,467.0,435.0,453.0,441.0,433.0,427.0,425.0,403.0,394.0,395.0,390.0,396.0,413.0,409.0,418.0,422.0,415.0,432.0,439.0,441.0,428.0,430.0,411.0,401.0,364.0,356.0,370.0,382.0,370.0,362.0,328.0,314.0,282.0,268.0,395.0,239.0,215.0,192.0,167.0,165.0,138.0,124.0,111.0,91.0,84.0,382.0,72.0,51.0,45.0,32.0,25.0,20.0,12.0,8.0,6.0,8.0,677.0,599.0,352.0,346.0,332.0,322.0,314.0,301.0,294.0,298.0,327.0,403.0,533.0,551.0,904.0,1062.0,1131.0,1175.0,1159.0,1193.0,1211.0,1211.0,1205.0,477.0,1138.0,1074.0,991.0,923.0,849.0,766.0,718.0,679.0,654.0,642.0,442.0,618.0,595.0,583.0,573.0,567.0,570.0,553.0,526.0,515.0,506.0,420.0,500.0,487.0,470.0,456.0,460.0,436.0,442.0,449.0,430.0,444.0,401.0,469.0,454.0,472.0,446.0,454.0,481.0,484.0,490.0,481.0,462.0,394.0,420.0,417.0,419.0,461.0,419.0,429.0,388.0,353.0,324.0,320.0,378.0,288.0,259.0,240.0,227.0,209.0,218.0,184.0,178.0,166.0,135.0,363.0,123.0,104.0,99.0,85.0,67.0,45.0,36.0,24.0,12.0,22.0
Østerbro,2042,717.0,638.0,384.0,375.0,368.0,359.0,353.0,346.0,345.0,323.0,346.0,384.0,563.0,506.0,741.0,904.0,961.0,1063.0,1094.0,1113.0,1116.0,1146.0,1139.0,507.0,1157.0,1101.0,1060.0,953.0,875.0,788.0,735.0,700.0,649.0,623.0,473.0,613.0,589.0,564.0,554.0,539.0,531.0,529.0,505.0,492.0,488.0,440.0,462.0,460.0,445.0,444.0,431.0,427.0,405.0,395.0,394.0,386.0,418.0,395.0,408.0,415.0,415.0,409.0,424.0,433.0,433.0,420.0,426.0,406.0,403.0,356.0,347.0,363.0,374.0,363.0,353.0,322.0,309.0,271.0,401.0,260.0,227.0,204.0,178.0,154.0,153.0,129.0,114.0,98.0,81.0,389.0,71.0,58.0,40.0,32.0,27.0,20.0,14.0,8.0,7.0,9.0,684.0,605.0,359.0,354.0,342.0,331.0,324.0,322.0,308.0,301.0,319.0,392.0,539.0,573.0,920.0,1088.0,1143.0,1224.0,1202.0,1214.0,1211.0,1197.0,1176.0,482.0,1154.0,1072.0,1016.0,936.0,863.0,781.0,725.0,681.0,651.0,641.0,446.0,619.0,611.0,581.0,577.0,574.0,564.0,566.0,551.0,524.0,515.0,425.0,507.0,504.0,496.0,477.0,453.0,463.0,439.0,446.0,450.0,429.0,406.0,445.0,464.0,451.0,464.0,444.0,454.0,478.0,476.0,487.0,473.0,399.0,454.0,419.0,412.0,410.0,456.0,410.0,423.0,383.0,344.0,321.0,383.0,312.0,278.0,249.0,232.0,218.0,199.0,201.0,175.0,164.0,144.0,369.0,117.0,108.0,92.0,85.0,64.0,53.0,36.0,25.0,16.0,23.0
Østerbro,2043,721.0,644.0,391.0,382.0,376.0,369.0,362.0,356.0,356.0,349.0,346.0,381.0,569.0,490.0,783.0,914.0,989.0,1063.0,1154.0,1145.0,1143.0,1130.0,1143.0,512.0,1121.0,1115.0,1049.0,978.0,882.0,811.0,748.0,707.0,658.0,624.0,478.0,611.0,595.0,571.0,549.0,540.0,538.0,520.0,520.0,504.0,489.0,444.0,482.0,469.0,463.0,455.0,447.0,433.0,429.0,406.0,394.0,390.0,422.0,385.0,395.0,406.0,408.0,410.0,402.0,418.0,425.0,425.0,416.0,410.0,418.0,394.0,348.0,341.0,356.0,367.0,355.0,347.0,317.0,296.0,405.0,263.0,247.0,215.0,189.0,164.0,144.0,142.0,119.0,100.0,88.0,394.0,69.0,57.0,45.0,29.0,27.0,21.0,15.0,10.0,7.0,10.0,687.0,611.0,365.0,360.0,350.0,341.0,332.0,332.0,328.0,314.0,322.0,380.0,544.0,581.0,956.0,1102.0,1164.0,1235.0,1249.0,1255.0,1230.0,1195.0,1161.0,487.0,1125.0,1086.0,1013.0,958.0,873.0,792.0,738.0,687.0,653.0,637.0,451.0,617.0,612.0,595.0,575.0,577.0,569.0,560.0,564.0,548.0,524.0,429.0,516.0,511.0,512.0,503.0,473.0,458.0,466.0,444.0,447.0,448.0,410.0,430.0,441.0,460.0,444.0,461.0,443.0,452.0,470.0,474.0,479.0,403.0,465.0,453.0,414.0,402.0,406.0,445.0,405.0,418.0,372.0,341.0,387.0,314.0,302.0,267.0,241.0,223.0,207.0,184.0,191.0,161.0,142.0,374.0,124.0,103.0,95.0,79.0,64.0,51.0,42.0,25.0,17.0,26.0
Østerbro,2044,715.0,642.0,394.0,386.0,381.0,376.0,371.0,364.0,365.0,359.0,369.0,380.0,569.0,481.0,786.0,940.0,988.0,1079.0,1142.0,1195.0,1164.0,1147.0,1116.0,513.0,1115.0,1071.0,1054.0,960.0,898.0,812.0,764.0,714.0,661.0,629.0,479.0,609.0,590.0,574.0,552.0,533.0,537.0,523.0,509.0,517.0,499.0,446.0,482.0,486.0,471.0,472.0,458.0,448.0,433.0,428.0,403.0,388.0,423.0,388.0,384.0,391.0,398.0,403.0,402.0,395.0,411.0,418.0,421.0,412.0,409.0,409.0,384.0,341.0,334.0,349.0,358.0,349.0,341.0,305.0,407.0,288.0,250.0,234.0,199.0,175.0,153.0,134.0,131.0,104.0,90.0,397.0,74.0,55.0,45.0,32.0,24.0,21.0,16.0,10.0,9.0,11.0,682.0,609.0,368.0,365.0,355.0,347.0,340.0,339.0,337.0,333.0,333.0,382.0,544.0,566.0,975.0,1124.0,1167.0,1244.0,1250.0,1294.0,1259.0,1203.0,1150.0,487.0,1103.0,1051.0,1019.0,948.0,887.0,796.0,744.0,695.0,654.0,635.0,452.0,610.0,607.0,593.0,586.0,573.0,570.0,563.0,556.0,559.0,546.0,431.0,523.0,518.0,518.0,518.0,497.0,475.0,459.0,468.0,445.0,444.0,411.0,447.0,425.0,437.0,451.0,441.0,459.0,440.0,445.0,468.0,466.0,405.0,471.0,464.0,447.0,404.0,398.0,397.0,439.0,401.0,406.0,368.0,389.0,333.0,303.0,290.0,259.0,232.0,212.0,192.0,175.0,175.0,140.0,376.0,123.0,109.0,91.0,82.0,60.0,51.0,40.0,29.0,16.0,29.0
Østerbro,2045,715.0,638.0,397.0,390.0,386.0,381.0,378.0,373.0,373.0,368.0,381.0,402.0,568.0,482.0,757.0,950.0,1011.0,1081.0,1159.0,1186.0,1216.0,1169.0,1135.0,514.0,1091.0,1068.0,1014.0,966.0,883.0,828.0,765.0,730.0,668.0,632.0,481.0,614.0,588.0,569.0,555.0,536.0,529.0,523.0,513.0,507.0,512.0,448.0,491.0,488.0,488.0,480.0,474.0,459.0,448.0,433.0,425.0,398.0,425.0,386.0,387.0,381.0,385.0,393.0,395.0,395.0,388.0,404.0,414.0,414.0,413.0,400.0,399.0,376.0,334.0,328.0,341.0,352.0,343.0,327.0,410.0,297.0,274.0,238.0,217.0,184.0,163.0,142.0,124.0,115.0,94.0,399.0,76.0,60.0,43.0,32.0,27.0,19.0,16.0,11.0,9.0,13.0,682.0,606.0,371.0,368.0,359.0,352.0,346.0,347.0,344.0,342.0,354.0,394.0,543.0,569.0,932.0,1147.0,1188.0,1248.0,1259.0,1298.0,1301.0,1233.0,1160.0,489.0,1094.0,1033.0,988.0,954.0,878.0,809.0,748.0,702.0,663.0,637.0,453.0,609.0,600.0,588.0,585.0,584.0,566.0,564.0,558.0,552.0,557.0,432.0,544.0,526.0,526.0,524.0,512.0,499.0,477.0,463.0,468.0,443.0,413.0,444.0,441.0,422.0,430.0,448.0,441.0,455.0,433.0,443.0,460.0,407.0,458.0,469.0,458.0,436.0,400.0,389.0,392.0,434.0,390.0,402.0,391.0,359.0,322.0,291.0,280.0,249.0,221.0,196.0,182.0,161.0,152.0,378.0,122.0,108.0,97.0,78.0,63.0,48.0,40.0,28.0,19.0,31.0
Østerbro,2046,714.0,638.0,399.0,392.0,390.0,386.0,383.0,380.0,382.0,376.0,391.0,416.0,566.0,503.0,757.0,909.0,1026.0,1100.0,1160.0,1201.0,1206.0,1221.0,1155.0,514.0,1110.0,1044.0,1011.0,930.0,888.0,814.0,780.0,731.0,683.0,638.0,482.0,618.0,594.0,568.0,551.0,539.0,532.0,516.0,512.0,510.0,503.0,449.0,504.0,497.0,490.0,497.0,483.0,475.0,459.0,448.0,430.0,419.0,427.0,395.0,385.0,383.0,374.0,380.0,386.0,390.0,389.0,382.0,400.0,415.0,407.0,404.0,390.0,391.0,368.0,328.0,321.0,336.0,346.0,331.0,411.0,319.0,282.0,260.0,221.0,201.0,172.0,152.0,131.0,109.0,104.0,401.0,80.0,61.0,47.0,31.0,27.0,21.0,14.0,11.0,9.0,14.0,681.0,606.0,373.0,371.0,363.0,356.0,351.0,353.0,352.0,350.0,363.0,418.0,541.0,584.0,932.0,1090.0,1211.0,1267.0,1262.0,1305.0,1303.0,1273.0,1188.0,488.0,1103.0,1024.0,971.0,926.0,884.0,801.0,761.0,706.0,669.0,645.0,454.0,611.0,599.0,582.0,580.0,583.0,577.0,560.0,559.0,554.0,550.0,433.0,555.0,546.0,533.0,532.0,518.0,515.0,500.0,480.0,463.0,465.0,414.0,443.0,438.0,437.0,414.0,428.0,447.0,438.0,448.0,431.0,436.0,408.0,453.0,457.0,464.0,447.0,432.0,391.0,384.0,388.0,422.0,387.0,393.0,392.0,347.0,309.0,281.0,269.0,237.0,204.0,187.0,168.0,140.0,380.0,132.0,107.0,96.0,83.0,60.0,50.0,38.0,28.0,19.0,34.0
Østerbro,2047,715.0,638.0,401.0,394.0,392.0,389.0,388.0,385.0,389.0,385.0,399.0,427.0,566.0,523.0,776.0,908.0,982.0,1118.0,1177.0,1202.0,1220.0,1212.0,1206.0,512.0,1129.0,1062.0,989.0,927.0,854.0,819.0,768.0,746.0,684.0,653.0,481.0,624.0,597.0,573.0,549.0,534.0,536.0,518.0,505.0,509.0,505.0,450.0,495.0,510.0,499.0,500.0,499.0,484.0,476.0,459.0,445.0,424.0,428.0,416.0,394.0,381.0,377.0,369.0,372.0,380.0,383.0,382.0,378.0,417.0,393.0,399.0,395.0,383.0,383.0,361.0,322.0,316.0,331.0,333.0,413.0,322.0,303.0,269.0,242.0,205.0,187.0,161.0,140.0,116.0,99.0,402.0,88.0,65.0,48.0,34.0,26.0,22.0,16.0,10.0,10.0,15.0,682.0,605.0,375.0,373.0,365.0,360.0,356.0,358.0,358.0,358.0,371.0,428.0,540.0,621.0,944.0,1088.0,1151.0,1291.0,1280.0,1308.0,1309.0,1277.0,1227.0,486.0,1129.0,1033.0,963.0,910.0,858.0,807.0,754.0,717.0,672.0,651.0,453.0,618.0,601.0,581.0,573.0,578.0,576.0,570.0,555.0,555.0,551.0,434.0,548.0,558.0,554.0,540.0,526.0,520.0,516.0,504.0,480.0,460.0,415.0,465.0,438.0,434.0,428.0,412.0,427.0,444.0,431.0,445.0,424.0,410.0,430.0,452.0,452.0,453.0,443.0,422.0,386.0,380.0,378.0,418.0,394.0,379.0,378.0,334.0,299.0,271.0,256.0,219.0,194.0,173.0,146.0,382.0,123.0,116.0,95.0,83.0,64.0,48.0,40.0,27.0,19.0,36.0
Østerbro,2048,717.0,639.0,403.0,396.0,394.0,392.0,391.0,390.0,394.0,391.0,408.0,435.0,565.0,535.0,808.0,925.0,981.0,1070.0,1198.0,1215.0,1221.0,1225.0,1196.0,511.0,1178.0,1079.0,1005.0,906.0,851.0,788.0,772.0,733.0,697.0,653.0,479.0,638.0,602.0,576.0,554.0,533.0,531.0,521.0,507.0,502.0,504.0,449.0,497.0,501.0,512.0,509.0,503.0,500.0,485.0,475.0,456.0,438.0,428.0,422.0,415.0,391.0,375.0,372.0,363.0,367.0,374.0,377.0,379.0,418.0,372.0,386.0,389.0,388.0,376.0,376.0,354.0,317.0,312.0,319.0,414.0,325.0,307.0,289.0,250.0,224.0,191.0,174.0,148.0,124.0,105.0,404.0,84.0,71.0,51.0,35.0,29.0,21.0,16.0,11.0,9.0,15.0,684.0,606.0,376.0,375.0,367.0,362.0,359.0,362.0,363.0,364.0,379.0,437.0,540.0,636.0,1000.0,1097.0,1148.0,1228.0,1303.0,1324.0,1311.0,1281.0,1230.0,485.0,1165.0,1057.0,971.0,902.0,843.0,783.0,759.0,710.0,683.0,654.0,451.0,623.0,608.0,583.0,572.0,572.0,571.0,569.0,565.0,550.0,552.0,434.0,549.0,551.0,565.0,560.0,534.0,529.0,522.0,520.0,504.0,477.0,416.0,461.0,459.0,435.0,426.0,426.0,412.0,425.0,436.0,430.0,438.0,411.0,418.0,430.0,447.0,442.0,449.0,433.0,416.0,382.0,370.0,375.0,395.0,408.0,366.0,364.0,323.0,288.0,258.0,237.0,208.0,180.0,150.0,383.0,128.0,108.0,103.0,83.0,64.0,51.0,38.0,28.0,18.0,37.0
Østerbro,2049,720.0,641.0,404.0,398.0,396.0,394.0,393.0,393.0,398.0,397.0,415.0,444.0,566.0,545.0,821.0,967.0,997.0,1069.0,1145.0,1238.0,1232.0,1226.0,1208.0,511.0,1169.0,1126.0,1021.0,921.0,833.0,786.0,743.0,737.0,685.0,666.0,479.0,638.0,616.0,581.0,557.0,538.0,529.0,516.0,511.0,504.0,497.0,447.0,496.0,502.0,504.0,522.0,511.0,505.0,500.0,484.0,472.0,450.0,428.0,436.0,420.0,411.0,384.0,370.0,365.0,357.0,361.0,368.0,374.0,418.0,373.0,365.0,377.0,383.0,380.0,369.0,368.0,348.0,313.0,301.0,415.0,311.0,310.0,293.0,268.0,232.0,209.0,179.0,161.0,131.0,112.0,405.0,90.0,68.0,56.0,36.0,30.0,23.0,16.0,11.0,10.0,15.0,687.0,608.0,377.0,376.0,369.0,364.0,361.0,365.0,368.0,369.0,385.0,446.0,540.0,646.0,1020.0,1161.0,1155.0,1224.0,1239.0,1349.0,1325.0,1284.0,1234.0,485.0,1169.0,1090.0,993.0,909.0,836.0,770.0,737.0,715.0,676.0,665.0,451.0,626.0,613.0,589.0,574.0,571.0,564.0,564.0,564.0,560.0,547.0,432.0,550.0,551.0,558.0,571.0,553.0,537.0,530.0,525.0,520.0,500.0,415.0,477.0,455.0,454.0,427.0,424.0,425.0,409.0,418.0,435.0,423.0,411.0,431.0,417.0,426.0,438.0,438.0,439.0,428.0,412.0,372.0,367.0,396.0,367.0,394.0,353.0,351.0,310.0,274.0,238.0,226.0,193.0,157.0,384.0,132.0,113.0,97.0,89.0,64.0,51.0,41.0,27.0,19.0,37.0
Østerbro,2050,724.0,643.0,405.0,399.0,398.0,396.0,395.0,395.0,401.0,401.0,420.0,452.0,568.0,555.0,831.0,985.0,1044.0,1084.0,1144.0,1183.0,1257.0,1235.0,1209.0,512.0,1180.0,1117.0,1064.0,935.0,846.0,769.0,741.0,709.0,689.0,654.0,479.0,650.0,616.0,594.0,562.0,540.0,534.0,515.0,505.0,508.0,499.0,447.0,489.0,501.0,504.0,514.0,525.0,512.0,505.0,499.0,481.0,465.0,426.0,448.0,434.0,417.0,403.0,379.0,363.0,360.0,351.0,355.0,365.0,417.0,368.0,365.0,356.0,370.0,376.0,374.0,362.0,363.0,343.0,302.0,415.0,294.0,297.0,295.0,273.0,249.0,217.0,196.0,165.0,142.0,119.0,406.0,96.0,73.0,54.0,40.0,31.0,24.0,17.0,11.0,10.0,16.0,691.0,610.0,378.0,377.0,370.0,365.0,363.0,367.0,371.0,373.0,390.0,454.0,542.0,657.0,1038.0,1184.0,1220.0,1231.0,1235.0,1282.0,1350.0,1297.0,1237.0,485.0,1172.0,1094.0,1024.0,930.0,843.0,763.0,724.0,694.0,681.0,658.0,451.0,636.0,616.0,594.0,581.0,573.0,563.0,557.0,559.0,559.0,557.0,432.0,545.0,552.0,558.0,565.0,565.0,556.0,539.0,534.0,526.0,516.0,413.0,500.0,471.0,451.0,446.0,425.0,423.0,422.0,403.0,417.0,427.0,410.0,417.0,430.0,413.0,417.0,434.0,429.0,433.0,423.0,401.0,370.0,396.0,359.0,355.0,380.0,341.0,338.0,296.0,254.0,227.0,209.0,168.0,385.0,137.0,116.0,101.0,84.0,68.0,51.0,41.0,29.0,18.0,38.0
Østerbro,2051,726.0,646.0,406.0,400.0,399.0,397.0,397.0,397.0,404.0,404.0,424.0,457.0,570.0,563.0,841.0,999.0,1063.0,1134.0,1157.0,1181.0,1200.0,1260.0,1216.0,513.0,1181.0,1127.0,1056.0,974.0,858.0,781.0,725.0,707.0,663.0,658.0,479.0,639.0,627.0,594.0,574.0,545.0,536.0,519.0,503.0,502.0,502.0,447.0,491.0,494.0,503.0,513.0,517.0,525.0,512.0,504.0,496.0,475.0,426.0,463.0,446.0,430.0,409.0,398.0,372.0,357.0,354.0,346.0,352.0,416.0,359.0,361.0,357.0,350.0,364.0,369.0,366.0,357.0,357.0,331.0,414.0,295.0,281.0,283.0,275.0,254.0,233.0,204.0,182.0,146.0,129.0,406.0,102.0,78.0,58.0,39.0,34.0,25.0,18.0,12.0,10.0,16.0,693.0,613.0,378.0,378.0,371.0,366.0,364.0,369.0,373.0,376.0,394.0,460.0,544.0,664.0,1055.0,1202.0,1242.0,1297.0,1240.0,1277.0,1283.0,1322.0,1249.0,487.0,1174.0,1096.0,1027.0,958.0,860.0,769.0,718.0,683.0,661.0,663.0,451.0,629.0,625.0,596.0,585.0,579.0,565.0,556.0,552.0,554.0,556.0,431.0,555.0,547.0,558.0,563.0,558.0,567.0,557.0,542.0,534.0,522.0,413.0,516.0,494.0,467.0,443.0,443.0,425.0,420.0,415.0,402.0,410.0,409.0,421.0,416.0,426.0,404.0,414.0,425.0,424.0,429.0,412.0,398.0,396.0,362.0,348.0,342.0,367.0,329.0,322.0,274.0,242.0,210.0,182.0,385.0,147.0,121.0,104.0,87.0,65.0,55.0,41.0,29.0,19.0,38.0
Østerbro,2052,729.0,648.0,405.0,400.0,399.0,398.0,398.0,398.0,405.0,406.0,427.0,462.0,572.0,567.0,845.0,1015.0,1079.0,1154.0,1209.0,1191.0,1197.0,1203.0,1241.0,515.0,1187.0,1128.0,1065.0,966.0,893.0,792.0,736.0,692.0,661.0,632.0,480.0,642.0,616.0,605.0,574.0,557.0,541.0,521.0,508.0,500.0,497.0,447.0,494.0,495.0,496.0,513.0,516.0,518.0,525.0,511.0,501.0,488.0,425.0,472.0,461.0,442.0,423.0,404.0,391.0,366.0,351.0,348.0,343.0,415.0,348.0,352.0,353.0,351.0,344.0,358.0,363.0,361.0,352.0,345.0,412.0,323.0,282.0,268.0,264.0,256.0,238.0,219.0,189.0,161.0,133.0,405.0,110.0,83.0,62.0,42.0,33.0,27.0,19.0,12.0,10.0,16.0,695.0,615.0,378.0,378.0,372.0,367.0,365.0,370.0,374.0,378.0,397.0,465.0,546.0,665.0,1069.0,1222.0,1260.0,1319.0,1305.0,1280.0,1276.0,1256.0,1273.0,488.0,1185.0,1098.0,1029.0,960.0,886.0,784.0,723.0,676.0,650.0,643.0,452.0,633.0,618.0,605.0,587.0,583.0,571.0,558.0,551.0,546.0,550.0,431.0,554.0,556.0,553.0,563.0,556.0,561.0,569.0,560.0,542.0,530.0,412.0,522.0,509.0,489.0,458.0,441.0,443.0,422.0,414.0,413.0,395.0,408.0,405.0,420.0,412.0,416.0,402.0,406.0,421.0,420.0,418.0,410.0,394.0,389.0,350.0,335.0,332.0,353.0,314.0,298.0,261.0,224.0,183.0,384.0,159.0,130.0,109.0,90.0,68.0,52.0,44.0,29.0,19.0,39.0
Østerbro,2053,731.0,650.0,405.0,400.0,400.0,398.0,399.0,399.0,407.0,408.0,429.0,465.0,574.0,570.0,847.0,1025.0,1097.0,1171.0,1230.0,1245.0,1206.0,1200.0,1185.0,517.0,1212.0,1133.0,1066.0,974.0,886.0,824.0,746.0,702.0,646.0,631.0,482.0,617.0,619.0,593.0,584.0,556.0,552.0,525.0,510.0,504.0,495.0,448.0,488.0,499.0,497.0,506.0,515.0,516.0,517.0,524.0,508.0,494.0,425.0,485.0,470.0,457.0,435.0,417.0,396.0,384.0,360.0,346.0,346.0,414.0,338.0,341.0,344.0,347.0,345.0,339.0,352.0,358.0,357.0,340.0,412.0,337.0,309.0,269.0,250.0,246.0,240.0,224.0,203.0,167.0,146.0,403.0,114.0,89.0,66.0,45.0,36.0,27.0,21.0,13.0,11.0,17.0,698.0,617.0,378.0,378.0,372.0,368.0,366.0,371.0,376.0,379.0,399.0,468.0,548.0,665.0,1078.0,1237.0,1280.0,1337.0,1326.0,1346.0,1278.0,1250.0,1211.0,490.0,1207.0,1108.0,1030.0,962.0,888.0,808.0,738.0,681.0,644.0,632.0,453.0,614.0,622.0,598.0,596.0,585.0,575.0,564.0,553.0,546.0,543.0,432.0,548.0,555.0,562.0,558.0,556.0,558.0,562.0,572.0,560.0,539.0,412.0,530.0,515.0,505.0,480.0,455.0,440.0,439.0,416.0,412.0,406.0,407.0,390.0,404.0,416.0,404.0,413.0,393.0,402.0,417.0,410.0,416.0,393.0,401.0,376.0,338.0,324.0,320.0,337.0,291.0,284.0,242.0,196.0,382.0,161.0,141.0,116.0,95.0,70.0,55.0,42.0,32.0,20.0,40.0
Østerbro,2054,733.0,652.0,403.0,399.0,399.0,398.0,399.0,400.0,408.0,409.0,431.0,468.0,576.0,572.0,848.0,1033.0,1111.0,1190.0,1248.0,1265.0,1259.0,1208.0,1181.0,519.0,1158.0,1157.0,1070.0,974.0,893.0,818.0,776.0,712.0,656.0,616.0,483.0,616.0,594.0,596.0,573.0,566.0,552.0,537.0,514.0,506.0,499.0,449.0,486.0,492.0,500.0,507.0,508.0,515.0,515.0,517.0,521.0,500.0,426.0,492.0,483.0,467.0,449.0,429.0,409.0,390.0,378.0,354.0,343.0,414.0,341.0,332.0,333.0,339.0,341.0,340.0,333.0,347.0,354.0,345.0,411.0,332.0,322.0,294.0,251.0,233.0,231.0,226.0,208.0,180.0,153.0,402.0,125.0,93.0,71.0,48.0,38.0,29.0,20.0,14.0,12.0,18.0,699.0,619.0,376.0,377.0,372.0,368.0,366.0,372.0,376.0,380.0,401.0,471.0,549.0,662.0,1085.0,1249.0,1296.0,1358.0,1343.0,1367.0,1341.0,1252.0,1206.0,492.0,1149.0,1129.0,1040.0,963.0,890.0,810.0,760.0,695.0,649.0,626.0,455.0,603.0,603.0,601.0,588.0,594.0,576.0,567.0,558.0,547.0,543.0,433.0,540.0,549.0,562.0,567.0,551.0,558.0,559.0,566.0,572.0,556.0,413.0,538.0,523.0,511.0,495.0,477.0,455.0,437.0,432.0,414.0,405.0,407.0,400.0,389.0,400.0,407.0,401.0,405.0,389.0,399.0,407.0,408.0,392.0,407.0,389.0,363.0,328.0,313.0,306.0,312.0,278.0,263.0,211.0,382.0,172.0,142.0,126.0,101.0,73.0,57.0,44.0,30.0,21.0,40.0
Østerbro,2055,734.0,654.0,402.0,398.0,398.0,398.0,399.0,401.0,408.0,410.0,432.0,470.0,578.0,572.0,848.0,1041.0,1122.0,1206.0,1268.0,1282.0,1279.0,1260.0,1188.0,521.0,1154.0,1106.0,1093.0,978.0,893.0,825.0,771.0,740.0,665.0,626.0,485.0,602.0,592.0,572.0,576.0,555.0,562.0,536.0,525.0,510.0,501.0,451.0,490.0,490.0,494.0,510.0,508.0,508.0,514.0,514.0,514.0,513.0,427.0,497.0,490.0,479.0,459.0,443.0,421.0,403.0,384.0,372.0,352.0,415.0,339.0,335.0,324.0,328.0,334.0,336.0,334.0,329.0,343.0,342.0,411.0,337.0,318.0,308.0,275.0,234.0,219.0,217.0,209.0,184.0,164.0,401.0,131.0,102.0,74.0,51.0,41.0,31.0,21.0,14.0,13.0,19.0,701.0,620.0,375.0,376.0,371.0,368.0,366.0,372.0,377.0,381.0,402.0,473.0,551.0,657.0,1090.0,1259.0,1308.0,1375.0,1363.0,1384.0,1361.0,1313.0,1207.0,493.0,1144.0,1076.0,1059.0,972.0,891.0,811.0,762.0,716.0,662.0,631.0,456.0,597.0,592.0,582.0,592.0,586.0,585.0,569.0,562.0,553.0,544.0,435.0,540.0,542.0,555.0,566.0,559.0,553.0,559.0,562.0,566.0,568.0,414.0,555.0,532.0,519.0,501.0,492.0,476.0,452.0,431.0,431.0,408.0,408.0,400.0,399.0,385.0,392.0,405.0,393.0,400.0,386.0,390.0,405.0,392.0,400.0,394.0,375.0,351.0,317.0,299.0,284.0,298.0,258.0,230.0,381.0,186.0,152.0,127.0,109.0,79.0,60.0,46.0,31.0,20.0,42.0
Østerbro,2056,737.0,655.0,401.0,397.0,397.0,397.0,399.0,401.0,408.0,410.0,433.0,471.0,579.0,571.0,847.0,1047.0,1132.0,1218.0,1284.0,1301.0,1295.0,1280.0,1238.0,522.0,1160.0,1102.0,1045.0,999.0,896.0,826.0,776.0,735.0,691.0,634.0,486.0,611.0,579.0,570.0,552.0,558.0,551.0,545.0,524.0,521.0,504.0,452.0,492.0,494.0,492.0,503.0,512.0,508.0,507.0,513.0,511.0,507.0,429.0,510.0,495.0,486.0,471.0,453.0,435.0,414.0,397.0,378.0,369.0,416.0,347.0,332.0,327.0,320.0,323.0,329.0,331.0,330.0,325.0,333.0,411.0,335.0,323.0,304.0,288.0,256.0,221.0,207.0,202.0,186.0,169.0,401.0,141.0,107.0,82.0,54.0,44.0,33.0,23.0,15.0,13.0,20.0,703.0,622.0,374.0,375.0,369.0,367.0,366.0,372.0,377.0,382.0,403.0,474.0,552.0,652.0,1095.0,1267.0,1319.0,1388.0,1379.0,1403.0,1376.0,1332.0,1266.0,495.0,1144.0,1071.0,1010.0,990.0,899.0,812.0,763.0,718.0,682.0,643.0,458.0,601.0,586.0,572.0,573.0,590.0,577.0,577.0,563.0,557.0,550.0,436.0,541.0,542.0,547.0,560.0,559.0,561.0,553.0,562.0,562.0,561.0,416.0,567.0,548.0,527.0,509.0,498.0,492.0,473.0,445.0,429.0,424.0,409.0,402.0,399.0,395.0,378.0,390.0,396.0,389.0,397.0,377.0,389.0,393.0,398.0,388.0,381.0,363.0,339.0,302.0,277.0,271.0,277.0,226.0,381.0,202.0,164.0,136.0,111.0,85.0,64.0,48.0,33.0,21.0,42.0
Østerbro,2057,740.0,658.0,401.0,396.0,396.0,395.0,398.0,400.0,408.0,410.0,434.0,472.0,581.0,570.0,847.0,1053.0,1141.0,1230.0,1297.0,1317.0,1314.0,1296.0,1257.0,524.0,1210.0,1108.0,1042.0,955.0,916.0,829.0,777.0,740.0,687.0,660.0,488.0,619.0,588.0,557.0,550.0,535.0,553.0,534.0,533.0,520.0,515.0,454.0,495.0,497.0,496.0,501.0,505.0,512.0,507.0,506.0,510.0,503.0,430.0,504.0,508.0,491.0,478.0,464.0,444.0,428.0,408.0,390.0,375.0,418.0,365.0,341.0,325.0,322.0,315.0,319.0,324.0,327.0,327.0,315.0,412.0,326.0,322.0,309.0,284.0,269.0,241.0,209.0,192.0,179.0,170.0,402.0,145.0,115.0,86.0,59.0,46.0,35.0,25.0,16.0,13.0,21.0,706.0,624.0,375.0,374.0,368.0,365.0,365.0,372.0,377.0,382.0,403.0,475.0,553.0,647.0,1099.0,1274.0,1328.0,1400.0,1392.0,1419.0,1394.0,1348.0,1284.0,496.0,1199.0,1071.0,1006.0,945.0,916.0,819.0,765.0,719.0,683.0,663.0,459.0,613.0,590.0,566.0,563.0,571.0,581.0,569.0,571.0,558.0,553.0,438.0,547.0,543.0,547.0,552.0,552.0,561.0,562.0,556.0,562.0,557.0,417.0,561.0,560.0,543.0,517.0,506.0,497.0,488.0,466.0,443.0,423.0,411.0,418.0,402.0,395.0,387.0,376.0,382.0,392.0,386.0,388.0,376.0,394.0,382.0,386.0,374.0,369.0,351.0,324.0,281.0,265.0,252.0,243.0,381.0,200.0,179.0,147.0,119.0,86.0,69.0,52.0,35.0,22.0,43.0
Østerbro,2058,747.0,661.0,402.0,396.0,395.0,395.0,396.0,399.0,408.0,410.0,434.0,473.0,583.0,569.0,849.0,1059.0,1150.0,1241.0,1310.0,1332.0,1330.0,1315.0,1273.0,526.0,1228.0,1155.0,1048.0,953.0,877.0,847.0,780.0,742.0,692.0,656.0,490.0,644.0,596.0,566.0,538.0,534.0,531.0,537.0,522.0,529.0,514.0,456.0,506.0,500.0,498.0,506.0,503.0,505.0,511.0,506.0,503.0,503.0,432.0,500.0,502.0,504.0,483.0,472.0,456.0,438.0,421.0,402.0,387.0,419.0,371.0,358.0,333.0,320.0,318.0,311.0,314.0,320.0,324.0,317.0,414.0,309.0,313.0,308.0,289.0,266.0,253.0,228.0,194.0,171.0,165.0,403.0,147.0,119.0,92.0,62.0,51.0,37.0,26.0,17.0,14.0,22.0,712.0,627.0,375.0,374.0,368.0,364.0,364.0,371.0,377.0,382.0,404.0,476.0,556.0,642.0,1103.0,1281.0,1337.0,1411.0,1404.0,1433.0,1410.0,1366.0,1300.0,497.0,1217.0,1123.0,1007.0,941.0,874.0,835.0,772.0,721.0,685.0,665.0,460.0,632.0,602.0,570.0,557.0,561.0,562.0,573.0,564.0,566.0,554.0,439.0,551.0,549.0,549.0,552.0,544.0,554.0,562.0,565.0,556.0,557.0,418.0,556.0,554.0,555.0,532.0,514.0,505.0,494.0,481.0,464.0,436.0,412.0,417.0,417.0,398.0,387.0,385.0,368.0,378.0,389.0,378.0,386.0,395.0,369.0,371.0,373.0,363.0,357.0,336.0,301.0,268.0,246.0,221.0,382.0,214.0,177.0,160.0,128.0,93.0,70.0,56.0,37.0,23.0,44.0
Østerbro,2059,753.0,667.0,403.0,397.0,395.0,394.0,395.0,398.0,407.0,410.0,434.0,473.0,586.0,568.0,851.0,1066.0,1158.0,1250.0,1321.0,1344.0,1344.0,1331.0,1291.0,528.0,1244.0,1172.0,1092.0,957.0,874.0,812.0,798.0,744.0,693.0,661.0,491.0,641.0,620.0,574.0,546.0,521.0,529.0,514.0,525.0,518.0,524.0,457.0,505.0,511.0,501.0,508.0,508.0,503.0,504.0,510.0,503.0,496.0,433.0,500.0,498.0,498.0,496.0,477.0,463.0,449.0,431.0,415.0,399.0,420.0,383.0,364.0,350.0,328.0,316.0,313.0,306.0,311.0,317.0,314.0,415.0,310.0,296.0,299.0,288.0,271.0,251.0,239.0,212.0,173.0,157.0,404.0,142.0,120.0,96.0,67.0,54.0,41.0,28.0,18.0,15.0,23.0,719.0,633.0,376.0,375.0,368.0,364.0,363.0,369.0,376.0,381.0,403.0,477.0,559.0,638.0,1108.0,1288.0,1344.0,1420.0,1414.0,1445.0,1423.0,1382.0,1318.0,499.0,1232.0,1139.0,1054.0,942.0,871.0,797.0,787.0,728.0,687.0,666.0,462.0,634.0,621.0,582.0,561.0,555.0,552.0,554.0,567.0,558.0,562.0,440.0,552.0,553.0,554.0,554.0,545.0,546.0,555.0,565.0,564.0,551.0,420.0,556.0,550.0,549.0,544.0,529.0,513.0,501.0,486.0,479.0,456.0,413.0,430.0,416.0,413.0,390.0,385.0,377.0,365.0,375.0,381.0,377.0,397.0,379.0,359.0,359.0,362.0,352.0,341.0,312.0,288.0,249.0,216.0,384.0,195.0,190.0,159.0,140.0,100.0,75.0,56.0,40.0,25.0,46.0
Østerbro,2060,761.0,672.0,404.0,398.0,396.0,394.0,395.0,397.0,405.0,408.0,433.0,473.0,591.0,566.0,854.0,1073.0,1166.0,1259.0,1331.0,1354.0,1356.0,1345.0,1306.0,531.0,1261.0,1187.0,1107.0,997.0,878.0,809.0,765.0,761.0,696.0,662.0,493.0,646.0,616.0,597.0,554.0,529.0,516.0,513.0,503.0,521.0,513.0,459.0,514.0,510.0,512.0,511.0,510.0,507.0,502.0,503.0,507.0,496.0,435.0,493.0,498.0,494.0,490.0,489.0,468.0,456.0,442.0,424.0,412.0,422.0,394.0,376.0,356.0,345.0,324.0,312.0,309.0,303.0,308.0,308.0,416.0,308.0,298.0,284.0,281.0,270.0,256.0,237.0,222.0,189.0,159.0,405.0,136.0,117.0,97.0,70.0,58.0,43.0,31.0,19.0,17.0,24.0,726.0,638.0,377.0,376.0,368.0,364.0,362.0,368.0,374.0,380.0,403.0,477.0,563.0,634.0,1114.0,1294.0,1351.0,1428.0,1423.0,1455.0,1434.0,1395.0,1332.0,502.0,1248.0,1153.0,1069.0,986.0,872.0,794.0,752.0,742.0,693.0,668.0,464.0,635.0,622.0,599.0,572.0,559.0,546.0,544.0,548.0,562.0,554.0,442.0,559.0,553.0,558.0,559.0,547.0,547.0,547.0,558.0,565.0,559.0,421.0,550.0,549.0,544.0,538.0,541.0,528.0,509.0,494.0,484.0,471.0,415.0,450.0,430.0,412.0,405.0,388.0,377.0,373.0,362.0,368.0,380.0,398.0,371.0,369.0,347.0,349.0,352.0,337.0,317.0,299.0,268.0,219.0,385.0,191.0,174.0,170.0,139.0,109.0,81.0,61.0,41.0,27.0,49.0
