district,year,pop_descendants_of_non_western_origin_0_10_years_men,pop_descendants_of_non_western_origin_0_10_years_women,pop_descendants_of_non_western_origin_10_19_years_men,pop_descendants_of_non_western_origin_10_19_years_women,pop_descendants_of_non_western_origin_20_29_years_men,pop_descendants_of_non_western_origin_20_29_years_women,pop_descendants_of_non_western_origin_30_39_years_men,pop_descendants_of_non_western_origin_30_39_years_women,pop_descendants_of_non_western_origin_40_49_years_men,pop_descendants_of_non_western_origin_40_49_years_women,pop_descendants_of_non_western_origin_50_59_years_men,pop_descendants_of_non_western_origin_50_59_years_women,pop_descendants_of_non_western_origin_60+_years_men,pop_descendants_of_non_western_origin_60+_years_women,pop_descendats_of_western_origin_0_10_years_men,pop_descendats_of_western_origin_0_10_years_women,pop_descendats_of_western_origin_10_19_years_men,pop_descendats_of_western_origin_10_19_years_women,pop_descendats_of_western_origin_20_29_years_men,pop_descendats_of_western_origin_20_29_years_women,pop_descendats_of_western_origin_30_39_years_men,pop_descendats_of_western_origin_30_39_years_women,pop_descendats_of_western_origin_40_49_years_men,pop_descendats_of_western_origin_40_49_years_women,pop_descendats_of_western_origin_50_59_years_men,pop_descendats_of_western_origin_50_59_years_women,pop_descendats_of_western_origin_60+_years_men,pop_descendats_of_western_origin_60+_years_women,pop_immigrants_of_non_western_origin_0_10_years_men,pop_immigrants_of_non_western_origin_0_10_years_women,pop_immigrants_of_non_western_origin_10_19_years_men,pop_immigrants_of_non_western_origin_10_19_years_women,pop_immigrants_of_non_western_origin_20_29_years_men,pop_immigrants_of_non_western_origin_20_29_years_women,pop_immigrants_of_non_western_origin_30_39_years_men,pop_immigrants_of_non_western_origin_30_39_years_women,pop_immigrants_of_non_western_origin_40_49_years_men,pop_immigrants_of_non_western_origin_40_49_years_women,pop_immigrants_of_non_western_origin_50_59_years_men,pop_immigrants_of_non_western_origin_50_59_years_women,pop_immigrants_of_non_western_origin_60+_years_men,pop_immigrants_of_non_western_origin_60+_years_women,pop_immigrants_of_western_origin_0_10_years_men,pop_immigrants_of_western_origin_0_10_years_women,pop_immigrants_of_western_origin_10_19_years_men,pop_immigrants_of_western_origin_10_19_years_women,pop_immigrants_of_western_origin_20_29_years_men,pop_immigrants_of_western_origin_20_29_years_women,pop_immigrants_of_western_origin_30_39_years_men,pop_immigrants_of_western_origin_30_39_years_women,pop_immigrants_of_western_origin_40_49_years_men,pop_immigrants_of_western_origin_40_49_years_women,pop_immigrants_of_western_origin_50_59_years_men,pop_immigrants_of_western_origin_50_59_years_women,pop_immigrants_of_western_origin_60+_years_men,pop_immigrants_of_western_origin_60+_years_women,pop_persons_of_danish_origin_0_10_years_men,pop_persons_of_danish_origin_0_10_years_women,pop_persons_of_danish_origin_10_19_years_men,pop_persons_of_danish_origin_10_19_years_women,pop_persons_of_danish_origin_20_29_years_men,pop_persons_of_danish_origin_20_29_years_women,pop_persons_of_danish_origin_30_39_years_men,pop_persons_of_danish_origin_30_39_years_women,pop_persons_of_danish_origin_40_49_years_men,pop_persons_of_danish_origin_40_49_years_women,pop_persons_of_danish_origin_50_59_years_men,pop_persons_of_danish_origin_50_59_years_women,pop_persons_of_danish_origin_60+_years_men,pop_persons_of_danish_origin_60+_years_women,unemp_highest_education_completed_total_[0_02],unemp_highest_education_completed_total_]02_04],unemp_highest_education_completed_total_]04_06],unemp_highest_education_completed_total_]06_08],unemp_highest_education_completed_total_]08_1],unemp_masters_and_phd_programs_[0_02],unemp_masters_and_phd_programs_]02_04],unemp_masters_and_phd_programs_]04_06],unemp_masters_and_phd_programs_]06_08],unemp_masters_and_phd_programs_]08_1],unemp_primary_education_and_not_stated_[0_02],unemp_primary_education_and_not_stated_]02_04],unemp_primary_education_and_not_stated_]04_06],unemp_primary_education_and_not_stated_]06_08],unemp_primary_education_and_not_stated_]08_1],unemp_upper_secondary_education_and_qualifying_educational_programs_[0_02],unemp_upper_secondary_education_and_qualifying_educational_programs_]02_04],unemp_upper_secondary_education_and_qualifying_educational_programs_]04_06],unemp_upper_secondary_education_and_qualifying_educational_programs_]06_08],unemp_upper_secondary_education_and_qualifying_educational_programs_]08_1],unemp_vocational_education_and_training_vet_and_short_cycle_higher_educations_[0_02],unemp_vocational_education_and_training_vet_and_short_cycle_higher_educations_]02_04],unemp_vocational_education_and_training_vet_and_short_cycle_higher_educations_]04_06],unemp_vocational_education_and_training_vet_and_short_cycle_higher_educations_]06_08],unemp_vocational_education_and_training_vet_and_short_cycle_higher_educations_]08_1],unemp_vocational_bachelors_educations_and_bachelors_programs_[0_02],unemp_vocational_bachelors_educations_and_bachelors_programs_]02_04],unemp_vocational_bachelors_educations_and_bachelors_programs_]04_06],unemp_vocational_bachelors_educations_and_bachelors_programs_]06_08],unemp_vocational_bachelors_educations_and_bachelors_programs_]08_1],income_disposable_income_men_amount_of_income_dkk_1000,income_disposable_income_men_average_income_for_people_with_the_type_of_income_dkk,income_disposable_income_men_people_with_the_type_of_income_number,income_disposable_income_women_amount_of_income_dkk_1000,income_disposable_income_women_average_income_for_people_with_the_type_of_income_dkk,income_disposable_income_women_people_with_the_type_of_income_number,income_entrepreneurial_income_men_amount_of_income_dkk_1000,income_entrepreneurial_income_men_average_income_for_people_with_the_type_of_income_dkk,income_entrepreneurial_income_men_people_with_the_type_of_income_number,income_entrepreneurial_income_women_amount_of_income_dkk_1000,income_entrepreneurial_income_women_average_income_for_people_with_the_type_of_income_dkk,income_entrepreneurial_income_women_people_with_the_type_of_income_number,income_equivalised_disposable_income_men_amount_of_income_dkk_1000,income_equivalised_disposable_income_men_average_income_for_people_with_the_type_of_income_dkk,income_equivalised_disposable_income_men_people_with_the_type_of_income_number,income_equivalised_disposable_income_women_amount_of_income_dkk_1000,income_equivalised_disposable_income_women_average_income_for_people_with_the_type_of_income_dkk,income_equivalised_disposable_income_women_people_with_the_type_of_income_number,income_personal_income_in_total_ex_imputed_rent_and_before_deductions_of_interest_expenses_men_amount_of_income_dkk_1000,income_personal_income_in_total_ex_imputed_rent_and_before_deductions_of_interest_expenses_men_average_income_for_people_with_the_type_of_income_dkk,income_personal_income_in_total_ex_imputed_rent_and_before_deductions_of_interest_expenses_men_people_with_the_type_of_income_number,income_personal_income_in_total_ex_imputed_rent_and_before_deductions_of_interest_expenses_women_amount_of_income_dkk_1000,income_personal_income_in_total_ex_imputed_rent_and_before_deductions_of_interest_expenses_women_average_income_for_people_with_the_type_of_income_dkk,income_personal_income_in_total_ex_imputed_rent_and_before_deductions_of_interest_expenses_women_people_with_the_type_of_income_number,income_taxable_income_men_amount_of_income_dkk_1000,income_taxable_income_men_average_income_for_people_with_the_type_of_income_dkk,income_taxable_income_men_people_with_the_type_of_income_number,income_taxable_income_women_amount_of_income_dkk_1000,income_taxable_income_women_average_income_for_people_with_the_type_of_income_dkk,income_taxable_income_women_people_with_the_type_of_income_number,housing_1_person_0_children_couples_living_in_consensual_union_and_cohabiting_couples,housing_1_person_0_children_married_couples_and_registered_partnership,housing_1_person_0_children_single_men,housing_1_person_0_children_single_women,housing_1_person_1_child_couples_living_in_consensual_union_and_cohabiting_couples,housing_1_person_1_child_married_couples_and_registered_partnership,housing_1_person_1_child_single_men,housing_1_person_1_child_single_women,housing_1_person_2_children_couples_living_in_consensual_union_and_cohabiting_couples,housing_1_person_2_children_married_couples_and_registered_partnership,housing_1_person_2_children_single_men,housing_1_person_2_children_single_women,housing_1_person_3_children_couples_living_in_consensual_union_and_cohabiting_couples,housing_1_person_3_children_married_couples_and_registered_partnership,housing_1_person_3_children_single_men,housing_1_person_3_children_single_women,housing_2_persons_0_children_couples_living_in_consensual_union_and_cohabiting_couples,housing_2_persons_0_children_married_couples_and_registered_partnership,housing_2_persons_0_children_single_men,housing_2_persons_0_children_single_women,housing_2_persons_1_child_couples_living_in_consensual_union_and_cohabiting_couples,housing_2_persons_1_child_married_couples_and_registered_partnership,housing_2_persons_1_child_single_men,housing_2_persons_1_child_single_women,housing_2_persons_2_children_couples_living_in_consensual_union_and_cohabiting_couples,housing_2_persons_2_children_married_couples_and_registered_partnership,housing_2_persons_2_children_single_men,housing_2_persons_2_children_single_women,housing_2_persons_3_children_couples_living_in_consensual_union_and_cohabiting_couples,housing_2_persons_3_children_married_couples_and_registered_partnership,housing_2_persons_3_children_single_men,housing_2_persons_3_children_single_women,housing_3_persons_0_children_couples_living_in_consensual_union_and_cohabiting_couples,housing_3_persons_0_children_married_couples_and_registered_partnership,housing_3_persons_0_children_single_men,housing_3_persons_0_children_single_women,housing_3_persons_1_child_couples_living_in_consensual_union_and_cohabiting_couples,housing_3_persons_1_child_married_couples_and_registered_partnership,housing_3_persons_1_child_single_men,housing_3_persons_1_child_single_women,housing_3_persons_2_children_couples_living_in_consensual_union_and_cohabiting_couples,housing_3_persons_2_children_married_couples_and_registered_partnership,housing_3_persons_2_children_single_men,housing_3_persons_2_children_single_women,housing_3_persons_3_children_couples_living_in_consensual_union_and_cohabiting_couples,housing_3_persons_3_children_married_couples_and_registered_partnership,housing_3_persons_3_children_single_men,housing_3_persons_3_children_single_women,housing_4_persons_0_children_couples_living_in_consensual_union_and_cohabiting_couples,housing_4_persons_0_children_married_couples_and_registered_partnership,housing_4_persons_0_children_single_men,housing_4_persons_0_children_single_women,housing_4_persons_1_child_couples_living_in_consensual_union_and_cohabiting_couples,housing_4_persons_1_child_married_couples_and_registered_partnership,housing_4_persons_1_child_single_men,housing_4_persons_1_child_single_women,housing_4_persons_2_children_couples_living_in_consensual_union_and_cohabiting_couples,housing_4_persons_2_children_married_couples_and_registered_partnership,housing_4_persons_2_children_single_men,housing_4_persons_2_children_single_women,housing_4_persons_3_children_couples_living_in_consensual_union_and_cohabiting_couples,housing_4_persons_3_children_married_couples_and_registered_partnership,housing_4_persons_3_children_single_men,housing_4_persons_3_children_single_women,housing_5_persons_0_children_couples_living_in_consensual_union_and_cohabiting_couples,housing_5_persons_0_children_married_couples_and_registered_partnership,housing_5_persons_0_children_single_men,housing_5_persons_0_children_single_women,housing_5_persons_1_child_couples_living_in_consensual_union_and_cohabiting_couples,housing_5_persons_1_child_married_couples_and_registered_partnership,housing_5_persons_1_child_single_men,housing_5_persons_1_child_single_women,housing_5_persons_2_children_couples_living_in_consensual_union_and_cohabiting_couples,housing_5_persons_2_children_married_couples_and_registered_partnership,housing_5_persons_2_children_single_men,housing_5_persons_2_children_single_women,housing_5_persons_3_children_couples_living_in_consensual_union_and_cohabiting_couples,housing_5_persons_3_children_married_couples_and_registered_partnership,housing_5_persons_3_children_single_men,housing_5_persons_3_children_single_women
Amager,1986,246.0,258.0,0.0,0.0,0.0,0.0,0.0,0.0,0.0,0.0,0.0,0.0,0.0,0.0,61.0,51.0,0.0,0.0,0.0,17.0,12.0,0.0,0.0,0.0,0.0,0.0,3.0,8.0,47.0,37.0,146.0,133.0,430.0,293.0,440.0,288.0,308.0,132.0,0.0,0.0,25.0,37.0,28.0,14.0,0.0,12.0,383.0,374.0,352.0,307.0,0.0,86.0,131.0,155.0,253.0,727.0,3077.0,2941.0,3823.0,3892.0,8881.0,9013.0,5862.0,5090.0,4315.0,4131.0,3720.0,4172.0,8602.0,14814.0,,,,,,,,,,,,,,,,,,,,,,,,,,,,,,,0.0,,0.0,0.0,,0.0,0.0,,0.0,0.0,,0.0,0.0,,0.0,0.0,,0.0,0.0,,0.0,0.0,,0.0,0.0,,0.0,0.0,,0.0,,,,,,,,,,,,,,,,,,,,,,,,,,,,,,,,,,,,,,,,,,,,,,,,,,,,,,,,,,,,,,,,,,,,,,,,,,,,,,,,
Amager,1987,263.0,269.0,36.0,31.0,0.0,0.0,0.0,0.0,0.0,0.0,0.0,0.0,0.0,0.0,58.0,55.0,12.0,12.0,17.0,0.0,11.0,6.0,3.0,0.0,6.0,4.0,6.0,0.0,42.0,40.0,192.0,162.0,513.0,320.0,431.0,303.0,357.0,161.0,49.0,34.0,46.0,71.0,27.0,17.0,44.0,37.0,378.0,376.0,364.0,314.0,115.0,96.0,127.0,157.0,237.0,694.0,3036.0,2957.0,3578.0,3696.0,9147.0,9412.0,5807.0,5032.0,4463.0,4232.0,3629.0,3969.0,8347.0,14487.0,,,,,,,,,,,,,,,,,,,,,,,,,,,,,,,2967288.0,83082.0,35707.0,2840099.0,69200.0,41039.0,3837749.0,145267.5,26403.0,2763901.0,113699.0,24305.0,3183517.0,88715.5,35879.0,3424983.0,82531.0,41495.0,4983236.0,139589.5,35689.0,4247845.0,103623.0,40997.0,4138953.0,118688.5,34864.0,3600772.0,89925.0,40046.0,,,,,,,,,,,,,,,,,,,,,,,,,,,,,,,,,,,,,,,,,,,,,,,,,,,,,,,,,,,,,,,,,,,,,,,,,,,,,,,,
Amager,1988,307.0,292.0,41.0,37.0,0.0,0.0,0.0,0.0,0.0,0.0,0.0,0.0,0.0,0.0,31.0,28.0,11.0,10.0,15.0,0.0,19.0,9.0,3.0,0.0,7.0,4.0,3.0,0.0,108.0,91.0,182.0,158.0,606.0,370.0,476.0,333.0,384.0,192.0,57.0,27.0,24.0,40.0,17.0,10.0,56.0,48.0,386.0,374.0,331.0,294.0,119.0,106.0,133.0,150.0,220.0,668.0,3082.0,2926.0,3391.0,3448.0,9313.0,9624.0,5826.0,5022.0,4559.0,4325.0,3546.0,3870.0,8154.0,14201.0,,,,,,,,,,,,,,,,,,,,,,,,,,,,,,,3098347.0,86636.5,35750.0,3007494.0,73116.5,41133.0,4024669.0,153762.0,26157.0,2933699.0,120504.5,24339.0,3338181.0,93093.5,35850.0,3603946.0,86881.0,41478.0,5240188.0,147230.0,35578.0,4538256.0,110643.5,41020.0,4375089.0,125281.5,34910.0,3835998.0,95263.5,40268.0,,,,,,,,,,,,,,,,,,,,,,,,,,,,,,,,,,,,,,,,,,,,,,,,,,,,,,,,,,,,,,,,,,,,,,,,,,,,,,,,
Amager,1989,321.0,322.0,53.0,41.0,0.0,0.0,0.0,0.0,0.0,0.0,0.0,0.0,0.0,0.0,66.0,56.0,0.0,0.0,14.0,15.0,20.0,7.0,3.0,3.0,0.0,0.0,0.0,0.0,97.0,90.0,188.0,166.0,644.0,411.0,493.0,370.0,407.0,210.0,0.0,0.0,0.0,0.0,17.0,30.0,27.0,31.0,374.0,362.0,327.0,297.0,161.0,125.0,131.0,160.0,223.0,633.0,3096.0,2932.0,3236.0,3361.0,9403.0,9916.0,5861.0,5025.0,4619.0,4431.0,3468.0,3738.0,7920.0,13812.0,,,,,,,,,,,,,,,,,,,,,,,,,,,,,,,3211626.0,89820.0,35747.0,3138292.0,76812.5,40853.0,4072748.0,157899.0,25773.0,2997290.0,125000.0,23971.0,3466774.0,96649.5,35863.0,3743672.0,90928.5,41166.0,5400171.0,152209.0,35467.0,4719657.0,115944.5,40705.0,4512100.0,130442.0,34580.0,3975478.0,100221.5,39663.0,,,,,,,,,,,,,,,,,,,,,,,,,,,,,,,,,,,,,,,,,,,,,,,,,,,,,,,,,,,,,,,,,,,,,,,,,,,,,,,,
Amager,1990,355.0,334.0,66.0,77.0,3.0,0.0,0.0,0.0,0.0,0.0,0.0,0.0,0.0,0.0,39.0,42.0,19.0,19.0,8.0,0.0,19.0,7.0,0.0,0.0,0.0,0.0,5.0,11.0,46.0,0.0,185.0,173.0,704.0,452.0,540.0,388.0,424.0,229.0,71.0,0.0,53.0,95.0,0.0,0.0,23.0,36.0,358.0,340.0,341.0,309.0,0.0,0.0,132.0,152.0,222.0,610.0,3179.0,2943.0,3120.0,3382.0,9451.0,9894.0,5898.0,5039.0,4742.0,4508.0,3438.0,3621.0,7689.0,13404.0,,,,,,,,,,,,,,,,,,,,,,,,,,,,,,,3278027.0,91906.5,35651.0,3219623.0,79467.0,40516.0,4108257.0,160492.0,25576.0,3093288.0,128946.5,23985.0,3547103.0,99156.0,35765.0,3816498.0,93491.0,40816.0,5503606.0,154998.5,35491.0,4847509.0,120005.5,40396.0,4567084.0,132741.5,34389.0,4059640.0,103305.5,39296.0,,,,,,,,,,,,,,,,,,,,,,,,,,,,,,,,,,,,,,,,,,,,,,,,,,,,,,,,,,,,,,,,,,,,,,,,,,,,,,,,
Amager,1991,353.0,343.0,0.0,0.0,0.0,4.0,0.0,0.0,0.0,0.0,0.0,0.0,0.0,0.0,28.0,35.0,0.0,0.0,14.0,34.0,20.0,6.0,3.0,0.0,3.0,3.0,5.0,10.0,105.0,45.0,188.0,165.0,800.0,516.0,649.0,425.0,415.0,247.0,146.0,50.0,64.0,103.0,15.0,17.0,0.0,36.0,393.0,362.0,340.0,292.0,169.0,139.0,55.0,78.0,224.0,586.0,3204.0,3003.0,3100.0,3289.0,9400.0,9851.0,5956.0,5107.0,4797.0,4500.0,3383.0,3594.0,7341.0,12998.0,,,,,,,,,,,,,,,,,,,,,,,,,,,,,,,3328448.0,93527.0,35576.0,3259485.0,81353.5,40067.0,4113528.0,163202.5,25185.0,3121151.0,130944.5,23832.0,3595258.0,100699.0,35697.0,3846817.0,95209.0,40401.0,5624489.0,158207.5,35537.0,4967334.0,124163.0,40010.0,4642727.0,135670.5,34207.0,4135961.0,106633.0,38787.0,,,,,,,,,,,,,,,,,,,,,,,,,,,,,,,,,,,,,,,,,,,,,,,,,,,,,,,,,,,,,,,,,,,,,,,,,,,,,,,,
Amager,1992,374.0,349.0,195.0,206.0,5.0,0.0,0.0,0.0,0.0,0.0,0.0,0.0,0.0,0.0,59.0,65.0,0.0,32.0,17.0,0.0,17.0,10.0,5.0,0.0,5.0,5.0,4.0,10.0,104.0,52.0,207.0,187.0,848.0,586.0,707.0,469.0,429.0,275.0,174.0,54.0,71.0,111.0,24.0,17.0,0.0,41.0,366.0,331.0,342.0,269.0,169.0,267.0,62.0,78.0,221.0,547.0,3319.0,3111.0,2952.0,3172.0,9511.0,9829.0,5902.0,5141.0,4904.0,4542.0,3354.0,3559.0,7064.0,12565.0,,,,,,,,,,,,,,,,,,,,,,,,,,,,,,,3429178.0,95936.0,35725.0,3362745.0,84075.5,39991.0,4152323.0,164628.5,25196.0,3190496.0,133867.0,23828.0,3704287.0,103243.5,35866.0,3951820.0,97975.0,40323.0,5746668.0,160935.5,35685.0,5105330.0,127804.5,39942.0,4770511.0,138909.5,34318.0,4256275.0,110120.0,38645.0,,,,,,,,,,,,,,,,,,,,,,,,,,,,,,,,,,,,,,,,,,,,,,,,,,,,,,,,,,,,,,,,,,,,,,,,,,,,,,,,
Amager,1993,449.0,419.0,226.0,241.0,12.0,0.0,0.0,0.0,0.0,0.0,0.0,0.0,0.0,0.0,61.0,62.0,0.0,35.0,14.0,0.0,11.0,0.0,8.0,0.0,3.0,0.0,4.0,8.0,131.0,90.0,248.0,219.0,846.0,670.0,831.0,510.0,453.0,308.0,211.0,111.0,83.0,115.0,20.0,21.0,0.0,45.0,366.0,333.0,353.0,283.0,186.0,259.0,68.0,160.0,213.0,533.0,3486.0,3217.0,2895.0,3077.0,9502.0,9917.0,6102.0,5271.0,4940.0,4558.0,3405.0,3605.0,6777.0,12082.0,,,,,,,,,,,,,,,,,,,,,,,,,,,,,,,3525107.0,97669.0,36065.0,3439649.0,86264.0,39869.0,4126499.0,164137.0,25111.0,3201102.0,136223.0,23494.0,3808427.0,105039.0,36241.0,4034856.0,100336.0,40202.0,5802524.0,160915.5,36034.0,5171156.0,129924.0,39799.0,4808383.0,139738.0,34387.0,4303931.0,112302.0,38321.0,,,,,,,,,,,,,,,,,,,,,,,,,,,,,,,,,,,,,,,,,,,,,,,,,,,,,,,,,,,,,,,,,,,,,,,,,,,,,,,,
Amager,1994,521.0,450.0,230.0,244.0,0.0,0.0,0.0,0.0,0.0,0.0,0.0,0.0,0.0,0.0,79.0,60.0,0.0,16.0,0.0,0.0,0.0,18.0,7.0,0.0,0.0,0.0,4.0,7.0,124.0,99.0,265.0,242.0,876.0,699.0,945.0,582.0,467.0,332.0,230.0,66.0,91.0,59.0,23.0,36.0,0.0,24.0,366.0,363.0,363.0,286.0,172.0,155.0,0.0,74.0,203.0,516.0,3581.0,3334.0,2857.0,2888.0,9542.0,9992.0,6314.0,5385.0,4937.0,4543.0,3518.0,3675.0,6551.0,11637.0,,,,,,,,,,,,,,,,,,,,,,,,,,,,,,,3739486.0,102237.0,36543.0,3646537.0,91619.5,39794.0,4355946.0,167376.0,25991.0,3275554.0,135404.5,24187.0,4054365.0,110402.0,36702.0,4239030.0,105748.0,40072.0,6159232.0,168584.0,36499.0,5616509.0,141360.5,39726.0,5238319.0,144495.5,36223.0,4786759.0,121402.0,39422.0,,,,,,,,,,,,,,,,,,,,,,,,,,,,,,,,,,,,,,,,,,,,,,,,,,,,,,,,,,,,,,,,,,,,,,,,,,,,,,,,
Amager,1995,603.0,506.0,241.0,263.0,0.0,0.0,0.0,0.0,0.0,0.0,0.0,0.0,0.0,0.0,87.0,65.0,0.0,19.0,0.0,0.0,0.0,0.0,9.0,3.0,0.0,0.0,4.0,6.0,113.0,119.0,265.0,237.0,856.0,755.0,1031.0,628.0,494.0,380.0,256.0,145.0,104.0,130.0,35.0,32.0,0.0,26.0,387.0,355.0,396.0,293.0,297.0,279.0,0.0,82.0,192.0,489.0,3708.0,3426.0,2790.0,2831.0,9725.0,9884.0,6464.0,5651.0,4957.0,4468.0,3620.0,3777.0,6341.0,11162.0,,,,,,,,,,,,,,,,,,,,,,,,,,,,,,,3944360.0,107026.0,36830.0,3805822.0,95925.0,39673.0,4572085.0,174943.0,26103.0,3397658.0,142967.5,23760.0,4271933.0,115396.0,37005.0,4415836.0,110599.5,39918.0,6412453.0,174376.0,36748.0,5793611.0,146286.0,39604.0,5399710.0,148689.0,36293.0,4879592.0,124656.5,39143.0,,,,,,,,,,,,,,,,,,,,,,,,,,,,,,,,,,,,,,,,,,,,,,,,,,,,,,,,,,,,,,,,,,,,,,,,,,,,,,,,
Amager,1996,641.0,568.0,250.0,272.0,0.0,0.0,0.0,0.0,0.0,0.0,0.0,0.0,0.0,0.0,97.0,76.0,20.0,13.0,0.0,0.0,0.0,0.0,7.0,6.0,0.0,0.0,4.0,6.0,118.0,115.0,277.0,270.0,891.0,786.0,1100.0,672.0,507.0,418.0,317.0,172.0,124.0,148.0,41.0,37.0,23.0,27.0,405.0,382.0,417.0,302.0,326.0,277.0,80.0,91.0,201.0,471.0,3748.0,3508.0,2696.0,2707.0,9805.0,9969.0,6656.0,5832.0,4943.0,4374.0,3780.0,3875.0,6104.0,10739.0,,,,,,,,,,,,,,,,,,,,,,,,,,,,,,,4106764.0,110932.0,37000.0,3940732.0,99359.0,39661.0,4789791.0,176546.0,27100.0,3556918.0,146784.0,24223.0,4441784.0,119491.5,37160.0,4553853.0,114093.5,39909.0,6631923.0,179498.5,36921.0,5969732.0,150741.0,39601.0,5561755.0,152172.0,36527.0,5001044.0,127631.5,39182.0,,,,,,,,,,,,,,,,,,,,,,,,,,,,,,,,,,,,,,,,,,,,,,,,,,,,,,,,,,,,,,,,,,,,,,,,,,,,,,,,
Amager,1997,711.0,624.0,269.0,295.0,0.0,0.0,0.0,0.0,0.0,0.0,0.0,0.0,0.0,0.0,113.0,81.0,0.0,0.0,0.0,0.0,0.0,0.0,9.0,5.0,0.0,0.0,5.0,6.0,124.0,126.0,297.0,308.0,926.0,872.0,1149.0,724.0,535.0,464.0,354.0,213.0,133.0,157.0,34.0,39.0,0.0,0.0,465.0,440.0,425.0,318.0,334.0,275.0,0.0,0.0,199.0,440.0,3855.0,3517.0,2644.0,2680.0,9583.0,9859.0,6977.0,6053.0,4888.0,4334.0,3964.0,4001.0,5869.0,10316.0,,,,,,,,,,,,,,,,,,,,,,,,,,,,,,,4255821.0,114228.0,37246.0,4057708.0,101834.5,39848.0,5051952.0,182855.0,27601.0,3748614.0,151803.5,24687.0,4593664.0,122698.0,37436.0,4701397.0,117249.5,40097.0,6875552.0,184982.0,37150.0,6144586.0,154405.5,39795.0,5685981.0,155190.0,36619.0,5082166.0,129404.5,39272.0,,,,,,,,,,,,,,,,,,,,,,,,,,,,,,,,,,,,,,,,,,,,,,,,,,,,,,,,,,,,,,,,,,,,,,,,,,,,,,,,
Amager,1998,778.0,677.0,304.0,314.0,0.0,0.0,0.0,0.0,0.0,0.0,0.0,0.0,0.0,0.0,113.0,93.0,0.0,0.0,0.0,0.0,0.0,15.0,18.0,5.0,0.0,0.0,6.0,4.0,133.0,122.0,325.0,293.0,945.0,909.0,1225.0,799.0,544.0,479.0,381.0,231.0,156.0,173.0,33.0,33.0,0.0,0.0,523.0,475.0,436.0,345.0,330.0,251.0,0.0,0.0,195.0,416.0,3826.0,3598.0,2606.0,2644.0,9548.0,10012.0,7140.0,6195.0,4796.0,4250.0,4056.0,4100.0,5730.0,9956.0,,,,,,,,,,,,,,,,,,,,,,,,,,,,,,,4501478.0,120137.5,37458.0,4266406.0,106637.5,40012.0,5426604.0,191425.0,28331.0,4006757.0,156053.0,25670.0,4849929.0,129002.5,37595.0,4940685.0,122878.0,40208.0,7244249.0,193574.5,37406.0,6412247.0,160490.5,39956.0,5975648.0,160774.5,37153.0,5267210.0,132901.5,39633.0,0.0,0.0,6583.5,7744.0,0.0,0.0,0.0,0.0,0.0,0.0,0.0,0.0,0.0,0.0,0.0,0.0,2306.5,2887.5,0.0,0.0,0.0,0.0,139.0,869.0,0.0,0.0,0.0,0.0,0.0,0.0,0.0,0.0,0.0,0.0,0.0,0.0,561.0,930.0,0.0,0.0,0.0,0.0,25.5,398.0,0.0,0.0,0.0,0.0,0.0,0.0,0.0,0.0,0.0,0.0,0.0,0.0,268.0,861.5,0.0,0.0,0.0,0.0,3.5,85.5,0.0,0.0,0.0,0.0,0.0,0.0,0.0,0.0,0.0,0.0,0.0,0.0,48.0,217.5,0.0,0.0
Amager,1999,869.0,738.0,325.0,336.0,0.0,0.0,0.0,0.0,0.0,0.0,0.0,0.0,0.0,0.0,106.0,108.0,19.0,17.0,0.0,0.0,7.0,16.0,9.0,4.0,3.0,0.0,7.0,3.0,138.0,127.0,331.0,304.0,953.0,944.0,1280.0,883.0,596.0,517.0,408.0,264.0,176.0,184.0,27.0,27.0,24.0,33.0,462.0,496.0,487.0,338.0,336.0,266.0,110.0,101.0,183.0,407.0,3865.0,3579.0,2548.0,2604.0,9520.0,10188.0,7232.0,6252.0,4801.0,4235.0,4111.0,4137.0,5584.0,9621.0,,,,,,,,,,,,,,,,,,,,,,,,,,,,,,,4722270.0,125373.5,37651.0,4430244.0,110592.0,40066.0,5826984.0,201845.5,28848.0,4257018.0,162720.0,26162.0,5077481.0,134350.0,37789.0,5137024.0,127492.0,40295.0,7617531.0,202560.0,37588.0,6641091.0,166049.0,40000.0,6304802.0,169121.0,37265.0,5464977.0,138094.0,39578.0,0.0,0.0,6557.0,7631.5,0.0,0.0,0.0,0.0,0.0,0.0,0.0,0.0,0.0,0.0,0.0,0.0,2318.5,2845.5,0.0,0.0,0.0,0.0,133.5,853.5,0.0,0.0,0.0,0.0,0.0,0.0,0.0,0.0,0.0,0.0,0.0,0.0,546.5,910.0,0.0,0.0,0.0,0.0,27.0,405.0,0.0,0.0,0.0,0.0,0.0,0.0,0.0,0.0,0.0,0.0,0.0,0.0,265.5,883.5,0.0,0.0,0.0,0.0,2.5,86.0,0.0,0.0,0.0,0.0,0.0,0.0,0.0,0.0,0.0,0.0,0.0,0.0,63.5,229.0,0.0,0.0
Amager,2000,926.0,820.0,351.0,350.0,0.0,0.0,0.0,0.0,0.0,0.0,0.0,0.0,0.0,0.0,102.0,98.0,18.0,18.0,0.0,0.0,0.0,15.0,7.0,7.0,7.0,3.0,0.0,0.0,60.0,49.0,340.0,331.0,933.0,923.0,1322.0,957.0,661.0,550.0,421.0,280.0,87.0,107.0,18.0,25.0,22.0,34.0,499.0,574.0,488.0,330.0,332.0,268.0,252.0,242.0,188.0,395.0,3873.0,3565.0,2597.0,2617.0,9637.0,10364.0,7236.0,6253.0,4778.0,4193.0,4235.0,4210.0,5416.0,9263.0,,,,,,,,,,,,,,,,,,,,,,,,,,,,,,,4969638.0,130598.0,38031.0,4617623.0,115247.0,40072.0,6199881.0,211128.0,29338.0,4512603.0,169561.5,26611.0,5342529.0,139749.0,38218.0,5357904.0,132882.5,40321.0,8011616.0,211001.0,37942.0,6915116.0,172885.5,40000.0,6512206.0,174038.5,37398.0,5597805.0,141841.5,39468.0,0.0,0.0,6575.0,7599.0,0.0,0.0,0.0,0.0,0.0,0.0,0.0,0.0,0.0,0.0,0.0,0.0,2363.5,2779.0,0.0,0.0,0.0,0.0,138.0,828.5,0.0,0.0,0.0,0.0,0.0,0.0,0.0,0.0,0.0,0.0,0.0,0.0,550.5,926.0,0.0,0.0,0.0,0.0,27.0,393.5,0.0,0.0,0.0,0.0,0.0,0.0,0.0,0.0,0.0,0.0,0.0,0.0,296.5,922.0,0.0,0.0,0.0,0.0,2.5,93.0,0.0,0.0,0.0,0.0,0.0,0.0,0.0,0.0,0.0,0.0,0.0,0.0,56.0,230.5,0.0,0.0
Amager,2001,1005.0,888.0,366.0,363.0,82.0,91.0,0.0,0.0,0.0,0.0,0.0,0.0,0.0,0.0,93.0,100.0,55.0,42.0,46.0,37.0,0.0,0.0,0.0,7.0,4.0,3.0,0.0,0.0,56.0,44.0,366.0,352.0,904.0,949.0,1348.0,1037.0,757.0,582.0,449.0,310.0,100.0,116.0,24.0,23.0,43.0,60.0,506.0,588.0,499.0,353.0,332.0,256.0,127.0,108.0,189.0,392.0,3932.0,3601.0,2606.0,2531.0,9873.0,10488.0,7290.0,6291.0,4796.0,4200.0,4299.0,4258.0,5345.0,8956.0,,,,,,,,,,,,,,,,,,,,,,,,,,,,,,,5147003.0,135321.5,38018.0,4787511.0,119443.5,40085.0,6477529.0,220395.5,29364.0,4771441.0,177468.5,26882.0,5537702.0,144737.0,38251.0,5550961.0,137732.5,40302.0,8339882.0,219867.5,37907.0,7221708.0,180468.0,40014.0,6762647.0,181717.5,37194.0,5838908.0,148295.0,39371.0,0.0,0.0,6574.5,7505.0,0.0,0.0,0.0,0.0,0.0,0.0,0.0,0.0,0.0,0.0,0.0,0.0,2445.5,2730.5,0.0,0.0,0.0,0.0,137.5,824.0,0.0,0.0,0.0,0.0,0.0,0.0,0.0,0.0,0.0,0.0,0.0,0.0,570.5,896.5,0.0,0.0,0.0,0.0,28.5,383.5,0.0,0.0,0.0,0.0,0.0,0.0,0.0,0.0,0.0,0.0,0.0,0.0,297.5,948.5,0.0,0.0,0.0,0.0,2.5,90.0,0.0,0.0,0.0,0.0,0.0,0.0,0.0,0.0,0.0,0.0,0.0,0.0,59.5,241.5,0.0,0.0
Amager,2002,1051.0,943.0,371.0,375.0,98.0,108.0,0.0,0.0,0.0,0.0,0.0,0.0,0.0,0.0,97.0,102.0,0.0,14.0,43.0,37.0,0.0,0.0,0.0,10.0,3.0,0.0,0.0,0.0,52.0,44.0,388.0,353.0,843.0,966.0,1294.0,1068.0,801.0,627.0,453.0,326.0,106.0,115.0,20.0,22.0,0.0,29.0,535.0,671.0,494.0,354.0,324.0,264.0,146.0,258.0,194.0,370.0,3932.0,3603.0,2686.0,2601.0,9871.0,10462.0,7336.0,6337.0,4743.0,4202.0,4374.0,4258.0,5261.0,8644.0,,,,,,,,,,,,,,,,,,,,,,,,,,,,,,,5359173.0,140985.0,37993.0,5013789.0,125392.0,39986.0,6556787.0,224518.0,29169.0,4897407.0,181665.0,26956.0,5785229.0,151348.5,38213.0,5812336.0,144567.0,40202.0,8511472.0,224616.5,37869.0,7440014.0,186332.0,39925.0,6886003.0,185442.0,37112.0,5982638.0,152464.0,39239.0,0.0,0.0,6534.5,7338.5,0.0,0.0,0.0,0.0,0.0,0.0,0.0,0.0,0.0,0.0,0.0,0.0,2446.125,2692.5,0.0,0.0,0.0,0.0,150.375,817.625,0.0,0.0,0.0,0.0,0.0,0.0,0.0,0.0,0.0,0.0,0.0,0.0,595.5,908.375,0.0,0.0,0.0,0.0,30.25,399.125,0.0,0.0,0.0,0.0,0.0,0.0,0.0,0.0,0.0,0.0,0.0,0.0,295.625,948.25,0.0,0.0,0.0,0.0,4.75,106.375,0.0,0.0,0.0,0.0,0.0,0.0,0.0,0.0,0.0,0.0,0.0,0.0,55.375,250.375,0.0,0.0
Amager,2003,1072.0,982.0,418.0,416.0,257.0,260.0,0.0,0.0,0.0,0.0,0.0,0.0,0.0,0.0,99.0,102.0,29.0,31.0,70.0,70.0,0.0,0.0,0.0,10.0,4.0,0.0,6.0,3.0,87.0,96.0,378.0,370.0,842.0,987.0,1259.0,1127.0,836.0,663.0,466.0,343.0,287.0,236.0,39.0,33.0,18.0,22.0,548.0,694.0,481.0,371.0,316.0,270.0,156.0,144.0,199.0,360.0,3867.0,3609.0,2741.0,2609.0,9605.0,10288.0,7505.0,6535.0,4827.0,4207.0,4303.0,4200.0,5236.0,8391.0,,,,,,,,,,,,,,,,,,,,,,,,,,,,,,,5521636.0,144983.0,38067.0,5245818.0,130546.0,40179.0,6573722.0,227653.5,28848.0,5026690.0,184710.5,27205.0,5978895.0,156188.0,38271.0,6059335.0,149892.0,40418.0,8632896.0,227368.5,37948.0,7702092.0,191975.0,40112.0,7010933.0,188466.5,37184.0,6199070.0,157080.0,39458.0,0.0,0.0,6516.625,7282.375,0.0,0.0,0.0,0.0,0.0,0.0,0.0,0.0,0.0,0.0,0.0,0.0,2469.0,2639.75,0.0,0.0,0.0,0.0,155.875,835.5,0.0,0.0,0.0,0.0,0.0,0.0,0.0,0.0,0.0,0.0,0.0,0.0,584.375,913.875,0.0,0.0,0.0,0.0,34.375,401.0,0.0,0.0,0.0,0.0,0.0,0.0,0.0,0.0,0.0,0.0,0.0,0.0,296.75,965.25,0.0,0.0,0.0,0.0,5.75,111.875,0.0,0.0,0.0,0.0,0.0,0.0,0.0,0.0,0.0,0.0,0.0,0.0,54.625,258.625,0.0,0.0
Amager,2004,1052.0,1008.0,480.0,457.0,239.0,292.0,0.0,0.0,0.0,0.0,0.0,0.0,0.0,0.0,100.0,105.0,28.0,19.0,63.0,66.0,0.0,0.0,0.0,17.0,9.0,3.0,0.0,0.0,82.0,79.0,381.0,340.0,857.0,986.0,1213.0,1141.0,900.0,697.0,473.0,359.0,315.0,251.0,35.0,35.0,21.0,38.0,576.0,700.0,486.0,395.0,332.0,267.0,276.0,264.0,89.0,180.0,3882.0,3697.0,2739.0,2670.0,9356.0,10166.0,7629.0,6690.0,4885.0,4274.0,4271.0,4174.0,5250.0,8270.0,,,,,,,,,,,,,,,,,,,,,,,,,,,,,,,5922563.0,153371.5,38603.0,5553915.0,137626.5,40351.0,6970085.0,237568.0,29319.0,5293186.0,191988.0,27569.0,6421886.0,165590.5,38774.0,6428351.0,158590.0,40533.0,9048713.0,235534.0,38405.0,8004773.0,198703.0,40281.0,7292064.0,193618.5,37653.0,6392967.0,161529.5,39576.0,0.0,0.0,6555.25,7236.125,0.0,0.0,0.0,0.0,0.0,0.0,0.0,0.0,0.0,0.0,0.0,0.0,2517.875,2620.125,0.0,0.0,0.0,0.0,165.375,846.25,0.0,0.0,0.0,0.0,0.0,0.0,0.0,0.0,0.0,0.0,0.0,0.0,591.375,930.625,0.0,0.0,0.0,0.0,38.75,419.875,0.0,0.0,0.0,0.0,0.0,0.0,0.0,0.0,0.0,0.0,0.0,0.0,282.625,983.875,0.0,0.0,0.0,0.0,6.625,118.5,0.0,0.0,0.0,0.0,0.0,0.0,0.0,0.0,0.0,0.0,0.0,0.0,55.875,264.375,0.0,0.0
Amager,2005,1009.0,999.0,547.0,496.0,264.0,291.0,0.0,0.0,0.0,0.0,0.0,0.0,0.0,0.0,103.0,103.0,71.0,54.0,70.0,77.0,0.0,0.0,12.0,0.0,6.0,3.0,7.0,3.0,78.0,72.0,375.0,307.0,829.0,1019.0,1208.0,1189.0,925.0,734.0,498.0,390.0,339.0,260.0,45.0,28.0,45.0,59.0,600.0,803.0,571.0,418.0,326.0,265.0,288.0,273.0,218.0,364.0,3932.0,3715.0,2869.0,2755.0,9131.0,9898.0,7821.0,6933.0,5029.0,4362.0,4283.0,4138.0,5270.0,8138.0,,,,,,,,,,,,,,,,,,,,,,,,,,,,,,,6358621.0,162511.0,39127.0,5869583.0,143362.5,40943.0,7545007.0,249819.5,30202.0,5654639.0,197361.0,28656.0,6876304.0,174743.0,39351.0,6830122.0,165973.0,41154.0,9694371.0,248727.0,38976.0,8438487.0,206495.5,40867.0,7695423.0,202357.0,38029.0,6688921.0,167179.0,40013.0,0.0,0.0,6653.5,7220.75,0.0,0.0,0.0,0.0,0.0,0.0,0.0,0.0,0.0,0.0,0.0,0.0,2613.0,2636.0,0.0,0.0,0.0,0.0,171.125,871.375,0.0,0.0,0.0,0.0,0.0,0.0,0.0,0.0,0.0,0.0,0.0,0.0,579.375,947.625,0.0,0.0,0.0,0.0,41.25,433.75,0.0,0.0,0.0,0.0,0.0,0.0,0.0,0.0,0.0,0.0,0.0,0.0,294.0,985.875,0.0,0.0,0.0,0.0,7.25,120.125,0.0,0.0,0.0,0.0,0.0,0.0,0.0,0.0,0.0,0.0,0.0,0.0,60.0,271.875,0.0,0.0
Amager,2006,1016.0,953.0,593.0,560.0,263.0,283.0,0.0,0.0,0.0,0.0,0.0,0.0,0.0,0.0,106.0,112.0,31.0,22.0,68.0,81.0,0.0,0.0,14.0,0.0,9.0,4.0,0.0,0.0,68.0,66.0,357.0,293.0,870.0,1020.0,1163.0,1200.0,967.0,799.0,517.0,437.0,376.0,268.0,46.0,26.0,24.0,27.0,665.0,951.0,585.0,464.0,348.0,261.0,285.0,275.0,89.0,175.0,3980.0,3840.0,2940.0,2860.0,9041.0,9962.0,8229.0,7142.0,5129.0,4542.0,4297.0,4093.0,5352.0,8090.0,,,,,,,,,,,,,,,,,,,,,,,,,,,,,,,6837260.0,169765.5,40270.0,6221793.0,148527.5,41889.0,8368636.0,264600.0,31624.0,6213652.0,208070.0,29863.0,7388099.0,182854.5,40398.0,7285779.0,173133.5,42076.0,10566453.0,262950.5,40174.0,9036702.0,216003.5,41833.0,8311258.0,210519.5,39472.0,7106674.0,172656.5,41158.0,0.0,0.0,6802.5,7336.125,0.0,0.0,0.0,0.0,0.0,0.0,0.0,0.0,0.0,0.0,0.0,0.0,2679.875,2684.5,0.0,0.0,0.0,0.0,160.0,884.5,0.0,0.0,0.0,0.0,0.0,0.0,0.0,0.0,0.0,0.0,0.0,0.0,591.75,987.125,0.0,0.0,0.0,0.0,42.75,455.75,0.0,0.0,0.0,0.0,0.0,0.0,0.0,0.0,0.0,0.0,0.0,0.0,310.125,1042.375,0.0,0.0,0.0,0.0,9.75,119.25,0.0,0.0,0.0,0.0,0.0,0.0,0.0,0.0,0.0,0.0,0.0,0.0,52.5,282.375,0.0,0.0
Amager,2007,1015.0,975.0,647.0,602.0,288.0,267.0,0.0,0.0,0.0,0.0,0.0,0.0,0.0,0.0,121.0,124.0,31.0,18.0,65.0,77.0,0.0,0.0,20.0,0.0,3.0,4.0,0.0,0.0,64.0,61.0,342.0,277.0,901.0,1093.0,1112.0,1239.0,1024.0,832.0,540.0,480.0,418.0,300.0,43.0,36.0,22.0,27.0,757.0,1078.0,645.0,534.0,386.0,278.0,281.0,262.0,95.0,191.0,4213.0,4007.0,3010.0,2939.0,9071.0,10054.0,8501.0,7426.0,5383.0,4663.0,4269.0,4095.0,5429.0,8057.0,,,,,,,,,,,,,,,,,,,,,,,,,,,,,,,7208765.0,174644.0,41270.0,6499833.0,151997.5,42759.0,9244537.0,280228.5,32980.0,6799611.0,217790.0,31214.0,7773472.0,187659.5,41412.0,7643471.0,178070.0,42913.0,11477627.0,278848.0,41142.0,9667875.0,226381.0,42696.0,8860337.0,220484.0,40170.0,7491587.0,178879.5,41870.0,0.0,0.0,6950.5,7383.5,0.0,0.0,0.0,0.0,0.0,0.0,0.0,0.0,0.0,0.0,0.0,0.0,2705.25,2723.375,0.0,0.0,0.0,0.0,162.875,906.625,0.0,0.0,0.0,0.0,0.0,0.0,0.0,0.0,0.0,0.0,0.0,0.0,658.375,1051.125,0.0,0.0,0.0,0.0,41.125,462.625,0.0,0.0,0.0,0.0,0.0,0.0,0.0,0.0,0.0,0.0,0.0,0.0,320.25,1095.625,0.0,0.0,0.0,0.0,9.125,112.25,0.0,0.0,0.0,0.0,0.0,0.0,0.0,0.0,0.0,0.0,0.0,0.0,52.375,290.625,0.0,0.0
Amager,2008,992.0,958.0,689.0,639.0,311.0,294.0,67.0,65.0,0.0,0.0,0.0,0.0,0.0,0.0,123.0,123.0,29.0,23.0,70.0,101.0,19.0,25.0,6.0,0.0,8.0,6.0,0.0,0.0,72.0,70.0,322.0,250.0,989.0,1184.0,1124.0,1297.0,1063.0,894.0,558.0,524.0,455.0,332.0,54.0,54.0,25.0,31.0,849.0,1249.0,728.0,612.0,438.0,309.0,290.0,266.0,107.0,193.0,4439.0,4144.0,3079.0,2989.0,9182.0,10102.0,8846.0,7617.0,5497.0,4814.0,4279.0,4048.0,5512.0,8060.0,1733.5,842.5,494.0,290.0,352.5,258.0,163.0,87.0,39.0,44.0,529.0,277.5,194.0,130.5,149.5,174.0,71.0,48.5,28.0,35.0,499.5,228.0,113.5,61.0,93.0,273.0,103.0,51.0,31.5,31.0,7541176.0,179132.5,42078.0,6854189.0,157373.5,43548.0,10001950.0,299950.5,33319.0,7422320.0,231603.5,32035.0,8124903.0,192270.0,42235.0,8039760.0,183828.5,43717.0,12202121.0,290725.5,41936.0,10342649.0,237744.0,43489.0,9341394.0,228013.0,40932.0,7874161.0,184679.5,42620.0,0.0,0.0,7004.625,7435.75,0.0,0.0,0.0,0.0,0.0,0.0,0.0,0.0,0.0,0.0,0.0,0.0,2798.375,2795.875,0.0,0.0,0.0,0.0,168.875,905.25,0.0,0.0,0.0,0.0,0.0,0.0,0.0,0.0,0.0,0.0,0.0,0.0,683.5,1088.125,0.0,0.0,0.0,0.0,39.125,464.625,0.0,0.0,0.0,0.0,0.0,0.0,0.0,0.0,0.0,0.0,0.0,0.0,315.625,1157.125,0.0,0.0,0.0,0.0,8.125,108.5,0.0,0.0,0.0,0.0,0.0,0.0,0.0,0.0,0.0,0.0,0.0,0.0,52.5,299.375,0.0,0.0
Amager,2009,942.0,910.0,752.0,680.0,311.0,318.0,82.0,80.0,0.0,0.0,0.0,0.0,0.0,0.0,146.0,142.0,76.0,81.0,80.0,96.0,24.0,28.0,5.0,0.0,8.0,7.0,7.0,0.0,67.0,64.0,306.0,247.0,1137.0,1285.0,1191.0,1366.0,1080.0,922.0,602.0,571.0,478.0,368.0,68.0,65.0,67.0,73.0,1019.0,1330.0,860.0,739.0,499.0,315.0,310.0,280.0,295.0,403.0,4634.0,4414.0,3096.0,3053.0,9014.0,10119.0,9181.0,7847.0,5582.0,4948.0,4257.0,4042.0,5608.0,7977.0,1756.5,1123.5,735.0,517.0,583.5,250.0,181.0,125.5,71.0,75.5,494.5,350.5,238.5,209.5,234.5,226.5,107.0,63.5,47.0,49.0,497.0,334.5,220.0,143.0,178.5,288.5,150.5,87.5,46.5,46.0,7900224.0,184266.0,42840.0,7241804.0,164391.0,44040.0,10094669.0,301696.5,33419.0,7754646.0,240326.0,32246.0,8557069.0,198524.5,43068.0,8435320.0,190388.0,44279.0,12434260.0,291205.0,42652.0,10750270.0,244471.0,43952.0,9523360.0,228249.5,41677.0,8228093.0,191173.0,43015.0,0.0,0.0,6916.375,7362.0,0.0,0.0,0.0,0.0,0.0,0.0,0.0,0.0,0.0,0.0,0.0,0.0,2806.875,2786.125,0.0,0.0,0.0,0.0,169.5,897.75,0.0,0.0,0.0,0.0,0.0,0.0,0.0,0.0,0.0,0.0,0.0,0.0,732.625,1161.75,0.0,0.0,0.0,0.0,38.875,453.875,0.0,0.0,0.0,0.0,0.0,0.0,0.0,0.0,0.0,0.0,0.0,0.0,316.0,1211.75,0.0,0.0,0.0,0.0,5.875,108.25,0.0,0.0,0.0,0.0,0.0,0.0,0.0,0.0,0.0,0.0,0.0,0.0,53.75,313.875,0.0,0.0
Amager,2010,887.0,880.0,802.0,740.0,347.0,327.0,108.0,100.0,0.0,0.0,0.0,0.0,0.0,0.0,148.0,138.0,77.0,81.0,81.0,90.0,29.0,35.0,0.0,0.0,10.0,8.0,8.0,0.0,73.0,76.0,281.0,217.0,1139.0,1348.0,1217.0,1383.0,1112.0,966.0,644.0,613.0,496.0,397.0,61.0,61.0,72.0,70.0,1083.0,1441.0,927.0,818.0,529.0,338.0,314.0,295.0,311.0,413.0,4941.0,4719.0,3111.0,3012.0,9194.0,10091.0,9275.0,8138.0,5661.0,4942.0,4270.0,4007.0,5648.0,7916.0,1854.5,1201.5,853.0,574.5,860.0,273.5,182.0,136.0,101.0,139.0,497.0,368.0,274.5,181.0,297.5,225.0,132.0,79.5,46.5,67.0,534.0,358.0,251.0,176.5,275.5,325.0,161.5,112.0,69.5,81.0,8691042.0,197816.5,43871.0,7876640.0,173268.0,45440.0,10418312.0,312994.0,33226.0,8048413.0,246846.5,32577.0,9348463.0,211963.5,44043.0,9246216.0,202762.0,45553.0,13074233.0,298069.0,43782.0,11262941.0,247801.0,45423.0,10191171.0,242270.0,41993.0,8755149.0,200266.0,43679.0,0.0,0.0,6882.875,7298.875,0.0,0.0,0.0,0.0,0.0,0.0,0.0,0.0,0.0,0.0,0.0,0.0,2785.75,2788.125,0.0,0.0,0.0,0.0,179.375,917.875,0.0,0.0,0.0,0.0,0.0,0.0,0.0,0.0,0.0,0.0,0.0,0.0,742.375,1185.25,0.0,0.0,0.0,0.0,36.5,450.625,0.0,0.0,0.0,0.0,0.0,0.0,0.0,0.0,0.0,0.0,0.0,0.0,340.0,1261.875,0.0,0.0,0.0,0.0,4.875,105.125,0.0,0.0,0.0,0.0,0.0,0.0,0.0,0.0,0.0,0.0,0.0,0.0,54.125,318.5,0.0,0.0
Amager,2011,875.0,855.0,862.0,801.0,370.0,350.0,136.0,106.0,0.0,0.0,0.0,0.0,0.0,0.0,160.0,153.0,76.0,82.0,83.0,84.0,30.0,36.0,0.0,0.0,9.0,7.0,4.0,4.0,88.0,78.0,225.0,198.0,1212.0,1346.0,1204.0,1407.0,1072.0,1014.0,706.0,642.0,522.0,436.0,70.0,68.0,71.0,71.0,1118.0,1444.0,998.0,920.0,541.0,341.0,326.0,313.0,328.0,417.0,5211.0,5055.0,3111.0,3050.0,9115.0,10371.0,9502.0,8351.0,5706.0,5032.0,4344.0,4025.0,5750.0,7914.0,1877.5,1238.0,895.5,612.5,824.5,295.0,221.0,170.5,109.5,143.0,488.5,310.5,232.5,190.5,290.5,215.5,133.5,81.5,47.0,64.5,523.0,381.0,292.5,189.5,237.5,355.5,192.0,118.5,76.0,89.0,9063684.0,202659.0,44630.0,8162536.0,177089.5,46076.0,10806500.0,317129.0,33982.0,8279813.0,249147.0,33195.0,9725500.0,216745.5,44791.0,9609835.0,207778.0,46196.0,13520997.0,302466.5,44577.0,11605889.0,251777.5,46064.0,10600705.0,245653.0,43045.0,9079614.0,203327.0,44609.0,0.0,0.0,6814.5,7224.125,0.0,0.0,0.0,0.0,0.0,0.0,0.0,0.0,0.0,0.0,0.0,0.0,2769.375,2772.25,0.0,0.0,0.0,0.0,182.125,949.5,0.0,0.0,0.0,0.0,0.0,0.0,0.0,0.0,0.0,0.0,0.0,0.0,797.375,1241.5,0.0,0.0,0.0,0.0,35.5,462.5,0.0,0.0,0.0,0.0,0.0,0.0,0.0,0.0,0.0,0.0,0.0,0.0,367.25,1330.875,0.0,0.0,0.0,0.0,4.0,103.0,0.0,0.0,0.0,0.0,0.0,0.0,0.0,0.0,0.0,0.0,0.0,0.0,57.25,337.75,0.0,0.0
Amager,2012,841.0,803.0,892.0,829.0,376.0,380.0,0.0,0.0,0.0,0.0,0.0,0.0,0.0,0.0,187.0,168.0,75.0,81.0,92.0,97.0,0.0,0.0,0.0,0.0,9.0,11.0,5.0,5.0,84.0,85.0,202.0,182.0,1096.0,1265.0,1247.0,1433.0,1100.0,1052.0,754.0,684.0,549.0,462.0,59.0,64.0,78.0,63.0,1146.0,1483.0,1058.0,1046.0,563.0,361.0,337.0,297.0,342.0,445.0,5528.0,5330.0,3144.0,3049.0,9349.0,10635.0,9486.0,8385.0,5924.0,5120.0,4337.0,4122.0,5924.0,7901.0,1972.0,1270.5,866.5,598.0,922.0,335.0,252.0,160.5,125.0,178.0,472.5,304.0,221.0,164.5,287.0,211.0,140.5,84.0,51.0,79.5,552.0,382.0,251.5,185.5,255.5,401.5,192.0,149.5,72.0,122.0,9475151.0,206515.0,45750.0,8606696.0,181468.0,47378.0,11309129.0,324281.0,34758.0,8670205.0,254107.0,34062.0,10184796.0,221421.0,45883.0,10104484.0,212336.5,47494.0,14157963.0,308584.5,45718.0,12210830.0,257433.5,47370.0,11110639.0,250639.0,44199.0,9537109.0,207561.5,45886.0,0.0,0.0,6775.625,7183.75,0.0,0.0,0.0,0.0,0.0,0.0,0.0,0.0,0.0,0.0,0.0,0.0,2836.375,2763.125,0.0,0.0,0.0,0.0,188.75,956.25,0.0,0.0,0.0,0.0,0.0,0.0,0.0,0.0,0.0,0.0,0.0,0.0,817.125,1274.875,0.0,0.0,0.0,0.0,36.625,490.25,0.0,0.0,0.0,0.0,0.0,0.0,0.0,0.0,0.0,0.0,0.0,0.0,405.75,1379.875,0.0,0.0,0.0,0.0,5.25,99.625,0.0,0.0,0.0,0.0,0.0,0.0,0.0,0.0,0.0,0.0,0.0,0.0,62.875,350.25,0.0,0.0
Amager,2013,808.0,741.0,931.0,874.0,431.0,419.0,241.0,235.0,5.0,5.0,0.0,0.0,0.0,0.0,180.0,190.0,71.0,83.0,95.0,97.0,63.0,59.0,13.0,12.0,10.0,11.0,6.0,6.0,92.0,90.0,175.0,183.0,1060.0,1232.0,1273.0,1451.0,1097.0,1148.0,761.0,700.0,602.0,486.0,53.0,78.0,80.0,80.0,1195.0,1531.0,1152.0,1135.0,584.0,390.0,370.0,301.0,344.0,453.0,5779.0,5557.0,3202.0,3168.0,9731.0,11028.0,9462.0,8423.0,6107.0,5313.0,4451.0,4194.0,5998.0,7948.0,2050.0,1274.5,870.5,621.5,844.5,370.5,261.0,183.5,132.5,171.5,458.5,297.0,209.5,175.5,259.5,225.5,119.5,77.5,55.0,68.0,590.0,372.5,255.0,182.0,232.5,405.5,224.5,145.0,76.5,113.0,10028922.0,213737.0,46762.0,8998503.0,185856.5,48357.0,11891150.0,331203.5,35757.0,9003194.0,256724.5,35002.0,10743704.0,228539.0,46873.0,10628415.0,218746.5,48484.0,14863336.0,317027.0,46690.0,12679689.0,261948.5,48332.0,11539632.0,254754.5,45142.0,9834691.0,209828.5,46793.0,0.0,0.0,6749.125,7186.125,0.0,0.0,0.0,0.0,0.0,0.0,0.0,0.0,0.0,0.0,0.0,0.0,2950.0,2754.875,0.0,0.0,0.0,0.0,201.75,986.625,0.0,0.0,0.0,0.0,0.0,0.0,0.0,0.0,0.0,0.0,0.0,0.0,848.25,1272.0,0.0,0.0,0.0,0.0,37.25,486.25,0.0,0.0,0.0,0.0,0.0,0.0,0.0,0.0,0.0,0.0,0.0,0.0,444.5,1446.25,0.0,0.0,0.0,0.0,5.625,101.75,0.0,0.0,0.0,0.0,0.0,0.0,0.0,0.0,0.0,0.0,0.0,0.0,67.625,368.0,0.0,0.0
Amager,2014,806.0,718.0,941.0,873.0,500.0,498.0,234.0,247.0,8.0,6.0,0.0,0.0,0.0,0.0,202.0,214.0,73.0,86.0,107.0,112.0,69.0,63.0,11.0,13.0,12.0,7.0,7.0,7.0,102.0,99.0,158.0,165.0,1009.0,1173.0,1329.0,1544.0,1052.0,1147.0,813.0,736.0,633.0,513.0,54.0,76.0,81.0,94.0,1280.0,1615.0,1211.0,1226.0,655.0,417.0,389.0,307.0,372.0,459.0,6049.0,5698.0,3261.0,3285.0,10081.0,11288.0,9323.0,8372.0,6232.0,5442.0,4587.0,4289.0,6076.0,8049.0,1835.5,1152.0,840.5,599.0,700.5,404.0,292.5,206.5,156.5,155.5,273.5,206.5,148.5,145.0,188.0,151.5,93.5,63.0,33.5,54.5,534.5,329.0,259.5,169.0,200.0,472.0,230.5,163.0,95.0,102.5,10558298.0,219274.5,48012.0,9476703.0,190622.5,49651.0,12485730.0,336989.0,36915.0,9463847.0,261168.0,36167.0,11303813.0,234239.0,48142.0,11208944.0,224881.5,49742.0,15514295.0,322593.0,47922.0,13274313.0,267044.0,49628.0,12011801.0,258589.5,46298.0,10219862.0,212458.5,48018.0,0.0,0.0,6718.125,7145.375,0.0,0.0,0.0,0.0,0.0,0.0,0.0,0.0,0.0,0.0,0.0,0.0,3046.625,2737.75,0.0,0.0,0.0,0.0,211.25,1007.125,0.0,0.0,0.0,0.0,0.0,0.0,0.0,0.0,0.0,0.0,0.0,0.0,897.125,1241.5,0.0,0.0,0.0,0.0,43.875,487.75,0.0,0.0,0.0,0.0,0.0,0.0,0.0,0.0,0.0,0.0,0.0,0.0,474.25,1505.75,0.0,0.0,0.0,0.0,5.5,102.125,0.0,0.0,0.0,0.0,0.0,0.0,0.0,0.0,0.0,0.0,0.0,0.0,73.375,369.375,0.0,0.0
Amager,2015,778.0,718.0,918.0,879.0,547.0,556.0,252.0,269.0,11.0,9.0,0.0,0.0,0.0,0.0,225.0,241.0,77.0,81.0,113.0,109.0,67.0,59.0,17.0,11.0,12.0,9.0,7.0,7.0,120.0,112.0,141.0,139.0,966.0,1189.0,1479.0,1606.0,1059.0,1197.0,856.0,764.0,674.0,566.0,69.0,81.0,92.0,98.0,1458.0,1688.0,1414.0,1377.0,766.0,478.0,442.0,324.0,392.0,472.0,6248.0,5887.0,3338.0,3291.0,10320.0,11706.0,9210.0,8344.0,6494.0,5669.0,4799.0,4395.0,6194.0,8148.0,2011.5,1163.0,802.5,483.5,545.5,450.0,325.0,228.0,130.0,140.0,273.5,172.0,133.0,92.5,142.5,165.5,87.5,50.5,30.5,38.5,526.5,337.5,228.0,132.0,138.0,596.0,241.0,163.0,98.5,86.5,11235281.0,228683.0,48956.0,9946625.0,195470.0,50801.0,13241534.0,349491.5,37753.0,10065826.0,269212.5,37302.0,11929509.0,242298.0,49099.0,11868701.0,232540.5,50901.0,16613975.0,338580.5,48861.0,13980184.0,274740.5,50783.0,12611962.0,266559.0,47160.0,10689455.0,217129.5,49131.0,0.0,0.0,6681.75,7173.375,0.0,0.0,0.0,0.0,0.0,0.0,0.0,0.0,0.0,0.0,0.0,0.0,3216.75,2778.75,0.0,0.0,0.0,0.0,224.5,1021.125,0.0,0.0,0.0,0.0,0.0,0.0,0.0,0.0,0.0,0.0,0.0,0.0,921.0,1270.125,0.0,0.0,0.0,0.0,42.875,515.375,0.0,0.0,0.0,0.0,0.0,0.0,0.0,0.0,0.0,0.0,0.0,0.0,514.125,1539.375,0.0,0.0,0.0,0.0,5.875,100.375,0.0,0.0,0.0,0.0,0.0,0.0,0.0,0.0,0.0,0.0,0.0,0.0,78.375,383.375,0.0,0.0
Amager,2016,741.0,672.0,923.0,843.0,619.0,613.0,249.0,282.0,0.0,19.0,0.0,0.0,0.0,0.0,234.0,261.0,73.0,88.0,116.0,110.0,57.0,64.0,0.0,12.0,0.0,9.0,7.0,7.0,114.0,109.0,131.0,129.0,963.0,1211.0,1513.0,1663.0,1092.0,1223.0,896.0,785.0,716.0,624.0,66.0,87.0,97.0,115.0,1610.0,2023.0,1445.0,1436.0,825.0,531.0,461.0,325.0,403.0,484.0,6436.0,6072.0,3478.0,3415.0,10322.0,11943.0,9018.0,8245.0,6775.0,5881.0,4921.0,4605.0,6369.0,8213.0,1934.5,1164.5,740.0,436.0,461.5,509.0,379.0,222.0,129.5,138.5,250.5,153.5,129.0,83.5,107.5,142.5,71.0,51.5,30.0,36.0,506.5,296.5,195.0,111.5,100.0,526.0,264.5,142.5,81.5,79.5,11776523.0,234767.0,50006.0,10459666.0,200483.5,52072.0,14158533.0,362739.0,38886.0,10679728.0,276332.0,38552.0,12543267.0,249425.0,50154.0,12435666.0,237623.0,52195.0,17346929.0,346346.0,49902.0,14660486.0,281037.5,52047.0,13327012.0,277786.5,47819.0,11231352.0,223958.0,50047.0,0.0,0.0,6652.875,7218.25,0.0,0.0,0.0,0.0,0.0,0.0,0.0,0.0,0.0,0.0,0.0,0.0,3301.375,2812.75,0.0,0.0,0.0,0.0,240.875,1031.5,0.0,0.0,0.0,0.0,0.0,0.0,0.0,0.0,0.0,0.0,0.0,0.0,950.5,1287.375,0.0,0.0,0.0,0.0,45.25,522.375,0.0,0.0,0.0,0.0,0.0,0.0,0.0,0.0,0.0,0.0,0.0,0.0,546.375,1582.625,0.0,0.0,0.0,0.0,4.625,100.375,0.0,0.0,0.0,0.0,0.0,0.0,0.0,0.0,0.0,0.0,0.0,0.0,82.125,396.0,0.0,0.0
Amager,2017,724.0,660.0,879.0,854.0,679.0,680.0,276.0,289.0,0.0,19.0,0.0,0.0,0.0,0.0,270.0,299.0,77.0,92.0,128.0,114.0,60.0,66.0,0.0,13.0,6.0,11.0,5.0,9.0,114.0,110.0,128.0,134.0,1014.0,1165.0,1561.0,1741.0,1073.0,1249.0,941.0,796.0,772.0,693.0,68.0,84.0,103.0,121.0,1748.0,2199.0,1544.0,1533.0,829.0,564.0,467.0,331.0,412.0,506.0,6538.0,6292.0,3629.0,3583.0,10554.0,12147.0,8861.0,8202.0,6873.0,6003.0,5082.0,4779.0,6499.0,8299.0,2024.5,1148.0,778.5,462.0,482.0,645.5,399.0,258.5,140.5,143.0,229.5,146.0,126.5,86.5,105.5,121.0,71.5,50.5,26.0,33.5,528.5,290.0,185.0,111.0,107.0,500.0,241.5,158.0,98.0,93.0,12451987.0,241531.5,51414.0,11004995.0,205512.5,53443.0,15003009.0,370949.5,40299.0,11325797.0,283215.0,39879.0,13248605.0,256401.5,51540.0,13098740.0,244014.0,53562.0,18308320.0,355872.5,51282.0,15375552.0,287227.0,53411.0,14044539.0,285923.5,48980.0,11804598.0,229840.0,51242.0,0.0,0.0,6676.875,7200.0,0.0,0.0,0.0,0.0,0.0,0.0,0.0,0.0,0.0,0.0,0.0,0.0,3361.0,2859.625,0.0,0.0,0.0,0.0,245.625,1047.25,0.0,0.0,0.0,0.0,0.0,0.0,0.0,0.0,0.0,0.0,0.0,0.0,1020.5,1334.5,0.0,0.0,0.0,0.0,46.75,538.625,0.0,0.0,0.0,0.0,0.0,0.0,0.0,0.0,0.0,0.0,0.0,0.0,560.375,1628.375,0.0,0.0,0.0,0.0,5.0,98.75,0.0,0.0,0.0,0.0,0.0,0.0,0.0,0.0,0.0,0.0,0.0,0.0,94.25,413.0,0.0,0.0
Amager,2018,718.0,658.0,860.0,841.0,784.0,793.0,294.0,309.0,0.0,0.0,0.0,0.0,0.0,0.0,320.0,325.0,83.0,81.0,102.0,118.0,77.0,66.0,0.0,0.0,7.0,11.0,7.0,0.0,142.0,125.0,140.0,140.0,1001.0,1161.0,1651.0,1820.0,1096.0,1290.0,936.0,883.0,811.0,734.0,79.0,98.0,114.0,136.0,1960.0,2344.0,1684.0,1653.0,915.0,646.0,482.0,364.0,425.0,509.0,6722.0,6456.0,3876.0,3742.0,10760.0,12335.0,8823.0,8247.0,7022.0,6077.0,5273.0,4974.0,6620.0,8367.0,1845.0,1205.0,725.0,441.0,440.0,543.5,401.5,249.0,146.5,153.0,215.0,146.0,109.5,88.5,92.0,125.5,78.5,35.0,28.5,33.5,462.0,288.5,160.5,94.5,91.5,499.0,290.5,171.0,83.0,70.0,13240715.0,247510.0,53311.0,11781454.0,212569.0,55288.0,16028785.0,379207.5,42108.0,12144986.0,291498.5,41563.0,14146633.0,263752.5,53460.0,14003582.0,252017.0,55418.0,19395921.0,363282.0,53176.0,16408326.0,296070.0,55260.0,14673558.0,289113.5,50591.0,12359067.0,232938.5,52907.0,0.0,0.0,6779.0,7303.5,0.0,0.0,0.0,0.0,0.0,0.0,0.0,0.0,0.0,0.0,0.0,0.0,3439.125,2916.375,0.0,0.0,0.0,0.0,246.375,1095.125,0.0,0.0,0.0,0.0,0.0,0.0,0.0,0.0,0.0,0.0,0.0,0.0,1043.25,1367.5,0.0,0.0,0.0,0.0,53.0,554.375,0.0,0.0,0.0,0.0,0.0,0.0,0.0,0.0,0.0,0.0,0.0,0.0,580.375,1696.625,0.0,0.0,0.0,0.0,3.25,103.375,0.0,0.0,0.0,0.0,0.0,0.0,0.0,0.0,0.0,0.0,0.0,0.0,101.625,433.0,0.0,0.0
Amager,2019,727.0,695.0,852.0,824.0,888.0,881.0,329.0,337.0,0.0,0.0,0.0,0.0,0.0,0.0,343.0,361.0,92.0,83.0,106.0,109.0,84.0,63.0,0.0,0.0,0.0,13.0,8.0,0.0,144.0,147.0,166.0,172.0,1036.0,1236.0,1806.0,1972.0,1165.0,1355.0,968.0,949.0,865.0,784.0,89.0,105.0,118.0,133.0,2121.0,2582.0,1903.0,1852.0,958.0,722.0,532.0,368.0,459.0,527.0,6733.0,6621.0,4101.0,3984.0,11240.0,12735.0,8782.0,8187.0,7200.0,6329.0,5446.0,5173.0,6797.0,8481.0,1818.0,1170.0,801.5,430.0,448.5,545.0,440.0,292.5,142.5,161.0,217.0,132.5,99.5,78.5,81.5,119.5,68.0,50.0,25.5,40.0,438.5,265.0,171.5,96.0,85.0,498.0,264.5,188.0,87.5,81.0,14148037.0,255483.5,55201.0,12442553.0,217447.5,57166.0,17147243.0,386310.0,44213.0,12969203.0,297176.0,43572.0,15041736.0,271021.0,55357.0,14860003.0,259046.5,57278.0,20764875.0,375414.0,55097.0,17347603.0,303214.5,57140.0,15610583.0,295352.5,52669.0,12987976.0,236280.5,54877.0,0.0,0.0,6858.75,7463.75,0.0,0.0,0.0,0.0,0.0,0.0,0.0,0.0,0.0,0.0,0.0,0.0,3609.75,3019.0,0.0,0.0,0.0,0.0,256.0,1122.875,0.0,0.0,0.0,0.0,0.0,0.0,0.0,0.0,0.0,0.0,0.0,0.0,1087.875,1414.25,0.0,0.0,0.0,0.0,53.625,560.625,0.0,0.0,0.0,0.0,0.0,0.0,0.0,0.0,0.0,0.0,0.0,0.0,600.75,1784.625,0.0,0.0,0.0,0.0,4.25,113.875,0.0,0.0,0.0,0.0,0.0,0.0,0.0,0.0,0.0,0.0,0.0,0.0,109.0,454.5,0.0,0.0
Amager,2020,714.0,724.0,802.0,767.0,1008.0,923.0,370.0,370.0,109.0,98.0,0.0,0.0,0.0,0.0,384.0,425.0,102.0,94.0,113.0,113.0,96.0,79.0,22.0,26.0,0.0,0.0,11.0,0.0,171.0,184.0,171.0,185.0,1127.0,1326.0,1898.0,2125.0,1213.0,1413.0,998.0,1002.0,913.0,867.0,99.0,128.0,132.0,138.0,2225.0,2723.0,2056.0,2011.0,1037.0,810.0,544.0,384.0,476.0,558.0,6811.0,6645.0,4385.0,4297.0,11834.0,13087.0,8655.0,8202.0,7372.0,6593.0,5595.0,5203.0,6991.0,8613.0,2030.5,1343.5,968.5,703.0,724.0,581.0,455.5,312.0,208.0,242.5,235.5,155.5,111.5,110.5,132.5,176.5,106.0,63.0,55.5,51.5,518.5,315.0,230.0,170.5,158.0,519.0,311.5,252.0,158.5,139.5,15233263.0,266728.5,56953.0,13396550.0,227671.5,58789.0,18403293.0,405442.5,45227.0,14060278.0,314649.0,44617.0,16239322.0,283333.0,57189.0,15966890.0,270423.5,58970.0,22341965.0,391345.0,56892.0,18695580.0,317714.0,58772.0,16764476.0,307760.0,54297.0,14028651.0,248913.5,56279.0,0.0,0.0,7057.375,7617.875,0.0,0.0,0.0,0.0,0.0,0.0,0.0,0.0,0.0,0.0,0.0,0.0,3744.625,3104.375,0.0,0.0,0.0,0.0,267.375,1154.25,0.0,0.0,0.0,0.0,0.0,0.0,0.0,0.0,0.0,0.0,0.0,0.0,1057.875,1451.75,0.0,0.0,0.0,0.0,56.5,574.25,0.0,0.0,0.0,0.0,0.0,0.0,0.0,0.0,0.0,0.0,0.0,0.0,641.75,1848.875,0.0,0.0,0.0,0.0,6.125,123.5,0.0,0.0,0.0,0.0,0.0,0.0,0.0,0.0,0.0,0.0,0.0,0.0,111.125,467.875,0.0,0.0
Amager,2021,697.0,729.0,785.0,740.0,1111.0,1015.0,380.0,389.0,130.0,111.0,0.0,0.0,0.0,0.0,400.0,463.0,118.0,103.0,121.0,127.0,90.0,70.0,26.0,25.0,0.0,0.0,11.0,0.0,162.0,173.0,200.0,208.0,1096.0,1286.0,1980.0,2179.0,1261.0,1485.0,1000.0,1078.0,997.0,933.0,118.0,119.0,126.0,162.0,2389.0,2750.0,2280.0,2176.0,1156.0,902.0,575.0,407.0,505.0,570.0,6722.0,6475.0,4643.0,4522.0,12273.0,13632.0,8640.0,8127.0,7402.0,6653.0,5665.0,5312.0,7184.0,8773.0,1921.0,1391.0,968.5,578.5,579.0,604.0,471.0,305.5,161.0,163.5,197.5,152.0,133.5,96.0,112.5,136.5,110.0,76.5,49.5,45.5,465.0,313.0,238.0,135.5,143.5,518.0,345.0,215.0,136.5,114.0,16517833.0,283078.0,58120.0,14305905.0,237620.5,60201.0,19831691.0,416152.0,47463.0,15159006.0,324127.5,46735.0,17540601.0,299100.5,58486.0,17183986.0,283737.5,60500.0,24238956.0,415590.0,58064.0,20023342.0,332470.5,60185.0,18017012.0,324810.0,55267.0,14960396.0,260124.0,57469.0,0.0,0.0,7357.5,7967.5,0.0,0.0,0.0,0.0,0.0,0.0,0.0,0.0,0.0,0.0,0.0,0.0,3950.625,3171.25,0.0,0.0,0.0,0.0,284.375,1183.625,0.0,0.0,0.0,0.0,0.0,0.0,0.0,0.0,0.0,0.0,0.0,0.0,1077.375,1446.125,0.0,0.0,0.0,0.0,62.125,608.25,0.0,0.0,0.0,0.0,0.0,0.0,0.0,0.0,0.0,0.0,0.0,0.0,668.625,1892.0,0.0,0.0,0.0,0.0,7.125,130.25,0.0,0.0,0.0,0.0,0.0,0.0,0.0,0.0,0.0,0.0,0.0,0.0,107.0,474.5,0.0,0.0
Amager,2022,711.0,708.0,756.0,687.0,1160.0,1118.0,408.0,395.0,210.0,202.0,5.0,0.0,0.0,0.0,439.0,503.0,119.0,126.0,126.0,121.0,94.0,72.0,58.0,47.0,9.0,0.0,11.0,0.0,172.0,176.0,220.0,249.0,1171.0,1301.0,2093.0,2246.0,1308.0,1564.0,1037.0,1139.0,1054.0,1009.0,125.0,121.0,143.0,191.0,2520.0,3035.0,2539.0,2420.0,1262.0,1023.0,610.0,419.0,517.0,600.0,6646.0,6427.0,4846.0,4756.0,12508.0,13897.0,8625.0,8071.0,7303.0,6658.0,5860.0,5431.0,7313.0,8980.0,2108.5,1193.0,633.0,326.5,282.0,703.0,410.0,222.5,94.0,83.0,225.5,134.5,71.0,55.5,45.0,132.0,79.5,44.5,26.5,26.0,488.5,259.0,121.5,62.0,70.5,559.5,310.0,173.5,88.5,57.5,17016496.0,286985.5,59102.0,14682414.0,239947.5,61167.0,21229390.0,435456.0,48620.0,16245941.0,338265.5,47968.0,18094406.0,304505.0,59294.0,17695100.0,288166.0,61339.0,25128151.0,423819.5,59074.0,20645024.0,337310.5,61159.0,18576199.0,330116.0,56109.0,15447795.0,264242.0,58381.0,0.0,0.0,7728.25,8359.5,0.0,0.0,0.0,0.0,0.0,0.0,0.0,0.0,0.0,0.0,0.0,0.0,4076.125,3215.0,0.0,0.0,0.0,0.0,298.875,1203.125,0.0,0.0,0.0,0.0,0.0,0.0,0.0,0.0,0.0,0.0,0.0,0.0,1101.75,1455.25,0.0,0.0,0.0,0.0,63.0,626.5,0.0,0.0,0.0,0.0,0.0,0.0,0.0,0.0,0.0,0.0,0.0,0.0,676.5,1948.75,0.0,0.0,0.0,0.0,6.875,127.0,0.0,0.0,0.0,0.0,0.0,0.0,0.0,0.0,0.0,0.0,0.0,0.0,106.75,477.625,0.0,0.0
Amager,2023,703.0,708.0,718.0,652.0,1144.0,1148.0,445.0,428.0,224.0,219.0,6.0,0.0,0.0,0.0,489.0,499.0,119.0,150.0,123.0,134.0,113.0,63.0,60.0,52.0,13.0,0.0,12.0,0.0,269.0,262.0,277.0,310.0,1291.0,1533.0,2426.0,2585.0,1462.0,1726.0,1069.0,1239.0,1130.0,1115.0,132.0,138.0,146.0,204.0,2718.0,3327.0,2787.0,2638.0,1317.0,1118.0,657.0,457.0,545.0,596.0,6475.0,6276.0,4968.0,4884.0,12346.0,13493.0,8712.0,8189.0,7024.0,6576.0,6041.0,5563.0,7448.0,9078.0,1868.5,1199.5,683.5,375.0,294.5,609.5,443.5,225.5,116.5,89.0,188.5,104.0,71.5,50.5,41.5,130.5,88.0,57.5,28.5,23.5,428.5,243.0,142.0,80.0,59.0,511.5,321.0,187.0,99.5,81.5,18355583.0,307118.5,59567.0,15752533.0,254787.5,61774.0,22741382.0,454451.0,49794.0,17533850.0,357231.0,48972.0,19475989.0,325068.0,59758.0,19195708.0,308640.5,62077.0,27210988.0,456028.5,59417.0,22415484.0,362751.0,61687.0,19722019.0,339746.0,57848.0,16437085.0,272036.0,60307.0,0.0,0.0,7806.75,8491.0,0.0,0.0,0.0,0.0,0.0,0.0,0.0,0.0,0.0,0.0,0.0,0.0,4184.0,3293.125,0.0,0.0,0.0,0.0,298.875,1203.125,0.0,0.0,0.0,0.0,0.0,0.0,0.0,0.0,0.0,0.0,0.0,0.0,1119.125,1515.5,0.0,0.0,0.0,0.0,66.375,618.25,0.0,0.0,0.0,0.0,0.0,0.0,0.0,0.0,0.0,0.0,0.0,0.0,690.5,2016.75,0.0,0.0,0.0,0.0,6.75,122.0,0.0,0.0,0.0,0.0,0.0,0.0,0.0,0.0,0.0,0.0,0.0,0.0,109.625,470.625,0.0,0.0
Amager,2024,682.0,686.0,712.0,650.0,1151.0,1087.0,500.0,519.0,225.0,230.0,10.0,0.0,0.0,0.0,525.0,531.0,140.0,160.0,117.0,131.0,105.0,69.0,63.0,49.0,13.0,0.0,13.0,0.0,286.0,303.0,343.0,354.0,1435.0,1678.0,2609.0,2800.0,1604.0,1886.0,1092.0,1294.0,1218.0,1216.0,129.0,145.0,152.0,202.0,2772.0,3486.0,3033.0,2850.0,1405.0,1217.0,706.0,494.0,574.0,606.0,6465.0,6204.0,5057.0,4920.0,11952.0,13125.0,8842.0,8432.0,6813.0,6399.0,6080.0,5634.0,7630.0,9239.0,,,,,,,,,,,,,,,,,,,,,,,,,,,,,,,19906140.0,326525.5,60794.0,16931207.0,267986.0,63126.0,24357074.0,477206.5,50804.0,18925987.0,377225.5,50053.0,21184100.0,346844.0,60959.0,20719245.0,326316.0,63376.0,29576778.0,485344.5,60717.0,24143204.0,382305.5,63058.0,21144310.0,355966.5,59191.0,17756996.0,287278.5,61693.0,0.0,0.0,7821.5,8594.625,0.0,0.0,0.0,0.0,0.0,0.0,0.0,0.0,0.0,0.0,0.0,0.0,4334.875,3415.125,0.0,0.0,0.0,0.0,311.375,1233.75,0.0,0.0,0.0,0.0,0.0,0.0,0.0,0.0,0.0,0.0,0.0,0.0,1092.5,1562.25,0.0,0.0,0.0,0.0,72.875,605.125,0.0,0.0,0.0,0.0,0.0,0.0,0.0,0.0,0.0,0.0,0.0,0.0,705.0,2061.875,0.0,0.0,0.0,0.0,7.125,120.375,0.0,0.0,0.0,0.0,0.0,0.0,0.0,0.0,0.0,0.0,0.0,0.0,106.875,480.5,0.0,0.0
Amager,2025,695.0,672.0,681.0,646.0,1086.0,1054.0,551.0,583.0,228.0,242.0,13.0,0.0,0.0,0.0,586.0,584.0,152.0,175.0,113.0,134.0,107.0,70.0,57.0,50.0,21.0,0.0,12.0,0.0,284.0,302.0,372.0,370.0,1395.0,1714.0,2642.0,2891.0,1716.0,1973.0,1111.0,1337.0,1302.0,1310.0,126.0,154.0,164.0,204.0,2832.0,3431.0,3217.0,3057.0,1432.0,1281.0,764.0,523.0,586.0,621.0,6417.0,6160.0,5120.0,4955.0,11358.0,12521.0,8993.0,8558.0,6528.0,6182.0,6234.0,5772.0,7821.0,9421.0,,,,,,,,,,,,,,,,,,,,,,,,,,,,,,,0.0,,0.0,0.0,,0.0,0.0,,0.0,0.0,,0.0,0.0,,0.0,0.0,,0.0,0.0,,0.0,0.0,,0.0,0.0,,0.0,0.0,,0.0,,,,,,,,,,,,,,,,,,,,,,,,,,,,,,,,,,,,,,,,,,,,,,,,,,,,,,,,,,,,,,,,,,,,,,,,,,,,,,,,
Bispebjerg,1986,238.0,209.0,,,,,,0.0,0.0,0.0,,0.0,,0.0,,,,,,,,,,,,4.0,,4.0,32.0,33.0,96.0,76.0,114.0,143.0,200.0,146.0,160.0,72.0,46.0,17.0,30.0,54.0,,,9.0,13.0,49.0,53.0,,,,,50.0,70.0,154.0,503.0,995.0,936.0,1219.0,1275.0,3051.0,3111.0,2304.0,1866.0,1734.0,1567.0,1859.0,2189.0,6117.0,11420.0,,,,,,,,,,,,,,,,,,,,,,,,,,,,,,,,,,,,,,,,,,,,,,,,,,,,,,,,,,,,,,,,,,,,,,,,,,,,,,,,,,,,,,,,,,,,,,,,,,,,,,,,,,,,,,,,,,,,,,,,,,,,,,,,,,,,,,,,,,,,
Bispebjerg,1987,256.0,225.0,77.0,57.0,,,,,0.0,0.0,,0.0,,0.0,20.0,19.0,7.0,9.0,,,,,,,,,,6.0,,,106.0,79.0,160.0,145.0,209.0,182.0,188.0,81.0,,,36.0,53.0,,,11.0,13.0,57.0,51.0,113.0,86.0,,,56.0,62.0,146.0,481.0,945.0,909.0,1199.0,1209.0,3105.0,3181.0,2260.0,1861.0,1830.0,1639.0,1765.0,2060.0,5947.0,11151.0,,,,,,,,,,,,,,,,,,,,,,,,,,,,,,,1315499.0,79563.0,16534.0,1427675.0,66939.0,21328.0,1439070.0,140933.0,10211.0,1061685.0,114000.0,9313.0,1405942.0,84762.0,16587.0,1680047.0,78015.0,21535.0,2127197.0,128679.0,16531.0,2031607.0,95336.0,21310.0,1791325.0,111255.0,16101.0,1746734.0,83592.0,20896.0,,,,,,,,,,,,,,,,,,,,,,,,,,,,,,,,,,,,,,,,,,,,,,,,,,,,,,,,,,,,,,,,,,,,,,,,,,,,,,,,
Bispebjerg,1988,240.0,225.0,90.0,68.0,,,0.0,,0.0,0.0,0.0,0.0,,0.0,,,9.0,11.0,,,8.0,,,,,,,7.0,44.0,39.0,123.0,101.0,202.0,155.0,193.0,190.0,210.0,93.0,73.0,36.0,35.0,55.0,,,12.0,10.0,67.0,54.0,116.0,81.0,,,,,141.0,450.0,964.0,909.0,1124.0,1096.0,3302.0,3429.0,2278.0,1840.0,1934.0,1688.0,1678.0,1905.0,5681.0,10857.0,,,,,,,,,,,,,,,,,,,,,,,,,,,,,,,1370258.0,82805.0,16548.0,1515843.0,71290.0,21263.0,1490578.0,147787.0,10086.0,1135892.0,121668.0,9336.0,1471873.0,88715.0,16591.0,1766326.0,82477.0,21416.0,2229521.0,135311.0,16477.0,2171305.0,102290.0,21227.0,1876559.0,116658.0,16086.0,1849244.0,88727.0,20842.0,,,,,,,,,,,,,,,,,,,,,,,,,,,,,,,,,,,,,,,,,,,,,,,,,,,,,,,,,,,,,,,,,,,,,,,,,,,,,,,,
Bispebjerg,1989,234.0,218.0,99.0,88.0,,,0.0,,0.0,0.0,0.0,0.0,,0.0,22.0,20.0,,16.0,,,9.0,,3.0,5.0,,0.0,,8.0,48.0,41.0,129.0,111.0,223.0,181.0,191.0,189.0,212.0,106.0,94.0,43.0,44.0,57.0,6.0,5.0,,11.0,69.0,48.0,114.0,87.0,104.0,90.0,,59.0,146.0,429.0,955.0,935.0,1097.0,1086.0,3327.0,3571.0,2301.0,1870.0,2009.0,1713.0,1624.0,1826.0,5456.0,10535.0,,,,,,,,,,,,,,,,,,,,,,,,,,,,,,,1446645.0,86594.0,16706.0,1610093.0,75766.0,21251.0,1534455.0,150777.0,10177.0,1188161.0,125267.0,9485.0,1556221.0,92892.0,16753.0,1865518.0,87162.0,21403.0,2342654.0,141277.0,16582.0,2298234.0,108407.0,21200.0,1954659.0,121930.0,16031.0,1948399.0,94121.0,20701.0,,,,,,,,,,,,,,,,,,,,,,,,,,,,,,,,,,,,,,,,,,,,,,,,,,,,,,,,,,,,,,,,,,,,,,,,,,,,,,,,
Bispebjerg,1990,232.0,221.0,137.0,118.0,,,0.0,,0.0,0.0,0.0,0.0,,0.0,24.0,26.0,18.0,,,,7.0,,4.0,7.0,0.0,,,6.0,41.0,43.0,111.0,88.0,243.0,202.0,202.0,178.0,230.0,139.0,98.0,47.0,51.0,58.0,4.0,6.0,16.0,,77.0,60.0,111.0,89.0,114.0,96.0,67.0,,136.0,415.0,1091.0,978.0,1060.0,1098.0,3538.0,3779.0,2396.0,1958.0,2047.0,1742.0,1600.0,1749.0,5234.0,10228.0,,,,,,,,,,,,,,,,,,,,,,,,,,,,,,,1467453.0,88931.0,16501.0,1647766.0,78750.0,20924.0,1538842.0,155549.0,9893.0,1211643.0,129325.0,9369.0,1578656.0,95358.0,16555.0,1897592.0,90134.0,21053.0,2364463.0,144043.0,16415.0,2348472.0,112448.0,20885.0,1976092.0,124911.0,15820.0,1978195.0,97386.0,20313.0,,,,,,,,,,,,,,,,,,,,,,,,,,,,,,,,,,,,,,,,,,,,,,,,,,,,,,,,,,,,,,,,,,,,,,,,,,,,,,,,
Bispebjerg,1991,253.0,244.0,161.0,129.0,,,,,0.0,,0.0,0.0,,0.0,23.0,24.0,,,,,,,3.0,,,,,6.0,42.0,44.0,105.0,78.0,274.0,247.0,240.0,200.0,216.0,143.0,113.0,59.0,56.0,60.0,6.0,3.0,,,83.0,69.0,89.0,95.0,112.0,94.0,,,133.0,393.0,1100.0,1035.0,1053.0,1092.0,3508.0,3765.0,2474.0,2001.0,2051.0,1729.0,1581.0,1682.0,4952.0,9827.0,,,,,,,,,,,,,,,,,,,,,,,,,,,,,,,1501163.0,90847.0,16524.0,1660772.0,80804.0,20553.0,1562917.0,157600.0,9917.0,1207654.0,129175.0,9349.0,1614564.0,97398.0,16577.0,1910336.0,92300.0,20697.0,2438268.0,147684.0,16510.0,2394580.0,116649.0,20528.0,2030902.0,128262.0,15834.0,2001908.0,100538.0,19912.0,,,,,,,,,,,,,,,,,,,,,,,,,,,,,,,,,,,,,,,,,,,,,,,,,,,,,,,,,,,,,,,,,,,,,,,,,,,,,,,,
Bispebjerg,1992,246.0,241.0,174.0,130.0,,,,,0.0,0.0,0.0,0.0,,0.0,,,16.0,,,,,,,,,,,8.0,43.0,48.0,122.0,99.0,322.0,280.0,301.0,220.0,216.0,151.0,132.0,69.0,61.0,65.0,,,8.0,,91.0,86.0,97.0,92.0,,,,,117.0,380.0,1145.0,1064.0,966.0,1026.0,3632.0,3773.0,2516.0,2003.0,2081.0,1755.0,1538.0,1602.0,4726.0,9459.0,,,,,,,,,,,,,,,,,,,,,,,,,,,,,,,1545189.0,93325.0,16557.0,1684370.0,82843.0,20332.0,1568546.0,159373.0,9842.0,1208418.0,132183.0,9142.0,1657230.0,99749.0,16614.0,1937415.0,94536.0,20494.0,2479406.0,149895.0,16541.0,2418115.0,119107.0,20302.0,2061796.0,130510.0,15798.0,2022747.0,103017.0,19635.0,,,,,,,,,,,,,,,,,,,,,,,,,,,,,,,,,,,,,,,,,,,,,,,,,,,,,,,,,,,,,,,,,,,,,,,,,,,,,,,,
Bispebjerg,1993,292.0,245.0,167.0,126.0,,,,,,0.0,0.0,0.0,,,20.0,31.0,,,,,,,,,,,,,55.0,50.0,122.0,109.0,402.0,331.0,355.0,229.0,245.0,168.0,119.0,71.0,84.0,76.0,4.0,8.0,,,113.0,101.0,101.0,92.0,,,,,112.0,369.0,1164.0,1081.0,911.0,950.0,3680.0,3840.0,2508.0,2050.0,2123.0,1755.0,1542.0,1570.0,4546.0,9139.0,,,,,,,,,,,,,,,,,,,,,,,,,,,,,,,1565272.0,95142.0,16452.0,1688436.0,85038.0,19855.0,1566786.0,158357.0,9894.0,1214778.0,133771.0,9081.0,1677881.0,101677.0,16502.0,1937856.0,96859.0,20007.0,2496101.0,151813.0,16442.0,2417205.0,121976.0,19817.0,2076391.0,132957.0,15617.0,2021146.0,105814.0,19101.0,,,,,,,,,,,,,,,,,,,,,,,,,,,,,,,,,,,,,,,,,,,,,,,,,,,,,,,,,,,,,,,,,,,,,,,,,,,,,,,,
Bispebjerg,1994,312.0,277.0,160.0,117.0,29.0,21.0,,,0.0,0.0,,0.0,,,,,,,14.0,15.0,,,5.0,5.0,0.0,,,,63.0,52.0,107.0,105.0,425.0,347.0,417.0,253.0,237.0,172.0,150.0,77.0,84.0,74.0,,,,,94.0,113.0,112.0,87.0,122.0,111.0,,,109.0,329.0,1184.0,1145.0,896.0,920.0,3652.0,3925.0,2589.0,2058.0,2152.0,1781.0,1557.0,1560.0,4212.0,8519.0,,,,,,,,,,,,,,,,,,,,,,,,,,,,,,,1674438.0,99515.0,16826.0,1784636.0,89920.0,19847.0,1665795.0,158240.0,10527.0,1256915.0,128769.0,9761.0,1799748.0,106614.0,16881.0,2031995.0,101788.0,19963.0,2699895.0,160584.0,16813.0,2693737.0,135979.0,19810.0,2321621.0,138861.0,16719.0,2321055.0,118108.0,19652.0,,,,,,,,,,,,,,,,,,,,,,,,,,,,,,,,,,,,,,,,,,,,,,,,,,,,,,,,,,,,,,,,,,,,,,,,,,,,,,,,
Bispebjerg,1995,348.0,313.0,152.0,123.0,,,,,0.0,,,0.0,,,24.0,39.0,,,,,,,9.0,,0.0,,,,70.0,70.0,130.0,114.0,481.0,430.0,551.0,300.0,260.0,193.0,174.0,84.0,94.0,75.0,5.0,6.0,,,116.0,140.0,130.0,87.0,122.0,107.0,,,99.0,314.0,1221.0,1224.0,902.0,908.0,3749.0,4022.0,2700.0,2158.0,2165.0,1753.0,1630.0,1568.0,4023.0,8131.0,,,,,,,,,,,,,,,,,,,,,,,,,,,,,,,1782651.0,103163.0,17280.0,1859268.0,93638.0,19856.0,1791374.0,166423.0,10764.0,1329203.0,140330.0,9472.0,1915868.0,110476.0,17342.0,2113026.0,105778.0,19976.0,2845686.0,164958.0,17251.0,2781146.0,140214.0,19835.0,2422208.0,141699.0,17094.0,2373603.0,121053.0,19608.0,,,,,,,,,,,,,,,,,,,,,,,,,,,,,,,,,,,,,,,,,,,,,,,,,,,,,,,,,,,,,,,,,,,,,,,,,,,,,,,,
Bispebjerg,1996,428.0,374.0,165.0,142.0,,,,,,,,0.0,,,24.0,41.0,,,,,,,,,0.0,,,,90.0,83.0,143.0,139.0,534.0,498.0,725.0,367.0,292.0,226.0,198.0,100.0,102.0,83.0,5.0,11.0,,,119.0,145.0,151.0,91.0,117.0,116.0,,,108.0,302.0,1263.0,1270.0,932.0,891.0,3902.0,4218.0,2732.0,2188.0,2195.0,1766.0,1674.0,1565.0,3873.0,7706.0,,,,,,,,,,,,,,,,,,,,,,,,,,,,,,,1868578.0,106320.0,17575.0,1907435.0,96854.0,19694.0,1901463.0,167294.0,11366.0,1398632.0,143039.0,9778.0,2003377.0,113564.0,17641.0,2160267.0,109027.0,19814.0,2969295.0,169181.0,17551.0,2839897.0,144443.0,19661.0,2525138.0,145440.0,17362.0,2415994.0,124114.0,19466.0,,,,,,,,,,,,,,,,,,,,,,,,,,,,,,,,,,,,,,,,,,,,,,,,,,,,,,,,,,,,,,,,,,,,,,,,,,,,,,,,
Bispebjerg,1997,452.0,433.0,173.0,147.0,,,,,,,,0.0,,,22.0,47.0,,,,,,,,,0.0,,,,101.0,85.0,158.0,179.0,592.0,571.0,847.0,422.0,320.0,235.0,229.0,120.0,115.0,93.0,9.0,15.0,,,142.0,168.0,159.0,100.0,124.0,112.0,,,105.0,275.0,1289.0,1300.0,889.0,843.0,4096.0,4347.0,2835.0,2285.0,2109.0,1706.0,1753.0,1614.0,3639.0,7240.0,,,,,,,,,,,,,,,,,,,,,,,,,,,,,,,1924355.0,108887.0,17673.0,1949319.0,99212.0,19648.0,2021815.0,173234.0,11671.0,1478839.0,147309.0,10039.0,2060034.0,116091.0,17745.0,2203300.0,111520.0,19757.0,3061817.0,173622.0,17635.0,2895387.0,147536.0,19625.0,2570147.0,147633.0,17409.0,2429409.0,125208.0,19403.0,,,,,,,,,,,,,,,,,,,,,,,,,,,,,,,,,,,,,,,,,,,,,,,,,,,,,,,,,,,,,,,,,,,,,,,,,,,,,,,,
Bispebjerg,1998,506.0,463.0,172.0,159.0,,,,,0.0,,,0.0,0.0,,23.0,45.0,,,,,,,9.0,,,,7.0,,86.0,76.0,187.0,185.0,590.0,623.0,922.0,468.0,380.0,251.0,240.0,126.0,129.0,113.0,8.0,7.0,,,160.0,186.0,177.0,104.0,113.0,105.0,,,102.0,264.0,1327.0,1311.0,873.0,874.0,4143.0,4424.0,2851.0,2375.0,2059.0,1672.0,1842.0,1662.0,3418.0,6804.0,,,,,,,,,,,,,,,,,,,,,,,,,,,,,,,2053223.0,114911.0,17868.0,2033942.0,103788.0,19597.0,2232932.0,180833.0,12348.0,1615524.0,152610.0,10586.0,2191767.0,122336.0,17916.0,2302720.0,116907.0,19697.0,3252088.0,182190.0,17850.0,3005507.0,153515.0,19578.0,2711351.0,152830.0,17741.0,2516580.0,129640.0,19412.0,0.0,0.0,7051.0,9320.0,0.0,0.0,0.0,0.0,0.0,0.0,0.0,0.0,0.0,0.0,0.0,0.0,2115.0,2656.0,0.0,0.0,0.0,0.0,131.0,746.0,0.0,0.0,0.0,0.0,0.0,0.0,0.0,0.0,0.0,0.0,0.0,0.0,365.0,702.0,0.0,0.0,0.0,0.0,15.0,294.0,0.0,0.0,0.0,0.0,0.0,0.0,0.0,0.0,0.0,0.0,0.0,0.0,180.0,604.0,0.0,0.0,0.0,0.0,1.0,68.0,0.0,0.0,0.0,0.0,0.0,0.0,0.0,0.0,0.0,0.0,0.0,0.0,26.0,207.0,0.0,0.0
Bispebjerg,1999,554.0,518.0,175.0,176.0,,,,,0.0,,,0.0,0.0,,20.0,42.0,,,,,,,11.0,,0.0,,6.0,,78.0,77.0,212.0,190.0,586.0,684.0,997.0,552.0,405.0,267.0,235.0,141.0,154.0,127.0,6.0,8.0,,,156.0,210.0,184.0,111.0,112.0,103.0,,,102.0,250.0,1339.0,1311.0,902.0,878.0,4257.0,4497.0,2850.0,2379.0,2068.0,1680.0,1915.0,1701.0,3253.0,6451.0,,,,,,,,,,,,,,,,,,,,,,,,,,,,,,,2160224.0,119224.0,18119.0,2112916.0,107418.0,19670.0,2406795.0,190728.0,12619.0,1746605.0,159362.0,10960.0,2304697.0,126694.0,18191.0,2394442.0,120944.0,19798.0,3424193.0,189318.0,18087.0,3120372.0,158886.0,19639.0,2861809.0,159637.0,17927.0,2610424.0,134392.0,19424.0,0.0,0.0,7063.0,9102.0,0.0,0.0,0.0,0.0,0.0,0.0,0.0,0.0,0.0,0.0,0.0,0.0,2088.0,2545.0,0.0,0.0,0.0,0.0,138.0,766.0,0.0,0.0,0.0,0.0,0.0,0.0,0.0,0.0,0.0,0.0,0.0,0.0,404.0,711.0,0.0,0.0,0.0,0.0,25.0,304.0,0.0,0.0,0.0,0.0,0.0,0.0,0.0,0.0,0.0,0.0,0.0,0.0,168.0,640.0,0.0,0.0,0.0,0.0,2.0,69.0,0.0,0.0,0.0,0.0,0.0,0.0,0.0,0.0,0.0,0.0,0.0,0.0,25.0,199.0,0.0,0.0
Bispebjerg,2000,623.0,584.0,181.0,177.0,151.0,139.0,,,0.0,,,0.0,0.0,,23.0,38.0,,,30.0,22.0,,,,,,,6.0,,103.0,90.0,231.0,212.0,607.0,739.0,1066.0,651.0,453.0,287.0,240.0,162.0,168.0,137.0,8.0,5.0,,,154.0,217.0,172.0,129.0,,,,,109.0,243.0,1332.0,1277.0,930.0,888.0,4358.0,4651.0,2901.0,2391.0,2093.0,1681.0,1913.0,1725.0,3127.0,6121.0,,,,,,,,,,,,,,,,,,,,,,,,,,,,,,,2275278.0,123993.0,18350.0,2196948.0,111617.0,19683.0,2570389.0,198624.0,12941.0,1860389.0,165353.0,11251.0,2428176.0,131787.0,18425.0,2495441.0,125880.0,19824.0,3604091.0,196784.0,18315.0,3243086.0,165017.0,19653.0,2974612.0,164707.0,18060.0,2683937.0,138383.0,19395.0,0.0,0.0,7052.0,8955.0,0.0,0.0,0.0,0.0,0.0,0.0,0.0,0.0,0.0,0.0,0.0,0.0,2176.0,2477.0,0.0,0.0,0.0,0.0,135.0,750.0,0.0,0.0,0.0,0.0,0.0,0.0,0.0,0.0,0.0,0.0,0.0,0.0,399.0,742.0,0.0,0.0,0.0,0.0,31.0,315.0,0.0,0.0,0.0,0.0,0.0,0.0,0.0,0.0,0.0,0.0,0.0,0.0,181.0,665.0,0.0,0.0,0.0,0.0,2.0,74.0,0.0,0.0,0.0,0.0,0.0,0.0,0.0,0.0,0.0,0.0,0.0,0.0,26.0,216.0,0.0,0.0
Bispebjerg,2001,685.0,645.0,193.0,185.0,165.0,160.0,,,,,,0.0,0.0,0.0,28.0,36.0,,,32.0,19.0,,,,,,,7.0,9.0,96.0,77.0,245.0,214.0,618.0,745.0,1090.0,709.0,533.0,326.0,250.0,175.0,177.0,151.0,6.0,3.0,,,188.0,203.0,169.0,131.0,116.0,99.0,,,116.0,227.0,1376.0,1294.0,902.0,905.0,4524.0,4824.0,2865.0,2380.0,2098.0,1670.0,1902.0,1739.0,3061.0,5821.0,,,,,,,,,,,,,,,,,,,,,,,,,,,,,,,2380216.0,128911.0,18464.0,2291389.0,116184.0,19722.0,2735079.0,208276.0,13132.0,1987241.0,172954.0,11490.0,2539546.0,136785.0,18566.0,2599709.0,130882.0,19863.0,3783785.0,205462.0,18416.0,3402941.0,172791.0,19694.0,3116736.0,172272.0,18092.0,2804052.0,144740.0,19373.0,0.0,0.0,7064.0,8745.0,0.0,0.0,0.0,0.0,0.0,0.0,0.0,0.0,0.0,0.0,0.0,0.0,2278.0,2405.0,0.0,0.0,0.0,0.0,131.0,773.0,0.0,0.0,0.0,0.0,0.0,0.0,0.0,0.0,0.0,0.0,0.0,0.0,435.0,749.0,0.0,0.0,0.0,0.0,35.0,318.0,0.0,0.0,0.0,0.0,0.0,0.0,0.0,0.0,0.0,0.0,0.0,0.0,176.0,678.0,0.0,0.0,0.0,0.0,1.0,69.0,0.0,0.0,0.0,0.0,0.0,0.0,0.0,0.0,0.0,0.0,0.0,0.0,30.0,231.0,0.0,0.0
Bispebjerg,2002,765.0,697.0,218.0,220.0,196.0,195.0,,,,,,0.0,0.0,0.0,28.0,37.0,18.0,20.0,31.0,19.0,,,,,,3.0,7.0,8.0,79.0,73.0,245.0,213.0,610.0,803.0,1087.0,749.0,599.0,335.0,262.0,197.0,189.0,165.0,10.0,4.0,16.0,18.0,189.0,230.0,170.0,143.0,109.0,97.0,129.0,109.0,117.0,228.0,1405.0,1348.0,911.0,892.0,4574.0,4826.0,2986.0,2432.0,2071.0,1692.0,1921.0,1795.0,2953.0,5531.0,,,,,,,,,,,,,,,,,,,,,,,,,,,,,,,2468815.0,133673.0,18469.0,2369640.0,121820.0,19452.0,2765266.0,210543.0,13134.0,2045406.0,177892.0,11498.0,2642680.0,142301.0,18571.0,2682366.0,136981.0,19582.0,3863715.0,209757.0,18420.0,3478330.0,179083.0,19423.0,3170712.0,175313.0,18086.0,2855029.0,149236.0,19131.0,0.0,0.0,7107.75,8490.75,0.0,0.0,0.0,0.0,0.0,0.0,0.0,0.0,0.0,0.0,0.0,0.0,2273.5,2316.0,0.0,0.0,0.0,0.0,131.5,777.75,0.0,0.0,0.0,0.0,0.0,0.0,0.0,0.0,0.0,0.0,0.0,0.0,431.0,743.0,0.0,0.0,0.0,0.0,35.5,327.75,0.0,0.0,0.0,0.0,0.0,0.0,0.0,0.0,0.0,0.0,0.0,0.0,198.75,726.25,0.0,0.0,0.0,0.0,4.75,83.5,0.0,0.0,0.0,0.0,0.0,0.0,0.0,0.0,0.0,0.0,0.0,0.0,39.5,236.25,0.0,0.0
Bispebjerg,2003,759.0,700.0,255.0,233.0,217.0,204.0,,,,,,0.0,0.0,0.0,,,15.0,19.0,35.0,25.0,,,,,,,6.0,6.0,64.0,64.0,245.0,201.0,582.0,782.0,1078.0,786.0,658.0,361.0,295.0,209.0,200.0,189.0,,,14.0,22.0,172.0,234.0,183.0,135.0,117.0,91.0,,,119.0,212.0,1397.0,1356.0,936.0,885.0,4531.0,4764.0,3118.0,2486.0,2035.0,1674.0,1918.0,1775.0,2836.0,5240.0,,,,,,,,,,,,,,,,,,,,,,,,,,,,,,,2546838.0,137059.0,18582.0,2439886.0,125657.0,19417.0,2782934.0,213333.0,13045.0,2074830.0,177457.0,11692.0,2729024.0,146039.0,18687.0,2753833.0,140825.0,19555.0,3938958.0,212538.0,18533.0,3553830.0,183244.0,19394.0,3241937.0,177913.0,18222.0,2916723.0,152588.0,19115.0,0.0,0.0,7169.25,8307.5,0.0,0.0,0.0,0.0,0.0,0.0,0.0,0.0,0.0,0.0,0.0,0.0,2319.5,2223.5,0.0,0.0,0.0,0.0,141.25,781.5,0.0,0.0,0.0,0.0,0.0,0.0,0.0,0.0,0.0,0.0,0.0,0.0,429.5,730.25,0.0,0.0,0.0,0.0,34.25,329.75,0.0,0.0,0.0,0.0,0.0,0.0,0.0,0.0,0.0,0.0,0.0,0.0,185.75,738.75,0.0,0.0,0.0,0.0,4.25,95.5,0.0,0.0,0.0,0.0,0.0,0.0,0.0,0.0,0.0,0.0,0.0,0.0,38.25,239.0,0.0,0.0
Bispebjerg,2004,758.0,745.0,284.0,249.0,210.0,209.0,,,,,0.0,0.0,,0.0,30.0,28.0,16.0,26.0,38.0,29.0,,,,,7.0,5.0,,6.0,56.0,55.0,233.0,202.0,578.0,730.0,1077.0,798.0,706.0,393.0,306.0,233.0,222.0,204.0,9.0,5.0,13.0,19.0,158.0,258.0,163.0,144.0,116.0,89.0,131.0,123.0,119.0,208.0,1405.0,1358.0,932.0,946.0,4513.0,4762.0,3192.0,2563.0,2084.0,1676.0,1938.0,1760.0,2766.0,4990.0,,,,,,,,,,,,,,,,,,,,,,,,,,,,,,,2654440.0,142743.0,18596.0,2551034.0,132185.0,19299.0,2838997.0,217198.0,13071.0,2160484.0,184389.0,11717.0,2849131.0,152474.0,18686.0,2871431.0,147875.0,19418.0,4004996.0,216043.0,18538.0,3651624.0,189390.0,19281.0,3264641.0,179949.0,18142.0,2968366.0,156312.0,18990.0,0.0,0.0,7312.25,8201.75,0.0,0.0,0.0,0.0,0.0,0.0,0.0,0.0,0.0,0.0,0.0,0.0,2301.0,2102.75,0.0,0.0,0.0,0.0,152.25,796.0,0.0,0.0,0.0,0.0,0.0,0.0,0.0,0.0,0.0,0.0,0.0,0.0,442.25,726.25,0.0,0.0,0.0,0.0,38.5,354.0,0.0,0.0,0.0,0.0,0.0,0.0,0.0,0.0,0.0,0.0,0.0,0.0,167.75,752.5,0.0,0.0,0.0,0.0,4.0,97.75,0.0,0.0,0.0,0.0,0.0,0.0,0.0,0.0,0.0,0.0,0.0,0.0,45.25,230.25,0.0,0.0
Bispebjerg,2005,764.0,783.0,338.0,295.0,214.0,217.0,,,,0.0,0.0,,,0.0,33.0,27.0,19.0,25.0,31.0,33.0,,,,3.0,8.0,,,6.0,53.0,51.0,214.0,190.0,583.0,678.0,1074.0,832.0,769.0,434.0,310.0,258.0,240.0,214.0,10.0,8.0,13.0,14.0,145.0,299.0,165.0,147.0,123.0,90.0,131.0,125.0,126.0,198.0,1366.0,1342.0,942.0,976.0,4390.0,4661.0,3184.0,2591.0,2101.0,1682.0,1951.0,1768.0,2697.0,4767.0,,,,,,,,,,,,,,,,,,,,,,,,,,,,,,,2732343.0,147169.0,18566.0,2627092.0,136444.0,19254.0,2937315.0,221835.0,13241.0,2272081.0,187203.0,12137.0,2931723.0,157062.0,18666.0,2957065.0,152725.0,19362.0,4118313.0,222636.0,18498.0,3761047.0,195653.0,19223.0,3344047.0,184907.0,18085.0,3040678.0,161138.0,18870.0,0.0,0.0,7476.75,8204.25,0.0,0.0,0.0,0.0,0.0,0.0,0.0,0.0,0.0,0.0,0.0,0.0,2281.5,2020.75,0.0,0.0,0.0,0.0,153.0,814.5,0.0,0.0,0.0,0.0,0.0,0.0,0.0,0.0,0.0,0.0,0.0,0.0,442.25,706.5,0.0,0.0,0.0,0.0,38.5,365.25,0.0,0.0,0.0,0.0,0.0,0.0,0.0,0.0,0.0,0.0,0.0,0.0,165.25,767.0,0.0,0.0,0.0,0.0,2.0,106.5,0.0,0.0,0.0,0.0,0.0,0.0,0.0,0.0,0.0,0.0,0.0,0.0,37.75,239.5,0.0,0.0
Bispebjerg,2006,761.0,785.0,362.0,325.0,207.0,209.0,,,,,0.0,,,0.0,35.0,27.0,23.0,26.0,34.0,36.0,,,,,8.0,,,7.0,49.0,50.0,214.0,202.0,566.0,672.0,1023.0,859.0,851.0,455.0,313.0,277.0,275.0,228.0,7.0,7.0,15.0,17.0,159.0,284.0,167.0,176.0,128.0,89.0,126.0,127.0,136.0,192.0,1315.0,1302.0,985.0,1018.0,4369.0,4698.0,3206.0,2567.0,2076.0,1691.0,1966.0,1741.0,2674.0,4562.0,,,,,,,,,,,,,,,,,,,,,,,,,,,,,,,2922161.0,153459.0,19042.0,2720772.0,140790.0,19325.0,3269596.0,234649.0,13934.0,2457092.0,195054.0,12597.0,3135234.0,164148.0,19100.0,3082417.0,158912.0,19397.0,4457719.0,234753.0,18989.0,3927585.0,203555.0,19295.0,3598589.0,192541.0,18690.0,3160999.0,166412.0,18995.0,0.0,0.0,7566.0,8110.75,0.0,0.0,0.0,0.0,0.0,0.0,0.0,0.0,0.0,0.0,0.0,0.0,2308.25,1958.75,0.0,0.0,0.0,0.0,158.0,846.0,0.0,0.0,0.0,0.0,0.0,0.0,0.0,0.0,0.0,0.0,0.0,0.0,447.75,710.5,0.0,0.0,0.0,0.0,37.0,365.25,0.0,0.0,0.0,0.0,0.0,0.0,0.0,0.0,0.0,0.0,0.0,0.0,168.75,777.0,0.0,0.0,0.0,0.0,3.75,111.5,0.0,0.0,0.0,0.0,0.0,0.0,0.0,0.0,0.0,0.0,0.0,0.0,40.0,240.5,0.0,0.0
Bispebjerg,2007,753.0,750.0,400.0,371.0,222.0,222.0,,,,,0.0,,,0.0,36.0,31.0,23.0,28.0,33.0,42.0,,,,,9.0,,,6.0,40.0,49.0,205.0,193.0,584.0,672.0,998.0,875.0,916.0,493.0,335.0,293.0,313.0,240.0,11.0,7.0,20.0,19.0,254.0,406.0,218.0,183.0,153.0,95.0,109.0,124.0,140.0,194.0,1349.0,1330.0,1018.0,1056.0,4443.0,4769.0,3276.0,2569.0,2153.0,1724.0,1881.0,1694.0,2668.0,4331.0,,,,,,,,,,,,,,,,,,,,,,,,,,,,,,,3061051.0,157591.0,19424.0,2829455.0,145123.0,19497.0,3569568.0,245230.0,14556.0,2686416.0,202718.0,13252.0,3280305.0,168255.0,19496.0,3209798.0,164016.0,19570.0,4767949.0,246113.0,19373.0,4157746.0,213524.0,19472.0,3801196.0,200665.0,18943.0,3302874.0,172339.0,19165.0,0.0,0.0,7805.0,7945.0,0.0,0.0,0.0,0.0,0.0,0.0,0.0,0.0,0.0,0.0,0.0,0.0,2378.5,1938.25,0.0,0.0,0.0,0.0,175.75,864.75,0.0,0.0,0.0,0.0,0.0,0.0,0.0,0.0,0.0,0.0,0.0,0.0,459.75,731.5,0.0,0.0,0.0,0.0,33.5,380.0,0.0,0.0,0.0,0.0,0.0,0.0,0.0,0.0,0.0,0.0,0.0,0.0,185.75,762.5,0.0,0.0,0.0,0.0,4.0,112.0,0.0,0.0,0.0,0.0,0.0,0.0,0.0,0.0,0.0,0.0,0.0,0.0,37.25,254.25,0.0,0.0
Bispebjerg,2008,751.0,731.0,418.0,406.0,241.0,234.0,90.0,84.0,,,,,,0.0,38.0,31.0,20.0,30.0,42.0,42.0,22.0,20.0,,,,,,7.0,42.0,46.0,180.0,157.0,674.0,683.0,1025.0,900.0,936.0,535.0,386.0,304.0,333.0,247.0,12.0,9.0,21.0,29.0,349.0,488.0,236.0,224.0,161.0,99.0,110.0,121.0,142.0,191.0,1383.0,1392.0,1006.0,1068.0,4524.0,4925.0,3402.0,2689.0,2113.0,1749.0,1859.0,1656.0,2661.0,4081.0,1740.0,976.0,565.0,396.0,494.0,217.0,124.0,68.0,34.0,31.0,621.0,377.0,264.0,212.0,272.0,175.0,97.0,47.0,39.0,51.0,471.0,266.0,138.0,86.0,106.0,256.0,112.0,48.0,25.0,34.0,3169715.0,161055.0,19681.0,2939429.0,149986.0,19598.0,3786703.0,261784.0,14465.0,2882521.0,215628.0,13368.0,3402303.0,172138.0,19765.0,3312771.0,168298.0,19684.0,4979228.0,253667.0,19629.0,4357402.0,222612.0,19574.0,3925854.0,204110.0,19234.0,3396254.0,176383.0,19255.0,0.0,0.0,7821.25,7817.5,0.0,0.0,0.0,0.0,0.0,0.0,0.0,0.0,0.0,0.0,0.0,0.0,2428.25,1937.0,0.0,0.0,0.0,0.0,178.5,868.0,0.0,0.0,0.0,0.0,0.0,0.0,0.0,0.0,0.0,0.0,0.0,0.0,515.0,770.5,0.0,0.0,0.0,0.0,36.0,392.25,0.0,0.0,0.0,0.0,0.0,0.0,0.0,0.0,0.0,0.0,0.0,0.0,176.25,770.5,0.0,0.0,0.0,0.0,2.75,118.5,0.0,0.0,0.0,0.0,0.0,0.0,0.0,0.0,0.0,0.0,0.0,0.0,30.75,256.75,0.0,0.0
Bispebjerg,2009,765.0,715.0,446.0,437.0,272.0,235.0,100.0,99.0,,,0.0,,,0.0,44.0,40.0,,,37.0,33.0,26.0,22.0,,,13.0,,,,63.0,36.0,168.0,148.0,766.0,738.0,1026.0,915.0,1004.0,594.0,437.0,324.0,353.0,266.0,15.0,10.0,,,437.0,569.0,250.0,241.0,187.0,105.0,119.0,123.0,,,1505.0,1472.0,984.0,1070.0,4532.0,4995.0,3461.0,2740.0,2067.0,1730.0,1843.0,1574.0,2629.0,3946.0,1861.0,1211.0,797.0,559.0,758.0,235.0,154.0,109.0,46.0,54.0,626.0,472.0,334.0,261.0,375.0,208.0,125.0,68.0,45.0,66.0,508.0,317.0,211.0,161.0,211.0,284.0,143.0,75.0,46.0,52.0,3263711.0,163603.0,19949.0,3076293.0,155282.0,19811.0,3716931.0,258479.0,14380.0,2986873.0,222056.0,13451.0,3514015.0,175245.0,20052.0,3461484.0,173708.0,19927.0,5010291.0,252217.0,19865.0,4493257.0,227231.0,19774.0,3978555.0,203945.0,19508.0,3512931.0,180902.0,19419.0,0.0,0.0,7710.0,7711.75,0.0,0.0,0.0,0.0,0.0,0.0,0.0,0.0,0.0,0.0,0.0,0.0,2419.5,1944.5,0.0,0.0,0.0,0.0,174.25,885.5,0.0,0.0,0.0,0.0,0.0,0.0,0.0,0.0,0.0,0.0,0.0,0.0,516.5,803.0,0.0,0.0,0.0,0.0,40.0,396.25,0.0,0.0,0.0,0.0,0.0,0.0,0.0,0.0,0.0,0.0,0.0,0.0,197.25,785.5,0.0,0.0,0.0,0.0,5.25,124.75,0.0,0.0,0.0,0.0,0.0,0.0,0.0,0.0,0.0,0.0,0.0,0.0,28.0,252.25,0.0,0.0
Bispebjerg,2010,758.0,720.0,494.0,459.0,296.0,254.0,124.0,112.0,,,0.0,,,0.0,46.0,52.0,,,35.0,37.0,27.0,16.0,,,13.0,,0.0,,74.0,53.0,143.0,149.0,806.0,819.0,989.0,956.0,1048.0,634.0,487.0,353.0,384.0,290.0,19.0,18.0,,,460.0,637.0,278.0,271.0,166.0,118.0,123.0,118.0,,,1559.0,1503.0,997.0,1052.0,4521.0,5029.0,3541.0,2867.0,2083.0,1688.0,1822.0,1592.0,2617.0,3799.0,1892.0,1251.0,988.0,725.0,1037.0,192.0,166.0,109.0,71.0,112.0,632.0,450.0,381.0,334.0,420.0,270.0,133.0,95.0,55.0,82.0,493.0,328.0,288.0,210.0,333.0,305.0,174.0,115.0,55.0,90.0,3489167.0,168893.0,20659.0,3282698.0,160382.0,20468.0,3737476.0,262205.0,14254.0,3043164.0,223204.0,13634.0,3751077.0,180853.0,20741.0,3694721.0,180020.0,20524.0,5157025.0,250074.0,20622.0,4655567.0,227511.0,20463.0,4131964.0,209160.0,19755.0,3672087.0,186656.0,19673.0,0.0,0.0,7612.5,7575.25,0.0,0.0,0.0,0.0,0.0,0.0,0.0,0.0,0.0,0.0,0.0,0.0,2482.75,1951.0,0.0,0.0,0.0,0.0,186.0,889.0,0.0,0.0,0.0,0.0,0.0,0.0,0.0,0.0,0.0,0.0,0.0,0.0,521.0,811.0,0.0,0.0,0.0,0.0,36.0,389.75,0.0,0.0,0.0,0.0,0.0,0.0,0.0,0.0,0.0,0.0,0.0,0.0,216.0,797.5,0.0,0.0,0.0,0.0,6.25,127.25,0.0,0.0,0.0,0.0,0.0,0.0,0.0,0.0,0.0,0.0,0.0,0.0,30.25,252.25,0.0,0.0
Bispebjerg,2011,749.0,723.0,565.0,509.0,328.0,319.0,139.0,124.0,,,,,,0.0,56.0,61.0,,,36.0,49.0,29.0,13.0,,,,,,,81.0,66.0,162.0,141.0,895.0,886.0,1059.0,979.0,1115.0,688.0,539.0,377.0,412.0,314.0,16.0,21.0,,,567.0,696.0,326.0,313.0,177.0,132.0,119.0,123.0,,,1642.0,1531.0,1039.0,1078.0,4572.0,5134.0,3557.0,2880.0,2108.0,1696.0,1823.0,1585.0,2612.0,3667.0,2103.0,1356.0,910.0,638.0,1118.0,276.0,216.0,131.0,74.0,155.0,651.0,456.0,302.0,252.0,431.0,259.0,121.0,92.0,56.0,95.0,540.0,380.0,247.0,197.0,327.0,377.0,183.0,138.0,59.0,110.0,3618243.0,169974.0,21287.0,3355653.0,161438.0,20786.0,3868469.0,260556.0,14847.0,3056011.0,218489.0,13987.0,3885378.0,181985.0,21350.0,3797179.0,182136.0,20848.0,5317779.0,250107.0,21262.0,4744110.0,228291.0,20781.0,4264770.0,207896.0,20514.0,3746310.0,186023.0,20139.0,0.0,0.0,7446.5,7372.25,0.0,0.0,0.0,0.0,0.0,0.0,0.0,0.0,0.0,0.0,0.0,0.0,2503.0,1920.0,0.0,0.0,0.0,0.0,194.25,909.25,0.0,0.0,0.0,0.0,0.0,0.0,0.0,0.0,0.0,0.0,0.0,0.0,544.25,829.5,0.0,0.0,0.0,0.0,42.25,403.75,0.0,0.0,0.0,0.0,0.0,0.0,0.0,0.0,0.0,0.0,0.0,0.0,236.25,815.75,0.0,0.0,0.0,0.0,5.75,131.5,0.0,0.0,0.0,0.0,0.0,0.0,0.0,0.0,0.0,0.0,0.0,0.0,34.25,257.5,0.0,0.0
Bispebjerg,2012,747.0,660.0,626.0,584.0,353.0,361.0,155.0,139.0,,,,,,0.0,59.0,65.0,24.0,22.0,51.0,71.0,31.0,14.0,,,,,,8.0,96.0,70.0,157.0,137.0,902.0,901.0,1137.0,1025.0,1165.0,733.0,576.0,397.0,418.0,341.0,17.0,26.0,34.0,35.0,605.0,739.0,345.0,336.0,189.0,138.0,130.0,130.0,173.0,203.0,1689.0,1606.0,1064.0,1067.0,4790.0,5376.0,3508.0,2848.0,2139.0,1686.0,1801.0,1562.0,2657.0,3555.0,2023.0,1374.0,970.0,716.0,1155.0,291.0,192.0,147.0,112.0,180.0,591.0,408.0,291.0,256.0,404.0,255.0,144.0,108.0,64.0,89.0,506.0,393.0,261.0,210.0,355.0,380.0,237.0,163.0,74.0,127.0,3740615.0,172426.0,21694.0,3449274.0,162855.0,21180.0,3980469.0,262183.0,15182.0,3127143.0,218773.0,14294.0,4012908.0,184391.0,21763.0,3898176.0,183608.0,21231.0,5501194.0,253745.0,21680.0,4876834.0,230289.0,21177.0,4428924.0,210650.0,21025.0,3874716.0,188679.0,20536.0,0.0,0.0,7302.75,7191.25,0.0,0.0,0.0,0.0,0.0,0.0,0.0,0.0,0.0,0.0,0.0,0.0,2640.5,1868.0,0.0,0.0,0.0,0.0,198.75,945.75,0.0,0.0,0.0,0.0,0.0,0.0,0.0,0.0,0.0,0.0,0.0,0.0,547.75,839.0,0.0,0.0,0.0,0.0,38.25,405.25,0.0,0.0,0.0,0.0,0.0,0.0,0.0,0.0,0.0,0.0,0.0,0.0,234.5,842.75,0.0,0.0,0.0,0.0,7.25,136.25,0.0,0.0,0.0,0.0,0.0,0.0,0.0,0.0,0.0,0.0,0.0,0.0,44.25,249.0,0.0,0.0
Bispebjerg,2013,744.0,680.0,650.0,602.0,418.0,400.0,172.0,144.0,,,,,,0.0,78.0,85.0,25.0,23.0,49.0,73.0,31.0,16.0,,,,,,9.0,122.0,76.0,136.0,121.0,887.0,873.0,1151.0,1066.0,1162.0,770.0,658.0,414.0,439.0,363.0,16.0,21.0,39.0,36.0,634.0,782.0,358.0,385.0,209.0,157.0,134.0,127.0,179.0,205.0,1738.0,1643.0,1008.0,1043.0,4968.0,5661.0,3509.0,2829.0,2168.0,1686.0,1758.0,1569.0,2669.0,3461.0,2073.0,1371.0,991.0,753.0,1038.0,314.0,217.0,182.0,105.0,160.0,535.0,362.0,257.0,246.0,373.0,244.0,166.0,101.0,60.0,85.0,530.0,380.0,287.0,241.0,293.0,450.0,246.0,164.0,101.0,127.0,3834492.0,174485.0,21976.0,3556453.0,164066.0,21677.0,4072236.0,261695.0,15561.0,3218218.0,218525.0,14727.0,4111518.0,186667.0,22026.0,4021079.0,185022.0,21733.0,5606462.0,255431.0,21949.0,5005638.0,231026.0,21667.0,4469245.0,210664.0,21215.0,3948851.0,188238.0,20978.0,0.0,0.0,7176.25,7113.25,0.0,0.0,0.0,0.0,0.0,0.0,0.0,0.0,0.0,0.0,0.0,0.0,2708.5,1850.25,0.0,0.0,0.0,0.0,183.0,934.75,0.0,0.0,0.0,0.0,0.0,0.0,0.0,0.0,0.0,0.0,0.0,0.0,551.5,824.5,0.0,0.0,0.0,0.0,39.5,420.5,0.0,0.0,0.0,0.0,0.0,0.0,0.0,0.0,0.0,0.0,0.0,0.0,240.5,887.75,0.0,0.0,0.0,0.0,7.25,136.75,0.0,0.0,0.0,0.0,0.0,0.0,0.0,0.0,0.0,0.0,0.0,0.0,45.75,253.5,0.0,0.0
Bispebjerg,2014,744.0,684.0,677.0,664.0,447.0,450.0,182.0,147.0,,,,,,0.0,91.0,88.0,25.0,26.0,54.0,70.0,27.0,23.0,,,,,,9.0,137.0,91.0,126.0,127.0,901.0,872.0,1230.0,1116.0,1171.0,772.0,694.0,467.0,472.0,386.0,17.0,35.0,38.0,42.0,663.0,829.0,434.0,439.0,215.0,177.0,144.0,145.0,170.0,212.0,1768.0,1654.0,997.0,1013.0,5086.0,5907.0,3450.0,2845.0,2131.0,1658.0,1741.0,1561.0,2656.0,3365.0,1896.0,1233.0,874.0,691.0,857.0,359.0,299.0,183.0,137.0,160.0,326.0,239.0,210.0,174.0,272.0,182.0,100.0,78.0,44.0,76.0,542.0,346.0,247.0,199.0,238.0,487.0,249.0,156.0,137.0,111.0,3963111.0,176917.0,22401.0,3694124.0,166717.0,22158.0,4179037.0,262091.0,15945.0,3344750.0,219127.0,15264.0,4263669.0,189842.0,22459.0,4173099.0,187817.0,22219.0,5760169.0,257576.0,22363.0,5172196.0,233497.0,22151.0,4582716.0,211927.0,21624.0,4055276.0,189242.0,21429.0,0.0,0.0,7038.25,6994.0,0.0,0.0,0.0,0.0,0.0,0.0,0.0,0.0,0.0,0.0,0.0,0.0,2826.75,1830.75,0.0,0.0,0.0,0.0,192.25,911.25,0.0,0.0,0.0,0.0,0.0,0.0,0.0,0.0,0.0,0.0,0.0,0.0,559.25,837.5,0.0,0.0,0.0,0.0,37.5,442.25,0.0,0.0,0.0,0.0,0.0,0.0,0.0,0.0,0.0,0.0,0.0,0.0,237.0,867.25,0.0,0.0,0.0,0.0,6.25,142.5,0.0,0.0,0.0,0.0,0.0,0.0,0.0,0.0,0.0,0.0,0.0,0.0,44.5,266.25,0.0,0.0
Bispebjerg,2015,755.0,690.0,687.0,664.0,523.0,514.0,179.0,150.0,,,,0.0,,,98.0,97.0,30.0,28.0,50.0,76.0,26.0,27.0,,,,4.0,,,153.0,107.0,127.0,127.0,829.0,921.0,1306.0,1153.0,1169.0,808.0,772.0,500.0,488.0,412.0,23.0,38.0,32.0,46.0,738.0,921.0,507.0,499.0,240.0,188.0,149.0,145.0,176.0,215.0,1757.0,1680.0,1001.0,962.0,5300.0,6135.0,3372.0,2847.0,2108.0,1668.0,1765.0,1564.0,2630.0,3306.0,2090.0,1207.0,861.0,575.0,759.0,416.0,309.0,203.0,112.0,178.0,343.0,206.0,173.0,145.0,214.0,170.0,97.0,60.0,41.0,70.0,538.0,315.0,229.0,159.0,200.0,623.0,280.0,196.0,118.0,97.0,4144232.0,180797.0,22922.0,3806998.0,168354.0,22613.0,4405827.0,268255.0,16424.0,3478620.0,221964.0,15672.0,4458399.0,193945.0,22988.0,4322206.0,190498.0,22689.0,6032185.0,263829.0,22864.0,5343949.0,236406.0,22605.0,4762495.0,215839.0,22065.0,4164646.0,191056.0,21798.0,0.0,0.0,6844.75,6918.0,0.0,0.0,0.0,0.0,0.0,0.0,0.0,0.0,0.0,0.0,0.0,0.0,3010.0,1802.5,0.0,0.0,0.0,0.0,196.0,895.75,0.0,0.0,0.0,0.0,0.0,0.0,0.0,0.0,0.0,0.0,0.0,0.0,601.25,816.0,0.0,0.0,0.0,0.0,43.25,429.5,0.0,0.0,0.0,0.0,0.0,0.0,0.0,0.0,0.0,0.0,0.0,0.0,244.5,834.0,0.0,0.0,0.0,0.0,6.0,139.0,0.0,0.0,0.0,0.0,0.0,0.0,0.0,0.0,0.0,0.0,0.0,0.0,44.75,282.75,0.0,0.0
Bispebjerg,2016,747.0,713.0,711.0,675.0,578.0,558.0,191.0,162.0,,,,,,,108.0,121.0,33.0,34.0,54.0,76.0,27.0,26.0,,,,,,,141.0,90.0,127.0,136.0,815.0,934.0,1336.0,1167.0,1105.0,819.0,862.0,512.0,513.0,456.0,30.0,33.0,35.0,64.0,821.0,1085.0,590.0,557.0,241.0,207.0,156.0,140.0,183.0,219.0,1757.0,1635.0,960.0,934.0,5527.0,6346.0,3287.0,2868.0,2095.0,1619.0,1773.0,1543.0,2638.0,3286.0,2205.0,1320.0,836.0,516.0,637.0,526.0,387.0,247.0,136.0,133.0,285.0,204.0,142.0,120.0,196.0,181.0,103.0,68.0,36.0,51.0,535.0,298.0,189.0,134.0,156.0,678.0,328.0,190.0,90.0,101.0,4259789.0,183953.0,23157.0,3928201.0,171695.0,22879.0,4606211.0,272912.0,16878.0,3650828.0,227594.0,16041.0,4589875.0,197550.0,23234.0,4473059.0,194811.0,22961.0,6194295.0,268407.0,23078.0,5519739.0,241321.0,22873.0,4898907.0,221010.0,22166.0,4300813.0,196250.0,21915.0,0.0,0.0,6851.25,6821.75,0.0,0.0,0.0,0.0,0.0,0.0,0.0,0.0,0.0,0.0,0.0,0.0,3149.0,1796.5,0.0,0.0,0.0,0.0,188.5,897.0,0.0,0.0,0.0,0.0,0.0,0.0,0.0,0.0,0.0,0.0,0.0,0.0,639.75,799.5,0.0,0.0,0.0,0.0,44.25,412.5,0.0,0.0,0.0,0.0,0.0,0.0,0.0,0.0,0.0,0.0,0.0,0.0,248.0,814.25,0.0,0.0,0.0,0.0,5.75,132.75,0.0,0.0,0.0,0.0,0.0,0.0,0.0,0.0,0.0,0.0,0.0,0.0,45.5,281.75,0.0,0.0
Bispebjerg,2017,733.0,694.0,686.0,668.0,658.0,576.0,197.0,169.0,,,,,,,132.0,129.0,36.0,33.0,58.0,81.0,34.0,28.0,,,,,,,124.0,96.0,129.0,124.0,767.0,894.0,1353.0,1198.0,1056.0,812.0,936.0,556.0,552.0,472.0,25.0,29.0,35.0,57.0,887.0,1159.0,663.0,581.0,242.0,226.0,162.0,136.0,189.0,226.0,1812.0,1682.0,977.0,968.0,5455.0,6331.0,3371.0,2951.0,2004.0,1554.0,1847.0,1586.0,2618.0,3226.0,2131.0,1243.0,794.0,562.0,626.0,639.0,399.0,252.0,159.0,161.0,245.0,180.0,130.0,133.0,160.0,118.0,76.0,56.0,44.0,68.0,484.0,283.0,187.0,118.0,138.0,645.0,305.0,169.0,108.0,99.0,4349096.0,187817.0,23156.0,4018877.0,175130.0,22948.0,4731884.0,279184.0,16949.0,3808041.0,234774.0,16220.0,4694271.0,202139.0,23223.0,4590784.0,199305.0,23034.0,6321136.0,273749.0,23091.0,5639882.0,245896.0,22936.0,4980768.0,225998.0,22039.0,4401910.0,200808.0,21921.0,0.0,0.0,6905.75,6838.0,0.0,0.0,0.0,0.0,0.0,0.0,0.0,0.0,0.0,0.0,0.0,0.0,3190.0,1817.5,0.0,0.0,0.0,0.0,181.5,848.25,0.0,0.0,0.0,0.0,0.0,0.0,0.0,0.0,0.0,0.0,0.0,0.0,673.75,808.5,0.0,0.0,0.0,0.0,46.0,416.5,0.0,0.0,0.0,0.0,0.0,0.0,0.0,0.0,0.0,0.0,0.0,0.0,276.25,831.25,0.0,0.0,0.0,0.0,9.25,128.75,0.0,0.0,0.0,0.0,0.0,0.0,0.0,0.0,0.0,0.0,0.0,0.0,53.5,283.75,0.0,0.0
Bispebjerg,2018,736.0,673.0,651.0,641.0,649.0,635.0,206.0,191.0,54.0,53.0,,,,,139.0,132.0,37.0,34.0,54.0,71.0,44.0,35.0,16.0,12.0,,,,,101.0,78.0,124.0,128.0,711.0,860.0,1231.0,1135.0,993.0,821.0,954.0,584.0,584.0,484.0,21.0,35.0,41.0,64.0,940.0,1274.0,697.0,588.0,259.0,234.0,173.0,138.0,198.0,235.0,1851.0,1733.0,983.0,962.0,5410.0,6191.0,3377.0,3082.0,2030.0,1556.0,1833.0,1601.0,2654.0,3184.0,1977.0,1258.0,853.0,493.0,522.0,590.0,451.0,264.0,152.0,153.0,242.0,165.0,148.0,96.0,127.0,129.0,83.0,54.0,38.0,39.0,438.0,259.0,178.0,93.0,108.0,578.0,300.0,209.0,114.0,95.0,4569568.0,195707.0,23349.0,4186291.0,181705.0,23039.0,5056658.0,292614.0,17281.0,4025985.0,244414.0,16472.0,4919941.0,210146.0,23412.0,4808876.0,207969.0,23123.0,6624651.0,284478.0,23287.0,5850307.0,254140.0,23020.0,5114945.0,230788.0,22163.0,4463157.0,203426.0,21940.0,0.0,0.0,6851.5,6829.75,0.0,0.0,0.0,0.0,0.0,0.0,0.0,0.0,0.0,0.0,0.0,0.0,3294.0,1848.25,0.0,0.0,0.0,0.0,193.25,874.0,0.0,0.0,0.0,0.0,0.0,0.0,0.0,0.0,0.0,0.0,0.0,0.0,688.0,842.25,0.0,0.0,0.0,0.0,45.5,418.0,0.0,0.0,0.0,0.0,0.0,0.0,0.0,0.0,0.0,0.0,0.0,0.0,291.75,856.75,0.0,0.0,0.0,0.0,10.25,133.25,0.0,0.0,0.0,0.0,0.0,0.0,0.0,0.0,0.0,0.0,0.0,0.0,60.5,285.25,0.0,0.0
Bispebjerg,2019,724.0,656.0,647.0,626.0,660.0,619.0,235.0,217.0,69.0,59.0,,,,,130.0,140.0,42.0,40.0,52.0,70.0,45.0,35.0,17.0,13.0,,,,,101.0,85.0,140.0,114.0,660.0,767.0,1168.0,1140.0,948.0,846.0,987.0,618.0,652.0,521.0,19.0,33.0,38.0,59.0,1023.0,1213.0,759.0,678.0,262.0,246.0,184.0,151.0,214.0,236.0,1865.0,1775.0,1016.0,992.0,5265.0,5973.0,3555.0,3254.0,2042.0,1561.0,1785.0,1585.0,2653.0,3154.0,1900.0,1265.0,821.0,490.0,547.0,577.0,419.0,299.0,182.0,175.0,212.0,150.0,115.0,84.0,110.0,111.0,89.0,43.0,32.0,48.0,380.0,270.0,161.0,82.0,117.0,620.0,337.0,203.0,110.0,97.0,4658068.0,201875.0,23074.0,4325841.0,187754.0,23040.0,5178526.0,299233.0,17306.0,4215067.0,251977.0,16728.0,5031465.0,217473.0,23136.0,4951980.0,214232.0,23115.0,6764873.0,293755.0,23029.0,6062128.0,263296.0,23024.0,5236651.0,237921.0,22010.0,4613894.0,209162.0,22059.0,0.0,0.0,6841.0,6779.25,0.0,0.0,0.0,0.0,0.0,0.0,0.0,0.0,0.0,0.0,0.0,0.0,3325.25,1853.25,0.0,0.0,0.0,0.0,204.25,892.0,0.0,0.0,0.0,0.0,0.0,0.0,0.0,0.0,0.0,0.0,0.0,0.0,707.0,898.75,0.0,0.0,0.0,0.0,41.0,401.25,0.0,0.0,0.0,0.0,0.0,0.0,0.0,0.0,0.0,0.0,0.0,0.0,322.25,883.0,0.0,0.0,0.0,0.0,8.75,129.25,0.0,0.0,0.0,0.0,0.0,0.0,0.0,0.0,0.0,0.0,0.0,0.0,59.0,286.75,0.0,0.0
Bispebjerg,2020,688.0,627.0,653.0,605.0,662.0,674.0,254.0,226.0,84.0,80.0,,,,,131.0,139.0,39.0,32.0,57.0,71.0,41.0,40.0,19.0,11.0,,,,,96.0,65.0,139.0,110.0,623.0,723.0,1095.0,1112.0,890.0,829.0,996.0,634.0,705.0,553.0,21.0,31.0,44.0,64.0,899.0,1177.0,787.0,710.0,270.0,242.0,177.0,151.0,220.0,239.0,1939.0,1881.0,1015.0,999.0,5028.0,5814.0,3603.0,3383.0,2043.0,1574.0,1768.0,1563.0,2685.0,3093.0,1928.0,1326.0,934.0,699.0,807.0,572.0,470.0,320.0,193.0,244.0,201.0,147.0,134.0,131.0,159.0,135.0,93.0,59.0,50.0,65.0,425.0,278.0,175.0,163.0,191.0,595.0,338.0,246.0,162.0,148.0,4849908.0,213267.0,22741.0,4539969.0,198209.0,22905.0,5343329.0,317375.0,16836.0,4449963.0,268555.0,16570.0,5227959.0,228925.0,22837.0,5195854.0,225926.0,22998.0,7043278.0,310031.0,22718.0,6370974.0,278221.0,22899.0,5424818.0,249566.0,21737.0,4846306.0,220628.0,21966.0,0.0,0.0,6976.0,6841.25,0.0,0.0,0.0,0.0,0.0,0.0,0.0,0.0,0.0,0.0,0.0,0.0,3354.75,1808.25,0.0,0.0,0.0,0.0,210.5,925.5,0.0,0.0,0.0,0.0,0.0,0.0,0.0,0.0,0.0,0.0,0.0,0.0,745.25,901.0,0.0,0.0,0.0,0.0,46.5,401.25,0.0,0.0,0.0,0.0,0.0,0.0,0.0,0.0,0.0,0.0,0.0,0.0,323.75,933.75,0.0,0.0,0.0,0.0,11.5,124.75,0.0,0.0,0.0,0.0,0.0,0.0,0.0,0.0,0.0,0.0,0.0,0.0,71.0,291.25,0.0,0.0
Bispebjerg,2021,645.0,594.0,606.0,587.0,674.0,698.0,279.0,242.0,94.0,90.0,,,,,132.0,140.0,44.0,37.0,60.0,73.0,36.0,38.0,17.0,9.0,,,,,73.0,64.0,134.0,103.0,519.0,607.0,1091.0,1103.0,847.0,812.0,999.0,650.0,750.0,605.0,24.0,32.0,43.0,54.0,808.0,1044.0,851.0,746.0,265.0,263.0,174.0,140.0,229.0,245.0,1979.0,1829.0,1042.0,1033.0,4818.0,5627.0,3640.0,3467.0,2012.0,1564.0,1709.0,1543.0,2692.0,3092.0,1880.0,1252.0,940.0,593.0,638.0,600.0,482.0,305.0,175.0,163.0,191.0,160.0,136.0,102.0,138.0,143.0,74.0,68.0,52.0,63.0,376.0,242.0,202.0,137.0,135.0,570.0,294.0,229.0,127.0,139.0,5065889.0,225542.0,22461.0,4715800.0,207882.0,22685.0,5641718.0,328637.0,17167.0,4709211.0,277830.0,16950.0,5454224.0,241637.0,22572.0,5412755.0,237412.0,22799.0,7365222.0,328233.0,22439.0,6630099.0,292307.0,22682.0,5649769.0,263417.0,21448.0,5034624.0,231232.0,21773.0,0.0,0.0,7114.5,7058.25,0.0,0.0,0.0,0.0,0.0,0.0,0.0,0.0,0.0,0.0,0.0,0.0,3362.25,1744.0,0.0,0.0,0.0,0.0,220.25,914.25,0.0,0.0,0.0,0.0,0.0,0.0,0.0,0.0,0.0,0.0,0.0,0.0,702.0,852.0,0.0,0.0,0.0,0.0,46.0,415.75,0.0,0.0,0.0,0.0,0.0,0.0,0.0,0.0,0.0,0.0,0.0,0.0,352.25,955.25,0.0,0.0,0.0,0.0,9.5,119.5,0.0,0.0,0.0,0.0,0.0,0.0,0.0,0.0,0.0,0.0,0.0,0.0,68.5,293.0,0.0,0.0
Bispebjerg,2022,564.0,543.0,568.0,533.0,722.0,725.0,296.0,276.0,105.0,92.0,,,,,138.0,146.0,47.0,43.0,59.0,68.0,34.0,36.0,20.0,10.0,,,,,82.0,61.0,127.0,115.0,490.0,564.0,1092.0,1079.0,848.0,801.0,995.0,666.0,803.0,628.0,23.0,21.0,34.0,56.0,805.0,947.0,855.0,765.0,317.0,279.0,167.0,144.0,229.0,247.0,2000.0,1825.0,1049.0,1090.0,4573.0,5395.0,3617.0,3538.0,1970.0,1544.0,1665.0,1513.0,2674.0,3084.0,2018.0,1239.0,690.0,379.0,301.0,720.0,420.0,257.0,132.0,81.0,236.0,159.0,99.0,55.0,52.0,112.0,78.0,46.0,30.0,34.0,402.0,247.0,102.0,58.0,63.0,548.0,335.0,186.0,104.0,71.0,5247116.0,231784.0,22638.0,4800551.0,209521.0,22912.0,6039911.0,343567.0,17580.0,5011649.0,288374.0,17379.0,5608907.0,246947.0,22713.0,5555636.0,241718.0,22984.0,7649838.0,338070.0,22628.0,6796894.0,296730.0,22906.0,5793831.0,267762.0,21638.0,5177919.0,235242.0,22011.0,0.0,0.0,7278.0,7242.5,0.0,0.0,0.0,0.0,0.0,0.0,0.0,0.0,0.0,0.0,0.0,0.0,3270.5,1729.75,0.0,0.0,0.0,0.0,217.0,914.5,0.0,0.0,0.0,0.0,0.0,0.0,0.0,0.0,0.0,0.0,0.0,0.0,732.75,820.25,0.0,0.0,0.0,0.0,42.75,430.5,0.0,0.0,0.0,0.0,0.0,0.0,0.0,0.0,0.0,0.0,0.0,0.0,382.0,957.25,0.0,0.0,0.0,0.0,6.75,122.25,0.0,0.0,0.0,0.0,0.0,0.0,0.0,0.0,0.0,0.0,0.0,0.0,67.0,299.25,0.0,0.0
Bispebjerg,2023,531.0,473.0,552.0,524.0,719.0,743.0,339.0,310.0,110.0,87.0,,,,,126.0,136.0,51.0,57.0,56.0,56.0,44.0,41.0,20.0,11.0,,,,,93.0,80.0,181.0,144.0,460.0,526.0,1057.0,1101.0,858.0,827.0,977.0,719.0,893.0,678.0,23.0,15.0,35.0,42.0,819.0,1011.0,899.0,821.0,342.0,291.0,175.0,149.0,227.0,247.0,1979.0,1831.0,1067.0,1075.0,4386.0,5375.0,3766.0,3675.0,1982.0,1539.0,1688.0,1525.0,2674.0,3052.0,1960.0,1196.0,730.0,377.0,338.0,677.0,442.0,268.0,132.0,97.0,201.0,134.0,78.0,52.0,58.0,146.0,87.0,48.0,37.0,27.0,379.0,190.0,123.0,62.0,62.0,557.0,343.0,213.0,94.0,94.0,5596217.0,248511.0,22519.0,5120491.0,222766.0,22986.0,6410701.0,361492.0,17734.0,5384374.0,305012.0,17653.0,5993356.0,265111.0,22607.0,5944750.0,257571.0,23080.0,8185116.0,364398.0,22462.0,7293959.0,317640.0,22963.0,6115876.0,278767.0,21939.0,5482796.0,242806.0,22581.0,0.0,0.0,7393.0,7256.75,0.0,0.0,0.0,0.0,0.0,0.0,0.0,0.0,0.0,0.0,0.0,0.0,3296.25,1772.5,0.0,0.0,0.0,0.0,214.25,901.0,0.0,0.0,0.0,0.0,0.0,0.0,0.0,0.0,0.0,0.0,0.0,0.0,764.25,836.75,0.0,0.0,0.0,0.0,42.75,433.5,0.0,0.0,0.0,0.0,0.0,0.0,0.0,0.0,0.0,0.0,0.0,0.0,385.0,978.0,0.0,0.0,0.0,0.0,7.0,124.75,0.0,0.0,0.0,0.0,0.0,0.0,0.0,0.0,0.0,0.0,0.0,0.0,57.75,297.5,0.0,0.0
Bispebjerg,2024,481.0,440.0,558.0,517.0,690.0,728.0,375.0,356.0,124.0,95.0,,,,,132.0,129.0,53.0,62.0,58.0,54.0,48.0,40.0,19.0,12.0,,,,,75.0,80.0,175.0,135.0,532.0,581.0,1034.0,1081.0,878.0,838.0,960.0,711.0,968.0,765.0,23.0,15.0,31.0,43.0,858.0,1071.0,936.0,851.0,367.0,306.0,183.0,161.0,229.0,247.0,1975.0,1914.0,1055.0,1086.0,4315.0,5281.0,3853.0,3864.0,1945.0,1571.0,1717.0,1500.0,2672.0,3055.0,,,,,,,,,,,,,,,,,,,,,,,,,,,,,,,5972351.0,262187.0,22779.0,5500622.0,235391.0,23368.0,6911806.0,383819.0,18008.0,5881520.0,325702.0,18058.0,6418065.0,281026.0,22838.0,6385548.0,272409.0,23441.0,8788555.0,386497.0,22739.0,7879095.0,337507.0,23345.0,6587567.0,296044.0,22252.0,5942451.0,258536.0,22985.0,0.0,0.0,7516.75,7317.0,0.0,0.0,0.0,0.0,0.0,0.0,0.0,0.0,0.0,0.0,0.0,0.0,3388.5,1804.5,0.0,0.0,0.0,0.0,217.5,885.25,0.0,0.0,0.0,0.0,0.0,0.0,0.0,0.0,0.0,0.0,0.0,0.0,749.0,854.0,0.0,0.0,0.0,0.0,41.5,442.5,0.0,0.0,0.0,0.0,0.0,0.0,0.0,0.0,0.0,0.0,0.0,0.0,407.0,994.75,0.0,0.0,0.0,0.0,7.0,123.25,0.0,0.0,0.0,0.0,0.0,0.0,0.0,0.0,0.0,0.0,0.0,0.0,57.25,293.75,0.0,0.0
Bispebjerg,2025,428.0,403.0,547.0,487.0,653.0,723.0,406.0,382.0,128.0,105.0,,,,,123.0,127.0,59.0,66.0,51.0,65.0,49.0,41.0,20.0,10.0,,,,,76.0,70.0,168.0,142.0,511.0,584.0,970.0,997.0,858.0,849.0,929.0,742.0,1035.0,808.0,19.0,16.0,27.0,41.0,805.0,1057.0,976.0,907.0,377.0,340.0,185.0,157.0,232.0,251.0,2052.0,1950.0,1100.0,1084.0,4152.0,5182.0,3983.0,4005.0,1891.0,1581.0,1717.0,1480.0,2686.0,3060.0,,,,,,,,,,,,,,,,,,,,,,,,,,,,,,,,,,,,,,,,,,,,,,,,,,,,,,,,,,,,,,,,,,,,,,,,,,,,,,,,,,,,,,,,,,,,,,,,,,,,,,,,,,,,,,,,,,,,,,,,,,,,,,,,,,,,,,,,,,,,
Brønshøj-Husum,1986,63.0,72.0,29.0,,0.0,,0.0,0.0,0.0,0.0,0.0,0.0,0.0,0.0,,16.0,,,9.0,,10.0,3.0,,,5.0,3.0,,,22.0,23.0,49.0,40.0,67.0,64.0,110.0,89.0,,,12.0,14.0,,,,5.0,,,49.0,61.0,80.0,102.0,,,48.0,70.0,137.0,318.0,1591.0,1442.0,1883.0,1732.0,2252.0,2204.0,2337.0,2276.0,1768.0,1846.0,1847.0,2176.0,4575.0,7303.0,,,,,,,,,,,,,,,,,,,,,,,,,,,,,,,,,,,,,,,,,,,,,,,,,,,,,,,,,,,,,,,,,,,,,,,,,,,,,,,,,,,,,,,,,,,,,,,,,,,,,,,,,,,,,,,,,,,,,,,,,,,,,,,,,,,,,,,,,,,,
Brønshøj-Husum,1987,70.0,81.0,,,,,0.0,0.0,0.0,0.0,0.0,0.0,0.0,0.0,,,,,,,8.0,4.0,,,4.0,3.0,4.0,8.0,31.0,27.0,41.0,39.0,91.0,89.0,111.0,95.0,98.0,39.0,21.0,15.0,30.0,41.0,,,14.0,8.0,44.0,59.0,87.0,105.0,,,41.0,66.0,133.0,315.0,1547.0,1418.0,1784.0,1691.0,2243.0,2228.0,2310.0,2280.0,1872.0,1866.0,1759.0,2048.0,4477.0,7255.0,,,,,,,,,,,,,,,,,,,,,,,,,,,,,,,1263569.0,89915.0,14053.0,1198117.0,70258.0,17053.0,1591623.0,160981.0,9887.0,1090017.0,118506.0,9198.0,1353678.0,95747.0,14138.0,1517206.0,87745.0,17291.0,2120297.0,150965.0,14045.0,1760335.0,103361.0,17031.0,1745625.0,126623.0,13786.0,1479924.0,89141.0,16602.0,,,,,,,,,,,,,,,,,,,,,,,,,,,,,,,,,,,,,,,,,,,,,,,,,,,,,,,,,,,,,,,,,,,,,,,,,,,,,,,,
Brønshøj-Husum,1988,90.0,94.0,,,,,0.0,,0.0,0.0,0.0,0.0,0.0,0.0,16.0,15.0,,,,,8.0,,0.0,,3.0,,5.0,9.0,32.0,,56.0,60.0,104.0,103.0,133.0,115.0,104.0,51.0,32.0,,29.0,41.0,8.0,,17.0,,45.0,60.0,89.0,109.0,73.0,,41.0,61.0,132.0,305.0,1558.0,1424.0,1681.0,1570.0,2273.0,2303.0,2287.0,2237.0,1934.0,1928.0,1701.0,1959.0,4389.0,7159.0,,,,,,,,,,,,,,,,,,,,,,,,,,,,,,,1301221.0,92673.0,14041.0,1276387.0,74547.0,17122.0,1634731.0,168355.0,9710.0,1153906.0,126442.0,9126.0,1405725.0,99718.0,14097.0,1590385.0,91903.0,17305.0,2198066.0,157342.0,13970.0,1886726.0,110555.0,17066.0,1819885.0,132384.0,13747.0,1570572.0,94136.0,16684.0,,,,,,,,,,,,,,,,,,,,,,,,,,,,,,,,,,,,,,,,,,,,,,,,,,,,,,,,,,,,,,,,,,,,,,,,,,,,,,,,
Brønshøj-Husum,1989,103.0,104.0,,,,,,,0.0,0.0,0.0,0.0,0.0,0.0,22.0,10.0,,,,,,,,,4.0,,6.0,,41.0,29.0,67.0,75.0,118.0,104.0,136.0,132.0,114.0,59.0,40.0,,27.0,,15.0,10.0,,,55.0,51.0,89.0,101.0,,,39.0,60.0,133.0,298.0,1585.0,1420.0,1678.0,1524.0,2309.0,2379.0,2239.0,2239.0,1978.0,2020.0,1648.0,1860.0,4284.0,7084.0,,,,,,,,,,,,,,,,,,,,,,,,,,,,,,,1348573.0,95991.0,14049.0,1338574.0,78828.0,16981.0,1653089.0,173153.0,9547.0,1184049.0,132060.0,8966.0,1460134.0,103416.0,14119.0,1653477.0,96345.0,17162.0,2257576.0,161961.0,13939.0,1970313.0,116483.0,16915.0,1864322.0,137133.0,13595.0,1633357.0,99474.0,16420.0,,,,,,,,,,,,,,,,,,,,,,,,,,,,,,,,,,,,,,,,,,,,,,,,,,,,,,,,,,,,,,,,,,,,,,,,,,,,,,,,
Brønshøj-Husum,1990,122.0,117.0,72.0,62.0,,,,,0.0,0.0,0.0,0.0,0.0,0.0,27.0,9.0,,,,,,,,,,,,,47.0,27.0,71.0,73.0,143.0,106.0,135.0,139.0,124.0,76.0,,,,,13.0,12.0,,,49.0,49.0,88.0,105.0,,,35.0,59.0,131.0,284.0,1621.0,1479.0,1681.0,1481.0,2319.0,2368.0,2247.0,2275.0,2037.0,2034.0,1602.0,1784.0,4213.0,6955.0,,,,,,,,,,,,,,,,,,,,,,,,,,,,,,,1382708.0,98624.0,14020.0,1380535.0,81868.0,16863.0,1670570.0,177550.0,9409.0,1229049.0,138609.0,8867.0,1504736.0,106840.0,14084.0,1690469.0,99340.0,17017.0,2320614.0,166150.0,13967.0,2042641.0,121441.0,16820.0,1897517.0,139523.0,13600.0,1683043.0,103134.0,16319.0,,,,,,,,,,,,,,,,,,,,,,,,,,,,,,,,,,,,,,,,,,,,,,,,,,,,,,,,,,,,,,,,,,,,,,,,,,,,,,,,
Brønshøj-Husum,1991,145.0,142.0,75.0,73.0,,,,,0.0,0.0,0.0,0.0,0.0,0.0,30.0,14.0,,,,,,,,,,,8.0,10.0,44.0,26.0,79.0,61.0,154.0,144.0,166.0,138.0,130.0,87.0,62.0,27.0,29.0,41.0,10.0,9.0,,,42.0,54.0,81.0,110.0,,,,,128.0,276.0,1654.0,1498.0,1663.0,1490.0,2291.0,2307.0,2209.0,2256.0,2054.0,2068.0,1581.0,1729.0,4117.0,6847.0,,,,,,,,,,,,,,,,,,,,,,,,,,,,,,,1402835.0,100339.0,13981.0,1419369.0,84431.0,16811.0,1677676.0,180318.0,9304.0,1260037.0,140535.0,8966.0,1528676.0,108857.0,14043.0,1727712.0,101888.0,16957.0,2366204.0,169511.0,13959.0,2126681.0,126694.0,16786.0,1932559.0,142614.0,13551.0,1734655.0,106774.0,16246.0,,,,,,,,,,,,,,,,,,,,,,,,,,,,,,,,,,,,,,,,,,,,,,,,,,,,,,,,,,,,,,,,,,,,,,,,,,,,,,,,
Brønshøj-Husum,1992,166.0,171.0,96.0,88.0,,,,,0.0,0.0,0.0,0.0,0.0,0.0,28.0,17.0,,,,,,,3.0,,,,8.0,9.0,44.0,27.0,94.0,81.0,170.0,171.0,190.0,159.0,154.0,107.0,65.0,33.0,34.0,42.0,8.0,9.0,,,55.0,50.0,85.0,110.0,89.0,,,,121.0,271.0,1743.0,1542.0,1620.0,1463.0,2215.0,2343.0,2173.0,2303.0,2142.0,2116.0,1544.0,1641.0,4036.0,6667.0,,,,,,,,,,,,,,,,,,,,,,,,,,,,,,,1435980.0,103078.0,13931.0,1460566.0,87375.0,16716.0,1667705.0,182203.0,9153.0,1271459.0,145094.0,8763.0,1568009.0,111953.0,14006.0,1763657.0,104656.0,16852.0,2389884.0,171724.0,13917.0,2167444.0,129974.0,16676.0,1971560.0,145987.0,13505.0,1777594.0,110362.0,16107.0,,,,,,,,,,,,,,,,,,,,,,,,,,,,,,,,,,,,,,,,,,,,,,,,,,,,,,,,,,,,,,,,,,,,,,,,,,,,,,,,
Brønshøj-Husum,1993,211.0,187.0,103.0,104.0,,,,,0.0,0.0,0.0,0.0,0.0,0.0,30.0,20.0,17.0,17.0,,,,,,,,,7.0,10.0,36.0,32.0,112.0,96.0,176.0,194.0,213.0,176.0,175.0,110.0,75.0,41.0,36.0,51.0,5.0,8.0,18.0,18.0,52.0,49.0,87.0,108.0,,,,,113.0,255.0,1801.0,1620.0,1566.0,1386.0,2210.0,2261.0,2196.0,2367.0,2165.0,2133.0,1550.0,1622.0,3915.0,6549.0,,,,,,,,,,,,,,,,,,,,,,,,,,,,,,,1475298.0,106267.0,13883.0,1494620.0,90397.0,16534.0,1669185.0,184746.0,9035.0,1272287.0,147546.0,8623.0,1606576.0,115018.0,13968.0,1798774.0,107827.0,16682.0,2411817.0,173875.0,13871.0,2196365.0,133153.0,16495.0,1984170.0,148316.0,13378.0,1794814.0,113138.0,15864.0,,,,,,,,,,,,,,,,,,,,,,,,,,,,,,,,,,,,,,,,,,,,,,,,,,,,,,,,,,,,,,,,,,,,,,,,,,,,,,,,
Brønshøj-Husum,1994,261.0,245.0,123.0,120.0,,,,,0.0,0.0,0.0,0.0,0.0,0.0,26.0,16.0,15.0,16.0,,,,,,,,,7.0,8.0,47.0,31.0,121.0,110.0,210.0,237.0,263.0,220.0,171.0,128.0,98.0,53.0,44.0,49.0,6.0,3.0,19.0,23.0,44.0,40.0,87.0,94.0,,,,,109.0,245.0,1857.0,1676.0,1508.0,1346.0,2148.0,2218.0,2203.0,2304.0,2197.0,2189.0,1560.0,1629.0,3794.0,6324.0,,,,,,,,,,,,,,,,,,,,,,,,,,,,,,,1578678.0,112186.0,14072.0,1599175.0,96064.0,16647.0,1772704.0,186600.0,9500.0,1323083.0,147140.0,8992.0,1720062.0,121551.0,14151.0,1915901.0,114157.0,16783.0,2573987.0,183137.0,14055.0,2423029.0,145878.0,16610.0,2148162.0,153792.0,13968.0,2032302.0,123402.0,16469.0,,,,,,,,,,,,,,,,,,,,,,,,,,,,,,,,,,,,,,,,,,,,,,,,,,,,,,,,,,,,,,,,,,,,,,,,,,,,,,,,
Brønshøj-Husum,1995,327.0,307.0,146.0,128.0,,,,,0.0,0.0,0.0,0.0,0.0,0.0,27.0,18.0,,,,,,,,,0.0,3.0,7.0,8.0,60.0,38.0,129.0,118.0,288.0,332.0,311.0,255.0,188.0,154.0,118.0,63.0,51.0,54.0,8.0,8.0,,,50.0,46.0,91.0,93.0,,,58.0,64.0,107.0,237.0,1980.0,1750.0,1496.0,1297.0,2132.0,2265.0,2269.0,2345.0,2219.0,2203.0,1622.0,1674.0,3696.0,6131.0,,,,,,,,,,,,,,,,,,,,,,,,,,,,,,,1627640.0,116443.0,13978.0,1666830.0,100315.0,16616.0,1835971.0,198892.0,9231.0,1351337.0,154952.0,8721.0,1781745.0,126643.0,14069.0,1986926.0,118693.0,16740.0,2626674.0,188252.0,13953.0,2487209.0,149976.0,16584.0,2184522.0,158207.0,13808.0,2061044.0,125919.0,16368.0,,,,,,,,,,,,,,,,,,,,,,,,,,,,,,,,,,,,,,,,,,,,,,,,,,,,,,,,,,,,,,,,,,,,,,,,,,,,,,,,
Brønshøj-Husum,1996,377.0,352.0,148.0,147.0,,,,,0.0,0.0,0.0,0.0,0.0,0.0,30.0,20.0,12.0,17.0,,,,,4.0,3.0,0.0,5.0,7.0,8.0,64.0,39.0,134.0,118.0,310.0,357.0,358.0,293.0,215.0,163.0,126.0,72.0,59.0,56.0,6.0,6.0,14.0,17.0,52.0,54.0,89.0,85.0,108.0,118.0,57.0,71.0,104.0,224.0,1971.0,1772.0,1458.0,1322.0,2075.0,2193.0,2276.0,2396.0,2204.0,2217.0,1664.0,1713.0,3557.0,5939.0,,,,,,,,,,,,,,,,,,,,,,,,,,,,,,,1731156.0,121136.0,14291.0,1747829.0,104230.0,16769.0,1936971.0,198745.0,9746.0,1430834.0,159691.0,8960.0,1880997.0,130825.0,14378.0,2077627.0,122871.0,16909.0,2757230.0,193422.0,14255.0,2590160.0,154905.0,16721.0,2286837.0,162141.0,14104.0,2133681.0,129150.0,16521.0,,,,,,,,,,,,,,,,,,,,,,,,,,,,,,,,,,,,,,,,,,,,,,,,,,,,,,,,,,,,,,,,,,,,,,,,,,,,,,,,
Brønshøj-Husum,1997,465.0,450.0,177.0,166.0,45.0,,3.0,,0.0,0.0,0.0,0.0,0.0,0.0,29.0,26.0,16.0,,6.0,,13.0,,5.0,3.0,0.0,,6.0,8.0,97.0,83.0,197.0,145.0,345.0,448.0,463.0,359.0,249.0,201.0,147.0,82.0,68.0,67.0,5.0,5.0,15.0,,62.0,60.0,88.0,92.0,111.0,115.0,63.0,,98.0,223.0,2040.0,1827.0,1450.0,1352.0,2130.0,2174.0,2310.0,2446.0,2264.0,2245.0,1733.0,1776.0,3459.0,5807.0,,,,,,,,,,,,,,,,,,,,,,,,,,,,,,,1800507.0,124319.0,14483.0,1821934.0,107819.0,16898.0,2036903.0,205209.0,9926.0,1518127.0,166809.0,9101.0,1959831.0,134447.0,14577.0,2154841.0,126592.0,17022.0,2865098.0,198318.0,14447.0,2698272.0,160059.0,16858.0,2339903.0,164469.0,14227.0,2188828.0,131706.0,16619.0,,,,,,,,,,,,,,,,,,,,,,,,,,,,,,,,,,,,,,,,,,,,,,,,,,,,,,,,,,,,,,,,,,,,,,,,,,,,,,,,
Brønshøj-Husum,1998,541.0,508.0,198.0,187.0,,,,,0.0,,0.0,0.0,0.0,0.0,30.0,20.0,,,,,,,5.0,,,,6.0,9.0,84.0,84.0,207.0,156.0,364.0,487.0,519.0,415.0,268.0,230.0,177.0,107.0,88.0,73.0,5.0,3.0,,,52.0,53.0,93.0,86.0,100.0,120.0,,,97.0,199.0,2044.0,1883.0,1473.0,1353.0,2097.0,2139.0,2375.0,2506.0,2230.0,2186.0,1851.0,1852.0,3363.0,5685.0,,,,,,,,,,,,,,,,,,,,,,,,,,,,,,,1899951.0,130384.0,14572.0,1918865.0,113354.0,16928.0,2181881.0,212929.0,10247.0,1607259.0,171076.0,9395.0,2063470.0,140919.0,14643.0,2262973.0,132702.0,17053.0,3011145.0,206866.0,14556.0,2813264.0,166515.0,16895.0,2450720.0,169412.0,14466.0,2258554.0,134976.0,16733.0,0.0,0.0,3683.0,5713.0,0.0,0.0,0.0,0.0,0.0,0.0,0.0,0.0,0.0,0.0,0.0,0.0,1129.0,3061.0,0.0,0.0,0.0,0.0,104.0,670.0,0.0,0.0,0.0,0.0,0.0,0.0,0.0,0.0,0.0,0.0,0.0,0.0,460.0,1003.0,0.0,0.0,0.0,0.0,24.0,348.0,0.0,0.0,0.0,0.0,0.0,0.0,0.0,0.0,0.0,0.0,0.0,0.0,300.0,1219.0,0.0,0.0,0.0,0.0,3.0,102.0,0.0,0.0,0.0,0.0,0.0,0.0,0.0,0.0,0.0,0.0,0.0,0.0,58.0,340.0,0.0,0.0
Brønshøj-Husum,1999,618.0,552.0,206.0,197.0,,,,,0.0,,0.0,0.0,0.0,0.0,33.0,25.0,,,,,,,5.0,,,,5.0,9.0,79.0,91.0,239.0,174.0,390.0,538.0,604.0,465.0,301.0,251.0,187.0,127.0,104.0,83.0,5.0,4.0,,,55.0,63.0,101.0,82.0,92.0,118.0,,,94.0,202.0,2029.0,1871.0,1506.0,1362.0,2036.0,2153.0,2350.0,2466.0,2223.0,2170.0,1920.0,1948.0,3259.0,5533.0,,,,,,,,,,,,,,,,,,,,,,,,,,,,,,,1983933.0,135201.0,14674.0,1984361.0,117265.0,16922.0,2332443.0,223329.0,10444.0,1705268.0,179407.0,9505.0,2150332.0,145765.0,14752.0,2338955.0,137327.0,17032.0,3146720.0,214808.0,14649.0,2902616.0,171874.0,16888.0,2578099.0,177690.0,14509.0,2344140.0,140435.0,16692.0,0.0,0.0,3694.0,5711.0,0.0,0.0,0.0,0.0,0.0,0.0,0.0,0.0,0.0,0.0,0.0,0.0,1163.0,2981.0,0.0,0.0,0.0,0.0,116.0,654.0,0.0,0.0,0.0,0.0,0.0,0.0,0.0,0.0,0.0,0.0,0.0,0.0,429.0,1009.0,0.0,0.0,0.0,0.0,22.0,365.0,0.0,0.0,0.0,0.0,0.0,0.0,0.0,0.0,0.0,0.0,0.0,0.0,291.0,1229.0,0.0,0.0,0.0,0.0,3.0,92.0,0.0,0.0,0.0,0.0,0.0,0.0,0.0,0.0,0.0,0.0,0.0,0.0,59.0,368.0,0.0,0.0
Brønshøj-Husum,2000,664.0,594.0,224.0,204.0,,,,,,,0.0,0.0,0.0,0.0,34.0,27.0,27.0,14.0,,,,,,,3.0,4.0,6.0,11.0,75.0,91.0,221.0,172.0,419.0,541.0,655.0,523.0,323.0,266.0,198.0,141.0,116.0,93.0,3.0,7.0,13.0,16.0,64.0,72.0,103.0,96.0,88.0,119.0,96.0,92.0,93.0,189.0,2041.0,1868.0,1511.0,1414.0,2048.0,2123.0,2287.0,2411.0,2244.0,2233.0,1951.0,1960.0,3189.0,5386.0,,,,,,,,,,,,,,,,,,,,,,,,,,,,,,,2070122.0,141103.0,14671.0,2066890.0,122591.0,16860.0,2449856.0,234481.0,10448.0,1815954.0,187502.0,9685.0,2242233.0,151707.0,14780.0,2437161.0,143506.0,16983.0,3294417.0,225198.0,14629.0,3025903.0,179803.0,16829.0,2632872.0,182826.0,14401.0,2393240.0,144301.0,16585.0,0.0,0.0,3658.0,5655.0,0.0,0.0,0.0,0.0,0.0,0.0,0.0,0.0,0.0,0.0,0.0,0.0,1164.0,2907.0,0.0,0.0,0.0,0.0,110.0,657.0,0.0,0.0,0.0,0.0,0.0,0.0,0.0,0.0,0.0,0.0,0.0,0.0,427.0,978.0,0.0,0.0,0.0,0.0,29.0,380.0,0.0,0.0,0.0,0.0,0.0,0.0,0.0,0.0,0.0,0.0,0.0,0.0,305.0,1271.0,0.0,0.0,0.0,0.0,4.0,89.0,0.0,0.0,0.0,0.0,0.0,0.0,0.0,0.0,0.0,0.0,0.0,0.0,66.0,382.0,0.0,0.0
Brønshøj-Husum,2001,742.0,658.0,244.0,225.0,,,,,0.0,,0.0,0.0,0.0,0.0,30.0,30.0,27.0,15.0,,,,,8.0,,3.0,3.0,5.0,10.0,66.0,75.0,227.0,215.0,426.0,548.0,713.0,587.0,368.0,300.0,207.0,149.0,138.0,103.0,6.0,7.0,9.0,16.0,61.0,74.0,94.0,90.0,90.0,115.0,91.0,104.0,87.0,180.0,2016.0,1835.0,1553.0,1423.0,2073.0,2177.0,2264.0,2352.0,2240.0,2245.0,1966.0,2001.0,3086.0,5168.0,,,,,,,,,,,,,,,,,,,,,,,,,,,,,,,2144504.0,145449.0,14744.0,2130311.0,127008.0,16773.0,2569741.0,244644.0,10504.0,1913925.0,196320.0,9749.0,2330790.0,156713.0,14873.0,2505790.0,148044.0,16926.0,3431235.0,233831.0,14674.0,3136214.0,187349.0,16740.0,2747336.0,190219.0,14443.0,2478644.0,150513.0,16468.0,0.0,0.0,3621.0,5527.0,0.0,0.0,0.0,0.0,0.0,0.0,0.0,0.0,0.0,0.0,0.0,0.0,1188.0,2846.0,0.0,0.0,0.0,0.0,121.0,661.0,0.0,0.0,0.0,0.0,0.0,0.0,0.0,0.0,0.0,0.0,0.0,0.0,406.0,952.0,0.0,0.0,0.0,0.0,23.0,379.0,0.0,0.0,0.0,0.0,0.0,0.0,0.0,0.0,0.0,0.0,0.0,0.0,297.0,1314.0,0.0,0.0,0.0,0.0,3.0,85.0,0.0,0.0,0.0,0.0,0.0,0.0,0.0,0.0,0.0,0.0,0.0,0.0,72.0,412.0,0.0,0.0
Brønshøj-Husum,2002,780.0,716.0,273.0,253.0,117.0,108.0,5.0,,0.0,,0.0,0.0,0.0,0.0,34.0,27.0,24.0,17.0,11.0,12.0,4.0,,9.0,,4.0,3.0,5.0,10.0,63.0,57.0,239.0,217.0,419.0,569.0,734.0,634.0,431.0,334.0,216.0,158.0,142.0,113.0,5.0,6.0,10.0,10.0,78.0,98.0,94.0,82.0,96.0,116.0,91.0,110.0,80.0,185.0,1971.0,1785.0,1614.0,1487.0,2064.0,2133.0,2257.0,2280.0,2196.0,2219.0,2037.0,2035.0,3018.0,5013.0,,,,,,,,,,,,,,,,,,,,,,,,,,,,,,,2247757.0,151589.0,14828.0,2239090.0,134109.0,16696.0,2619227.0,248929.0,10522.0,1979411.0,202829.0,9759.0,2452370.0,164236.0,14932.0,2641711.0,157058.0,16820.0,3520202.0,238254.0,14775.0,3241193.0,194421.0,16671.0,2814950.0,194161.0,14498.0,2549108.0,155718.0,16370.0,0.0,0.0,3713.75,5364.0,0.0,0.0,0.0,0.0,0.0,0.0,0.0,0.0,0.0,0.0,0.0,0.0,1205.25,2792.75,0.0,0.0,0.0,0.0,113.0,648.25,0.0,0.0,0.0,0.0,0.0,0.0,0.0,0.0,0.0,0.0,0.0,0.0,398.5,962.5,0.0,0.0,0.0,0.0,22.75,390.25,0.0,0.0,0.0,0.0,0.0,0.0,0.0,0.0,0.0,0.0,0.0,0.0,279.5,1343.75,0.0,0.0,0.0,0.0,5.25,114.25,0.0,0.0,0.0,0.0,0.0,0.0,0.0,0.0,0.0,0.0,0.0,0.0,68.0,390.0,0.0,0.0
Brønshøj-Husum,2003,813.0,772.0,307.0,261.0,130.0,129.0,4.0,,0.0,,0.0,0.0,0.0,0.0,35.0,30.0,24.0,17.0,12.0,12.0,5.0,,9.0,,3.0,3.0,5.0,10.0,52.0,51.0,247.0,228.0,406.0,566.0,774.0,699.0,479.0,339.0,228.0,177.0,153.0,119.0,5.0,5.0,13.0,11.0,59.0,106.0,99.0,75.0,90.0,113.0,95.0,115.0,81.0,176.0,1903.0,1736.0,1629.0,1524.0,2025.0,2094.0,2208.0,2231.0,2165.0,2239.0,2088.0,2014.0,2992.0,4895.0,,,,,,,,,,,,,,,,,,,,,,,,,,,,,,,2326048.0,157187.0,14798.0,2335949.0,140941.0,16574.0,2646535.0,257270.0,10287.0,2050353.0,210034.0,9762.0,2546246.0,170454.0,14938.0,2737575.0,163721.0,16721.0,3571676.0,242213.0,14746.0,3344676.0,202034.0,16555.0,2865529.0,198224.0,14456.0,2631680.0,161870.0,16258.0,0.0,0.0,3738.5,5233.0,0.0,0.0,0.0,0.0,0.0,0.0,0.0,0.0,0.0,0.0,0.0,0.0,1209.0,2742.5,0.0,0.0,0.0,0.0,105.25,677.75,0.0,0.0,0.0,0.0,0.0,0.0,0.0,0.0,0.0,0.0,0.0,0.0,410.25,960.25,0.0,0.0,0.0,0.0,28.0,396.75,0.0,0.0,0.0,0.0,0.0,0.0,0.0,0.0,0.0,0.0,0.0,0.0,268.5,1341.0,0.0,0.0,0.0,0.0,5.5,122.25,0.0,0.0,0.0,0.0,0.0,0.0,0.0,0.0,0.0,0.0,0.0,0.0,63.75,410.0,0.0,0.0
Brønshøj-Husum,2004,845.0,792.0,345.0,303.0,148.0,131.0,8.0,,0.0,,0.0,0.0,0.0,0.0,32.0,30.0,,,15.0,11.0,4.0,,8.0,,,,5.0,12.0,39.0,40.0,237.0,210.0,402.0,540.0,762.0,722.0,505.0,376.0,255.0,195.0,170.0,128.0,4.0,7.0,,,62.0,102.0,107.0,82.0,92.0,102.0,,,86.0,169.0,1948.0,1778.0,1658.0,1551.0,1998.0,2051.0,2205.0,2181.0,2137.0,2206.0,2097.0,2079.0,2948.0,4741.0,,,,,,,,,,,,,,,,,,,,,,,,,,,,,,,2438957.0,164694.0,14809.0,2430727.0,147558.0,16473.0,2703095.0,262029.0,10316.0,2097589.0,217479.0,9645.0,2663357.0,178449.0,14925.0,2856177.0,171955.0,16610.0,3655771.0,248185.0,14730.0,3414227.0,207463.0,16457.0,2897618.0,200875.0,14425.0,2663931.0,165113.0,16134.0,0.0,0.0,3843.0,5136.5,0.0,0.0,0.0,0.0,0.0,0.0,0.0,0.0,0.0,0.0,0.0,0.0,1202.75,2646.0,0.0,0.0,0.0,0.0,109.0,694.0,0.0,0.0,0.0,0.0,0.0,0.0,0.0,0.0,0.0,0.0,0.0,0.0,394.0,946.75,0.0,0.0,0.0,0.0,35.25,416.25,0.0,0.0,0.0,0.0,0.0,0.0,0.0,0.0,0.0,0.0,0.0,0.0,276.25,1330.75,0.0,0.0,0.0,0.0,5.75,137.0,0.0,0.0,0.0,0.0,0.0,0.0,0.0,0.0,0.0,0.0,0.0,0.0,62.75,420.0,0.0,0.0
Brønshøj-Husum,2005,851.0,809.0,382.0,325.0,155.0,150.0,,,,,0.0,0.0,0.0,0.0,34.0,35.0,,,13.0,8.0,,,,,,,4.0,12.0,41.0,32.0,222.0,219.0,419.0,517.0,791.0,746.0,558.0,409.0,271.0,214.0,198.0,149.0,3.0,8.0,,,62.0,98.0,93.0,94.0,92.0,105.0,,,87.0,166.0,1877.0,1708.0,1677.0,1571.0,1957.0,1953.0,2124.0,2146.0,2166.0,2179.0,2078.0,2061.0,2878.0,4641.0,,,,,,,,,,,,,,,,,,,,,,,,,,,,,,,2537525.0,171640.0,14784.0,2495819.0,152949.0,16318.0,2831843.0,271171.0,10443.0,2155987.0,220561.0,9775.0,2767837.0,185798.0,14897.0,2937335.0,178790.0,16429.0,3783950.0,257342.0,14704.0,3483983.0,213794.0,16296.0,2984384.0,207552.0,14379.0,2704655.0,169741.0,15934.0,0.0,0.0,3967.75,5120.5,0.0,0.0,0.0,0.0,0.0,0.0,0.0,0.0,0.0,0.0,0.0,0.0,1203.25,2606.75,0.0,0.0,0.0,0.0,124.0,673.75,0.0,0.0,0.0,0.0,0.0,0.0,0.0,0.0,0.0,0.0,0.0,0.0,390.75,892.0,0.0,0.0,0.0,0.0,34.0,427.0,0.0,0.0,0.0,0.0,0.0,0.0,0.0,0.0,0.0,0.0,0.0,0.0,267.0,1323.75,0.0,0.0,0.0,0.0,6.25,142.25,0.0,0.0,0.0,0.0,0.0,0.0,0.0,0.0,0.0,0.0,0.0,0.0,64.5,438.0,0.0,0.0
Brønshøj-Husum,2006,850.0,798.0,420.0,382.0,147.0,146.0,,,,,0.0,0.0,0.0,0.0,41.0,38.0,31.0,15.0,12.0,8.0,,,,,,,,,35.0,43.0,214.0,186.0,428.0,513.0,768.0,765.0,616.0,461.0,288.0,217.0,211.0,169.0,4.0,9.0,4.0,6.0,77.0,92.0,96.0,99.0,96.0,102.0,,,,,1819.0,1703.0,1683.0,1566.0,1880.0,1844.0,2081.0,2091.0,2171.0,2204.0,2043.0,2050.0,2909.0,4532.0,,,,,,,,,,,,,,,,,,,,,,,,,,,,,,,2627419.0,177121.0,14834.0,2547993.0,157303.0,16198.0,2982063.0,280744.0,10622.0,2261628.0,227780.0,9929.0,2865414.0,192206.0,14908.0,3019351.0,185384.0,16287.0,3957158.0,267502.0,14793.0,3592179.0,222014.0,16180.0,3123431.0,214625.0,14553.0,2783889.0,174791.0,15927.0,0.0,0.0,4010.75,5058.75,0.0,0.0,0.0,0.0,0.0,0.0,0.0,0.0,0.0,0.0,0.0,0.0,1172.5,2557.5,0.0,0.0,0.0,0.0,127.0,678.25,0.0,0.0,0.0,0.0,0.0,0.0,0.0,0.0,0.0,0.0,0.0,0.0,424.75,843.0,0.0,0.0,0.0,0.0,38.25,403.0,0.0,0.0,0.0,0.0,0.0,0.0,0.0,0.0,0.0,0.0,0.0,0.0,277.0,1319.25,0.0,0.0,0.0,0.0,4.0,141.0,0.0,0.0,0.0,0.0,0.0,0.0,0.0,0.0,0.0,0.0,0.0,0.0,67.0,451.5,0.0,0.0
Brønshøj-Husum,2007,862.0,803.0,466.0,435.0,156.0,146.0,,,,,0.0,0.0,0.0,0.0,39.0,43.0,,,16.0,15.0,,,,,8.0,3.0,,,35.0,49.0,202.0,186.0,460.0,503.0,770.0,798.0,671.0,503.0,325.0,240.0,229.0,183.0,5.0,8.0,,,95.0,109.0,89.0,105.0,97.0,95.0,98.0,113.0,,,1791.0,1703.0,1702.0,1550.0,1818.0,1814.0,2003.0,2010.0,2113.0,2157.0,2042.0,2014.0,2889.0,4420.0,,,,,,,,,,,,,,,,,,,,,,,,,,,,,,,2661787.0,179705.0,14812.0,2575827.0,160029.0,16096.0,3117358.0,288858.0,10792.0,2354410.0,232971.0,10106.0,2902818.0,195147.0,14875.0,3047707.0,188398.0,16177.0,4115342.0,278742.0,14764.0,3709771.0,230721.0,16079.0,3182703.0,220485.0,14435.0,2825522.0,178683.0,15813.0,0.0,0.0,4003.0,4950.25,0.0,0.0,0.0,0.0,0.0,0.0,0.0,0.0,0.0,0.0,0.0,0.0,1124.75,2515.0,0.0,0.0,0.0,0.0,124.5,701.5,0.0,0.0,0.0,0.0,0.0,0.0,0.0,0.0,0.0,0.0,0.0,0.0,410.75,812.25,0.0,0.0,0.0,0.0,45.25,403.0,0.0,0.0,0.0,0.0,0.0,0.0,0.0,0.0,0.0,0.0,0.0,0.0,276.5,1337.25,0.0,0.0,0.0,0.0,8.25,145.5,0.0,0.0,0.0,0.0,0.0,0.0,0.0,0.0,0.0,0.0,0.0,0.0,62.0,476.5,0.0,0.0
Brønshøj-Husum,2008,845.0,807.0,516.0,472.0,172.0,156.0,62.0,53.0,0.0,,0.0,,0.0,0.0,42.0,44.0,,,16.0,12.0,6.0,7.0,10.0,,8.0,,,,33.0,40.0,180.0,191.0,479.0,499.0,752.0,805.0,710.0,537.0,341.0,269.0,257.0,204.0,7.0,9.0,,,134.0,120.0,107.0,126.0,103.0,98.0,94.0,117.0,,,1790.0,1718.0,1698.0,1555.0,1708.0,1769.0,1966.0,1940.0,2104.0,2144.0,2000.0,1963.0,2891.0,4353.0,1115.0,612.0,420.0,273.0,366.0,110.0,52.0,27.0,12.0,21.0,438.0,270.0,222.0,164.0,216.0,96.0,64.0,34.0,23.0,38.0,328.0,154.0,112.0,58.0,76.0,143.0,72.0,25.0,16.0,15.0,2706332.0,182232.0,14851.0,2650258.0,165135.0,16049.0,3269452.0,308614.0,10594.0,2508501.0,250250.0,10024.0,2983113.0,199981.0,14917.0,3113457.0,192831.0,16146.0,4243849.0,286882.0,14793.0,3852992.0,240286.0,16035.0,3256043.0,225332.0,14450.0,2879174.0,183025.0,15731.0,0.0,0.0,3964.75,4863.0,0.0,0.0,0.0,0.0,0.0,0.0,0.0,0.0,0.0,0.0,0.0,0.0,1092.25,2521.5,0.0,0.0,0.0,0.0,140.0,722.25,0.0,0.0,0.0,0.0,0.0,0.0,0.0,0.0,0.0,0.0,0.0,0.0,393.75,860.0,0.0,0.0,0.0,0.0,47.25,404.75,0.0,0.0,0.0,0.0,0.0,0.0,0.0,0.0,0.0,0.0,0.0,0.0,276.0,1317.5,0.0,0.0,0.0,0.0,10.75,133.25,0.0,0.0,0.0,0.0,0.0,0.0,0.0,0.0,0.0,0.0,0.0,0.0,56.75,487.25,0.0,0.0
Brønshøj-Husum,2009,824.0,797.0,566.0,522.0,190.0,180.0,,,,,0.0,,0.0,0.0,43.0,49.0,27.0,28.0,25.0,10.0,,,,,7.0,,4.0,9.0,31.0,38.0,161.0,191.0,557.0,552.0,735.0,794.0,771.0,579.0,364.0,289.0,276.0,215.0,16.0,24.0,16.0,17.0,176.0,172.0,151.0,147.0,115.0,107.0,96.0,109.0,107.0,172.0,1796.0,1704.0,1657.0,1567.0,1613.0,1670.0,1953.0,1894.0,2064.0,2133.0,1974.0,1913.0,2910.0,4295.0,1154.0,766.0,536.0,396.0,528.0,97.0,71.0,33.0,27.0,32.0,470.0,331.0,233.0,203.0,275.0,124.0,79.0,42.0,35.0,52.0,323.0,219.0,176.0,106.0,132.0,140.0,66.0,52.0,25.0,37.0,2780594.0,185931.0,14955.0,2731854.0,170549.0,16018.0,3228765.0,309565.0,10430.0,2573695.0,257601.0,9991.0,3069577.0,203999.0,15047.0,3199357.0,198496.0,16118.0,4257536.0,285377.0,14919.0,3934594.0,245974.0,15996.0,3272147.0,224319.0,14587.0,2966460.0,189224.0,15677.0,0.0,0.0,3913.25,4742.75,0.0,0.0,0.0,0.0,0.0,0.0,0.0,0.0,0.0,0.0,0.0,0.0,1040.0,2508.75,0.0,0.0,0.0,0.0,146.25,716.25,0.0,0.0,0.0,0.0,0.0,0.0,0.0,0.0,0.0,0.0,0.0,0.0,393.0,850.5,0.0,0.0,0.0,0.0,52.5,428.25,0.0,0.0,0.0,0.0,0.0,0.0,0.0,0.0,0.0,0.0,0.0,0.0,261.75,1308.25,0.0,0.0,0.0,0.0,11.75,128.5,0.0,0.0,0.0,0.0,0.0,0.0,0.0,0.0,0.0,0.0,0.0,0.0,49.5,482.75,0.0,0.0
Brønshøj-Husum,2010,823.0,785.0,609.0,583.0,220.0,200.0,,,,,,,0.0,0.0,50.0,55.0,24.0,28.0,19.0,11.0,,,,,,,5.0,8.0,46.0,55.0,159.0,172.0,569.0,590.0,749.0,790.0,848.0,630.0,391.0,312.0,282.0,225.0,21.0,24.0,14.0,28.0,238.0,207.0,151.0,172.0,130.0,102.0,92.0,112.0,114.0,172.0,1825.0,1738.0,1626.0,1556.0,1547.0,1581.0,1937.0,1896.0,2003.0,2068.0,1979.0,1930.0,2901.0,4188.0,1098.0,843.0,628.0,479.0,765.0,83.0,75.0,51.0,36.0,53.0,423.0,374.0,276.0,211.0,332.0,130.0,80.0,51.0,50.0,76.0,305.0,237.0,184.0,144.0,250.0,157.0,77.0,66.0,38.0,54.0,3048821.0,199818.0,15258.0,2937801.0,181413.0,16194.0,3338316.0,321952.0,10369.0,2637764.0,265904.0,9920.0,3343499.0,217931.0,15342.0,3471611.0,213362.0,16271.0,4469966.0,293478.0,15231.0,4072923.0,251648.0,16185.0,3492923.0,238637.0,14637.0,3115464.0,199428.0,15622.0,0.0,0.0,3834.75,4648.0,0.0,0.0,0.0,0.0,0.0,0.0,0.0,0.0,0.0,0.0,0.0,0.0,1032.0,2495.5,0.0,0.0,0.0,0.0,164.75,706.0,0.0,0.0,0.0,0.0,0.0,0.0,0.0,0.0,0.0,0.0,0.0,0.0,388.5,873.25,0.0,0.0,0.0,0.0,49.0,414.5,0.0,0.0,0.0,0.0,0.0,0.0,0.0,0.0,0.0,0.0,0.0,0.0,265.75,1313.0,0.0,0.0,0.0,0.0,10.5,135.5,0.0,0.0,0.0,0.0,0.0,0.0,0.0,0.0,0.0,0.0,0.0,0.0,52.0,478.0,0.0,0.0
Brønshøj-Husum,2011,805.0,786.0,644.0,630.0,235.0,216.0,97.0,96.0,,,0.0,,,,51.0,55.0,,,27.0,13.0,14.0,8.0,,,13.0,,,,63.0,69.0,151.0,139.0,650.0,648.0,757.0,803.0,901.0,673.0,413.0,349.0,318.0,249.0,31.0,30.0,,,298.0,256.0,186.0,199.0,,,112.0,118.0,120.0,174.0,1864.0,1829.0,1609.0,1525.0,1582.0,1571.0,1914.0,1934.0,1996.0,1987.0,1940.0,1920.0,2885.0,4135.0,1141.0,809.0,608.0,463.0,736.0,82.0,64.0,59.0,40.0,53.0,439.0,311.0,223.0,206.0,308.0,128.0,85.0,77.0,38.0,67.0,332.0,248.0,178.0,134.0,248.0,160.0,101.0,71.0,45.0,60.0,3166670.0,204486.0,15486.0,3013945.0,184136.0,16368.0,3443650.0,323256.0,10653.0,2659062.0,264189.0,10065.0,3464184.0,222220.0,15589.0,3580074.0,217528.0,16458.0,4571165.0,295581.0,15465.0,4119416.0,251675.0,16368.0,3608642.0,241139.0,14965.0,3173337.0,200603.0,15819.0,0.0,0.0,3808.5,4521.25,0.0,0.0,0.0,0.0,0.0,0.0,0.0,0.0,0.0,0.0,0.0,0.0,1006.0,2463.5,0.0,0.0,0.0,0.0,148.0,734.75,0.0,0.0,0.0,0.0,0.0,0.0,0.0,0.0,0.0,0.0,0.0,0.0,392.25,912.75,0.0,0.0,0.0,0.0,49.75,408.0,0.0,0.0,0.0,0.0,0.0,0.0,0.0,0.0,0.0,0.0,0.0,0.0,270.5,1356.75,0.0,0.0,0.0,0.0,10.75,144.5,0.0,0.0,0.0,0.0,0.0,0.0,0.0,0.0,0.0,0.0,0.0,0.0,60.0,491.75,0.0,0.0
Brønshøj-Husum,2012,817.0,795.0,681.0,679.0,278.0,234.0,118.0,109.0,,,0.0,3.0,,,72.0,73.0,26.0,30.0,25.0,16.0,16.0,6.0,,,14.0,4.0,,,80.0,81.0,142.0,147.0,640.0,678.0,814.0,839.0,898.0,693.0,458.0,369.0,336.0,271.0,43.0,35.0,41.0,38.0,342.0,336.0,206.0,215.0,150.0,137.0,113.0,127.0,124.0,176.0,1922.0,1885.0,1583.0,1539.0,1639.0,1572.0,1884.0,1907.0,1986.0,1970.0,1909.0,1958.0,2941.0,4090.0,1200.0,799.0,612.0,479.0,779.0,107.0,78.0,60.0,46.0,83.0,451.0,291.0,219.0,182.0,302.0,145.0,82.0,59.0,36.0,79.0,350.0,237.0,200.0,161.0,248.0,147.0,111.0,74.0,54.0,67.0,3285443.0,205739.0,15969.0,3131227.0,186516.0,16788.0,3568416.0,324785.0,10987.0,2746623.0,267467.0,10269.0,3594025.0,223648.0,16070.0,3714168.0,220021.0,16881.0,4739860.0,297095.0,15954.0,4274330.0,254637.0,16786.0,3766040.0,243615.0,15459.0,3311215.0,204220.0,16214.0,0.0,0.0,3761.75,4442.5,0.0,0.0,0.0,0.0,0.0,0.0,0.0,0.0,0.0,0.0,0.0,0.0,1041.75,2433.75,0.0,0.0,0.0,0.0,155.5,726.75,0.0,0.0,0.0,0.0,0.0,0.0,0.0,0.0,0.0,0.0,0.0,0.0,377.25,952.25,0.0,0.0,0.0,0.0,53.5,424.0,0.0,0.0,0.0,0.0,0.0,0.0,0.0,0.0,0.0,0.0,0.0,0.0,286.0,1365.0,0.0,0.0,0.0,0.0,8.5,145.5,0.0,0.0,0.0,0.0,0.0,0.0,0.0,0.0,0.0,0.0,0.0,0.0,66.25,512.0,0.0,0.0
Brønshøj-Husum,2013,817.0,798.0,708.0,736.0,322.0,302.0,119.0,118.0,5.0,,0.0,,0.0,,78.0,79.0,29.0,32.0,19.0,13.0,15.0,7.0,6.0,,13.0,,5.0,,98.0,102.0,145.0,142.0,647.0,732.0,921.0,840.0,896.0,763.0,501.0,391.0,363.0,288.0,48.0,42.0,45.0,43.0,363.0,354.0,234.0,234.0,152.0,147.0,132.0,125.0,127.0,187.0,1968.0,1949.0,1576.0,1499.0,1748.0,1679.0,1867.0,1860.0,1972.0,1961.0,1884.0,1968.0,2986.0,4054.0,1203.0,830.0,663.0,534.0,735.0,139.0,101.0,64.0,49.0,81.0,359.0,284.0,219.0,213.0,289.0,131.0,87.0,75.0,55.0,68.0,395.0,256.0,208.0,157.0,220.0,179.0,102.0,97.0,60.0,77.0,3396376.0,208060.0,16324.0,3204628.0,189354.0,16924.0,3635619.0,321253.0,11317.0,2779336.0,267347.0,10396.0,3708743.0,225978.0,16412.0,3809869.0,224044.0,17005.0,4851589.0,297735.0,16295.0,4341865.0,256657.0,16917.0,3819564.0,242036.0,15781.0,3338675.0,204952.0,16290.0,0.0,0.0,3710.25,4325.25,0.0,0.0,0.0,0.0,0.0,0.0,0.0,0.0,0.0,0.0,0.0,0.0,1095.5,2405.75,0.0,0.0,0.0,0.0,161.5,696.5,0.0,0.0,0.0,0.0,0.0,0.0,0.0,0.0,0.0,0.0,0.0,0.0,397.25,959.25,0.0,0.0,0.0,0.0,54.5,432.75,0.0,0.0,0.0,0.0,0.0,0.0,0.0,0.0,0.0,0.0,0.0,0.0,290.25,1385.5,0.0,0.0,0.0,0.0,8.75,144.25,0.0,0.0,0.0,0.0,0.0,0.0,0.0,0.0,0.0,0.0,0.0,0.0,73.75,518.75,0.0,0.0
Brønshøj-Husum,2014,800.0,824.0,766.0,750.0,359.0,344.0,134.0,123.0,14.0,,0.0,,0.0,0.0,93.0,80.0,28.0,34.0,23.0,17.0,19.0,5.0,5.0,,10.0,,7.0,8.0,131.0,122.0,141.0,144.0,670.0,758.0,1064.0,860.0,922.0,801.0,552.0,416.0,385.0,315.0,40.0,37.0,55.0,52.0,406.0,402.0,258.0,240.0,182.0,187.0,136.0,121.0,134.0,195.0,1946.0,1912.0,1575.0,1501.0,1810.0,1744.0,1792.0,1795.0,1976.0,1922.0,1892.0,1929.0,3009.0,4018.0,1080.0,711.0,568.0,436.0,647.0,124.0,121.0,74.0,57.0,81.0,296.0,176.0,163.0,134.0,214.0,118.0,52.0,52.0,40.0,63.0,331.0,241.0,207.0,151.0,214.0,211.0,121.0,72.0,54.0,75.0,3542543.0,211659.0,16737.0,3307933.0,192590.0,17176.0,3794966.0,321090.0,11819.0,2879333.0,268896.0,10708.0,3859619.0,229644.0,16807.0,3939544.0,228247.0,17260.0,5029250.0,301063.0,16705.0,4458020.0,259685.0,17167.0,3934047.0,243670.0,16145.0,3401399.0,205721.0,16534.0,0.0,0.0,3622.75,4188.75,0.0,0.0,0.0,0.0,0.0,0.0,0.0,0.0,0.0,0.0,0.0,0.0,1102.0,2372.5,0.0,0.0,0.0,0.0,157.5,700.75,0.0,0.0,0.0,0.0,0.0,0.0,0.0,0.0,0.0,0.0,0.0,0.0,389.75,923.5,0.0,0.0,0.0,0.0,48.5,430.75,0.0,0.0,0.0,0.0,0.0,0.0,0.0,0.0,0.0,0.0,0.0,0.0,305.75,1416.75,0.0,0.0,0.0,0.0,9.75,142.75,0.0,0.0,0.0,0.0,0.0,0.0,0.0,0.0,0.0,0.0,0.0,0.0,67.25,514.5,0.0,0.0
Brønshøj-Husum,2015,831.0,844.0,796.0,773.0,409.0,409.0,137.0,121.0,22.0,20.0,0.0,,0.0,,98.0,85.0,36.0,35.0,23.0,16.0,21.0,8.0,5.0,6.0,12.0,,6.0,,147.0,144.0,160.0,148.0,712.0,822.0,1217.0,955.0,927.0,823.0,604.0,451.0,418.0,342.0,44.0,39.0,59.0,55.0,447.0,440.0,288.0,294.0,194.0,181.0,147.0,136.0,139.0,192.0,1955.0,1955.0,1547.0,1474.0,1857.0,1830.0,1753.0,1701.0,1916.0,1958.0,1910.0,1887.0,2981.0,3913.0,1176.0,731.0,563.0,413.0,527.0,159.0,120.0,85.0,68.0,68.0,243.0,182.0,166.0,127.0,167.0,111.0,73.0,52.0,33.0,52.0,373.0,240.0,172.0,124.0,168.0,290.0,116.0,88.0,61.0,72.0,3673016.0,216838.0,16939.0,3406511.0,196002.0,17380.0,3954124.0,330474.0,11965.0,3002343.0,275318.0,10905.0,3995662.0,234680.0,17026.0,4053627.0,231861.0,17483.0,5224010.0,309150.0,16898.0,4609124.0,265350.0,17370.0,4056942.0,248892.0,16300.0,3506757.0,210237.0,16680.0,0.0,0.0,3605.75,4150.25,0.0,0.0,0.0,0.0,0.0,0.0,0.0,0.0,0.0,0.0,0.0,0.0,1128.0,2299.5,0.0,0.0,0.0,0.0,162.0,687.0,0.0,0.0,0.0,0.0,0.0,0.0,0.0,0.0,0.0,0.0,0.0,0.0,391.75,922.5,0.0,0.0,0.0,0.0,45.75,434.5,0.0,0.0,0.0,0.0,0.0,0.0,0.0,0.0,0.0,0.0,0.0,0.0,319.75,1437.0,0.0,0.0,0.0,0.0,8.75,141.75,0.0,0.0,0.0,0.0,0.0,0.0,0.0,0.0,0.0,0.0,0.0,0.0,74.5,531.5,0.0,0.0
Brønshøj-Husum,2016,854.0,811.0,808.0,809.0,448.0,474.0,152.0,117.0,26.0,33.0,0.0,,0.0,,104.0,88.0,35.0,34.0,27.0,16.0,18.0,9.0,7.0,7.0,13.0,,7.0,,171.0,136.0,144.0,152.0,689.0,824.0,1244.0,1032.0,924.0,834.0,659.0,495.0,440.0,361.0,46.0,37.0,57.0,61.0,479.0,421.0,332.0,323.0,207.0,191.0,150.0,128.0,153.0,191.0,1974.0,1974.0,1539.0,1471.0,1873.0,1884.0,1667.0,1640.0,1938.0,1926.0,1880.0,1937.0,3007.0,3861.0,1157.0,727.0,491.0,337.0,466.0,214.0,157.0,86.0,59.0,56.0,254.0,180.0,125.0,104.0,156.0,87.0,53.0,57.0,24.0,51.0,363.0,210.0,140.0,85.0,147.0,239.0,127.0,83.0,65.0,56.0,3720820.0,219998.0,16913.0,3485536.0,198064.0,17598.0,4024107.0,332159.0,12115.0,3099793.0,277685.0,11163.0,4054902.0,238243.0,17020.0,4148743.0,234472.0,17694.0,5275294.0,312795.0,16865.0,4706449.0,267549.0,17591.0,4129409.0,254415.0,16231.0,3599743.0,213711.0,16844.0,0.0,0.0,3561.75,4134.5,0.0,0.0,0.0,0.0,0.0,0.0,0.0,0.0,0.0,0.0,0.0,0.0,1165.5,2270.0,0.0,0.0,0.0,0.0,172.75,710.5,0.0,0.0,0.0,0.0,0.0,0.0,0.0,0.0,0.0,0.0,0.0,0.0,417.5,903.5,0.0,0.0,0.0,0.0,46.5,432.0,0.0,0.0,0.0,0.0,0.0,0.0,0.0,0.0,0.0,0.0,0.0,0.0,316.0,1423.25,0.0,0.0,0.0,0.0,7.0,141.25,0.0,0.0,0.0,0.0,0.0,0.0,0.0,0.0,0.0,0.0,0.0,0.0,77.75,557.5,0.0,0.0
Brønshøj-Husum,2017,877.0,833.0,834.0,784.0,472.0,512.0,150.0,129.0,41.0,39.0,0.0,,0.0,,99.0,91.0,32.0,34.0,26.0,20.0,18.0,11.0,14.0,6.0,11.0,,8.0,,157.0,140.0,149.0,139.0,684.0,789.0,1242.0,1077.0,879.0,862.0,707.0,536.0,477.0,389.0,38.0,31.0,51.0,60.0,474.0,413.0,346.0,322.0,205.0,201.0,156.0,123.0,158.0,197.0,1955.0,1971.0,1569.0,1501.0,1951.0,1994.0,1614.0,1607.0,1881.0,1904.0,1844.0,1923.0,3015.0,3803.0,1127.0,636.0,541.0,360.0,428.0,227.0,135.0,96.0,92.0,73.0,174.0,141.0,130.0,96.0,134.0,83.0,50.0,40.0,36.0,41.0,388.0,176.0,168.0,85.0,117.0,255.0,134.0,107.0,51.0,63.0,3796071.0,223469.0,16987.0,3586764.0,202436.0,17718.0,4104973.0,338248.0,12136.0,3208576.0,279980.0,11460.0,4139907.0,242256.0,17089.0,4267526.0,239574.0,17813.0,5380030.0,317631.0,16938.0,4839560.0,273313.0,17707.0,4195072.0,259484.0,16167.0,3697216.0,218615.0,16912.0,0.0,0.0,3551.25,4055.75,0.0,0.0,0.0,0.0,0.0,0.0,0.0,0.0,0.0,0.0,0.0,0.0,1212.25,2215.75,0.0,0.0,0.0,0.0,174.25,701.75,0.0,0.0,0.0,0.0,0.0,0.0,0.0,0.0,0.0,0.0,0.0,0.0,415.0,921.0,0.0,0.0,0.0,0.0,51.0,426.0,0.0,0.0,0.0,0.0,0.0,0.0,0.0,0.0,0.0,0.0,0.0,0.0,316.0,1399.75,0.0,0.0,0.0,0.0,7.5,151.75,0.0,0.0,0.0,0.0,0.0,0.0,0.0,0.0,0.0,0.0,0.0,0.0,76.0,576.5,0.0,0.0
Brønshøj-Husum,2018,870.0,824.0,834.0,770.0,506.0,546.0,151.0,147.0,56.0,53.0,0.0,,0.0,,102.0,99.0,34.0,32.0,24.0,22.0,20.0,13.0,12.0,4.0,9.0,,8.0,,148.0,134.0,165.0,143.0,679.0,760.0,1204.0,1098.0,898.0,877.0,741.0,573.0,519.0,425.0,28.0,24.0,64.0,50.0,444.0,404.0,336.0,315.0,216.0,210.0,156.0,135.0,151.0,200.0,1974.0,1964.0,1560.0,1542.0,1882.0,2044.0,1651.0,1645.0,1855.0,1838.0,1844.0,1908.0,3010.0,3773.0,1051.0,722.0,491.0,302.0,338.0,220.0,133.0,118.0,64.0,75.0,203.0,153.0,124.0,78.0,103.0,91.0,56.0,38.0,36.0,34.0,293.0,226.0,120.0,75.0,81.0,244.0,154.0,91.0,49.0,45.0,3974421.0,231353.0,17179.0,3695256.0,207075.0,17845.0,4332418.0,350236.0,12370.0,3336647.0,287642.0,11600.0,4331286.0,250262.0,17307.0,4416370.0,246120.0,17944.0,5608784.0,327616.0,17120.0,4961537.0,278238.0,17832.0,4297877.0,263366.0,16319.0,3719971.0,218783.0,17003.0,0.0,0.0,3590.75,4020.5,0.0,0.0,0.0,0.0,0.0,0.0,0.0,0.0,0.0,0.0,0.0,0.0,1248.5,2217.75,0.0,0.0,0.0,0.0,172.0,714.25,0.0,0.0,0.0,0.0,0.0,0.0,0.0,0.0,0.0,0.0,0.0,0.0,406.75,929.5,0.0,0.0,0.0,0.0,50.5,399.75,0.0,0.0,0.0,0.0,0.0,0.0,0.0,0.0,0.0,0.0,0.0,0.0,329.5,1404.0,0.0,0.0,0.0,0.0,10.25,142.75,0.0,0.0,0.0,0.0,0.0,0.0,0.0,0.0,0.0,0.0,0.0,0.0,75.0,592.5,0.0,0.0
Brønshøj-Husum,2019,867.0,850.0,819.0,750.0,536.0,564.0,167.0,157.0,67.0,62.0,0.0,,0.0,,114.0,111.0,33.0,32.0,21.0,17.0,18.0,14.0,12.0,3.0,9.0,,7.0,,165.0,145.0,172.0,147.0,617.0,743.0,1221.0,1142.0,884.0,876.0,814.0,624.0,532.0,441.0,25.0,25.0,63.0,48.0,425.0,397.0,390.0,348.0,239.0,205.0,160.0,143.0,150.0,193.0,1933.0,1979.0,1639.0,1568.0,1913.0,2060.0,1612.0,1676.0,1859.0,1810.0,1823.0,1894.0,3019.0,3723.0,951.0,697.0,460.0,314.0,340.0,189.0,164.0,111.0,85.0,71.0,177.0,139.0,94.0,64.0,121.0,82.0,42.0,42.0,30.0,24.0,271.0,184.0,116.0,74.0,65.0,232.0,168.0,97.0,61.0,59.0,4106228.0,240482.0,17075.0,3812387.0,214674.0,17759.0,4525457.0,363257.0,12458.0,3515626.0,299661.0,11732.0,4479432.0,260629.0,17187.0,4541356.0,254560.0,17840.0,5839891.0,342918.0,17030.0,5150345.0,290193.0,17748.0,4480050.0,274110.0,16344.0,3884945.0,228782.0,16981.0,0.0,0.0,3636.0,4014.5,0.0,0.0,0.0,0.0,0.0,0.0,0.0,0.0,0.0,0.0,0.0,0.0,1264.5,2206.0,0.0,0.0,0.0,0.0,177.0,710.0,0.0,0.0,0.0,0.0,0.0,0.0,0.0,0.0,0.0,0.0,0.0,0.0,443.75,947.0,0.0,0.0,0.0,0.0,49.25,406.75,0.0,0.0,0.0,0.0,0.0,0.0,0.0,0.0,0.0,0.0,0.0,0.0,328.75,1435.25,0.0,0.0,0.0,0.0,13.5,141.25,0.0,0.0,0.0,0.0,0.0,0.0,0.0,0.0,0.0,0.0,0.0,0.0,85.5,603.5,0.0,0.0
Brønshøj-Husum,2020,860.0,830.0,788.0,720.0,543.0,601.0,185.0,169.0,73.0,76.0,0.0,3.0,0.0,3.0,107.0,107.0,34.0,43.0,23.0,16.0,20.0,13.0,15.0,3.0,7.0,4.0,10.0,11.0,145.0,121.0,196.0,168.0,536.0,707.0,1184.0,1114.0,872.0,850.0,827.0,669.0,570.0,480.0,24.0,24.0,53.0,43.0,381.0,387.0,381.0,326.0,228.0,212.0,166.0,138.0,166.0,195.0,1938.0,1991.0,1662.0,1592.0,1844.0,2013.0,1634.0,1670.0,1845.0,1838.0,1790.0,1827.0,3020.0,3693.0,1034.0,708.0,597.0,443.0,501.0,215.0,162.0,142.0,93.0,107.0,192.0,148.0,119.0,124.0,141.0,78.0,43.0,55.0,39.0,34.0,310.0,186.0,160.0,112.0,108.0,239.0,169.0,121.0,75.0,111.0,4280677.0,252846.0,16930.0,3956556.0,224371.0,17634.0,4585892.0,376109.0,12193.0,3638999.0,312226.0,11655.0,4651150.0,272077.0,17095.0,4724170.0,265956.0,17763.0,6063433.0,358486.0,16914.0,5331380.0,302404.0,17630.0,4574317.0,281566.0,16246.0,4015870.0,238062.0,16869.0,0.0,0.0,3734.5,4009.25,0.0,0.0,0.0,0.0,0.0,0.0,0.0,0.0,0.0,0.0,0.0,0.0,1274.25,2188.25,0.0,0.0,0.0,0.0,169.0,707.25,0.0,0.0,0.0,0.0,0.0,0.0,0.0,0.0,0.0,0.0,0.0,0.0,461.0,955.25,0.0,0.0,0.0,0.0,44.0,440.0,0.0,0.0,0.0,0.0,0.0,0.0,0.0,0.0,0.0,0.0,0.0,0.0,344.75,1457.75,0.0,0.0,0.0,0.0,11.5,131.0,0.0,0.0,0.0,0.0,0.0,0.0,0.0,0.0,0.0,0.0,0.0,0.0,84.5,618.25,0.0,0.0
Brønshøj-Husum,2021,852.0,811.0,761.0,705.0,623.0,646.0,211.0,192.0,84.0,83.0,0.0,4.0,0.0,3.0,101.0,112.0,36.0,40.0,19.0,19.0,22.0,17.0,12.0,4.0,9.0,4.0,9.0,12.0,140.0,114.0,205.0,174.0,461.0,570.0,1114.0,1110.0,858.0,852.0,845.0,723.0,626.0,525.0,22.0,21.0,47.0,42.0,265.0,324.0,397.0,335.0,218.0,211.0,152.0,144.0,172.0,203.0,1964.0,1957.0,1708.0,1646.0,1802.0,1972.0,1666.0,1675.0,1855.0,1859.0,1740.0,1727.0,2975.0,3625.0,934.0,689.0,536.0,385.0,445.0,211.0,201.0,134.0,82.0,83.0,172.0,137.0,113.0,88.0,132.0,70.0,46.0,49.0,37.0,36.0,237.0,147.0,122.0,91.0,118.0,244.0,158.0,118.0,87.0,76.0,4470515.0,264998.0,16870.0,4112190.0,235980.0,17426.0,4883719.0,387105.0,12616.0,3842704.0,321323.0,11959.0,4893773.0,286588.0,17076.0,4901016.0,278799.0,17579.0,6316139.0,374667.0,16858.0,5541123.0,318108.0,17419.0,4797255.0,297523.0,16124.0,4154551.0,248716.0,16704.0,0.0,0.0,3828.0,4043.75,0.0,0.0,0.0,0.0,0.0,0.0,0.0,0.0,0.0,0.0,0.0,0.0,1296.5,2147.0,0.0,0.0,0.0,0.0,162.75,699.5,0.0,0.0,0.0,0.0,0.0,0.0,0.0,0.0,0.0,0.0,0.0,0.0,455.75,929.75,0.0,0.0,0.0,0.0,38.0,450.5,0.0,0.0,0.0,0.0,0.0,0.0,0.0,0.0,0.0,0.0,0.0,0.0,368.0,1477.0,0.0,0.0,0.0,0.0,11.0,136.5,0.0,0.0,0.0,0.0,0.0,0.0,0.0,0.0,0.0,0.0,0.0,0.0,86.0,616.75,0.0,0.0
Brønshøj-Husum,2022,784.0,763.0,698.0,664.0,660.0,682.0,239.0,208.0,90.0,91.0,0.0,4.0,0.0,4.0,74.0,96.0,45.0,50.0,21.0,21.0,22.0,17.0,14.0,3.0,7.0,4.0,10.0,12.0,130.0,104.0,224.0,173.0,424.0,519.0,1070.0,1085.0,891.0,863.0,855.0,734.0,674.0,561.0,22.0,21.0,51.0,50.0,261.0,272.0,391.0,345.0,240.0,222.0,163.0,131.0,175.0,200.0,1980.0,1926.0,1685.0,1663.0,1782.0,1924.0,1716.0,1703.0,1755.0,1791.0,1731.0,1669.0,2953.0,3592.0,1063.0,638.0,380.0,210.0,198.0,268.0,176.0,80.0,59.0,40.0,174.0,123.0,85.0,53.0,58.0,72.0,44.0,22.0,14.0,17.0,257.0,148.0,101.0,44.0,42.0,292.0,147.0,92.0,40.0,41.0,4565502.0,268622.0,16996.0,4102316.0,235508.0,17419.0,5115223.0,398630.0,12832.0,3996836.0,329718.0,12122.0,4945392.0,288934.0,17116.0,4962727.0,283148.0,17527.0,6481354.0,381570.0,16986.0,5555389.0,318964.0,17417.0,4899056.0,300445.0,16306.0,4172071.0,249094.0,16749.0,0.0,0.0,3883.5,4058.5,0.0,0.0,0.0,0.0,0.0,0.0,0.0,0.0,0.0,0.0,0.0,0.0,1288.25,2125.0,0.0,0.0,0.0,0.0,167.75,658.75,0.0,0.0,0.0,0.0,0.0,0.0,0.0,0.0,0.0,0.0,0.0,0.0,448.25,887.5,0.0,0.0,0.0,0.0,40.25,458.0,0.0,0.0,0.0,0.0,0.0,0.0,0.0,0.0,0.0,0.0,0.0,0.0,380.25,1474.75,0.0,0.0,0.0,0.0,5.75,118.75,0.0,0.0,0.0,0.0,0.0,0.0,0.0,0.0,0.0,0.0,0.0,0.0,91.0,608.0,0.0,0.0
Brønshøj-Husum,2023,740.0,747.0,666.0,658.0,689.0,703.0,252.0,221.0,99.0,99.0,0.0,5.0,0.0,3.0,75.0,96.0,52.0,50.0,21.0,19.0,17.0,10.0,17.0,7.0,6.0,6.0,11.0,11.0,103.0,106.0,244.0,192.0,448.0,552.0,1012.0,1083.0,918.0,875.0,847.0,755.0,738.0,602.0,24.0,20.0,43.0,35.0,259.0,283.0,365.0,368.0,250.0,226.0,159.0,132.0,190.0,202.0,1958.0,1876.0,1690.0,1677.0,1744.0,1842.0,1758.0,1717.0,1706.0,1749.0,1749.0,1641.0,2951.0,3564.0,975.0,643.0,410.0,210.0,208.0,258.0,163.0,110.0,66.0,38.0,166.0,117.0,75.0,34.0,54.0,62.0,50.0,32.0,23.0,22.0,246.0,155.0,89.0,47.0,42.0,243.0,158.0,104.0,40.0,52.0,4918741.0,289610.0,16984.0,4388937.0,251012.0,17485.0,5417100.0,415709.0,13031.0,4260953.0,344821.0,12357.0,5341947.0,312907.0,17072.0,5347272.0,304168.0,17580.0,6913153.0,408096.0,16940.0,5909320.0,338468.0,17459.0,5119526.0,308833.0,16577.0,4366646.0,254808.0,17137.0,0.0,0.0,3903.5,4038.5,0.0,0.0,0.0,0.0,0.0,0.0,0.0,0.0,0.0,0.0,0.0,0.0,1250.25,2139.75,0.0,0.0,0.0,0.0,162.5,674.75,0.0,0.0,0.0,0.0,0.0,0.0,0.0,0.0,0.0,0.0,0.0,0.0,430.0,874.0,0.0,0.0,0.0,0.0,38.75,427.0,0.0,0.0,0.0,0.0,0.0,0.0,0.0,0.0,0.0,0.0,0.0,0.0,385.0,1492.0,0.0,0.0,0.0,0.0,8.25,118.75,0.0,0.0,0.0,0.0,0.0,0.0,0.0,0.0,0.0,0.0,0.0,0.0,94.5,590.0,0.0,0.0
Brønshøj-Husum,2024,691.0,692.0,626.0,626.0,694.0,721.0,288.0,248.0,97.0,101.0,9.0,,0.0,,78.0,91.0,49.0,53.0,22.0,30.0,19.0,13.0,15.0,5.0,6.0,,11.0,,127.0,112.0,287.0,218.0,637.0,654.0,985.0,1068.0,971.0,882.0,846.0,771.0,772.0,644.0,22.0,18.0,41.0,40.0,283.0,278.0,353.0,374.0,260.0,231.0,154.0,145.0,191.0,204.0,1995.0,1881.0,1677.0,1668.0,1760.0,1921.0,1797.0,1784.0,1658.0,1699.0,1759.0,1586.0,2935.0,3557.0,,,,,,,,,,,,,,,,,,,,,,,,,,,,,,,5106510.0,296339.0,17232.0,4557601.0,259678.0,17551.0,5743671.0,431985.0,13296.0,4525211.0,363150.0,12461.0,5548018.0,320824.0,17293.0,5554908.0,315172.0,17625.0,7346095.0,427173.0,17197.0,6271304.0,357727.0,17531.0,5461443.0,324372.0,16837.0,4615613.0,267851.0,17232.0,0.0,0.0,3936.75,4046.75,0.0,0.0,0.0,0.0,0.0,0.0,0.0,0.0,0.0,0.0,0.0,0.0,1229.0,2178.25,0.0,0.0,0.0,0.0,160.5,671.25,0.0,0.0,0.0,0.0,0.0,0.0,0.0,0.0,0.0,0.0,0.0,0.0,429.25,838.5,0.0,0.0,0.0,0.0,41.25,411.5,0.0,0.0,0.0,0.0,0.0,0.0,0.0,0.0,0.0,0.0,0.0,0.0,392.25,1543.5,0.0,0.0,0.0,0.0,11.25,123.25,0.0,0.0,0.0,0.0,0.0,0.0,0.0,0.0,0.0,0.0,0.0,0.0,83.75,591.5,0.0,0.0
Brønshøj-Husum,2025,647.0,650.0,624.0,620.0,713.0,703.0,302.0,285.0,101.0,102.0,12.0,,0.0,,80.0,86.0,62.0,59.0,16.0,23.0,18.0,16.0,17.0,8.0,7.0,,12.0,,134.0,114.0,266.0,212.0,751.0,731.0,938.0,1046.0,1013.0,892.0,806.0,781.0,849.0,691.0,17.0,19.0,40.0,36.0,255.0,253.0,359.0,357.0,267.0,244.0,139.0,140.0,208.0,208.0,1942.0,1873.0,1690.0,1673.0,1700.0,1768.0,1789.0,1800.0,1660.0,1642.0,1685.0,1615.0,2934.0,3451.0,,,,,,,,,,,,,,,,,,,,,,,,,,,,,,,,,,,,,,,,,,,,,,,,,,,,,,,,,,,,,,,,,,,,,,,,,,,,,,,,,,,,,,,,,,,,,,,,,,,,,,,,,,,,,,,,,,,,,,,,,,,,,,,,,,,,,,,,,,,,
Indre By,1986,58.0,36.0,,,,,,,,0.0,0.0,,0.0,0.0,49.0,45.0,,,,,,,,4.0,5.0,,9.0,16.0,18.0,24.0,53.0,26.0,147.0,92.0,164.0,116.0,106.0,46.0,34.0,32.0,32.0,69.0,26.0,19.0,34.0,50.0,306.0,267.0,380.0,351.0,248.0,202.0,126.0,142.0,127.0,374.0,1332.0,1178.0,1592.0,1624.0,4315.0,4390.0,3557.0,3048.0,2426.0,2329.0,1757.0,1835.0,3324.0,5195.0,,,,,,,,,,,,,,,,,,,,,,,,,,,,,,,,,,,,,,,,,,,,,,,,,,,,,,,,,,,,,,,,,,,,,,,,,,,,,,,,,,,,,,,,,,,,,,,,,,,,,,,,,,,,,,,,,,,,,,,,,,,,,,,,,,,,,,,,,,,,
Indre By,1987,51.0,35.0,,,,,,,0.0,0.0,,0.0,0.0,,49.0,46.0,,,,,,,10.0,4.0,,7.0,8.0,,17.0,26.0,50.0,38.0,139.0,91.0,146.0,116.0,111.0,51.0,36.0,31.0,29.0,71.0,33.0,23.0,43.0,50.0,299.0,265.0,399.0,350.0,257.0,230.0,114.0,134.0,143.0,348.0,1313.0,1162.0,1529.0,1574.0,4294.0,4391.0,3443.0,2962.0,2594.0,2485.0,1708.0,1780.0,3225.0,5077.0,,,,,,,,,,,,,,,,,,,,,,,,,,,,,,,1584647.0,92697.0,17095.0,1437949.0,76593.0,18774.0,2203427.0,162303.0,13576.0,1541622.0,119952.0,12852.0,1677514.0,97473.0,17210.0,1740399.0,91871.0,18944.0,2917705.0,170776.0,17085.0,2333421.0,124423.0,18754.0,2348754.0,143348.0,16385.0,1971978.0,108410.0,18190.0,,,,,,,,,,,,,,,,,,,,,,,,,,,,,,,,,,,,,,,,,,,,,,,,,,,,,,,,,,,,,,,,,,,,,,,,,,,,,,,,
Indre By,1988,50.0,44.0,,,,,,,0.0,0.0,,0.0,0.0,,52.0,48.0,,,,,,,9.0,5.0,,5.0,8.0,,13.0,29.0,51.0,34.0,170.0,105.0,152.0,101.0,116.0,67.0,45.0,35.0,29.0,65.0,38.0,20.0,39.0,45.0,266.0,281.0,386.0,325.0,266.0,251.0,115.0,139.0,141.0,353.0,1275.0,1159.0,1425.0,1408.0,4333.0,4441.0,3364.0,2919.0,2660.0,2566.0,1693.0,1779.0,3145.0,4937.0,,,,,,,,,,,,,,,,,,,,,,,,,,,,,,,1648448.0,95529.0,17256.0,1538666.0,82106.0,18740.0,2302858.0,170721.0,13489.0,1628849.0,127573.0,12768.0,1753365.0,101304.0,17308.0,1838174.0,97402.0,18872.0,3080083.0,180502.0,17064.0,2514462.0,134860.0,18645.0,2510403.0,151302.0,16592.0,2094997.0,115224.0,18182.0,,,,,,,,,,,,,,,,,,,,,,,,,,,,,,,,,,,,,,,,,,,,,,,,,,,,,,,,,,,,,,,,,,,,,,,,,,,,,,,,
Indre By,1989,51.0,38.0,,,,,,,0.0,0.0,,0.0,0.0,,57.0,42.0,,,,,,,9.0,3.0,,5.0,8.0,,14.0,32.0,43.0,33.0,168.0,109.0,162.0,110.0,119.0,65.0,44.0,35.0,39.0,65.0,27.0,14.0,41.0,34.0,256.0,254.0,360.0,320.0,270.0,252.0,121.0,139.0,143.0,332.0,1303.0,1184.0,1375.0,1397.0,4371.0,4508.0,3383.0,2798.0,2729.0,2640.0,1692.0,1772.0,3011.0,4775.0,,,,,,,,,,,,,,,,,,,,,,,,,,,,,,,1670884.0,98039.0,17043.0,1586281.0,85019.0,18658.0,2333337.0,178199.0,13094.0,1654682.0,130908.0,12640.0,1788551.0,104545.0,17108.0,1883344.0,100103.0,18814.0,3073523.0,183768.0,16725.0,2574297.0,139211.0,18492.0,2519751.0,157672.0,15981.0,2155415.0,120738.0,17852.0,,,,,,,,,,,,,,,,,,,,,,,,,,,,,,,,,,,,,,,,,,,,,,,,,,,,,,,,,,,,,,,,,,,,,,,,,,,,,,,,
Indre By,1990,53.0,39.0,,,,,,3.0,,0.0,,0.0,0.0,,51.0,40.0,,,,,,25.0,,3.0,,6.0,8.0,,8.0,18.0,34.0,40.0,164.0,105.0,158.0,118.0,104.0,63.0,51.0,35.0,36.0,66.0,21.0,13.0,31.0,40.0,245.0,251.0,337.0,301.0,259.0,267.0,120.0,139.0,142.0,324.0,1300.0,1224.0,1359.0,1394.0,4349.0,4615.0,3278.0,2793.0,2810.0,2666.0,1694.0,1772.0,2909.0,4637.0,,,,,,,,,,,,,,,,,,,,,,,,,,,,,,,1707975.0,100516.0,16992.0,1636948.0,88055.0,18590.0,2344582.0,179813.0,13039.0,1715748.0,136181.0,12599.0,1829858.0,107304.0,17053.0,1947912.0,104133.0,18706.0,3209792.0,190877.0,16816.0,2653065.0,143712.0,18461.0,2603910.0,162714.0,16003.0,2229419.0,125115.0,17819.0,,,,,,,,,,,,,,,,,,,,,,,,,,,,,,,,,,,,,,,,,,,,,,,,,,,,,,,,,,,,,,,,,,,,,,,,,,,,,,,,
Indre By,1991,51.0,31.0,24.0,17.0,,,6.0,,,0.0,,0.0,0.0,0.0,46.0,37.0,19.0,,,,14.0,,,5.0,,,6.0,13.0,8.0,15.0,27.0,,189.0,115.0,165.0,109.0,105.0,71.0,52.0,,37.0,65.0,19.0,7.0,35.0,25.0,232.0,270.0,363.0,290.0,282.0,272.0,134.0,142.0,141.0,310.0,1283.0,1285.0,1288.0,1348.0,4400.0,4671.0,3209.0,2760.0,2804.0,2703.0,1697.0,1788.0,2838.0,4473.0,,,,,,,,,,,,,,,,,,,,,,,,,,,,,,,1784016.0,105289.0,16944.0,1679942.0,91014.0,18458.0,2407587.0,185099.0,13007.0,1756383.0,140466.0,12504.0,1919764.0,112821.0,17016.0,1977678.0,106562.0,18559.0,3339514.0,197488.0,16910.0,2755922.0,149551.0,18428.0,2674387.0,166369.0,16075.0,2303615.0,129526.0,17785.0,,,,,,,,,,,,,,,,,,,,,,,,,,,,,,,,,,,,,,,,,,,,,,,,,,,,,,,,,,,,,,,,,,,,,,,,,,,,,,,,
Indre By,1992,44.0,35.0,,,,,,3.0,,0.0,,0.0,0.0,0.0,47.0,33.0,21.0,23.0,,,,29.0,10.0,,,6.0,7.0,12.0,12.0,16.0,,,159.0,115.0,151.0,120.0,,,51.0,34.0,42.0,66.0,20.0,9.0,36.0,29.0,248.0,265.0,361.0,272.0,281.0,264.0,153.0,153.0,140.0,303.0,1296.0,1346.0,1228.0,1246.0,4520.0,4760.0,3231.0,2744.0,2763.0,2713.0,1717.0,1800.0,2740.0,4348.0,,,,,,,,,,,,,,,,,,,,,,,,,,,,,,,1823295.0,106863.0,17062.0,1748343.0,94439.0,18513.0,2426164.0,186829.0,12986.0,1812927.0,143066.0,12672.0,1961626.0,114427.0,17143.0,2056710.0,110487.0,18615.0,3428553.0,201218.0,17039.0,2870727.0,155284.0,18487.0,2753779.0,170439.0,16157.0,2387962.0,133975.0,17824.0,,,,,,,,,,,,,,,,,,,,,,,,,,,,,,,,,,,,,,,,,,,,,,,,,,,,,,,,,,,,,,,,,,,,,,,,,,,,,,,,
Indre By,1993,44.0,32.0,31.0,16.0,,,,3.0,0.0,,,0.0,0.0,0.0,48.0,38.0,16.0,28.0,,,,29.0,7.0,,,7.0,9.0,13.0,12.0,17.0,23.0,31.0,144.0,115.0,179.0,128.0,103.0,79.0,58.0,36.0,41.0,66.0,21.0,18.0,42.0,32.0,238.0,273.0,385.0,272.0,292.0,273.0,168.0,147.0,134.0,295.0,1330.0,1380.0,1191.0,1206.0,4675.0,4825.0,3223.0,2738.0,2682.0,2701.0,1844.0,1900.0,2699.0,4252.0,,,,,,,,,,,,,,,,,,,,,,,,,,,,,,,1901878.0,109688.0,17339.0,1813442.0,97828.0,18537.0,2448853.0,186494.0,13131.0,1863661.0,146780.0,12697.0,2048400.0,117501.0,17433.0,2139105.0,114777.0,18637.0,3420826.0,197713.0,17302.0,2932468.0,158460.0,18506.0,2806355.0,172190.0,16298.0,2462168.0,138378.0,17793.0,,,,,,,,,,,,,,,,,,,,,,,,,,,,,,,,,,,,,,,,,,,,,,,,,,,,,,,,,,,,,,,,,,,,,,,,,,,,,,,,
Indre By,1994,45.0,33.0,34.0,10.0,6.0,6.0,,3.0,0.0,0.0,,0.0,0.0,0.0,46.0,44.0,19.0,29.0,31.0,30.0,,24.0,7.0,3.0,,5.0,9.0,14.0,17.0,16.0,22.0,22.0,151.0,136.0,181.0,103.0,113.0,95.0,58.0,35.0,44.0,67.0,16.0,12.0,36.0,28.0,266.0,250.0,374.0,269.0,299.0,288.0,189.0,174.0,131.0,283.0,1376.0,1416.0,1137.0,1171.0,4800.0,4914.0,3320.0,2810.0,2705.0,2622.0,1936.0,2036.0,2603.0,4104.0,,,,,,,,,,,,,,,,,,,,,,,,,,,,,,,2062313.0,118728.0,17370.0,1937402.0,103983.0,18632.0,2694052.0,197787.0,13621.0,1992670.0,149488.0,13330.0,2213864.0,126964.0,17437.0,2299753.0,122771.0,18732.0,3656369.0,210997.0,17329.0,3146378.0,169215.0,18594.0,3026097.0,177943.0,17006.0,2684426.0,146538.0,18319.0,,,,,,,,,,,,,,,,,,,,,,,,,,,,,,,,,,,,,,,,,,,,,,,,,,,,,,,,,,,,,,,,,,,,,,,,,,,,,,,,
Indre By,1995,44.0,39.0,28.0,15.0,8.0,11.0,,4.0,,0.0,,0.0,0.0,0.0,40.0,35.0,,,34.0,40.0,,20.0,,6.0,,,9.0,13.0,,,21.0,24.0,158.0,120.0,200.0,117.0,103.0,98.0,,,41.0,64.0,,,,,273.0,274.0,379.0,279.0,311.0,274.0,213.0,196.0,124.0,275.0,1427.0,1483.0,1070.0,1141.0,4799.0,5022.0,3419.0,2900.0,2608.0,2551.0,2045.0,2157.0,2533.0,3967.0,,,,,,,,,,,,,,,,,,,,,,,,,,,,,,,2078003.0,119970.0,17321.0,2026132.0,108095.0,18744.0,2823882.0,206772.0,13657.0,2088790.0,157597.0,13254.0,2245298.0,128959.0,17411.0,2390877.0,126871.0,18845.0,3710492.0,215238.0,17239.0,3249672.0,173677.0,18711.0,3094694.0,184571.0,16767.0,2726377.0,148901.0,18310.0,,,,,,,,,,,,,,,,,,,,,,,,,,,,,,,,,,,,,,,,,,,,,,,,,,,,,,,,,,,,,,,,,,,,,,,,,,,,,,,,
Indre By,1996,40.0,44.0,30.0,13.0,,,,,,,,0.0,0.0,0.0,39.0,36.0,25.0,32.0,,,,,,,,6.0,11.0,13.0,14.0,13.0,23.0,23.0,139.0,113.0,193.0,112.0,103.0,100.0,75.0,49.0,37.0,61.0,20.0,15.0,30.0,26.0,292.0,278.0,386.0,271.0,315.0,284.0,243.0,218.0,123.0,268.0,1503.0,1492.0,1021.0,1090.0,4751.0,5165.0,3497.0,2989.0,2516.0,2501.0,2172.0,2267.0,2457.0,3833.0,,,,,,,,,,,,,,,,,,,,,,,,,,,,,,,2348285.0,133403.0,17603.0,2130376.0,113717.0,18734.0,3100098.0,220037.0,14089.0,2208212.0,164841.0,13396.0,2510153.0,141961.0,17682.0,2547142.0,135371.0,18816.0,4057506.0,231699.0,17512.0,3392770.0,181587.0,18684.0,3303682.0,193051.0,17113.0,2834786.0,154526.0,18345.0,,,,,,,,,,,,,,,,,,,,,,,,,,,,,,,,,,,,,,,,,,,,,,,,,,,,,,,,,,,,,,,,,,,,,,,,,,,,,,,,
Indre By,1997,40.0,44.0,26.0,11.0,,,,,,,0.0,0.0,,0.0,45.0,42.0,26.0,34.0,,,,,,,6.0,6.0,,15.0,14.0,12.0,46.0,19.0,114.0,111.0,188.0,131.0,108.0,96.0,84.0,58.0,43.0,58.0,21.0,21.0,27.0,31.0,302.0,285.0,415.0,299.0,317.0,283.0,250.0,221.0,141.0,273.0,1587.0,1584.0,1020.0,1046.0,4804.0,5073.0,3741.0,3107.0,2422.0,2380.0,2327.0,2449.0,2426.0,3770.0,,,,,,,,,,,,,,,,,,,,,,,,,,,,,,,2472403.0,140191.0,17636.0,2228437.0,118945.0,18735.0,3256434.0,229310.0,14201.0,2336393.0,172606.0,13536.0,2640759.0,148733.0,17755.0,2671475.0,141911.0,18825.0,4250775.0,242209.0,17550.0,3534617.0,189169.0,18685.0,3383574.0,198555.0,17041.0,2904285.0,158730.0,18297.0,,,,,,,,,,,,,,,,,,,,,,,,,,,,,,,,,,,,,,,,,,,,,,,,,,,,,,,,,,,,,,,,,,,,,,,,,,,,,,,,
Indre By,1998,44.0,38.0,25.0,9.0,,,,,,,0.0,0.0,,0.0,36.0,34.0,,,,,,,,,,,,16.0,,,41.0,24.0,112.0,105.0,196.0,144.0,107.0,89.0,,,50.0,59.0,,,,,320.0,311.0,468.0,302.0,363.0,256.0,272.0,243.0,147.0,276.0,1619.0,1660.0,1013.0,1007.0,4707.0,4946.0,3849.0,3255.0,2351.0,2281.0,2470.0,2599.0,2399.0,3724.0,,,,,,,,,,,,,,,,,,,,,,,,,,,,,,,2694702.0,150165.0,17945.0,2339536.0,124061.0,18858.0,3601218.0,245565.0,14665.0,2498302.0,179257.0,13937.0,2845078.0,157823.0,18027.0,2845673.0,150191.0,18947.0,4633129.0,258834.0,17900.0,3691111.0,196127.0,18820.0,3698788.0,209872.0,17624.0,3019703.0,162717.0,18558.0,0.0,0.0,5523.0,6672.0,0.0,0.0,0.0,0.0,0.0,0.0,0.0,0.0,0.0,0.0,0.0,0.0,2372.0,2647.0,0.0,0.0,0.0,0.0,111.0,697.0,0.0,0.0,0.0,0.0,0.0,0.0,0.0,0.0,0.0,0.0,0.0,0.0,528.0,855.0,0.0,0.0,0.0,0.0,23.0,206.0,0.0,0.0,0.0,0.0,0.0,0.0,0.0,0.0,0.0,0.0,0.0,0.0,237.0,578.0,0.0,0.0,0.0,0.0,1.0,31.0,0.0,0.0,0.0,0.0,0.0,0.0,0.0,0.0,0.0,0.0,0.0,0.0,37.0,94.0,0.0,0.0
Indre By,1999,50.0,35.0,,17.0,,,,,,,0.0,0.0,,0.0,40.0,38.0,,,,,,,,,,,,14.0,,,52.0,34.0,112.0,143.0,195.0,156.0,115.0,101.0,,,59.0,72.0,,,,,344.0,351.0,489.0,326.0,384.0,271.0,309.0,266.0,164.0,267.0,1693.0,1713.0,1029.0,1007.0,4705.0,4898.0,3947.0,3340.0,2332.0,2197.0,2534.0,2704.0,2416.0,3675.0,,,,,,,,,,,,,,,,,,,,,,,,,,,,,,,2802380.0,156191.0,17942.0,2451959.0,129603.0,18919.0,3811794.0,259765.0,14674.0,2628924.0,187245.0,14040.0,2958764.0,164011.0,18040.0,2974747.0,156442.0,19015.0,4849056.0,271488.0,17861.0,3849441.0,203955.0,18874.0,3921336.0,223795.0,17522.0,3150493.0,169673.0,18568.0,0.0,0.0,5535.0,6620.0,0.0,0.0,0.0,0.0,0.0,0.0,0.0,0.0,0.0,0.0,0.0,0.0,2456.0,2671.0,0.0,0.0,0.0,0.0,118.0,688.0,0.0,0.0,0.0,0.0,0.0,0.0,0.0,0.0,0.0,0.0,0.0,0.0,513.0,868.0,0.0,0.0,0.0,0.0,22.0,202.0,0.0,0.0,0.0,0.0,0.0,0.0,0.0,0.0,0.0,0.0,0.0,0.0,253.0,625.0,0.0,0.0,0.0,0.0,0.0,25.0,0.0,0.0,0.0,0.0,0.0,0.0,0.0,0.0,0.0,0.0,0.0,0.0,43.0,108.0,0.0,0.0
Indre By,2000,54.0,37.0,,,,23.0,0.0,3.0,,,0.0,0.0,,0.0,36.0,35.0,,,,34.0,20.0,16.0,,,9.0,3.0,,13.0,13.0,22.0,65.0,38.0,120.0,142.0,203.0,174.0,106.0,115.0,84.0,64.0,57.0,72.0,21.0,23.0,38.0,45.0,313.0,347.0,468.0,338.0,366.0,280.0,320.0,280.0,182.0,266.0,1820.0,1775.0,1040.0,1030.0,4516.0,4817.0,4049.0,3442.0,2310.0,2178.0,2559.0,2752.0,2459.0,3656.0,,,,,,,,,,,,,,,,,,,,,,,,,,,,,,,3037540.0,169269.0,17945.0,2628783.0,138693.0,18954.0,4084441.0,277363.0,14726.0,2819051.0,198917.0,14172.0,3180889.0,176324.0,18040.0,3230008.0,169483.0,19058.0,5211771.0,292287.0,17831.0,4099746.0,216906.0,18901.0,4056647.0,234217.0,17320.0,3253159.0,176313.0,18451.0,0.0,0.0,5567.0,6512.0,0.0,0.0,0.0,0.0,0.0,0.0,0.0,0.0,0.0,0.0,0.0,0.0,2417.0,2686.0,0.0,0.0,0.0,0.0,116.0,650.0,0.0,0.0,0.0,0.0,0.0,0.0,0.0,0.0,0.0,0.0,0.0,0.0,559.0,870.0,0.0,0.0,0.0,0.0,24.0,221.0,0.0,0.0,0.0,0.0,0.0,0.0,0.0,0.0,0.0,0.0,0.0,0.0,276.0,675.0,0.0,0.0,0.0,0.0,0.0,28.0,0.0,0.0,0.0,0.0,0.0,0.0,0.0,0.0,0.0,0.0,0.0,0.0,47.0,118.0,0.0,0.0
Indre By,2001,54.0,42.0,30.0,13.0,28.0,30.0,,,,,0.0,0.0,,0.0,34.0,35.0,38.0,27.0,26.0,38.0,,,,,9.0,3.0,,13.0,14.0,16.0,58.0,46.0,131.0,157.0,202.0,180.0,113.0,120.0,91.0,58.0,60.0,73.0,32.0,33.0,42.0,50.0,330.0,375.0,468.0,343.0,347.0,274.0,308.0,297.0,182.0,268.0,1925.0,1822.0,999.0,1043.0,4444.0,4656.0,4078.0,3511.0,2282.0,2104.0,2640.0,2880.0,2511.0,3660.0,,,,,,,,,,,,,,,,,,,,,,,,,,,,,,,3176231.0,177008.0,17944.0,2749875.0,145059.0,18957.0,4231458.0,287132.0,14737.0,2962012.0,207977.0,14242.0,3350567.0,185411.0,18071.0,3344340.0,175547.0,19051.0,5481213.0,307743.0,17811.0,4301125.0,227657.0,18893.0,4245224.0,246228.0,17241.0,3384428.0,184056.0,18388.0,0.0,0.0,5564.0,6416.0,0.0,0.0,0.0,0.0,0.0,0.0,0.0,0.0,0.0,0.0,0.0,0.0,2382.0,2755.0,0.0,0.0,0.0,0.0,120.0,655.0,0.0,0.0,0.0,0.0,0.0,0.0,0.0,0.0,0.0,0.0,0.0,0.0,608.0,871.0,0.0,0.0,0.0,0.0,19.0,239.0,0.0,0.0,0.0,0.0,0.0,0.0,0.0,0.0,0.0,0.0,0.0,0.0,278.0,715.0,0.0,0.0,0.0,0.0,1.0,28.0,0.0,0.0,0.0,0.0,0.0,0.0,0.0,0.0,0.0,0.0,0.0,0.0,41.0,134.0,0.0,0.0
Indre By,2002,68.0,50.0,28.0,16.0,,,5.0,4.0,,,0.0,0.0,,0.0,,,37.0,25.0,,,19.0,15.0,,,,,,11.0,,,34.0,34.0,130.0,183.0,191.0,184.0,122.0,120.0,,,65.0,74.0,29.0,23.0,37.0,46.0,356.0,398.0,481.0,354.0,340.0,265.0,288.0,314.0,195.0,273.0,1948.0,1853.0,1027.0,1047.0,4214.0,4528.0,4206.0,3563.0,2286.0,2123.0,2669.0,2910.0,2559.0,3648.0,,,,,,,,,,,,,,,,,,,,,,,,,,,,,,,3588537.0,198987.0,18034.0,2847626.0,149239.0,19081.0,4356841.0,297253.0,14657.0,3053185.0,213033.0,14332.0,3750973.0,206665.0,18150.0,3484578.0,181772.0,19170.0,6074486.0,339186.0,17909.0,4369488.0,229900.0,19006.0,4313111.0,249818.0,17265.0,3473646.0,187694.0,18507.0,0.0,0.0,5614.25,6413.0,0.0,0.0,0.0,0.0,0.0,0.0,0.0,0.0,0.0,0.0,0.0,0.0,2323.75,2827.75,0.0,0.0,0.0,0.0,120.25,662.75,0.0,0.0,0.0,0.0,0.0,0.0,0.0,0.0,0.0,0.0,0.0,0.0,585.75,849.25,0.0,0.0,0.0,0.0,18.0,244.5,0.0,0.0,0.0,0.0,0.0,0.0,0.0,0.0,0.0,0.0,0.0,0.0,302.0,737.75,0.0,0.0,0.0,0.0,1.25,37.5,0.0,0.0,0.0,0.0,0.0,0.0,0.0,0.0,0.0,0.0,0.0,0.0,47.75,153.5,0.0,0.0
Indre By,2003,61.0,52.0,29.0,25.0,31.0,35.0,10.0,8.0,,4.0,0.0,0.0,,0.0,,,36.0,29.0,27.0,38.0,16.0,21.0,,20.0,8.0,3.0,,,,,32.0,35.0,136.0,183.0,203.0,203.0,135.0,138.0,89.0,67.0,,,28.0,22.0,40.0,53.0,352.0,421.0,471.0,353.0,340.0,245.0,274.0,330.0,207.0,275.0,1991.0,1906.0,1079.0,1097.0,4058.0,4402.0,4260.0,3639.0,2355.0,2108.0,2590.0,2889.0,2703.0,3757.0,,,,,,,,,,,,,,,,,,,,,,,,,,,,,,,3626883.0,199850.0,18148.0,2948767.0,154653.0,19067.0,4449933.0,300448.0,14811.0,3110746.0,216475.0,14370.0,3809488.0,208488.0,18272.0,3597180.0,187588.0,19176.0,6056556.0,335580.0,18048.0,4472581.0,235399.0,19000.0,4419964.0,252974.0,17472.0,3545960.0,192162.0,18453.0,0.0,0.0,5569.25,6353.75,0.0,0.0,0.0,0.0,0.0,0.0,0.0,0.0,0.0,0.0,0.0,0.0,2306.0,2893.0,0.0,0.0,0.0,0.0,123.5,685.25,0.0,0.0,0.0,0.0,0.0,0.0,0.0,0.0,0.0,0.0,0.0,0.0,604.75,862.75,0.0,0.0,0.0,0.0,21.25,248.5,0.0,0.0,0.0,0.0,0.0,0.0,0.0,0.0,0.0,0.0,0.0,0.0,311.25,760.75,0.0,0.0,0.0,0.0,2.75,40.0,0.0,0.0,0.0,0.0,0.0,0.0,0.0,0.0,0.0,0.0,0.0,0.0,55.25,169.25,0.0,0.0
Indre By,2004,50.0,50.0,28.0,29.0,29.0,36.0,12.0,9.0,,3.0,0.0,0.0,,0.0,,,38.0,26.0,35.0,35.0,21.0,27.0,,21.0,9.0,3.0,,,,,31.0,31.0,149.0,188.0,207.0,200.0,136.0,128.0,92.0,88.0,,,23.0,28.0,41.0,61.0,363.0,451.0,473.0,351.0,353.0,250.0,276.0,322.0,219.0,289.0,2010.0,1941.0,1149.0,1140.0,3917.0,4217.0,4286.0,3719.0,2351.0,2143.0,2592.0,2789.0,2810.0,3877.0,,,,,,,,,,,,,,,,,,,,,,,,,,,,,,,3740050.0,207377.0,18035.0,3119596.0,163621.0,19066.0,4639731.0,317095.0,14632.0,3185928.0,222605.0,14312.0,3916847.0,215947.0,18138.0,3830521.0,200079.0,19145.0,6036699.0,337397.0,17892.0,4595555.0,242164.0,18977.0,4530852.0,261536.0,17324.0,3603557.0,195463.0,18436.0,0.0,0.0,5556.0,6366.75,0.0,0.0,0.0,0.0,0.0,0.0,0.0,0.0,0.0,0.0,0.0,0.0,2286.0,2863.0,0.0,0.0,0.0,0.0,125.75,700.25,0.0,0.0,0.0,0.0,0.0,0.0,0.0,0.0,0.0,0.0,0.0,0.0,583.25,871.0,0.0,0.0,0.0,0.0,25.0,270.0,0.0,0.0,0.0,0.0,0.0,0.0,0.0,0.0,0.0,0.0,0.0,0.0,301.25,778.25,0.0,0.0,0.0,0.0,2.5,40.5,0.0,0.0,0.0,0.0,0.0,0.0,0.0,0.0,0.0,0.0,0.0,0.0,61.0,178.75,0.0,0.0
Indre By,2005,61.0,41.0,32.0,27.0,32.0,36.0,15.0,14.0,,3.0,0.0,0.0,,0.0,42.0,43.0,37.0,28.0,33.0,37.0,20.0,28.0,,19.0,7.0,5.0,,9.0,18.0,16.0,31.0,30.0,159.0,207.0,201.0,222.0,160.0,111.0,89.0,98.0,81.0,81.0,26.0,26.0,43.0,46.0,375.0,498.0,469.0,394.0,348.0,253.0,256.0,306.0,250.0,315.0,2033.0,1942.0,1183.0,1225.0,3731.0,4051.0,4213.0,3681.0,2441.0,2191.0,2488.0,2704.0,2984.0,3950.0,,,,,,,,,,,,,,,,,,,,,,,,,,,,,,,3854130.0,214595.0,17960.0,3237969.0,171113.0,18923.0,4722113.0,325596.0,14503.0,3298268.0,229748.0,14356.0,4028600.0,222895.0,18074.0,3964465.0,208678.0,18998.0,6162846.0,345819.0,17821.0,4741637.0,251532.0,18851.0,4616930.0,270296.0,17081.0,3687150.0,202613.0,18198.0,0.0,0.0,5634.25,6366.0,0.0,0.0,0.0,0.0,0.0,0.0,0.0,0.0,0.0,0.0,0.0,0.0,2266.75,2877.5,0.0,0.0,0.0,0.0,130.75,710.5,0.0,0.0,0.0,0.0,0.0,0.0,0.0,0.0,0.0,0.0,0.0,0.0,593.75,869.25,0.0,0.0,0.0,0.0,29.0,269.25,0.0,0.0,0.0,0.0,0.0,0.0,0.0,0.0,0.0,0.0,0.0,0.0,319.0,810.25,0.0,0.0,0.0,0.0,1.5,41.25,0.0,0.0,0.0,0.0,0.0,0.0,0.0,0.0,0.0,0.0,0.0,0.0,60.5,185.0,0.0,0.0
Indre By,2006,60.0,39.0,32.0,27.0,38.0,39.0,,,0.0,,,0.0,,0.0,,,33.0,25.0,42.0,52.0,,,16.0,,,7.0,,,,,25.0,27.0,165.0,230.0,203.0,234.0,160.0,106.0,92.0,98.0,,,35.0,27.0,34.0,62.0,428.0,540.0,516.0,420.0,348.0,261.0,263.0,313.0,260.0,337.0,2045.0,1944.0,1238.0,1242.0,3539.0,3904.0,4109.0,3643.0,2493.0,2242.0,2464.0,2598.0,3107.0,4025.0,,,,,,,,,,,,,,,,,,,,,,,,,,,,,,,4288332.0,235067.0,18243.0,3416892.0,178391.0,19154.0,5042586.0,337771.0,14929.0,3513076.0,240260.0,14622.0,4443510.0,242510.0,18323.0,4249643.0,221232.0,19209.0,6960469.0,383560.0,18147.0,5035118.0,263743.0,19091.0,4935830.0,280095.0,17622.0,3858851.0,208238.0,18531.0,0.0,0.0,5906.0,6446.0,0.0,0.0,0.0,0.0,0.0,0.0,0.0,0.0,0.0,0.0,0.0,0.0,2245.25,2885.5,0.0,0.0,0.0,0.0,142.75,755.75,0.0,0.0,0.0,0.0,0.0,0.0,0.0,0.0,0.0,0.0,0.0,0.0,591.0,879.75,0.0,0.0,0.0,0.0,32.0,295.0,0.0,0.0,0.0,0.0,0.0,0.0,0.0,0.0,0.0,0.0,0.0,0.0,321.5,819.0,0.0,0.0,0.0,0.0,2.5,53.75,0.0,0.0,0.0,0.0,0.0,0.0,0.0,0.0,0.0,0.0,0.0,0.0,66.75,190.0,0.0,0.0
Indre By,2007,61.0,45.0,37.0,32.0,31.0,36.0,,,0.0,,,,,0.0,,,27.0,29.0,39.0,48.0,,,17.0,,,,,,,,25.0,30.0,186.0,268.0,239.0,234.0,167.0,121.0,108.0,103.0,,,38.0,33.0,40.0,54.0,521.0,682.0,538.0,431.0,381.0,262.0,283.0,310.0,274.0,358.0,2089.0,1956.0,1312.0,1365.0,3517.0,3786.0,3997.0,3645.0,2599.0,2295.0,2386.0,2477.0,3272.0,4197.0,,,,,,,,,,,,,,,,,,,,,,,,,,,,,,,4181911.0,229183.0,18247.0,3461445.0,180209.0,19208.0,5313312.0,354860.0,14973.0,3692829.0,250820.0,14723.0,4333671.0,236477.0,18326.0,4311663.0,223808.0,19265.0,7075677.0,390167.0,18135.0,5276868.0,275483.0,19155.0,5024615.0,288904.0,17392.0,3948575.0,214282.0,18427.0,0.0,0.0,5895.5,6354.0,0.0,0.0,0.0,0.0,0.0,0.0,0.0,0.0,0.0,0.0,0.0,0.0,2240.5,2944.5,0.0,0.0,0.0,0.0,145.5,776.25,0.0,0.0,0.0,0.0,0.0,0.0,0.0,0.0,0.0,0.0,0.0,0.0,582.0,893.0,0.0,0.0,0.0,0.0,33.5,296.0,0.0,0.0,0.0,0.0,0.0,0.0,0.0,0.0,0.0,0.0,0.0,0.0,319.5,854.75,0.0,0.0,0.0,0.0,4.25,63.75,0.0,0.0,0.0,0.0,0.0,0.0,0.0,0.0,0.0,0.0,0.0,0.0,63.0,207.75,0.0,0.0
Indre By,2008,58.0,46.0,38.0,32.0,36.0,35.0,,,,,,,,0.0,51.0,41.0,,,33.0,36.0,,,,,,,,,,,25.0,36.0,195.0,309.0,254.0,258.0,166.0,132.0,114.0,103.0,,,,,,,512.0,724.0,560.0,465.0,386.0,266.0,290.0,302.0,282.0,378.0,2164.0,1958.0,1340.0,1408.0,3476.0,3719.0,3816.0,3532.0,2671.0,2367.0,2290.0,2363.0,3406.0,4349.0,1241.0,681.0,423.0,208.0,235.0,352.0,226.0,121.0,72.0,66.0,256.0,120.0,73.0,41.0,53.0,149.0,82.0,61.0,20.0,32.0,209.0,126.0,77.0,39.0,45.0,275.0,127.0,91.0,36.0,39.0,4120674.0,223743.0,18417.0,3512958.0,181090.0,19399.0,5471053.0,365346.0,14975.0,3870636.0,260684.0,14848.0,4336573.0,234447.0,18497.0,4281014.0,219979.0,19461.0,7110313.0,388797.0,18288.0,5470303.0,283127.0,19321.0,5209480.0,296820.0,17551.0,4123635.0,221725.0,18598.0,0.0,0.0,5765.0,6385.5,0.0,0.0,0.0,0.0,0.0,0.0,0.0,0.0,0.0,0.0,0.0,0.0,2222.25,2913.75,0.0,0.0,0.0,0.0,142.5,747.0,0.0,0.0,0.0,0.0,0.0,0.0,0.0,0.0,0.0,0.0,0.0,0.0,578.0,860.75,0.0,0.0,0.0,0.0,32.25,301.5,0.0,0.0,0.0,0.0,0.0,0.0,0.0,0.0,0.0,0.0,0.0,0.0,325.5,902.0,0.0,0.0,0.0,0.0,8.0,59.75,0.0,0.0,0.0,0.0,0.0,0.0,0.0,0.0,0.0,0.0,0.0,0.0,63.25,216.75,0.0,0.0
Indre By,2009,55.0,43.0,44.0,33.0,40.0,51.0,,38.0,,,,,,0.0,,,27.0,33.0,36.0,41.0,,35.0,,,,,13.0,,,,29.0,34.0,216.0,348.0,288.0,287.0,168.0,138.0,122.0,101.0,,,43.0,36.0,30.0,57.0,599.0,819.0,599.0,482.0,392.0,268.0,300.0,298.0,304.0,394.0,2169.0,2002.0,1369.0,1482.0,3523.0,3725.0,3781.0,3517.0,2683.0,2377.0,2218.0,2306.0,3491.0,4453.0,1199.0,831.0,561.0,360.0,414.0,318.0,233.0,175.0,125.0,115.0,209.0,153.0,111.0,66.0,106.0,205.0,101.0,73.0,40.0,55.0,219.0,173.0,104.0,71.0,82.0,248.0,171.0,98.0,58.0,56.0,4268467.0,227348.0,18775.0,3661856.0,184812.0,19814.0,5499668.0,361060.0,15232.0,3996264.0,263693.0,15155.0,4492613.0,238145.0,18865.0,4470311.0,224650.0,19899.0,7013007.0,376073.0,18648.0,5526820.0,279981.0,19740.0,5109900.0,285805.0,17879.0,4213295.0,221787.0,18997.0,0.0,0.0,5710.5,6305.0,0.0,0.0,0.0,0.0,0.0,0.0,0.0,0.0,0.0,0.0,0.0,0.0,2250.5,2882.5,0.0,0.0,0.0,0.0,147.0,740.25,0.0,0.0,0.0,0.0,0.0,0.0,0.0,0.0,0.0,0.0,0.0,0.0,593.0,852.5,0.0,0.0,0.0,0.0,32.75,323.5,0.0,0.0,0.0,0.0,0.0,0.0,0.0,0.0,0.0,0.0,0.0,0.0,334.0,921.0,0.0,0.0,0.0,0.0,5.75,57.5,0.0,0.0,0.0,0.0,0.0,0.0,0.0,0.0,0.0,0.0,0.0,0.0,63.0,217.0,0.0,0.0
Indre By,2010,49.0,49.0,43.0,40.0,44.0,49.0,,,,,,,,0.0,61.0,49.0,24.0,31.0,39.0,42.0,,,,,,,,10.0,22.0,21.0,27.0,32.0,249.0,359.0,294.0,329.0,166.0,158.0,110.0,111.0,111.0,95.0,42.0,41.0,39.0,49.0,664.0,899.0,621.0,509.0,430.0,282.0,319.0,298.0,304.0,399.0,2178.0,2114.0,1431.0,1507.0,3769.0,3924.0,3785.0,3496.0,2693.0,2443.0,2115.0,2221.0,3585.0,4525.0,1206.0,870.0,572.0,406.0,562.0,339.0,265.0,179.0,122.0,180.0,211.0,123.0,100.0,75.0,112.0,168.0,131.0,78.0,45.0,61.0,219.0,182.0,111.0,79.0,120.0,269.0,169.0,104.0,85.0,89.0,4789915.0,243848.0,19643.0,3828886.0,184917.0,20706.0,5793087.0,378930.0,15288.0,4179113.0,271583.0,15388.0,5003574.0,254079.0,19693.0,4764105.0,229739.0,20737.0,7503587.0,383051.0,19589.0,5666176.0,273900.0,20687.0,5640898.0,312671.0,18041.0,4597830.0,237958.0,19322.0,0.0,0.0,5580.0,6228.5,0.0,0.0,0.0,0.0,0.0,0.0,0.0,0.0,0.0,0.0,0.0,0.0,2297.25,2901.0,0.0,0.0,0.0,0.0,154.0,722.25,0.0,0.0,0.0,0.0,0.0,0.0,0.0,0.0,0.0,0.0,0.0,0.0,616.25,849.25,0.0,0.0,0.0,0.0,33.5,345.75,0.0,0.0,0.0,0.0,0.0,0.0,0.0,0.0,0.0,0.0,0.0,0.0,344.75,928.5,0.0,0.0,0.0,0.0,3.5,58.5,0.0,0.0,0.0,0.0,0.0,0.0,0.0,0.0,0.0,0.0,0.0,0.0,56.25,224.5,0.0,0.0
Indre By,2011,49.0,43.0,44.0,42.0,41.0,42.0,,47.0,5.0,3.0,,3.0,,0.0,68.0,51.0,30.0,32.0,37.0,41.0,,43.0,20.0,12.0,,12.0,,12.0,22.0,20.0,29.0,30.0,232.0,373.0,330.0,341.0,173.0,159.0,121.0,114.0,114.0,102.0,44.0,38.0,26.0,56.0,780.0,963.0,663.0,561.0,442.0,268.0,319.0,278.0,315.0,421.0,2213.0,2090.0,1515.0,1572.0,3941.0,4189.0,3746.0,3445.0,2707.0,2490.0,2053.0,2183.0,3667.0,4572.0,1358.0,850.0,565.0,416.0,558.0,350.0,277.0,164.0,139.0,187.0,206.0,128.0,88.0,72.0,101.0,206.0,116.0,63.0,49.0,54.0,259.0,159.0,120.0,69.0,100.0,337.0,170.0,130.0,87.0,116.0,5177905.0,258533.0,20028.0,4282990.0,202860.0,21113.0,6216064.0,394070.0,15774.0,4349601.0,273749.0,15889.0,5410514.0,269542.0,20073.0,5310890.0,251225.0,21140.0,8056100.0,403128.0,19984.0,6127906.0,290450.0,21098.0,6053671.0,324890.0,18633.0,4708087.0,236659.0,19894.0,0.0,0.0,5571.0,6177.5,0.0,0.0,0.0,0.0,0.0,0.0,0.0,0.0,0.0,0.0,0.0,0.0,2371.75,2877.0,0.0,0.0,0.0,0.0,147.75,718.25,0.0,0.0,0.0,0.0,0.0,0.0,0.0,0.0,0.0,0.0,0.0,0.0,644.0,879.75,0.0,0.0,0.0,0.0,39.5,351.25,0.0,0.0,0.0,0.0,0.0,0.0,0.0,0.0,0.0,0.0,0.0,0.0,357.75,935.25,0.0,0.0,0.0,0.0,2.5,59.5,0.0,0.0,0.0,0.0,0.0,0.0,0.0,0.0,0.0,0.0,0.0,0.0,58.0,232.0,0.0,0.0
Indre By,2012,46.0,49.0,46.0,44.0,48.0,48.0,,45.0,,,,,,0.0,64.0,57.0,29.0,27.0,59.0,84.0,,40.0,,,,,,12.0,18.0,25.0,32.0,36.0,222.0,361.0,329.0,363.0,189.0,163.0,119.0,120.0,116.0,106.0,41.0,48.0,41.0,70.0,780.0,1036.0,658.0,595.0,447.0,307.0,308.0,274.0,332.0,445.0,2273.0,2076.0,1582.0,1632.0,4159.0,4429.0,3780.0,3407.0,2778.0,2568.0,2067.0,2161.0,3745.0,4651.0,1250.0,807.0,598.0,428.0,614.0,366.0,252.0,198.0,173.0,202.0,163.0,120.0,99.0,62.0,104.0,152.0,94.0,66.0,41.0,66.0,218.0,161.0,109.0,81.0,123.0,351.0,180.0,126.0,71.0,119.0,5375935.0,264018.0,20362.0,4502945.0,208036.0,21645.0,6473330.0,403047.0,16061.0,4540110.0,280513.0,16185.0,5620231.0,275475.0,20402.0,5602346.0,258387.0,21682.0,8303433.0,408613.0,20321.0,6432493.0,297236.0,21641.0,6171976.0,324704.0,19008.0,4942115.0,242000.0,20422.0,0.0,0.0,5501.0,6107.5,0.0,0.0,0.0,0.0,0.0,0.0,0.0,0.0,0.0,0.0,0.0,0.0,2507.5,2899.5,0.0,0.0,0.0,0.0,157.0,755.25,0.0,0.0,0.0,0.0,0.0,0.0,0.0,0.0,0.0,0.0,0.0,0.0,672.0,879.25,0.0,0.0,0.0,0.0,40.75,340.75,0.0,0.0,0.0,0.0,0.0,0.0,0.0,0.0,0.0,0.0,0.0,0.0,366.0,971.75,0.0,0.0,0.0,0.0,3.0,60.0,0.0,0.0,0.0,0.0,0.0,0.0,0.0,0.0,0.0,0.0,0.0,0.0,55.0,247.75,0.0,0.0
Indre By,2013,50.0,41.0,47.0,38.0,70.0,65.0,,,,,,,,0.0,68.0,61.0,27.0,24.0,42.0,56.0,,,,,,,,10.0,24.0,26.0,31.0,31.0,198.0,379.0,339.0,352.0,196.0,169.0,120.0,135.0,120.0,110.0,55.0,47.0,45.0,67.0,776.0,990.0,696.0,615.0,473.0,316.0,336.0,268.0,350.0,457.0,2301.0,2095.0,1630.0,1730.0,4230.0,4619.0,3754.0,3336.0,2833.0,2652.0,2094.0,2166.0,3794.0,4732.0,1340.0,869.0,612.0,402.0,536.0,396.0,305.0,220.0,141.0,177.0,190.0,129.0,71.0,75.0,102.0,178.0,97.0,66.0,36.0,63.0,235.0,148.0,112.0,69.0,107.0,341.0,190.0,143.0,81.0,87.0,5742879.0,275914.0,20814.0,4682266.0,214527.0,21826.0,6873976.0,418354.0,16431.0,4716327.0,287651.0,16396.0,5983230.0,286965.0,20850.0,5873647.0,268657.0,21863.0,8791148.0,423425.0,20762.0,6632801.0,304076.0,21813.0,6453190.0,333378.0,19357.0,5108194.0,248067.0,20592.0,0.0,0.0,5442.75,6084.0,0.0,0.0,0.0,0.0,0.0,0.0,0.0,0.0,0.0,0.0,0.0,0.0,2522.25,2876.0,0.0,0.0,0.0,0.0,179.75,746.0,0.0,0.0,0.0,0.0,0.0,0.0,0.0,0.0,0.0,0.0,0.0,0.0,678.25,912.0,0.0,0.0,0.0,0.0,41.5,357.25,0.0,0.0,0.0,0.0,0.0,0.0,0.0,0.0,0.0,0.0,0.0,0.0,378.5,1008.5,0.0,0.0,0.0,0.0,1.75,62.5,0.0,0.0,0.0,0.0,0.0,0.0,0.0,0.0,0.0,0.0,0.0,0.0,57.25,251.0,0.0,0.0
Indre By,2014,51.0,43.0,50.0,32.0,71.0,70.0,45.0,29.0,14.0,8.0,,3.0,,0.0,72.0,55.0,28.0,25.0,42.0,45.0,26.0,35.0,13.0,21.0,,14.0,,10.0,33.0,26.0,28.0,30.0,210.0,363.0,343.0,379.0,210.0,176.0,121.0,125.0,124.0,116.0,55.0,45.0,61.0,72.0,815.0,1025.0,727.0,682.0,496.0,331.0,344.0,277.0,359.0,475.0,2300.0,2104.0,1694.0,1746.0,4422.0,4727.0,3575.0,3211.0,2921.0,2716.0,2118.0,2197.0,3875.0,4744.0,1235.0,835.0,563.0,401.0,463.0,432.0,340.0,205.0,153.0,164.0,115.0,70.0,62.0,49.0,77.0,124.0,73.0,41.0,43.0,54.0,201.0,165.0,102.0,66.0,77.0,363.0,187.0,153.0,90.0,91.0,6184777.0,294205.0,21022.0,4958517.0,223770.0,22159.0,7261677.0,436137.0,16650.0,4969453.0,298000.0,16676.0,6425869.0,305252.0,21051.0,6289642.0,283381.0,22195.0,9409202.0,448805.0,20965.0,6996072.0,316007.0,22139.0,6784485.0,345724.0,19624.0,5296890.0,252425.0,20984.0,0.0,0.0,5441.5,6072.75,0.0,0.0,0.0,0.0,0.0,0.0,0.0,0.0,0.0,0.0,0.0,0.0,2541.0,2873.25,0.0,0.0,0.0,0.0,178.75,767.0,0.0,0.0,0.0,0.0,0.0,0.0,0.0,0.0,0.0,0.0,0.0,0.0,683.5,921.75,0.0,0.0,0.0,0.0,45.75,374.0,0.0,0.0,0.0,0.0,0.0,0.0,0.0,0.0,0.0,0.0,0.0,0.0,388.0,1019.0,0.0,0.0,0.0,0.0,3.75,61.0,0.0,0.0,0.0,0.0,0.0,0.0,0.0,0.0,0.0,0.0,0.0,0.0,60.25,254.0,0.0,0.0
Indre By,2015,45.0,43.0,46.0,32.0,97.0,82.0,46.0,31.0,,10.0,,3.0,,0.0,72.0,61.0,27.0,26.0,52.0,48.0,22.0,31.0,,24.0,,13.0,,13.0,36.0,25.0,21.0,26.0,207.0,332.0,332.0,408.0,169.0,186.0,126.0,112.0,127.0,130.0,63.0,62.0,58.0,64.0,786.0,1035.0,759.0,707.0,467.0,321.0,327.0,288.0,365.0,457.0,2308.0,2115.0,1806.0,1828.0,4473.0,4772.0,3414.0,3133.0,3026.0,2808.0,2270.0,2320.0,3951.0,4827.0,1416.0,852.0,561.0,351.0,331.0,470.0,362.0,211.0,123.0,116.0,120.0,80.0,61.0,52.0,46.0,128.0,58.0,51.0,32.0,40.0,219.0,147.0,100.0,67.0,57.0,479.0,205.0,138.0,77.0,72.0,6683139.0,310916.0,21495.0,5222013.0,229802.0,22724.0,7750383.0,454435.0,17055.0,5239487.0,305706.0,17139.0,6914386.0,320928.0,21545.0,6693774.0,294077.0,22762.0,10200767.0,475782.0,21440.0,7391852.0,325489.0,22710.0,7038922.0,350335.0,20092.0,5508599.0,256775.0,21453.0,0.0,0.0,5387.25,6077.5,0.0,0.0,0.0,0.0,0.0,0.0,0.0,0.0,0.0,0.0,0.0,0.0,2605.0,2948.75,0.0,0.0,0.0,0.0,192.25,793.25,0.0,0.0,0.0,0.0,0.0,0.0,0.0,0.0,0.0,0.0,0.0,0.0,714.75,927.75,0.0,0.0,0.0,0.0,48.75,386.25,0.0,0.0,0.0,0.0,0.0,0.0,0.0,0.0,0.0,0.0,0.0,0.0,420.0,1045.25,0.0,0.0,0.0,0.0,7.25,55.0,0.0,0.0,0.0,0.0,0.0,0.0,0.0,0.0,0.0,0.0,0.0,0.0,62.0,255.25,0.0,0.0
Indre By,2016,54.0,46.0,42.0,39.0,98.0,90.0,43.0,37.0,15.0,11.0,,,,,87.0,73.0,34.0,28.0,45.0,53.0,24.0,30.0,12.0,23.0,,,,,32.0,26.0,18.0,15.0,237.0,339.0,348.0,399.0,186.0,210.0,128.0,114.0,140.0,137.0,73.0,77.0,56.0,74.0,926.0,1358.0,831.0,772.0,513.0,346.0,345.0,289.0,384.0,487.0,2349.0,2095.0,1849.0,1843.0,4604.0,4916.0,3366.0,3074.0,3042.0,2839.0,2378.0,2471.0,4037.0,4916.0,1408.0,866.0,508.0,279.0,316.0,567.0,384.0,209.0,111.0,122.0,108.0,82.0,45.0,25.0,41.0,99.0,61.0,38.0,32.0,29.0,231.0,156.0,87.0,48.0,57.0,403.0,183.0,129.0,63.0,67.0,7124773.0,323339.0,22035.0,5444699.0,234534.0,23215.0,8476771.0,483972.0,17515.0,5505465.0,314006.0,17533.0,7386567.0,334431.0,22087.0,7033595.0,302468.0,23254.0,10779522.0,490804.0,21963.0,7688336.0,331580.0,23187.0,7416898.0,363948.0,20379.0,5792305.0,266386.0,21744.0,0.0,0.0,5334.25,6181.25,0.0,0.0,0.0,0.0,0.0,0.0,0.0,0.0,0.0,0.0,0.0,0.0,2672.0,2990.0,0.0,0.0,0.0,0.0,214.25,794.75,0.0,0.0,0.0,0.0,0.0,0.0,0.0,0.0,0.0,0.0,0.0,0.0,775.0,961.0,0.0,0.0,0.0,0.0,44.75,387.75,0.0,0.0,0.0,0.0,0.0,0.0,0.0,0.0,0.0,0.0,0.0,0.0,423.5,1078.25,0.0,0.0,0.0,0.0,5.0,47.25,0.0,0.0,0.0,0.0,0.0,0.0,0.0,0.0,0.0,0.0,0.0,0.0,66.5,260.25,0.0,0.0
Indre By,2017,57.0,45.0,50.0,47.0,117.0,101.0,40.0,43.0,,,,,,,89.0,71.0,34.0,26.0,43.0,55.0,20.0,25.0,,,,,,,36.0,27.0,27.0,21.0,261.0,404.0,377.0,459.0,208.0,237.0,142.0,126.0,147.0,150.0,82.0,64.0,77.0,90.0,1069.0,1390.0,861.0,803.0,569.0,375.0,390.0,304.0,378.0,490.0,2388.0,2163.0,1944.0,1886.0,4615.0,4992.0,3276.0,3062.0,3020.0,2770.0,2551.0,2561.0,4106.0,5004.0,1463.0,827.0,539.0,311.0,310.0,653.0,369.0,230.0,142.0,132.0,105.0,67.0,37.0,30.0,30.0,84.0,72.0,37.0,20.0,30.0,244.0,120.0,95.0,52.0,63.0,377.0,199.0,140.0,67.0,55.0,7389780.0,331365.0,22301.0,5677501.0,242121.0,23449.0,8686658.0,494318.0,17573.0,5725292.0,322879.0,17732.0,7655928.0,342578.0,22348.0,7357738.0,313069.0,23502.0,11251132.0,506260.0,22224.0,8013740.0,342263.0,23414.0,7818028.0,383105.0,20407.0,5998187.0,274869.0,21822.0,0.0,0.0,5482.25,6285.0,0.0,0.0,0.0,0.0,0.0,0.0,0.0,0.0,0.0,0.0,0.0,0.0,2695.75,2995.0,0.0,0.0,0.0,0.0,211.0,798.75,0.0,0.0,0.0,0.0,0.0,0.0,0.0,0.0,0.0,0.0,0.0,0.0,791.5,986.0,0.0,0.0,0.0,0.0,53.75,379.0,0.0,0.0,0.0,0.0,0.0,0.0,0.0,0.0,0.0,0.0,0.0,0.0,435.75,1117.0,0.0,0.0,0.0,0.0,2.75,48.5,0.0,0.0,0.0,0.0,0.0,0.0,0.0,0.0,0.0,0.0,0.0,0.0,71.25,268.25,0.0,0.0
Indre By,2018,58.0,45.0,41.0,52.0,119.0,91.0,49.0,46.0,,19.0,,,,,89.0,69.0,38.0,31.0,52.0,58.0,24.0,25.0,,24.0,,,,,38.0,27.0,28.0,18.0,261.0,434.0,397.0,500.0,218.0,231.0,145.0,133.0,152.0,156.0,88.0,81.0,98.0,94.0,1208.0,1688.0,912.0,848.0,575.0,395.0,409.0,292.0,405.0,496.0,2310.0,2143.0,1997.0,1906.0,4550.0,4995.0,3149.0,2910.0,2923.0,2704.0,2641.0,2673.0,4186.0,5033.0,1207.0,843.0,481.0,294.0,266.0,552.0,368.0,163.0,125.0,106.0,71.0,72.0,54.0,23.0,24.0,74.0,61.0,42.0,32.0,18.0,200.0,121.0,80.0,43.0,54.0,310.0,221.0,142.0,71.0,64.0,7725684.0,340894.0,22663.0,5884842.0,247086.0,23817.0,9102597.0,509835.0,17854.0,6005763.0,335517.0,17900.0,8038350.0,353879.0,22715.0,7580583.0,317525.0,23874.0,11728078.0,519125.0,22592.0,8268308.0,347598.0,23787.0,8036494.0,390178.0,20597.0,6066722.0,276615.0,21932.0,0.0,0.0,5499.0,6267.25,0.0,0.0,0.0,0.0,0.0,0.0,0.0,0.0,0.0,0.0,0.0,0.0,2703.5,3016.25,0.0,0.0,0.0,0.0,215.5,800.75,0.0,0.0,0.0,0.0,0.0,0.0,0.0,0.0,0.0,0.0,0.0,0.0,812.0,1004.5,0.0,0.0,0.0,0.0,50.75,376.75,0.0,0.0,0.0,0.0,0.0,0.0,0.0,0.0,0.0,0.0,0.0,0.0,453.75,1107.25,0.0,0.0,0.0,0.0,4.75,47.0,0.0,0.0,0.0,0.0,0.0,0.0,0.0,0.0,0.0,0.0,0.0,0.0,80.5,268.25,0.0,0.0
Indre By,2019,52.0,36.0,35.0,46.0,127.0,102.0,55.0,57.0,,22.0,3.0,,,,87.0,71.0,41.0,29.0,42.0,53.0,23.0,22.0,,27.0,16.0,,,,35.0,31.0,29.0,25.0,304.0,440.0,422.0,535.0,222.0,254.0,148.0,146.0,159.0,169.0,96.0,92.0,87.0,97.0,1272.0,1592.0,990.0,900.0,583.0,433.0,402.0,283.0,432.0,502.0,2293.0,2128.0,2065.0,1942.0,4616.0,5069.0,3072.0,2866.0,2863.0,2717.0,2769.0,2723.0,4240.0,5085.0,1203.0,797.0,508.0,316.0,244.0,484.0,360.0,231.0,144.0,111.0,81.0,59.0,37.0,24.0,23.0,77.0,54.0,31.0,25.0,21.0,190.0,113.0,75.0,44.0,38.0,371.0,211.0,134.0,79.0,51.0,8192875.0,360904.0,22701.0,6175002.0,259639.0,23783.0,9359582.0,517934.0,18071.0,6189665.0,344617.0,17961.0,8463631.0,371652.0,22773.0,8092921.0,339425.0,23843.0,12514491.0,552541.0,22649.0,8728181.0,367348.0,23760.0,8220104.0,393683.0,20880.0,6315928.0,285466.0,22125.0,0.0,0.0,5473.75,6267.0,0.0,0.0,0.0,0.0,0.0,0.0,0.0,0.0,0.0,0.0,0.0,0.0,2694.75,3056.25,0.0,0.0,0.0,0.0,224.0,807.0,0.0,0.0,0.0,0.0,0.0,0.0,0.0,0.0,0.0,0.0,0.0,0.0,795.75,986.0,0.0,0.0,0.0,0.0,46.75,365.5,0.0,0.0,0.0,0.0,0.0,0.0,0.0,0.0,0.0,0.0,0.0,0.0,467.75,1136.25,0.0,0.0,0.0,0.0,4.25,53.25,0.0,0.0,0.0,0.0,0.0,0.0,0.0,0.0,0.0,0.0,0.0,0.0,79.5,266.5,0.0,0.0
Indre By,2020,54.0,39.0,36.0,45.0,125.0,105.0,60.0,57.0,,,,,,,109.0,90.0,41.0,32.0,44.0,45.0,21.0,22.0,,,,,,,37.0,27.0,27.0,28.0,348.0,403.0,413.0,572.0,222.0,250.0,159.0,165.0,151.0,175.0,80.0,76.0,85.0,120.0,1158.0,1450.0,964.0,885.0,549.0,447.0,418.0,291.0,442.0,505.0,2252.0,2044.0,2056.0,1962.0,4644.0,5071.0,3001.0,2722.0,2837.0,2679.0,2860.0,2816.0,4268.0,5105.0,1193.0,871.0,649.0,423.0,476.0,472.0,366.0,271.0,168.0,207.0,104.0,50.0,59.0,41.0,49.0,100.0,67.0,44.0,43.0,47.0,193.0,156.0,107.0,57.0,67.0,324.0,232.0,168.0,114.0,106.0,8644121.0,377703.0,22886.0,6375452.0,263950.0,24154.0,9654177.0,535659.0,18023.0,6421741.0,355204.0,18079.0,8899210.0,387326.0,22976.0,8435689.0,347907.0,24247.0,13206377.0,577682.0,22861.0,8992209.0,372410.0,24146.0,8756547.0,415258.0,21087.0,6544139.0,292084.0,22405.0,0.0,0.0,5523.75,6324.5,0.0,0.0,0.0,0.0,0.0,0.0,0.0,0.0,0.0,0.0,0.0,0.0,2742.75,3091.75,0.0,0.0,0.0,0.0,217.0,793.5,0.0,0.0,0.0,0.0,0.0,0.0,0.0,0.0,0.0,0.0,0.0,0.0,746.5,1015.0,0.0,0.0,0.0,0.0,41.75,369.5,0.0,0.0,0.0,0.0,0.0,0.0,0.0,0.0,0.0,0.0,0.0,0.0,480.5,1155.5,0.0,0.0,0.0,0.0,5.0,56.25,0.0,0.0,0.0,0.0,0.0,0.0,0.0,0.0,0.0,0.0,0.0,0.0,83.75,272.0,0.0,0.0
Indre By,2021,56.0,40.0,36.0,43.0,121.0,116.0,62.0,57.0,,29.0,,,,,110.0,84.0,41.0,32.0,41.0,44.0,20.0,23.0,,25.0,,,,,34.0,29.0,31.0,35.0,328.0,420.0,464.0,568.0,238.0,286.0,148.0,164.0,163.0,183.0,68.0,67.0,73.0,114.0,1127.0,1505.0,985.0,924.0,546.0,450.0,409.0,304.0,431.0,521.0,2173.0,2014.0,2075.0,1959.0,4755.0,5265.0,2959.0,2641.0,2775.0,2585.0,2910.0,2893.0,4364.0,5203.0,1207.0,818.0,571.0,329.0,358.0,541.0,376.0,221.0,122.0,151.0,85.0,52.0,47.0,31.0,46.0,97.0,59.0,45.0,36.0,42.0,183.0,106.0,92.0,55.0,49.0,301.0,225.0,166.0,85.0,70.0,9377658.0,410760.0,22830.0,6917714.0,285255.0,24251.0,10494948.0,572306.0,18338.0,6933128.0,375311.0,18473.0,9705074.0,422364.0,22978.0,9101069.0,373102.0,24393.0,14165622.0,621326.0,22799.0,9692009.0,399802.0,24242.0,9140561.0,436992.0,20917.0,6907364.0,309525.0,22316.0,0.0,0.0,5504.5,6392.5,0.0,0.0,0.0,0.0,0.0,0.0,0.0,0.0,0.0,0.0,0.0,0.0,2851.5,3121.5,0.0,0.0,0.0,0.0,223.75,791.0,0.0,0.0,0.0,0.0,0.0,0.0,0.0,0.0,0.0,0.0,0.0,0.0,707.5,1010.5,0.0,0.0,0.0,0.0,46.75,347.75,0.0,0.0,0.0,0.0,0.0,0.0,0.0,0.0,0.0,0.0,0.0,0.0,476.5,1159.75,0.0,0.0,0.0,0.0,5.5,61.0,0.0,0.0,0.0,0.0,0.0,0.0,0.0,0.0,0.0,0.0,0.0,0.0,75.0,284.5,0.0,0.0
Indre By,2022,56.0,41.0,37.0,43.0,119.0,114.0,79.0,66.0,35.0,,,4.0,,,123.0,87.0,42.0,36.0,32.0,46.0,24.0,24.0,14.0,,,12.0,,,53.0,31.0,37.0,32.0,301.0,395.0,494.0,564.0,262.0,308.0,161.0,173.0,176.0,189.0,61.0,67.0,96.0,108.0,1123.0,1630.0,1004.0,948.0,519.0,454.0,435.0,322.0,438.0,526.0,2054.0,1936.0,2059.0,1985.0,4838.0,5263.0,2806.0,2503.0,2593.0,2500.0,3012.0,2986.0,4407.0,5230.0,1306.0,830.0,422.0,216.0,153.0,624.0,375.0,185.0,82.0,57.0,88.0,74.0,33.0,18.0,20.0,89.0,54.0,33.0,21.0,15.0,169.0,102.0,46.0,42.0,26.0,336.0,225.0,125.0,53.0,35.0,9205198.0,401360.0,22935.0,6883373.0,281805.0,24426.0,10833045.0,583457.0,18567.0,7210570.0,386564.0,18653.0,9502413.0,412915.0,23013.0,9125866.0,372591.0,24493.0,14116660.0,616125.0,22912.0,9764309.0,399865.0,24419.0,9183321.0,440722.0,20837.0,6791195.0,303558.0,22372.0,0.0,0.0,5542.25,6553.75,0.0,0.0,0.0,0.0,0.0,0.0,0.0,0.0,0.0,0.0,0.0,0.0,2818.0,3113.25,0.0,0.0,0.0,0.0,218.25,788.25,0.0,0.0,0.0,0.0,0.0,0.0,0.0,0.0,0.0,0.0,0.0,0.0,738.0,1008.25,0.0,0.0,0.0,0.0,59.75,355.25,0.0,0.0,0.0,0.0,0.0,0.0,0.0,0.0,0.0,0.0,0.0,0.0,468.75,1138.0,0.0,0.0,0.0,0.0,4.5,54.0,0.0,0.0,0.0,0.0,0.0,0.0,0.0,0.0,0.0,0.0,0.0,0.0,73.0,296.5,0.0,0.0
Indre By,2023,54.0,39.0,32.0,44.0,129.0,130.0,73.0,66.0,35.0,,,7.0,,,126.0,92.0,45.0,30.0,28.0,45.0,23.0,26.0,16.0,,,18.0,,,73.0,58.0,71.0,62.0,310.0,436.0,513.0,607.0,282.0,359.0,162.0,195.0,187.0,225.0,59.0,65.0,79.0,100.0,1109.0,1646.0,1062.0,982.0,527.0,492.0,447.0,329.0,432.0,527.0,1997.0,1835.0,2017.0,1979.0,4834.0,5292.0,2798.0,2515.0,2436.0,2311.0,3078.0,3008.0,4458.0,5314.0,1236.0,820.0,466.0,250.0,199.0,567.0,351.0,179.0,101.0,83.0,75.0,54.0,35.0,20.0,19.0,74.0,62.0,42.0,26.0,20.0,153.0,122.0,64.0,41.0,30.0,367.0,231.0,146.0,62.0,47.0,9551290.0,422773.0,22592.0,7314996.0,304082.0,24056.0,11083841.0,590257.0,18778.0,7552097.0,398023.0,18974.0,9952557.0,438613.0,22691.0,9595776.0,396815.0,24182.0,14748128.0,654629.0,22529.0,10540325.0,438997.0,24010.0,9498604.0,442516.0,21465.0,7203955.0,313365.0,22989.0,0.0,0.0,5528.25,6566.75,0.0,0.0,0.0,0.0,0.0,0.0,0.0,0.0,0.0,0.0,0.0,0.0,2874.0,3113.75,0.0,0.0,0.0,0.0,233.5,752.25,0.0,0.0,0.0,0.0,0.0,0.0,0.0,0.0,0.0,0.0,0.0,0.0,728.0,1020.25,0.0,0.0,0.0,0.0,57.5,356.5,0.0,0.0,0.0,0.0,0.0,0.0,0.0,0.0,0.0,0.0,0.0,0.0,476.25,1135.25,0.0,0.0,0.0,0.0,3.75,51.25,0.0,0.0,0.0,0.0,0.0,0.0,0.0,0.0,0.0,0.0,0.0,0.0,61.25,282.5,0.0,0.0
Indre By,2024,61.0,49.0,39.0,46.0,136.0,134.0,77.0,68.0,,,9.0,10.0,,,110.0,99.0,47.0,30.0,31.0,49.0,22.0,31.0,,,13.0,22.0,,,61.0,55.0,82.0,63.0,283.0,423.0,533.0,595.0,274.0,366.0,165.0,218.0,203.0,227.0,73.0,61.0,81.0,95.0,1155.0,1705.0,1071.0,1023.0,537.0,505.0,454.0,319.0,442.0,531.0,1918.0,1775.0,2034.0,1955.0,4801.0,5306.0,2880.0,2558.0,2273.0,2192.0,3126.0,3027.0,4561.0,5416.0,,,,,,,,,,,,,,,,,,,,,,,,,,,,,,,10426573.0,454436.0,22944.0,8103271.0,329683.0,24579.0,11615838.0,613070.0,18947.0,7962310.0,413971.0,19234.0,10807466.0,469257.0,23031.0,10671914.0,432517.0,24674.0,15954162.0,696993.0,22890.0,11648287.0,474685.0,24539.0,10104295.0,462037.0,21869.0,7941931.0,337366.0,23541.0,0.0,0.0,5545.0,6593.0,0.0,0.0,0.0,0.0,0.0,0.0,0.0,0.0,0.0,0.0,0.0,0.0,2994.25,3175.0,0.0,0.0,0.0,0.0,238.25,756.5,0.0,0.0,0.0,0.0,0.0,0.0,0.0,0.0,0.0,0.0,0.0,0.0,713.0,1042.75,0.0,0.0,0.0,0.0,57.25,356.5,0.0,0.0,0.0,0.0,0.0,0.0,0.0,0.0,0.0,0.0,0.0,0.0,474.5,1136.75,0.0,0.0,0.0,0.0,6.0,49.0,0.0,0.0,0.0,0.0,0.0,0.0,0.0,0.0,0.0,0.0,0.0,0.0,61.5,282.25,0.0,0.0
Indre By,2025,55.0,55.0,39.0,45.0,132.0,129.0,90.0,58.0,40.0,39.0,,,,,116.0,108.0,46.0,32.0,37.0,47.0,22.0,35.0,16.0,19.0,,,,,56.0,52.0,93.0,58.0,288.0,390.0,509.0,597.0,299.0,390.0,178.0,236.0,213.0,255.0,81.0,61.0,82.0,97.0,1157.0,1728.0,1062.0,1061.0,559.0,518.0,446.0,341.0,455.0,548.0,1929.0,1832.0,1977.0,1886.0,4751.0,5291.0,3023.0,2744.0,2080.0,2047.0,3174.0,3037.0,4689.0,5555.0,,,,,,,,,,,,,,,,,,,,,,,,,,,,,,,,,,,,,,,,,,,,,,,,,,,,,,,,,,,,,,,,,,,,,,,,,,,,,,,,,,,,,,,,,,,,,,,,,,,,,,,,,,,,,,,,,,,,,,,,,,,,,,,,,,,,,,,,,,,,
Nørrebro,1986,609.0,558.0,131.0,140.0,5.0,3.0,0.0,3.0,0.0,0.0,0.0,0.0,0.0,0.0,56.0,43.0,27.0,20.0,40.0,33.0,18.0,20.0,,,,,7.0,9.0,122.0,115.0,325.0,241.0,603.0,492.0,654.0,480.0,456.0,202.0,179.0,102.0,59.0,62.0,18.0,21.0,36.0,39.0,297.0,314.0,367.0,293.0,,,,,174.0,461.0,1950.0,1826.0,1949.0,2145.0,7799.0,8322.0,4474.0,3544.0,2670.0,2312.0,2204.0,2216.0,5136.0,8801.0,,,,,,,,,,,,,,,,,,,,,,,,,,,,,,,,,,,,,,,,,,,,,,,,,,,,,,,,,,,,,,,,,,,,,,,,,,,,,,,,,,,,,,,,,,,,,,,,,,,,,,,,,,,,,,,,,,,,,,,,,,,,,,,,,,,,,,,,,,,,
Nørrebro,1987,608.0,577.0,175.0,169.0,5.0,,0.0,,0.0,0.0,0.0,0.0,0.0,0.0,62.0,47.0,24.0,24.0,33.0,,24.0,,,,,,6.0,11.0,135.0,124.0,307.0,261.0,653.0,490.0,669.0,517.0,477.0,222.0,191.0,105.0,73.0,75.0,19.0,20.0,36.0,41.0,298.0,306.0,381.0,291.0,,,,,169.0,443.0,1921.0,1757.0,1725.0,1996.0,7871.0,8570.0,4482.0,3578.0,2783.0,2389.0,2091.0,2088.0,4945.0,8473.0,,,,,,,,,,,,,,,,,,,,,,,,,,,,,,,2039937.0,76721.0,26589.0,1957756.0,66987.0,29226.0,2463058.0,127712.0,19286.0,1859525.0,104280.0,17832.0,2171295.0,81249.0,26724.0,2235191.0,75751.0,29507.0,3325747.0,125155.0,26573.0,2915120.0,99829.0,29201.0,2755055.0,107636.0,25596.0,2441131.0,86722.0,28149.0,,,,,,,,,,,,,,,,,,,,,,,,,,,,,,,,,,,,,,,,,,,,,,,,,,,,,,,,,,,,,,,,,,,,,,,,,,,,,,,,
Nørrebro,1988,655.0,631.0,227.0,208.0,7.0,,0.0,,0.0,0.0,0.0,0.0,0.0,0.0,73.0,51.0,30.0,22.0,36.0,,28.0,,,,,,5.0,14.0,133.0,103.0,338.0,280.0,836.0,586.0,729.0,528.0,529.0,242.0,210.0,112.0,82.0,83.0,24.0,21.0,38.0,44.0,294.0,311.0,374.0,308.0,,,,,157.0,424.0,1994.0,1902.0,1701.0,1937.0,8247.0,9141.0,4552.0,3805.0,2912.0,2492.0,2066.0,2033.0,4742.0,8169.0,,,,,,,,,,,,,,,,,,,,,,,,,,,,,,,2165985.0,80109.0,27038.0,2093891.0,71085.0,29456.0,2604261.0,134629.0,19344.0,1989653.0,110047.0,18080.0,2309010.0,85090.0,27136.0,2376772.0,79994.0,29712.0,3554586.0,132229.0,26882.0,3142859.0,106973.0,29380.0,2948086.0,113528.0,25968.0,2613467.0,92231.0,28336.0,,,,,,,,,,,,,,,,,,,,,,,,,,,,,,,,,,,,,,,,,,,,,,,,,,,,,,,,,,,,,,,,,,,,,,,,,,,,,,,,
Nørrebro,1989,698.0,685.0,268.0,230.0,,,,,,0.0,0.0,0.0,0.0,0.0,70.0,60.0,,,,,,,,6.0,,,5.0,12.0,127.0,121.0,346.0,271.0,865.0,639.0,714.0,554.0,560.0,279.0,227.0,126.0,88.0,85.0,20.0,27.0,,,310.0,333.0,357.0,287.0,241.0,200.0,,,153.0,406.0,2071.0,1948.0,1649.0,1922.0,8489.0,9318.0,4670.0,3954.0,2997.0,2504.0,2013.0,1970.0,4528.0,7878.0,,,,,,,,,,,,,,,,,,,,,,,,,,,,,,,2232364.0,82634.0,27015.0,2195303.0,74478.0,29476.0,2597874.0,137643.0,18874.0,2051814.0,114377.0,17939.0,2389222.0,88127.0,27111.0,2483575.0,83498.0,29744.0,3637824.0,135846.0,26779.0,3286039.0,111911.0,29363.0,3013116.0,117852.0,25567.0,2733854.0,97152.0,28140.0,,,,,,,,,,,,,,,,,,,,,,,,,,,,,,,,,,,,,,,,,,,,,,,,,,,,,,,,,,,,,,,,,,,,,,,,,,,,,,,,
Nørrebro,1990,704.0,691.0,308.0,275.0,,,,,0.0,0.0,0.0,0.0,0.0,0.0,65.0,59.0,,,,,,,9.0,8.0,7.0,3.0,,,,,316.0,266.0,914.0,687.0,772.0,593.0,570.0,305.0,256.0,136.0,,,,,,,328.0,308.0,342.0,291.0,249.0,212.0,111.0,95.0,150.0,391.0,2127.0,1999.0,1601.0,1826.0,8502.0,9588.0,4707.0,4027.0,3037.0,2586.0,1978.0,1927.0,4328.0,7506.0,,,,,,,,,,,,,,,,,,,,,,,,,,,,,,,2286891.0,84866.0,26947.0,2257231.0,76962.0,29329.0,2619794.0,140201.0,18686.0,2121701.0,117885.0,17998.0,2447938.0,90487.0,27053.0,2548055.0,86068.0,29605.0,3713909.0,138537.0,26808.0,3377647.0,115550.0,29231.0,3057349.0,119488.0,25587.0,2792570.0,99710.0,28007.0,,,,,,,,,,,,,,,,,,,,,,,,,,,,,,,,,,,,,,,,,,,,,,,,,,,,,,,,,,,,,,,,,,,,,,,,,,,,,,,,
Nørrebro,1991,709.0,687.0,354.0,338.0,,,,,0.0,0.0,0.0,0.0,,,66.0,72.0,,,,,,,9.0,7.0,,,,,143.0,151.0,317.0,285.0,947.0,726.0,844.0,621.0,565.0,340.0,285.0,153.0,110.0,112.0,14.0,24.0,,,333.0,304.0,360.0,292.0,247.0,221.0,,,154.0,366.0,2194.0,2030.0,1582.0,1825.0,8558.0,9572.0,4691.0,4102.0,3028.0,2591.0,1953.0,1843.0,4116.0,7174.0,,,,,,,,,,,,,,,,,,,,,,,,,,,,,,,2358744.0,86268.0,27342.0,2299162.0,78187.0,29406.0,2659878.0,141070.0,18855.0,2151040.0,118737.0,18116.0,2513796.0,91567.0,27453.0,2599077.0,87526.0,29695.0,3859430.0,141340.0,27306.0,3480911.0,118624.0,29344.0,3158375.0,121964.0,25896.0,2864892.0,102740.0,27885.0,,,,,,,,,,,,,,,,,,,,,,,,,,,,,,,,,,,,,,,,,,,,,,,,,,,,,,,,,,,,,,,,,,,,,,,,,,,,,,,,
Nørrebro,1992,783.0,740.0,400.0,392.0,22.0,19.0,4.0,,0.0,0.0,0.0,0.0,0.0,,80.0,83.0,,,36.0,36.0,23.0,,8.0,7.0,,,5.0,,175.0,168.0,331.0,331.0,1026.0,835.0,1031.0,671.0,580.0,369.0,306.0,177.0,127.0,127.0,19.0,27.0,,,326.0,341.0,391.0,293.0,258.0,213.0,,,149.0,345.0,2261.0,2161.0,1537.0,1681.0,8689.0,9838.0,4862.0,4187.0,3028.0,2625.0,1928.0,1778.0,3909.0,6788.0,,,,,,,,,,,,,,,,,,,,,,,,,,,,,,,2444610.0,88882.0,27504.0,2361578.0,80149.0,29465.0,2671926.0,142313.0,18775.0,2164882.0,120011.0,18039.0,2599180.0,94057.0,27634.0,2671875.0,89711.0,29783.0,3955885.0,143955.0,27480.0,3567058.0,121312.0,29404.0,3222041.0,124466.0,25887.0,2930282.0,105763.0,27706.0,,,,,,,,,,,,,,,,,,,,,,,,,,,,,,,,,,,,,,,,,,,,,,,,,,,,,,,,,,,,,,,,,,,,,,,,,,,,,,,,
Nørrebro,1993,926.0,827.0,423.0,426.0,34.0,36.0,4.0,,0.0,,0.0,0.0,0.0,0.0,72.0,90.0,35.0,27.0,37.0,32.0,19.0,,10.0,,4.0,3.0,6.0,11.0,194.0,178.0,339.0,347.0,1107.0,977.0,1118.0,702.0,604.0,411.0,317.0,199.0,156.0,150.0,22.0,36.0,30.0,39.0,321.0,325.0,379.0,285.0,262.0,224.0,128.0,103.0,137.0,323.0,2289.0,2213.0,1505.0,1568.0,8740.0,9970.0,4952.0,4351.0,3011.0,2585.0,1933.0,1756.0,3691.0,6448.0,,,,,,,,,,,,,,,,,,,,,,,,,,,,,,,2486450.0,89718.0,27714.0,2391928.0,81505.0,29347.0,2604610.0,139837.0,18626.0,2135462.0,118802.0,17975.0,2634204.0,94640.0,27834.0,2706849.0,91195.0,29682.0,3963315.0,143189.0,27679.0,3579817.0,122245.0,29284.0,3209413.0,124768.0,25723.0,2934990.0,107297.0,27354.0,,,,,,,,,,,,,,,,,,,,,,,,,,,,,,,,,,,,,,,,,,,,,,,,,,,,,,,,,,,,,,,,,,,,,,,,,,,,,,,,
Nørrebro,1994,1064.0,968.0,426.0,432.0,60.0,66.0,3.0,,0.0,,0.0,0.0,0.0,,77.0,104.0,32.0,24.0,42.0,37.0,17.0,,9.0,,3.0,3.0,6.0,,227.0,215.0,362.0,391.0,1096.0,1093.0,1284.0,799.0,617.0,434.0,352.0,220.0,186.0,187.0,28.0,33.0,35.0,45.0,340.0,363.0,404.0,300.0,245.0,231.0,134.0,107.0,133.0,303.0,2262.0,2217.0,1455.0,1516.0,8694.0,9823.0,5040.0,4401.0,2980.0,2585.0,1923.0,1764.0,3579.0,6105.0,,,,,,,,,,,,,,,,,,,,,,,,,,,,,,,2601890.0,93234.0,27907.0,2590721.0,87619.0,29568.0,2735357.0,142415.0,19207.0,2220210.0,120742.0,18388.0,2798471.0,99849.0,28027.0,2872228.0,96299.0,29826.0,4216603.0,151328.0,27864.0,3972695.0,134649.0,29504.0,3617113.0,130794.0,27655.0,3401478.0,116373.0,29229.0,,,,,,,,,,,,,,,,,,,,,,,,,,,,,,,,,,,,,,,,,,,,,,,,,,,,,,,,,,,,,,,,,,,,,,,,,,,,,,,,
Nørrebro,1995,1212.0,1130.0,419.0,425.0,,,,5.0,0.0,,0.0,0.0,0.0,,82.0,116.0,,,,,,15.0,11.0,,,,8.0,,227.0,210.0,385.0,402.0,1068.0,1169.0,1415.0,886.0,642.0,465.0,377.0,235.0,210.0,207.0,26.0,34.0,,,333.0,366.0,418.0,316.0,253.0,221.0,,,137.0,284.0,2305.0,2232.0,1353.0,1478.0,8767.0,9953.0,5131.0,4444.0,2937.0,2563.0,2003.0,1799.0,3346.0,5789.0,,,,,,,,,,,,,,,,,,,,,,,,,,,,,,,2732279.0,96821.0,28220.0,2691027.0,91129.0,29530.0,2894211.0,147951.0,19562.0,2287250.0,125577.0,18214.0,2940050.0,103592.0,28381.0,2980110.0,100162.0,29753.0,4394142.0,156042.0,28160.0,4090131.0,138724.0,29484.0,3730133.0,134419.0,27750.0,3464013.0,119190.0,29063.0,,,,,,,,,,,,,,,,,,,,,,,,,,,,,,,,,,,,,,,,,,,,,,,,,,,,,,,,,,,,,,,,,,,,,,,,,,,,,,,,
Nørrebro,1996,1395.0,1311.0,428.0,431.0,109.0,121.0,3.0,5.0,0.0,,0.0,0.0,0.0,,81.0,113.0,,,43.0,45.0,22.0,24.0,15.0,,,,7.0,,223.0,231.0,451.0,429.0,1064.0,1258.0,1554.0,967.0,675.0,523.0,404.0,261.0,229.0,221.0,28.0,29.0,,,349.0,409.0,433.0,288.0,272.0,237.0,,,130.0,272.0,2266.0,2230.0,1247.0,1365.0,9088.0,9974.0,5313.0,4574.0,2857.0,2497.0,2039.0,1843.0,3224.0,5486.0,,,,,,,,,,,,,,,,,,,,,,,,,,,,,,,2882260.0,100277.0,28743.0,2820562.0,94580.0,29822.0,3101980.0,150911.0,20555.0,2418441.0,129529.0,18671.0,3100302.0,107281.0,28899.0,3113054.0,103630.0,30040.0,4604533.0,160588.0,28673.0,4264610.0,143204.0,29780.0,3911964.0,138295.0,28287.0,3599251.0,122498.0,29382.0,,,,,,,,,,,,,,,,,,,,,,,,,,,,,,,,,,,,,,,,,,,,,,,,,,,,,,,,,,,,,,,,,,,,,,,,,,,,,,,,
Nørrebro,1997,1567.0,1432.0,440.0,430.0,144.0,151.0,4.0,,0.0,,0.0,0.0,0.0,,78.0,113.0,33.0,37.0,48.0,53.0,21.0,,19.0,,3.0,3.0,7.0,,221.0,201.0,480.0,461.0,1065.0,1296.0,1646.0,1068.0,736.0,566.0,430.0,284.0,258.0,242.0,27.0,31.0,38.0,47.0,403.0,465.0,454.0,293.0,291.0,225.0,141.0,122.0,132.0,267.0,2262.0,2271.0,1164.0,1330.0,9289.0,10041.0,5411.0,4736.0,2814.0,2451.0,2087.0,1902.0,3104.0,5252.0,,,,,,,,,,,,,,,,,,,,,,,,,,,,,,,2988242.0,103679.0,28822.0,2904460.0,96616.0,30062.0,3329331.0,159093.0,20927.0,2563627.0,133314.0,19230.0,3202836.0,110523.0,28979.0,3219992.0,106334.0,30282.0,4785215.0,166390.0,28759.0,4380296.0,145864.0,30030.0,3998724.0,141483.0,28263.0,3644154.0,123259.0,29565.0,,,,,,,,,,,,,,,,,,,,,,,,,,,,,,,,,,,,,,,,,,,,,,,,,,,,,,,,,,,,,,,,,,,,,,,,,,,,,,,,
Nørrebro,1998,1697.0,1569.0,468.0,467.0,153.0,182.0,,,0.0,,,0.0,0.0,,81.0,117.0,35.0,29.0,54.0,62.0,,,17.0,,,3.0,5.0,,227.0,187.0,521.0,487.0,1015.0,1315.0,1727.0,1186.0,795.0,612.0,446.0,312.0,289.0,264.0,24.0,28.0,40.0,46.0,362.0,493.0,466.0,301.0,275.0,223.0,154.0,137.0,133.0,268.0,2324.0,2213.0,1119.0,1235.0,9365.0,10240.0,5433.0,4806.0,2733.0,2412.0,2113.0,1947.0,2963.0,4959.0,,,,,,,,,,,,,,,,,,,,,,,,,,,,,,,3197830.0,109342.0,29246.0,3069592.0,101307.0,30300.0,3680757.0,168602.0,21831.0,2795274.0,140255.0,19930.0,3413523.0,116296.0,29352.0,3408159.0,111688.0,30515.0,5109770.0,174962.0,29205.0,4604643.0,152199.0,30254.0,4262124.0,147163.0,28962.0,3806489.0,127197.0,29926.0,0.0,0.0,10715.0,11598.0,0.0,0.0,0.0,0.0,0.0,0.0,0.0,0.0,0.0,0.0,0.0,0.0,4242.0,2551.0,0.0,0.0,0.0,0.0,148.0,1384.0,0.0,0.0,0.0,0.0,0.0,0.0,0.0,0.0,0.0,0.0,0.0,0.0,867.0,1119.0,0.0,0.0,0.0,0.0,22.0,647.0,0.0,0.0,0.0,0.0,0.0,0.0,0.0,0.0,0.0,0.0,0.0,0.0,302.0,1031.0,0.0,0.0,0.0,0.0,7.0,138.0,0.0,0.0,0.0,0.0,0.0,0.0,0.0,0.0,0.0,0.0,0.0,0.0,56.0,459.0,0.0,0.0
Nørrebro,1999,1803.0,1675.0,540.0,517.0,190.0,195.0,,,0.0,,,0.0,0.0,,76.0,105.0,30.0,32.0,58.0,58.0,,,20.0,,,3.0,5.0,,204.0,181.0,539.0,490.0,987.0,1368.0,1779.0,1284.0,873.0,657.0,502.0,335.0,319.0,289.0,25.0,22.0,36.0,53.0,384.0,503.0,469.0,329.0,262.0,203.0,178.0,148.0,131.0,250.0,2281.0,2194.0,1085.0,1213.0,9556.0,10411.0,5587.0,4911.0,2679.0,2381.0,2137.0,1967.0,2846.0,4726.0,,,,,,,,,,,,,,,,,,,,,,,,,,,,,,,3367554.0,114773.0,29341.0,3199855.0,105027.0,30467.0,4000158.0,180041.0,22218.0,2989890.0,147024.0,20336.0,3583998.0,121599.0,29474.0,3568200.0,116323.0,30675.0,5400673.0,184355.0,29295.0,4798123.0,157760.0,30414.0,4499355.0,155225.0,28986.0,3970604.0,132085.0,30061.0,0.0,0.0,10701.0,11541.0,0.0,0.0,0.0,0.0,0.0,0.0,0.0,0.0,0.0,0.0,0.0,0.0,4293.0,2511.0,0.0,0.0,0.0,0.0,158.0,1355.0,0.0,0.0,0.0,0.0,0.0,0.0,0.0,0.0,0.0,0.0,0.0,0.0,843.0,1143.0,0.0,0.0,0.0,0.0,28.0,622.0,0.0,0.0,0.0,0.0,0.0,0.0,0.0,0.0,0.0,0.0,0.0,0.0,319.0,1032.0,0.0,0.0,0.0,0.0,6.0,159.0,0.0,0.0,0.0,0.0,0.0,0.0,0.0,0.0,0.0,0.0,0.0,0.0,61.0,495.0,0.0,0.0
Nørrebro,2000,1857.0,1740.0,588.0,561.0,234.0,234.0,,,0.0,,0.0,0.0,,,73.0,96.0,28.0,37.0,61.0,61.0,,,18.0,,5.0,5.0,,,193.0,172.0,538.0,503.0,886.0,1325.0,1726.0,1376.0,954.0,685.0,509.0,363.0,335.0,305.0,23.0,25.0,43.0,57.0,414.0,497.0,452.0,336.0,250.0,197.0,175.0,162.0,128.0,242.0,2311.0,2305.0,1097.0,1149.0,9632.0,10483.0,5673.0,4994.0,2630.0,2371.0,2208.0,2023.0,2771.0,4515.0,,,,,,,,,,,,,,,,,,,,,,,,,,,,,,,3541310.0,120559.0,29374.0,3364260.0,109807.0,30638.0,4280459.0,191083.0,22401.0,3201436.0,153841.0,20810.0,3769991.0,127710.0,29520.0,3757102.0,121759.0,30857.0,5680210.0,193877.0,29298.0,5042240.0,164844.0,30588.0,4680616.0,162640.0,28779.0,4137709.0,137224.0,30153.0,0.0,0.0,10719.0,11400.0,0.0,0.0,0.0,0.0,0.0,0.0,0.0,0.0,0.0,0.0,0.0,0.0,4364.0,2496.0,0.0,0.0,0.0,0.0,166.0,1284.0,0.0,0.0,0.0,0.0,0.0,0.0,0.0,0.0,0.0,0.0,0.0,0.0,899.0,1182.0,0.0,0.0,0.0,0.0,30.0,600.0,0.0,0.0,0.0,0.0,0.0,0.0,0.0,0.0,0.0,0.0,0.0,0.0,356.0,1044.0,0.0,0.0,0.0,0.0,8.0,155.0,0.0,0.0,0.0,0.0,0.0,0.0,0.0,0.0,0.0,0.0,0.0,0.0,62.0,509.0,0.0,0.0
Nørrebro,2001,1914.0,1804.0,629.0,586.0,273.0,276.0,,,0.0,,0.0,0.0,,,81.0,93.0,31.0,40.0,64.0,69.0,,,15.0,,5.0,7.0,,,179.0,174.0,535.0,484.0,823.0,1255.0,1735.0,1504.0,1005.0,696.0,501.0,378.0,370.0,343.0,29.0,23.0,38.0,38.0,395.0,565.0,469.0,329.0,248.0,202.0,176.0,159.0,134.0,229.0,2382.0,2340.0,1062.0,1138.0,9605.0,10550.0,5814.0,5091.0,2620.0,2373.0,2205.0,2084.0,2675.0,4360.0,,,,,,,,,,,,,,,,,,,,,,,,,,,,,,,3675163.0,125236.0,29346.0,3501700.0,114498.0,30583.0,4500731.0,200621.0,22434.0,3393683.0,161897.0,20962.0,3921026.0,132786.0,29529.0,3897598.0,126513.0,30808.0,5924638.0,202663.0,29234.0,5276927.0,172810.0,30536.0,4875169.0,170449.0,28602.0,4313544.0,143814.0,29994.0,0.0,0.0,10583.0,11268.0,0.0,0.0,0.0,0.0,0.0,0.0,0.0,0.0,0.0,0.0,0.0,0.0,4459.0,2432.0,0.0,0.0,0.0,0.0,155.0,1223.0,0.0,0.0,0.0,0.0,0.0,0.0,0.0,0.0,0.0,0.0,0.0,0.0,885.0,1206.0,0.0,0.0,0.0,0.0,25.0,584.0,0.0,0.0,0.0,0.0,0.0,0.0,0.0,0.0,0.0,0.0,0.0,0.0,380.0,1057.0,0.0,0.0,0.0,0.0,6.0,168.0,0.0,0.0,0.0,0.0,0.0,0.0,0.0,0.0,0.0,0.0,0.0,0.0,62.0,535.0,0.0,0.0
Nørrebro,2002,1939.0,1864.0,723.0,654.0,300.0,310.0,,,0.0,,0.0,0.0,,,78.0,101.0,35.0,43.0,65.0,64.0,,,16.0,,7.0,7.0,,,155.0,151.0,511.0,456.0,855.0,1234.0,1729.0,1535.0,1080.0,731.0,521.0,387.0,392.0,366.0,21.0,19.0,31.0,45.0,398.0,590.0,486.0,343.0,250.0,187.0,180.0,167.0,133.0,223.0,2451.0,2380.0,1071.0,1194.0,9274.0,10192.0,6038.0,5317.0,2628.0,2352.0,2238.0,2119.0,2620.0,4212.0,,,,,,,,,,,,,,,,,,,,,,,,,,,,,,,3781359.0,129171.0,29274.0,3628748.0,119308.0,30415.0,4487706.0,202194.0,22195.0,3433726.0,164246.0,20906.0,4032758.0,136931.0,29451.0,4041542.0,131960.0,30627.0,5988825.0,205343.0,29165.0,5397778.0,177751.0,30367.0,4909893.0,172835.0,28408.0,4393246.0,147424.0,29800.0,0.0,0.0,10519.75,10959.0,0.0,0.0,0.0,0.0,0.0,0.0,0.0,0.0,0.0,0.0,0.0,0.0,4445.75,2376.0,0.0,0.0,0.0,0.0,155.75,1226.0,0.0,0.0,0.0,0.0,0.0,0.0,0.0,0.0,0.0,0.0,0.0,0.0,921.0,1168.25,0.0,0.0,0.0,0.0,31.75,572.75,0.0,0.0,0.0,0.0,0.0,0.0,0.0,0.0,0.0,0.0,0.0,0.0,398.5,1118.25,0.0,0.0,0.0,0.0,10.25,192.5,0.0,0.0,0.0,0.0,0.0,0.0,0.0,0.0,0.0,0.0,0.0,0.0,65.0,523.5,0.0,0.0
Nørrebro,2003,1847.0,1828.0,841.0,760.0,306.0,304.0,,,0.0,,0.0,,,,71.0,91.0,42.0,54.0,66.0,66.0,,,15.0,,7.0,,,,131.0,118.0,480.0,418.0,795.0,1108.0,1627.0,1561.0,1114.0,764.0,530.0,421.0,423.0,387.0,16.0,18.0,30.0,36.0,435.0,635.0,492.0,367.0,247.0,182.0,180.0,165.0,137.0,209.0,2585.0,2449.0,1077.0,1224.0,8876.0,9799.0,6427.0,5574.0,2615.0,2422.0,2219.0,2087.0,2625.0,4088.0,,,,,,,,,,,,,,,,,,,,,,,,,,,,,,,3840356.0,132577.0,28967.0,3738570.0,123438.0,30287.0,4472622.0,204491.0,21872.0,3502761.0,166347.0,21057.0,4112069.0,140815.0,29202.0,4145932.0,135816.0,30526.0,6026184.0,208880.0,28850.0,5523857.0,182673.0,30239.0,4948407.0,175912.0,28130.0,4488956.0,151449.0,29640.0,0.0,0.0,10448.5,10836.75,0.0,0.0,0.0,0.0,0.0,0.0,0.0,0.0,0.0,0.0,0.0,0.0,4407.5,2334.0,0.0,0.0,0.0,0.0,160.0,1228.5,0.0,0.0,0.0,0.0,0.0,0.0,0.0,0.0,0.0,0.0,0.0,0.0,937.75,1155.25,0.0,0.0,0.0,0.0,34.25,575.25,0.0,0.0,0.0,0.0,0.0,0.0,0.0,0.0,0.0,0.0,0.0,0.0,403.0,1129.0,0.0,0.0,0.0,0.0,12.0,203.0,0.0,0.0,0.0,0.0,0.0,0.0,0.0,0.0,0.0,0.0,0.0,0.0,66.25,534.75,0.0,0.0
Nørrebro,2004,1789.0,1744.0,957.0,888.0,305.0,297.0,,,0.0,,0.0,,,,65.0,85.0,44.0,56.0,65.0,64.0,,,15.0,,8.0,,,,105.0,101.0,436.0,407.0,723.0,1046.0,1539.0,1568.0,1181.0,811.0,540.0,442.0,441.0,405.0,18.0,21.0,29.0,32.0,456.0,676.0,503.0,350.0,253.0,183.0,182.0,181.0,142.0,199.0,2673.0,2437.0,1127.0,1212.0,8467.0,9533.0,6494.0,5761.0,2719.0,2457.0,2182.0,2091.0,2630.0,3911.0,,,,,,,,,,,,,,,,,,,,,,,,,,,,,,,3999840.0,138211.0,28940.0,3873961.0,128724.0,30095.0,4549135.0,206807.0,21997.0,3592562.0,171221.0,20982.0,4282878.0,146880.0,29159.0,4291446.0,141552.0,30317.0,6105976.0,212094.0,28789.0,5615410.0,186875.0,30049.0,4972064.0,177238.0,28053.0,4536618.0,154076.0,29444.0,0.0,0.0,10409.75,10742.0,0.0,0.0,0.0,0.0,0.0,0.0,0.0,0.0,0.0,0.0,0.0,0.0,4328.0,2296.25,0.0,0.0,0.0,0.0,174.0,1259.25,0.0,0.0,0.0,0.0,0.0,0.0,0.0,0.0,0.0,0.0,0.0,0.0,929.25,1135.75,0.0,0.0,0.0,0.0,31.75,588.0,0.0,0.0,0.0,0.0,0.0,0.0,0.0,0.0,0.0,0.0,0.0,0.0,406.5,1130.25,0.0,0.0,0.0,0.0,13.25,193.75,0.0,0.0,0.0,0.0,0.0,0.0,0.0,0.0,0.0,0.0,0.0,0.0,71.0,540.25,0.0,0.0
Nørrebro,2005,1750.0,1685.0,1048.0,958.0,301.0,307.0,,,,,0.0,,,,67.0,71.0,48.0,61.0,66.0,67.0,,,,,13.0,,,,85.0,95.0,419.0,378.0,724.0,982.0,1409.0,1550.0,1237.0,869.0,559.0,460.0,446.0,411.0,15.0,20.0,36.0,29.0,472.0,703.0,501.0,379.0,246.0,178.0,176.0,189.0,159.0,193.0,2562.0,2436.0,1214.0,1311.0,8155.0,9202.0,6603.0,5814.0,2786.0,2441.0,2152.0,2086.0,2615.0,3822.0,,,,,,,,,,,,,,,,,,,,,,,,,,,,,,,4035392.0,142161.0,28386.0,3939970.0,133531.0,29506.0,4599323.0,211941.0,21701.0,3698204.0,176964.0,20898.0,4335587.0,151462.0,28625.0,4336920.0,146010.0,29703.0,6154344.0,217745.0,28264.0,5710506.0,193866.0,29456.0,4984718.0,181778.0,27422.0,4579559.0,159283.0,28751.0,0.0,0.0,10504.5,10745.0,0.0,0.0,0.0,0.0,0.0,0.0,0.0,0.0,0.0,0.0,0.0,0.0,4262.0,2236.5,0.0,0.0,0.0,0.0,192.5,1272.0,0.0,0.0,0.0,0.0,0.0,0.0,0.0,0.0,0.0,0.0,0.0,0.0,883.5,1123.75,0.0,0.0,0.0,0.0,30.0,589.75,0.0,0.0,0.0,0.0,0.0,0.0,0.0,0.0,0.0,0.0,0.0,0.0,405.5,1133.5,0.0,0.0,0.0,0.0,12.25,201.0,0.0,0.0,0.0,0.0,0.0,0.0,0.0,0.0,0.0,0.0,0.0,0.0,69.25,523.5,0.0,0.0
Nørrebro,2006,1629.0,1521.0,1101.0,1052.0,302.0,304.0,73.0,92.0,,,0.0,,,,72.0,69.0,44.0,61.0,64.0,69.0,38.0,30.0,,,13.0,,,,80.0,72.0,378.0,340.0,707.0,944.0,1311.0,1513.0,1265.0,897.0,575.0,492.0,469.0,430.0,22.0,17.0,33.0,32.0,511.0,818.0,501.0,394.0,253.0,154.0,185.0,191.0,159.0,188.0,2512.0,2364.0,1206.0,1324.0,7831.0,8816.0,6488.0,5694.0,2781.0,2467.0,2148.0,2046.0,2602.0,3750.0,,,,,,,,,,,,,,,,,,,,,,,,,,,,,,,4218470.0,148438.0,28419.0,4045157.0,137989.0,29315.0,4973009.0,225217.0,22081.0,3909162.0,186080.0,21008.0,4522866.0,158242.0,28582.0,4481968.0,152045.0,29478.0,6522750.0,230226.0,28332.0,5912903.0,202006.0,29271.0,5265245.0,189377.0,27803.0,4724493.0,164387.0,28740.0,0.0,0.0,10573.25,10724.5,0.0,0.0,0.0,0.0,0.0,0.0,0.0,0.0,0.0,0.0,0.0,0.0,4131.75,2176.75,0.0,0.0,0.0,0.0,195.25,1264.25,0.0,0.0,0.0,0.0,0.0,0.0,0.0,0.0,0.0,0.0,0.0,0.0,862.0,1048.75,0.0,0.0,0.0,0.0,30.25,604.25,0.0,0.0,0.0,0.0,0.0,0.0,0.0,0.0,0.0,0.0,0.0,0.0,397.0,1107.25,0.0,0.0,0.0,0.0,13.0,207.75,0.0,0.0,0.0,0.0,0.0,0.0,0.0,0.0,0.0,0.0,0.0,0.0,66.0,499.5,0.0,0.0
Nørrebro,2007,1578.0,1489.0,1196.0,1090.0,316.0,315.0,93.0,107.0,,,0.0,,,,71.0,65.0,46.0,59.0,61.0,72.0,45.0,26.0,,,13.0,,,,76.0,60.0,325.0,308.0,731.0,949.0,1192.0,1459.0,1289.0,963.0,606.0,518.0,505.0,457.0,23.0,11.0,27.0,41.0,566.0,871.0,532.0,413.0,269.0,157.0,192.0,185.0,172.0,196.0,2542.0,2362.0,1239.0,1342.0,7620.0,8643.0,6409.0,5574.0,2807.0,2513.0,2110.0,1983.0,2671.0,3712.0,,,,,,,,,,,,,,,,,,,,,,,,,,,,,,,4325156.0,151893.0,28475.0,4138391.0,140465.0,29462.0,5293326.0,234873.0,22537.0,4157292.0,191474.0,21712.0,4640900.0,162065.0,28636.0,4594547.0,155048.0,29633.0,6818590.0,240133.0,28395.0,6167460.0,209635.0,29420.0,5408178.0,195835.0,27616.0,4853544.0,168315.0,28836.0,0.0,0.0,10533.25,10568.0,0.0,0.0,0.0,0.0,0.0,0.0,0.0,0.0,0.0,0.0,0.0,0.0,4063.75,2175.5,0.0,0.0,0.0,0.0,190.0,1251.25,0.0,0.0,0.0,0.0,0.0,0.0,0.0,0.0,0.0,0.0,0.0,0.0,911.75,1039.0,0.0,0.0,0.0,0.0,34.25,590.75,0.0,0.0,0.0,0.0,0.0,0.0,0.0,0.0,0.0,0.0,0.0,0.0,401.0,1108.75,0.0,0.0,0.0,0.0,15.5,213.5,0.0,0.0,0.0,0.0,0.0,0.0,0.0,0.0,0.0,0.0,0.0,0.0,71.0,492.25,0.0,0.0
Nørrebro,2008,1492.0,1394.0,1263.0,1173.0,329.0,342.0,113.0,120.0,,,0.0,3.0,,,71.0,68.0,44.0,54.0,64.0,57.0,55.0,31.0,,,13.0,11.0,,,74.0,56.0,283.0,282.0,742.0,881.0,1156.0,1443.0,1339.0,1009.0,604.0,528.0,532.0,462.0,17.0,11.0,37.0,47.0,677.0,964.0,550.0,433.0,315.0,175.0,189.0,179.0,171.0,203.0,2560.0,2428.0,1274.0,1363.0,7596.0,8709.0,6318.0,5563.0,2886.0,2521.0,2036.0,1912.0,2655.0,3642.0,2765.0,1540.0,887.0,555.0,688.0,516.0,375.0,197.0,90.0,95.0,753.0,482.0,300.0,219.0,322.0,310.0,173.0,97.0,71.0,65.0,626.0,301.0,177.0,112.0,146.0,560.0,209.0,116.0,63.0,60.0,4383397.0,153830.0,28495.0,4284698.0,143738.0,29809.0,5539820.0,247634.0,22371.0,4466504.0,202333.0,22075.0,4727739.0,164862.0,28677.0,4753682.0,158509.0,29990.0,7025403.0,247373.0,28400.0,6471731.0,217435.0,29764.0,5500179.0,198835.0,27662.0,5005544.0,171882.0,29122.0,0.0,0.0,10344.0,10494.5,0.0,0.0,0.0,0.0,0.0,0.0,0.0,0.0,0.0,0.0,0.0,0.0,4115.0,2127.5,0.0,0.0,0.0,0.0,197.75,1216.25,0.0,0.0,0.0,0.0,0.0,0.0,0.0,0.0,0.0,0.0,0.0,0.0,922.0,1045.75,0.0,0.0,0.0,0.0,39.75,558.25,0.0,0.0,0.0,0.0,0.0,0.0,0.0,0.0,0.0,0.0,0.0,0.0,399.5,1116.25,0.0,0.0,0.0,0.0,13.25,233.5,0.0,0.0,0.0,0.0,0.0,0.0,0.0,0.0,0.0,0.0,0.0,0.0,64.5,487.0,0.0,0.0
Nørrebro,2009,1373.0,1300.0,1288.0,1200.0,347.0,354.0,131.0,135.0,,0.0,,4.0,,0.0,69.0,61.0,43.0,52.0,71.0,64.0,54.0,27.0,,13.0,,9.0,,7.0,70.0,46.0,246.0,245.0,789.0,883.0,1094.0,1399.0,1329.0,1052.0,633.0,552.0,584.0,495.0,27.0,19.0,43.0,47.0,781.0,1082.0,576.0,468.0,310.0,196.0,200.0,171.0,182.0,202.0,2608.0,2453.0,1246.0,1388.0,7683.0,8897.0,6153.0,5537.0,2897.0,2526.0,1995.0,1925.0,2628.0,3596.0,2901.0,1741.0,1247.0,815.0,1039.0,568.0,411.0,277.0,166.0,171.0,753.0,502.0,364.0,268.0,419.0,442.0,226.0,140.0,81.0,90.0,563.0,328.0,281.0,199.0,240.0,575.0,274.0,185.0,101.0,119.0,4559927.0,158155.0,28832.0,4519676.0,148909.0,30352.0,5541494.0,247875.0,22356.0,4616815.0,205310.0,22487.0,4926194.0,169705.0,29028.0,4985932.0,163008.0,30587.0,7119276.0,247998.0,28707.0,6700022.0,221327.0,30272.0,5608411.0,199929.0,28052.0,5226586.0,176288.0,29648.0,0.0,0.0,10064.25,10474.75,0.0,0.0,0.0,0.0,0.0,0.0,0.0,0.0,0.0,0.0,0.0,0.0,4182.75,2094.75,0.0,0.0,0.0,0.0,196.25,1177.5,0.0,0.0,0.0,0.0,0.0,0.0,0.0,0.0,0.0,0.0,0.0,0.0,960.75,1100.0,0.0,0.0,0.0,0.0,43.0,572.75,0.0,0.0,0.0,0.0,0.0,0.0,0.0,0.0,0.0,0.0,0.0,0.0,419.75,1097.5,0.0,0.0,0.0,0.0,9.5,231.5,0.0,0.0,0.0,0.0,0.0,0.0,0.0,0.0,0.0,0.0,0.0,0.0,64.25,467.25,0.0,0.0
Nørrebro,2010,1275.0,1172.0,1295.0,1227.0,363.0,381.0,143.0,147.0,,,0.0,,,0.0,74.0,59.0,42.0,54.0,72.0,66.0,58.0,34.0,,,9.0,,,8.0,71.0,50.0,215.0,225.0,757.0,831.0,1026.0,1311.0,1318.0,1088.0,665.0,566.0,584.0,526.0,24.0,22.0,44.0,41.0,844.0,1160.0,609.0,529.0,315.0,194.0,191.0,166.0,190.0,220.0,2687.0,2589.0,1262.0,1406.0,7978.0,9430.0,6202.0,5513.0,2950.0,2524.0,1951.0,1915.0,2624.0,3542.0,2962.0,1963.0,1453.0,970.0,1465.0,621.0,458.0,337.0,239.0,274.0,700.0,508.0,438.0,295.0,488.0,446.0,227.0,152.0,100.0,165.0,536.0,416.0,291.0,204.0,376.0,659.0,354.0,235.0,132.0,162.0,4868970.0,163641.0,29754.0,4788550.0,153239.0,31249.0,5541382.0,247748.0,22367.0,4638069.0,204672.0,22661.0,5252224.0,175677.0,29897.0,5307488.0,169044.0,31397.0,7294741.0,245639.0,29697.0,6888211.0,220479.0,31242.0,5807786.0,205193.0,28304.0,5413325.0,180396.0,30008.0,0.0,0.0,9852.5,10319.5,0.0,0.0,0.0,0.0,0.0,0.0,0.0,0.0,0.0,0.0,0.0,0.0,4219.75,2062.5,0.0,0.0,0.0,0.0,188.5,1170.0,0.0,0.0,0.0,0.0,0.0,0.0,0.0,0.0,0.0,0.0,0.0,0.0,983.5,1103.75,0.0,0.0,0.0,0.0,40.25,569.5,0.0,0.0,0.0,0.0,0.0,0.0,0.0,0.0,0.0,0.0,0.0,0.0,435.0,1119.0,0.0,0.0,0.0,0.0,11.75,237.25,0.0,0.0,0.0,0.0,0.0,0.0,0.0,0.0,0.0,0.0,0.0,0.0,68.25,474.25,0.0,0.0
Nørrebro,2011,1176.0,1069.0,1337.0,1258.0,374.0,360.0,164.0,168.0,,,0.0,,,0.0,88.0,66.0,40.0,54.0,73.0,89.0,62.0,26.0,,,9.0,,,6.0,65.0,60.0,186.0,201.0,752.0,788.0,969.0,1231.0,1272.0,1143.0,706.0,577.0,612.0,561.0,27.0,23.0,36.0,52.0,918.0,1216.0,649.0,606.0,331.0,202.0,194.0,159.0,192.0,229.0,2811.0,2713.0,1231.0,1435.0,8491.0,9920.0,6139.0,5469.0,2994.0,2542.0,1922.0,1878.0,2621.0,3521.0,3102.0,2000.0,1441.0,990.0,1570.0,662.0,496.0,343.0,255.0,376.0,713.0,450.0,335.0,281.0,472.0,431.0,255.0,154.0,80.0,158.0,538.0,398.0,312.0,210.0,375.0,758.0,401.0,297.0,164.0,189.0,5041483.0,166832.0,30219.0,4955034.0,155213.0,31924.0,5744656.0,249075.0,23064.0,4803871.0,205496.0,23377.0,5425570.0,178826.0,30340.0,5541240.0,172931.0,32043.0,7542075.0,249928.0,30177.0,7137220.0,223625.0,31916.0,5996372.0,206593.0,29025.0,5626245.0,182920.0,30758.0,0.0,0.0,9533.75,10104.5,0.0,0.0,0.0,0.0,0.0,0.0,0.0,0.0,0.0,0.0,0.0,0.0,4483.75,2022.75,0.0,0.0,0.0,0.0,202.25,1179.75,0.0,0.0,0.0,0.0,0.0,0.0,0.0,0.0,0.0,0.0,0.0,0.0,1004.0,1066.25,0.0,0.0,0.0,0.0,37.75,597.75,0.0,0.0,0.0,0.0,0.0,0.0,0.0,0.0,0.0,0.0,0.0,0.0,470.75,1175.5,0.0,0.0,0.0,0.0,17.75,221.25,0.0,0.0,0.0,0.0,0.0,0.0,0.0,0.0,0.0,0.0,0.0,0.0,76.75,475.75,0.0,0.0
Nørrebro,2012,1051.0,979.0,1296.0,1251.0,397.0,395.0,187.0,190.0,,,0.0,,,0.0,84.0,80.0,40.0,50.0,75.0,103.0,58.0,27.0,,,10.0,,,6.0,91.0,64.0,166.0,155.0,725.0,744.0,946.0,1171.0,1209.0,1158.0,760.0,595.0,610.0,567.0,27.0,25.0,34.0,44.0,888.0,1270.0,704.0,647.0,343.0,209.0,202.0,150.0,194.0,233.0,2892.0,2888.0,1331.0,1491.0,8825.0,10351.0,6238.0,5580.0,3050.0,2640.0,1918.0,1853.0,2578.0,3451.0,3134.0,2001.0,1535.0,1016.0,1579.0,729.0,523.0,428.0,287.0,398.0,599.0,411.0,313.0,260.0,472.0,411.0,214.0,156.0,89.0,146.0,581.0,431.0,329.0,211.0,355.0,814.0,422.0,309.0,169.0,208.0,5202580.0,168679.0,30843.0,5141132.0,157965.0,32546.0,5976224.0,254502.0,23482.0,5049833.0,210911.0,23943.0,5617978.0,181518.0,30950.0,5737784.0,175661.0,32664.0,7812916.0,253674.0,30799.0,7433986.0,228464.0,32539.0,6254689.0,210539.0,29708.0,5890885.0,187327.0,31447.0,0.0,0.0,9218.0,9863.5,0.0,0.0,0.0,0.0,0.0,0.0,0.0,0.0,0.0,0.0,0.0,0.0,4628.25,1996.25,0.0,0.0,0.0,0.0,208.5,1161.0,0.0,0.0,0.0,0.0,0.0,0.0,0.0,0.0,0.0,0.0,0.0,0.0,1040.5,1090.75,0.0,0.0,0.0,0.0,45.75,599.75,0.0,0.0,0.0,0.0,0.0,0.0,0.0,0.0,0.0,0.0,0.0,0.0,503.75,1221.25,0.0,0.0,0.0,0.0,11.75,199.75,0.0,0.0,0.0,0.0,0.0,0.0,0.0,0.0,0.0,0.0,0.0,0.0,73.25,473.25,0.0,0.0
Nørrebro,2013,955.0,895.0,1275.0,1244.0,469.0,422.0,201.0,195.0,,,0.0,,,,92.0,75.0,39.0,48.0,72.0,96.0,56.0,33.0,,,10.0,,,,95.0,72.0,147.0,147.0,667.0,732.0,1000.0,1120.0,1184.0,1194.0,799.0,607.0,617.0,579.0,22.0,29.0,37.0,41.0,929.0,1332.0,758.0,659.0,366.0,236.0,194.0,142.0,201.0,236.0,2984.0,2963.0,1340.0,1495.0,9156.0,10857.0,6211.0,5650.0,3100.0,2664.0,1895.0,1867.0,2593.0,3369.0,3260.0,2111.0,1586.0,1044.0,1509.0,881.0,615.0,489.0,298.0,378.0,593.0,386.0,317.0,251.0,404.0,351.0,226.0,171.0,90.0,156.0,592.0,412.0,307.0,230.0,357.0,843.0,472.0,302.0,175.0,214.0,5416223.0,172431.0,31411.0,5354400.0,161515.0,33151.0,6161310.0,254410.0,24218.0,5314489.0,215694.0,24639.0,5854549.0,185770.0,31515.0,5994662.0,180274.0,33253.0,8082144.0,257705.0,31362.0,7721714.0,233017.0,33138.0,6374543.0,210708.0,30253.0,6066372.0,189355.0,32037.0,0.0,0.0,8955.75,9609.75,0.0,0.0,0.0,0.0,0.0,0.0,0.0,0.0,0.0,0.0,0.0,0.0,4751.25,1974.0,0.0,0.0,0.0,0.0,204.25,1181.75,0.0,0.0,0.0,0.0,0.0,0.0,0.0,0.0,0.0,0.0,0.0,0.0,1128.5,1106.25,0.0,0.0,0.0,0.0,52.75,590.0,0.0,0.0,0.0,0.0,0.0,0.0,0.0,0.0,0.0,0.0,0.0,0.0,531.0,1235.25,0.0,0.0,0.0,0.0,12.5,192.0,0.0,0.0,0.0,0.0,0.0,0.0,0.0,0.0,0.0,0.0,0.0,0.0,84.0,472.0,0.0,0.0
Nørrebro,2014,885.0,807.0,1236.0,1198.0,509.0,492.0,206.0,205.0,,,,,,,97.0,85.0,39.0,45.0,72.0,96.0,48.0,27.0,,,,,,,87.0,73.0,126.0,119.0,669.0,684.0,1014.0,1073.0,1142.0,1214.0,874.0,643.0,634.0,612.0,27.0,31.0,31.0,38.0,974.0,1316.0,804.0,734.0,355.0,238.0,190.0,139.0,210.0,254.0,3102.0,3098.0,1360.0,1521.0,9331.0,11189.0,6364.0,5857.0,3119.0,2696.0,1912.0,1902.0,2585.0,3251.0,3008.0,1927.0,1412.0,928.0,1273.0,900.0,701.0,499.0,294.0,361.0,349.0,227.0,210.0,175.0,293.0,281.0,160.0,88.0,63.0,120.0,526.0,383.0,249.0,214.0,304.0,952.0,456.0,366.0,182.0,195.0,5630576.0,178301.0,31579.0,5623108.0,166803.0,33711.0,6357758.0,260159.0,24438.0,5574883.0,220290.0,25307.0,6102119.0,192575.0,31687.0,6293634.0,186125.0,33814.0,8346674.0,264755.0,31526.0,8060916.0,239196.0,33700.0,6505418.0,214100.0,30385.0,6288413.0,192660.0,32640.0,0.0,0.0,8702.75,9489.5,0.0,0.0,0.0,0.0,0.0,0.0,0.0,0.0,0.0,0.0,0.0,0.0,4916.25,1942.75,0.0,0.0,0.0,0.0,212.5,1206.5,0.0,0.0,0.0,0.0,0.0,0.0,0.0,0.0,0.0,0.0,0.0,0.0,1206.25,1139.75,0.0,0.0,0.0,0.0,59.0,612.25,0.0,0.0,0.0,0.0,0.0,0.0,0.0,0.0,0.0,0.0,0.0,0.0,546.5,1235.25,0.0,0.0,0.0,0.0,11.5,180.0,0.0,0.0,0.0,0.0,0.0,0.0,0.0,0.0,0.0,0.0,0.0,0.0,92.5,456.0,0.0,0.0
Nørrebro,2015,802.0,712.0,1215.0,1185.0,570.0,531.0,207.0,209.0,,,,,,,102.0,100.0,39.0,43.0,66.0,103.0,50.0,35.0,,,,,,,87.0,59.0,115.0,116.0,632.0,694.0,1042.0,1032.0,1041.0,1209.0,918.0,690.0,674.0,639.0,25.0,32.0,36.0,42.0,1070.0,1407.0,819.0,748.0,377.0,264.0,211.0,137.0,210.0,260.0,3247.0,3201.0,1384.0,1552.0,9403.0,11364.0,6347.0,5991.0,3105.0,2708.0,1970.0,1950.0,2595.0,3263.0,3366.0,2038.0,1412.0,826.0,913.0,1113.0,770.0,534.0,287.0,251.0,323.0,248.0,172.0,162.0,212.0,236.0,149.0,89.0,65.0,86.0,576.0,360.0,268.0,146.0,209.0,1118.0,511.0,349.0,166.0,155.0,5886987.0,184470.0,31913.0,5839715.0,171333.0,34084.0,6723844.0,271013.0,24810.0,5879492.0,228117.0,25774.0,6365349.0,198706.0,32034.0,6586315.0,192554.0,34205.0,8752106.0,274722.0,31858.0,8385719.0,246154.0,34067.0,6775564.0,221496.0,30590.0,6507143.0,197665.0,32920.0,0.0,0.0,8567.25,9451.0,0.0,0.0,0.0,0.0,0.0,0.0,0.0,0.0,0.0,0.0,0.0,0.0,5147.25,1926.75,0.0,0.0,0.0,0.0,234.0,1224.25,0.0,0.0,0.0,0.0,0.0,0.0,0.0,0.0,0.0,0.0,0.0,0.0,1267.5,1167.0,0.0,0.0,0.0,0.0,62.75,616.25,0.0,0.0,0.0,0.0,0.0,0.0,0.0,0.0,0.0,0.0,0.0,0.0,577.0,1234.5,0.0,0.0,0.0,0.0,10.25,179.75,0.0,0.0,0.0,0.0,0.0,0.0,0.0,0.0,0.0,0.0,0.0,0.0,97.25,438.0,0.0,0.0
Nørrebro,2016,750.0,686.0,1134.0,1100.0,628.0,580.0,208.0,204.0,,,,,0.0,,111.0,111.0,42.0,40.0,77.0,115.0,52.0,35.0,,,,,17.0,,78.0,62.0,121.0,105.0,598.0,663.0,1018.0,1015.0,995.0,1193.0,959.0,740.0,703.0,679.0,30.0,31.0,46.0,47.0,1113.0,1469.0,915.0,829.0,385.0,276.0,223.0,136.0,233.0,274.0,3368.0,3327.0,1438.0,1626.0,9273.0,11160.0,6435.0,6254.0,3132.0,2737.0,2039.0,1987.0,2647.0,3250.0,3290.0,2045.0,1353.0,749.0,817.0,1229.0,914.0,577.0,284.0,250.0,296.0,189.0,165.0,122.0,186.0,204.0,123.0,77.0,60.0,79.0,560.0,304.0,210.0,121.0,160.0,1001.0,515.0,324.0,162.0,142.0,6019052.0,188472.0,31936.0,6027409.0,175931.0,34260.0,7028117.0,280698.0,25038.0,6145786.0,234823.0,26172.0,6527363.0,203656.0,32051.0,6806895.0,197990.0,34380.0,8951029.0,281002.0,31854.0,8661298.0,252914.0,34246.0,6967832.0,229235.0,30396.0,6715726.0,203371.0,33022.0,0.0,0.0,8318.5,9406.25,0.0,0.0,0.0,0.0,0.0,0.0,0.0,0.0,0.0,0.0,0.0,0.0,5268.75,1936.75,0.0,0.0,0.0,0.0,238.25,1213.25,0.0,0.0,0.0,0.0,0.0,0.0,0.0,0.0,0.0,0.0,0.0,0.0,1336.5,1196.25,0.0,0.0,0.0,0.0,53.75,614.5,0.0,0.0,0.0,0.0,0.0,0.0,0.0,0.0,0.0,0.0,0.0,0.0,616.25,1269.75,0.0,0.0,0.0,0.0,9.0,175.75,0.0,0.0,0.0,0.0,0.0,0.0,0.0,0.0,0.0,0.0,0.0,0.0,108.25,439.0,0.0,0.0
Nørrebro,2017,679.0,649.0,1087.0,1072.0,686.0,652.0,208.0,207.0,,,,,0.0,,117.0,106.0,44.0,38.0,67.0,100.0,60.0,31.0,,,,,18.0,,66.0,63.0,113.0,92.0,593.0,653.0,994.0,1004.0,917.0,1163.0,970.0,801.0,757.0,720.0,27.0,44.0,48.0,48.0,1118.0,1499.0,953.0,864.0,395.0,290.0,238.0,149.0,227.0,285.0,3515.0,3476.0,1483.0,1599.0,8957.0,10918.0,6515.0,6418.0,3163.0,2792.0,2060.0,2048.0,2668.0,3230.0,3480.0,2129.0,1295.0,791.0,817.0,1525.0,999.0,582.0,335.0,310.0,225.0,189.0,149.0,113.0,155.0,175.0,113.0,86.0,56.0,61.0,504.0,299.0,172.0,135.0,153.0,1051.0,529.0,306.0,152.0,138.0,6258342.0,194141.0,32236.0,6203112.0,179712.0,34517.0,7357262.0,290939.0,25288.0,6414810.0,242517.0,26451.0,6773774.0,209474.0,32337.0,7010477.0,202469.0,34625.0,9316026.0,289759.0,32151.0,8910952.0,258333.0,34494.0,7232226.0,237068.0,30507.0,6898808.0,208392.0,33105.0,0.0,0.0,8317.25,9313.75,0.0,0.0,0.0,0.0,0.0,0.0,0.0,0.0,0.0,0.0,0.0,0.0,5401.75,1904.0,0.0,0.0,0.0,0.0,240.25,1214.25,0.0,0.0,0.0,0.0,0.0,0.0,0.0,0.0,0.0,0.0,0.0,0.0,1401.25,1208.0,0.0,0.0,0.0,0.0,50.75,620.0,0.0,0.0,0.0,0.0,0.0,0.0,0.0,0.0,0.0,0.0,0.0,0.0,638.0,1324.75,0.0,0.0,0.0,0.0,9.25,168.5,0.0,0.0,0.0,0.0,0.0,0.0,0.0,0.0,0.0,0.0,0.0,0.0,107.75,429.25,0.0,0.0
Nørrebro,2018,604.0,604.0,1065.0,1023.0,747.0,688.0,229.0,227.0,,,,0.0,0.0,,123.0,110.0,38.0,41.0,73.0,102.0,57.0,38.0,,,,12.0,17.0,,67.0,57.0,90.0,82.0,554.0,621.0,953.0,985.0,892.0,1149.0,1013.0,858.0,797.0,744.0,22.0,33.0,34.0,38.0,1122.0,1543.0,1015.0,957.0,427.0,299.0,234.0,155.0,238.0,290.0,3629.0,3617.0,1595.0,1664.0,8791.0,10745.0,6582.0,6477.0,3173.0,2849.0,2116.0,2098.0,2697.0,3246.0,3005.0,1920.0,1180.0,719.0,714.0,1201.0,891.0,496.0,312.0,288.0,236.0,159.0,121.0,83.0,116.0,166.0,103.0,72.0,46.0,50.0,481.0,282.0,177.0,110.0,116.0,921.0,485.0,314.0,168.0,144.0,6456798.0,200273.0,32240.0,6483535.0,186593.0,34747.0,7707886.0,302828.0,25453.0,6783585.0,252666.0,26848.0,7019683.0,217139.0,32328.0,7313572.0,209786.0,34862.0,9553115.0,297197.0,32144.0,9266581.0,266848.0,34726.0,7323146.0,240719.0,30422.0,7008717.0,210890.0,33234.0,0.0,0.0,8333.25,9340.0,0.0,0.0,0.0,0.0,0.0,0.0,0.0,0.0,0.0,0.0,0.0,0.0,5338.75,1937.75,0.0,0.0,0.0,0.0,237.25,1212.0,0.0,0.0,0.0,0.0,0.0,0.0,0.0,0.0,0.0,0.0,0.0,0.0,1445.25,1262.0,0.0,0.0,0.0,0.0,54.5,632.25,0.0,0.0,0.0,0.0,0.0,0.0,0.0,0.0,0.0,0.0,0.0,0.0,656.75,1342.0,0.0,0.0,0.0,0.0,10.5,150.0,0.0,0.0,0.0,0.0,0.0,0.0,0.0,0.0,0.0,0.0,0.0,0.0,110.5,438.75,0.0,0.0
Nørrebro,2019,544.0,535.0,1001.0,1007.0,791.0,724.0,255.0,240.0,,,,,0.0,,121.0,109.0,47.0,41.0,78.0,105.0,52.0,45.0,,,,,16.0,,63.0,56.0,95.0,76.0,523.0,602.0,964.0,959.0,863.0,1119.0,1012.0,898.0,842.0,809.0,29.0,29.0,32.0,41.0,1126.0,1505.0,1125.0,1092.0,424.0,304.0,248.0,160.0,239.0,303.0,3715.0,3571.0,1655.0,1780.0,8435.0,10508.0,6559.0,6506.0,3172.0,2908.0,2207.0,2135.0,2719.0,3218.0,2834.0,1884.0,1257.0,709.0,674.0,1181.0,895.0,574.0,319.0,274.0,236.0,146.0,112.0,95.0,110.0,154.0,105.0,63.0,45.0,39.0,396.0,248.0,168.0,88.0,115.0,867.0,490.0,340.0,162.0,136.0,6656540.0,208382.0,31944.0,6690717.0,192395.0,34776.0,7999968.0,312438.0,25605.0,7069291.0,260609.0,27126.0,7230639.0,225668.0,32041.0,7584369.0,217367.0,34892.0,9882556.0,310060.0,31873.0,9582354.0,275704.0,34756.0,7563880.0,249131.0,30361.0,7248585.0,217082.0,33391.0,0.0,0.0,8437.0,9588.0,0.0,0.0,0.0,0.0,0.0,0.0,0.0,0.0,0.0,0.0,0.0,0.0,5269.75,1976.0,0.0,0.0,0.0,0.0,235.0,1215.0,0.0,0.0,0.0,0.0,0.0,0.0,0.0,0.0,0.0,0.0,0.0,0.0,1392.0,1311.0,0.0,0.0,0.0,0.0,51.25,622.0,0.0,0.0,0.0,0.0,0.0,0.0,0.0,0.0,0.0,0.0,0.0,0.0,711.75,1328.75,0.0,0.0,0.0,0.0,12.25,145.5,0.0,0.0,0.0,0.0,0.0,0.0,0.0,0.0,0.0,0.0,0.0,0.0,110.75,439.5,0.0,0.0
Nørrebro,2020,483.0,485.0,942.0,934.0,813.0,769.0,253.0,255.0,105.0,105.0,3.0,,0.0,,127.0,118.0,49.0,51.0,78.0,96.0,45.0,48.0,24.0,13.0,7.0,,14.0,,54.0,52.0,89.0,76.0,503.0,585.0,907.0,936.0,805.0,1043.0,1018.0,961.0,902.0,831.0,31.0,29.0,30.0,42.0,1132.0,1507.0,1155.0,1138.0,436.0,329.0,252.0,167.0,255.0,302.0,3651.0,3579.0,1705.0,1850.0,8229.0,10215.0,6477.0,6601.0,3185.0,2944.0,2206.0,2185.0,2738.0,3277.0,2845.0,1966.0,1455.0,985.0,1088.0,1152.0,862.0,603.0,393.0,434.0,222.0,148.0,142.0,108.0,154.0,231.0,135.0,92.0,75.0,83.0,410.0,269.0,233.0,141.0,172.0,830.0,552.0,385.0,268.0,245.0,6928135.0,219203.0,31606.0,7043657.0,203556.0,34603.0,8240438.0,328933.0,25052.0,7475443.0,278073.0,26883.0,7557359.0,237997.0,31754.0,7970551.0,229421.0,34742.0,10253977.0,324812.0,31569.0,10120921.0,292546.0,34596.0,7805355.0,259564.0,30071.0,7639912.0,229689.0,33262.0,0.0,0.0,8437.0,9699.5,0.0,0.0,0.0,0.0,0.0,0.0,0.0,0.0,0.0,0.0,0.0,0.0,5374.75,2000.25,0.0,0.0,0.0,0.0,239.5,1247.0,0.0,0.0,0.0,0.0,0.0,0.0,0.0,0.0,0.0,0.0,0.0,0.0,1412.75,1308.75,0.0,0.0,0.0,0.0,56.25,617.5,0.0,0.0,0.0,0.0,0.0,0.0,0.0,0.0,0.0,0.0,0.0,0.0,729.75,1367.5,0.0,0.0,0.0,0.0,10.75,147.25,0.0,0.0,0.0,0.0,0.0,0.0,0.0,0.0,0.0,0.0,0.0,0.0,108.25,463.5,0.0,0.0
Nørrebro,2021,431.0,417.0,872.0,836.0,809.0,802.0,272.0,261.0,129.0,121.0,4.0,,0.0,,133.0,135.0,47.0,45.0,71.0,83.0,49.0,59.0,28.0,14.0,9.0,,16.0,,41.0,39.0,93.0,79.0,442.0,503.0,842.0,885.0,768.0,992.0,989.0,1008.0,964.0,860.0,20.0,29.0,33.0,45.0,1052.0,1456.0,1193.0,1190.0,448.0,364.0,262.0,165.0,265.0,291.0,3616.0,3438.0,1742.0,1947.0,7959.0,9924.0,6416.0,6597.0,3144.0,2906.0,2255.0,2230.0,2740.0,3319.0,2677.0,1924.0,1306.0,794.0,770.0,1183.0,825.0,497.0,291.0,275.0,180.0,162.0,128.0,108.0,126.0,166.0,120.0,101.0,70.0,74.0,385.0,279.0,201.0,124.0,146.0,763.0,538.0,379.0,201.0,149.0,7301409.0,233578.0,31259.0,7413999.0,214532.0,34559.0,8678457.0,342089.0,25369.0,7973112.0,288996.0,27589.0,7945577.0,252642.0,31450.0,8426215.0,242719.0,34716.0,10826928.0,346595.0,31238.0,10671582.0,308865.0,34551.0,8119126.0,273703.0,29664.0,8039534.0,241609.0,33275.0,0.0,0.0,8542.5,9884.75,0.0,0.0,0.0,0.0,0.0,0.0,0.0,0.0,0.0,0.0,0.0,0.0,5306.5,2008.75,0.0,0.0,0.0,0.0,234.5,1265.75,0.0,0.0,0.0,0.0,0.0,0.0,0.0,0.0,0.0,0.0,0.0,0.0,1425.0,1231.25,0.0,0.0,0.0,0.0,60.75,584.75,0.0,0.0,0.0,0.0,0.0,0.0,0.0,0.0,0.0,0.0,0.0,0.0,749.0,1358.25,0.0,0.0,0.0,0.0,13.25,146.25,0.0,0.0,0.0,0.0,0.0,0.0,0.0,0.0,0.0,0.0,0.0,0.0,104.75,462.25,0.0,0.0
Nørrebro,2022,389.0,377.0,765.0,769.0,814.0,813.0,285.0,258.0,140.0,141.0,6.0,,0.0,,121.0,144.0,44.0,53.0,61.0,87.0,49.0,59.0,29.0,17.0,10.0,,15.0,,32.0,29.0,91.0,83.0,398.0,468.0,845.0,844.0,747.0,921.0,962.0,1030.0,1006.0,887.0,18.0,20.0,39.0,46.0,994.0,1453.0,1259.0,1227.0,477.0,370.0,286.0,176.0,280.0,293.0,3536.0,3384.0,1816.0,1983.0,7773.0,9931.0,6297.0,6497.0,3063.0,2908.0,2269.0,2252.0,2766.0,3354.0,3002.0,1783.0,968.0,498.0,341.0,1283.0,801.0,406.0,160.0,109.0,241.0,151.0,81.0,59.0,59.0,187.0,115.0,73.0,47.0,32.0,407.0,221.0,133.0,88.0,60.0,884.0,495.0,275.0,144.0,81.0,7350550.0,235821.0,31170.0,7452053.0,215533.0,34575.0,9051387.0,353749.0,25587.0,8360023.0,300991.0,27775.0,7976578.0,254965.0,31285.0,8490756.0,244761.0,34690.0,10935280.0,351052.0,31150.0,10796624.0,312321.0,34569.0,8250539.0,278377.0,29638.0,8145454.0,244777.0,33277.0,0.0,0.0,8659.5,10211.75,0.0,0.0,0.0,0.0,0.0,0.0,0.0,0.0,0.0,0.0,0.0,0.0,5176.0,2006.75,0.0,0.0,0.0,0.0,248.0,1284.25,0.0,0.0,0.0,0.0,0.0,0.0,0.0,0.0,0.0,0.0,0.0,0.0,1427.25,1167.75,0.0,0.0,0.0,0.0,65.25,580.0,0.0,0.0,0.0,0.0,0.0,0.0,0.0,0.0,0.0,0.0,0.0,0.0,747.0,1369.75,0.0,0.0,0.0,0.0,16.5,140.75,0.0,0.0,0.0,0.0,0.0,0.0,0.0,0.0,0.0,0.0,0.0,0.0,107.75,424.25,0.0,0.0
Nørrebro,2023,334.0,335.0,681.0,709.0,822.0,778.0,309.0,290.0,141.0,158.0,11.0,,0.0,,133.0,141.0,48.0,54.0,61.0,76.0,57.0,64.0,32.0,19.0,10.0,,14.0,,44.0,35.0,100.0,86.0,405.0,498.0,817.0,845.0,725.0,887.0,928.0,1084.0,1070.0,943.0,20.0,17.0,31.0,55.0,1042.0,1487.0,1277.0,1290.0,511.0,385.0,289.0,189.0,285.0,302.0,3500.0,3393.0,1863.0,2005.0,7632.0,9738.0,6241.0,6494.0,3009.0,2925.0,2316.0,2303.0,2815.0,3386.0,2830.0,1834.0,1120.0,560.0,397.0,1244.0,808.0,447.0,186.0,138.0,200.0,126.0,83.0,76.0,64.0,160.0,120.0,77.0,46.0,32.0,438.0,269.0,166.0,82.0,61.0,788.0,511.0,347.0,170.0,102.0,7981513.0,257452.0,31002.0,7842701.0,227384.0,34491.0,9567209.0,371412.0,25759.0,8816920.0,315442.0,27951.0,8662238.0,278430.0,31111.0,8966298.0,258857.0,34638.0,12048291.0,389660.0,30920.0,11497513.0,333706.0,34454.0,8689630.0,288558.0,30114.0,8502796.0,251689.0,33783.0,0.0,0.0,8669.0,10157.25,0.0,0.0,0.0,0.0,0.0,0.0,0.0,0.0,0.0,0.0,0.0,0.0,5141.5,2017.5,0.0,0.0,0.0,0.0,255.25,1296.0,0.0,0.0,0.0,0.0,0.0,0.0,0.0,0.0,0.0,0.0,0.0,0.0,1440.75,1206.5,0.0,0.0,0.0,0.0,58.75,581.5,0.0,0.0,0.0,0.0,0.0,0.0,0.0,0.0,0.0,0.0,0.0,0.0,744.0,1410.0,0.0,0.0,0.0,0.0,15.5,135.25,0.0,0.0,0.0,0.0,0.0,0.0,0.0,0.0,0.0,0.0,0.0,0.0,111.75,402.75,0.0,0.0
Nørrebro,2024,291.0,305.0,628.0,623.0,838.0,822.0,324.0,324.0,146.0,158.0,,,,,139.0,142.0,53.0,52.0,60.0,89.0,55.0,62.0,29.0,19.0,,,,,42.0,47.0,148.0,131.0,424.0,483.0,817.0,845.0,715.0,894.0,905.0,1119.0,1138.0,1033.0,19.0,19.0,32.0,51.0,1100.0,1549.0,1324.0,1296.0,514.0,419.0,307.0,189.0,293.0,305.0,3502.0,3401.0,1899.0,2016.0,7642.0,9577.0,6173.0,6519.0,3041.0,2942.0,2332.0,2329.0,2875.0,3409.0,,,,,,,,,,,,,,,,,,,,,,,,,,,,,,,8445049.0,270519.0,31218.0,8393888.0,238931.0,35131.0,10109835.0,388795.0,26003.0,9471656.0,331559.0,28567.0,9154617.0,292433.0,31305.0,9674419.0,274506.0,35243.0,12641158.0,405568.0,31169.0,12244362.0,348753.0,35109.0,9249559.0,304653.0,30361.0,9154797.0,265233.0,34516.0,0.0,0.0,8532.0,10075.0,0.0,0.0,0.0,0.0,0.0,0.0,0.0,0.0,0.0,0.0,0.0,0.0,5313.0,2054.0,0.0,0.0,0.0,0.0,271.75,1304.25,0.0,0.0,0.0,0.0,0.0,0.0,0.0,0.0,0.0,0.0,0.0,0.0,1385.25,1228.5,0.0,0.0,0.0,0.0,56.5,571.75,0.0,0.0,0.0,0.0,0.0,0.0,0.0,0.0,0.0,0.0,0.0,0.0,751.0,1452.0,0.0,0.0,0.0,0.0,16.0,135.0,0.0,0.0,0.0,0.0,0.0,0.0,0.0,0.0,0.0,0.0,0.0,0.0,114.5,389.25,0.0,0.0
Nørrebro,2025,262.0,286.0,573.0,556.0,818.0,857.0,368.0,348.0,154.0,170.0,,,,,143.0,139.0,55.0,54.0,57.0,77.0,53.0,76.0,30.0,19.0,,,,,51.0,28.0,181.0,151.0,448.0,498.0,819.0,858.0,695.0,862.0,840.0,1130.0,1229.0,1126.0,16.0,19.0,30.0,33.0,1089.0,1556.0,1355.0,1363.0,517.0,446.0,292.0,199.0,299.0,313.0,3552.0,3360.0,1975.0,2086.0,7446.0,9551.0,6261.0,6634.0,2965.0,2997.0,2392.0,2385.0,2942.0,3477.0,,,,,,,,,,,,,,,,,,,,,,,,,,,,,,,,,,,,,,,,,,,,,,,,,,,,,,,,,,,,,,,,,,,,,,,,,,,,,,,,,,,,,,,,,,,,,,,,,,,,,,,,,,,,,,,,,,,,,,,,,,,,,,,,,,,,,,,,,,,,
Valby,1986,150.0,168.0,,,,0.0,0.0,0.0,0.0,,0.0,0.0,0.0,,24.0,32.0,9.0,23.0,,10.0,,,0.0,,0.0,,,,,,93.0,69.0,113.0,120.0,168.0,123.0,138.0,66.0,45.0,,,37.0,,,,,67.0,71.0,,,94.0,76.0,52.0,91.0,139.0,341.0,1678.0,1551.0,1858.0,1894.0,3486.0,3549.0,2775.0,2554.0,2081.0,2083.0,2034.0,2355.0,4950.0,8535.0,,,,,,,,,,,,,,,,,,,,,,,,,,,,,,,,,,,,,,,,,,,,,,,,,,,,,,,,,,,,,,,,,,,,,,,,,,,,,,,,,,,,,,,,,,,,,,,,,,,,,,,,,,,,,,,,,,,,,,,,,,,,,,,,,,,,,,,,,,,,
Valby,1987,157.0,169.0,,,,0.0,,,0.0,,0.0,0.0,0.0,,23.0,29.0,,,,11.0,,,0.0,,,,,,51.0,36.0,102.0,83.0,126.0,131.0,185.0,151.0,149.0,70.0,,,,,5.0,6.0,20.0,12.0,72.0,64.0,108.0,132.0,97.0,82.0,53.0,87.0,130.0,345.0,1661.0,1507.0,1809.0,1788.0,3559.0,3691.0,2661.0,2531.0,2179.0,2052.0,1907.0,2247.0,4887.0,8476.0,,,,,,,,,,,,,,,,,,,,,,,,,,,,,,,1462408.0,86421.0,16922.0,1438193.0,69441.0,20711.0,1887611.0,155654.0,12127.0,1335675.0,117453.0,11372.0,1568498.0,92232.0,17006.0,1757702.0,83848.0,20963.0,2465529.0,145751.0,16916.0,2136716.0,103293.0,20686.0,2048472.0,123566.0,16578.0,1814178.0,89757.0,20212.0,,,,,,,,,,,,,,,,,,,,,,,,,,,,,,,,,,,,,,,,,,,,,,,,,,,,,,,,,,,,,,,,,,,,,,,,,,,,,,,,
Valby,1988,172.0,197.0,,,,0.0,0.0,,0.0,,0.0,0.0,0.0,,21.0,30.0,,,,13.0,10.0,,0.0,,0.0,0.0,,,,,92.0,93.0,144.0,119.0,178.0,173.0,174.0,74.0,60.0,33.0,,,,,,,81.0,70.0,109.0,121.0,113.0,87.0,55.0,82.0,122.0,336.0,1656.0,1516.0,1691.0,1727.0,3685.0,3807.0,2680.0,2536.0,2294.0,2101.0,1804.0,2156.0,4723.0,8306.0,,,,,,,,,,,,,,,,,,,,,,,,,,,,,,,1522171.0,89524.0,17003.0,1521156.0,73821.0,20606.0,1953817.0,162845.0,11998.0,1415871.0,125922.0,11244.0,1638752.0,96131.0,17047.0,1836592.0,88281.0,20804.0,2583233.0,152673.0,16920.0,2272972.0,110618.0,20548.0,2154236.0,129563.0,16627.0,1915737.0,95216.0,20120.0,,,,,,,,,,,,,,,,,,,,,,,,,,,,,,,,,,,,,,,,,,,,,,,,,,,,,,,,,,,,,,,,,,,,,,,,,,,,,,,,
Valby,1989,165.0,178.0,69.0,,0.0,,0.0,0.0,0.0,,0.0,0.0,0.0,,20.0,27.0,,,14.0,,9.0,4.0,,,0.0,,,,,,79.0,98.0,170.0,129.0,188.0,168.0,187.0,82.0,66.0,,,,,,,,86.0,77.0,108.0,126.0,,,58.0,80.0,116.0,313.0,1670.0,1508.0,1620.0,1654.0,3729.0,3936.0,2712.0,2546.0,2360.0,2129.0,1760.0,2084.0,4610.0,8120.0,,,,,,,,,,,,,,,,,,,,,,,,,,,,,,,1573924.0,92513.0,17013.0,1598606.0,77712.0,20571.0,1979146.0,166609.0,11879.0,1461906.0,131254.0,11138.0,1703459.0,99781.0,17072.0,1913237.0,92151.0,20762.0,2653683.0,157293.0,16871.0,2378584.0,116068.0,20493.0,2214911.0,134957.0,16412.0,1996683.0,100114.0,19944.0,,,,,,,,,,,,,,,,,,,,,,,,,,,,,,,,,,,,,,,,,,,,,,,,,,,,,,,,,,,,,,,,,,,,,,,,,,,,,,,,
Valby,1990,188.0,198.0,,,,,0.0,0.0,0.0,,0.0,0.0,0.0,,20.0,30.0,,,,,11.0,5.0,3.0,,0.0,,,,,,97.0,93.0,199.0,163.0,201.0,172.0,209.0,97.0,70.0,,,,,,,,76.0,88.0,118.0,112.0,114.0,106.0,63.0,76.0,115.0,314.0,1661.0,1567.0,1620.0,1639.0,3782.0,3968.0,2718.0,2556.0,2385.0,2185.0,1755.0,1992.0,4455.0,7986.0,,,,,,,,,,,,,,,,,,,,,,,,,,,,,,,1605467.0,95043.0,16892.0,1641434.0,80372.0,20423.0,2000452.0,171580.0,11659.0,1499778.0,136841.0,10960.0,1736232.0,102408.0,16954.0,1955425.0,94919.0,20601.0,2703043.0,160695.0,16821.0,2449677.0,120348.0,20355.0,2244671.0,137600.0,16313.0,2041002.0,103305.0,19757.0,,,,,,,,,,,,,,,,,,,,,,,,,,,,,,,,,,,,,,,,,,,,,,,,,,,,,,,,,,,,,,,,,,,,,,,,,,,,,,,,
Valby,1991,192.0,211.0,,,,,0.0,0.0,0.0,,0.0,0.0,0.0,,24.0,27.0,,,,,13.0,8.0,,,,0.0,,,,37.0,101.0,106.0,218.0,181.0,215.0,185.0,216.0,111.0,82.0,,,,,9.0,17.0,,79.0,77.0,108.0,108.0,,,,,110.0,315.0,1666.0,1624.0,1616.0,1585.0,3766.0,3939.0,2698.0,2597.0,2366.0,2203.0,1731.0,1925.0,4343.0,7805.0,,,,,,,,,,,,,,,,,,,,,,,,,,,,,,,1638948.0,96762.0,16938.0,1679303.0,82505.0,20354.0,2002126.0,173209.0,11559.0,1533975.0,138671.0,11062.0,1774360.0,104282.0,17015.0,1992845.0,97136.0,20516.0,2772704.0,163804.0,16927.0,2537909.0,124952.0,20311.0,2283453.0,139806.0,16333.0,2103448.0,107226.0,19617.0,,,,,,,,,,,,,,,,,,,,,,,,,,,,,,,,,,,,,,,,,,,,,,,,,,,,,,,,,,,,,,,,,,,,,,,,,,,,,,,,
Valby,1992,220.0,205.0,131.0,137.0,5.0,,0.0,0.0,0.0,,0.0,0.0,0.0,,20.0,26.0,,,10.0,,12.0,7.0,4.0,,0.0,0.0,,,,,130.0,114.0,244.0,220.0,238.0,211.0,218.0,120.0,93.0,50.0,,,,,,,74.0,76.0,99.0,113.0,118.0,122.0,73.0,60.0,111.0,310.0,1745.0,1683.0,1537.0,1474.0,3816.0,4009.0,2703.0,2594.0,2437.0,2279.0,1718.0,1870.0,4246.0,7582.0,,,,,,,,,,,,,,,,,,,,,,,,,,,,,,,1683815.0,99311.0,16955.0,1744892.0,86087.0,20269.0,2019621.0,176017.0,11474.0,1581030.0,143144.0,11045.0,1827299.0,107324.0,17026.0,2053337.0,100467.0,20438.0,2824153.0,166705.0,16941.0,2613041.0,129128.0,20236.0,2342144.0,143128.0,16364.0,2164760.0,110792.0,19539.0,,,,,,,,,,,,,,,,,,,,,,,,,,,,,,,,,,,,,,,,,,,,,,,,,,,,,,,,,,,,,,,,,,,,,,,,,,,,,,,,
Valby,1993,243.0,232.0,154.0,153.0,10.0,,0.0,0.0,0.0,,0.0,0.0,0.0,,19.0,32.0,19.0,24.0,8.0,,12.0,9.0,,,,,,,,,129.0,114.0,274.0,254.0,261.0,233.0,223.0,144.0,106.0,60.0,,,,,11.0,16.0,75.0,69.0,113.0,131.0,,,,,102.0,305.0,1818.0,1746.0,1496.0,1441.0,3792.0,4062.0,2865.0,2659.0,2438.0,2283.0,1733.0,1859.0,4072.0,7297.0,,,,,,,,,,,,,,,,,,,,,,,,,,,,,,,1717523.0,101888.0,16857.0,1777741.0,88608.0,20063.0,2014338.0,175343.0,11488.0,1593853.0,144045.0,11065.0,1866084.0,110197.0,16934.0,2091991.0,103426.0,20227.0,2838269.0,168513.0,16843.0,2642455.0,131931.0,20029.0,2354269.0,145298.0,16203.0,2185886.0,113147.0,19319.0,,,,,,,,,,,,,,,,,,,,,,,,,,,,,,,,,,,,,,,,,,,,,,,,,,,,,,,,,,,,,,,,,,,,,,,,,,,,,,,,
Valby,1994,275.0,242.0,154.0,172.0,21.0,,0.0,0.0,0.0,,0.0,0.0,0.0,,18.0,32.0,,,13.0,,13.0,15.0,,,,,,,,,133.0,126.0,280.0,274.0,316.0,245.0,226.0,165.0,116.0,68.0,,,,,,,74.0,79.0,112.0,108.0,,,,,101.0,286.0,1868.0,1793.0,1498.0,1407.0,3665.0,4022.0,2942.0,2745.0,2455.0,2281.0,1786.0,1883.0,3820.0,6956.0,,,,,,,,,,,,,,,,,,,,,,,,,,,,,,,1837288.0,107981.0,17015.0,1894367.0,94690.0,20006.0,2160724.0,180497.0,11971.0,1662159.0,144335.0,11516.0,2004212.0,117343.0,17080.0,2213327.0,109870.0,20145.0,3033141.0,178525.0,16990.0,2904239.0,145386.0,19976.0,2552613.0,151221.0,16880.0,2455371.0,123940.0,19811.0,,,,,,,,,,,,,,,,,,,,,,,,,,,,,,,,,,,,,,,,,,,,,,,,,,,,,,,,,,,,,,,,,,,,,,,,,,,,,,,,
Valby,1995,289.0,259.0,166.0,172.0,24.0,,0.0,0.0,0.0,0.0,0.0,0.0,0.0,,18.0,33.0,,,16.0,,12.0,14.0,,,,,,,,,133.0,120.0,272.0,282.0,330.0,266.0,256.0,180.0,130.0,75.0,,,,,,,84.0,79.0,109.0,108.0,,,,,102.0,268.0,1914.0,1852.0,1451.0,1369.0,3674.0,4015.0,3112.0,2827.0,2394.0,2275.0,1875.0,1910.0,3652.0,6738.0,,,,,,,,,,,,,,,,,,,,,,,,,,,,,,,1960778.0,112417.0,17442.0,1998525.0,98561.0,20277.0,2310948.0,189858.0,12172.0,1729798.0,152742.0,11325.0,2134723.0,121782.0,17529.0,2330771.0,114086.0,20430.0,3204708.0,184073.0,17410.0,3030753.0,149704.0,20245.0,2669140.0,155381.0,17178.0,2528371.0,126577.0,19975.0,,,,,,,,,,,,,,,,,,,,,,,,,,,,,,,,,,,,,,,,,,,,,,,,,,,,,,,,,,,,,,,,,,,,,,,,,,,,,,,,
Valby,1996,368.0,329.0,193.0,178.0,42.0,,0.0,,0.0,0.0,0.0,0.0,0.0,,22.0,32.0,18.0,25.0,14.0,,11.0,,,,,,,,,,174.0,158.0,330.0,378.0,416.0,322.0,269.0,206.0,161.0,89.0,,,,,10.0,19.0,98.0,87.0,125.0,103.0,,,,,102.0,253.0,2010.0,2003.0,1437.0,1346.0,3792.0,4111.0,3307.0,2985.0,2415.0,2252.0,1910.0,1982.0,3541.0,6554.0,,,,,,,,,,,,,,,,,,,,,,,,,,,,,,,2032231.0,115935.0,17529.0,2088553.0,102945.0,20288.0,2395268.0,190282.0,12588.0,1831903.0,157868.0,11604.0,2216052.0,125876.0,17605.0,2417755.0,118367.0,20426.0,3289520.0,188102.0,17488.0,3149685.0,155525.0,20252.0,2741841.0,158470.0,17302.0,2621345.0,130884.0,20028.0,,,,,,,,,,,,,,,,,,,,,,,,,,,,,,,,,,,,,,,,,,,,,,,,,,,,,,,,,,,,,,,,,,,,,,,,,,,,,,,,
Valby,1997,428.0,383.0,198.0,186.0,52.0,,0.0,,0.0,0.0,0.0,0.0,0.0,,23.0,34.0,,,20.0,,12.0,,12.0,3.0,,,0.0,,74.0,64.0,193.0,170.0,351.0,415.0,482.0,351.0,279.0,216.0,181.0,96.0,85.0,74.0,9.0,8.0,,,92.0,102.0,142.0,87.0,104.0,135.0,,,96.0,242.0,2017.0,2043.0,1427.0,1325.0,3820.0,4081.0,3308.0,3115.0,2365.0,2272.0,1984.0,1978.0,3418.0,6363.0,,,,,,,,,,,,,,,,,,,,,,,,,,,,,,,2122855.0,119631.0,17745.0,2144947.0,105861.0,20262.0,2561266.0,198702.0,12890.0,1923867.0,164279.0,11711.0,2307907.0,129345.0,17843.0,2482346.0,121761.0,20387.0,3441225.0,194376.0,17704.0,3231469.0,159736.0,20230.0,2824315.0,162149.0,17418.0,2649322.0,132585.0,19982.0,,,,,,,,,,,,,,,,,,,,,,,,,,,,,,,,,,,,,,,,,,,,,,,,,,,,,,,,,,,,,,,,,,,,,,,,,,,,,,,,
Valby,1998,466.0,436.0,208.0,203.0,79.0,,0.0,0.0,0.0,0.0,0.0,0.0,0.0,,21.0,30.0,19.0,32.0,23.0,,11.0,14.0,11.0,3.0,,,,,,,216.0,193.0,375.0,420.0,517.0,405.0,285.0,240.0,216.0,103.0,,,,,11.0,19.0,95.0,98.0,137.0,95.0,109.0,143.0,,,99.0,228.0,2060.0,2027.0,1400.0,1317.0,3904.0,4088.0,3364.0,3147.0,2367.0,2298.0,2069.0,1997.0,3292.0,6162.0,,,,,,,,,,,,,,,,,,,,,,,,,,,,,,,2272197.0,126839.0,17914.0,2243398.0,110692.0,20267.0,2789733.0,209298.0,13329.0,2058944.0,169530.0,12145.0,2455839.0,136489.0,17993.0,2614193.0,128367.0,20365.0,3674251.0,205461.0,17883.0,3360254.0,166020.0,20240.0,2995597.0,168624.0,17765.0,2741075.0,136460.0,20087.0,0.0,0.0,5612.0,7844.0,0.0,0.0,0.0,0.0,0.0,0.0,0.0,0.0,0.0,0.0,0.0,0.0,2103.0,2982.0,0.0,0.0,0.0,0.0,116.0,818.0,0.0,0.0,0.0,0.0,0.0,0.0,0.0,0.0,0.0,0.0,0.0,0.0,540.0,976.0,0.0,0.0,0.0,0.0,41.0,382.0,0.0,0.0,0.0,0.0,0.0,0.0,0.0,0.0,0.0,0.0,0.0,0.0,289.0,959.0,0.0,0.0,0.0,0.0,2.0,94.0,0.0,0.0,0.0,0.0,0.0,0.0,0.0,0.0,0.0,0.0,0.0,0.0,61.0,267.0,0.0,0.0
Valby,1999,501.0,472.0,210.0,212.0,,98.0,,0.0,0.0,0.0,0.0,0.0,0.0,0.0,25.0,31.0,18.0,32.0,,24.0,,17.0,11.0,4.0,,,,,,,217.0,217.0,373.0,441.0,571.0,449.0,309.0,258.0,220.0,113.0,,,,,14.0,16.0,133.0,121.0,150.0,103.0,107.0,129.0,,,92.0,209.0,2058.0,2002.0,1408.0,1356.0,3936.0,4120.0,3410.0,3223.0,2342.0,2252.0,2134.0,2041.0,3194.0,5943.0,,,,,,,,,,,,,,,,,,,,,,,,,,,,,,,2355838.0,131574.0,17905.0,2323791.0,115130.0,20184.0,2960449.0,220698.0,13414.0,2187405.0,177492.0,12324.0,2549829.0,141689.0,17996.0,2699685.0,132976.0,20302.0,3815404.0,213581.0,17864.0,3473842.0,172331.0,20158.0,3136502.0,177153.0,17705.0,2838314.0,142221.0,19957.0,0.0,0.0,5657.0,7685.0,0.0,0.0,0.0,0.0,0.0,0.0,0.0,0.0,0.0,0.0,0.0,0.0,2197.0,2924.0,0.0,0.0,0.0,0.0,124.0,797.0,0.0,0.0,0.0,0.0,0.0,0.0,0.0,0.0,0.0,0.0,0.0,0.0,561.0,972.0,0.0,0.0,0.0,0.0,36.0,370.0,0.0,0.0,0.0,0.0,0.0,0.0,0.0,0.0,0.0,0.0,0.0,0.0,314.0,980.0,0.0,0.0,0.0,0.0,2.0,86.0,0.0,0.0,0.0,0.0,0.0,0.0,0.0,0.0,0.0,0.0,0.0,0.0,66.0,272.0,0.0,0.0
Valby,2000,538.0,508.0,222.0,222.0,,124.0,,0.0,0.0,0.0,0.0,0.0,0.0,0.0,33.0,34.0,17.0,31.0,,26.0,,16.0,12.0,5.0,,,,,,,230.0,231.0,357.0,451.0,584.0,522.0,304.0,273.0,232.0,120.0,,,,,14.0,23.0,138.0,143.0,164.0,111.0,102.0,119.0,,,101.0,194.0,2034.0,1993.0,1420.0,1343.0,4001.0,4157.0,3356.0,3199.0,2380.0,2242.0,2133.0,2041.0,3128.0,5745.0,,,,,,,,,,,,,,,,,,,,,,,,,,,,,,,2456925.0,136968.0,17938.0,2406794.0,120358.0,19997.0,3115991.0,230729.0,13505.0,2301736.0,185116.0,12434.0,2656126.0,147325.0,18029.0,2800904.0,139162.0,20127.0,3991552.0,223254.0,17879.0,3592454.0,179902.0,19969.0,3214651.0,182443.0,17620.0,2880221.0,146145.0,19708.0,0.0,0.0,5704.0,7561.0,0.0,0.0,0.0,0.0,0.0,0.0,0.0,0.0,0.0,0.0,0.0,0.0,2198.0,2828.0,0.0,0.0,0.0,0.0,129.0,804.0,0.0,0.0,0.0,0.0,0.0,0.0,0.0,0.0,0.0,0.0,0.0,0.0,534.0,946.0,0.0,0.0,0.0,0.0,38.0,390.0,0.0,0.0,0.0,0.0,0.0,0.0,0.0,0.0,0.0,0.0,0.0,0.0,308.0,1006.0,0.0,0.0,0.0,0.0,2.0,90.0,0.0,0.0,0.0,0.0,0.0,0.0,0.0,0.0,0.0,0.0,0.0,0.0,73.0,288.0,0.0,0.0
Valby,2001,577.0,531.0,232.0,244.0,,,,,0.0,0.0,0.0,0.0,0.0,0.0,32.0,34.0,17.0,27.0,,,,,13.0,5.0,,,,,,,219.0,231.0,335.0,468.0,577.0,539.0,358.0,296.0,230.0,144.0,,,,,7.0,19.0,131.0,154.0,162.0,116.0,108.0,111.0,,,95.0,188.0,2045.0,1973.0,1430.0,1373.0,3996.0,4115.0,3407.0,3197.0,2404.0,2220.0,2145.0,2071.0,3056.0,5539.0,,,,,,,,,,,,,,,,,,,,,,,,,,,,,,,2559529.0,142338.0,17982.0,2500444.0,125129.0,19983.0,3238299.0,237499.0,13635.0,2443654.0,195009.0,12531.0,2774748.0,153343.0,18095.0,2902639.0,144202.0,20129.0,4153654.0,231828.0,17917.0,3758435.0,188355.0,19954.0,3333141.0,189372.0,17601.0,3007496.0,153178.0,19634.0,0.0,0.0,5722.0,7428.0,0.0,0.0,0.0,0.0,0.0,0.0,0.0,0.0,0.0,0.0,0.0,0.0,2190.0,2788.0,0.0,0.0,0.0,0.0,126.0,776.0,0.0,0.0,0.0,0.0,0.0,0.0,0.0,0.0,0.0,0.0,0.0,0.0,531.0,912.0,0.0,0.0,0.0,0.0,31.0,398.0,0.0,0.0,0.0,0.0,0.0,0.0,0.0,0.0,0.0,0.0,0.0,0.0,323.0,1071.0,0.0,0.0,0.0,0.0,1.0,94.0,0.0,0.0,0.0,0.0,0.0,0.0,0.0,0.0,0.0,0.0,0.0,0.0,67.0,301.0,0.0,0.0
Valby,2002,593.0,558.0,259.0,258.0,138.0,128.0,,4.0,,0.0,0.0,0.0,0.0,0.0,37.0,29.0,,,19.0,26.0,,16.0,,5.0,,,3.0,3.0,51.0,57.0,223.0,233.0,361.0,473.0,596.0,564.0,379.0,318.0,254.0,144.0,138.0,119.0,7.0,10.0,,,131.0,161.0,184.0,126.0,107.0,112.0,,,97.0,180.0,2021.0,1928.0,1434.0,1448.0,3972.0,4109.0,3443.0,3202.0,2361.0,2208.0,2167.0,2125.0,2973.0,5342.0,,,,,,,,,,,,,,,,,,,,,,,,,,,,,,,2670978.0,148165.0,18027.0,2623095.0,132133.0,19852.0,3283044.0,242685.0,13528.0,2521969.0,200714.0,12565.0,2899845.0,160053.0,18118.0,3040471.0,152206.0,19976.0,4241122.0,236208.0,17955.0,3871078.0,195194.0,19832.0,3398747.0,193111.0,17600.0,3072043.0,157524.0,19502.0,0.0,0.0,5725.25,7332.5,0.0,0.0,0.0,0.0,0.0,0.0,0.0,0.0,0.0,0.0,0.0,0.0,2187.5,2722.0,0.0,0.0,0.0,0.0,141.75,780.5,0.0,0.0,0.0,0.0,0.0,0.0,0.0,0.0,0.0,0.0,0.0,0.0,548.5,904.5,0.0,0.0,0.0,0.0,27.5,402.75,0.0,0.0,0.0,0.0,0.0,0.0,0.0,0.0,0.0,0.0,0.0,0.0,304.25,1062.0,0.0,0.0,0.0,0.0,5.25,96.5,0.0,0.0,0.0,0.0,0.0,0.0,0.0,0.0,0.0,0.0,0.0,0.0,68.75,326.25,0.0,0.0
Valby,2003,604.0,570.0,288.0,283.0,145.0,152.0,,12.0,,0.0,0.0,0.0,0.0,0.0,43.0,30.0,16.0,29.0,19.0,22.0,,16.0,,8.0,8.0,0.0,3.0,4.0,43.0,53.0,210.0,233.0,379.0,484.0,604.0,569.0,433.0,349.0,264.0,161.0,143.0,124.0,8.0,10.0,7.0,19.0,130.0,186.0,172.0,138.0,119.0,106.0,101.0,114.0,98.0,176.0,2032.0,1904.0,1458.0,1463.0,3813.0,4007.0,3490.0,3188.0,2405.0,2271.0,2173.0,2099.0,2951.0,5123.0,,,,,,,,,,,,,,,,,,,,,,,,,,,,,,,2742133.0,151835.0,18060.0,2715320.0,137429.0,19758.0,3305768.0,246295.0,13422.0,2570547.0,203931.0,12605.0,2988857.0,164521.0,18167.0,3131716.0,157412.0,19895.0,4291592.0,238409.0,18001.0,3966003.0,200922.0,19739.0,3460509.0,196141.0,17643.0,3154522.0,162546.0,19407.0,0.0,0.0,5774.5,7198.25,0.0,0.0,0.0,0.0,0.0,0.0,0.0,0.0,0.0,0.0,0.0,0.0,2140.0,2689.5,0.0,0.0,0.0,0.0,142.25,807.5,0.0,0.0,0.0,0.0,0.0,0.0,0.0,0.0,0.0,0.0,0.0,0.0,527.75,938.75,0.0,0.0,0.0,0.0,34.5,422.5,0.0,0.0,0.0,0.0,0.0,0.0,0.0,0.0,0.0,0.0,0.0,0.0,316.0,1063.25,0.0,0.0,0.0,0.0,4.75,90.25,0.0,0.0,0.0,0.0,0.0,0.0,0.0,0.0,0.0,0.0,0.0,0.0,64.5,328.5,0.0,0.0
Valby,2004,619.0,584.0,325.0,298.0,148.0,170.0,24.0,23.0,0.0,0.0,0.0,0.0,0.0,0.0,42.0,31.0,20.0,29.0,22.0,24.0,16.0,21.0,11.0,10.0,11.0,0.0,3.0,4.0,44.0,52.0,203.0,224.0,372.0,452.0,617.0,597.0,451.0,368.0,265.0,185.0,160.0,128.0,13.0,10.0,5.0,18.0,119.0,195.0,175.0,134.0,118.0,102.0,106.0,119.0,98.0,178.0,2004.0,1924.0,1493.0,1477.0,3731.0,3920.0,3565.0,3183.0,2401.0,2305.0,2178.0,2089.0,2891.0,4985.0,,,,,,,,,,,,,,,,,,,,,,,,,,,,,,,2897185.0,160216.0,18083.0,2846272.0,144254.0,19731.0,3403167.0,253684.0,13415.0,2677823.0,210174.0,12741.0,3158737.0,173662.0,18189.0,3286315.0,165658.0,19838.0,4416548.0,245541.0,17987.0,4080560.0,207072.0,19706.0,3525891.0,200141.0,17617.0,3223574.0,166344.0,19379.0,0.0,0.0,5827.5,7105.75,0.0,0.0,0.0,0.0,0.0,0.0,0.0,0.0,0.0,0.0,0.0,0.0,2139.75,2572.0,0.0,0.0,0.0,0.0,144.25,802.25,0.0,0.0,0.0,0.0,0.0,0.0,0.0,0.0,0.0,0.0,0.0,0.0,519.25,950.0,0.0,0.0,0.0,0.0,35.0,419.75,0.0,0.0,0.0,0.0,0.0,0.0,0.0,0.0,0.0,0.0,0.0,0.0,299.25,1079.75,0.0,0.0,0.0,0.0,6.25,98.25,0.0,0.0,0.0,0.0,0.0,0.0,0.0,0.0,0.0,0.0,0.0,0.0,52.5,332.0,0.0,0.0
Valby,2005,598.0,546.0,343.0,319.0,153.0,170.0,24.0,,0.0,,0.0,0.0,0.0,0.0,36.0,43.0,,,24.0,27.0,15.0,,10.0,,13.0,0.0,,,45.0,39.0,173.0,190.0,349.0,449.0,568.0,597.0,468.0,396.0,284.0,211.0,174.0,133.0,7.0,12.0,,,121.0,197.0,182.0,149.0,129.0,104.0,109.0,119.0,,,1990.0,1919.0,1527.0,1538.0,3672.0,3870.0,3608.0,3201.0,2412.0,2343.0,2133.0,2060.0,2906.0,4850.0,,,,,,,,,,,,,,,,,,,,,,,,,,,,,,,3000626.0,168149.0,17845.0,2928841.0,150182.0,19502.0,3505860.0,262493.0,13356.0,2772019.0,214685.0,12912.0,3259367.0,181449.0,17963.0,3393034.0,173052.0,19607.0,4554638.0,256513.0,17756.0,4175193.0,214431.0,19471.0,3585225.0,206832.0,17334.0,3283205.0,171914.0,19098.0,0.0,0.0,5903.75,7072.25,0.0,0.0,0.0,0.0,0.0,0.0,0.0,0.0,0.0,0.0,0.0,0.0,2143.25,2556.0,0.0,0.0,0.0,0.0,140.25,821.0,0.0,0.0,0.0,0.0,0.0,0.0,0.0,0.0,0.0,0.0,0.0,0.0,541.25,931.75,0.0,0.0,0.0,0.0,31.75,437.5,0.0,0.0,0.0,0.0,0.0,0.0,0.0,0.0,0.0,0.0,0.0,0.0,287.75,1068.75,0.0,0.0,0.0,0.0,7.75,103.75,0.0,0.0,0.0,0.0,0.0,0.0,0.0,0.0,0.0,0.0,0.0,0.0,49.75,331.25,0.0,0.0
Valby,2006,566.0,564.0,368.0,350.0,175.0,189.0,,,,,0.0,0.0,0.0,0.0,33.0,44.0,,,26.0,32.0,,,,,14.0,0.0,,,30.0,36.0,162.0,182.0,344.0,424.0,548.0,605.0,491.0,400.0,275.0,225.0,204.0,152.0,11.0,11.0,,,119.0,205.0,191.0,161.0,129.0,105.0,112.0,128.0,,,1933.0,1909.0,1534.0,1523.0,3553.0,3769.0,3547.0,3213.0,2415.0,2367.0,2080.0,1979.0,2914.0,4671.0,,,,,,,,,,,,,,,,,,,,,,,,,,,,,,,3072301.0,173058.0,17753.0,2988851.0,154622.0,19330.0,3678686.0,272515.0,13499.0,2879152.0,222260.0,12954.0,3339459.0,187263.0,17833.0,3467743.0,178584.0,19418.0,4709947.0,266039.0,17704.0,4311028.0,223323.0,19304.0,3710896.0,212915.0,17429.0,3384396.0,177976.0,19016.0,0.0,0.0,5908.75,6996.75,0.0,0.0,0.0,0.0,0.0,0.0,0.0,0.0,0.0,0.0,0.0,0.0,2106.25,2477.0,0.0,0.0,0.0,0.0,148.75,822.25,0.0,0.0,0.0,0.0,0.0,0.0,0.0,0.0,0.0,0.0,0.0,0.0,545.0,917.0,0.0,0.0,0.0,0.0,34.25,434.25,0.0,0.0,0.0,0.0,0.0,0.0,0.0,0.0,0.0,0.0,0.0,0.0,275.0,1093.25,0.0,0.0,0.0,0.0,8.25,109.5,0.0,0.0,0.0,0.0,0.0,0.0,0.0,0.0,0.0,0.0,0.0,0.0,53.75,332.25,0.0,0.0
Valby,2007,551.0,531.0,394.0,378.0,194.0,187.0,,55.0,,0.0,0.0,0.0,0.0,0.0,37.0,47.0,,,27.0,26.0,,19.0,,13.0,,,6.0,3.0,26.0,35.0,160.0,170.0,378.0,436.0,542.0,594.0,505.0,443.0,303.0,232.0,217.0,161.0,14.0,13.0,,,154.0,236.0,201.0,171.0,132.0,99.0,,,110.0,167.0,1912.0,1856.0,1531.0,1547.0,3453.0,3658.0,3432.0,3131.0,2477.0,2412.0,2003.0,1971.0,2899.0,4562.0,,,,,,,,,,,,,,,,,,,,,,,,,,,,,,,3225234.0,179739.0,17944.0,3057044.0,158036.0,19344.0,4016216.0,288521.0,13920.0,3055950.0,231845.0,13181.0,3482659.0,193298.0,18017.0,3573686.0,184078.0,19414.0,5075650.0,283667.0,17893.0,4484461.0,232091.0,19322.0,3939713.0,225217.0,17493.0,3455549.0,181919.0,18995.0,0.0,0.0,5928.25,6866.25,0.0,0.0,0.0,0.0,0.0,0.0,0.0,0.0,0.0,0.0,0.0,0.0,2112.25,2429.5,0.0,0.0,0.0,0.0,158.75,841.25,0.0,0.0,0.0,0.0,0.0,0.0,0.0,0.0,0.0,0.0,0.0,0.0,539.75,962.75,0.0,0.0,0.0,0.0,39.75,417.25,0.0,0.0,0.0,0.0,0.0,0.0,0.0,0.0,0.0,0.0,0.0,0.0,292.0,1103.5,0.0,0.0,0.0,0.0,4.0,114.25,0.0,0.0,0.0,0.0,0.0,0.0,0.0,0.0,0.0,0.0,0.0,0.0,46.0,326.0,0.0,0.0
Valby,2008,541.0,508.0,425.0,403.0,187.0,202.0,,68.0,,0.0,0.0,0.0,0.0,0.0,36.0,46.0,,,30.0,29.0,,19.0,,15.0,,,9.0,4.0,22.0,37.0,131.0,156.0,374.0,439.0,554.0,596.0,517.0,471.0,301.0,268.0,254.0,170.0,15.0,15.0,,,194.0,279.0,222.0,186.0,146.0,96.0,,,120.0,159.0,1974.0,1869.0,1532.0,1559.0,3414.0,3649.0,3502.0,3108.0,2495.0,2422.0,1971.0,1938.0,2929.0,4466.0,1429.0,759.0,454.0,279.0,382.0,199.0,114.0,54.0,26.0,33.0,458.0,305.0,188.0,124.0,215.0,119.0,68.0,47.0,29.0,31.0,428.0,184.0,122.0,70.0,79.0,225.0,88.0,43.0,30.0,24.0,3272820.0,180410.0,18141.0,3203962.0,164188.0,19514.0,4244031.0,305019.0,13914.0,3326840.0,247312.0,13452.0,3575827.0,196388.0,18208.0,3695825.0,188726.0,19583.0,5237403.0,289615.0,18084.0,4762941.0,244316.0,19495.0,4038090.0,228360.0,17683.0,3599155.0,187485.0,19197.0,0.0,0.0,5941.0,6787.25,0.0,0.0,0.0,0.0,0.0,0.0,0.0,0.0,0.0,0.0,0.0,0.0,2143.75,2414.5,0.0,0.0,0.0,0.0,164.75,869.75,0.0,0.0,0.0,0.0,0.0,0.0,0.0,0.0,0.0,0.0,0.0,0.0,591.75,985.0,0.0,0.0,0.0,0.0,45.5,433.5,0.0,0.0,0.0,0.0,0.0,0.0,0.0,0.0,0.0,0.0,0.0,0.0,284.25,1135.75,0.0,0.0,0.0,0.0,3.5,111.25,0.0,0.0,0.0,0.0,0.0,0.0,0.0,0.0,0.0,0.0,0.0,0.0,46.75,325.5,0.0,0.0
Valby,2009,528.0,514.0,441.0,409.0,192.0,204.0,,,,,0.0,0.0,0.0,0.0,35.0,37.0,,,28.0,28.0,,,,,,,,,34.0,45.0,127.0,145.0,427.0,488.0,543.0,604.0,548.0,510.0,310.0,275.0,271.0,192.0,13.0,20.0,,,250.0,320.0,261.0,204.0,169.0,115.0,,,,,2140.0,2025.0,1548.0,1578.0,3378.0,3736.0,3621.0,3160.0,2530.0,2448.0,1939.0,1946.0,2873.0,4333.0,1547.0,947.0,677.0,450.0,595.0,167.0,112.0,83.0,47.0,56.0,489.0,331.0,268.0,201.0,273.0,170.0,82.0,62.0,30.0,58.0,495.0,308.0,194.0,146.0,161.0,226.0,114.0,70.0,26.0,47.0,3426943.0,185994.0,18425.0,3369761.0,170612.0,19751.0,4261823.0,306121.0,13922.0,3463733.0,252883.0,13697.0,3747490.0,202666.0,18491.0,3884940.0,195725.0,19849.0,5335674.0,290487.0,18368.0,4920136.0,249487.0,19721.0,4102033.0,228360.0,17963.0,3740802.0,192825.0,19400.0,0.0,0.0,5852.25,6641.75,0.0,0.0,0.0,0.0,0.0,0.0,0.0,0.0,0.0,0.0,0.0,0.0,2156.75,2392.75,0.0,0.0,0.0,0.0,168.25,877.75,0.0,0.0,0.0,0.0,0.0,0.0,0.0,0.0,0.0,0.0,0.0,0.0,608.75,1025.25,0.0,0.0,0.0,0.0,43.25,461.0,0.0,0.0,0.0,0.0,0.0,0.0,0.0,0.0,0.0,0.0,0.0,0.0,291.25,1156.75,0.0,0.0,0.0,0.0,3.75,128.0,0.0,0.0,0.0,0.0,0.0,0.0,0.0,0.0,0.0,0.0,0.0,0.0,40.25,335.75,0.0,0.0
Valby,2010,517.0,487.0,465.0,442.0,218.0,221.0,66.0,111.0,,,,0.0,0.0,,42.0,43.0,,,25.0,35.0,25.0,24.0,,,,,8.0,,37.0,36.0,118.0,123.0,466.0,489.0,547.0,610.0,550.0,538.0,322.0,298.0,296.0,207.0,21.0,20.0,,,271.0,334.0,272.0,249.0,178.0,118.0,,,131.0,163.0,2217.0,2141.0,1555.0,1600.0,3381.0,3748.0,3758.0,3305.0,2509.0,2415.0,1956.0,1960.0,2875.0,4215.0,1632.0,1104.0,744.0,546.0,823.0,178.0,163.0,99.0,65.0,98.0,523.0,360.0,261.0,216.0,328.0,192.0,102.0,60.0,42.0,79.0,459.0,341.0,246.0,174.0,256.0,280.0,138.0,78.0,49.0,62.0,3725294.0,198428.0,18774.0,3627246.0,181899.0,19941.0,4362585.0,315011.0,13849.0,3586098.0,260997.0,13740.0,4060147.0,215370.0,18852.0,4185521.0,209307.0,19997.0,5524464.0,294905.0,18733.0,5106023.0,256095.0,19938.0,4335663.0,239672.0,18090.0,3939222.0,203210.0,19385.0,0.0,0.0,5800.5,6548.25,0.0,0.0,0.0,0.0,0.0,0.0,0.0,0.0,0.0,0.0,0.0,0.0,2199.5,2379.5,0.0,0.0,0.0,0.0,176.75,896.25,0.0,0.0,0.0,0.0,0.0,0.0,0.0,0.0,0.0,0.0,0.0,0.0,619.75,1026.0,0.0,0.0,0.0,0.0,45.5,461.75,0.0,0.0,0.0,0.0,0.0,0.0,0.0,0.0,0.0,0.0,0.0,0.0,307.75,1197.0,0.0,0.0,0.0,0.0,2.0,128.25,0.0,0.0,0.0,0.0,0.0,0.0,0.0,0.0,0.0,0.0,0.0,0.0,47.75,335.25,0.0,0.0
Valby,2011,485.0,455.0,464.0,451.0,238.0,237.0,88.0,115.0,,,,0.0,0.0,,49.0,53.0,,,28.0,36.0,27.0,26.0,,,12.0,,6.0,,44.0,48.0,101.0,132.0,478.0,509.0,553.0,612.0,570.0,562.0,355.0,323.0,311.0,219.0,30.0,25.0,,,301.0,355.0,312.0,302.0,183.0,116.0,,,135.0,162.0,2389.0,2236.0,1573.0,1586.0,3434.0,3750.0,3794.0,3416.0,2532.0,2417.0,1949.0,1981.0,2834.0,4080.0,1662.0,1048.0,756.0,596.0,779.0,229.0,159.0,106.0,85.0,105.0,500.0,330.0,242.0,199.0,277.0,194.0,102.0,58.0,47.0,75.0,468.0,311.0,252.0,195.0,244.0,271.0,146.0,98.0,70.0,78.0,3830990.0,201854.0,18979.0,3739517.0,183814.0,20344.0,4492363.0,320220.0,14029.0,3675781.0,262163.0,14021.0,4167869.0,218637.0,19063.0,4323664.0,211892.0,20405.0,5690532.0,300244.0,18953.0,5266109.0,258917.0,20339.0,4467575.0,243744.0,18329.0,4072277.0,205931.0,19775.0,0.0,0.0,5714.5,6401.5,0.0,0.0,0.0,0.0,0.0,0.0,0.0,0.0,0.0,0.0,0.0,0.0,2177.25,2345.5,0.0,0.0,0.0,0.0,179.75,938.0,0.0,0.0,0.0,0.0,0.0,0.0,0.0,0.0,0.0,0.0,0.0,0.0,664.75,1048.5,0.0,0.0,0.0,0.0,38.0,455.0,0.0,0.0,0.0,0.0,0.0,0.0,0.0,0.0,0.0,0.0,0.0,0.0,356.75,1260.25,0.0,0.0,0.0,0.0,2.0,120.5,0.0,0.0,0.0,0.0,0.0,0.0,0.0,0.0,0.0,0.0,0.0,0.0,55.0,364.5,0.0,0.0
Valby,2012,460.0,436.0,485.0,515.0,267.0,250.0,112.0,137.0,5.0,,0.0,,0.0,,57.0,64.0,,,29.0,33.0,33.0,38.0,8.0,,,5.0,4.0,,37.0,42.0,99.0,116.0,438.0,482.0,580.0,643.0,583.0,589.0,370.0,342.0,342.0,227.0,24.0,24.0,,,314.0,391.0,299.0,317.0,181.0,113.0,,,145.0,164.0,2509.0,2388.0,1599.0,1614.0,3459.0,3843.0,3754.0,3437.0,2577.0,2454.0,1922.0,1987.0,2886.0,4090.0,1684.0,1063.0,773.0,541.0,833.0,224.0,161.0,137.0,101.0,122.0,455.0,313.0,219.0,153.0,298.0,193.0,105.0,61.0,48.0,71.0,526.0,345.0,246.0,167.0,252.0,286.0,139.0,110.0,72.0,90.0,3994546.0,206501.0,19344.0,3881612.0,186697.0,20791.0,4634960.0,324305.0,14292.0,3803205.0,265754.0,14311.0,4330855.0,222999.0,19421.0,4501305.0,215755.0,20863.0,5935954.0,307196.0,19323.0,5464525.0,262857.0,20789.0,4646047.0,247842.0,18746.0,4244038.0,209551.0,20253.0,0.0,0.0,5564.5,6285.25,0.0,0.0,0.0,0.0,0.0,0.0,0.0,0.0,0.0,0.0,0.0,0.0,2195.5,2296.75,0.0,0.0,0.0,0.0,200.25,972.0,0.0,0.0,0.0,0.0,0.0,0.0,0.0,0.0,0.0,0.0,0.0,0.0,658.5,1051.25,0.0,0.0,0.0,0.0,36.0,469.5,0.0,0.0,0.0,0.0,0.0,0.0,0.0,0.0,0.0,0.0,0.0,0.0,382.25,1295.0,0.0,0.0,0.0,0.0,5.0,128.0,0.0,0.0,0.0,0.0,0.0,0.0,0.0,0.0,0.0,0.0,0.0,0.0,53.25,387.75,0.0,0.0
Valby,2013,460.0,429.0,496.0,513.0,307.0,282.0,110.0,153.0,,,,,0.0,,69.0,80.0,,,31.0,35.0,34.0,34.0,,,13.0,,5.0,,40.0,39.0,97.0,107.0,417.0,501.0,590.0,655.0,552.0,587.0,386.0,356.0,352.0,239.0,27.0,28.0,,,339.0,421.0,341.0,330.0,202.0,133.0,,,152.0,159.0,2558.0,2501.0,1611.0,1620.0,3606.0,4077.0,3693.0,3400.0,2671.0,2479.0,1958.0,2066.0,2878.0,4040.0,1828.0,1119.0,746.0,535.0,777.0,263.0,179.0,138.0,79.0,110.0,467.0,294.0,194.0,184.0,264.0,169.0,111.0,65.0,39.0,58.0,552.0,361.0,242.0,165.0,245.0,377.0,174.0,107.0,68.0,100.0,4179450.0,209349.0,19964.0,4040952.0,190737.0,21186.0,4853410.0,325165.0,14926.0,3949570.0,268678.0,14700.0,4526018.0,226097.0,20018.0,4681120.0,220278.0,21251.0,6142620.0,308055.0,19940.0,5657912.0,267210.0,21174.0,4805960.0,248678.0,19326.0,4362813.0,211428.0,20635.0,0.0,0.0,5545.25,6173.25,0.0,0.0,0.0,0.0,0.0,0.0,0.0,0.0,0.0,0.0,0.0,0.0,2329.0,2247.25,0.0,0.0,0.0,0.0,205.5,1015.5,0.0,0.0,0.0,0.0,0.0,0.0,0.0,0.0,0.0,0.0,0.0,0.0,682.0,1048.5,0.0,0.0,0.0,0.0,37.25,479.75,0.0,0.0,0.0,0.0,0.0,0.0,0.0,0.0,0.0,0.0,0.0,0.0,400.25,1343.5,0.0,0.0,0.0,0.0,5.25,136.5,0.0,0.0,0.0,0.0,0.0,0.0,0.0,0.0,0.0,0.0,0.0,0.0,55.5,387.0,0.0,0.0
Valby,2014,457.0,424.0,524.0,519.0,316.0,299.0,121.0,162.0,,,,,0.0,,76.0,73.0,24.0,14.0,34.0,41.0,31.0,31.0,,,,,8.0,,59.0,49.0,76.0,91.0,423.0,528.0,643.0,695.0,566.0,599.0,416.0,375.0,345.0,253.0,30.0,30.0,24.0,33.0,385.0,458.0,352.0,360.0,226.0,143.0,124.0,108.0,154.0,176.0,2657.0,2595.0,1637.0,1624.0,3925.0,4269.0,3684.0,3349.0,2697.0,2532.0,2008.0,2090.0,2894.0,4011.0,1626.0,983.0,717.0,462.0,617.0,281.0,192.0,150.0,91.0,99.0,265.0,173.0,164.0,116.0,197.0,127.0,65.0,46.0,25.0,43.0,561.0,343.0,230.0,160.0,195.0,392.0,210.0,127.0,70.0,83.0,4336899.0,214900.0,20181.0,4204514.0,195341.0,21524.0,5014178.0,329793.0,15204.0,4112243.0,271668.0,15137.0,4706949.0,232626.0,20234.0,4854375.0,225021.0,21573.0,6321492.0,313877.0,20140.0,5861738.0,272411.0,21518.0,4908422.0,251598.0,19509.0,4482952.0,213943.0,20954.0,0.0,0.0,5440.5,6072.75,0.0,0.0,0.0,0.0,0.0,0.0,0.0,0.0,0.0,0.0,0.0,0.0,2414.0,2238.25,0.0,0.0,0.0,0.0,190.5,1026.0,0.0,0.0,0.0,0.0,0.0,0.0,0.0,0.0,0.0,0.0,0.0,0.0,706.75,1049.75,0.0,0.0,0.0,0.0,41.25,493.75,0.0,0.0,0.0,0.0,0.0,0.0,0.0,0.0,0.0,0.0,0.0,0.0,422.5,1357.75,0.0,0.0,0.0,0.0,5.5,138.25,0.0,0.0,0.0,0.0,0.0,0.0,0.0,0.0,0.0,0.0,0.0,0.0,61.0,393.0,0.0,0.0
Valby,2015,443.0,437.0,506.0,524.0,324.0,327.0,141.0,173.0,,,0.0,,,,78.0,88.0,20.0,17.0,36.0,39.0,35.0,30.0,,,10.0,,,,48.0,62.0,96.0,93.0,401.0,514.0,667.0,727.0,557.0,608.0,437.0,404.0,371.0,272.0,41.0,34.0,31.0,30.0,436.0,508.0,383.0,371.0,243.0,172.0,137.0,105.0,162.0,188.0,2698.0,2652.0,1643.0,1665.0,3996.0,4335.0,3621.0,3351.0,2738.0,2536.0,2069.0,2166.0,2854.0,3967.0,1715.0,975.0,628.0,439.0,480.0,310.0,239.0,148.0,79.0,96.0,277.0,145.0,133.0,110.0,142.0,145.0,71.0,47.0,38.0,32.0,510.0,322.0,186.0,138.0,138.0,473.0,198.0,114.0,74.0,72.0,4533744.0,220288.0,20581.0,4381478.0,199122.0,22004.0,5247915.0,337573.0,15546.0,4292638.0,275063.0,15606.0,4915641.0,238092.0,20646.0,5063238.0,229511.0,22061.0,6657982.0,324305.0,20530.0,6138035.0,278976.0,22002.0,5183223.0,261198.0,19844.0,4688643.0,218911.0,21418.0,0.0,0.0,5381.75,6032.5,0.0,0.0,0.0,0.0,0.0,0.0,0.0,0.0,0.0,0.0,0.0,0.0,2488.5,2190.25,0.0,0.0,0.0,0.0,202.75,1028.0,0.0,0.0,0.0,0.0,0.0,0.0,0.0,0.0,0.0,0.0,0.0,0.0,708.75,1025.0,0.0,0.0,0.0,0.0,42.25,504.5,0.0,0.0,0.0,0.0,0.0,0.0,0.0,0.0,0.0,0.0,0.0,0.0,449.75,1369.5,0.0,0.0,0.0,0.0,7.25,113.75,0.0,0.0,0.0,0.0,0.0,0.0,0.0,0.0,0.0,0.0,0.0,0.0,67.5,408.75,0.0,0.0
Valby,2016,452.0,419.0,514.0,506.0,361.0,393.0,158.0,174.0,,,,,,,94.0,88.0,18.0,20.0,49.0,40.0,38.0,30.0,,,,,,,58.0,68.0,82.0,88.0,398.0,524.0,706.0,788.0,590.0,619.0,466.0,439.0,399.0,309.0,36.0,34.0,48.0,34.0,512.0,594.0,449.0,418.0,297.0,177.0,144.0,106.0,158.0,192.0,2708.0,2628.0,1717.0,1677.0,4093.0,4555.0,3454.0,3254.0,2803.0,2556.0,2118.0,2229.0,2880.0,3909.0,1674.0,1043.0,660.0,347.0,439.0,391.0,275.0,167.0,95.0,105.0,252.0,179.0,131.0,65.0,126.0,124.0,67.0,55.0,31.0,37.0,472.0,305.0,189.0,97.0,112.0,435.0,217.0,118.0,59.0,59.0,4773573.0,224829.0,21232.0,4553913.0,201545.0,22595.0,5621725.0,345082.0,16291.0,4518015.0,277980.0,16253.0,5154749.0,241950.0,21305.0,5298163.0,233718.0,22669.0,6995251.0,330339.0,21176.0,6347326.0,280967.0,22591.0,5438137.0,266366.0,20416.0,4851649.0,221607.0,21893.0,0.0,0.0,5338.75,5982.75,0.0,0.0,0.0,0.0,0.0,0.0,0.0,0.0,0.0,0.0,0.0,0.0,2631.75,2186.25,0.0,0.0,0.0,0.0,215.0,1041.75,0.0,0.0,0.0,0.0,0.0,0.0,0.0,0.0,0.0,0.0,0.0,0.0,727.25,1034.0,0.0,0.0,0.0,0.0,43.25,519.75,0.0,0.0,0.0,0.0,0.0,0.0,0.0,0.0,0.0,0.0,0.0,0.0,454.25,1391.75,0.0,0.0,0.0,0.0,6.5,113.5,0.0,0.0,0.0,0.0,0.0,0.0,0.0,0.0,0.0,0.0,0.0,0.0,82.0,432.25,0.0,0.0
Valby,2017,481.0,449.0,508.0,496.0,377.0,429.0,171.0,180.0,,,,,,,101.0,94.0,26.0,25.0,52.0,35.0,39.0,31.0,,,,,,,83.0,84.0,96.0,92.0,429.0,546.0,810.0,844.0,585.0,632.0,483.0,465.0,416.0,326.0,44.0,39.0,47.0,33.0,580.0,656.0,504.0,489.0,295.0,211.0,169.0,121.0,153.0,195.0,2807.0,2612.0,1767.0,1748.0,4345.0,4856.0,3407.0,3198.0,2833.0,2568.0,2172.0,2264.0,2955.0,3939.0,1847.0,1051.0,660.0,405.0,406.0,511.0,329.0,196.0,112.0,94.0,241.0,155.0,125.0,87.0,122.0,111.0,62.0,54.0,27.0,42.0,514.0,279.0,149.0,86.0,94.0,470.0,226.0,136.0,93.0,54.0,5052543.0,228985.0,22065.0,4785790.0,205938.0,23239.0,5957231.0,347969.0,17120.0,4830800.0,284148.0,17001.0,5458569.0,246581.0,22137.0,5598569.0,240138.0,23314.0,7390983.0,335832.0,22008.0,6680131.0,287676.0,23221.0,5693457.0,269653.0,21114.0,5103497.0,227520.0,22431.0,0.0,0.0,5319.0,5930.0,0.0,0.0,0.0,0.0,0.0,0.0,0.0,0.0,0.0,0.0,0.0,0.0,2752.25,2240.0,0.0,0.0,0.0,0.0,216.75,1048.5,0.0,0.0,0.0,0.0,0.0,0.0,0.0,0.0,0.0,0.0,0.0,0.0,794.0,1086.0,0.0,0.0,0.0,0.0,54.25,507.5,0.0,0.0,0.0,0.0,0.0,0.0,0.0,0.0,0.0,0.0,0.0,0.0,479.75,1401.5,0.0,0.0,0.0,0.0,5.5,118.75,0.0,0.0,0.0,0.0,0.0,0.0,0.0,0.0,0.0,0.0,0.0,0.0,78.0,459.75,0.0,0.0
Valby,2018,470.0,421.0,495.0,484.0,438.0,457.0,182.0,178.0,,,,,,,118.0,102.0,27.0,32.0,44.0,28.0,42.0,39.0,,,,,,,89.0,101.0,99.0,91.0,453.0,592.0,875.0,866.0,604.0,641.0,498.0,492.0,451.0,356.0,39.0,49.0,50.0,58.0,659.0,749.0,593.0,530.0,315.0,258.0,180.0,122.0,165.0,206.0,2819.0,2676.0,1825.0,1804.0,4631.0,5120.0,3406.0,3170.0,2870.0,2613.0,2189.0,2297.0,2983.0,3936.0,1628.0,1026.0,595.0,378.0,409.0,426.0,307.0,173.0,112.0,116.0,207.0,169.0,89.0,92.0,113.0,99.0,58.0,54.0,28.0,26.0,436.0,262.0,142.0,83.0,95.0,460.0,230.0,137.0,63.0,59.0,5468155.0,238025.0,22973.0,5053202.0,210445.0,24012.0,6548153.0,364130.0,17983.0,5162611.0,290442.0,17775.0,5862781.0,254306.0,23054.0,5948603.0,247076.0,24076.0,7996295.0,348985.0,22913.0,7021470.0,292634.0,23994.0,6051959.0,276383.0,21897.0,5273655.0,228475.0,23082.0,0.0,0.0,5390.25,5988.0,0.0,0.0,0.0,0.0,0.0,0.0,0.0,0.0,0.0,0.0,0.0,0.0,2932.25,2286.25,0.0,0.0,0.0,0.0,225.5,1085.75,0.0,0.0,0.0,0.0,0.0,0.0,0.0,0.0,0.0,0.0,0.0,0.0,840.0,1142.75,0.0,0.0,0.0,0.0,60.25,504.25,0.0,0.0,0.0,0.0,0.0,0.0,0.0,0.0,0.0,0.0,0.0,0.0,487.5,1431.25,0.0,0.0,0.0,0.0,3.5,119.5,0.0,0.0,0.0,0.0,0.0,0.0,0.0,0.0,0.0,0.0,0.0,0.0,71.25,478.0,0.0,0.0
Valby,2019,467.0,408.0,479.0,467.0,493.0,498.0,188.0,204.0,,,,,,,126.0,111.0,34.0,32.0,49.0,31.0,36.0,39.0,,,,,,,106.0,110.0,117.0,94.0,453.0,609.0,957.0,935.0,597.0,674.0,509.0,521.0,466.0,376.0,41.0,53.0,52.0,58.0,744.0,775.0,671.0,603.0,333.0,281.0,208.0,123.0,165.0,213.0,2812.0,2751.0,1945.0,1893.0,4985.0,5423.0,3465.0,3239.0,2935.0,2656.0,2216.0,2294.0,3019.0,3938.0,1714.0,1039.0,653.0,411.0,429.0,443.0,358.0,210.0,126.0,113.0,233.0,137.0,119.0,77.0,113.0,94.0,72.0,41.0,18.0,39.0,449.0,238.0,146.0,111.0,95.0,495.0,234.0,137.0,79.0,69.0,5880221.0,246913.0,23815.0,5366727.0,216156.0,24828.0,6933978.0,365620.0,18965.0,5509036.0,296280.0,18594.0,6269105.0,262306.0,23900.0,6365809.0,255758.0,24890.0,8638966.0,363440.0,23770.0,7488489.0,301748.0,24817.0,6417374.0,280615.0,22869.0,5642413.0,235405.0,23969.0,0.0,0.0,5532.75,6064.25,0.0,0.0,0.0,0.0,0.0,0.0,0.0,0.0,0.0,0.0,0.0,0.0,3123.75,2334.5,0.0,0.0,0.0,0.0,233.75,1102.5,0.0,0.0,0.0,0.0,0.0,0.0,0.0,0.0,0.0,0.0,0.0,0.0,900.0,1163.75,0.0,0.0,0.0,0.0,61.25,509.0,0.0,0.0,0.0,0.0,0.0,0.0,0.0,0.0,0.0,0.0,0.0,0.0,484.5,1493.75,0.0,0.0,0.0,0.0,4.75,121.75,0.0,0.0,0.0,0.0,0.0,0.0,0.0,0.0,0.0,0.0,0.0,0.0,68.5,489.25,0.0,0.0
Valby,2020,488.0,401.0,472.0,448.0,540.0,527.0,220.0,230.0,74.0,91.0,,,,,135.0,128.0,37.0,41.0,52.0,35.0,37.0,34.0,25.0,26.0,,,,,119.0,134.0,124.0,104.0,540.0,652.0,1031.0,989.0,625.0,670.0,537.0,555.0,495.0,408.0,45.0,42.0,51.0,60.0,755.0,841.0,716.0,652.0,357.0,308.0,227.0,140.0,173.0,217.0,2855.0,2770.0,2009.0,1997.0,5204.0,5629.0,3520.0,3293.0,2972.0,2702.0,2297.0,2293.0,3058.0,4050.0,1820.0,1050.0,830.0,538.0,716.0,464.0,302.0,247.0,141.0,187.0,255.0,143.0,117.0,107.0,167.0,144.0,67.0,47.0,51.0,64.0,460.0,270.0,210.0,137.0,170.0,497.0,268.0,209.0,102.0,128.0,6297696.0,255174.0,24680.0,5811525.0,227030.0,25598.0,7487376.0,384500.0,19473.0,6007996.0,314078.0,19129.0,6754274.0,272185.0,24815.0,6841636.0,266232.0,25698.0,9223834.0,373995.0,24663.0,8127327.0,317561.0,25593.0,6946422.0,293333.0,23681.0,6096470.0,247392.0,24643.0,0.0,0.0,5746.5,6298.0,0.0,0.0,0.0,0.0,0.0,0.0,0.0,0.0,0.0,0.0,0.0,0.0,3291.0,2390.5,0.0,0.0,0.0,0.0,252.25,1133.0,0.0,0.0,0.0,0.0,0.0,0.0,0.0,0.0,0.0,0.0,0.0,0.0,944.5,1208.0,0.0,0.0,0.0,0.0,52.0,523.5,0.0,0.0,0.0,0.0,0.0,0.0,0.0,0.0,0.0,0.0,0.0,0.0,518.0,1592.75,0.0,0.0,0.0,0.0,6.75,117.25,0.0,0.0,0.0,0.0,0.0,0.0,0.0,0.0,0.0,0.0,0.0,0.0,71.5,477.75,0.0,0.0
Valby,2021,471.0,404.0,446.0,432.0,585.0,551.0,243.0,245.0,80.0,97.0,,,,,150.0,136.0,48.0,45.0,50.0,35.0,40.0,32.0,27.0,33.0,,,,,114.0,130.0,121.0,104.0,496.0,590.0,1070.0,1034.0,643.0,682.0,575.0,598.0,542.0,454.0,37.0,43.0,56.0,59.0,762.0,858.0,775.0,716.0,368.0,325.0,215.0,150.0,174.0,216.0,2933.0,2852.0,2094.0,2073.0,5507.0,5888.0,3629.0,3404.0,2966.0,2776.0,2322.0,2280.0,3122.0,4068.0,1775.0,1228.0,809.0,493.0,521.0,526.0,419.0,244.0,117.0,133.0,220.0,152.0,118.0,102.0,129.0,127.0,80.0,44.0,33.0,49.0,412.0,294.0,212.0,131.0,117.0,490.0,283.0,191.0,110.0,93.0,6883552.0,267822.0,25702.0,6265145.0,237992.0,26325.0,8204370.0,390591.0,21005.0,6558224.0,322240.0,20352.0,7381021.0,285323.0,25869.0,7406556.0,279630.0,26487.0,10082936.0,392577.0,25684.0,8769531.0,333214.0,26318.0,7541493.0,307102.0,24557.0,6534641.0,257624.0,25365.0,0.0,0.0,6041.5,6575.5,0.0,0.0,0.0,0.0,0.0,0.0,0.0,0.0,0.0,0.0,0.0,0.0,3459.0,2440.25,0.0,0.0,0.0,0.0,242.5,1132.0,0.0,0.0,0.0,0.0,0.0,0.0,0.0,0.0,0.0,0.0,0.0,0.0,972.0,1238.0,0.0,0.0,0.0,0.0,56.5,518.25,0.0,0.0,0.0,0.0,0.0,0.0,0.0,0.0,0.0,0.0,0.0,0.0,538.75,1641.5,0.0,0.0,0.0,0.0,8.5,114.5,0.0,0.0,0.0,0.0,0.0,0.0,0.0,0.0,0.0,0.0,0.0,0.0,79.25,485.0,0.0,0.0
Valby,2022,450.0,412.0,426.0,415.0,669.0,649.0,280.0,258.0,97.0,119.0,,,,,157.0,166.0,50.0,45.0,61.0,36.0,47.0,32.0,26.0,33.0,,,,,116.0,139.0,134.0,120.0,532.0,633.0,1139.0,1081.0,702.0,694.0,583.0,594.0,570.0,501.0,52.0,40.0,61.0,71.0,836.0,931.0,866.0,807.0,404.0,361.0,211.0,166.0,188.0,225.0,2982.0,2826.0,2176.0,2117.0,6032.0,6181.0,3626.0,3442.0,2950.0,2702.0,2361.0,2299.0,3128.0,4085.0,2108.0,1121.0,640.0,304.0,242.0,671.0,375.0,197.0,85.0,63.0,244.0,176.0,92.0,53.0,47.0,130.0,67.0,38.0,20.0,30.0,477.0,230.0,151.0,79.0,55.0,586.0,273.0,162.0,67.0,47.0,7129784.0,272306.0,26183.0,6371274.0,238839.0,26676.0,8733081.0,403413.0,21648.0,6955003.0,332966.0,20888.0,7605934.0,289364.0,26285.0,7592442.0,283893.0,26744.0,10463754.0,399945.0,26163.0,8971940.0,336355.0,26674.0,7735413.0,308663.0,25061.0,6695298.0,259598.0,25791.0,0.0,0.0,6441.0,6903.75,0.0,0.0,0.0,0.0,0.0,0.0,0.0,0.0,0.0,0.0,0.0,0.0,3536.25,2483.0,0.0,0.0,0.0,0.0,245.5,1129.25,0.0,0.0,0.0,0.0,0.0,0.0,0.0,0.0,0.0,0.0,0.0,0.0,962.25,1246.75,0.0,0.0,0.0,0.0,62.5,526.0,0.0,0.0,0.0,0.0,0.0,0.0,0.0,0.0,0.0,0.0,0.0,0.0,571.75,1665.5,0.0,0.0,0.0,0.0,9.0,121.75,0.0,0.0,0.0,0.0,0.0,0.0,0.0,0.0,0.0,0.0,0.0,0.0,88.5,483.5,0.0,0.0
Valby,2023,432.0,394.0,414.0,381.0,670.0,623.0,325.0,304.0,100.0,129.0,,,,,157.0,171.0,58.0,48.0,60.0,40.0,33.0,34.0,28.0,31.0,,,,,218.0,222.0,272.0,260.0,710.0,804.0,1297.0,1358.0,804.0,883.0,608.0,703.0,654.0,649.0,59.0,54.0,54.0,72.0,876.0,981.0,938.0,869.0,430.0,375.0,228.0,184.0,194.0,222.0,2961.0,2793.0,2230.0,2165.0,6037.0,6111.0,3702.0,3481.0,2859.0,2643.0,2402.0,2334.0,3150.0,4092.0,1874.0,1131.0,603.0,342.0,285.0,552.0,361.0,184.0,90.0,91.0,216.0,129.0,75.0,57.0,54.0,119.0,84.0,42.0,34.0,25.0,472.0,259.0,153.0,82.0,56.0,515.0,298.0,149.0,79.0,59.0,7636166.0,292473.0,26109.0,6765750.0,252850.0,26758.0,9239276.0,424775.0,21751.0,7340209.0,348936.0,21036.0,8150035.0,311367.0,26175.0,8167225.0,304010.0,26865.0,11227869.0,430847.0,26060.0,9556080.0,357557.0,26726.0,8158668.0,320866.0,25427.0,7001448.0,266630.0,26259.0,0.0,0.0,6577.0,6958.25,0.0,0.0,0.0,0.0,0.0,0.0,0.0,0.0,0.0,0.0,0.0,0.0,3539.5,2568.0,0.0,0.0,0.0,0.0,249.75,1101.25,0.0,0.0,0.0,0.0,0.0,0.0,0.0,0.0,0.0,0.0,0.0,0.0,962.5,1252.0,0.0,0.0,0.0,0.0,65.25,525.25,0.0,0.0,0.0,0.0,0.0,0.0,0.0,0.0,0.0,0.0,0.0,0.0,609.75,1723.25,0.0,0.0,0.0,0.0,9.5,120.75,0.0,0.0,0.0,0.0,0.0,0.0,0.0,0.0,0.0,0.0,0.0,0.0,98.75,484.5,0.0,0.0
Valby,2024,399.0,359.0,406.0,369.0,639.0,637.0,346.0,302.0,106.0,136.0,,,,,157.0,177.0,65.0,53.0,71.0,45.0,36.0,37.0,28.0,28.0,,,,,169.0,168.0,241.0,203.0,817.0,824.0,1244.0,1282.0,830.0,838.0,574.0,659.0,685.0,666.0,60.0,60.0,47.0,71.0,848.0,983.0,1007.0,916.0,441.0,392.0,239.0,192.0,198.0,225.0,2904.0,2731.0,2236.0,2168.0,5763.0,5904.0,3733.0,3499.0,2773.0,2581.0,2426.0,2363.0,3234.0,4088.0,,,,,,,,,,,,,,,,,,,,,,,,,,,,,,,8212377.0,309527.0,26532.0,7189061.0,265367.0,27091.0,9830083.0,443756.0,22152.0,7932934.0,371253.0,21368.0,8802618.0,331125.0,26584.0,8696274.0,320022.0,27174.0,12158696.0,458905.0,26495.0,10248866.0,378816.0,27055.0,8761458.0,337693.0,25945.0,7544727.0,283338.0,26628.0,0.0,0.0,6633.0,6949.5,0.0,0.0,0.0,0.0,0.0,0.0,0.0,0.0,0.0,0.0,0.0,0.0,3573.75,2623.75,0.0,0.0,0.0,0.0,270.75,1129.5,0.0,0.0,0.0,0.0,0.0,0.0,0.0,0.0,0.0,0.0,0.0,0.0,888.25,1278.5,0.0,0.0,0.0,0.0,62.5,536.5,0.0,0.0,0.0,0.0,0.0,0.0,0.0,0.0,0.0,0.0,0.0,0.0,617.0,1757.5,0.0,0.0,0.0,0.0,11.25,117.25,0.0,0.0,0.0,0.0,0.0,0.0,0.0,0.0,0.0,0.0,0.0,0.0,96.0,471.5,0.0,0.0
Valby,2025,376.0,340.0,405.0,368.0,580.0,609.0,380.0,319.0,121.0,142.0,,,,,155.0,182.0,72.0,69.0,65.0,40.0,45.0,33.0,30.0,29.0,,,,,145.0,163.0,245.0,206.0,837.0,852.0,1242.0,1235.0,848.0,871.0,563.0,659.0,716.0,680.0,58.0,68.0,46.0,54.0,803.0,908.0,1006.0,977.0,447.0,391.0,245.0,212.0,218.0,231.0,2908.0,2675.0,2271.0,2158.0,5531.0,5674.0,3861.0,3597.0,2625.0,2549.0,2439.0,2380.0,3324.0,4093.0,,,,,,,,,,,,,,,,,,,,,,,,,,,,,,,,,,,,,,,,,,,,,,,,,,,,,,,,,,,,,,,,,,,,,,,,,,,,,,,,,,,,,,,,,,,,,,,,,,,,,,,,,,,,,,,,,,,,,,,,,,,,,,,,,,,,,,,,,,,,
Vanløse,1986,30.0,38.0,13.0,,0.0,,0.0,0.0,0.0,0.0,0.0,0.0,0.0,0.0,,,,,12.0,,6.0,4.0,,,,,,5.0,,,15.0,18.0,37.0,40.0,71.0,57.0,,,,10.0,,28.0,,,,14.0,56.0,55.0,89.0,97.0,,73.0,,,97.0,309.0,1233.0,1283.0,1438.0,1414.0,2588.0,2639.0,2319.0,2235.0,1655.0,1599.0,1374.0,1778.0,4128.0,7439.0,,,,,,,,,,,,,,,,,,,,,,,,,,,,,,,,,,,,,,,,,,,,,,,,,,,,,,,,,,,,,,,,,,,,,,,,,,,,,,,,,,,,,,,,,,,,,,,,,,,,,,,,,,,,,,,,,,,,,,,,,,,,,,,,,,,,,,,,,,,,
Vanløse,1987,30.0,38.0,19.0,8.0,0.0,0.0,0.0,0.0,0.0,0.0,0.0,0.0,0.0,0.0,,,8.0,6.0,6.0,11.0,11.0,6.0,,,,,,,,,15.0,17.0,62.0,35.0,67.0,56.0,56.0,25.0,16.0,,,,,,8.0,8.0,60.0,57.0,87.0,103.0,,,,,92.0,301.0,1259.0,1241.0,1399.0,1391.0,2594.0,2723.0,2324.0,2195.0,1726.0,1709.0,1368.0,1682.0,3981.0,7231.0,,,,,,,,,,,,,,,,,,,,,,,,,,,,,,,1204507.0,91410.0,13177.0,1196214.0,72022.0,16609.0,1625981.0,166716.0,9753.0,1145215.0,124075.0,9230.0,1284378.0,96942.0,13249.0,1475245.0,87859.0,16791.0,2089145.0,158593.0,13173.0,1803369.0,108702.0,16590.0,1730415.0,133592.0,12953.0,1550430.0,95043.0,16313.0,,,,,,,,,,,,,,,,,,,,,,,,,,,,,,,,,,,,,,,,,,,,,,,,,,,,,,,,,,,,,,,,,,,,,,,,,,,,,,,,
Vanløse,1988,37.0,34.0,,13.0,0.0,0.0,,0.0,0.0,0.0,0.0,0.0,0.0,0.0,,,,7.0,5.0,8.0,,7.0,0.0,,,,4.0,5.0,,,27.0,22.0,83.0,52.0,77.0,61.0,62.0,35.0,,,10.0,28.0,,,,10.0,53.0,63.0,88.0,94.0,65.0,,39.0,58.0,92.0,283.0,1258.0,1208.0,1384.0,1352.0,2679.0,2869.0,2313.0,2160.0,1842.0,1760.0,1299.0,1609.0,3863.0,7018.0,,,,,,,,,,,,,,,,,,,,,,,,,,,,,,,1263669.0,95451.0,13239.0,1273659.0,76547.0,16639.0,1706043.0,175194.0,9738.0,1236826.0,133006.0,9299.0,1350699.0,101855.0,13261.0,1560910.0,92983.0,16787.0,2219721.0,168505.0,13173.0,1943998.0,117129.0,16597.0,1834561.0,141338.0,12980.0,1659185.0,101275.0,16383.0,,,,,,,,,,,,,,,,,,,,,,,,,,,,,,,,,,,,,,,,,,,,,,,,,,,,,,,,,,,,,,,,,,,,,,,,,,,,,,,,
Vanløse,1989,41.0,47.0,,16.0,,0.0,,0.0,0.0,0.0,0.0,0.0,0.0,0.0,7.0,9.0,,,,7.0,,10.0,,4.0,,,,,,,26.0,25.0,108.0,61.0,82.0,67.0,69.0,47.0,,,,,,,,,63.0,62.0,79.0,83.0,,84.0,35.0,,83.0,278.0,1312.0,1236.0,1324.0,1287.0,2775.0,2989.0,2260.0,2147.0,1914.0,1825.0,1286.0,1582.0,3728.0,6844.0,,,,,,,,,,,,,,,,,,,,,,,,,,,,,,,1310652.0,98560.0,13298.0,1343001.0,81031.0,16574.0,1744655.0,180289.0,9677.0,1283174.0,138587.0,9259.0,1409896.0,105816.0,13324.0,1629853.0,97526.0,16712.0,2275686.0,172466.0,13195.0,2038552.0,123466.0,16511.0,1898635.0,147147.0,12903.0,1733472.0,107037.0,16195.0,,,,,,,,,,,,,,,,,,,,,,,,,,,,,,,,,,,,,,,,,,,,,,,,,,,,,,,,,,,,,,,,,,,,,,,,,,,,,,,,
Vanløse,1990,47.0,61.0,27.0,22.0,,0.0,,0.0,0.0,0.0,0.0,0.0,0.0,0.0,,,,8.0,,10.0,,8.0,,4.0,,,,,,,28.0,22.0,110.0,79.0,90.0,67.0,71.0,56.0,,,,,,,,16.0,74.0,78.0,75.0,78.0,,89.0,33.0,,83.0,268.0,1348.0,1263.0,1282.0,1298.0,2852.0,2993.0,2294.0,2180.0,1943.0,1860.0,1306.0,1546.0,3606.0,6677.0,,,,,,,,,,,,,,,,,,,,,,,,,,,,,,,1348407.0,101437.0,13293.0,1385827.0,83959.0,16506.0,1789171.0,184774.0,9683.0,1337466.0,143505.0,9320.0,1455714.0,109271.0,13322.0,1674042.0,100755.0,16615.0,2341537.0,176893.0,13237.0,2111371.0,128273.0,16460.0,1943947.0,149996.0,12960.0,1785821.0,110680.0,16135.0,,,,,,,,,,,,,,,,,,,,,,,,,,,,,,,,,,,,,,,,,,,,,,,,,,,,,,,,,,,,,,,,,,,,,,,,,,,,,,,,
Vanløse,1991,56.0,60.0,,,,,,0.0,0.0,0.0,,0.0,0.0,0.0,,,,,,,,8.0,,,,,,,,,34.0,,109.0,92.0,98.0,82.0,72.0,51.0,38.0,,,,,,,,73.0,89.0,78.0,85.0,,,,,81.0,255.0,1379.0,1291.0,1255.0,1310.0,2885.0,2996.0,2286.0,2177.0,2018.0,1945.0,1292.0,1526.0,3492.0,6475.0,,,,,,,,,,,,,,,,,,,,,,,,,,,,,,,1378787.0,103832.0,13279.0,1417915.0,86548.0,16383.0,1825012.0,188944.0,9659.0,1369313.0,146639.0,9338.0,1489383.0,111748.0,13328.0,1703726.0,103300.0,16493.0,2415988.0,182050.0,13271.0,2189373.0,133833.0,16359.0,2000491.0,154574.0,12942.0,1839504.0,114883.0,16012.0,,,,,,,,,,,,,,,,,,,,,,,,,,,,,,,,,,,,,,,,,,,,,,,,,,,,,,,,,,,,,,,,,,,,,,,,,,,,,,,,
Vanløse,1992,60.0,58.0,,,,,,0.0,0.0,0.0,0.0,0.0,0.0,0.0,,,,10.0,,,,9.0,,,,,,,,,,,126.0,100.0,116.0,82.0,,,41.0,,,,,4.0,,12.0,78.0,82.0,74.0,89.0,116.0,93.0,,44.0,81.0,247.0,1428.0,1323.0,1210.0,1287.0,2889.0,3016.0,2399.0,2253.0,2028.0,1947.0,1325.0,1483.0,3330.0,6285.0,,,,,,,,,,,,,,,,,,,,,,,,,,,,,,,1418094.0,106113.0,13364.0,1465969.0,89607.0,16360.0,1845350.0,191904.0,9616.0,1411013.0,149377.0,9446.0,1538479.0,114752.0,13407.0,1753859.0,106592.0,16454.0,2454258.0,183757.0,13356.0,2251571.0,137854.0,16333.0,2056945.0,158287.0,12995.0,1897890.0,118781.0,15978.0,,,,,,,,,,,,,,,,,,,,,,,,,,,,,,,,,,,,,,,,,,,,,,,,,,,,,,,,,,,,,,,,,,,,,,,,,,,,,,,,
Vanløse,1993,48.0,73.0,36.0,39.0,,5.0,,0.0,0.0,0.0,0.0,0.0,0.0,0.0,17.0,13.0,,,,7.0,,8.0,3.0,,,4.0,,,,,39.0,32.0,121.0,110.0,132.0,79.0,74.0,69.0,46.0,21.0,,,,,,,66.0,68.0,81.0,90.0,109.0,,,53.0,76.0,235.0,1509.0,1402.0,1179.0,1253.0,2946.0,3082.0,2450.0,2299.0,2082.0,2033.0,1359.0,1514.0,3202.0,6044.0,,,,,,,,,,,,,,,,,,,,,,,,,,,,,,,1479277.0,109747.0,13479.0,1522590.0,92796.0,16408.0,1871854.0,192816.0,9708.0,1451837.0,152568.0,9516.0,1604772.0,118591.0,13532.0,1815019.0,110015.0,16498.0,2516307.0,186891.0,13464.0,2317426.0,141488.0,16379.0,2103567.0,161008.0,13065.0,1950519.0,121907.0,16000.0,,,,,,,,,,,,,,,,,,,,,,,,,,,,,,,,,,,,,,,,,,,,,,,,,,,,,,,,,,,,,,,,,,,,,,,,,,,,,,,,
Vanløse,1994,65.0,78.0,42.0,48.0,9.0,11.0,0.0,0.0,0.0,0.0,0.0,0.0,0.0,0.0,,,10.0,,9.0,6.0,9.0,11.0,,,,,,,,,29.0,34.0,139.0,125.0,150.0,98.0,85.0,74.0,54.0,,,,,,6.0,,66.0,64.0,91.0,92.0,,,,61.0,76.0,227.0,1599.0,1506.0,1168.0,1213.0,2965.0,3132.0,2523.0,2377.0,2101.0,2070.0,1435.0,1527.0,3090.0,5845.0,,,,,,,,,,,,,,,,,,,,,,,,,,,,,,,1567380.0,116439.0,13461.0,1617559.0,98356.0,16446.0,1981793.0,197508.0,10034.0,1513573.0,151463.0,9993.0,1696692.0,125755.0,13492.0,1927259.0,116599.0,16529.0,2639952.0,196367.0,13444.0,2510436.0,152833.0,16426.0,2218028.0,166194.0,13346.0,2129234.0,130700.0,16291.0,,,,,,,,,,,,,,,,,,,,,,,,,,,,,,,,,,,,,,,,,,,,,,,,,,,,,,,,,,,,,,,,,,,,,,,,,,,,,,,,
Vanløse,1995,79.0,81.0,37.0,51.0,14.0,15.0,0.0,0.0,0.0,0.0,0.0,0.0,0.0,0.0,13.0,10.0,,6.0,8.0,8.0,7.0,13.0,,,,,,,,,31.0,30.0,138.0,134.0,162.0,100.0,84.0,83.0,,,,,,,,12.0,62.0,72.0,90.0,88.0,,,,75.0,73.0,207.0,1642.0,1582.0,1175.0,1208.0,2902.0,3167.0,2596.0,2464.0,2125.0,2121.0,1504.0,1563.0,2941.0,5656.0,,,,,,,,,,,,,,,,,,,,,,,,,,,,,,,1640218.0,121282.0,13524.0,1681596.0,103337.0,16273.0,2074673.0,207488.0,9999.0,1579473.0,160353.0,9850.0,1773698.0,130775.0,13563.0,2000709.0,122233.0,16368.0,2739056.0,202998.0,13493.0,2585179.0,159078.0,16251.0,2270386.0,170156.0,13343.0,2164957.0,134645.0,16079.0,,,,,,,,,,,,,,,,,,,,,,,,,,,,,,,,,,,,,,,,,,,,,,,,,,,,,,,,,,,,,,,,,,,,,,,,,,,,,,,,
Vanløse,1996,93.0,89.0,36.0,52.0,19.0,18.0,0.0,0.0,0.0,0.0,0.0,0.0,0.0,0.0,17.0,9.0,9.0,4.0,12.0,8.0,8.0,14.0,,,,,,,,,39.0,38.0,157.0,141.0,177.0,118.0,101.0,91.0,67.0,38.0,,,,,6.0,13.0,79.0,66.0,93.0,92.0,,,,,66.0,197.0,1719.0,1600.0,1136.0,1200.0,2982.0,3188.0,2645.0,2530.0,2143.0,2133.0,1566.0,1647.0,2796.0,5315.0,,,,,,,,,,,,,,,,,,,,,,,,,,,,,,,1723450.0,126464.0,13628.0,1747642.0,107428.0,16268.0,2201257.0,212149.0,10376.0,1669690.0,165726.0,10075.0,1861077.0,136173.0,13667.0,2075304.0,126961.0,16346.0,2845893.0,209349.0,13594.0,2669204.0,164299.0,16246.0,2355216.0,174862.0,13469.0,2222971.0,138193.0,16086.0,,,,,,,,,,,,,,,,,,,,,,,,,,,,,,,,,,,,,,,,,,,,,,,,,,,,,,,,,,,,,,,,,,,,,,,,,,,,,,,,
Vanløse,1997,103.0,90.0,33.0,61.0,27.0,31.0,0.0,0.0,0.0,0.0,0.0,0.0,0.0,0.0,16.0,11.0,,,15.0,9.0,7.0,15.0,6.0,4.0,,,3.0,4.0,14.0,22.0,48.0,37.0,145.0,153.0,212.0,127.0,96.0,103.0,74.0,43.0,32.0,39.0,6.0,5.0,,,93.0,83.0,92.0,89.0,98.0,105.0,,,68.0,186.0,1717.0,1621.0,1152.0,1189.0,3028.0,3185.0,2684.0,2611.0,2148.0,2112.0,1631.0,1765.0,2704.0,5083.0,,,,,,,,,,,,,,,,,,,,,,,,,,,,,,,1778071.0,130472.0,13628.0,1805860.0,110782.0,16301.0,2316976.0,220454.0,10510.0,1769945.0,172678.0,10250.0,1918636.0,140128.0,13692.0,2137895.0,130439.0,16390.0,2938289.0,216321.0,13583.0,2757223.0,169352.0,16281.0,2403186.0,179476.0,13390.0,2270003.0,141073.0,16091.0,,,,,,,,,,,,,,,,,,,,,,,,,,,,,,,,,,,,,,,,,,,,,,,,,,,,,,,,,,,,,,,,,,,,,,,,,,,,,,,,
Vanløse,1998,105.0,104.0,29.0,52.0,,35.0,0.0,0.0,,0.0,0.0,0.0,0.0,0.0,16.0,16.0,,7.0,,8.0,9.0,13.0,,8.0,,,,,14.0,26.0,55.0,44.0,146.0,165.0,218.0,142.0,113.0,104.0,,,,,6.0,5.0,,13.0,92.0,92.0,95.0,84.0,98.0,100.0,,86.0,65.0,180.0,1731.0,1684.0,1165.0,1200.0,3085.0,3200.0,2703.0,2718.0,2073.0,2070.0,1750.0,1846.0,2578.0,4923.0,,,,,,,,,,,,,,,,,,,,,,,,,,,,,,,1911006.0,138338.0,13814.0,1889505.0,116521.0,16216.0,2509421.0,230476.0,10888.0,1889895.0,179069.0,10554.0,2055816.0,148467.0,13847.0,2246262.0,137934.0,16285.0,3144327.0,227850.0,13800.0,2864906.0,176890.0,16196.0,2551398.0,186016.0,13716.0,2340336.0,145435.0,16092.0,0.0,0.0,4119.0,6361.0,0.0,0.0,0.0,0.0,0.0,0.0,0.0,0.0,0.0,0.0,0.0,0.0,1650.0,2526.0,0.0,0.0,0.0,0.0,88.0,566.0,0.0,0.0,0.0,0.0,0.0,0.0,0.0,0.0,0.0,0.0,0.0,0.0,403.0,907.0,0.0,0.0,0.0,0.0,25.0,223.0,0.0,0.0,0.0,0.0,0.0,0.0,0.0,0.0,0.0,0.0,0.0,0.0,241.0,968.0,0.0,0.0,0.0,0.0,1.0,20.0,0.0,0.0,0.0,0.0,0.0,0.0,0.0,0.0,0.0,0.0,0.0,0.0,34.0,184.0,0.0,0.0
Vanløse,1999,120.0,115.0,,52.0,43.0,44.0,,0.0,,0.0,0.0,0.0,0.0,0.0,14.0,16.0,,9.0,17.0,11.0,,10.0,,9.0,,,,,16.0,24.0,61.0,47.0,147.0,173.0,247.0,150.0,124.0,110.0,,,,,5.0,8.0,9.0,9.0,105.0,107.0,119.0,91.0,90.0,98.0,85.0,85.0,60.0,174.0,1725.0,1700.0,1206.0,1188.0,3137.0,3327.0,2697.0,2650.0,2034.0,2103.0,1796.0,1847.0,2524.0,4712.0,,,,,,,,,,,,,,,,,,,,,,,,,,,,,,,1982960.0,143050.0,13862.0,1965496.0,121424.0,16187.0,2646844.0,240229.0,11018.0,2006202.0,188076.0,10667.0,2135706.0,153548.0,13909.0,2327601.0,143202.0,16254.0,3264405.0,235970.0,13834.0,2972299.0,183861.0,16166.0,2672398.0,194583.0,13734.0,2429839.0,151713.0,16016.0,0.0,0.0,4155.0,6217.0,0.0,0.0,0.0,0.0,0.0,0.0,0.0,0.0,0.0,0.0,0.0,0.0,1754.0,2486.0,0.0,0.0,0.0,0.0,75.0,570.0,0.0,0.0,0.0,0.0,0.0,0.0,0.0,0.0,0.0,0.0,0.0,0.0,393.0,900.0,0.0,0.0,0.0,0.0,20.0,202.0,0.0,0.0,0.0,0.0,0.0,0.0,0.0,0.0,0.0,0.0,0.0,0.0,247.0,1013.0,0.0,0.0,0.0,0.0,1.0,23.0,0.0,0.0,0.0,0.0,0.0,0.0,0.0,0.0,0.0,0.0,0.0,0.0,39.0,198.0,0.0,0.0
Vanløse,2000,148.0,141.0,,,45.0,51.0,,,,0.0,0.0,0.0,0.0,0.0,15.0,12.0,,,18.0,13.0,,,,,,,,,,,58.0,62.0,157.0,188.0,275.0,193.0,133.0,116.0,91.0,64.0,,,,,7.0,16.0,100.0,107.0,132.0,97.0,,,,,60.0,170.0,1713.0,1702.0,1273.0,1208.0,3140.0,3302.0,2708.0,2677.0,2077.0,2106.0,1827.0,1897.0,2467.0,4546.0,,,,,,,,,,,,,,,,,,,,,,,,,,,,,,,2087648.0,149556.0,13959.0,2053049.0,127179.0,16143.0,2797452.0,251796.0,11110.0,2119558.0,197132.0,10752.0,2247006.0,160271.0,14020.0,2433521.0,150078.0,16215.0,3440774.0,247253.0,13916.0,3104294.0,192598.0,16118.0,2752149.0,200404.0,13733.0,2469891.0,155124.0,15922.0,0.0,0.0,4151.0,6138.0,0.0,0.0,0.0,0.0,0.0,0.0,0.0,0.0,0.0,0.0,0.0,0.0,1775.0,2461.0,0.0,0.0,0.0,0.0,83.0,589.0,0.0,0.0,0.0,0.0,0.0,0.0,0.0,0.0,0.0,0.0,0.0,0.0,384.0,864.0,0.0,0.0,0.0,0.0,22.0,209.0,0.0,0.0,0.0,0.0,0.0,0.0,0.0,0.0,0.0,0.0,0.0,0.0,240.0,1044.0,0.0,0.0,0.0,0.0,2.0,27.0,0.0,0.0,0.0,0.0,0.0,0.0,0.0,0.0,0.0,0.0,0.0,0.0,42.0,212.0,0.0,0.0
Vanløse,2001,156.0,156.0,49.0,58.0,54.0,51.0,,,,0.0,0.0,,0.0,0.0,16.0,14.0,,,22.0,13.0,,,,9.0,,,,,,,69.0,56.0,184.0,198.0,273.0,229.0,138.0,108.0,98.0,69.0,,,,,,,82.0,110.0,152.0,106.0,83.0,98.0,,,61.0,171.0,1765.0,1682.0,1314.0,1244.0,3119.0,3276.0,2748.0,2695.0,2083.0,2101.0,1867.0,1941.0,2440.0,4425.0,,,,,,,,,,,,,,,,,,,,,,,,,,,,,,,2177099.0,155418.0,14008.0,2124653.0,131688.0,16134.0,2946447.0,262396.0,11229.0,2244052.0,206350.0,10875.0,2345114.0,166639.0,14073.0,2515124.0,155130.0,16213.0,3606244.0,258382.0,13957.0,3238043.0,201033.0,16107.0,2882092.0,209576.0,13752.0,2584191.0,162589.0,15894.0,0.0,0.0,4226.0,6022.0,0.0,0.0,0.0,0.0,0.0,0.0,0.0,0.0,0.0,0.0,0.0,0.0,1756.0,2409.0,0.0,0.0,0.0,0.0,82.0,597.0,0.0,0.0,0.0,0.0,0.0,0.0,0.0,0.0,0.0,0.0,0.0,0.0,386.0,885.0,0.0,0.0,0.0,0.0,26.0,231.0,0.0,0.0,0.0,0.0,0.0,0.0,0.0,0.0,0.0,0.0,0.0,0.0,237.0,1051.0,0.0,0.0,0.0,0.0,1.0,28.0,0.0,0.0,0.0,0.0,0.0,0.0,0.0,0.0,0.0,0.0,0.0,0.0,41.0,223.0,0.0,0.0
Vanløse,2002,178.0,175.0,53.0,63.0,58.0,60.0,,,,0.0,0.0,,0.0,0.0,,,,,21.0,13.0,,,,10.0,0.0,,,,16.0,25.0,65.0,69.0,190.0,192.0,276.0,266.0,161.0,112.0,,,,,,,,,86.0,114.0,140.0,101.0,82.0,89.0,,,57.0,165.0,1805.0,1673.0,1376.0,1261.0,3057.0,3317.0,2794.0,2673.0,2128.0,2119.0,1906.0,1941.0,2368.0,4306.0,,,,,,,,,,,,,,,,,,,,,,,,,,,,,,,2274264.0,161135.0,14114.0,2222961.0,139179.0,15972.0,3012521.0,266902.0,11287.0,2317948.0,212480.0,10909.0,2469134.0,174103.0,14182.0,2621555.0,163490.0,16035.0,3687120.0,262354.0,14054.0,3327120.0,208610.0,15949.0,2938996.0,213125.0,13790.0,2646001.0,168364.0,15716.0,0.0,0.0,4275.5,5904.0,0.0,0.0,0.0,0.0,0.0,0.0,0.0,0.0,0.0,0.0,0.0,0.0,1730.75,2328.5,0.0,0.0,0.0,0.0,84.25,597.0,0.0,0.0,0.0,0.0,0.0,0.0,0.0,0.0,0.0,0.0,0.0,0.0,417.25,849.25,0.0,0.0,0.0,0.0,22.5,236.25,0.0,0.0,0.0,0.0,0.0,0.0,0.0,0.0,0.0,0.0,0.0,0.0,246.75,1047.5,0.0,0.0,0.0,0.0,3.0,27.25,0.0,0.0,0.0,0.0,0.0,0.0,0.0,0.0,0.0,0.0,0.0,0.0,44.5,250.25,0.0,0.0
Vanløse,2003,189.0,182.0,63.0,68.0,65.0,71.0,,,,0.0,0.0,,0.0,0.0,,,,,15.0,17.0,,,,10.0,,,,,,,60.0,66.0,182.0,202.0,283.0,251.0,170.0,125.0,98.0,83.0,,,,,,,88.0,121.0,144.0,94.0,86.0,95.0,,,63.0,153.0,1794.0,1703.0,1376.0,1300.0,2970.0,3219.0,2935.0,2699.0,2131.0,2138.0,1903.0,1991.0,2360.0,4139.0,,,,,,,,,,,,,,,,,,,,,,,,,,,,,,,2353014.0,166869.0,14101.0,2304639.0,144946.0,15900.0,3008778.0,271012.0,11102.0,2355559.0,216603.0,10875.0,2551216.0,179980.0,14175.0,2717583.0,170200.0,15967.0,3726156.0,265075.0,14057.0,3400943.0,214179.0,15879.0,2976056.0,215344.0,13820.0,2714622.0,173248.0,15669.0,0.0,0.0,4285.0,5801.75,0.0,0.0,0.0,0.0,0.0,0.0,0.0,0.0,0.0,0.0,0.0,0.0,1719.25,2269.75,0.0,0.0,0.0,0.0,90.25,600.25,0.0,0.0,0.0,0.0,0.0,0.0,0.0,0.0,0.0,0.0,0.0,0.0,439.5,869.75,0.0,0.0,0.0,0.0,25.0,247.25,0.0,0.0,0.0,0.0,0.0,0.0,0.0,0.0,0.0,0.0,0.0,0.0,238.25,1038.75,0.0,0.0,0.0,0.0,3.5,27.5,0.0,0.0,0.0,0.0,0.0,0.0,0.0,0.0,0.0,0.0,0.0,0.0,44.75,267.75,0.0,0.0
Vanløse,2004,203.0,200.0,70.0,73.0,57.0,71.0,10.0,,0.0,0.0,0.0,,0.0,0.0,,,,,12.0,13.0,11.0,,4.0,12.0,,3.0,,,,,72.0,62.0,187.0,213.0,309.0,265.0,206.0,144.0,100.0,88.0,,,3.0,3.0,,,99.0,138.0,135.0,100.0,86.0,84.0,,,61.0,153.0,1771.0,1714.0,1415.0,1330.0,2902.0,3077.0,2896.0,2712.0,2138.0,2158.0,1922.0,2022.0,2338.0,4021.0,,,,,,,,,,,,,,,,,,,,,,,,,,,,,,,2483771.0,174926.0,14199.0,2436823.0,153462.0,15879.0,3098420.0,278360.0,11131.0,2440983.0,222819.0,10955.0,2710353.0,189960.0,14268.0,2862458.0,179667.0,15932.0,3825333.0,270609.0,14136.0,3514670.0,221620.0,15859.0,3037704.0,218179.0,13923.0,2770340.0,177030.0,15649.0,0.0,0.0,4286.0,5767.75,0.0,0.0,0.0,0.0,0.0,0.0,0.0,0.0,0.0,0.0,0.0,0.0,1716.25,2244.0,0.0,0.0,0.0,0.0,93.5,619.25,0.0,0.0,0.0,0.0,0.0,0.0,0.0,0.0,0.0,0.0,0.0,0.0,424.5,879.75,0.0,0.0,0.0,0.0,29.75,247.0,0.0,0.0,0.0,0.0,0.0,0.0,0.0,0.0,0.0,0.0,0.0,0.0,243.75,1033.75,0.0,0.0,0.0,0.0,1.25,33.25,0.0,0.0,0.0,0.0,0.0,0.0,0.0,0.0,0.0,0.0,0.0,0.0,38.5,275.25,0.0,0.0
Vanløse,2005,196.0,194.0,88.0,86.0,60.0,59.0,15.0,,0.0,0.0,0.0,,0.0,0.0,24.0,22.0,12.0,9.0,14.0,16.0,13.0,,4.0,12.0,,3.0,,,15.0,22.0,66.0,68.0,197.0,209.0,306.0,277.0,229.0,149.0,96.0,99.0,76.0,63.0,3.0,3.0,3.0,5.0,95.0,133.0,143.0,114.0,88.0,83.0,,,,,1760.0,1699.0,1458.0,1391.0,2872.0,3043.0,2892.0,2693.0,2120.0,2188.0,1966.0,2037.0,2323.0,3953.0,,,,,,,,,,,,,,,,,,,,,,,,,,,,,,,2596775.0,183570.0,14146.0,2501978.0,159220.0,15714.0,3226961.0,288482.0,11186.0,2519021.0,228048.0,11046.0,2813488.0,197813.0,14223.0,2966834.0,188143.0,15769.0,3967397.0,281976.0,14070.0,3580271.0,228101.0,15696.0,3105210.0,225702.0,13758.0,2815888.0,182376.0,15440.0,0.0,0.0,4413.25,5732.0,0.0,0.0,0.0,0.0,0.0,0.0,0.0,0.0,0.0,0.0,0.0,0.0,1666.5,2265.75,0.0,0.0,0.0,0.0,98.75,625.0,0.0,0.0,0.0,0.0,0.0,0.0,0.0,0.0,0.0,0.0,0.0,0.0,425.5,860.5,0.0,0.0,0.0,0.0,28.25,251.25,0.0,0.0,0.0,0.0,0.0,0.0,0.0,0.0,0.0,0.0,0.0,0.0,261.25,1052.5,0.0,0.0,0.0,0.0,2.25,43.25,0.0,0.0,0.0,0.0,0.0,0.0,0.0,0.0,0.0,0.0,0.0,0.0,39.25,286.5,0.0,0.0
Vanløse,2006,218.0,202.0,93.0,109.0,64.0,60.0,22.0,,0.0,0.0,0.0,0.0,0.0,,,,,,14.0,16.0,9.0,,4.0,10.0,,,,,,,55.0,73.0,189.0,205.0,293.0,280.0,244.0,158.0,97.0,107.0,,,4.0,4.0,,,105.0,162.0,154.0,116.0,89.0,74.0,,,66.0,148.0,1754.0,1683.0,1479.0,1432.0,2745.0,2944.0,2966.0,2723.0,2130.0,2167.0,1945.0,2021.0,2340.0,3822.0,,,,,,,,,,,,,,,,,,,,,,,,,,,,,,,2663292.0,189275.0,14071.0,2543151.0,163715.0,15534.0,3375438.0,300654.0,11227.0,2613877.0,237323.0,11014.0,2881286.0,204289.0,14104.0,3021014.0,193903.0,15580.0,4126512.0,294058.0,14033.0,3677116.0,236973.0,15517.0,3222754.0,233077.0,13827.0,2880339.0,187938.0,15326.0,0.0,0.0,4468.5,5608.5,0.0,0.0,0.0,0.0,0.0,0.0,0.0,0.0,0.0,0.0,0.0,0.0,1647.5,2204.25,0.0,0.0,0.0,0.0,99.75,628.25,0.0,0.0,0.0,0.0,0.0,0.0,0.0,0.0,0.0,0.0,0.0,0.0,423.0,826.5,0.0,0.0,0.0,0.0,28.25,263.75,0.0,0.0,0.0,0.0,0.0,0.0,0.0,0.0,0.0,0.0,0.0,0.0,264.75,1094.0,0.0,0.0,0.0,0.0,4.5,48.5,0.0,0.0,0.0,0.0,0.0,0.0,0.0,0.0,0.0,0.0,0.0,0.0,39.5,290.75,0.0,0.0
Vanløse,2007,192.0,195.0,111.0,118.0,50.0,60.0,24.0,,0.0,0.0,0.0,0.0,0.0,,,,,,22.0,13.0,7.0,,3.0,10.0,,,,,,,50.0,75.0,194.0,197.0,275.0,280.0,253.0,172.0,104.0,112.0,,,5.0,10.0,,,99.0,179.0,157.0,126.0,98.0,82.0,,,76.0,149.0,1746.0,1673.0,1472.0,1478.0,2605.0,2843.0,2931.0,2630.0,2142.0,2194.0,1934.0,1961.0,2376.0,3784.0,,,,,,,,,,,,,,,,,,,,,,,,,,,,,,,2695079.0,192533.0,13998.0,2602567.0,167626.0,15526.0,3485372.0,308987.0,11280.0,2767632.0,248062.0,11157.0,2919542.0,208093.0,14030.0,3076433.0,197752.0,15557.0,4265954.0,305759.0,13952.0,3854535.0,248567.0,15507.0,3284718.0,240850.0,13638.0,2960861.0,194091.0,15255.0,0.0,0.0,4434.25,5540.5,0.0,0.0,0.0,0.0,0.0,0.0,0.0,0.0,0.0,0.0,0.0,0.0,1569.5,2192.75,0.0,0.0,0.0,0.0,100.25,613.25,0.0,0.0,0.0,0.0,0.0,0.0,0.0,0.0,0.0,0.0,0.0,0.0,440.0,834.5,0.0,0.0,0.0,0.0,29.0,283.0,0.0,0.0,0.0,0.0,0.0,0.0,0.0,0.0,0.0,0.0,0.0,0.0,255.5,1086.25,0.0,0.0,0.0,0.0,4.25,45.5,0.0,0.0,0.0,0.0,0.0,0.0,0.0,0.0,0.0,0.0,0.0,0.0,43.0,296.25,0.0,0.0
Vanløse,2008,201.0,188.0,125.0,130.0,65.0,62.0,,,,0.0,0.0,0.0,0.0,,21.0,24.0,12.0,10.0,18.0,11.0,,,,10.0,,,,7.0,,,63.0,72.0,221.0,223.0,264.0,291.0,270.0,186.0,113.0,117.0,,,,,8.0,10.0,124.0,216.0,168.0,140.0,110.0,79.0,,,81.0,143.0,1732.0,1689.0,1501.0,1477.0,2515.0,2830.0,2870.0,2600.0,2142.0,2224.0,1875.0,1938.0,2457.0,3755.0,888.0,471.0,251.0,138.0,170.0,150.0,71.0,49.0,22.0,21.0,219.0,154.0,90.0,60.0,73.0,92.0,31.0,23.0,14.0,17.0,265.0,137.0,61.0,27.0,47.0,162.0,78.0,28.0,15.0,12.0,2772406.0,196722.0,14093.0,2694450.0,173779.0,15505.0,3689116.0,329238.0,11205.0,2945080.0,261297.0,11271.0,3029002.0,214261.0,14137.0,3175346.0,204334.0,15540.0,4468693.0,318056.0,14050.0,4042376.0,260832.0,15498.0,3408991.0,247567.0,13770.0,3051609.0,199817.0,15272.0,0.0,0.0,4414.0,5488.5,0.0,0.0,0.0,0.0,0.0,0.0,0.0,0.0,0.0,0.0,0.0,0.0,1535.5,2190.0,0.0,0.0,0.0,0.0,99.0,629.25,0.0,0.0,0.0,0.0,0.0,0.0,0.0,0.0,0.0,0.0,0.0,0.0,419.25,868.5,0.0,0.0,0.0,0.0,31.25,280.0,0.0,0.0,0.0,0.0,0.0,0.0,0.0,0.0,0.0,0.0,0.0,0.0,251.75,1088.25,0.0,0.0,0.0,0.0,1.75,44.75,0.0,0.0,0.0,0.0,0.0,0.0,0.0,0.0,0.0,0.0,0.0,0.0,44.0,296.5,0.0,0.0
Vanløse,2009,197.0,183.0,142.0,146.0,62.0,75.0,25.0,,0.0,0.0,0.0,0.0,0.0,,,,,,23.0,13.0,9.0,,4.0,11.0,,,,,,,55.0,70.0,223.0,231.0,258.0,315.0,280.0,197.0,118.0,123.0,,,15.0,11.0,,,164.0,252.0,173.0,145.0,128.0,82.0,,,89.0,140.0,1761.0,1707.0,1514.0,1505.0,2566.0,2774.0,2848.0,2620.0,2161.0,2216.0,1838.0,1918.0,2497.0,3674.0,1002.0,615.0,404.0,312.0,300.0,136.0,92.0,49.0,33.0,41.0,252.0,177.0,137.0,118.0,116.0,115.0,69.0,38.0,21.0,26.0,342.0,200.0,126.0,106.0,87.0,157.0,77.0,54.0,34.0,30.0,2818178.0,197573.0,14264.0,2804504.0,178996.0,15668.0,3648711.0,324734.0,11236.0,3058005.0,270596.0,11301.0,3097478.0,216319.0,14319.0,3269509.0,208050.0,15715.0,4445721.0,312683.0,14218.0,4167968.0,266358.0,15648.0,3413739.0,245169.0,13924.0,3168896.0,205839.0,15395.0,0.0,0.0,4380.75,5353.75,0.0,0.0,0.0,0.0,0.0,0.0,0.0,0.0,0.0,0.0,0.0,0.0,1572.25,2159.5,0.0,0.0,0.0,0.0,103.25,624.5,0.0,0.0,0.0,0.0,0.0,0.0,0.0,0.0,0.0,0.0,0.0,0.0,425.25,884.25,0.0,0.0,0.0,0.0,31.75,278.0,0.0,0.0,0.0,0.0,0.0,0.0,0.0,0.0,0.0,0.0,0.0,0.0,257.75,1120.25,0.0,0.0,0.0,0.0,1.0,49.25,0.0,0.0,0.0,0.0,0.0,0.0,0.0,0.0,0.0,0.0,0.0,0.0,44.25,303.25,0.0,0.0
Vanløse,2010,183.0,183.0,165.0,157.0,73.0,74.0,30.0,45.0,0.0,0.0,0.0,0.0,0.0,0.0,22.0,34.0,11.0,12.0,21.0,10.0,11.0,9.0,4.0,11.0,,,,,11.0,11.0,45.0,60.0,246.0,281.0,271.0,310.0,282.0,219.0,135.0,123.0,108.0,87.0,13.0,13.0,8.0,15.0,203.0,274.0,191.0,172.0,137.0,82.0,,,,,1883.0,1743.0,1521.0,1479.0,2536.0,2817.0,2848.0,2647.0,2193.0,2213.0,1825.0,1917.0,2500.0,3656.0,1089.0,682.0,504.0,342.0,458.0,146.0,105.0,90.0,53.0,56.0,258.0,190.0,158.0,98.0,148.0,150.0,70.0,39.0,29.0,36.0,318.0,227.0,149.0,121.0,172.0,217.0,90.0,68.0,41.0,46.0,3082242.0,212130.0,14530.0,3036627.0,189387.0,16034.0,3745928.0,338600.0,11063.0,3150398.0,275843.0,11421.0,3368903.0,231063.0,14580.0,3570601.0,222218.0,16068.0,4631689.0,319471.0,14498.0,4333161.0,270400.0,16025.0,3631675.0,258980.0,14023.0,3355824.0,214828.0,15621.0,0.0,0.0,4343.25,5358.5,0.0,0.0,0.0,0.0,0.0,0.0,0.0,0.0,0.0,0.0,0.0,0.0,1609.0,2144.0,0.0,0.0,0.0,0.0,115.5,626.75,0.0,0.0,0.0,0.0,0.0,0.0,0.0,0.0,0.0,0.0,0.0,0.0,419.25,872.75,0.0,0.0,0.0,0.0,25.75,282.75,0.0,0.0,0.0,0.0,0.0,0.0,0.0,0.0,0.0,0.0,0.0,0.0,260.75,1134.0,0.0,0.0,0.0,0.0,1.75,50.5,0.0,0.0,0.0,0.0,0.0,0.0,0.0,0.0,0.0,0.0,0.0,0.0,40.0,308.25,0.0,0.0
Vanløse,2011,210.0,171.0,181.0,188.0,94.0,84.0,36.0,,0.0,,0.0,0.0,0.0,0.0,28.0,29.0,13.0,7.0,24.0,13.0,12.0,,,,,,,,25.0,21.0,41.0,52.0,261.0,282.0,289.0,357.0,291.0,234.0,147.0,135.0,115.0,94.0,7.0,14.0,11.0,15.0,226.0,253.0,184.0,169.0,,,,,,,1948.0,1823.0,1508.0,1461.0,2600.0,2923.0,2770.0,2647.0,2199.0,2213.0,1832.0,1901.0,2532.0,3677.0,1113.0,718.0,475.0,346.0,500.0,164.0,105.0,76.0,60.0,75.0,280.0,187.0,132.0,98.0,155.0,121.0,74.0,41.0,31.0,44.0,330.0,246.0,152.0,120.0,150.0,218.0,106.0,74.0,37.0,76.0,3239176.0,217278.0,14908.0,3148116.0,194472.0,16188.0,3866964.0,339059.0,11405.0,3193102.0,275600.0,11586.0,3533180.0,236333.0,14950.0,3715351.0,229201.0,16210.0,4772394.0,320639.0,14884.0,4415149.0,272776.0,16186.0,3748090.0,259348.0,14452.0,3417828.0,216647.0,15776.0,0.0,0.0,4298.75,5283.5,0.0,0.0,0.0,0.0,0.0,0.0,0.0,0.0,0.0,0.0,0.0,0.0,1639.25,2149.5,0.0,0.0,0.0,0.0,120.25,649.75,0.0,0.0,0.0,0.0,0.0,0.0,0.0,0.0,0.0,0.0,0.0,0.0,427.5,856.75,0.0,0.0,0.0,0.0,24.75,293.75,0.0,0.0,0.0,0.0,0.0,0.0,0.0,0.0,0.0,0.0,0.0,0.0,270.75,1177.25,0.0,0.0,0.0,0.0,3.75,50.25,0.0,0.0,0.0,0.0,0.0,0.0,0.0,0.0,0.0,0.0,0.0,0.0,39.75,325.0,0.0,0.0
Vanløse,2012,190.0,181.0,204.0,199.0,100.0,94.0,53.0,,0.0,,0.0,0.0,0.0,0.0,32.0,32.0,,,29.0,18.0,11.0,,8.0,,,,3.0,4.0,29.0,21.0,38.0,42.0,276.0,307.0,332.0,365.0,294.0,258.0,157.0,137.0,124.0,93.0,8.0,11.0,,,243.0,280.0,216.0,181.0,152.0,93.0,,,107.0,167.0,1987.0,1903.0,1538.0,1439.0,2711.0,3001.0,2753.0,2580.0,2222.0,2238.0,1854.0,1966.0,2625.0,3675.0,1196.0,739.0,511.0,342.0,527.0,201.0,130.0,94.0,65.0,100.0,273.0,179.0,124.0,100.0,132.0,144.0,81.0,43.0,24.0,53.0,330.0,228.0,167.0,97.0,167.0,248.0,121.0,83.0,56.0,75.0,3347108.0,219339.0,15260.0,3251678.0,198104.0,16414.0,4004198.0,342972.0,11675.0,3274228.0,280016.0,11693.0,3661224.0,239296.0,15300.0,3816973.0,231993.0,16453.0,4949378.0,324698.0,15243.0,4560759.0,277892.0,16412.0,3917222.0,264213.0,14826.0,3549632.0,221700.0,16011.0,0.0,0.0,4321.75,5197.0,0.0,0.0,0.0,0.0,0.0,0.0,0.0,0.0,0.0,0.0,0.0,0.0,1677.0,2115.5,0.0,0.0,0.0,0.0,127.75,677.25,0.0,0.0,0.0,0.0,0.0,0.0,0.0,0.0,0.0,0.0,0.0,0.0,440.25,836.25,0.0,0.0,0.0,0.0,26.75,295.75,0.0,0.0,0.0,0.0,0.0,0.0,0.0,0.0,0.0,0.0,0.0,0.0,294.5,1211.5,0.0,0.0,0.0,0.0,5.25,55.0,0.0,0.0,0.0,0.0,0.0,0.0,0.0,0.0,0.0,0.0,0.0,0.0,46.25,335.75,0.0,0.0
Vanløse,2013,199.0,176.0,204.0,205.0,120.0,108.0,,,,,0.0,,0.0,0.0,31.0,37.0,,,24.0,17.0,,,,,,11.0,3.0,5.0,32.0,23.0,36.0,34.0,257.0,299.0,346.0,353.0,286.0,287.0,177.0,152.0,129.0,101.0,8.0,8.0,,,245.0,354.0,225.0,211.0,153.0,92.0,,,111.0,161.0,2111.0,1988.0,1543.0,1464.0,2903.0,3033.0,2717.0,2590.0,2276.0,2246.0,1866.0,2029.0,2608.0,3622.0,1213.0,748.0,474.0,355.0,484.0,225.0,139.0,102.0,65.0,86.0,237.0,180.0,91.0,95.0,115.0,124.0,62.0,48.0,34.0,48.0,358.0,235.0,151.0,112.0,147.0,269.0,132.0,82.0,49.0,88.0,3493345.0,225741.0,15475.0,3369131.0,202618.0,16628.0,4131752.0,346885.0,11911.0,3376645.0,282375.0,11958.0,3810503.0,245775.0,15504.0,3971450.0,238325.0,16664.0,5111687.0,330854.0,15450.0,4694027.0,282381.0,16623.0,4004872.0,266938.0,15003.0,3629980.0,223714.0,16226.0,0.0,0.0,4291.75,5107.25,0.0,0.0,0.0,0.0,0.0,0.0,0.0,0.0,0.0,0.0,0.0,0.0,1690.0,2099.0,0.0,0.0,0.0,0.0,120.0,684.25,0.0,0.0,0.0,0.0,0.0,0.0,0.0,0.0,0.0,0.0,0.0,0.0,454.25,841.25,0.0,0.0,0.0,0.0,28.75,309.25,0.0,0.0,0.0,0.0,0.0,0.0,0.0,0.0,0.0,0.0,0.0,0.0,310.0,1240.5,0.0,0.0,0.0,0.0,3.75,56.25,0.0,0.0,0.0,0.0,0.0,0.0,0.0,0.0,0.0,0.0,0.0,0.0,45.0,347.0,0.0,0.0
Vanløse,2014,204.0,185.0,200.0,219.0,136.0,107.0,72.0,74.0,0.0,,0.0,,0.0,0.0,38.0,43.0,19.0,14.0,22.0,20.0,10.0,10.0,8.0,,3.0,,4.0,4.0,29.0,18.0,39.0,41.0,271.0,294.0,367.0,369.0,290.0,304.0,196.0,177.0,143.0,107.0,11.0,10.0,18.0,24.0,264.0,347.0,243.0,239.0,166.0,104.0,98.0,79.0,109.0,164.0,2114.0,1997.0,1583.0,1478.0,2991.0,3161.0,2667.0,2520.0,2292.0,2266.0,1871.0,2044.0,2654.0,3621.0,1103.0,636.0,446.0,320.0,382.0,234.0,148.0,98.0,81.0,87.0,134.0,93.0,86.0,71.0,73.0,101.0,51.0,28.0,19.0,39.0,333.0,220.0,130.0,99.0,118.0,301.0,124.0,104.0,50.0,65.0,3623265.0,231904.0,15624.0,3478397.0,207914.0,16730.0,4247837.0,351817.0,12074.0,3470810.0,287986.0,12052.0,3949992.0,252234.0,15660.0,4103630.0,244876.0,16758.0,5261338.0,337157.0,15605.0,4811407.0,287609.0,16729.0,4100668.0,270261.0,15173.0,3697655.0,226503.0,16325.0,0.0,0.0,4189.5,5026.25,0.0,0.0,0.0,0.0,0.0,0.0,0.0,0.0,0.0,0.0,0.0,0.0,1750.5,2115.75,0.0,0.0,0.0,0.0,128.5,681.0,0.0,0.0,0.0,0.0,0.0,0.0,0.0,0.0,0.0,0.0,0.0,0.0,445.0,828.75,0.0,0.0,0.0,0.0,36.25,313.5,0.0,0.0,0.0,0.0,0.0,0.0,0.0,0.0,0.0,0.0,0.0,0.0,322.5,1260.25,0.0,0.0,0.0,0.0,1.0,57.0,0.0,0.0,0.0,0.0,0.0,0.0,0.0,0.0,0.0,0.0,0.0,0.0,46.25,359.5,0.0,0.0
Vanløse,2015,203.0,191.0,209.0,220.0,153.0,129.0,72.0,66.0,6.0,,0.0,,0.0,0.0,46.0,45.0,17.0,11.0,22.0,19.0,10.0,14.0,9.0,,3.0,,4.0,4.0,30.0,26.0,36.0,35.0,260.0,305.0,391.0,396.0,292.0,310.0,221.0,188.0,148.0,122.0,17.0,18.0,19.0,17.0,254.0,340.0,272.0,261.0,169.0,112.0,99.0,83.0,114.0,165.0,2116.0,2033.0,1543.0,1478.0,3033.0,3192.0,2610.0,2436.0,2310.0,2288.0,1897.0,2065.0,2707.0,3633.0,1213.0,652.0,410.0,273.0,331.0,253.0,174.0,111.0,56.0,78.0,156.0,78.0,57.0,54.0,79.0,95.0,48.0,27.0,24.0,19.0,338.0,189.0,126.0,82.0,98.0,371.0,163.0,89.0,57.0,57.0,3747362.0,236427.0,15850.0,3588063.0,211075.0,16999.0,4394280.0,357986.0,12275.0,3603851.0,291621.0,12358.0,4085823.0,257164.0,15888.0,4234448.0,248690.0,17027.0,5451991.0,344431.0,15829.0,4979729.0,292994.0,16996.0,4241757.0,275528.0,15395.0,3819856.0,230181.0,16595.0,0.0,0.0,4076.0,4975.5,0.0,0.0,0.0,0.0,0.0,0.0,0.0,0.0,0.0,0.0,0.0,0.0,1795.0,2103.75,0.0,0.0,0.0,0.0,145.75,681.75,0.0,0.0,0.0,0.0,0.0,0.0,0.0,0.0,0.0,0.0,0.0,0.0,479.75,801.0,0.0,0.0,0.0,0.0,39.5,305.5,0.0,0.0,0.0,0.0,0.0,0.0,0.0,0.0,0.0,0.0,0.0,0.0,338.25,1255.75,0.0,0.0,0.0,0.0,1.75,54.25,0.0,0.0,0.0,0.0,0.0,0.0,0.0,0.0,0.0,0.0,0.0,0.0,55.75,371.5,0.0,0.0
Vanløse,2016,198.0,188.0,218.0,212.0,171.0,147.0,69.0,69.0,12.0,,0.0,,0.0,0.0,54.0,52.0,16.0,12.0,23.0,21.0,14.0,18.0,8.0,,4.0,,5.0,6.0,38.0,32.0,30.0,38.0,283.0,305.0,416.0,427.0,288.0,320.0,234.0,192.0,159.0,138.0,16.0,15.0,18.0,27.0,315.0,398.0,313.0,290.0,173.0,124.0,114.0,87.0,116.0,172.0,2129.0,2031.0,1594.0,1530.0,3133.0,3373.0,2539.0,2374.0,2370.0,2283.0,1907.0,2076.0,2749.0,3636.0,1119.0,617.0,415.0,247.0,244.0,260.0,176.0,123.0,76.0,49.0,137.0,68.0,68.0,39.0,63.0,76.0,43.0,23.0,19.0,22.0,321.0,196.0,109.0,58.0,70.0,325.0,134.0,92.0,55.0,40.0,3869196.0,242294.0,15969.0,3703278.0,215758.0,17164.0,4531949.0,363137.0,12480.0,3744458.0,296896.0,12612.0,4201805.0,262269.0,16021.0,4376305.0,254540.0,17193.0,5619756.0,352424.0,15946.0,5129551.0,298890.0,17162.0,4373549.0,283133.0,15447.0,3951906.0,236330.0,16722.0,0.0,0.0,3966.5,4855.5,0.0,0.0,0.0,0.0,0.0,0.0,0.0,0.0,0.0,0.0,0.0,0.0,1864.0,2109.75,0.0,0.0,0.0,0.0,152.75,674.0,0.0,0.0,0.0,0.0,0.0,0.0,0.0,0.0,0.0,0.0,0.0,0.0,526.0,776.25,0.0,0.0,0.0,0.0,36.0,300.0,0.0,0.0,0.0,0.0,0.0,0.0,0.0,0.0,0.0,0.0,0.0,0.0,341.0,1278.0,0.0,0.0,0.0,0.0,2.0,53.5,0.0,0.0,0.0,0.0,0.0,0.0,0.0,0.0,0.0,0.0,0.0,0.0,56.0,367.25,0.0,0.0
Vanløse,2017,200.0,167.0,218.0,212.0,186.0,165.0,64.0,82.0,16.0,,0.0,,0.0,0.0,64.0,55.0,18.0,13.0,20.0,27.0,12.0,19.0,10.0,,4.0,,6.0,6.0,42.0,36.0,43.0,28.0,292.0,309.0,423.0,435.0,287.0,324.0,253.0,197.0,161.0,149.0,22.0,15.0,15.0,26.0,325.0,412.0,319.0,310.0,194.0,142.0,133.0,80.0,120.0,179.0,2129.0,2010.0,1591.0,1533.0,3179.0,3477.0,2481.0,2335.0,2342.0,2261.0,1889.0,2103.0,2800.0,3646.0,1194.0,631.0,394.0,270.0,254.0,363.0,199.0,118.0,80.0,85.0,110.0,75.0,47.0,31.0,60.0,73.0,40.0,35.0,25.0,13.0,327.0,173.0,112.0,79.0,49.0,321.0,144.0,82.0,55.0,47.0,4006575.0,247640.0,16179.0,3789338.0,220515.0,17184.0,4701145.0,369587.0,12720.0,3841789.0,303124.0,12674.0,4342908.0,267635.0,16227.0,4497958.0,261205.0,17220.0,5814732.0,360001.0,16152.0,5238285.0,304906.0,17180.0,4528340.0,290129.0,15608.0,4038947.0,241535.0,16722.0,0.0,0.0,4004.5,4813.5,0.0,0.0,0.0,0.0,0.0,0.0,0.0,0.0,0.0,0.0,0.0,0.0,1889.25,2081.0,0.0,0.0,0.0,0.0,152.25,684.0,0.0,0.0,0.0,0.0,0.0,0.0,0.0,0.0,0.0,0.0,0.0,0.0,506.75,791.25,0.0,0.0,0.0,0.0,33.75,292.75,0.0,0.0,0.0,0.0,0.0,0.0,0.0,0.0,0.0,0.0,0.0,0.0,353.75,1281.0,0.0,0.0,0.0,0.0,2.5,54.5,0.0,0.0,0.0,0.0,0.0,0.0,0.0,0.0,0.0,0.0,0.0,0.0,64.25,364.0,0.0,0.0
Vanløse,2018,202.0,171.0,229.0,204.0,207.0,177.0,65.0,79.0,19.0,23.0,0.0,0.0,0.0,0.0,79.0,57.0,18.0,14.0,19.0,24.0,18.0,18.0,11.0,10.0,4.0,13.0,6.0,10.0,36.0,29.0,41.0,28.0,299.0,336.0,443.0,453.0,289.0,333.0,279.0,207.0,175.0,163.0,22.0,15.0,20.0,31.0,361.0,387.0,339.0,318.0,213.0,171.0,134.0,76.0,131.0,183.0,2131.0,1928.0,1645.0,1567.0,3235.0,3442.0,2394.0,2337.0,2339.0,2219.0,1871.0,2088.0,2840.0,3616.0,1039.0,685.0,412.0,258.0,234.0,284.0,228.0,132.0,85.0,71.0,116.0,90.0,47.0,41.0,39.0,72.0,44.0,28.0,16.0,21.0,295.0,163.0,99.0,61.0,49.0,272.0,160.0,106.0,55.0,54.0,4134585.0,254123.0,16270.0,3922763.0,225784.0,17374.0,4883434.0,382265.0,12775.0,3984406.0,309661.0,12867.0,4484829.0,274806.0,16320.0,4663425.0,267767.0,17416.0,5998657.0,369398.0,16239.0,5386722.0,310206.0,17365.0,4630048.0,295925.0,15646.0,4061310.0,241213.0,16837.0,0.0,0.0,4057.25,4805.0,0.0,0.0,0.0,0.0,0.0,0.0,0.0,0.0,0.0,0.0,0.0,0.0,1891.25,2060.75,0.0,0.0,0.0,0.0,158.25,689.25,0.0,0.0,0.0,0.0,0.0,0.0,0.0,0.0,0.0,0.0,0.0,0.0,514.5,793.75,0.0,0.0,0.0,0.0,35.25,295.75,0.0,0.0,0.0,0.0,0.0,0.0,0.0,0.0,0.0,0.0,0.0,0.0,361.5,1288.5,0.0,0.0,0.0,0.0,1.25,59.25,0.0,0.0,0.0,0.0,0.0,0.0,0.0,0.0,0.0,0.0,0.0,0.0,71.25,372.25,0.0,0.0
Vanløse,2019,222.0,178.0,229.0,206.0,217.0,205.0,70.0,83.0,22.0,31.0,0.0,0.0,0.0,0.0,85.0,73.0,18.0,14.0,17.0,28.0,21.0,21.0,8.0,10.0,5.0,13.0,6.0,12.0,39.0,28.0,42.0,40.0,288.0,318.0,482.0,504.0,298.0,336.0,279.0,214.0,198.0,182.0,22.0,17.0,31.0,35.0,335.0,373.0,370.0,356.0,224.0,183.0,146.0,75.0,136.0,182.0,2108.0,1896.0,1691.0,1634.0,3215.0,3455.0,2351.0,2347.0,2325.0,2177.0,1905.0,2085.0,2842.0,3646.0,1144.0,653.0,401.0,236.0,272.0,350.0,223.0,143.0,91.0,95.0,101.0,83.0,43.0,28.0,50.0,67.0,40.0,35.0,13.0,15.0,298.0,156.0,83.0,60.0,50.0,328.0,151.0,97.0,44.0,62.0,4293702.0,263871.0,16272.0,4042750.0,231942.0,17430.0,5026766.0,390247.0,12881.0,4124108.0,316436.0,13033.0,4649118.0,284785.0,16325.0,4829409.0,276393.0,17473.0,6220792.0,382865.0,16248.0,5566365.0,319410.0,17427.0,4756227.0,302347.0,15731.0,4204107.0,248235.0,16936.0,0.0,0.0,4033.75,4809.0,0.0,0.0,0.0,0.0,0.0,0.0,0.0,0.0,0.0,0.0,0.0,0.0,1927.25,2061.25,0.0,0.0,0.0,0.0,158.5,693.25,0.0,0.0,0.0,0.0,0.0,0.0,0.0,0.0,0.0,0.0,0.0,0.0,525.5,799.25,0.0,0.0,0.0,0.0,35.75,294.25,0.0,0.0,0.0,0.0,0.0,0.0,0.0,0.0,0.0,0.0,0.0,0.0,370.5,1288.75,0.0,0.0,0.0,0.0,1.5,66.5,0.0,0.0,0.0,0.0,0.0,0.0,0.0,0.0,0.0,0.0,0.0,0.0,66.5,370.0,0.0,0.0
Vanløse,2020,218.0,167.0,219.0,203.0,233.0,219.0,72.0,83.0,26.0,38.0,0.0,0.0,0.0,0.0,86.0,71.0,22.0,16.0,22.0,29.0,23.0,21.0,7.0,11.0,5.0,11.0,6.0,13.0,36.0,39.0,45.0,43.0,264.0,305.0,481.0,521.0,312.0,342.0,295.0,229.0,214.0,188.0,15.0,14.0,25.0,35.0,320.0,384.0,341.0,385.0,217.0,192.0,146.0,83.0,140.0,175.0,2049.0,1897.0,1740.0,1689.0,3189.0,3425.0,2330.0,2314.0,2287.0,2204.0,1912.0,2056.0,2846.0,3649.0,1063.0,670.0,494.0,331.0,416.0,320.0,218.0,142.0,83.0,125.0,110.0,59.0,61.0,53.0,64.0,75.0,56.0,37.0,21.0,35.0,281.0,165.0,132.0,92.0,96.0,277.0,172.0,122.0,82.0,96.0,4430695.0,272893.0,16236.0,4250444.0,244559.0,17380.0,5186028.0,410384.0,12637.0,4355130.0,338026.0,12884.0,4843620.0,296591.0,16331.0,5048669.0,289140.0,17461.0,6403554.0,394721.0,16223.0,5851087.0,336734.0,17376.0,4886523.0,312118.0,15656.0,4419557.0,262335.0,16847.0,0.0,0.0,4044.25,4897.0,0.0,0.0,0.0,0.0,0.0,0.0,0.0,0.0,0.0,0.0,0.0,0.0,1880.5,2085.75,0.0,0.0,0.0,0.0,162.25,686.5,0.0,0.0,0.0,0.0,0.0,0.0,0.0,0.0,0.0,0.0,0.0,0.0,545.0,788.5,0.0,0.0,0.0,0.0,30.0,294.0,0.0,0.0,0.0,0.0,0.0,0.0,0.0,0.0,0.0,0.0,0.0,0.0,358.5,1300.0,0.0,0.0,0.0,0.0,3.25,75.5,0.0,0.0,0.0,0.0,0.0,0.0,0.0,0.0,0.0,0.0,0.0,0.0,68.0,379.5,0.0,0.0
Vanløse,2021,196.0,159.0,225.0,201.0,260.0,240.0,81.0,88.0,30.0,,0.0,,0.0,0.0,74.0,74.0,24.0,17.0,25.0,34.0,17.0,19.0,11.0,,4.0,,6.0,14.0,28.0,38.0,51.0,42.0,231.0,264.0,467.0,505.0,306.0,356.0,287.0,234.0,233.0,199.0,13.0,13.0,23.0,25.0,269.0,371.0,398.0,379.0,204.0,195.0,166.0,89.0,144.0,169.0,1997.0,1842.0,1797.0,1735.0,3180.0,3332.0,2299.0,2343.0,2235.0,2222.0,1917.0,2031.0,2864.0,3644.0,960.0,654.0,443.0,304.0,291.0,293.0,235.0,122.0,76.0,83.0,83.0,56.0,60.0,47.0,52.0,54.0,48.0,29.0,31.0,24.0,228.0,158.0,113.0,81.0,68.0,302.0,157.0,119.0,69.0,64.0,4711390.0,291312.0,16173.0,4420855.0,255985.0,17270.0,5499956.0,423987.0,12972.0,4552287.0,346947.0,13121.0,5138444.0,315145.0,16305.0,5294463.0,304524.0,17386.0,6802534.0,420871.0,16163.0,6089524.0,352668.0,17267.0,5121109.0,329205.0,15556.0,4560471.0,272870.0,16713.0,0.0,0.0,4194.25,4964.0,0.0,0.0,0.0,0.0,0.0,0.0,0.0,0.0,0.0,0.0,0.0,0.0,1903.75,2086.25,0.0,0.0,0.0,0.0,163.75,664.25,0.0,0.0,0.0,0.0,0.0,0.0,0.0,0.0,0.0,0.0,0.0,0.0,524.25,809.5,0.0,0.0,0.0,0.0,38.75,304.75,0.0,0.0,0.0,0.0,0.0,0.0,0.0,0.0,0.0,0.0,0.0,0.0,369.5,1283.0,0.0,0.0,0.0,0.0,2.0,70.0,0.0,0.0,0.0,0.0,0.0,0.0,0.0,0.0,0.0,0.0,0.0,0.0,68.25,372.0,0.0,0.0
Vanløse,2022,193.0,150.0,218.0,193.0,263.0,264.0,96.0,92.0,35.0,,0.0,,0.0,0.0,76.0,71.0,29.0,18.0,23.0,34.0,20.0,16.0,10.0,,5.0,,5.0,15.0,37.0,30.0,43.0,43.0,213.0,245.0,483.0,462.0,292.0,361.0,297.0,258.0,238.0,212.0,12.0,15.0,26.0,37.0,281.0,387.0,402.0,391.0,209.0,201.0,165.0,98.0,157.0,166.0,1898.0,1806.0,1833.0,1780.0,3163.0,3239.0,2264.0,2301.0,2182.0,2167.0,1920.0,2028.0,2892.0,3650.0,1089.0,601.0,279.0,145.0,146.0,365.0,205.0,76.0,45.0,51.0,105.0,73.0,32.0,25.0,17.0,85.0,50.0,27.0,6.0,14.0,255.0,134.0,62.0,33.0,26.0,279.0,139.0,82.0,36.0,38.0,4689203.0,288212.0,16270.0,4374605.0,253336.0,17268.0,5604451.0,426486.0,13141.0,4657766.0,351795.0,13240.0,5112142.0,313186.0,16323.0,5265574.0,303947.0,17324.0,6788194.0,417298.0,16267.0,6042839.0,349985.0,17266.0,5119311.0,326362.0,15686.0,4541290.0,271495.0,16727.0,0.0,0.0,4301.0,4999.5,0.0,0.0,0.0,0.0,0.0,0.0,0.0,0.0,0.0,0.0,0.0,0.0,1902.5,2058.0,0.0,0.0,0.0,0.0,155.25,675.0,0.0,0.0,0.0,0.0,0.0,0.0,0.0,0.0,0.0,0.0,0.0,0.0,513.25,791.0,0.0,0.0,0.0,0.0,40.0,293.25,0.0,0.0,0.0,0.0,0.0,0.0,0.0,0.0,0.0,0.0,0.0,0.0,366.5,1280.75,0.0,0.0,0.0,0.0,1.0,70.25,0.0,0.0,0.0,0.0,0.0,0.0,0.0,0.0,0.0,0.0,0.0,0.0,71.0,368.0,0.0,0.0
Vanløse,2023,176.0,144.0,220.0,188.0,272.0,270.0,112.0,103.0,47.0,,0.0,,0.0,0.0,80.0,64.0,29.0,20.0,20.0,34.0,21.0,23.0,11.0,,5.0,,6.0,17.0,42.0,34.0,51.0,47.0,215.0,264.0,479.0,476.0,323.0,349.0,290.0,303.0,272.0,229.0,7.0,16.0,36.0,38.0,322.0,400.0,432.0,399.0,218.0,200.0,170.0,110.0,161.0,170.0,1807.0,1726.0,1843.0,1787.0,3060.0,3192.0,2323.0,2256.0,2041.0,2065.0,1927.0,2023.0,2903.0,3690.0,929.0,617.0,297.0,165.0,130.0,306.0,201.0,112.0,44.0,43.0,88.0,55.0,41.0,22.0,14.0,64.0,47.0,18.0,19.0,19.0,204.0,126.0,58.0,44.0,21.0,267.0,188.0,68.0,36.0,33.0,5098560.0,311877.0,16348.0,4643593.0,270448.0,17170.0,5978421.0,448292.0,13336.0,4898521.0,369198.0,13268.0,5561493.0,339219.0,16395.0,5663921.0,328801.0,17226.0,7357146.0,450833.0,16319.0,6413089.0,373745.0,17159.0,5442477.0,340006.0,16007.0,4729257.0,280119.0,16883.0,0.0,0.0,4287.75,4926.5,0.0,0.0,0.0,0.0,0.0,0.0,0.0,0.0,0.0,0.0,0.0,0.0,1908.25,2078.0,0.0,0.0,0.0,0.0,150.75,673.0,0.0,0.0,0.0,0.0,0.0,0.0,0.0,0.0,0.0,0.0,0.0,0.0,507.75,807.75,0.0,0.0,0.0,0.0,36.75,292.25,0.0,0.0,0.0,0.0,0.0,0.0,0.0,0.0,0.0,0.0,0.0,0.0,377.75,1268.75,0.0,0.0,0.0,0.0,1.25,72.75,0.0,0.0,0.0,0.0,0.0,0.0,0.0,0.0,0.0,0.0,0.0,0.0,63.75,376.0,0.0,0.0
Vanløse,2024,162.0,138.0,219.0,181.0,290.0,266.0,127.0,124.0,,,,,0.0,0.0,81.0,60.0,32.0,21.0,25.0,31.0,20.0,23.0,,,,,6.0,17.0,35.0,38.0,63.0,59.0,215.0,243.0,469.0,463.0,333.0,382.0,282.0,295.0,289.0,255.0,8.0,14.0,30.0,33.0,336.0,416.0,441.0,404.0,237.0,205.0,163.0,116.0,167.0,169.0,1821.0,1692.0,1812.0,1733.0,3025.0,3156.0,2422.0,2265.0,1959.0,2005.0,1937.0,2007.0,2990.0,3750.0,,,,,,,,,,,,,,,,,,,,,,,,,,,,,,,5394027.0,326258.0,16533.0,4857605.0,280835.0,17297.0,6307105.0,468442.0,13464.0,5199467.0,389911.0,13335.0,5880339.0,355050.0,16562.0,5948361.0,343142.0,17335.0,7897486.0,478230.0,16514.0,6817264.0,394403.0,17285.0,5732727.0,353501.0,16217.0,5024480.0,295072.0,17028.0,0.0,0.0,4330.75,4897.25,0.0,0.0,0.0,0.0,0.0,0.0,0.0,0.0,0.0,0.0,0.0,0.0,1916.75,2080.25,0.0,0.0,0.0,0.0,161.0,669.75,0.0,0.0,0.0,0.0,0.0,0.0,0.0,0.0,0.0,0.0,0.0,0.0,485.0,800.75,0.0,0.0,0.0,0.0,36.5,290.75,0.0,0.0,0.0,0.0,0.0,0.0,0.0,0.0,0.0,0.0,0.0,0.0,378.5,1291.75,0.0,0.0,0.0,0.0,2.25,66.5,0.0,0.0,0.0,0.0,0.0,0.0,0.0,0.0,0.0,0.0,0.0,0.0,72.25,376.0,0.0,0.0
Vanløse,2025,156.0,121.0,212.0,178.0,279.0,281.0,157.0,140.0,54.0,57.0,5.0,8.0,0.0,0.0,76.0,61.0,33.0,29.0,26.0,18.0,17.0,24.0,13.0,9.0,5.0,8.0,6.0,16.0,30.0,38.0,66.0,75.0,252.0,261.0,445.0,440.0,324.0,408.0,276.0,312.0,307.0,265.0,9.0,11.0,33.0,34.0,312.0,405.0,457.0,411.0,243.0,213.0,161.0,117.0,173.0,171.0,1818.0,1677.0,1791.0,1739.0,2973.0,3050.0,2459.0,2326.0,1932.0,1931.0,1936.0,2002.0,3046.0,3788.0,,,,,,,,,,,,,,,,,,,,,,,,,,,,,,,,,,,,,,,,,,,,,,,,,,,,,,,,,,,,,,,,,,,,,,,,,,,,,,,,,,,,,,,,,,,,,,,,,,,,,,,,,,,,,,,,,,,,,,,,,,,,,,,,,,,,,,,,,,,,
Vesterbro/Kongens Enghave,1986,463.0,464.0,102.0,100.0,,5.0,,0.0,0.0,0.0,,0.0,0.0,0.0,54.0,40.0,13.0,16.0,,29.0,,14.0,5.0,5.0,,6.0,5.0,10.0,105.0,88.0,313.0,240.0,553.0,389.0,557.0,348.0,441.0,160.0,181.0,67.0,43.0,39.0,32.0,29.0,30.0,29.0,293.0,240.0,292.0,222.0,175.0,116.0,106.0,88.0,167.0,309.0,1360.0,1169.0,1538.0,1653.0,5390.0,5279.0,3316.0,2376.0,2465.0,1797.0,2095.0,1871.0,4578.0,6866.0,,,,,,,,,,,,,,,,,,,,,,,,,,,,,,,,,,,,,,,,,,,,,,,,,,,,,,,,,,,,,,,,,,,,,,,,,,,,,,,,,,,,,,,,,,,,,,,,,,,,,,,,,,,,,,,,,,,,,,,,,,,,,,,,,,,,,,,,,,,,
Vesterbro/Kongens Enghave,1987,462.0,473.0,129.0,132.0,,,,,0.0,0.0,,0.0,0.0,0.0,49.0,40.0,16.0,20.0,,,,,3.0,5.0,,4.0,6.0,11.0,118.0,116.0,331.0,261.0,617.0,430.0,594.0,362.0,462.0,179.0,195.0,77.0,51.0,42.0,30.0,26.0,28.0,35.0,319.0,234.0,295.0,208.0,189.0,128.0,104.0,75.0,162.0,298.0,1298.0,1124.0,1430.0,1466.0,5482.0,5360.0,3346.0,2431.0,2531.0,1881.0,1957.0,1732.0,4407.0,6571.0,,,,,,,,,,,,,,,,,,,,,,,,,,,,,,,1611582.0,76494.0,21068.0,1355656.0,66217.0,20473.0,1852893.0,125825.0,14726.0,1216986.0,102890.0,11828.0,1707146.0,80632.0,21172.0,1581466.0,76179.0,20760.0,2595980.0,123319.0,21051.0,1990555.0,97290.0,20460.0,2142928.0,105787.0,20257.0,1663893.0,84325.0,19732.0,,,,,,,,,,,,,,,,,,,,,,,,,,,,,,,,,,,,,,,,,,,,,,,,,,,,,,,,,,,,,,,,,,,,,,,,,,,,,,,,
Vesterbro/Kongens Enghave,1988,459.0,477.0,164.0,150.0,,,,,0.0,0.0,,0.0,0.0,0.0,48.0,40.0,,,,,,,,,,7.0,8.0,9.0,110.0,113.0,328.0,255.0,622.0,457.0,599.0,365.0,456.0,203.0,197.0,80.0,60.0,48.0,30.0,26.0,,,295.0,240.0,287.0,210.0,,,105.0,81.0,157.0,277.0,1292.0,1112.0,1379.0,1398.0,5607.0,5593.0,3347.0,2460.0,2535.0,1872.0,1857.0,1629.0,4233.0,6290.0,,,,,,,,,,,,,,,,,,,,,,,,,,,,,,,1687554.0,79493.0,21229.0,1430059.0,69916.0,20454.0,1927223.0,133123.0,14477.0,1293149.0,109228.0,11839.0,1791912.0,84100.0,21307.0,1660529.0,80277.0,20685.0,2732001.0,129356.0,21120.0,2121396.0,103990.0,20400.0,2253434.0,110908.0,20318.0,1760185.0,89572.0,19651.0,,,,,,,,,,,,,,,,,,,,,,,,,,,,,,,,,,,,,,,,,,,,,,,,,,,,,,,,,,,,,,,,,,,,,,,,,,,,,,,,
Vesterbro/Kongens Enghave,1989,482.0,485.0,186.0,172.0,,,0.0,,0.0,,,0.0,0.0,0.0,49.0,43.0,17.0,24.0,,,11.0,,6.0,,,5.0,8.0,8.0,122.0,97.0,323.0,259.0,671.0,483.0,589.0,384.0,482.0,239.0,217.0,100.0,72.0,52.0,35.0,26.0,27.0,33.0,248.0,223.0,270.0,198.0,223.0,128.0,110.0,82.0,154.0,258.0,1272.0,1127.0,1275.0,1344.0,5823.0,5834.0,3371.0,2445.0,2597.0,1911.0,1808.0,1564.0,4012.0,5993.0,,,,,,,,,,,,,,,,,,,,,,,,,,,,,,,1737608.0,82457.0,21073.0,1503545.0,74114.0,20287.0,1917160.0,135911.0,14106.0,1318398.0,113080.0,11659.0,1859795.0,87813.0,21179.0,1727501.0,84162.0,20526.0,2801383.0,134185.0,20877.0,2216154.0,109678.0,20206.0,2293030.0,115147.0,19914.0,1828052.0,94674.0,19309.0,,,,,,,,,,,,,,,,,,,,,,,,,,,,,,,,,,,,,,,,,,,,,,,,,,,,,,,,,,,,,,,,,,,,,,,,,,,,,,,,
Vesterbro/Kongens Enghave,1990,499.0,500.0,226.0,195.0,,,,,0.0,,,0.0,0.0,0.0,35.0,37.0,,,,,,,,,,4.0,8.0,9.0,110.0,114.0,310.0,274.0,791.0,549.0,595.0,382.0,482.0,255.0,239.0,110.0,84.0,66.0,28.0,17.0,,,225.0,216.0,270.0,195.0,,,127.0,73.0,145.0,245.0,1269.0,1087.0,1206.0,1283.0,5979.0,5927.0,3341.0,2492.0,2555.0,1909.0,1783.0,1518.0,3741.0,5699.0,,,,,,,,,,,,,,,,,,,,,,,,,,,,,,,1745188.0,84024.0,20770.0,1517397.0,75556.0,20083.0,1908285.0,137405.0,13888.0,1332623.0,115060.0,11582.0,1862999.0,89297.0,20863.0,1745983.0,85916.0,20322.0,2797100.0,135256.0,20680.0,2235022.0,111695.0,20010.0,2297086.0,116924.0,19646.0,1842710.0,96558.0,19084.0,,,,,,,,,,,,,,,,,,,,,,,,,,,,,,,,,,,,,,,,,,,,,,,,,,,,,,,,,,,,,,,,,,,,,,,,,,,,,,,,
Vesterbro/Kongens Enghave,1991,505.0,494.0,267.0,226.0,,,,,0.0,,,0.0,0.0,0.0,41.0,35.0,22.0,17.0,,,,,5.0,,,4.0,5.0,7.0,133.0,121.0,274.0,256.0,748.0,557.0,655.0,411.0,474.0,291.0,270.0,116.0,100.0,65.0,18.0,20.0,24.0,28.0,232.0,203.0,267.0,199.0,214.0,130.0,113.0,77.0,151.0,222.0,1289.0,1116.0,1174.0,1237.0,5940.0,5982.0,3342.0,2486.0,2518.0,1937.0,1713.0,1449.0,3537.0,5427.0,,,,,,,,,,,,,,,,,,,,,,,,,,,,,,,1770089.0,85297.0,20752.0,1538383.0,77008.0,19977.0,1907048.0,138614.0,13758.0,1353416.0,115776.0,11690.0,1882807.0,90311.0,20848.0,1767551.0,87524.0,20195.0,2857410.0,137926.0,20717.0,2295261.0,115091.0,19943.0,2336614.0,119416.0,19567.0,1888809.0,99668.0,18951.0,,,,,,,,,,,,,,,,,,,,,,,,,,,,,,,,,,,,,,,,,,,,,,,,,,,,,,,,,,,,,,,,,,,,,,,,,,,,,,,,
Vesterbro/Kongens Enghave,1992,520.0,499.0,272.0,252.0,6.0,17.0,,,0.0,,,0.0,0.0,0.0,39.0,38.0,,,31.0,29.0,,,,,,4.0,5.0,7.0,131.0,127.0,257.0,268.0,774.0,600.0,697.0,458.0,486.0,276.0,271.0,131.0,113.0,85.0,16.0,17.0,,,259.0,221.0,279.0,202.0,,,129.0,87.0,138.0,200.0,1280.0,1128.0,1126.0,1159.0,6061.0,6132.0,3409.0,2524.0,2517.0,1940.0,1670.0,1396.0,3310.0,5114.0,,,,,,,,,,,,,,,,,,,,,,,,,,,,,,,1806463.0,87235.0,20708.0,1573647.0,79133.0,19886.0,1898664.0,138568.0,13702.0,1364088.0,116949.0,11664.0,1923124.0,92431.0,20806.0,1800078.0,89436.0,20127.0,2888212.0,139649.0,20682.0,2339530.0,117837.0,19854.0,2359229.0,120980.0,19501.0,1922219.0,102077.0,18831.0,,,,,,,,,,,,,,,,,,,,,,,,,,,,,,,,,,,,,,,,,,,,,,,,,,,,,,,,,,,,,,,,,,,,,,,,,,,,,,,,
Vesterbro/Kongens Enghave,1993,514.0,516.0,290.0,271.0,,,,,0.0,,0.0,0.0,,0.0,42.0,38.0,18.0,18.0,,,,,6.0,,4.0,5.0,,7.0,138.0,129.0,262.0,236.0,783.0,597.0,718.0,464.0,470.0,302.0,276.0,129.0,129.0,96.0,18.0,18.0,22.0,24.0,264.0,232.0,284.0,201.0,232.0,143.0,129.0,99.0,145.0,190.0,1308.0,1169.0,1015.0,1085.0,6218.0,6229.0,3379.0,2584.0,2467.0,1935.0,1706.0,1372.0,3134.0,4873.0,,,,,,,,,,,,,,,,,,,,,,,,,,,,,,,1848157.0,88488.0,20886.0,1602989.0,80617.0,19884.0,1876101.0,135999.0,13795.0,1370074.0,117886.0,11622.0,1968605.0,93761.0,20996.0,1826717.0,90791.0,20120.0,2920218.0,140052.0,20851.0,2367938.0,119268.0,19854.0,2380691.0,122168.0,19487.0,1946004.0,104003.0,18711.0,,,,,,,,,,,,,,,,,,,,,,,,,,,,,,,,,,,,,,,,,,,,,,,,,,,,,,,,,,,,,,,,,,,,,,,,,,,,,,,,
Vesterbro/Kongens Enghave,1994,513.0,512.0,275.0,264.0,,,,,,,0.0,0.0,,0.0,37.0,36.0,15.0,15.0,,,,,,,3.0,5.0,,7.0,132.0,106.0,231.0,213.0,783.0,618.0,783.0,462.0,484.0,300.0,263.0,147.0,145.0,100.0,15.0,18.0,20.0,18.0,276.0,261.0,277.0,195.0,235.0,142.0,136.0,101.0,131.0,178.0,1364.0,1222.0,962.0,1031.0,6283.0,6303.0,3551.0,2710.0,2453.0,1916.0,1705.0,1388.0,3007.0,4643.0,,,,,,,,,,,,,,,,,,,,,,,,,,,,,,,1960422.0,92929.0,21096.0,1724796.0,86573.0,19923.0,1989119.0,139872.0,14221.0,1431561.0,118301.0,12101.0,2102992.0,99235.0,21192.0,1941264.0,96609.0,20094.0,3149600.0,149532.0,21063.0,2641382.0,132779.0,19893.0,2706276.0,129307.0,20929.0,2271018.0,115280.0,19700.0,,,,,,,,,,,,,,,,,,,,,,,,,,,,,,,,,,,,,,,,,,,,,,,,,,,,,,,,,,,,,,,,,,,,,,,,,,,,,,,,
Vesterbro/Kongens Enghave,1995,519.0,521.0,268.0,258.0,,,,,,,0.0,0.0,,0.0,40.0,35.0,18.0,17.0,,,,,,,4.0,5.0,,7.0,109.0,91.0,230.0,231.0,706.0,614.0,817.0,468.0,481.0,305.0,276.0,161.0,151.0,96.0,17.0,21.0,30.0,19.0,294.0,270.0,303.0,195.0,214.0,138.0,145.0,110.0,134.0,180.0,1414.0,1253.0,929.0,985.0,6361.0,6403.0,3726.0,2759.0,2385.0,1876.0,1772.0,1402.0,2895.0,4427.0,,,,,,,,,,,,,,,,,,,,,,,,,,,,,,,2045981.0,96700.0,21158.0,1773746.0,89470.0,19825.0,2110411.0,147180.0,14339.0,1479059.0,122876.0,12037.0,2191779.0,103021.0,21275.0,2003320.0,100216.0,19990.0,3272305.0,154961.0,21117.0,2697315.0,136262.0,19795.0,2783955.0,133523.0,20850.0,2299154.0,117652.0,19542.0,,,,,,,,,,,,,,,,,,,,,,,,,,,,,,,,,,,,,,,,,,,,,,,,,,,,,,,,,,,,,,,,,,,,,,,,,,,,,,,,
Vesterbro/Kongens Enghave,1996,530.0,532.0,271.0,259.0,,,,,,0.0,0.0,,,0.0,35.0,44.0,19.0,17.0,,,,,,6.0,4.0,,,10.0,82.0,84.0,208.0,210.0,720.0,602.0,838.0,480.0,466.0,316.0,292.0,161.0,156.0,103.0,15.0,20.0,25.0,29.0,330.0,298.0,332.0,193.0,219.0,139.0,144.0,105.0,139.0,165.0,1403.0,1275.0,860.0,868.0,6502.0,6669.0,3937.0,2775.0,2272.0,1824.0,1799.0,1418.0,2738.0,4177.0,,,,,,,,,,,,,,,,,,,,,,,,,,,,,,,2146374.0,100679.0,21319.0,1854122.0,92674.0,20007.0,2289112.0,151517.0,15108.0,1597827.0,126933.0,12588.0,2294744.0,107116.0,21423.0,2095177.0,103933.0,20159.0,3418046.0,160668.0,21274.0,2804900.0,140399.0,19978.0,2902443.0,138067.0,21022.0,2380254.0,120586.0,19739.0,,,,,,,,,,,,,,,,,,,,,,,,,,,,,,,,,,,,,,,,,,,,,,,,,,,,,,,,,,,,,,,,,,,,,,,,,,,,,,,,
Vesterbro/Kongens Enghave,1997,522.0,519.0,277.0,243.0,,,,,,,0.0,,,0.0,36.0,49.0,19.0,17.0,,,,,,,4.0,,,10.0,93.0,82.0,218.0,217.0,688.0,639.0,885.0,515.0,463.0,343.0,319.0,170.0,164.0,113.0,15.0,23.0,27.0,22.0,349.0,385.0,366.0,193.0,205.0,149.0,164.0,109.0,141.0,156.0,1467.0,1324.0,812.0,822.0,6638.0,6792.0,4073.0,2969.0,2245.0,1788.0,1832.0,1514.0,2565.0,3909.0,,,,,,,,,,,,,,,,,,,,,,,,,,,,,,,2242249.0,103449.0,21675.0,1948276.0,95748.0,20348.0,2493335.0,158750.0,15706.0,1753197.0,133252.0,13157.0,2399440.0,110106.0,21792.0,2196548.0,107138.0,20502.0,3585593.0,165900.0,21613.0,2958061.0,145610.0,20315.0,3000190.0,141205.0,21247.0,2465833.0,122904.0,20063.0,,,,,,,,,,,,,,,,,,,,,,,,,,,,,,,,,,,,,,,,,,,,,,,,,,,,,,,,,,,,,,,,,,,,,,,,,,,,,,,,
Vesterbro/Kongens Enghave,1998,529.0,544.0,280.0,280.0,,,,,,,0.0,,,0.0,46.0,45.0,19.0,22.0,,,,,,,4.0,,,11.0,82.0,83.0,221.0,219.0,640.0,681.0,946.0,533.0,471.0,357.0,342.0,189.0,177.0,123.0,26.0,20.0,25.0,27.0,331.0,408.0,389.0,214.0,212.0,147.0,167.0,110.0,140.0,150.0,1504.0,1409.0,786.0,799.0,6868.0,6996.0,4205.0,3207.0,2204.0,1716.0,1919.0,1557.0,2433.0,3705.0,,,,,,,,,,,,,,,,,,,,,,,,,,,,,,,2400339.0,109425.0,21936.0,2055984.0,100365.0,20485.0,2783078.0,169638.0,16406.0,1906109.0,138757.0,13737.0,2565104.0,116601.0,21999.0,2333136.0,112936.0,20659.0,3845055.0,175581.0,21899.0,3104938.0,151764.0,20459.0,3206734.0,147613.0,21724.0,2578402.0,127103.0,20286.0,0.0,0.0,7989.0,7570.0,0.0,0.0,0.0,0.0,0.0,0.0,0.0,0.0,0.0,0.0,0.0,0.0,3027.0,2068.0,0.0,0.0,0.0,0.0,132.0,740.0,0.0,0.0,0.0,0.0,0.0,0.0,0.0,0.0,0.0,0.0,0.0,0.0,605.0,685.0,0.0,0.0,0.0,0.0,14.0,290.0,0.0,0.0,0.0,0.0,0.0,0.0,0.0,0.0,0.0,0.0,0.0,0.0,212.0,453.0,0.0,0.0,0.0,0.0,4.0,81.0,0.0,0.0,0.0,0.0,0.0,0.0,0.0,0.0,0.0,0.0,0.0,0.0,38.0,176.0,0.0,0.0
Vesterbro/Kongens Enghave,1999,512.0,560.0,284.0,272.0,167.0,136.0,,,,,0.0,,,0.0,42.0,38.0,19.0,23.0,55.0,54.0,,,,,3.0,,,8.0,74.0,72.0,212.0,216.0,646.0,692.0,931.0,563.0,485.0,363.0,333.0,208.0,184.0,137.0,23.0,12.0,29.0,30.0,370.0,388.0,400.0,229.0,203.0,155.0,162.0,107.0,139.0,147.0,1604.0,1442.0,767.0,730.0,6887.0,7113.0,4441.0,3342.0,2198.0,1670.0,1938.0,1601.0,2333.0,3512.0,,,,,,,,,,,,,,,,,,,,,,,,,,,,,,,2553849.0,115080.0,22192.0,2171472.0,104856.0,20709.0,3071575.0,181933.0,16883.0,2077226.0,147919.0,14043.0,2733926.0,122686.0,22284.0,2473280.0,118515.0,20869.0,4105023.0,185379.0,22144.0,3287109.0,158966.0,20678.0,3427756.0,156383.0,21919.0,2730106.0,133469.0,20455.0,0.0,0.0,7990.0,7468.0,0.0,0.0,0.0,0.0,0.0,0.0,0.0,0.0,0.0,0.0,0.0,0.0,3179.0,2070.0,0.0,0.0,0.0,0.0,137.0,721.0,0.0,0.0,0.0,0.0,0.0,0.0,0.0,0.0,0.0,0.0,0.0,0.0,630.0,691.0,0.0,0.0,0.0,0.0,17.0,276.0,0.0,0.0,0.0,0.0,0.0,0.0,0.0,0.0,0.0,0.0,0.0,0.0,261.0,477.0,0.0,0.0,0.0,0.0,5.0,73.0,0.0,0.0,0.0,0.0,0.0,0.0,0.0,0.0,0.0,0.0,0.0,0.0,39.0,182.0,0.0,0.0
Vesterbro/Kongens Enghave,2000,534.0,566.0,292.0,289.0,,,,,,,0.0,,,0.0,48.0,48.0,18.0,23.0,,,,,,,3.0,,,8.0,76.0,61.0,225.0,208.0,613.0,703.0,938.0,588.0,517.0,376.0,350.0,228.0,206.0,150.0,16.0,15.0,22.0,29.0,354.0,406.0,421.0,246.0,211.0,163.0,159.0,113.0,136.0,145.0,1691.0,1592.0,740.0,707.0,6901.0,7147.0,4696.0,3515.0,2159.0,1678.0,1950.0,1635.0,2283.0,3337.0,,,,,,,,,,,,,,,,,,,,,,,,,,,,,,,2717981.0,122459.0,22195.0,2284702.0,109815.0,20805.0,3310785.0,194798.0,16996.0,2239299.0,155550.0,14396.0,2898959.0,129957.0,22307.0,2608932.0,124365.0,20978.0,4373787.0,197623.0,22132.0,3443807.0,165839.0,20766.0,3589289.0,164813.0,21778.0,2828087.0,138272.0,20453.0,0.0,0.0,7848.0,7274.0,0.0,0.0,0.0,0.0,0.0,0.0,0.0,0.0,0.0,0.0,0.0,0.0,3399.0,2110.0,0.0,0.0,0.0,0.0,138.0,756.0,0.0,0.0,0.0,0.0,0.0,0.0,0.0,0.0,0.0,0.0,0.0,0.0,673.0,737.0,0.0,0.0,0.0,0.0,20.0,277.0,0.0,0.0,0.0,0.0,0.0,0.0,0.0,0.0,0.0,0.0,0.0,0.0,263.0,526.0,0.0,0.0,0.0,0.0,3.0,74.0,0.0,0.0,0.0,0.0,0.0,0.0,0.0,0.0,0.0,0.0,0.0,0.0,44.0,194.0,0.0,0.0
Vesterbro/Kongens Enghave,2001,581.0,569.0,289.0,307.0,,,,,,,0.0,0.0,,0.0,44.0,47.0,18.0,27.0,,,,,,,4.0,6.0,,7.0,63.0,58.0,211.0,204.0,591.0,695.0,909.0,602.0,514.0,403.0,349.0,238.0,226.0,163.0,13.0,9.0,31.0,38.0,371.0,418.0,450.0,243.0,231.0,167.0,155.0,123.0,143.0,152.0,1794.0,1704.0,715.0,695.0,6757.0,7112.0,4883.0,3696.0,2184.0,1647.0,1957.0,1655.0,2257.0,3232.0,,,,,,,,,,,,,,,,,,,,,,,,,,,,,,,2804171.0,127093.0,22064.0,2395910.0,114331.0,20956.0,3470074.0,204531.0,16966.0,2418654.0,164077.0,14741.0,2997834.0,135080.0,22193.0,2725637.0,129140.0,21106.0,4529458.0,206109.0,21976.0,3636183.0,173781.0,20924.0,3709812.0,172525.0,21503.0,2980716.0,144871.0,20575.0,0.0,0.0,7783.0,7152.0,0.0,0.0,0.0,0.0,0.0,0.0,0.0,0.0,0.0,0.0,0.0,0.0,3395.0,2099.0,0.0,0.0,0.0,0.0,147.0,740.0,0.0,0.0,0.0,0.0,0.0,0.0,0.0,0.0,0.0,0.0,0.0,0.0,712.0,774.0,0.0,0.0,0.0,0.0,18.0,284.0,0.0,0.0,0.0,0.0,0.0,0.0,0.0,0.0,0.0,0.0,0.0,0.0,262.0,539.0,0.0,0.0,0.0,0.0,7.0,85.0,0.0,0.0,0.0,0.0,0.0,0.0,0.0,0.0,0.0,0.0,0.0,0.0,47.0,190.0,0.0,0.0
Vesterbro/Kongens Enghave,2002,603.0,570.0,298.0,301.0,215.0,203.0,,,,,0.0,0.0,,0.0,46.0,53.0,22.0,30.0,45.0,51.0,,,,,4.0,7.0,,6.0,59.0,57.0,198.0,200.0,541.0,661.0,916.0,616.0,529.0,414.0,354.0,240.0,235.0,173.0,15.0,9.0,32.0,32.0,360.0,463.0,451.0,262.0,219.0,154.0,160.0,125.0,144.0,145.0,1909.0,1783.0,742.0,748.0,6435.0,6979.0,5140.0,3978.0,2161.0,1657.0,1985.0,1658.0,2224.0,3126.0,,,,,,,,,,,,,,,,,,,,,,,,,,,,,,,2881348.0,132427.0,21758.0,2510964.0,120257.0,20880.0,3505990.0,210002.0,16695.0,2498118.0,170067.0,14689.0,3086612.0,141147.0,21868.0,2859295.0,135892.0,21041.0,4590176.0,211929.0,21659.0,3766508.0,180709.0,20843.0,3753504.0,177622.0,21132.0,3062146.0,149643.0,20463.0,0.0,0.0,7725.0,7081.25,0.0,0.0,0.0,0.0,0.0,0.0,0.0,0.0,0.0,0.0,0.0,0.0,3405.75,1974.25,0.0,0.0,0.0,0.0,146.75,767.5,0.0,0.0,0.0,0.0,0.0,0.0,0.0,0.0,0.0,0.0,0.0,0.0,801.75,819.5,0.0,0.0,0.0,0.0,20.25,298.5,0.0,0.0,0.0,0.0,0.0,0.0,0.0,0.0,0.0,0.0,0.0,0.0,256.75,612.5,0.0,0.0,0.0,0.0,6.75,89.75,0.0,0.0,0.0,0.0,0.0,0.0,0.0,0.0,0.0,0.0,0.0,0.0,59.75,204.25,0.0,0.0
Vesterbro/Kongens Enghave,2003,608.0,559.0,295.0,320.0,230.0,208.0,,,,,0.0,0.0,,0.0,54.0,50.0,21.0,29.0,47.0,45.0,,,,,6.0,8.0,,5.0,50.0,58.0,178.0,181.0,511.0,623.0,846.0,644.0,557.0,415.0,349.0,270.0,252.0,190.0,19.0,12.0,26.0,30.0,355.0,475.0,470.0,302.0,206.0,147.0,169.0,132.0,141.0,148.0,2068.0,1886.0,750.0,737.0,5951.0,6597.0,5487.0,4336.0,2167.0,1698.0,1945.0,1676.0,2157.0,2990.0,,,,,,,,,,,,,,,,,,,,,,,,,,,,,,,2976628.0,137184.0,21698.0,2578694.0,124997.0,20630.0,3549151.0,214983.0,16509.0,2524444.0,172860.0,14604.0,3185906.0,145935.0,21831.0,2925297.0,140687.0,20793.0,4689845.0,216681.0,21644.0,3842009.0,186650.0,20584.0,3822995.0,181185.0,21100.0,3123162.0,154383.0,20230.0,0.0,0.0,7657.75,6942.25,0.0,0.0,0.0,0.0,0.0,0.0,0.0,0.0,0.0,0.0,0.0,0.0,3404.5,1923.25,0.0,0.0,0.0,0.0,138.5,804.25,0.0,0.0,0.0,0.0,0.0,0.0,0.0,0.0,0.0,0.0,0.0,0.0,834.0,843.5,0.0,0.0,0.0,0.0,24.25,320.25,0.0,0.0,0.0,0.0,0.0,0.0,0.0,0.0,0.0,0.0,0.0,0.0,296.0,649.5,0.0,0.0,0.0,0.0,7.25,88.75,0.0,0.0,0.0,0.0,0.0,0.0,0.0,0.0,0.0,0.0,0.0,0.0,61.0,224.75,0.0,0.0
Vesterbro/Kongens Enghave,2004,589.0,512.0,303.0,314.0,230.0,212.0,,,,,0.0,0.0,,0.0,61.0,59.0,,,49.0,44.0,,,,,6.0,6.0,4.0,,42.0,49.0,157.0,178.0,479.0,555.0,809.0,649.0,571.0,421.0,341.0,265.0,260.0,211.0,19.0,14.0,,,322.0,471.0,468.0,315.0,206.0,146.0,185.0,137.0,,,2179.0,2016.0,792.0,779.0,5627.0,6201.0,5704.0,4538.0,2264.0,1703.0,1925.0,1678.0,2138.0,2913.0,,,,,,,,,,,,,,,,,,,,,,,,,,,,,,,3106655.0,144047.0,21567.0,2708007.0,132401.0,20453.0,3650410.0,221505.0,16480.0,2639743.0,180643.0,14613.0,3322874.0,153156.0,21696.0,3060818.0,148591.0,20599.0,4777268.0,222675.0,21454.0,3957603.0,193905.0,20410.0,3873486.0,185033.0,20934.0,3185699.0,159126.0,20020.0,0.0,0.0,7728.5,6904.0,0.0,0.0,0.0,0.0,0.0,0.0,0.0,0.0,0.0,0.0,0.0,0.0,3291.5,1872.75,0.0,0.0,0.0,0.0,139.5,832.0,0.0,0.0,0.0,0.0,0.0,0.0,0.0,0.0,0.0,0.0,0.0,0.0,873.0,827.75,0.0,0.0,0.0,0.0,25.25,328.5,0.0,0.0,0.0,0.0,0.0,0.0,0.0,0.0,0.0,0.0,0.0,0.0,319.25,695.5,0.0,0.0,0.0,0.0,7.0,86.75,0.0,0.0,0.0,0.0,0.0,0.0,0.0,0.0,0.0,0.0,0.0,0.0,53.5,230.25,0.0,0.0
Vesterbro/Kongens Enghave,2005,522.0,502.0,316.0,321.0,232.0,201.0,,,,,,0.0,0.0,0.0,57.0,51.0,18.0,19.0,50.0,37.0,,,,,,7.0,5.0,8.0,38.0,39.0,150.0,162.0,488.0,516.0,781.0,620.0,610.0,440.0,351.0,276.0,280.0,217.0,15.0,13.0,26.0,30.0,350.0,469.0,452.0,313.0,227.0,152.0,166.0,141.0,156.0,146.0,2214.0,2115.0,823.0,825.0,5261.0,5852.0,5874.0,4704.0,2344.0,1809.0,1855.0,1643.0,2134.0,2843.0,,,,,,,,,,,,,,,,,,,,,,,,,,,,,,,3211777.0,150639.0,21321.0,2799896.0,137492.0,20364.0,3788029.0,230457.0,16437.0,2781483.0,186752.0,14894.0,3429199.0,159840.0,21454.0,3167372.0,154498.0,20501.0,4929416.0,232432.0,21208.0,4096280.0,201489.0,20330.0,3950961.0,192495.0,20525.0,3284461.0,165015.0,19904.0,0.0,0.0,7822.5,6935.25,0.0,0.0,0.0,0.0,0.0,0.0,0.0,0.0,0.0,0.0,0.0,0.0,3205.0,1830.75,0.0,0.0,0.0,0.0,144.5,863.75,0.0,0.0,0.0,0.0,0.0,0.0,0.0,0.0,0.0,0.0,0.0,0.0,837.25,812.5,0.0,0.0,0.0,0.0,28.75,338.75,0.0,0.0,0.0,0.0,0.0,0.0,0.0,0.0,0.0,0.0,0.0,0.0,338.25,714.75,0.0,0.0,0.0,0.0,8.25,86.25,0.0,0.0,0.0,0.0,0.0,0.0,0.0,0.0,0.0,0.0,0.0,0.0,54.25,227.75,0.0,0.0
Vesterbro/Kongens Enghave,2006,468.0,467.0,336.0,324.0,232.0,199.0,,,0.0,,,0.0,0.0,0.0,49.0,54.0,22.0,22.0,44.0,32.0,,,12.0,,,5.0,6.0,10.0,27.0,39.0,132.0,143.0,485.0,501.0,754.0,608.0,633.0,451.0,347.0,299.0,294.0,224.0,20.0,16.0,33.0,32.0,364.0,476.0,472.0,324.0,247.0,147.0,162.0,137.0,160.0,142.0,2202.0,2129.0,897.0,861.0,4905.0,5575.0,5833.0,4809.0,2486.0,1877.0,1827.0,1613.0,2150.0,2839.0,,,,,,,,,,,,,,,,,,,,,,,,,,,,,,,3404512.0,157975.0,21551.0,2970637.0,143405.0,20715.0,4184692.0,246928.0,16947.0,3064374.0,198843.0,15411.0,3635124.0,167912.0,21649.0,3357889.0,161127.0,20840.0,5309344.0,247211.0,21477.0,4412804.0,213323.0,20686.0,4227475.0,200582.0,21076.0,3520537.0,173050.0,20344.0,0.0,0.0,7881.75,7028.5,0.0,0.0,0.0,0.0,0.0,0.0,0.0,0.0,0.0,0.0,0.0,0.0,3108.5,1807.5,0.0,0.0,0.0,0.0,150.75,884.25,0.0,0.0,0.0,0.0,0.0,0.0,0.0,0.0,0.0,0.0,0.0,0.0,789.25,836.25,0.0,0.0,0.0,0.0,36.0,350.5,0.0,0.0,0.0,0.0,0.0,0.0,0.0,0.0,0.0,0.0,0.0,0.0,345.25,724.75,0.0,0.0,0.0,0.0,8.25,84.5,0.0,0.0,0.0,0.0,0.0,0.0,0.0,0.0,0.0,0.0,0.0,0.0,49.25,240.25,0.0,0.0
Vesterbro/Kongens Enghave,2007,434.0,453.0,329.0,330.0,227.0,216.0,,,,,,,0.0,0.0,54.0,57.0,25.0,25.0,34.0,37.0,,,,,,,6.0,10.0,23.0,38.0,121.0,118.0,475.0,515.0,711.0,622.0,650.0,457.0,340.0,308.0,322.0,250.0,23.0,17.0,33.0,32.0,424.0,600.0,471.0,381.0,270.0,145.0,170.0,154.0,158.0,146.0,2241.0,2262.0,959.0,948.0,4797.0,5485.0,5915.0,4893.0,2626.0,2001.0,1814.0,1592.0,2150.0,2803.0,,,,,,,,,,,,,,,,,,,,,,,,,,,,,,,3555440.0,163536.0,21741.0,3067383.0,148040.0,20720.0,4541092.0,260728.0,17417.0,3341929.0,211742.0,15783.0,3786416.0,173609.0,21810.0,3479187.0,167108.0,20820.0,5699558.0,263137.0,21660.0,4653265.0,224904.0,20690.0,4438864.0,211204.0,21017.0,3631116.0,179456.0,20234.0,0.0,0.0,7900.5,7056.75,0.0,0.0,0.0,0.0,0.0,0.0,0.0,0.0,0.0,0.0,0.0,0.0,3126.5,1807.5,0.0,0.0,0.0,0.0,158.5,907.25,0.0,0.0,0.0,0.0,0.0,0.0,0.0,0.0,0.0,0.0,0.0,0.0,818.5,867.75,0.0,0.0,0.0,0.0,37.75,376.25,0.0,0.0,0.0,0.0,0.0,0.0,0.0,0.0,0.0,0.0,0.0,0.0,380.0,766.0,0.0,0.0,0.0,0.0,5.25,88.25,0.0,0.0,0.0,0.0,0.0,0.0,0.0,0.0,0.0,0.0,0.0,0.0,47.75,241.75,0.0,0.0
Vesterbro/Kongens Enghave,2008,427.0,420.0,325.0,346.0,220.0,207.0,,,,,,,0.0,0.0,56.0,69.0,31.0,24.0,44.0,48.0,,,,,,,7.0,10.0,28.0,30.0,112.0,97.0,497.0,502.0,694.0,647.0,668.0,453.0,343.0,324.0,345.0,270.0,36.0,22.0,43.0,44.0,466.0,609.0,497.0,422.0,295.0,167.0,175.0,160.0,170.0,151.0,2341.0,2311.0,1016.0,983.0,4805.0,5347.0,5832.0,4947.0,2705.0,2059.0,1797.0,1589.0,2205.0,2731.0,2250.0,1308.0,750.0,427.0,483.0,468.0,321.0,153.0,68.0,85.0,617.0,377.0,266.0,160.0,201.0,231.0,150.0,70.0,55.0,45.0,487.0,257.0,160.0,84.0,108.0,447.0,203.0,101.0,60.0,44.0,3750234.0,167571.0,22380.0,3257350.0,152633.0,21341.0,5045317.0,282667.0,17849.0,3729489.0,226951.0,16433.0,3996537.0,177885.0,22467.0,3695800.0,172395.0,21438.0,6144673.0,275496.0,22304.0,5034566.0,236354.0,21301.0,4715559.0,217829.0,21648.0,3842588.0,184288.0,20851.0,0.0,0.0,7989.5,7050.75,0.0,0.0,0.0,0.0,0.0,0.0,0.0,0.0,0.0,0.0,0.0,0.0,3163.0,1862.0,0.0,0.0,0.0,0.0,182.25,924.0,0.0,0.0,0.0,0.0,0.0,0.0,0.0,0.0,0.0,0.0,0.0,0.0,830.0,907.0,0.0,0.0,0.0,0.0,42.0,386.25,0.0,0.0,0.0,0.0,0.0,0.0,0.0,0.0,0.0,0.0,0.0,0.0,367.0,824.5,0.0,0.0,0.0,0.0,3.75,90.5,0.0,0.0,0.0,0.0,0.0,0.0,0.0,0.0,0.0,0.0,0.0,0.0,51.5,254.0,0.0,0.0
Vesterbro/Kongens Enghave,2009,418.0,398.0,320.0,373.0,247.0,220.0,109.0,104.0,,,,,0.0,0.0,68.0,85.0,26.0,20.0,53.0,57.0,41.0,37.0,,,,,7.0,10.0,33.0,33.0,106.0,91.0,559.0,562.0,707.0,689.0,681.0,450.0,352.0,332.0,365.0,292.0,27.0,33.0,44.0,42.0,530.0,729.0,567.0,485.0,313.0,172.0,172.0,168.0,177.0,144.0,2498.0,2425.0,1071.0,1043.0,4811.0,5449.0,6039.0,5124.0,2872.0,2166.0,1823.0,1550.0,2252.0,2728.0,2253.0,1462.0,996.0,683.0,817.0,417.0,338.0,223.0,128.0,143.0,616.0,385.0,309.0,240.0,307.0,285.0,164.0,103.0,79.0,89.0,512.0,325.0,210.0,165.0,198.0,423.0,250.0,151.0,71.0,80.0,4022021.0,174673.0,23026.0,3544000.0,160850.0,22033.0,5203878.0,286984.0,18133.0,4005636.0,236656.0,16926.0,4298869.0,185857.0,23130.0,3997169.0,180410.0,22156.0,6425991.0,280476.0,22911.0,5370247.0,244313.0,21981.0,4960619.0,222240.0,22321.0,4128476.0,192228.0,21477.0,0.0,0.0,7993.75,7029.75,0.0,0.0,0.0,0.0,0.0,0.0,0.0,0.0,0.0,0.0,0.0,0.0,3216.5,1944.75,0.0,0.0,0.0,0.0,187.25,986.25,0.0,0.0,0.0,0.0,0.0,0.0,0.0,0.0,0.0,0.0,0.0,0.0,895.0,931.0,0.0,0.0,0.0,0.0,35.75,391.25,0.0,0.0,0.0,0.0,0.0,0.0,0.0,0.0,0.0,0.0,0.0,0.0,385.75,928.5,0.0,0.0,0.0,0.0,4.5,86.75,0.0,0.0,0.0,0.0,0.0,0.0,0.0,0.0,0.0,0.0,0.0,0.0,56.5,251.25,0.0,0.0
Vesterbro/Kongens Enghave,2010,379.0,385.0,314.0,368.0,254.0,257.0,131.0,113.0,,,,,0.0,0.0,83.0,98.0,30.0,20.0,46.0,48.0,47.0,34.0,,,,,7.0,9.0,48.0,29.0,78.0,99.0,569.0,566.0,712.0,706.0,691.0,476.0,391.0,355.0,388.0,311.0,35.0,37.0,46.0,37.0,599.0,814.0,621.0,564.0,326.0,201.0,190.0,164.0,182.0,156.0,2688.0,2588.0,1107.0,1108.0,4920.0,5589.0,6242.0,5304.0,3003.0,2324.0,1839.0,1557.0,2274.0,2701.0,2372.0,1509.0,1151.0,782.0,1093.0,437.0,324.0,244.0,172.0,235.0,567.0,395.0,317.0,261.0,364.0,306.0,168.0,137.0,78.0,99.0,543.0,339.0,288.0,173.0,273.0,519.0,283.0,165.0,98.0,122.0,4485436.0,187550.0,23916.0,3913756.0,169471.0,23094.0,5473828.0,299231.0,18293.0,4213405.0,241345.0,17458.0,4780315.0,199321.0,23983.0,4463421.0,192804.0,23150.0,6835139.0,286408.0,23865.0,5721006.0,247813.0,23086.0,5301187.0,233955.0,22659.0,4444266.0,200798.0,22133.0,0.0,0.0,7868.75,6926.0,0.0,0.0,0.0,0.0,0.0,0.0,0.0,0.0,0.0,0.0,0.0,0.0,3226.0,1986.25,0.0,0.0,0.0,0.0,189.25,1028.5,0.0,0.0,0.0,0.0,0.0,0.0,0.0,0.0,0.0,0.0,0.0,0.0,1014.0,954.25,0.0,0.0,0.0,0.0,35.75,394.75,0.0,0.0,0.0,0.0,0.0,0.0,0.0,0.0,0.0,0.0,0.0,0.0,405.75,980.25,0.0,0.0,0.0,0.0,4.5,86.5,0.0,0.0,0.0,0.0,0.0,0.0,0.0,0.0,0.0,0.0,0.0,0.0,56.75,249.5,0.0,0.0
Vesterbro/Kongens Enghave,2011,366.0,364.0,329.0,363.0,251.0,272.0,157.0,125.0,,,,,0.0,0.0,83.0,104.0,29.0,27.0,53.0,49.0,42.0,35.0,,,,,8.0,8.0,45.0,35.0,72.0,94.0,583.0,600.0,711.0,693.0,697.0,489.0,401.0,354.0,405.0,334.0,34.0,40.0,29.0,41.0,629.0,870.0,657.0,635.0,361.0,218.0,217.0,165.0,176.0,162.0,2872.0,2797.0,1193.0,1172.0,4927.0,5793.0,6338.0,5392.0,3236.0,2519.0,1856.0,1600.0,2285.0,2695.0,2369.0,1529.0,1121.0,770.0,1053.0,473.0,334.0,265.0,183.0,220.0,520.0,386.0,266.0,214.0,326.0,294.0,159.0,124.0,55.0,106.0,535.0,319.0,258.0,205.0,251.0,547.0,331.0,208.0,113.0,150.0,4678537.0,192643.0,24286.0,4074616.0,172485.0,23623.0,5733380.0,306172.0,18726.0,4393386.0,244771.0,17949.0,4974557.0,204269.0,24353.0,4661455.0,196960.0,23667.0,7114835.0,293323.0,24256.0,5942951.0,251639.0,23617.0,5531234.0,238683.0,23174.0,4627920.0,203434.0,22749.0,0.0,0.0,7661.25,6839.25,0.0,0.0,0.0,0.0,0.0,0.0,0.0,0.0,0.0,0.0,0.0,0.0,3324.75,1983.25,0.0,0.0,0.0,0.0,190.75,1048.25,0.0,0.0,0.0,0.0,0.0,0.0,0.0,0.0,0.0,0.0,0.0,0.0,1099.0,1080.0,0.0,0.0,0.0,0.0,40.25,397.0,0.0,0.0,0.0,0.0,0.0,0.0,0.0,0.0,0.0,0.0,0.0,0.0,467.0,1025.75,0.0,0.0,0.0,0.0,6.0,75.75,0.0,0.0,0.0,0.0,0.0,0.0,0.0,0.0,0.0,0.0,0.0,0.0,65.5,264.25,0.0,0.0
Vesterbro/Kongens Enghave,2012,350.0,335.0,341.0,351.0,272.0,260.0,175.0,142.0,,,,,0.0,0.0,99.0,111.0,29.0,32.0,46.0,54.0,47.0,34.0,,,,,6.0,6.0,42.0,40.0,73.0,92.0,482.0,540.0,717.0,728.0,683.0,489.0,411.0,367.0,404.0,335.0,31.0,44.0,36.0,40.0,642.0,978.0,718.0,656.0,397.0,234.0,212.0,175.0,189.0,172.0,2988.0,2950.0,1280.0,1269.0,5070.0,6033.0,6167.0,5423.0,3459.0,2621.0,1864.0,1627.0,2300.0,2669.0,2268.0,1520.0,1135.0,831.0,1186.0,478.0,396.0,285.0,191.0,297.0,479.0,319.0,242.0,208.0,341.0,242.0,175.0,110.0,88.0,121.0,522.0,315.0,269.0,199.0,263.0,547.0,315.0,229.0,145.0,164.0,4824288.0,198106.0,24352.0,4263305.0,177077.0,24076.0,5933075.0,316211.0,18763.0,4584319.0,250496.0,18301.0,5144156.0,210748.0,24409.0,4862776.0,201591.0,24122.0,7376405.0,303206.0,24328.0,6230072.0,258810.0,24072.0,5741912.0,245601.0,23379.0,4843117.0,208656.0,23211.0,0.0,0.0,7464.0,6813.25,0.0,0.0,0.0,0.0,0.0,0.0,0.0,0.0,0.0,0.0,0.0,0.0,3401.0,1924.75,0.0,0.0,0.0,0.0,188.0,1077.5,0.0,0.0,0.0,0.0,0.0,0.0,0.0,0.0,0.0,0.0,0.0,0.0,1090.0,1140.75,0.0,0.0,0.0,0.0,46.5,408.25,0.0,0.0,0.0,0.0,0.0,0.0,0.0,0.0,0.0,0.0,0.0,0.0,535.25,1105.25,0.0,0.0,0.0,0.0,1.0,75.75,0.0,0.0,0.0,0.0,0.0,0.0,0.0,0.0,0.0,0.0,0.0,0.0,75.75,283.75,0.0,0.0
Vesterbro/Kongens Enghave,2013,318.0,292.0,343.0,339.0,269.0,267.0,181.0,143.0,,,,,0.0,,109.0,119.0,35.0,28.0,47.0,57.0,54.0,34.0,,,,,6.0,,45.0,45.0,62.0,71.0,441.0,491.0,695.0,744.0,649.0,490.0,437.0,379.0,413.0,357.0,35.0,47.0,31.0,42.0,683.0,1012.0,730.0,702.0,409.0,251.0,218.0,180.0,195.0,191.0,3133.0,3030.0,1282.0,1362.0,4994.0,6174.0,5922.0,5414.0,3745.0,2794.0,1888.0,1679.0,2337.0,2666.0,2331.0,1572.0,1169.0,793.0,996.0,534.0,395.0,345.0,197.0,231.0,440.0,331.0,253.0,201.0,277.0,254.0,168.0,100.0,60.0,97.0,533.0,360.0,253.0,202.0,239.0,570.0,318.0,218.0,133.0,152.0,5016370.0,203512.0,24649.0,4461271.0,181367.0,24598.0,6165411.0,321987.0,19148.0,4816342.0,255509.0,18850.0,5344312.0,216421.0,24694.0,5116972.0,207669.0,24640.0,7601180.0,308840.0,24612.0,6484754.0,263747.0,24587.0,5889952.0,249712.0,23587.0,4995514.0,210888.0,23688.0,0.0,0.0,7322.5,6752.5,0.0,0.0,0.0,0.0,0.0,0.0,0.0,0.0,0.0,0.0,0.0,0.0,3517.0,1910.5,0.0,0.0,0.0,0.0,202.5,1101.0,0.0,0.0,0.0,0.0,0.0,0.0,0.0,0.0,0.0,0.0,0.0,0.0,1082.5,1136.0,0.0,0.0,0.0,0.0,43.0,413.25,0.0,0.0,0.0,0.0,0.0,0.0,0.0,0.0,0.0,0.0,0.0,0.0,587.25,1170.0,0.0,0.0,0.0,0.0,0.5,73.25,0.0,0.0,0.0,0.0,0.0,0.0,0.0,0.0,0.0,0.0,0.0,0.0,76.0,305.75,0.0,0.0
Vesterbro/Kongens Enghave,2014,299.0,304.0,324.0,318.0,285.0,288.0,183.0,159.0,,,,,0.0,0.0,129.0,120.0,33.0,33.0,56.0,52.0,47.0,30.0,,,,,7.0,10.0,40.0,43.0,55.0,74.0,429.0,489.0,746.0,727.0,622.0,507.0,450.0,382.0,417.0,365.0,35.0,40.0,39.0,45.0,722.0,1019.0,782.0,740.0,461.0,281.0,243.0,176.0,211.0,201.0,3206.0,3075.0,1378.0,1462.0,5043.0,6266.0,5769.0,5473.0,3838.0,2944.0,2009.0,1707.0,2352.0,2653.0,2253.0,1444.0,1014.0,719.0,827.0,636.0,417.0,331.0,205.0,202.0,278.0,228.0,184.0,141.0,214.0,220.0,126.0,82.0,59.0,67.0,498.0,319.0,223.0,173.0,204.0,621.0,354.0,194.0,141.0,140.0,5291117.0,212086.0,24948.0,4699245.0,187850.0,25016.0,6474539.0,331382.0,19538.0,5083982.0,263214.0,19315.0,5641847.0,225773.0,24989.0,5400796.0,215532.0,25058.0,7949390.0,319201.0,24904.0,6796599.0,271777.0,25008.0,6110602.0,255375.0,23928.0,5223591.0,216405.0,24138.0,0.0,0.0,7231.5,6698.5,0.0,0.0,0.0,0.0,0.0,0.0,0.0,0.0,0.0,0.0,0.0,0.0,3568.25,1910.0,0.0,0.0,0.0,0.0,219.5,1108.5,0.0,0.0,0.0,0.0,0.0,0.0,0.0,0.0,0.0,0.0,0.0,0.0,1079.25,1120.25,0.0,0.0,0.0,0.0,45.75,438.75,0.0,0.0,0.0,0.0,0.0,0.0,0.0,0.0,0.0,0.0,0.0,0.0,609.5,1214.75,0.0,0.0,0.0,0.0,1.25,76.75,0.0,0.0,0.0,0.0,0.0,0.0,0.0,0.0,0.0,0.0,0.0,0.0,89.5,314.25,0.0,0.0
Vesterbro/Kongens Enghave,2015,294.0,294.0,319.0,323.0,308.0,301.0,189.0,166.0,,,,,0.0,0.0,133.0,125.0,38.0,34.0,47.0,56.0,47.0,28.0,,,,,6.0,11.0,56.0,45.0,57.0,57.0,432.0,490.0,811.0,724.0,636.0,504.0,473.0,384.0,430.0,381.0,46.0,56.0,36.0,48.0,800.0,994.0,864.0,776.0,509.0,288.0,287.0,163.0,207.0,204.0,3229.0,3117.0,1475.0,1511.0,5166.0,6351.0,5585.0,5372.0,4002.0,3153.0,2109.0,1810.0,2386.0,2717.0,2442.0,1449.0,942.0,603.0,650.0,655.0,513.0,305.0,184.0,185.0,291.0,216.0,149.0,114.0,161.0,196.0,94.0,70.0,35.0,74.0,529.0,290.0,206.0,148.0,123.0,771.0,336.0,212.0,122.0,107.0,5612416.0,219124.0,25613.0,4896126.0,192103.0,25487.0,6914973.0,343226.0,20147.0,5353909.0,270919.0,19762.0,5972365.0,232750.0,25660.0,5655561.0,221457.0,25538.0,8443291.0,330345.0,25559.0,7093613.0,278443.0,25476.0,6403868.0,261031.0,24533.0,5420361.0,220942.0,24533.0,0.0,0.0,7212.0,6661.25,0.0,0.0,0.0,0.0,0.0,0.0,0.0,0.0,0.0,0.0,0.0,0.0,3726.25,1915.75,0.0,0.0,0.0,0.0,237.0,1173.75,0.0,0.0,0.0,0.0,0.0,0.0,0.0,0.0,0.0,0.0,0.0,0.0,1096.25,1108.25,0.0,0.0,0.0,0.0,42.25,459.5,0.0,0.0,0.0,0.0,0.0,0.0,0.0,0.0,0.0,0.0,0.0,0.0,616.25,1271.75,0.0,0.0,0.0,0.0,2.25,83.75,0.0,0.0,0.0,0.0,0.0,0.0,0.0,0.0,0.0,0.0,0.0,0.0,84.25,318.25,0.0,0.0
Vesterbro/Kongens Enghave,2016,286.0,290.0,291.0,305.0,339.0,324.0,193.0,179.0,,,,,0.0,0.0,143.0,133.0,35.0,37.0,48.0,55.0,48.0,30.0,,,,,7.0,9.0,66.0,52.0,55.0,47.0,418.0,512.0,815.0,767.0,617.0,510.0,491.0,390.0,443.0,406.0,44.0,63.0,40.0,42.0,929.0,1036.0,943.0,858.0,568.0,324.0,326.0,164.0,223.0,213.0,3328.0,3171.0,1542.0,1578.0,5324.0,6444.0,5407.0,5166.0,4062.0,3298.0,2263.0,1924.0,2424.0,2752.0,2417.0,1502.0,904.0,493.0,552.0,778.0,571.0,344.0,188.0,178.0,277.0,186.0,131.0,90.0,131.0,169.0,95.0,70.0,34.0,47.0,480.0,288.0,180.0,87.0,113.0,713.0,362.0,179.0,94.0,83.0,6001075.0,224844.0,26690.0,5211116.0,197458.0,26391.0,7493971.0,352260.0,21274.0,5776315.0,278216.0,20762.0,6389127.0,238891.0,26745.0,6040061.0,228461.0,26438.0,9025851.0,339075.0,26619.0,7537222.0,285728.0,26379.0,6880053.0,271189.0,25370.0,5763160.0,227622.0,25319.0,0.0,0.0,7215.5,6743.0,0.0,0.0,0.0,0.0,0.0,0.0,0.0,0.0,0.0,0.0,0.0,0.0,3915.5,1945.0,0.0,0.0,0.0,0.0,253.75,1209.0,0.0,0.0,0.0,0.0,0.0,0.0,0.0,0.0,0.0,0.0,0.0,0.0,1175.25,1104.5,0.0,0.0,0.0,0.0,52.75,492.5,0.0,0.0,0.0,0.0,0.0,0.0,0.0,0.0,0.0,0.0,0.0,0.0,621.0,1323.0,0.0,0.0,0.0,0.0,5.5,89.0,0.0,0.0,0.0,0.0,0.0,0.0,0.0,0.0,0.0,0.0,0.0,0.0,88.0,317.0,0.0,0.0
Vesterbro/Kongens Enghave,2017,292.0,296.0,285.0,285.0,358.0,370.0,201.0,199.0,,,,,0.0,,155.0,157.0,41.0,35.0,43.0,57.0,40.0,34.0,,,,,7.0,,70.0,61.0,44.0,59.0,409.0,484.0,842.0,825.0,593.0,514.0,503.0,409.0,470.0,430.0,50.0,60.0,35.0,53.0,1048.0,1121.0,1019.0,940.0,637.0,350.0,373.0,155.0,224.0,219.0,3430.0,3182.0,1641.0,1707.0,5650.0,6689.0,5360.0,5149.0,4141.0,3402.0,2438.0,2093.0,2490.0,2757.0,2561.0,1500.0,905.0,552.0,568.0,990.0,609.0,341.0,187.0,212.0,239.0,174.0,121.0,100.0,126.0,154.0,103.0,54.0,41.0,39.0,501.0,252.0,161.0,104.0,106.0,677.0,362.0,228.0,120.0,85.0,6494519.0,233532.0,27810.0,5605058.0,203791.0,27504.0,8178778.0,366696.0,22304.0,6270945.0,287658.0,21800.0,6910687.0,248042.0,27861.0,6542563.0,237376.0,27562.0,9779007.0,352600.0,27734.0,8099950.0,294640.0,27491.0,7431264.0,283085.0,26251.0,6177245.0,234841.0,26304.0,0.0,0.0,7281.25,6781.5,0.0,0.0,0.0,0.0,0.0,0.0,0.0,0.0,0.0,0.0,0.0,0.0,4047.75,2005.75,0.0,0.0,0.0,0.0,271.25,1235.25,0.0,0.0,0.0,0.0,0.0,0.0,0.0,0.0,0.0,0.0,0.0,0.0,1220.5,1194.0,0.0,0.0,0.0,0.0,56.75,508.0,0.0,0.0,0.0,0.0,0.0,0.0,0.0,0.0,0.0,0.0,0.0,0.0,648.75,1387.75,0.0,0.0,0.0,0.0,5.0,93.5,0.0,0.0,0.0,0.0,0.0,0.0,0.0,0.0,0.0,0.0,0.0,0.0,88.5,322.25,0.0,0.0
Vesterbro/Kongens Enghave,2018,303.0,290.0,281.0,264.0,390.0,381.0,217.0,198.0,,,,,0.0,,153.0,157.0,37.0,42.0,51.0,57.0,33.0,38.0,,,,,9.0,,94.0,76.0,62.0,57.0,423.0,490.0,901.0,858.0,580.0,546.0,529.0,418.0,487.0,465.0,49.0,62.0,47.0,56.0,1210.0,1338.0,1114.0,994.0,601.0,390.0,395.0,165.0,233.0,236.0,3467.0,3296.0,1786.0,1835.0,5945.0,6857.0,5350.0,5232.0,4208.0,3554.0,2624.0,2267.0,2607.0,2833.0,2292.0,1471.0,948.0,491.0,484.0,867.0,585.0,383.0,180.0,180.0,226.0,152.0,95.0,75.0,92.0,157.0,109.0,61.0,36.0,29.0,432.0,244.0,150.0,103.0,79.0,610.0,381.0,259.0,97.0,104.0,6999350.0,244365.0,28643.0,6030426.0,213052.0,28305.0,8862070.0,384922.0,23023.0,6832920.0,302021.0,22624.0,7477390.0,260436.0,28711.0,7054980.0,248616.0,28377.0,10500001.0,367480.0,28573.0,8677919.0,306781.0,28287.0,7804299.0,289886.0,26922.0,6490328.0,240133.0,27028.0,0.0,0.0,7330.25,6926.5,0.0,0.0,0.0,0.0,0.0,0.0,0.0,0.0,0.0,0.0,0.0,0.0,4233.5,2137.5,0.0,0.0,0.0,0.0,295.0,1260.5,0.0,0.0,0.0,0.0,0.0,0.0,0.0,0.0,0.0,0.0,0.0,0.0,1289.0,1271.5,0.0,0.0,0.0,0.0,54.0,546.0,0.0,0.0,0.0,0.0,0.0,0.0,0.0,0.0,0.0,0.0,0.0,0.0,668.25,1457.0,0.0,0.0,0.0,0.0,3.25,101.25,0.0,0.0,0.0,0.0,0.0,0.0,0.0,0.0,0.0,0.0,0.0,0.0,85.75,315.75,0.0,0.0
Vesterbro/Kongens Enghave,2019,304.0,290.0,301.0,260.0,406.0,400.0,218.0,209.0,,,,,0.0,,161.0,163.0,42.0,51.0,48.0,53.0,33.0,43.0,,,,,10.0,,96.0,85.0,57.0,60.0,443.0,500.0,875.0,888.0,603.0,575.0,547.0,424.0,498.0,499.0,59.0,72.0,53.0,59.0,1257.0,1456.0,1232.0,1070.0,606.0,443.0,407.0,174.0,231.0,228.0,3544.0,3305.0,1890.0,1972.0,6013.0,6817.0,5389.0,5313.0,4296.0,3647.0,2777.0,2444.0,2706.0,2915.0,2178.0,1544.0,915.0,519.0,505.0,817.0,637.0,394.0,208.0,205.0,197.0,147.0,79.0,76.0,91.0,139.0,100.0,60.0,45.0,36.0,368.0,261.0,134.0,80.0,83.0,657.0,399.0,248.0,110.0,90.0,7520087.0,253381.0,29679.0,6518015.0,221362.0,29445.0,9555858.0,394886.0,24199.0,7428291.0,311943.0,23813.0,9309585.0,312980.0,29745.0,8949534.0,303292.0,29508.0,11307215.0,381678.0,29625.0,9399658.0,319325.0,29436.0,8429934.0,300297.0,28072.0,6986835.0,247707.0,28206.0,0.0,0.0,7356.25,7061.25,0.0,0.0,0.0,0.0,0.0,0.0,0.0,0.0,0.0,0.0,0.0,0.0,4326.5,2264.25,0.0,0.0,0.0,0.0,295.0,1326.0,0.0,0.0,0.0,0.0,0.0,0.0,0.0,0.0,0.0,0.0,0.0,0.0,1354.25,1326.5,0.0,0.0,0.0,0.0,53.0,571.75,0.0,0.0,0.0,0.0,0.0,0.0,0.0,0.0,0.0,0.0,0.0,0.0,700.5,1490.75,0.0,0.0,0.0,0.0,5.75,106.0,0.0,0.0,0.0,0.0,0.0,0.0,0.0,0.0,0.0,0.0,0.0,0.0,95.0,341.75,0.0,0.0
Vesterbro/Kongens Enghave,2020,308.0,299.0,296.0,269.0,399.0,405.0,227.0,215.0,,,,,0.0,,185.0,186.0,47.0,61.0,50.0,70.0,44.0,47.0,,,,,13.0,,104.0,84.0,61.0,72.0,488.0,566.0,975.0,988.0,613.0,597.0,561.0,441.0,544.0,524.0,76.0,90.0,58.0,68.0,1347.0,1521.0,1365.0,1247.0,660.0,478.0,403.0,197.0,254.0,234.0,3663.0,3363.0,2038.0,2128.0,6194.0,7036.0,5414.0,5366.0,4385.0,3764.0,2951.0,2580.0,2793.0,2980.0,2391.0,1605.0,1224.0,791.0,878.0,848.0,634.0,458.0,286.0,350.0,234.0,167.0,130.0,107.0,146.0,177.0,120.0,99.0,60.0,65.0,469.0,275.0,205.0,147.0,141.0,663.0,409.0,332.0,191.0,176.0,8234693.0,270682.0,30422.0,7089786.0,232650.0,30474.0,10424724.0,422259.0,24688.0,8112645.0,332854.0,24373.0,8746270.0,286472.0,30531.0,8406106.0,274898.0,30579.0,12409694.0,408254.0,30397.0,10235485.0,335964.0,30466.0,9194661.0,318209.0,28895.0,7624430.0,261738.0,29130.0,0.0,0.0,7522.75,7324.5,0.0,0.0,0.0,0.0,0.0,0.0,0.0,0.0,0.0,0.0,0.0,0.0,4544.75,2331.5,0.0,0.0,0.0,0.0,312.75,1368.0,0.0,0.0,0.0,0.0,0.0,0.0,0.0,0.0,0.0,0.0,0.0,0.0,1438.25,1406.0,0.0,0.0,0.0,0.0,60.5,604.25,0.0,0.0,0.0,0.0,0.0,0.0,0.0,0.0,0.0,0.0,0.0,0.0,724.0,1601.25,0.0,0.0,0.0,0.0,5.5,102.5,0.0,0.0,0.0,0.0,0.0,0.0,0.0,0.0,0.0,0.0,0.0,0.0,118.0,356.75,0.0,0.0
Vesterbro/Kongens Enghave,2021,306.0,310.0,286.0,236.0,433.0,464.0,252.0,239.0,125.0,106.0,,,,,200.0,200.0,49.0,59.0,50.0,80.0,41.0,46.0,33.0,21.0,,,,,110.0,82.0,75.0,74.0,508.0,586.0,1053.0,1058.0,585.0,627.0,591.0,446.0,565.0,572.0,78.0,86.0,69.0,74.0,1289.0,1502.0,1417.0,1321.0,688.0,547.0,416.0,212.0,267.0,250.0,3635.0,3322.0,2188.0,2263.0,6417.0,7302.0,5336.0,5280.0,4367.0,3821.0,3155.0,2752.0,2883.0,3081.0,2305.0,1614.0,1082.0,681.0,694.0,956.0,635.0,399.0,228.0,240.0,197.0,173.0,125.0,93.0,122.0,146.0,127.0,82.0,71.0,59.0,372.0,267.0,182.0,115.0,137.0,634.0,412.0,294.0,174.0,136.0,9282950.0,293402.0,31639.0,7840803.0,248135.0,31599.0,11645974.0,439404.0,26504.0,9066352.0,349001.0,25978.0,9864005.0,310121.0,31807.0,9392625.0,295831.0,31750.0,14034655.0,444022.0,31608.0,11360104.0,359554.0,31595.0,10231039.0,340955.0,30007.0,8404190.0,278414.0,30186.0,0.0,0.0,7844.25,7642.5,0.0,0.0,0.0,0.0,0.0,0.0,0.0,0.0,0.0,0.0,0.0,0.0,4842.25,2436.5,0.0,0.0,0.0,0.0,337.5,1381.5,0.0,0.0,0.0,0.0,0.0,0.0,0.0,0.0,0.0,0.0,0.0,0.0,1446.0,1452.0,0.0,0.0,0.0,0.0,56.75,624.25,0.0,0.0,0.0,0.0,0.0,0.0,0.0,0.0,0.0,0.0,0.0,0.0,746.75,1656.5,0.0,0.0,0.0,0.0,6.0,95.5,0.0,0.0,0.0,0.0,0.0,0.0,0.0,0.0,0.0,0.0,0.0,0.0,113.0,371.25,0.0,0.0
Vesterbro/Kongens Enghave,2022,312.0,327.0,258.0,238.0,433.0,472.0,268.0,267.0,149.0,120.0,,,,,221.0,218.0,62.0,65.0,62.0,74.0,46.0,46.0,36.0,26.0,,,,,111.0,87.0,90.0,84.0,491.0,591.0,1128.0,1137.0,609.0,691.0,570.0,461.0,595.0,600.0,85.0,98.0,80.0,77.0,1340.0,1598.0,1577.0,1454.0,772.0,601.0,470.0,241.0,264.0,261.0,3628.0,3305.0,2329.0,2395.0,6798.0,7459.0,5466.0,5315.0,4197.0,3860.0,3455.0,2921.0,3010.0,3205.0,2590.0,1482.0,801.0,439.0,322.0,1087.0,613.0,303.0,142.0,104.0,220.0,147.0,93.0,63.0,51.0,168.0,108.0,60.0,42.0,38.0,429.0,231.0,117.0,74.0,52.0,686.0,383.0,228.0,118.0,77.0,9616906.0,295323.0,32564.0,8097278.0,248650.0,32565.0,12615850.0,460130.0,27418.0,9785809.0,361888.0,27041.0,10205499.0,312544.0,32653.0,9739294.0,298239.0,32656.0,14564603.0,447536.0,32544.0,11825768.0,363210.0,32559.0,10659609.0,346474.0,30766.0,8743487.0,281286.0,31084.0,0.0,0.0,8146.5,7953.25,0.0,0.0,0.0,0.0,0.0,0.0,0.0,0.0,0.0,0.0,0.0,0.0,4891.0,2598.0,0.0,0.0,0.0,0.0,343.75,1409.5,0.0,0.0,0.0,0.0,0.0,0.0,0.0,0.0,0.0,0.0,0.0,0.0,1526.25,1534.0,0.0,0.0,0.0,0.0,70.0,634.25,0.0,0.0,0.0,0.0,0.0,0.0,0.0,0.0,0.0,0.0,0.0,0.0,765.0,1707.5,0.0,0.0,0.0,0.0,9.75,102.75,0.0,0.0,0.0,0.0,0.0,0.0,0.0,0.0,0.0,0.0,0.0,0.0,104.25,388.75,0.0,0.0
Vesterbro/Kongens Enghave,2023,304.0,329.0,251.0,232.0,439.0,472.0,280.0,289.0,168.0,127.0,,,,,219.0,231.0,71.0,78.0,69.0,78.0,54.0,50.0,37.0,28.0,,,,,111.0,113.0,125.0,104.0,501.0,622.0,1255.0,1319.0,677.0,759.0,558.0,494.0,633.0,641.0,97.0,106.0,88.0,90.0,1455.0,1761.0,1739.0,1644.0,799.0,642.0,476.0,256.0,289.0,280.0,3640.0,3391.0,2366.0,2427.0,6670.0,7416.0,5648.0,5487.0,4025.0,3742.0,3704.0,3124.0,3161.0,3313.0,2480.0,1538.0,916.0,453.0,370.0,985.0,626.0,373.0,187.0,131.0,235.0,142.0,71.0,58.0,40.0,138.0,103.0,75.0,49.0,33.0,422.0,225.0,151.0,56.0,66.0,700.0,442.0,246.0,103.0,100.0,10310315.0,315300.0,32700.0,8625003.0,261205.0,33020.0,13348822.0,479260.0,27853.0,10506666.0,380112.0,27641.0,10940821.0,333531.0,32803.0,10475916.0,315796.0,33173.0,15872730.0,486580.0,32621.0,12832015.0,389132.0,32976.0,11232540.0,355213.0,31622.0,9285760.0,288369.0,32201.0,0.0,0.0,8497.5,8199.25,0.0,0.0,0.0,0.0,0.0,0.0,0.0,0.0,0.0,0.0,0.0,0.0,4994.25,2738.0,0.0,0.0,0.0,0.0,367.75,1442.75,0.0,0.0,0.0,0.0,0.0,0.0,0.0,0.0,0.0,0.0,0.0,0.0,1523.0,1652.0,0.0,0.0,0.0,0.0,81.75,644.0,0.0,0.0,0.0,0.0,0.0,0.0,0.0,0.0,0.0,0.0,0.0,0.0,794.25,1779.25,0.0,0.0,0.0,0.0,9.0,108.25,0.0,0.0,0.0,0.0,0.0,0.0,0.0,0.0,0.0,0.0,0.0,0.0,108.25,395.25,0.0,0.0
Vesterbro/Kongens Enghave,2024,300.0,316.0,240.0,243.0,445.0,452.0,304.0,288.0,166.0,144.0,,,,,246.0,241.0,74.0,75.0,67.0,86.0,58.0,50.0,37.0,28.0,,,,,147.0,142.0,172.0,165.0,577.0,669.0,1277.0,1428.0,768.0,867.0,556.0,557.0,670.0,692.0,101.0,103.0,91.0,96.0,1421.0,1764.0,1856.0,1729.0,854.0,696.0,481.0,312.0,314.0,281.0,3619.0,3345.0,2406.0,2409.0,6599.0,7410.0,5687.0,5472.0,3794.0,3668.0,3794.0,3208.0,3293.0,3455.0,,,,,,,,,,,,,,,,,,,,,,,,,,,,,,,11370875.0,337405.0,33701.0,9457149.0,275189.0,34366.0,14401797.0,500619.0,28768.0,11398381.0,397447.0,28679.0,12058904.0,356962.0,33782.0,11496824.0,333280.0,34496.0,17296601.0,514137.0,33642.0,13938307.0,406021.0,34329.0,12173248.0,372533.0,32677.0,10148162.0,302137.0,33588.0,0.0,0.0,8645.0,8472.0,0.0,0.0,0.0,0.0,0.0,0.0,0.0,0.0,0.0,0.0,0.0,0.0,5147.75,2867.5,0.0,0.0,0.0,0.0,379.75,1469.25,0.0,0.0,0.0,0.0,0.0,0.0,0.0,0.0,0.0,0.0,0.0,0.0,1425.5,1699.5,0.0,0.0,0.0,0.0,85.0,641.25,0.0,0.0,0.0,0.0,0.0,0.0,0.0,0.0,0.0,0.0,0.0,0.0,810.75,1890.0,0.0,0.0,0.0,0.0,10.0,111.75,0.0,0.0,0.0,0.0,0.0,0.0,0.0,0.0,0.0,0.0,0.0,0.0,103.0,395.0,0.0,0.0
Vesterbro/Kongens Enghave,2025,288.0,306.0,233.0,242.0,437.0,436.0,320.0,293.0,168.0,153.0,,,,,261.0,288.0,69.0,75.0,59.0,82.0,62.0,53.0,35.0,26.0,,,,,141.0,157.0,213.0,183.0,562.0,615.0,1290.0,1503.0,833.0,933.0,576.0,589.0,726.0,739.0,105.0,88.0,84.0,93.0,1389.0,1669.0,1940.0,1881.0,905.0,734.0,497.0,343.0,316.0,275.0,3597.0,3367.0,2444.0,2485.0,6278.0,7086.0,5784.0,5604.0,3656.0,3550.0,3927.0,3378.0,3438.0,3638.0,,,,,,,,,,,,,,,,,,,,,,,,,,,,,,,,,,,,,,,,,,,,,,,,,,,,,,,,,,,,,,,,,,,,,,,,,,,,,,,,,,,,,,,,,,,,,,,,,,,,,,,,,,,,,,,,,,,,,,,,,,,,,,,,,,,,,,,,,,,,
Østerbro,1986,131.0,112.0,36.0,,4.0,4.0,0.0,,0.0,0.0,0.0,,0.0,0.0,42.0,39.0,27.0,,28.0,40.0,23.0,,5.0,5.0,4.0,,6.0,19.0,29.0,21.0,69.0,55.0,196.0,153.0,275.0,183.0,186.0,84.0,65.0,45.0,49.0,88.0,15.0,12.0,29.0,30.0,247.0,245.0,311.0,335.0,218.0,209.0,107.0,153.0,245.0,707.0,2063.0,1935.0,2304.0,2375.0,6291.0,7042.0,4535.0,4141.0,2876.0,2866.0,2321.0,2785.0,5683.0,11167.0,,,,,,,,,,,,,,,,,,,,,,,,,,,,,,,,,,,,,,,,,,,,,,,,,,,,,,,,,,,,,,,,,,,,,,,,,,,,,,,,,,,,,,,,,,,,,,,,,,,,,,,,,,,,,,,,,,,,,,,,,,,,,,,,,,,,,,,,,,,,
Østerbro,1987,132.0,104.0,43.0,38.0,6.0,,0.0,,0.0,0.0,0.0,,0.0,0.0,35.0,44.0,29.0,35.0,32.0,,21.0,,6.0,7.0,3.0,,5.0,19.0,28.0,23.0,76.0,59.0,231.0,166.0,285.0,183.0,194.0,96.0,68.0,42.0,49.0,88.0,19.0,10.0,26.0,28.0,245.0,242.0,319.0,327.0,226.0,226.0,121.0,159.0,248.0,675.0,1989.0,1875.0,2174.0,2239.0,6521.0,7241.0,4441.0,4142.0,3033.0,2947.0,2221.0,2678.0,5505.0,10847.0,,,,,,,,,,,,,,,,,,,,,,,,,,,,,,,2163744.0,87757.0,24656.0,2216710.0,72794.0,30452.0,2885225.0,153135.0,18841.0,2170229.0,117132.0,18528.0,2309799.0,93235.0,24774.0,2622002.0,85277.0,30747.0,3816911.0,154882.0,24644.0,3437158.0,113009.0,30415.0,3142610.0,130578.0,24067.0,2938532.0,98456.0,29846.0,,,,,,,,,,,,,,,,,,,,,,,,,,,,,,,,,,,,,,,,,,,,,,,,,,,,,,,,,,,,,,,,,,,,,,,,,,,,,,,,
Østerbro,1988,120.0,99.0,52.0,48.0,7.0,4.0,0.0,,0.0,0.0,0.0,,0.0,0.0,42.0,38.0,30.0,36.0,37.0,33.0,20.0,,6.0,9.0,3.0,,5.0,19.0,26.0,15.0,75.0,55.0,259.0,162.0,258.0,183.0,208.0,106.0,73.0,32.0,46.0,92.0,17.0,12.0,34.0,32.0,248.0,231.0,331.0,293.0,239.0,240.0,126.0,160.0,235.0,652.0,1987.0,1851.0,2110.0,2106.0,6737.0,7343.0,4471.0,4116.0,3165.0,3106.0,2180.0,2540.0,5356.0,10509.0,,,,,,,,,,,,,,,,,,,,,,,,,,,,,,,2261147.0,90663.0,24940.0,2360556.0,77428.0,30487.0,3026596.0,161083.0,18789.0,2303398.0,124602.0,18486.0,2433090.0,97292.0,25008.0,2769621.0,90239.0,30692.0,4015812.0,162046.0,24782.0,3688202.0,121330.0,30398.0,3328613.0,136783.0,24335.0,3123327.0,104533.0,29879.0,,,,,,,,,,,,,,,,,,,,,,,,,,,,,,,,,,,,,,,,,,,,,,,,,,,,,,,,,,,,,,,,,,,,,,,,,,,,,,,,
Østerbro,1989,116.0,101.0,58.0,57.0,7.0,,0.0,,0.0,0.0,0.0,,0.0,0.0,36.0,38.0,,,34.0,,22.0,,8.0,5.0,,,5.0,20.0,,,67.0,52.0,281.0,169.0,243.0,171.0,209.0,108.0,,,47.0,90.0,,,,,236.0,213.0,311.0,273.0,250.0,245.0,126.0,168.0,233.0,622.0,1987.0,1873.0,2089.0,2061.0,6878.0,7531.0,4499.0,4115.0,3258.0,3240.0,2152.0,2433.0,5198.0,10233.0,,,,,,,,,,,,,,,,,,,,,,,,,,,,,,,2343086.0,94017.0,24922.0,2468124.0,81591.0,30250.0,3125632.0,167684.0,18640.0,2375089.0,129637.0,18321.0,2524358.0,101003.0,24993.0,2882631.0,94556.0,30486.0,4121849.0,167208.0,24651.0,3858313.0,128200.0,30096.0,3444034.0,143723.0,23963.0,3256812.0,110592.0,29449.0,,,,,,,,,,,,,,,,,,,,,,,,,,,,,,,,,,,,,,,,,,,,,,,,,,,,,,,,,,,,,,,,,,,,,,,,,,,,,,,,
Østerbro,1990,108.0,119.0,71.0,65.0,,,,,0.0,0.0,0.0,,0.0,0.0,40.0,34.0,,,,,,,10.0,4.0,,10.0,4.0,19.0,,,70.0,59.0,290.0,195.0,256.0,172.0,209.0,111.0,,,41.0,82.0,,,,,249.0,227.0,311.0,258.0,247.0,262.0,127.0,162.0,238.0,595.0,2021.0,1952.0,2012.0,2010.0,6909.0,7614.0,4595.0,4156.0,3284.0,3328.0,2160.0,2356.0,5015.0,9892.0,,,,,,,,,,,,,,,,,,,,,,,,,,,,,,,2399262.0,96298.0,24915.0,2534111.0,84223.0,30088.0,3201518.0,172784.0,18529.0,2464161.0,133849.0,18410.0,2584646.0,103452.0,24984.0,2963701.0,97893.0,30275.0,4302005.0,173797.0,24753.0,3979123.0,132730.0,29979.0,3535292.0,147126.0,24029.0,3377980.0,115223.0,29317.0,,,,,,,,,,,,,,,,,,,,,,,,,,,,,,,,,,,,,,,,,,,,,,,,,,,,,,,,,,,,,,,,,,,,,,,,,,,,,,,,
Østerbro,1991,116.0,117.0,76.0,77.0,,,,,0.0,0.0,0.0,,0.0,0.0,38.0,34.0,33.0,30.0,,,,,3.0,5.0,4.0,,4.0,20.0,28.0,16.0,62.0,44.0,282.0,221.0,284.0,185.0,209.0,124.0,90.0,58.0,45.0,84.0,15.0,9.0,32.0,30.0,273.0,244.0,306.0,249.0,247.0,266.0,140.0,162.0,232.0,565.0,2088.0,1942.0,1895.0,1941.0,7083.0,7735.0,4624.0,4177.0,3295.0,3391.0,2160.0,2367.0,4840.0,9490.0,,,,,,,,,,,,,,,,,,,,,,,,,,,,,,,2462626.0,99319.0,24795.0,2572121.0,86122.0,29866.0,3207553.0,175047.0,18324.0,2482093.0,134487.0,18456.0,2653783.0,106715.0,24868.0,3003795.0,99940.0,30056.0,4369393.0,176470.0,24760.0,4064517.0,136297.0,29821.0,3603560.0,150481.0,23947.0,3426889.0,117803.0,29090.0,,,,,,,,,,,,,,,,,,,,,,,,,,,,,,,,,,,,,,,,,,,,,,,,,,,,,,,,,,,,,,,,,,,,,,,,,,,,,,,,
Østerbro,1992,123.0,123.0,86.0,86.0,,,,,0.0,0.0,0.0,0.0,0.0,0.0,31.0,30.0,33.0,32.0,,,,,7.0,6.0,3.0,9.0,5.0,18.0,32.0,30.0,65.0,59.0,273.0,233.0,295.0,194.0,215.0,131.0,96.0,61.0,47.0,86.0,16.0,8.0,32.0,23.0,275.0,256.0,289.0,234.0,269.0,272.0,137.0,168.0,222.0,535.0,2125.0,2013.0,1775.0,1889.0,7146.0,7782.0,4680.0,4253.0,3326.0,3410.0,2154.0,2370.0,4695.0,9121.0,,,,,,,,,,,,,,,,,,,,,,,,,,,,,,,2520799.0,101176.0,24915.0,2647165.0,88858.0,29791.0,3233504.0,175820.0,18391.0,2540177.0,137292.0,18502.0,2728356.0,109108.0,25006.0,3068644.0,102339.0,29985.0,4428323.0,177994.0,24879.0,4156935.0,139790.0,29737.0,3707558.0,154411.0,24011.0,3504746.0,121255.0,28904.0,,,,,,,,,,,,,,,,,,,,,,,,,,,,,,,,,,,,,,,,,,,,,,,,,,,,,,,,,,,,,,,,,,,,,,,,,,,,,,,,
Østerbro,1993,126.0,125.0,86.0,81.0,,,,,0.0,0.0,0.0,0.0,0.0,0.0,38.0,34.0,32.0,33.0,,,,,9.0,5.0,7.0,6.0,7.0,18.0,33.0,39.0,63.0,66.0,262.0,219.0,337.0,217.0,209.0,147.0,111.0,62.0,51.0,83.0,18.0,7.0,24.0,16.0,246.0,254.0,321.0,241.0,264.0,283.0,149.0,169.0,210.0,512.0,2274.0,2096.0,1693.0,1828.0,7366.0,7991.0,4732.0,4329.0,3321.0,3437.0,2176.0,2430.0,4546.0,8729.0,,,,,,,,,,,,,,,,,,,,,,,,,,,,,,,2607357.0,104069.0,25054.0,2768099.0,92396.0,29959.0,3280322.0,177660.0,18464.0,2661531.0,141926.0,18753.0,2830523.0,112483.0,25164.0,3196809.0,106101.0,30130.0,4501550.0,179932.0,25018.0,4311244.0,144160.0,29906.0,3775881.0,157106.0,24034.0,3633993.0,125125.0,29043.0,,,,,,,,,,,,,,,,,,,,,,,,,,,,,,,,,,,,,,,,,,,,,,,,,,,,,,,,,,,,,,,,,,,,,,,,,,,,,,,,
Østerbro,1994,127.0,142.0,87.0,94.0,22.0,9.0,3.0,3.0,0.0,0.0,0.0,0.0,0.0,0.0,42.0,36.0,27.0,23.0,40.0,41.0,32.0,23.0,10.0,6.0,7.0,4.0,7.0,19.0,30.0,44.0,70.0,60.0,258.0,222.0,354.0,249.0,214.0,145.0,119.0,72.0,52.0,92.0,15.0,7.0,36.0,21.0,285.0,242.0,317.0,240.0,276.0,274.0,164.0,181.0,218.0,517.0,2378.0,2192.0,1626.0,1712.0,7412.0,8266.0,4856.0,4460.0,3299.0,3405.0,2268.0,2499.0,4394.0,8421.0,,,,,,,,,,,,,,,,,,,,,,,,,,,,,,,2776380.0,110586.0,25106.0,2925286.0,97610.0,29969.0,3510308.0,183911.0,19087.0,2794932.0,142337.0,19636.0,3006093.0,119280.0,25202.0,3391404.0,112552.0,30132.0,4776247.0,190615.0,25057.0,4669477.0,156065.0,29920.0,4059717.0,163619.0,24812.0,4006213.0,135267.0,29617.0,,,,,,,,,,,,,,,,,,,,,,,,,,,,,,,,,,,,,,,,,,,,,,,,,,,,,,,,,,,,,,,,,,,,,,,,,,,,,,,,
Østerbro,1995,149.0,148.0,91.0,101.0,33.0,19.0,3.0,5.0,0.0,0.0,0.0,0.0,0.0,0.0,43.0,31.0,26.0,21.0,40.0,39.0,32.0,21.0,13.0,6.0,6.0,3.0,8.0,19.0,31.0,39.0,70.0,62.0,227.0,253.0,387.0,251.0,220.0,167.0,141.0,80.0,57.0,102.0,16.0,14.0,31.0,21.0,281.0,271.0,327.0,229.0,277.0,255.0,177.0,201.0,215.0,494.0,2478.0,2336.0,1571.0,1608.0,7361.0,8415.0,5063.0,4672.0,3248.0,3380.0,2373.0,2644.0,4249.0,8056.0,,,,,,,,,,,,,,,,,,,,,,,,,,,,,,,2910691.0,115481.0,25205.0,3055149.0,101443.0,30117.0,3703580.0,193712.0,19119.0,2948012.0,150087.0,19642.0,3151658.0,124503.0,25314.0,3528439.0,116558.0,30272.0,4950521.0,196926.0,25139.0,4825743.0,160585.0,30051.0,4156386.0,167975.0,24744.0,4088219.0,137804.0,29667.0,,,,,,,,,,,,,,,,,,,,,,,,,,,,,,,,,,,,,,,,,,,,,,,,,,,,,,,,,,,,,,,,,,,,,,,,,,,,,,,,
Østerbro,1996,157.0,170.0,98.0,99.0,45.0,31.0,4.0,6.0,0.0,0.0,0.0,0.0,0.0,0.0,47.0,37.0,28.0,23.0,45.0,39.0,27.0,21.0,15.0,6.0,6.0,5.0,7.0,17.0,41.0,53.0,97.0,88.0,276.0,273.0,432.0,306.0,246.0,208.0,161.0,99.0,83.0,124.0,21.0,15.0,27.0,24.0,297.0,307.0,370.0,261.0,268.0,263.0,193.0,218.0,202.0,464.0,2564.0,2474.0,1514.0,1539.0,7364.0,8504.0,5281.0,4984.0,3161.0,3317.0,2473.0,2757.0,4093.0,7670.0,,,,,,,,,,,,,,,,,,,,,,,,,,,,,,,3108517.0,121039.0,25682.0,3219050.0,106012.0,30365.0,3971763.0,199506.0,19908.0,3156248.0,155511.0,20296.0,3359541.0,130169.0,25809.0,3711227.0,121672.0,30502.0,5233566.0,204269.0,25621.0,5039277.0,166241.0,30313.0,4375745.0,173180.0,25267.0,4253218.0,142020.0,29948.0,,,,,,,,,,,,,,,,,,,,,,,,,,,,,,,,,,,,,,,,,,,,,,,,,,,,,,,,,,,,,,,,,,,,,,,,,,,,,,,,
Østerbro,1997,199.0,194.0,111.0,117.0,41.0,31.0,4.0,,0.0,,0.0,0.0,0.0,0.0,57.0,40.0,28.0,27.0,50.0,45.0,24.0,,15.0,,6.0,5.0,7.0,18.0,65.0,58.0,126.0,103.0,274.0,319.0,497.0,335.0,278.0,236.0,168.0,106.0,87.0,120.0,16.0,20.0,26.0,34.0,303.0,307.0,396.0,280.0,293.0,260.0,210.0,224.0,198.0,466.0,2701.0,2621.0,1520.0,1515.0,7453.0,8566.0,5609.0,5330.0,3070.0,3217.0,2675.0,2951.0,3919.0,7265.0,,,,,,,,,,,,,,,,,,,,,,,,,,,,,,,3260959.0,126546.0,25769.0,3330642.0,109795.0,30335.0,4258885.0,211129.0,20172.0,3354611.0,163385.0,20532.0,3501665.0,135126.0,25914.0,3856616.0,126567.0,30471.0,5530505.0,215304.0,25687.0,5206515.0,171951.0,30279.0,4554650.0,180633.0,25215.0,4324855.0,144823.0,29863.0,,,,,,,,,,,,,,,,,,,,,,,,,,,,,,,,,,,,,,,,,,,,,,,,,,,,,,,,,,,,,,,,,,,,,,,,,,,,,,,,
Østerbro,1998,208.0,205.0,104.0,115.0,53.0,42.0,8.0,,0.0,,0.0,0.0,0.0,0.0,63.0,35.0,29.0,30.0,38.0,55.0,24.0,,14.0,,7.0,6.0,7.0,20.0,77.0,76.0,137.0,114.0,270.0,321.0,490.0,357.0,275.0,243.0,186.0,116.0,88.0,123.0,24.0,22.0,33.0,45.0,292.0,328.0,416.0,299.0,294.0,257.0,219.0,233.0,201.0,448.0,2796.0,2665.0,1516.0,1544.0,7341.0,8431.0,5814.0,5542.0,3062.0,3209.0,2775.0,3044.0,3787.0,6989.0,,,,,,,,,,,,,,,,,,,,,,,,,,,,,,,3511721.0,135290.0,25957.0,3529181.0,115962.0,30434.0,4666741.0,224363.0,20800.0,3651753.0,172766.0,21137.0,3752103.0,144046.0,26048.0,4101352.0,134259.0,30548.0,5918634.0,228483.0,25904.0,5490299.0,180721.0,30380.0,4852967.0,189008.0,25676.0,4534685.0,150774.0,30076.0,0.0,0.0,9160.0,12491.0,0.0,0.0,0.0,0.0,0.0,0.0,0.0,0.0,0.0,0.0,0.0,0.0,3788.0,3903.0,0.0,0.0,0.0,0.0,168.0,1303.0,0.0,0.0,0.0,0.0,0.0,0.0,0.0,0.0,0.0,0.0,0.0,0.0,935.0,1366.0,0.0,0.0,0.0,0.0,35.0,428.0,0.0,0.0,0.0,0.0,0.0,0.0,0.0,0.0,0.0,0.0,0.0,0.0,419.0,1005.0,0.0,0.0,0.0,0.0,3.0,68.0,0.0,0.0,0.0,0.0,0.0,0.0,0.0,0.0,0.0,0.0,0.0,0.0,56.0,208.0,0.0,0.0
Østerbro,1999,224.0,205.0,112.0,114.0,68.0,60.0,,,,,0.0,0.0,0.0,0.0,65.0,43.0,30.0,23.0,41.0,58.0,,,,,8.0,4.0,7.0,23.0,59.0,44.0,108.0,97.0,222.0,324.0,511.0,365.0,249.0,236.0,192.0,107.0,86.0,119.0,29.0,28.0,38.0,34.0,332.0,394.0,435.0,321.0,276.0,250.0,228.0,235.0,210.0,444.0,2933.0,2814.0,1496.0,1574.0,7224.0,8347.0,5990.0,5713.0,3095.0,3239.0,2824.0,3148.0,3744.0,6804.0,,,,,,,,,,,,,,,,,,,,,,,,,,,,,,,3719516.0,142134.0,26169.0,3677680.0,121172.0,30351.0,5070150.0,239147.0,21201.0,3917585.0,182655.0,21448.0,3959884.0,150772.0,26264.0,4294997.0,140907.0,30481.0,6323350.0,242172.0,26111.0,5709631.0,188542.0,30283.0,5230421.0,202627.0,25813.0,4729369.0,157846.0,29962.0,0.0,0.0,9044.0,12417.0,0.0,0.0,0.0,0.0,0.0,0.0,0.0,0.0,0.0,0.0,0.0,0.0,3846.0,3776.0,0.0,0.0,0.0,0.0,155.0,1301.0,0.0,0.0,0.0,0.0,0.0,0.0,0.0,0.0,0.0,0.0,0.0,0.0,952.0,1348.0,0.0,0.0,0.0,0.0,37.0,441.0,0.0,0.0,0.0,0.0,0.0,0.0,0.0,0.0,0.0,0.0,0.0,0.0,431.0,1079.0,0.0,0.0,0.0,0.0,4.0,55.0,0.0,0.0,0.0,0.0,0.0,0.0,0.0,0.0,0.0,0.0,0.0,0.0,58.0,235.0,0.0,0.0
Østerbro,2000,218.0,207.0,106.0,117.0,75.0,62.0,5.0,,0.0,,0.0,0.0,0.0,0.0,69.0,41.0,29.0,23.0,44.0,52.0,23.0,,15.0,,7.0,4.0,8.0,24.0,44.0,37.0,91.0,91.0,268.0,321.0,472.0,371.0,284.0,246.0,196.0,114.0,100.0,127.0,26.0,26.0,33.0,31.0,330.0,446.0,476.0,329.0,270.0,245.0,228.0,238.0,211.0,440.0,2989.0,2890.0,1549.0,1596.0,7202.0,8274.0,6236.0,5893.0,3103.0,3207.0,2838.0,3231.0,3649.0,6541.0,,,,,,,,,,,,,,,,,,,,,,,,,,,,,,,3942819.0,151072.0,26099.0,3880489.0,128052.0,30304.0,5384059.0,253511.0,21238.0,4158010.0,192411.0,21610.0,4198659.0,160175.0,26213.0,4548196.0,149410.0,30441.0,6701979.0,257580.0,26019.0,6008464.0,198627.0,30250.0,5388696.0,210619.0,25585.0,4872729.0,163481.0,29806.0,0.0,0.0,9142.0,12181.0,0.0,0.0,0.0,0.0,0.0,0.0,0.0,0.0,0.0,0.0,0.0,0.0,4011.0,3688.0,0.0,0.0,0.0,0.0,142.0,1264.0,0.0,0.0,0.0,0.0,0.0,0.0,0.0,0.0,0.0,0.0,0.0,0.0,921.0,1382.0,0.0,0.0,0.0,0.0,34.0,439.0,0.0,0.0,0.0,0.0,0.0,0.0,0.0,0.0,0.0,0.0,0.0,0.0,485.0,1155.0,0.0,0.0,0.0,0.0,4.0,51.0,0.0,0.0,0.0,0.0,0.0,0.0,0.0,0.0,0.0,0.0,0.0,0.0,70.0,240.0,0.0,0.0
Østerbro,2001,265.0,210.0,105.0,115.0,83.0,78.0,7.0,,0.0,,0.0,0.0,0.0,0.0,68.0,35.0,30.0,29.0,53.0,47.0,24.0,,17.0,,6.0,5.0,10.0,24.0,41.0,37.0,103.0,90.0,219.0,352.0,493.0,410.0,303.0,238.0,198.0,132.0,109.0,129.0,28.0,27.0,20.0,37.0,361.0,437.0,470.0,350.0,279.0,233.0,253.0,248.0,203.0,432.0,3003.0,2962.0,1610.0,1647.0,7074.0,8109.0,6299.0,5992.0,3093.0,3193.0,2884.0,3323.0,3637.0,6373.0,,,,,,,,,,,,,,,,,,,,,,,,,,,,,,,4075720.0,156398.0,26060.0,3994512.0,133124.0,30006.0,5621251.0,264380.0,21262.0,4339459.0,200511.0,21642.0,4345845.0,165777.0,26215.0,4657629.0,154518.0,30143.0,6941678.0,267543.0,25946.0,6205089.0,207126.0,29958.0,5596812.0,220538.0,25378.0,5046865.0,171400.0,29445.0,0.0,0.0,9068.0,11868.0,0.0,0.0,0.0,0.0,0.0,0.0,0.0,0.0,0.0,0.0,0.0,0.0,3991.0,3761.0,0.0,0.0,0.0,0.0,148.0,1278.0,0.0,0.0,0.0,0.0,0.0,0.0,0.0,0.0,0.0,0.0,0.0,0.0,935.0,1394.0,0.0,0.0,0.0,0.0,31.0,444.0,0.0,0.0,0.0,0.0,0.0,0.0,0.0,0.0,0.0,0.0,0.0,0.0,475.0,1231.0,0.0,0.0,0.0,0.0,2.0,53.0,0.0,0.0,0.0,0.0,0.0,0.0,0.0,0.0,0.0,0.0,0.0,0.0,79.0,246.0,0.0,0.0
Østerbro,2002,254.0,196.0,113.0,127.0,88.0,88.0,,,,,0.0,0.0,0.0,0.0,70.0,41.0,33.0,26.0,55.0,48.0,,,,,5.0,6.0,11.0,23.0,35.0,27.0,101.0,93.0,232.0,344.0,477.0,407.0,336.0,275.0,207.0,144.0,121.0,138.0,32.0,32.0,24.0,43.0,345.0,475.0,484.0,375.0,274.0,232.0,261.0,245.0,220.0,434.0,3142.0,3056.0,1625.0,1661.0,6788.0,7806.0,6476.0,6151.0,3179.0,3204.0,2925.0,3349.0,3561.0,6168.0,,,,,,,,,,,,,,,,,,,,,,,,,,,,,,,4279241.0,162050.0,26407.0,4168973.0,139040.0,29984.0,5805954.0,272120.0,21336.0,4450289.0,206567.0,21544.0,4558019.0,171761.0,26537.0,4859639.0,161300.0,30128.0,7144760.0,271912.0,26276.0,6379342.0,213135.0,29931.0,5729908.0,223084.0,25685.0,5160210.0,175577.0,29390.0,0.0,0.0,9134.25,11726.75,0.0,0.0,0.0,0.0,0.0,0.0,0.0,0.0,0.0,0.0,0.0,0.0,3857.25,3717.5,0.0,0.0,0.0,0.0,149.25,1228.0,0.0,0.0,0.0,0.0,0.0,0.0,0.0,0.0,0.0,0.0,0.0,0.0,999.25,1427.0,0.0,0.0,0.0,0.0,41.0,463.75,0.0,0.0,0.0,0.0,0.0,0.0,0.0,0.0,0.0,0.0,0.0,0.0,484.5,1291.25,0.0,0.0,0.0,0.0,3.0,54.25,0.0,0.0,0.0,0.0,0.0,0.0,0.0,0.0,0.0,0.0,0.0,0.0,77.25,292.75,0.0,0.0
Østerbro,2003,274.0,194.0,124.0,136.0,89.0,102.0,,,,,0.0,0.0,0.0,0.0,62.0,47.0,35.0,26.0,53.0,42.0,,,,,4.0,9.0,13.0,23.0,37.0,36.0,97.0,100.0,253.0,343.0,481.0,445.0,373.0,275.0,203.0,154.0,142.0,147.0,30.0,27.0,33.0,39.0,355.0,458.0,500.0,403.0,282.0,232.0,262.0,277.0,230.0,423.0,3186.0,3166.0,1714.0,1701.0,6542.0,7516.0,6735.0,6322.0,3203.0,3235.0,3002.0,3387.0,3600.0,6053.0,,,,,,,,,,,,,,,,,,,,,,,,,,,,,,,4386228.0,166208.0,26390.0,4298549.0,144227.0,29804.0,5790781.0,275057.0,21053.0,4508082.0,209337.0,21535.0,4676398.0,176268.0,26530.0,4992544.0,166696.0,29950.0,7218673.0,274767.0,26272.0,6518271.0,219102.0,29750.0,5783956.0,225355.0,25666.0,5269310.0,180394.0,29210.0,0.0,0.0,9093.5,11520.5,0.0,0.0,0.0,0.0,0.0,0.0,0.0,0.0,0.0,0.0,0.0,0.0,3823.5,3684.0,0.0,0.0,0.0,0.0,157.75,1200.0,0.0,0.0,0.0,0.0,0.0,0.0,0.0,0.0,0.0,0.0,0.0,0.0,1015.5,1451.0,0.0,0.0,0.0,0.0,40.25,497.25,0.0,0.0,0.0,0.0,0.0,0.0,0.0,0.0,0.0,0.0,0.0,0.0,501.75,1322.75,0.0,0.0,0.0,0.0,5.0,69.75,0.0,0.0,0.0,0.0,0.0,0.0,0.0,0.0,0.0,0.0,0.0,0.0,83.0,315.0,0.0,0.0
Østerbro,2004,272.0,190.0,128.0,154.0,106.0,103.0,,,,,0.0,0.0,0.0,0.0,65.0,47.0,35.0,31.0,43.0,49.0,,,,,7.0,8.0,12.0,23.0,29.0,42.0,108.0,100.0,271.0,345.0,493.0,447.0,385.0,303.0,214.0,165.0,159.0,154.0,30.0,31.0,33.0,34.0,344.0,471.0,480.0,409.0,284.0,221.0,247.0,274.0,236.0,427.0,3270.0,3199.0,1790.0,1805.0,6243.0,7151.0,6791.0,6365.0,3331.0,3323.0,2961.0,3348.0,3635.0,5983.0,,,,,,,,,,,,,,,,,,,,,,,,,,,,,,,4649186.0,176567.0,26331.0,4539136.0,151983.0,29866.0,5880958.0,280286.0,20982.0,4659424.0,215385.0,21633.0,4956788.0,187402.0,26450.0,5280500.0,176087.0,29988.0,7399261.0,282814.0,26163.0,6701280.0,225026.0,29780.0,5826384.0,228012.0,25553.0,5358169.0,183392.0,29217.0,0.0,0.0,9091.25,11402.25,0.0,0.0,0.0,0.0,0.0,0.0,0.0,0.0,0.0,0.0,0.0,0.0,3693.0,3607.25,0.0,0.0,0.0,0.0,158.25,1246.5,0.0,0.0,0.0,0.0,0.0,0.0,0.0,0.0,0.0,0.0,0.0,0.0,1004.0,1422.0,0.0,0.0,0.0,0.0,45.75,518.75,0.0,0.0,0.0,0.0,0.0,0.0,0.0,0.0,0.0,0.0,0.0,0.0,515.75,1349.75,0.0,0.0,0.0,0.0,4.5,74.0,0.0,0.0,0.0,0.0,0.0,0.0,0.0,0.0,0.0,0.0,0.0,0.0,84.75,321.25,0.0,0.0
Østerbro,2005,255.0,220.0,144.0,148.0,114.0,121.0,,,,,0.0,0.0,0.0,0.0,63.0,50.0,40.0,30.0,51.0,60.0,,,,,9.0,7.0,14.0,24.0,36.0,38.0,92.0,103.0,281.0,389.0,482.0,467.0,386.0,324.0,227.0,174.0,165.0,163.0,31.0,25.0,32.0,35.0,374.0,491.0,476.0,429.0,292.0,218.0,242.0,267.0,247.0,430.0,3320.0,3196.0,1894.0,1923.0,5983.0,6899.0,6682.0,6391.0,3474.0,3404.0,2912.0,3323.0,3716.0,5995.0,,,,,,,,,,,,,,,,,,,,,,,,,,,,,,,4832207.0,184986.0,26122.0,4705721.0,159095.0,29578.0,6027004.0,288580.0,20885.0,4819974.0,221323.0,21778.0,5138384.0,195532.0,26279.0,5494700.0,184969.0,29706.0,7663251.0,294877.0,25988.0,6899806.0,233789.0,29513.0,6004626.0,237713.0,25260.0,5455448.0,189045.0,28858.0,0.0,0.0,9190.5,11328.25,0.0,0.0,0.0,0.0,0.0,0.0,0.0,0.0,0.0,0.0,0.0,0.0,3621.25,3562.5,0.0,0.0,0.0,0.0,157.25,1320.0,0.0,0.0,0.0,0.0,0.0,0.0,0.0,0.0,0.0,0.0,0.0,0.0,970.25,1426.75,0.0,0.0,0.0,0.0,48.75,534.75,0.0,0.0,0.0,0.0,0.0,0.0,0.0,0.0,0.0,0.0,0.0,0.0,526.0,1380.25,0.0,0.0,0.0,0.0,5.75,76.0,0.0,0.0,0.0,0.0,0.0,0.0,0.0,0.0,0.0,0.0,0.0,0.0,78.5,338.25,0.0,0.0
Østerbro,2006,273.0,218.0,151.0,149.0,125.0,116.0,30.0,26.0,3.0,4.0,0.0,0.0,0.0,0.0,65.0,59.0,41.0,35.0,47.0,52.0,32.0,34.0,23.0,10.0,12.0,8.0,11.0,22.0,22.0,44.0,86.0,89.0,295.0,441.0,473.0,470.0,404.0,332.0,242.0,194.0,177.0,172.0,32.0,28.0,31.0,38.0,408.0,560.0,479.0,436.0,295.0,238.0,241.0,259.0,252.0,424.0,3285.0,3155.0,1940.0,1995.0,5920.0,6649.0,6454.0,6219.0,3530.0,3517.0,2841.0,3266.0,3802.0,5960.0,,,,,,,,,,,,,,,,,,,,,,,,,,,,,,,4998907.0,191757.0,26069.0,4845414.0,164922.0,29380.0,6399696.0,303519.0,21085.0,5052391.0,232059.0,21772.0,5297262.0,202495.0,26160.0,5668708.0,192349.0,29471.0,7954776.0,306212.0,25978.0,7178134.0,244737.0,29330.0,6138555.0,241390.0,25430.0,5609518.0,195012.0,28765.0,0.0,0.0,9263.5,11365.5,0.0,0.0,0.0,0.0,0.0,0.0,0.0,0.0,0.0,0.0,0.0,0.0,3597.0,3490.75,0.0,0.0,0.0,0.0,169.25,1348.5,0.0,0.0,0.0,0.0,0.0,0.0,0.0,0.0,0.0,0.0,0.0,0.0,938.5,1393.25,0.0,0.0,0.0,0.0,46.5,552.5,0.0,0.0,0.0,0.0,0.0,0.0,0.0,0.0,0.0,0.0,0.0,0.0,503.25,1409.75,0.0,0.0,0.0,0.0,6.25,84.5,0.0,0.0,0.0,0.0,0.0,0.0,0.0,0.0,0.0,0.0,0.0,0.0,81.0,357.25,0.0,0.0
Østerbro,2007,274.0,228.0,166.0,166.0,124.0,129.0,,,,,0.0,,0.0,0.0,69.0,58.0,50.0,32.0,50.0,49.0,,,,,12.0,,14.0,21.0,38.0,48.0,92.0,96.0,322.0,458.0,481.0,529.0,416.0,332.0,264.0,216.0,186.0,178.0,27.0,38.0,32.0,39.0,493.0,624.0,585.0,463.0,337.0,250.0,238.0,267.0,265.0,432.0,3279.0,3175.0,1996.0,2024.0,5663.0,6402.0,6214.0,5989.0,3645.0,3670.0,2786.0,3159.0,3936.0,6027.0,,,,,,,,,,,,,,,,,,,,,,,,,,,,,,,5103502.0,195484.0,26107.0,4961895.0,168137.0,29511.0,6786748.0,319557.0,21238.0,5367800.0,243758.0,22021.0,5406443.0,206353.0,26200.0,5797745.0,195883.0,29598.0,8399494.0,322933.0,26010.0,7556246.0,256344.0,29477.0,6365533.0,251682.0,25292.0,5817011.0,202092.0,28784.0,0.0,0.0,9236.5,11300.25,0.0,0.0,0.0,0.0,0.0,0.0,0.0,0.0,0.0,0.0,0.0,0.0,3469.0,3507.0,0.0,0.0,0.0,0.0,185.0,1366.0,0.0,0.0,0.0,0.0,0.0,0.0,0.0,0.0,0.0,0.0,0.0,0.0,949.25,1380.25,0.0,0.0,0.0,0.0,43.0,578.5,0.0,0.0,0.0,0.0,0.0,0.0,0.0,0.0,0.0,0.0,0.0,0.0,487.0,1487.0,0.0,0.0,0.0,0.0,6.5,86.75,0.0,0.0,0.0,0.0,0.0,0.0,0.0,0.0,0.0,0.0,0.0,0.0,80.0,369.5,0.0,0.0
Østerbro,2008,269.0,216.0,186.0,166.0,131.0,121.0,49.0,40.0,3.0,,0.0,,0.0,0.0,72.0,56.0,55.0,32.0,47.0,46.0,36.0,37.0,22.0,,14.0,,16.0,18.0,45.0,45.0,98.0,107.0,360.0,501.0,523.0,538.0,416.0,353.0,264.0,225.0,210.0,186.0,25.0,47.0,36.0,38.0,523.0,719.0,600.0,492.0,379.0,265.0,259.0,256.0,282.0,451.0,3314.0,3206.0,2134.0,2132.0,5511.0,6491.0,6029.0,5758.0,3788.0,3820.0,2684.0,3102.0,4044.0,6045.0,1969.0,1019.0,583.0,330.0,380.0,527.0,295.0,158.0,92.0,80.0,395.0,223.0,156.0,105.0,126.0,200.0,122.0,64.0,34.0,46.0,421.0,212.0,116.0,57.0,85.0,426.0,167.0,89.0,42.0,43.0,5151336.0,196167.0,26260.0,5106275.0,171963.0,29694.0,7141382.0,337447.0,21163.0,5770638.0,259623.0,22227.0,5495547.0,208520.0,26355.0,5932338.0,199085.0,29798.0,8670522.0,331429.0,26161.0,7903675.0,266503.0,29657.0,6590367.0,259218.0,25424.0,6016235.0,207435.0,29003.0,0.0,0.0,9250.5,11209.0,0.0,0.0,0.0,0.0,0.0,0.0,0.0,0.0,0.0,0.0,0.0,0.0,3512.75,3475.75,0.0,0.0,0.0,0.0,181.25,1374.25,0.0,0.0,0.0,0.0,0.0,0.0,0.0,0.0,0.0,0.0,0.0,0.0,958.75,1411.0,0.0,0.0,0.0,0.0,49.5,611.25,0.0,0.0,0.0,0.0,0.0,0.0,0.0,0.0,0.0,0.0,0.0,0.0,491.25,1533.25,0.0,0.0,0.0,0.0,5.25,84.25,0.0,0.0,0.0,0.0,0.0,0.0,0.0,0.0,0.0,0.0,0.0,0.0,73.75,386.0,0.0,0.0
Østerbro,2009,266.0,227.0,213.0,182.0,125.0,126.0,65.0,56.0,,,,,0.0,,82.0,70.0,55.0,32.0,46.0,48.0,45.0,38.0,,,,,14.0,,60.0,60.0,85.0,98.0,401.0,543.0,526.0,607.0,444.0,388.0,275.0,242.0,237.0,198.0,33.0,72.0,38.0,39.0,578.0,761.0,633.0,557.0,403.0,274.0,254.0,246.0,291.0,464.0,3441.0,3229.0,2167.0,2170.0,5545.0,6432.0,5968.0,5797.0,3841.0,3848.0,2634.0,3061.0,4067.0,5987.0,2028.0,1285.0,866.0,563.0,591.0,456.0,339.0,236.0,149.0,135.0,430.0,255.0,210.0,146.0,173.0,233.0,148.0,81.0,65.0,58.0,454.0,296.0,207.0,131.0,150.0,455.0,247.0,132.0,72.0,75.0,5341665.0,200611.0,26627.0,5306173.0,177162.0,29951.0,7113725.0,335079.0,21230.0,5920951.0,263329.0,22485.0,5730579.0,214083.0,26768.0,6136925.0,203864.0,30103.0,8696351.0,328164.0,26500.0,8049818.0,269297.0,29892.0,6619149.0,256855.0,25770.0,6203424.0,212577.0,29182.0,0.0,0.0,9005.0,10911.0,0.0,0.0,0.0,0.0,0.0,0.0,0.0,0.0,0.0,0.0,0.0,0.0,3558.75,3452.75,0.0,0.0,0.0,0.0,204.25,1352.75,0.0,0.0,0.0,0.0,0.0,0.0,0.0,0.0,0.0,0.0,0.0,0.0,1008.0,1480.5,0.0,0.0,0.0,0.0,46.25,642.5,0.0,0.0,0.0,0.0,0.0,0.0,0.0,0.0,0.0,0.0,0.0,0.0,492.5,1586.25,0.0,0.0,0.0,0.0,6.25,82.5,0.0,0.0,0.0,0.0,0.0,0.0,0.0,0.0,0.0,0.0,0.0,0.0,83.0,397.25,0.0,0.0
Østerbro,2010,282.0,234.0,213.0,189.0,122.0,124.0,78.0,79.0,,,,,0.0,,97.0,81.0,49.0,30.0,55.0,57.0,42.0,40.0,,,,,12.0,,62.0,70.0,81.0,83.0,436.0,570.0,555.0,673.0,455.0,395.0,284.0,256.0,259.0,197.0,42.0,73.0,43.0,50.0,603.0,798.0,623.0,602.0,382.0,288.0,266.0,239.0,286.0,474.0,3591.0,3351.0,2236.0,2253.0,5611.0,6518.0,5990.0,5832.0,3936.0,3971.0,2681.0,3002.0,4062.0,5901.0,2122.0,1332.0,1019.0,670.0,872.0,509.0,359.0,296.0,176.0,232.0,418.0,275.0,232.0,147.0,211.0,278.0,159.0,94.0,64.0,74.0,440.0,294.0,235.0,178.0,245.0,477.0,245.0,162.0,105.0,110.0,6023845.0,220307.0,27343.0,5797546.0,188685.0,30726.0,7519950.0,354731.0,21199.0,6122981.0,272024.0,22509.0,6400994.0,233383.0,27427.0,6783512.0,220430.0,30774.0,9328476.0,341928.0,27282.0,8432659.0,274554.0,30714.0,7142334.0,275542.0,25921.0,6547713.0,223007.0,29361.0,0.0,0.0,8863.0,10717.25,0.0,0.0,0.0,0.0,0.0,0.0,0.0,0.0,0.0,0.0,0.0,0.0,3627.0,3409.75,0.0,0.0,0.0,0.0,216.75,1385.75,0.0,0.0,0.0,0.0,0.0,0.0,0.0,0.0,0.0,0.0,0.0,0.0,1005.75,1526.25,0.0,0.0,0.0,0.0,41.75,645.5,0.0,0.0,0.0,0.0,0.0,0.0,0.0,0.0,0.0,0.0,0.0,0.0,496.5,1638.0,0.0,0.0,0.0,0.0,8.25,87.25,0.0,0.0,0.0,0.0,0.0,0.0,0.0,0.0,0.0,0.0,0.0,0.0,83.5,415.5,0.0,0.0
Østerbro,2011,290.0,243.0,238.0,192.0,148.0,137.0,94.0,99.0,,,,,0.0,0.0,93.0,83.0,49.0,28.0,49.0,58.0,50.0,42.0,,,,,13.0,23.0,75.0,88.0,81.0,97.0,442.0,620.0,580.0,704.0,483.0,440.0,295.0,270.0,263.0,210.0,53.0,70.0,34.0,42.0,654.0,894.0,648.0,611.0,394.0,296.0,266.0,246.0,306.0,476.0,3636.0,3395.0,2301.0,2338.0,5661.0,6548.0,5937.0,5735.0,4019.0,4032.0,2677.0,3016.0,4103.0,5907.0,2156.0,1357.0,983.0,681.0,950.0,567.0,396.0,283.0,201.0,256.0,410.0,230.0,177.0,135.0,232.0,229.0,134.0,87.0,69.0,97.0,436.0,323.0,228.0,170.0,233.0,514.0,274.0,208.0,106.0,132.0,6242844.0,224160.0,27850.0,5999788.0,192498.0,31168.0,7784079.0,358945.0,21686.0,6294131.0,274051.0,22967.0,6644119.0,237825.0,27937.0,7031459.0,225187.0,31225.0,9599195.0,345220.0,27806.0,8659840.0,277960.0,31155.0,7434340.0,279560.0,26593.0,6757549.0,225801.0,29927.0,0.0,0.0,8704.25,10632.0,0.0,0.0,0.0,0.0,0.0,0.0,0.0,0.0,0.0,0.0,0.0,0.0,3691.0,3371.25,0.0,0.0,0.0,0.0,226.0,1419.0,0.0,0.0,0.0,0.0,0.0,0.0,0.0,0.0,0.0,0.0,0.0,0.0,1036.0,1497.75,0.0,0.0,0.0,0.0,52.0,659.5,0.0,0.0,0.0,0.0,0.0,0.0,0.0,0.0,0.0,0.0,0.0,0.0,530.5,1739.25,0.0,0.0,0.0,0.0,9.75,93.75,0.0,0.0,0.0,0.0,0.0,0.0,0.0,0.0,0.0,0.0,0.0,0.0,85.75,419.5,0.0,0.0
Østerbro,2012,283.0,251.0,256.0,207.0,175.0,156.0,100.0,102.0,4.0,6.0,3.0,5.0,0.0,0.0,105.0,80.0,49.0,31.0,57.0,72.0,52.0,40.0,20.0,20.0,18.0,9.0,15.0,23.0,75.0,77.0,79.0,92.0,442.0,599.0,615.0,741.0,477.0,468.0,321.0,292.0,268.0,218.0,59.0,75.0,40.0,53.0,705.0,996.0,691.0,681.0,436.0,319.0,267.0,243.0,320.0,480.0,3704.0,3481.0,2405.0,2415.0,5849.0,6724.0,5757.0,5572.0,4105.0,4180.0,2763.0,3058.0,4167.0,5952.0,2106.0,1314.0,962.0,719.0,1030.0,571.0,396.0,291.0,222.0,302.0,354.0,238.0,156.0,151.0,214.0,217.0,133.0,112.0,58.0,108.0,434.0,293.0,220.0,164.0,243.0,530.0,254.0,183.0,124.0,163.0,6538499.0,230977.0,28308.0,6234549.0,196729.0,31691.0,8115159.0,368051.0,22049.0,6571242.0,281099.0,23377.0,6938393.0,244413.0,28388.0,7365697.0,232027.0,31745.0,10068371.0,355961.0,28285.0,9021035.0,284719.0,31684.0,7750929.0,285559.0,27143.0,7071412.0,231872.0,30497.0,0.0,0.0,8590.0,10462.5,0.0,0.0,0.0,0.0,0.0,0.0,0.0,0.0,0.0,0.0,0.0,0.0,3738.5,3351.0,0.0,0.0,0.0,0.0,224.25,1438.0,0.0,0.0,0.0,0.0,0.0,0.0,0.0,0.0,0.0,0.0,0.0,0.0,1091.75,1529.0,0.0,0.0,0.0,0.0,62.5,664.25,0.0,0.0,0.0,0.0,0.0,0.0,0.0,0.0,0.0,0.0,0.0,0.0,564.5,1790.25,0.0,0.0,0.0,0.0,10.0,104.75,0.0,0.0,0.0,0.0,0.0,0.0,0.0,0.0,0.0,0.0,0.0,0.0,90.25,415.75,0.0,0.0
Østerbro,2013,276.0,251.0,242.0,196.0,200.0,169.0,103.0,105.0,,,,6.0,0.0,,116.0,77.0,51.0,32.0,58.0,50.0,48.0,45.0,,,,6.0,17.0,,66.0,71.0,72.0,70.0,408.0,605.0,600.0,744.0,460.0,492.0,336.0,296.0,278.0,237.0,66.0,79.0,41.0,63.0,674.0,1035.0,729.0,694.0,450.0,333.0,260.0,242.0,343.0,492.0,3808.0,3574.0,2492.0,2497.0,6077.0,6933.0,5554.0,5430.0,4184.0,4273.0,2824.0,3068.0,4244.0,6035.0,2134.0,1363.0,971.0,649.0,923.0,615.0,439.0,305.0,203.0,251.0,315.0,211.0,177.0,124.0,187.0,235.0,127.0,100.0,49.0,94.0,418.0,317.0,219.0,147.0,231.0,551.0,269.0,170.0,126.0,160.0,6897410.0,239877.0,28754.0,6517398.0,202467.0,32190.0,8405712.0,375138.0,22407.0,6775099.0,284788.0,23790.0,7319018.0,253956.0,28820.0,7728127.0,239810.0,32226.0,10455912.0,364317.0,28700.0,9356737.0,290753.0,32181.0,7939280.0,288125.0,27555.0,7242342.0,233911.0,30962.0,0.0,0.0,8511.25,10431.0,0.0,0.0,0.0,0.0,0.0,0.0,0.0,0.0,0.0,0.0,0.0,0.0,3806.75,3355.5,0.0,0.0,0.0,0.0,228.75,1422.25,0.0,0.0,0.0,0.0,0.0,0.0,0.0,0.0,0.0,0.0,0.0,0.0,1088.0,1535.75,0.0,0.0,0.0,0.0,68.0,667.0,0.0,0.0,0.0,0.0,0.0,0.0,0.0,0.0,0.0,0.0,0.0,0.0,597.75,1793.0,0.0,0.0,0.0,0.0,10.0,124.25,0.0,0.0,0.0,0.0,0.0,0.0,0.0,0.0,0.0,0.0,0.0,0.0,95.75,435.25,0.0,0.0
Østerbro,2014,261.0,235.0,267.0,221.0,209.0,183.0,108.0,99.0,,,,6.0,0.0,,126.0,88.0,52.0,30.0,58.0,50.0,53.0,45.0,,,,8.0,18.0,,64.0,66.0,65.0,64.0,434.0,557.0,604.0,773.0,466.0,496.0,340.0,307.0,298.0,247.0,77.0,78.0,50.0,61.0,767.0,1130.0,733.0,742.0,447.0,332.0,293.0,246.0,350.0,504.0,3882.0,3521.0,2514.0,2575.0,6306.0,7184.0,5330.0,5167.0,4227.0,4346.0,2897.0,3119.0,4352.0,6181.0,2109.0,1322.0,949.0,609.0,747.0,656.0,471.0,348.0,221.0,225.0,207.0,155.0,119.0,97.0,132.0,182.0,107.0,76.0,54.0,68.0,444.0,284.0,213.0,128.0,181.0,620.0,305.0,193.0,109.0,141.0,7174891.0,246891.0,29061.0,6757028.0,207749.0,32525.0,8706205.0,383668.0,22692.0,6967101.0,287730.0,24214.0,7605940.0,261211.0,29118.0,8076648.0,247925.0,32577.0,10827117.0,373194.0,29012.0,9633100.0,296275.0,32514.0,8209710.0,294825.0,27846.0,7417324.0,236869.0,31314.0,0.0,0.0,8401.0,10297.25,0.0,0.0,0.0,0.0,0.0,0.0,0.0,0.0,0.0,0.0,0.0,0.0,3950.25,3297.75,0.0,0.0,0.0,0.0,234.25,1468.0,0.0,0.0,0.0,0.0,0.0,0.0,0.0,0.0,0.0,0.0,0.0,0.0,1098.5,1518.25,0.0,0.0,0.0,0.0,68.75,670.25,0.0,0.0,0.0,0.0,0.0,0.0,0.0,0.0,0.0,0.0,0.0,0.0,615.75,1855.0,0.0,0.0,0.0,0.0,8.25,124.75,0.0,0.0,0.0,0.0,0.0,0.0,0.0,0.0,0.0,0.0,0.0,0.0,103.5,444.5,0.0,0.0
Østerbro,2015,258.0,227.0,279.0,216.0,212.0,202.0,111.0,103.0,20.0,19.0,,,,,129.0,108.0,52.0,30.0,64.0,60.0,42.0,42.0,24.0,23.0,,,,,64.0,82.0,60.0,64.0,390.0,546.0,633.0,784.0,461.0,511.0,348.0,318.0,325.0,258.0,77.0,77.0,55.0,71.0,804.0,1110.0,766.0,808.0,450.0,346.0,292.0,249.0,358.0,503.0,3849.0,3457.0,2617.0,2679.0,6391.0,7330.0,5122.0,4983.0,4274.0,4371.0,3019.0,3231.0,4419.0,6260.0,2300.0,1321.0,899.0,502.0,583.0,763.0,517.0,328.0,179.0,191.0,173.0,132.0,88.0,82.0,107.0,196.0,88.0,70.0,39.0,52.0,458.0,256.0,205.0,107.0,136.0,710.0,328.0,208.0,95.0,97.0,7506045.0,255065.0,29428.0,7088641.0,214035.0,33119.0,9226313.0,398390.0,23159.0,7314717.0,296418.0,24677.0,7956689.0,269755.0,29496.0,8506899.0,256425.0,33175.0,11375965.0,387122.0,29386.0,10191349.0,307821.0,33108.0,8618158.0,305684.0,28193.0,7885469.0,248033.0,31792.0,0.0,0.0,8209.0,10171.25,0.0,0.0,0.0,0.0,0.0,0.0,0.0,0.0,0.0,0.0,0.0,0.0,4090.25,3306.0,0.0,0.0,0.0,0.0,254.75,1487.75,0.0,0.0,0.0,0.0,0.0,0.0,0.0,0.0,0.0,0.0,0.0,0.0,1176.0,1538.5,0.0,0.0,0.0,0.0,68.25,711.25,0.0,0.0,0.0,0.0,0.0,0.0,0.0,0.0,0.0,0.0,0.0,0.0,611.75,1847.0,0.0,0.0,0.0,0.0,9.5,118.25,0.0,0.0,0.0,0.0,0.0,0.0,0.0,0.0,0.0,0.0,0.0,0.0,110.25,440.5,0.0,0.0
Østerbro,2016,275.0,221.0,262.0,230.0,199.0,239.0,125.0,100.0,23.0,27.0,,,,,142.0,132.0,46.0,32.0,70.0,57.0,42.0,46.0,24.0,26.0,,,,,74.0,89.0,69.0,61.0,422.0,607.0,676.0,809.0,448.0,523.0,372.0,338.0,343.0,286.0,88.0,88.0,55.0,78.0,882.0,1193.0,897.0,898.0,472.0,394.0,303.0,238.0,356.0,508.0,3759.0,3443.0,2661.0,2705.0,6524.0,7474.0,4937.0,4843.0,4270.0,4394.0,3183.0,3391.0,4508.0,6348.0,2293.0,1378.0,853.0,441.0,503.0,862.0,584.0,356.0,167.0,173.0,189.0,124.0,96.0,61.0,105.0,132.0,79.0,55.0,37.0,46.0,435.0,255.0,144.0,95.0,102.0,675.0,336.0,202.0,81.0,77.0,7995969.0,265567.0,30109.0,7330830.0,217952.0,33635.0,9777431.0,410747.0,23804.0,7681598.0,305516.0,25143.0,8450266.0,279903.0,30190.0,8878873.0,263491.0,33697.0,12115003.0,403229.0,30045.0,10451629.0,310912.0,33616.0,9114973.0,318405.0,28627.0,8000598.0,248922.0,32141.0,0.0,0.0,8078.0,10090.25,0.0,0.0,0.0,0.0,0.0,0.0,0.0,0.0,0.0,0.0,0.0,0.0,4227.5,3394.75,0.0,0.0,0.0,0.0,284.75,1488.5,0.0,0.0,0.0,0.0,0.0,0.0,0.0,0.0,0.0,0.0,0.0,0.0,1230.75,1533.75,0.0,0.0,0.0,0.0,66.75,732.25,0.0,0.0,0.0,0.0,0.0,0.0,0.0,0.0,0.0,0.0,0.0,0.0,636.0,1849.0,0.0,0.0,0.0,0.0,11.5,117.25,0.0,0.0,0.0,0.0,0.0,0.0,0.0,0.0,0.0,0.0,0.0,0.0,119.75,448.25,0.0,0.0
Østerbro,2017,279.0,224.0,260.0,236.0,234.0,244.0,124.0,107.0,32.0,30.0,,,,,153.0,157.0,48.0,30.0,63.0,65.0,37.0,49.0,29.0,27.0,,,,,98.0,101.0,66.0,65.0,424.0,615.0,770.0,895.0,482.0,539.0,382.0,334.0,364.0,310.0,101.0,90.0,74.0,92.0,977.0,1280.0,931.0,957.0,510.0,439.0,323.0,245.0,380.0,496.0,3720.0,3444.0,2784.0,2811.0,6565.0,7534.0,4940.0,4790.0,4171.0,4295.0,3417.0,3626.0,4630.0,6401.0,2390.0,1312.0,824.0,461.0,512.0,1007.0,583.0,335.0,194.0,217.0,165.0,96.0,86.0,52.0,90.0,140.0,75.0,44.0,42.0,31.0,437.0,242.0,165.0,92.0,92.0,641.0,316.0,194.0,81.0,82.0,8400103.0,272837.0,30788.0,7686547.0,224261.0,34275.0,10312093.0,421693.0,24454.0,8093069.0,313928.0,25780.0,8892147.0,288098.0,30865.0,9325295.0,271487.0,34349.0,12697832.0,413233.0,30728.0,10934553.0,319155.0,34261.0,9501038.0,326631.0,29088.0,8333522.0,255983.0,32555.0,0.0,0.0,8093.5,10037.5,0.0,0.0,0.0,0.0,0.0,0.0,0.0,0.0,0.0,0.0,0.0,0.0,4295.5,3500.5,0.0,0.0,0.0,0.0,309.0,1493.0,0.0,0.0,0.0,0.0,0.0,0.0,0.0,0.0,0.0,0.0,0.0,0.0,1238.75,1631.0,0.0,0.0,0.0,0.0,61.25,723.75,0.0,0.0,0.0,0.0,0.0,0.0,0.0,0.0,0.0,0.0,0.0,0.0,673.75,1883.0,0.0,0.0,0.0,0.0,12.0,111.75,0.0,0.0,0.0,0.0,0.0,0.0,0.0,0.0,0.0,0.0,0.0,0.0,121.5,461.25,0.0,0.0
Østerbro,2018,268.0,242.0,267.0,231.0,255.0,263.0,135.0,122.0,40.0,39.0,,,,,177.0,159.0,47.0,35.0,66.0,64.0,37.0,46.0,25.0,24.0,,,,,90.0,98.0,64.0,88.0,405.0,639.0,834.0,927.0,462.0,573.0,405.0,371.0,365.0,327.0,100.0,96.0,71.0,110.0,1068.0,1390.0,970.0,1020.0,546.0,478.0,333.0,272.0,390.0,503.0,3652.0,3434.0,2866.0,2867.0,6729.0,7588.0,4902.0,4733.0,4090.0,4205.0,3591.0,3843.0,4700.0,6461.0,1958.0,1224.0,773.0,440.0,437.0,785.0,527.0,329.0,180.0,169.0,142.0,101.0,80.0,58.0,59.0,116.0,61.0,49.0,32.0,34.0,365.0,253.0,125.0,81.0,92.0,550.0,282.0,190.0,89.0,83.0,8729961.0,283302.0,30815.0,7992584.0,232532.0,34372.0,10743623.0,440818.0,24372.0,8437831.0,327963.0,25728.0,9226451.0,298417.0,30918.0,9703621.0,281681.0,34449.0,13157999.0,427680.0,30766.0,11324972.0,329713.0,34348.0,9724747.0,335707.0,28968.0,8432777.0,259422.0,32506.0,0.0,0.0,8152.75,10097.75,0.0,0.0,0.0,0.0,0.0,0.0,0.0,0.0,0.0,0.0,0.0,0.0,4274.5,3555.0,0.0,0.0,0.0,0.0,299.0,1500.5,0.0,0.0,0.0,0.0,0.0,0.0,0.0,0.0,0.0,0.0,0.0,0.0,1220.0,1633.75,0.0,0.0,0.0,0.0,63.0,723.75,0.0,0.0,0.0,0.0,0.0,0.0,0.0,0.0,0.0,0.0,0.0,0.0,684.75,1944.75,0.0,0.0,0.0,0.0,12.75,103.5,0.0,0.0,0.0,0.0,0.0,0.0,0.0,0.0,0.0,0.0,0.0,0.0,130.0,457.5,0.0,0.0
Østerbro,2019,252.0,226.0,242.0,232.0,298.0,281.0,133.0,124.0,48.0,49.0,,,,,160.0,167.0,43.0,36.0,76.0,62.0,41.0,51.0,26.0,27.0,,,,,91.0,97.0,74.0,69.0,458.0,654.0,790.0,898.0,457.0,609.0,429.0,390.0,401.0,340.0,107.0,98.0,82.0,111.0,1019.0,1324.0,1014.0,1068.0,570.0,504.0,331.0,286.0,404.0,512.0,3656.0,3412.0,2908.0,2885.0,6635.0,7407.0,4799.0,4654.0,4024.0,4100.0,3710.0,3972.0,4749.0,6578.0,1949.0,1192.0,745.0,446.0,460.0,822.0,513.0,337.0,187.0,193.0,133.0,98.0,64.0,54.0,55.0,103.0,65.0,44.0,37.0,44.0,340.0,229.0,120.0,82.0,89.0,551.0,287.0,180.0,86.0,79.0,9201707.0,296973.0,30985.0,8316062.0,240536.0,34573.0,11253428.0,453329.0,24824.0,8851086.0,338694.0,26133.0,9733855.0,313096.0,31089.0,10155564.0,293141.0,34644.0,13865000.0,448024.0,30947.0,11846349.0,342786.0,34559.0,10035146.0,341099.0,29420.0,8943766.0,271566.0,32934.0,0.0,0.0,8165.0,10105.25,0.0,0.0,0.0,0.0,0.0,0.0,0.0,0.0,0.0,0.0,0.0,0.0,4221.5,3621.5,0.0,0.0,0.0,0.0,316.5,1520.5,0.0,0.0,0.0,0.0,0.0,0.0,0.0,0.0,0.0,0.0,0.0,0.0,1226.5,1650.0,0.0,0.0,0.0,0.0,65.0,711.0,0.0,0.0,0.0,0.0,0.0,0.0,0.0,0.0,0.0,0.0,0.0,0.0,708.25,1979.0,0.0,0.0,0.0,0.0,8.75,107.25,0.0,0.0,0.0,0.0,0.0,0.0,0.0,0.0,0.0,0.0,0.0,0.0,130.25,456.0,0.0,0.0
Østerbro,2020,246.0,221.0,253.0,223.0,305.0,312.0,145.0,139.0,61.0,63.0,,,,,168.0,188.0,53.0,38.0,73.0,57.0,44.0,48.0,29.0,26.0,,,,,95.0,113.0,88.0,74.0,476.0,631.0,801.0,920.0,467.0,647.0,428.0,399.0,413.0,380.0,108.0,85.0,98.0,120.0,985.0,1269.0,1053.0,1138.0,548.0,536.0,355.0,289.0,408.0,525.0,3619.0,3367.0,3026.0,2945.0,6620.0,7327.0,4791.0,4607.0,3866.0,4012.0,3786.0,4132.0,4853.0,6624.0,1949.0,1328.0,942.0,642.0,728.0,781.0,572.0,407.0,227.0,292.0,141.0,101.0,78.0,81.0,96.0,143.0,77.0,43.0,51.0,68.0,321.0,244.0,184.0,138.0,139.0,563.0,334.0,230.0,145.0,133.0,9803463.0,312970.0,31324.0,8869001.0,253719.0,34956.0,11985209.0,483469.0,24790.0,9437427.0,360221.0,26199.0,10386760.0,330137.0,31462.0,10858945.0,309222.0,35117.0,14782003.0,472118.0,31310.0,12610012.0,360925.0,34938.0,10665402.0,359213.0,29691.0,9252481.0,278891.0,33176.0,0.0,0.0,8269.25,10327.75,0.0,0.0,0.0,0.0,0.0,0.0,0.0,0.0,0.0,0.0,0.0,0.0,4336.75,3678.0,0.0,0.0,0.0,0.0,322.75,1531.75,0.0,0.0,0.0,0.0,0.0,0.0,0.0,0.0,0.0,0.0,0.0,0.0,1241.75,1681.5,0.0,0.0,0.0,0.0,66.75,730.25,0.0,0.0,0.0,0.0,0.0,0.0,0.0,0.0,0.0,0.0,0.0,0.0,731.25,2022.5,0.0,0.0,0.0,0.0,7.75,103.25,0.0,0.0,0.0,0.0,0.0,0.0,0.0,0.0,0.0,0.0,0.0,0.0,127.75,465.0,0.0,0.0
Østerbro,2021,239.0,232.0,263.0,205.0,338.0,343.0,154.0,144.0,72.0,75.0,,,,,188.0,195.0,53.0,42.0,57.0,65.0,47.0,48.0,32.0,30.0,,,,,96.0,111.0,95.0,87.0,393.0,570.0,812.0,940.0,479.0,649.0,430.0,439.0,442.0,411.0,86.0,87.0,91.0,124.0,915.0,1207.0,1062.0,1184.0,579.0,564.0,370.0,313.0,421.0,553.0,3537.0,3266.0,3088.0,2953.0,6747.0,7491.0,4771.0,4573.0,3769.0,3872.0,3819.0,4203.0,4968.0,6680.0,1916.0,1284.0,823.0,573.0,510.0,839.0,565.0,308.0,211.0,177.0,141.0,96.0,95.0,62.0,77.0,117.0,87.0,56.0,54.0,43.0,300.0,200.0,163.0,108.0,107.0,519.0,336.0,201.0,138.0,106.0,10678204.0,339886.0,31417.0,9370624.0,267763.0,34996.0,12789334.0,502114.0,25471.0,9917004.0,369610.0,26831.0,11249395.0,355566.0,31638.0,11631290.0,330425.0,35201.0,16080059.0,512136.0,31398.0,13274829.0,379443.0,34985.0,11349249.0,383252.0,29613.0,9679738.0,292174.0,33130.0,0.0,0.0,8457.0,10535.75,0.0,0.0,0.0,0.0,0.0,0.0,0.0,0.0,0.0,0.0,0.0,0.0,4475.5,3672.25,0.0,0.0,0.0,0.0,320.75,1510.75,0.0,0.0,0.0,0.0,0.0,0.0,0.0,0.0,0.0,0.0,0.0,0.0,1253.25,1655.75,0.0,0.0,0.0,0.0,66.0,718.0,0.0,0.0,0.0,0.0,0.0,0.0,0.0,0.0,0.0,0.0,0.0,0.0,749.75,1980.5,0.0,0.0,0.0,0.0,7.5,103.5,0.0,0.0,0.0,0.0,0.0,0.0,0.0,0.0,0.0,0.0,0.0,0.0,127.75,454.75,0.0,0.0
Østerbro,2022,227.0,223.0,253.0,193.0,346.0,360.0,168.0,169.0,77.0,77.0,,,,,189.0,203.0,58.0,43.0,59.0,74.0,49.0,47.0,34.0,33.0,,,,,88.0,85.0,110.0,98.0,361.0,506.0,845.0,988.0,524.0,674.0,441.0,450.0,466.0,460.0,89.0,77.0,95.0,135.0,899.0,1198.0,1122.0,1165.0,597.0,610.0,376.0,326.0,425.0,553.0,3375.0,3192.0,3067.0,2925.0,6763.0,7446.0,4640.0,4491.0,3591.0,3601.0,3911.0,4330.0,5094.0,6780.0,2119.0,1124.0,631.0,305.0,269.0,946.0,520.0,258.0,120.0,86.0,142.0,82.0,69.0,34.0,43.0,132.0,50.0,36.0,27.0,27.0,335.0,174.0,115.0,47.0,51.0,564.0,298.0,153.0,77.0,62.0,10165032.0,318963.0,31869.0,9319188.0,264187.0,35275.0,12917662.0,496585.0,26013.0,10278499.0,377608.0,27220.0,10862058.0,339376.0,32006.0,11388010.0,321822.0,35386.0,15397748.0,483340.0,31857.0,13304558.0,377231.0,35269.0,11158501.0,372795.0,29932.0,9682287.0,290559.0,33323.0,0.0,0.0,8712.0,10802.5,0.0,0.0,0.0,0.0,0.0,0.0,0.0,0.0,0.0,0.0,0.0,0.0,4453.0,3697.0,0.0,0.0,0.0,0.0,327.25,1527.5,0.0,0.0,0.0,0.0,0.0,0.0,0.0,0.0,0.0,0.0,0.0,0.0,1226.25,1626.5,0.0,0.0,0.0,0.0,65.5,704.25,0.0,0.0,0.0,0.0,0.0,0.0,0.0,0.0,0.0,0.0,0.0,0.0,718.0,1973.25,0.0,0.0,0.0,0.0,10.0,102.5,0.0,0.0,0.0,0.0,0.0,0.0,0.0,0.0,0.0,0.0,0.0,0.0,132.25,447.25,0.0,0.0
Østerbro,2023,212.0,205.0,228.0,190.0,382.0,364.0,194.0,187.0,81.0,77.0,,,,,214.0,189.0,60.0,56.0,63.0,58.0,47.0,46.0,29.0,33.0,,,,,107.0,118.0,135.0,137.0,373.0,512.0,866.0,1027.0,541.0,733.0,431.0,471.0,513.0,499.0,91.0,83.0,103.0,124.0,895.0,1249.0,1156.0,1170.0,608.0,616.0,383.0,343.0,444.0,562.0,3269.0,3176.0,3061.0,2889.0,6839.0,7529.0,4725.0,4579.0,3357.0,3370.0,3969.0,4367.0,5249.0,6916.0,1912.0,1181.0,701.0,371.0,300.0,842.0,538.0,292.0,153.0,123.0,117.0,89.0,56.0,31.0,38.0,120.0,80.0,57.0,33.0,22.0,319.0,186.0,101.0,60.0,47.0,514.0,288.0,195.0,94.0,70.0,11148419.0,349809.0,31870.0,10040572.0,284548.0,35286.0,13788850.0,520688.0,26482.0,11007108.0,397727.0,27675.0,11859147.0,370633.0,31997.0,12399975.0,349965.0,35432.0,17172086.0,539850.0,31809.0,14609458.0,414535.0,35243.0,11893598.0,386394.0,30781.0,10295783.0,300379.0,34276.0,0.0,0.0,8729.25,10785.25,0.0,0.0,0.0,0.0,0.0,0.0,0.0,0.0,0.0,0.0,0.0,0.0,4502.0,3745.0,0.0,0.0,0.0,0.0,342.75,1519.5,0.0,0.0,0.0,0.0,0.0,0.0,0.0,0.0,0.0,0.0,0.0,0.0,1236.25,1650.5,0.0,0.0,0.0,0.0,63.25,692.75,0.0,0.0,0.0,0.0,0.0,0.0,0.0,0.0,0.0,0.0,0.0,0.0,725.5,1997.0,0.0,0.0,0.0,0.0,10.75,103.0,0.0,0.0,0.0,0.0,0.0,0.0,0.0,0.0,0.0,0.0,0.0,0.0,120.5,452.0,0.0,0.0
Østerbro,2024,202.0,206.0,221.0,175.0,383.0,400.0,217.0,197.0,77.0,80.0,,,,,236.0,217.0,77.0,58.0,54.0,49.0,46.0,51.0,30.0,33.0,,,,,102.0,105.0,147.0,125.0,360.0,501.0,858.0,963.0,547.0,759.0,435.0,508.0,538.0,532.0,101.0,84.0,93.0,121.0,889.0,1216.0,1175.0,1257.0,650.0,664.0,387.0,347.0,468.0,580.0,3257.0,3134.0,3122.0,2890.0,6894.0,7603.0,4855.0,4612.0,3204.0,3230.0,3992.0,4384.0,5379.0,7074.0,,,,,,,,,,,,,,,,,,,,,,,,,,,,,,,12425420.0,385344.0,32245.0,10869290.0,305403.0,35590.0,14792157.0,553392.0,26730.0,11795209.0,423025.0,27883.0,13217719.0,408711.0,32340.0,13621487.0,381405.0,35714.0,18936258.0,587918.0,32209.0,15749048.0,442936.0,35556.0,12823160.0,410972.0,31202.0,11103509.0,320911.0,34600.0,0.0,0.0,8717.0,10772.0,0.0,0.0,0.0,0.0,0.0,0.0,0.0,0.0,0.0,0.0,0.0,0.0,4635.75,3837.5,0.0,0.0,0.0,0.0,351.5,1520.0,0.0,0.0,0.0,0.0,0.0,0.0,0.0,0.0,0.0,0.0,0.0,0.0,1194.0,1685.0,0.0,0.0,0.0,0.0,73.0,697.25,0.0,0.0,0.0,0.0,0.0,0.0,0.0,0.0,0.0,0.0,0.0,0.0,726.75,2026.5,0.0,0.0,0.0,0.0,11.5,109.25,0.0,0.0,0.0,0.0,0.0,0.0,0.0,0.0,0.0,0.0,0.0,0.0,117.25,468.25,0.0,0.0
Østerbro,2025,205.0,200.0,204.0,172.0,344.0,375.0,242.0,213.0,87.0,84.0,13.0,12.0,3.0,5.0,260.0,222.0,76.0,65.0,62.0,51.0,52.0,53.0,29.0,30.0,26.0,25.0,24.0,20.0,88.0,89.0,161.0,138.0,346.0,463.0,776.0,906.0,555.0,759.0,446.0,540.0,550.0,564.0,90.0,77.0,100.0,130.0,849.0,1210.0,1264.0,1249.0,657.0,700.0,405.0,342.0,479.0,572.0,3218.0,3082.0,3053.0,2773.0,6870.0,7568.0,4992.0,4720.0,3034.0,3087.0,3971.0,4322.0,5549.0,7291.0,,,,,,,,,,,,,,,,,,,,,,,,,,,,,,,,,,,,,,,,,,,,,,,,,,,,,,,,,,,,,,,,,,,,,,,,,,,,,,,,,,,,,,,,,,,,,,,,,,,,,,,,,,,,,,,,,,,,,,,,,,,,,,,,,,,,,,,,,,,,
