education,unemployment_degree,district,year,value
Highest education completed total,"[0-0,2]",Amager Vest,2008,1769.0
Highest education completed total,"[0-0,2]",Amager Vest,2009,1792.0
Highest education completed total,"[0-0,2]",Amager Vest,2010,1814.0
Highest education completed total,"[0-0,2]",Amager Vest,2011,1891.0
Highest education completed total,"[0-0,2]",Amager Vest,2012,1949.0
Highest education completed total,"[0-0,2]",Amager Vest,2013,2113.0
Highest education completed total,"[0-0,2]",Amager Vest,2014,1831.0
Highest education completed total,"[0-0,2]",Amager Vest,2015,2044.0
Highest education completed total,"[0-0,2]",Amager Vest,2016,1968.0
Highest education completed total,"[0-0,2]",Amager Vest,2017,2082.0
Highest education completed total,"[0-0,2]",Amager Vest,2018,1954.0
Highest education completed total,"[0-0,2]",Amager Vest,2019,1958.0
Highest education completed total,"[0-0,2]",Amager Vest,2020,2139.0
Highest education completed total,"[0-0,2]",Amager Vest,2021,2063.0
Highest education completed total,"[0-0,2]",Amager Vest,2022,2271.0
Highest education completed total,"[0-0,2]",Amager Vest,2023,1997.0
Highest education completed total,"[0-0,2]",Amager Øst,2008,1698.0
Highest education completed total,"[0-0,2]",Amager Øst,2009,1721.0
Highest education completed total,"[0-0,2]",Amager Øst,2010,1895.0
Highest education completed total,"[0-0,2]",Amager Øst,2011,1864.0
Highest education completed total,"[0-0,2]",Amager Øst,2012,1995.0
Highest education completed total,"[0-0,2]",Amager Øst,2013,1987.0
Highest education completed total,"[0-0,2]",Amager Øst,2014,1840.0
Highest education completed total,"[0-0,2]",Amager Øst,2015,1979.0
Highest education completed total,"[0-0,2]",Amager Øst,2016,1901.0
Highest education completed total,"[0-0,2]",Amager Øst,2017,1967.0
Highest education completed total,"[0-0,2]",Amager Øst,2018,1736.0
Highest education completed total,"[0-0,2]",Amager Øst,2019,1678.0
Highest education completed total,"[0-0,2]",Amager Øst,2020,1922.0
Highest education completed total,"[0-0,2]",Amager Øst,2021,1779.0
Highest education completed total,"[0-0,2]",Amager Øst,2022,1946.0
Highest education completed total,"[0-0,2]",Amager Øst,2023,1740.0
Highest education completed total,"[0-0,2]",Bispebjerg,2008,1740.0
Highest education completed total,"[0-0,2]",Bispebjerg,2009,1861.0
Highest education completed total,"[0-0,2]",Bispebjerg,2010,1892.0
Highest education completed total,"[0-0,2]",Bispebjerg,2011,2103.0
Highest education completed total,"[0-0,2]",Bispebjerg,2012,2023.0
Highest education completed total,"[0-0,2]",Bispebjerg,2013,2073.0
Highest education completed total,"[0-0,2]",Bispebjerg,2014,1896.0
Highest education completed total,"[0-0,2]",Bispebjerg,2015,2090.0
Highest education completed total,"[0-0,2]",Bispebjerg,2016,2205.0
Highest education completed total,"[0-0,2]",Bispebjerg,2017,2131.0
Highest education completed total,"[0-0,2]",Bispebjerg,2018,1977.0
Highest education completed total,"[0-0,2]",Bispebjerg,2019,1900.0
Highest education completed total,"[0-0,2]",Bispebjerg,2020,1928.0
Highest education completed total,"[0-0,2]",Bispebjerg,2021,1880.0
Highest education completed total,"[0-0,2]",Bispebjerg,2022,2018.0
Highest education completed total,"[0-0,2]",Bispebjerg,2023,1960.0
Highest education completed total,"[0-0,2]",Brønshøj-Husum,2008,1115.0
Highest education completed total,"[0-0,2]",Brønshøj-Husum,2009,1154.0
Highest education completed total,"[0-0,2]",Brønshøj-Husum,2010,1098.0
Highest education completed total,"[0-0,2]",Brønshøj-Husum,2011,1141.0
Highest education completed total,"[0-0,2]",Brønshøj-Husum,2012,1200.0
Highest education completed total,"[0-0,2]",Brønshøj-Husum,2013,1203.0
Highest education completed total,"[0-0,2]",Brønshøj-Husum,2014,1080.0
Highest education completed total,"[0-0,2]",Brønshøj-Husum,2015,1176.0
Highest education completed total,"[0-0,2]",Brønshøj-Husum,2016,1157.0
Highest education completed total,"[0-0,2]",Brønshøj-Husum,2017,1127.0
Highest education completed total,"[0-0,2]",Brønshøj-Husum,2018,1051.0
Highest education completed total,"[0-0,2]",Brønshøj-Husum,2019,951.0
Highest education completed total,"[0-0,2]",Brønshøj-Husum,2020,1034.0
Highest education completed total,"[0-0,2]",Brønshøj-Husum,2021,934.0
Highest education completed total,"[0-0,2]",Brønshøj-Husum,2022,1063.0
Highest education completed total,"[0-0,2]",Brønshøj-Husum,2023,975.0
Highest education completed total,"[0-0,2]",Indre By,2008,1241.0
Highest education completed total,"[0-0,2]",Indre By,2009,1199.0
Highest education completed total,"[0-0,2]",Indre By,2010,1206.0
Highest education completed total,"[0-0,2]",Indre By,2011,1358.0
Highest education completed total,"[0-0,2]",Indre By,2012,1250.0
Highest education completed total,"[0-0,2]",Indre By,2013,1340.0
Highest education completed total,"[0-0,2]",Indre By,2014,1235.0
Highest education completed total,"[0-0,2]",Indre By,2015,1416.0
Highest education completed total,"[0-0,2]",Indre By,2016,1408.0
Highest education completed total,"[0-0,2]",Indre By,2017,1463.0
Highest education completed total,"[0-0,2]",Indre By,2018,1207.0
Highest education completed total,"[0-0,2]",Indre By,2019,1203.0
Highest education completed total,"[0-0,2]",Indre By,2020,1193.0
Highest education completed total,"[0-0,2]",Indre By,2021,1207.0
Highest education completed total,"[0-0,2]",Indre By,2022,1306.0
Highest education completed total,"[0-0,2]",Indre By,2023,1236.0
Highest education completed total,"[0-0,2]",Nørrebro,2008,2765.0
Highest education completed total,"[0-0,2]",Nørrebro,2009,2901.0
Highest education completed total,"[0-0,2]",Nørrebro,2010,2962.0
Highest education completed total,"[0-0,2]",Nørrebro,2011,3102.0
Highest education completed total,"[0-0,2]",Nørrebro,2012,3134.0
Highest education completed total,"[0-0,2]",Nørrebro,2013,3260.0
Highest education completed total,"[0-0,2]",Nørrebro,2014,3008.0
Highest education completed total,"[0-0,2]",Nørrebro,2015,3366.0
Highest education completed total,"[0-0,2]",Nørrebro,2016,3290.0
Highest education completed total,"[0-0,2]",Nørrebro,2017,3480.0
Highest education completed total,"[0-0,2]",Nørrebro,2018,3005.0
Highest education completed total,"[0-0,2]",Nørrebro,2019,2834.0
Highest education completed total,"[0-0,2]",Nørrebro,2020,2845.0
Highest education completed total,"[0-0,2]",Nørrebro,2021,2677.0
Highest education completed total,"[0-0,2]",Nørrebro,2022,3002.0
Highest education completed total,"[0-0,2]",Nørrebro,2023,2830.0
Highest education completed total,"[0-0,2]",Valby,2008,1429.0
Highest education completed total,"[0-0,2]",Valby,2009,1547.0
Highest education completed total,"[0-0,2]",Valby,2010,1632.0
Highest education completed total,"[0-0,2]",Valby,2011,1662.0
Highest education completed total,"[0-0,2]",Valby,2012,1684.0
Highest education completed total,"[0-0,2]",Valby,2013,1828.0
Highest education completed total,"[0-0,2]",Valby,2014,1626.0
Highest education completed total,"[0-0,2]",Valby,2015,1715.0
Highest education completed total,"[0-0,2]",Valby,2016,1674.0
Highest education completed total,"[0-0,2]",Valby,2017,1847.0
Highest education completed total,"[0-0,2]",Valby,2018,1628.0
Highest education completed total,"[0-0,2]",Valby,2019,1714.0
Highest education completed total,"[0-0,2]",Valby,2020,1820.0
Highest education completed total,"[0-0,2]",Valby,2021,1775.0
Highest education completed total,"[0-0,2]",Valby,2022,2108.0
Highest education completed total,"[0-0,2]",Valby,2023,1874.0
Highest education completed total,"[0-0,2]",Vanløse,2008,888.0
Highest education completed total,"[0-0,2]",Vanløse,2009,1002.0
Highest education completed total,"[0-0,2]",Vanløse,2010,1089.0
Highest education completed total,"[0-0,2]",Vanløse,2011,1113.0
Highest education completed total,"[0-0,2]",Vanløse,2012,1196.0
Highest education completed total,"[0-0,2]",Vanløse,2013,1213.0
Highest education completed total,"[0-0,2]",Vanløse,2014,1103.0
Highest education completed total,"[0-0,2]",Vanløse,2015,1213.0
Highest education completed total,"[0-0,2]",Vanløse,2016,1119.0
Highest education completed total,"[0-0,2]",Vanløse,2017,1194.0
Highest education completed total,"[0-0,2]",Vanløse,2018,1039.0
Highest education completed total,"[0-0,2]",Vanløse,2019,1144.0
Highest education completed total,"[0-0,2]",Vanløse,2020,1063.0
Highest education completed total,"[0-0,2]",Vanløse,2021,960.0
Highest education completed total,"[0-0,2]",Vanløse,2022,1089.0
Highest education completed total,"[0-0,2]",Vanløse,2023,929.0
Highest education completed total,"[0-0,2]",Vesterbro/Kongens Enghave,2008,2250.0
Highest education completed total,"[0-0,2]",Vesterbro/Kongens Enghave,2009,2253.0
Highest education completed total,"[0-0,2]",Vesterbro/Kongens Enghave,2010,2372.0
Highest education completed total,"[0-0,2]",Vesterbro/Kongens Enghave,2011,2369.0
Highest education completed total,"[0-0,2]",Vesterbro/Kongens Enghave,2012,2268.0
Highest education completed total,"[0-0,2]",Vesterbro/Kongens Enghave,2013,2331.0
Highest education completed total,"[0-0,2]",Vesterbro/Kongens Enghave,2014,2253.0
Highest education completed total,"[0-0,2]",Vesterbro/Kongens Enghave,2015,2442.0
Highest education completed total,"[0-0,2]",Vesterbro/Kongens Enghave,2016,2417.0
Highest education completed total,"[0-0,2]",Vesterbro/Kongens Enghave,2017,2561.0
Highest education completed total,"[0-0,2]",Vesterbro/Kongens Enghave,2018,2292.0
Highest education completed total,"[0-0,2]",Vesterbro/Kongens Enghave,2019,2178.0
Highest education completed total,"[0-0,2]",Vesterbro/Kongens Enghave,2020,2391.0
Highest education completed total,"[0-0,2]",Vesterbro/Kongens Enghave,2021,2305.0
Highest education completed total,"[0-0,2]",Vesterbro/Kongens Enghave,2022,2590.0
Highest education completed total,"[0-0,2]",Vesterbro/Kongens Enghave,2023,2480.0
Highest education completed total,"[0-0,2]",Østerbro,2008,1969.0
Highest education completed total,"[0-0,2]",Østerbro,2009,2028.0
Highest education completed total,"[0-0,2]",Østerbro,2010,2122.0
Highest education completed total,"[0-0,2]",Østerbro,2011,2156.0
Highest education completed total,"[0-0,2]",Østerbro,2012,2106.0
Highest education completed total,"[0-0,2]",Østerbro,2013,2134.0
Highest education completed total,"[0-0,2]",Østerbro,2014,2109.0
Highest education completed total,"[0-0,2]",Østerbro,2015,2300.0
Highest education completed total,"[0-0,2]",Østerbro,2016,2293.0
Highest education completed total,"[0-0,2]",Østerbro,2017,2390.0
Highest education completed total,"[0-0,2]",Østerbro,2018,1958.0
Highest education completed total,"[0-0,2]",Østerbro,2019,1949.0
Highest education completed total,"[0-0,2]",Østerbro,2020,1949.0
Highest education completed total,"[0-0,2]",Østerbro,2021,1916.0
Highest education completed total,"[0-0,2]",Østerbro,2022,2119.0
Highest education completed total,"[0-0,2]",Østerbro,2023,1912.0
Highest education completed total,"]0,2-0,4]",Amager Vest,2008,899.0
Highest education completed total,"]0,2-0,4]",Amager Vest,2009,1139.0
Highest education completed total,"]0,2-0,4]",Amager Vest,2010,1211.0
Highest education completed total,"]0,2-0,4]",Amager Vest,2011,1241.0
Highest education completed total,"]0,2-0,4]",Amager Vest,2012,1285.0
Highest education completed total,"]0,2-0,4]",Amager Vest,2013,1269.0
Highest education completed total,"]0,2-0,4]",Amager Vest,2014,1167.0
Highest education completed total,"]0,2-0,4]",Amager Vest,2015,1180.0
Highest education completed total,"]0,2-0,4]",Amager Vest,2016,1184.0
Highest education completed total,"]0,2-0,4]",Amager Vest,2017,1213.0
Highest education completed total,"]0,2-0,4]",Amager Vest,2018,1250.0
Highest education completed total,"]0,2-0,4]",Amager Vest,2019,1230.0
Highest education completed total,"]0,2-0,4]",Amager Vest,2020,1430.0
Highest education completed total,"]0,2-0,4]",Amager Vest,2021,1553.0
Highest education completed total,"]0,2-0,4]",Amager Vest,2022,1339.0
Highest education completed total,"]0,2-0,4]",Amager Vest,2023,1289.0
Highest education completed total,"]0,2-0,4]",Amager Øst,2008,786.0
Highest education completed total,"]0,2-0,4]",Amager Øst,2009,1108.0
Highest education completed total,"]0,2-0,4]",Amager Øst,2010,1192.0
Highest education completed total,"]0,2-0,4]",Amager Øst,2011,1235.0
Highest education completed total,"]0,2-0,4]",Amager Øst,2012,1256.0
Highest education completed total,"]0,2-0,4]",Amager Øst,2013,1280.0
Highest education completed total,"]0,2-0,4]",Amager Øst,2014,1137.0
Highest education completed total,"]0,2-0,4]",Amager Øst,2015,1146.0
Highest education completed total,"]0,2-0,4]",Amager Øst,2016,1145.0
Highest education completed total,"]0,2-0,4]",Amager Øst,2017,1083.0
Highest education completed total,"]0,2-0,4]",Amager Øst,2018,1160.0
Highest education completed total,"]0,2-0,4]",Amager Øst,2019,1110.0
Highest education completed total,"]0,2-0,4]",Amager Øst,2020,1257.0
Highest education completed total,"]0,2-0,4]",Amager Øst,2021,1229.0
Highest education completed total,"]0,2-0,4]",Amager Øst,2022,1047.0
Highest education completed total,"]0,2-0,4]",Amager Øst,2023,1110.0
Highest education completed total,"]0,2-0,4]",Bispebjerg,2008,976.0
Highest education completed total,"]0,2-0,4]",Bispebjerg,2009,1211.0
Highest education completed total,"]0,2-0,4]",Bispebjerg,2010,1251.0
Highest education completed total,"]0,2-0,4]",Bispebjerg,2011,1356.0
Highest education completed total,"]0,2-0,4]",Bispebjerg,2012,1374.0
Highest education completed total,"]0,2-0,4]",Bispebjerg,2013,1371.0
Highest education completed total,"]0,2-0,4]",Bispebjerg,2014,1233.0
Highest education completed total,"]0,2-0,4]",Bispebjerg,2015,1207.0
Highest education completed total,"]0,2-0,4]",Bispebjerg,2016,1320.0
Highest education completed total,"]0,2-0,4]",Bispebjerg,2017,1243.0
Highest education completed total,"]0,2-0,4]",Bispebjerg,2018,1258.0
Highest education completed total,"]0,2-0,4]",Bispebjerg,2019,1265.0
Highest education completed total,"]0,2-0,4]",Bispebjerg,2020,1326.0
Highest education completed total,"]0,2-0,4]",Bispebjerg,2021,1252.0
Highest education completed total,"]0,2-0,4]",Bispebjerg,2022,1239.0
Highest education completed total,"]0,2-0,4]",Bispebjerg,2023,1196.0
Highest education completed total,"]0,2-0,4]",Brønshøj-Husum,2008,612.0
Highest education completed total,"]0,2-0,4]",Brønshøj-Husum,2009,766.0
Highest education completed total,"]0,2-0,4]",Brønshøj-Husum,2010,843.0
Highest education completed total,"]0,2-0,4]",Brønshøj-Husum,2011,809.0
Highest education completed total,"]0,2-0,4]",Brønshøj-Husum,2012,799.0
Highest education completed total,"]0,2-0,4]",Brønshøj-Husum,2013,830.0
Highest education completed total,"]0,2-0,4]",Brønshøj-Husum,2014,711.0
Highest education completed total,"]0,2-0,4]",Brønshøj-Husum,2015,731.0
Highest education completed total,"]0,2-0,4]",Brønshøj-Husum,2016,727.0
Highest education completed total,"]0,2-0,4]",Brønshøj-Husum,2017,636.0
Highest education completed total,"]0,2-0,4]",Brønshøj-Husum,2018,722.0
Highest education completed total,"]0,2-0,4]",Brønshøj-Husum,2019,697.0
Highest education completed total,"]0,2-0,4]",Brønshøj-Husum,2020,708.0
Highest education completed total,"]0,2-0,4]",Brønshøj-Husum,2021,689.0
Highest education completed total,"]0,2-0,4]",Brønshøj-Husum,2022,638.0
Highest education completed total,"]0,2-0,4]",Brønshøj-Husum,2023,643.0
Highest education completed total,"]0,2-0,4]",Indre By,2008,681.0
Highest education completed total,"]0,2-0,4]",Indre By,2009,831.0
Highest education completed total,"]0,2-0,4]",Indre By,2010,870.0
Highest education completed total,"]0,2-0,4]",Indre By,2011,850.0
Highest education completed total,"]0,2-0,4]",Indre By,2012,807.0
Highest education completed total,"]0,2-0,4]",Indre By,2013,869.0
Highest education completed total,"]0,2-0,4]",Indre By,2014,835.0
Highest education completed total,"]0,2-0,4]",Indre By,2015,852.0
Highest education completed total,"]0,2-0,4]",Indre By,2016,866.0
Highest education completed total,"]0,2-0,4]",Indre By,2017,827.0
Highest education completed total,"]0,2-0,4]",Indre By,2018,843.0
Highest education completed total,"]0,2-0,4]",Indre By,2019,797.0
Highest education completed total,"]0,2-0,4]",Indre By,2020,871.0
Highest education completed total,"]0,2-0,4]",Indre By,2021,818.0
Highest education completed total,"]0,2-0,4]",Indre By,2022,830.0
Highest education completed total,"]0,2-0,4]",Indre By,2023,820.0
Highest education completed total,"]0,2-0,4]",Nørrebro,2008,1540.0
Highest education completed total,"]0,2-0,4]",Nørrebro,2009,1741.0
Highest education completed total,"]0,2-0,4]",Nørrebro,2010,1963.0
Highest education completed total,"]0,2-0,4]",Nørrebro,2011,2000.0
Highest education completed total,"]0,2-0,4]",Nørrebro,2012,2001.0
Highest education completed total,"]0,2-0,4]",Nørrebro,2013,2111.0
Highest education completed total,"]0,2-0,4]",Nørrebro,2014,1927.0
Highest education completed total,"]0,2-0,4]",Nørrebro,2015,2038.0
Highest education completed total,"]0,2-0,4]",Nørrebro,2016,2045.0
Highest education completed total,"]0,2-0,4]",Nørrebro,2017,2129.0
Highest education completed total,"]0,2-0,4]",Nørrebro,2018,1920.0
Highest education completed total,"]0,2-0,4]",Nørrebro,2019,1884.0
Highest education completed total,"]0,2-0,4]",Nørrebro,2020,1966.0
Highest education completed total,"]0,2-0,4]",Nørrebro,2021,1924.0
Highest education completed total,"]0,2-0,4]",Nørrebro,2022,1783.0
Highest education completed total,"]0,2-0,4]",Nørrebro,2023,1834.0
Highest education completed total,"]0,2-0,4]",Valby,2008,759.0
Highest education completed total,"]0,2-0,4]",Valby,2009,947.0
Highest education completed total,"]0,2-0,4]",Valby,2010,1104.0
Highest education completed total,"]0,2-0,4]",Valby,2011,1048.0
Highest education completed total,"]0,2-0,4]",Valby,2012,1063.0
Highest education completed total,"]0,2-0,4]",Valby,2013,1119.0
Highest education completed total,"]0,2-0,4]",Valby,2014,983.0
Highest education completed total,"]0,2-0,4]",Valby,2015,975.0
Highest education completed total,"]0,2-0,4]",Valby,2016,1043.0
Highest education completed total,"]0,2-0,4]",Valby,2017,1051.0
Highest education completed total,"]0,2-0,4]",Valby,2018,1026.0
Highest education completed total,"]0,2-0,4]",Valby,2019,1039.0
Highest education completed total,"]0,2-0,4]",Valby,2020,1050.0
Highest education completed total,"]0,2-0,4]",Valby,2021,1228.0
Highest education completed total,"]0,2-0,4]",Valby,2022,1121.0
Highest education completed total,"]0,2-0,4]",Valby,2023,1131.0
Highest education completed total,"]0,2-0,4]",Vanløse,2008,471.0
Highest education completed total,"]0,2-0,4]",Vanløse,2009,615.0
Highest education completed total,"]0,2-0,4]",Vanløse,2010,682.0
Highest education completed total,"]0,2-0,4]",Vanløse,2011,718.0
Highest education completed total,"]0,2-0,4]",Vanløse,2012,739.0
Highest education completed total,"]0,2-0,4]",Vanløse,2013,748.0
Highest education completed total,"]0,2-0,4]",Vanløse,2014,636.0
Highest education completed total,"]0,2-0,4]",Vanløse,2015,652.0
Highest education completed total,"]0,2-0,4]",Vanløse,2016,617.0
Highest education completed total,"]0,2-0,4]",Vanløse,2017,631.0
Highest education completed total,"]0,2-0,4]",Vanløse,2018,685.0
Highest education completed total,"]0,2-0,4]",Vanløse,2019,653.0
Highest education completed total,"]0,2-0,4]",Vanløse,2020,670.0
Highest education completed total,"]0,2-0,4]",Vanløse,2021,654.0
Highest education completed total,"]0,2-0,4]",Vanløse,2022,601.0
Highest education completed total,"]0,2-0,4]",Vanløse,2023,617.0
Highest education completed total,"]0,2-0,4]",Vesterbro/Kongens Enghave,2008,1308.0
Highest education completed total,"]0,2-0,4]",Vesterbro/Kongens Enghave,2009,1462.0
Highest education completed total,"]0,2-0,4]",Vesterbro/Kongens Enghave,2010,1509.0
Highest education completed total,"]0,2-0,4]",Vesterbro/Kongens Enghave,2011,1529.0
Highest education completed total,"]0,2-0,4]",Vesterbro/Kongens Enghave,2012,1520.0
Highest education completed total,"]0,2-0,4]",Vesterbro/Kongens Enghave,2013,1572.0
Highest education completed total,"]0,2-0,4]",Vesterbro/Kongens Enghave,2014,1444.0
Highest education completed total,"]0,2-0,4]",Vesterbro/Kongens Enghave,2015,1449.0
Highest education completed total,"]0,2-0,4]",Vesterbro/Kongens Enghave,2016,1502.0
Highest education completed total,"]0,2-0,4]",Vesterbro/Kongens Enghave,2017,1500.0
Highest education completed total,"]0,2-0,4]",Vesterbro/Kongens Enghave,2018,1471.0
Highest education completed total,"]0,2-0,4]",Vesterbro/Kongens Enghave,2019,1544.0
Highest education completed total,"]0,2-0,4]",Vesterbro/Kongens Enghave,2020,1605.0
Highest education completed total,"]0,2-0,4]",Vesterbro/Kongens Enghave,2021,1614.0
Highest education completed total,"]0,2-0,4]",Vesterbro/Kongens Enghave,2022,1482.0
Highest education completed total,"]0,2-0,4]",Vesterbro/Kongens Enghave,2023,1538.0
Highest education completed total,"]0,2-0,4]",Østerbro,2008,1019.0
Highest education completed total,"]0,2-0,4]",Østerbro,2009,1285.0
Highest education completed total,"]0,2-0,4]",Østerbro,2010,1332.0
Highest education completed total,"]0,2-0,4]",Østerbro,2011,1357.0
Highest education completed total,"]0,2-0,4]",Østerbro,2012,1314.0
Highest education completed total,"]0,2-0,4]",Østerbro,2013,1363.0
Highest education completed total,"]0,2-0,4]",Østerbro,2014,1322.0
Highest education completed total,"]0,2-0,4]",Østerbro,2015,1321.0
Highest education completed total,"]0,2-0,4]",Østerbro,2016,1378.0
Highest education completed total,"]0,2-0,4]",Østerbro,2017,1312.0
Highest education completed total,"]0,2-0,4]",Østerbro,2018,1224.0
Highest education completed total,"]0,2-0,4]",Østerbro,2019,1192.0
Highest education completed total,"]0,2-0,4]",Østerbro,2020,1328.0
Highest education completed total,"]0,2-0,4]",Østerbro,2021,1284.0
Highest education completed total,"]0,2-0,4]",Østerbro,2022,1124.0
Highest education completed total,"]0,2-0,4]",Østerbro,2023,1181.0
Highest education completed total,"]0,4-0,6]",Amager Vest,2008,505.0
Highest education completed total,"]0,4-0,6]",Amager Vest,2009,752.0
Highest education completed total,"]0,4-0,6]",Amager Vest,2010,825.0
Highest education completed total,"]0,4-0,6]",Amager Vest,2011,933.0
Highest education completed total,"]0,4-0,6]",Amager Vest,2012,858.0
Highest education completed total,"]0,4-0,6]",Amager Vest,2013,872.0
Highest education completed total,"]0,4-0,6]",Amager Vest,2014,842.0
Highest education completed total,"]0,4-0,6]",Amager Vest,2015,836.0
Highest education completed total,"]0,4-0,6]",Amager Vest,2016,782.0
Highest education completed total,"]0,4-0,6]",Amager Vest,2017,815.0
Highest education completed total,"]0,4-0,6]",Amager Vest,2018,779.0
Highest education completed total,"]0,4-0,6]",Amager Vest,2019,890.0
Highest education completed total,"]0,4-0,6]",Amager Vest,2020,1050.0
Highest education completed total,"]0,4-0,6]",Amager Vest,2021,1073.0
Highest education completed total,"]0,4-0,6]",Amager Vest,2022,705.0
Highest education completed total,"]0,4-0,6]",Amager Vest,2023,745.0
Highest education completed total,"]0,4-0,6]",Amager Øst,2008,483.0
Highest education completed total,"]0,4-0,6]",Amager Øst,2009,718.0
Highest education completed total,"]0,4-0,6]",Amager Øst,2010,881.0
Highest education completed total,"]0,4-0,6]",Amager Øst,2011,858.0
Highest education completed total,"]0,4-0,6]",Amager Øst,2012,875.0
Highest education completed total,"]0,4-0,6]",Amager Øst,2013,869.0
Highest education completed total,"]0,4-0,6]",Amager Øst,2014,839.0
Highest education completed total,"]0,4-0,6]",Amager Øst,2015,769.0
Highest education completed total,"]0,4-0,6]",Amager Øst,2016,698.0
Highest education completed total,"]0,4-0,6]",Amager Øst,2017,742.0
Highest education completed total,"]0,4-0,6]",Amager Øst,2018,671.0
Highest education completed total,"]0,4-0,6]",Amager Øst,2019,713.0
Highest education completed total,"]0,4-0,6]",Amager Øst,2020,887.0
Highest education completed total,"]0,4-0,6]",Amager Øst,2021,864.0
Highest education completed total,"]0,4-0,6]",Amager Øst,2022,561.0
Highest education completed total,"]0,4-0,6]",Amager Øst,2023,622.0
Highest education completed total,"]0,4-0,6]",Bispebjerg,2008,565.0
Highest education completed total,"]0,4-0,6]",Bispebjerg,2009,797.0
Highest education completed total,"]0,4-0,6]",Bispebjerg,2010,988.0
Highest education completed total,"]0,4-0,6]",Bispebjerg,2011,910.0
Highest education completed total,"]0,4-0,6]",Bispebjerg,2012,970.0
Highest education completed total,"]0,4-0,6]",Bispebjerg,2013,991.0
Highest education completed total,"]0,4-0,6]",Bispebjerg,2014,874.0
Highest education completed total,"]0,4-0,6]",Bispebjerg,2015,861.0
Highest education completed total,"]0,4-0,6]",Bispebjerg,2016,836.0
Highest education completed total,"]0,4-0,6]",Bispebjerg,2017,794.0
Highest education completed total,"]0,4-0,6]",Bispebjerg,2018,853.0
Highest education completed total,"]0,4-0,6]",Bispebjerg,2019,821.0
Highest education completed total,"]0,4-0,6]",Bispebjerg,2020,934.0
Highest education completed total,"]0,4-0,6]",Bispebjerg,2021,940.0
Highest education completed total,"]0,4-0,6]",Bispebjerg,2022,690.0
Highest education completed total,"]0,4-0,6]",Bispebjerg,2023,730.0
Highest education completed total,"]0,4-0,6]",Brønshøj-Husum,2008,420.0
Highest education completed total,"]0,4-0,6]",Brønshøj-Husum,2009,536.0
Highest education completed total,"]0,4-0,6]",Brønshøj-Husum,2010,628.0
Highest education completed total,"]0,4-0,6]",Brønshøj-Husum,2011,608.0
Highest education completed total,"]0,4-0,6]",Brønshøj-Husum,2012,612.0
Highest education completed total,"]0,4-0,6]",Brønshøj-Husum,2013,663.0
Highest education completed total,"]0,4-0,6]",Brønshøj-Husum,2014,568.0
Highest education completed total,"]0,4-0,6]",Brønshøj-Husum,2015,563.0
Highest education completed total,"]0,4-0,6]",Brønshøj-Husum,2016,491.0
Highest education completed total,"]0,4-0,6]",Brønshøj-Husum,2017,541.0
Highest education completed total,"]0,4-0,6]",Brønshøj-Husum,2018,491.0
Highest education completed total,"]0,4-0,6]",Brønshøj-Husum,2019,460.0
Highest education completed total,"]0,4-0,6]",Brønshøj-Husum,2020,597.0
Highest education completed total,"]0,4-0,6]",Brønshøj-Husum,2021,536.0
Highest education completed total,"]0,4-0,6]",Brønshøj-Husum,2022,380.0
Highest education completed total,"]0,4-0,6]",Brønshøj-Husum,2023,410.0
Highest education completed total,"]0,4-0,6]",Indre By,2008,423.0
Highest education completed total,"]0,4-0,6]",Indre By,2009,561.0
Highest education completed total,"]0,4-0,6]",Indre By,2010,572.0
Highest education completed total,"]0,4-0,6]",Indre By,2011,565.0
Highest education completed total,"]0,4-0,6]",Indre By,2012,598.0
Highest education completed total,"]0,4-0,6]",Indre By,2013,612.0
Highest education completed total,"]0,4-0,6]",Indre By,2014,563.0
Highest education completed total,"]0,4-0,6]",Indre By,2015,561.0
Highest education completed total,"]0,4-0,6]",Indre By,2016,508.0
Highest education completed total,"]0,4-0,6]",Indre By,2017,539.0
Highest education completed total,"]0,4-0,6]",Indre By,2018,481.0
Highest education completed total,"]0,4-0,6]",Indre By,2019,508.0
Highest education completed total,"]0,4-0,6]",Indre By,2020,649.0
Highest education completed total,"]0,4-0,6]",Indre By,2021,571.0
Highest education completed total,"]0,4-0,6]",Indre By,2022,422.0
Highest education completed total,"]0,4-0,6]",Indre By,2023,466.0
Highest education completed total,"]0,4-0,6]",Nørrebro,2008,887.0
Highest education completed total,"]0,4-0,6]",Nørrebro,2009,1247.0
Highest education completed total,"]0,4-0,6]",Nørrebro,2010,1453.0
Highest education completed total,"]0,4-0,6]",Nørrebro,2011,1441.0
Highest education completed total,"]0,4-0,6]",Nørrebro,2012,1535.0
Highest education completed total,"]0,4-0,6]",Nørrebro,2013,1586.0
Highest education completed total,"]0,4-0,6]",Nørrebro,2014,1412.0
Highest education completed total,"]0,4-0,6]",Nørrebro,2015,1412.0
Highest education completed total,"]0,4-0,6]",Nørrebro,2016,1353.0
Highest education completed total,"]0,4-0,6]",Nørrebro,2017,1295.0
Highest education completed total,"]0,4-0,6]",Nørrebro,2018,1180.0
Highest education completed total,"]0,4-0,6]",Nørrebro,2019,1257.0
Highest education completed total,"]0,4-0,6]",Nørrebro,2020,1455.0
Highest education completed total,"]0,4-0,6]",Nørrebro,2021,1306.0
Highest education completed total,"]0,4-0,6]",Nørrebro,2022,968.0
Highest education completed total,"]0,4-0,6]",Nørrebro,2023,1120.0
Highest education completed total,"]0,4-0,6]",Valby,2008,454.0
Highest education completed total,"]0,4-0,6]",Valby,2009,677.0
Highest education completed total,"]0,4-0,6]",Valby,2010,744.0
Highest education completed total,"]0,4-0,6]",Valby,2011,756.0
Highest education completed total,"]0,4-0,6]",Valby,2012,773.0
Highest education completed total,"]0,4-0,6]",Valby,2013,746.0
Highest education completed total,"]0,4-0,6]",Valby,2014,717.0
Highest education completed total,"]0,4-0,6]",Valby,2015,628.0
Highest education completed total,"]0,4-0,6]",Valby,2016,660.0
Highest education completed total,"]0,4-0,6]",Valby,2017,660.0
Highest education completed total,"]0,4-0,6]",Valby,2018,595.0
Highest education completed total,"]0,4-0,6]",Valby,2019,653.0
Highest education completed total,"]0,4-0,6]",Valby,2020,830.0
Highest education completed total,"]0,4-0,6]",Valby,2021,809.0
Highest education completed total,"]0,4-0,6]",Valby,2022,640.0
Highest education completed total,"]0,4-0,6]",Valby,2023,603.0
Highest education completed total,"]0,4-0,6]",Vanløse,2008,251.0
Highest education completed total,"]0,4-0,6]",Vanløse,2009,404.0
Highest education completed total,"]0,4-0,6]",Vanløse,2010,504.0
Highest education completed total,"]0,4-0,6]",Vanløse,2011,475.0
Highest education completed total,"]0,4-0,6]",Vanløse,2012,511.0
Highest education completed total,"]0,4-0,6]",Vanløse,2013,474.0
Highest education completed total,"]0,4-0,6]",Vanløse,2014,446.0
Highest education completed total,"]0,4-0,6]",Vanløse,2015,410.0
Highest education completed total,"]0,4-0,6]",Vanløse,2016,415.0
Highest education completed total,"]0,4-0,6]",Vanløse,2017,394.0
Highest education completed total,"]0,4-0,6]",Vanløse,2018,412.0
Highest education completed total,"]0,4-0,6]",Vanløse,2019,401.0
Highest education completed total,"]0,4-0,6]",Vanløse,2020,494.0
Highest education completed total,"]0,4-0,6]",Vanløse,2021,443.0
Highest education completed total,"]0,4-0,6]",Vanløse,2022,279.0
Highest education completed total,"]0,4-0,6]",Vanløse,2023,297.0
Highest education completed total,"]0,4-0,6]",Vesterbro/Kongens Enghave,2008,750.0
Highest education completed total,"]0,4-0,6]",Vesterbro/Kongens Enghave,2009,996.0
Highest education completed total,"]0,4-0,6]",Vesterbro/Kongens Enghave,2010,1151.0
Highest education completed total,"]0,4-0,6]",Vesterbro/Kongens Enghave,2011,1121.0
Highest education completed total,"]0,4-0,6]",Vesterbro/Kongens Enghave,2012,1135.0
Highest education completed total,"]0,4-0,6]",Vesterbro/Kongens Enghave,2013,1169.0
Highest education completed total,"]0,4-0,6]",Vesterbro/Kongens Enghave,2014,1014.0
Highest education completed total,"]0,4-0,6]",Vesterbro/Kongens Enghave,2015,942.0
Highest education completed total,"]0,4-0,6]",Vesterbro/Kongens Enghave,2016,904.0
Highest education completed total,"]0,4-0,6]",Vesterbro/Kongens Enghave,2017,905.0
Highest education completed total,"]0,4-0,6]",Vesterbro/Kongens Enghave,2018,948.0
Highest education completed total,"]0,4-0,6]",Vesterbro/Kongens Enghave,2019,915.0
Highest education completed total,"]0,4-0,6]",Vesterbro/Kongens Enghave,2020,1224.0
Highest education completed total,"]0,4-0,6]",Vesterbro/Kongens Enghave,2021,1082.0
Highest education completed total,"]0,4-0,6]",Vesterbro/Kongens Enghave,2022,801.0
Highest education completed total,"]0,4-0,6]",Vesterbro/Kongens Enghave,2023,916.0
Highest education completed total,"]0,4-0,6]",Østerbro,2008,583.0
Highest education completed total,"]0,4-0,6]",Østerbro,2009,866.0
Highest education completed total,"]0,4-0,6]",Østerbro,2010,1019.0
Highest education completed total,"]0,4-0,6]",Østerbro,2011,983.0
Highest education completed total,"]0,4-0,6]",Østerbro,2012,962.0
Highest education completed total,"]0,4-0,6]",Østerbro,2013,971.0
Highest education completed total,"]0,4-0,6]",Østerbro,2014,949.0
Highest education completed total,"]0,4-0,6]",Østerbro,2015,899.0
Highest education completed total,"]0,4-0,6]",Østerbro,2016,853.0
Highest education completed total,"]0,4-0,6]",Østerbro,2017,824.0
Highest education completed total,"]0,4-0,6]",Østerbro,2018,773.0
Highest education completed total,"]0,4-0,6]",Østerbro,2019,745.0
Highest education completed total,"]0,4-0,6]",Østerbro,2020,942.0
Highest education completed total,"]0,4-0,6]",Østerbro,2021,823.0
Highest education completed total,"]0,4-0,6]",Østerbro,2022,631.0
Highest education completed total,"]0,4-0,6]",Østerbro,2023,701.0
Highest education completed total,"]0,6-0,8]",Amager Vest,2008,330.0
Highest education completed total,"]0,6-0,8]",Amager Vest,2009,522.0
Highest education completed total,"]0,6-0,8]",Amager Vest,2010,580.0
Highest education completed total,"]0,6-0,8]",Amager Vest,2011,637.0
Highest education completed total,"]0,6-0,8]",Amager Vest,2012,635.0
Highest education completed total,"]0,6-0,8]",Amager Vest,2013,654.0
Highest education completed total,"]0,6-0,8]",Amager Vest,2014,630.0
Highest education completed total,"]0,6-0,8]",Amager Vest,2015,488.0
Highest education completed total,"]0,6-0,8]",Amager Vest,2016,465.0
Highest education completed total,"]0,6-0,8]",Amager Vest,2017,499.0
Highest education completed total,"]0,6-0,8]",Amager Vest,2018,463.0
Highest education completed total,"]0,6-0,8]",Amager Vest,2019,483.0
Highest education completed total,"]0,6-0,8]",Amager Vest,2020,761.0
Highest education completed total,"]0,6-0,8]",Amager Vest,2021,637.0
Highest education completed total,"]0,6-0,8]",Amager Vest,2022,367.0
Highest education completed total,"]0,6-0,8]",Amager Vest,2023,435.0
Highest education completed total,"]0,6-0,8]",Amager Øst,2008,250.0
Highest education completed total,"]0,6-0,8]",Amager Øst,2009,512.0
Highest education completed total,"]0,6-0,8]",Amager Øst,2010,569.0
Highest education completed total,"]0,6-0,8]",Amager Øst,2011,588.0
Highest education completed total,"]0,6-0,8]",Amager Øst,2012,561.0
Highest education completed total,"]0,6-0,8]",Amager Øst,2013,589.0
Highest education completed total,"]0,6-0,8]",Amager Øst,2014,568.0
Highest education completed total,"]0,6-0,8]",Amager Øst,2015,479.0
Highest education completed total,"]0,6-0,8]",Amager Øst,2016,407.0
Highest education completed total,"]0,6-0,8]",Amager Øst,2017,425.0
Highest education completed total,"]0,6-0,8]",Amager Øst,2018,419.0
Highest education completed total,"]0,6-0,8]",Amager Øst,2019,377.0
Highest education completed total,"]0,6-0,8]",Amager Øst,2020,645.0
Highest education completed total,"]0,6-0,8]",Amager Øst,2021,520.0
Highest education completed total,"]0,6-0,8]",Amager Øst,2022,286.0
Highest education completed total,"]0,6-0,8]",Amager Øst,2023,315.0
Highest education completed total,"]0,6-0,8]",Bispebjerg,2008,396.0
Highest education completed total,"]0,6-0,8]",Bispebjerg,2009,559.0
Highest education completed total,"]0,6-0,8]",Bispebjerg,2010,725.0
Highest education completed total,"]0,6-0,8]",Bispebjerg,2011,638.0
Highest education completed total,"]0,6-0,8]",Bispebjerg,2012,716.0
Highest education completed total,"]0,6-0,8]",Bispebjerg,2013,753.0
Highest education completed total,"]0,6-0,8]",Bispebjerg,2014,691.0
Highest education completed total,"]0,6-0,8]",Bispebjerg,2015,575.0
Highest education completed total,"]0,6-0,8]",Bispebjerg,2016,516.0
Highest education completed total,"]0,6-0,8]",Bispebjerg,2017,562.0
Highest education completed total,"]0,6-0,8]",Bispebjerg,2018,493.0
Highest education completed total,"]0,6-0,8]",Bispebjerg,2019,490.0
Highest education completed total,"]0,6-0,8]",Bispebjerg,2020,699.0
Highest education completed total,"]0,6-0,8]",Bispebjerg,2021,593.0
Highest education completed total,"]0,6-0,8]",Bispebjerg,2022,379.0
Highest education completed total,"]0,6-0,8]",Bispebjerg,2023,377.0
Highest education completed total,"]0,6-0,8]",Brønshøj-Husum,2008,273.0
Highest education completed total,"]0,6-0,8]",Brønshøj-Husum,2009,396.0
Highest education completed total,"]0,6-0,8]",Brønshøj-Husum,2010,479.0
Highest education completed total,"]0,6-0,8]",Brønshøj-Husum,2011,463.0
Highest education completed total,"]0,6-0,8]",Brønshøj-Husum,2012,479.0
Highest education completed total,"]0,6-0,8]",Brønshøj-Husum,2013,534.0
Highest education completed total,"]0,6-0,8]",Brønshøj-Husum,2014,436.0
Highest education completed total,"]0,6-0,8]",Brønshøj-Husum,2015,413.0
Highest education completed total,"]0,6-0,8]",Brønshøj-Husum,2016,337.0
Highest education completed total,"]0,6-0,8]",Brønshøj-Husum,2017,360.0
Highest education completed total,"]0,6-0,8]",Brønshøj-Husum,2018,302.0
Highest education completed total,"]0,6-0,8]",Brønshøj-Husum,2019,314.0
Highest education completed total,"]0,6-0,8]",Brønshøj-Husum,2020,443.0
Highest education completed total,"]0,6-0,8]",Brønshøj-Husum,2021,385.0
Highest education completed total,"]0,6-0,8]",Brønshøj-Husum,2022,210.0
Highest education completed total,"]0,6-0,8]",Brønshøj-Husum,2023,210.0
Highest education completed total,"]0,6-0,8]",Indre By,2008,208.0
Highest education completed total,"]0,6-0,8]",Indre By,2009,360.0
Highest education completed total,"]0,6-0,8]",Indre By,2010,406.0
Highest education completed total,"]0,6-0,8]",Indre By,2011,416.0
Highest education completed total,"]0,6-0,8]",Indre By,2012,428.0
Highest education completed total,"]0,6-0,8]",Indre By,2013,402.0
Highest education completed total,"]0,6-0,8]",Indre By,2014,401.0
Highest education completed total,"]0,6-0,8]",Indre By,2015,351.0
Highest education completed total,"]0,6-0,8]",Indre By,2016,279.0
Highest education completed total,"]0,6-0,8]",Indre By,2017,311.0
Highest education completed total,"]0,6-0,8]",Indre By,2018,294.0
Highest education completed total,"]0,6-0,8]",Indre By,2019,316.0
Highest education completed total,"]0,6-0,8]",Indre By,2020,423.0
Highest education completed total,"]0,6-0,8]",Indre By,2021,329.0
Highest education completed total,"]0,6-0,8]",Indre By,2022,216.0
Highest education completed total,"]0,6-0,8]",Indre By,2023,250.0
Highest education completed total,"]0,6-0,8]",Nørrebro,2008,555.0
Highest education completed total,"]0,6-0,8]",Nørrebro,2009,815.0
Highest education completed total,"]0,6-0,8]",Nørrebro,2010,970.0
Highest education completed total,"]0,6-0,8]",Nørrebro,2011,990.0
Highest education completed total,"]0,6-0,8]",Nørrebro,2012,1016.0
Highest education completed total,"]0,6-0,8]",Nørrebro,2013,1044.0
Highest education completed total,"]0,6-0,8]",Nørrebro,2014,928.0
Highest education completed total,"]0,6-0,8]",Nørrebro,2015,826.0
Highest education completed total,"]0,6-0,8]",Nørrebro,2016,749.0
Highest education completed total,"]0,6-0,8]",Nørrebro,2017,791.0
Highest education completed total,"]0,6-0,8]",Nørrebro,2018,719.0
Highest education completed total,"]0,6-0,8]",Nørrebro,2019,709.0
Highest education completed total,"]0,6-0,8]",Nørrebro,2020,985.0
Highest education completed total,"]0,6-0,8]",Nørrebro,2021,794.0
Highest education completed total,"]0,6-0,8]",Nørrebro,2022,498.0
Highest education completed total,"]0,6-0,8]",Nørrebro,2023,560.0
Highest education completed total,"]0,6-0,8]",Valby,2008,279.0
Highest education completed total,"]0,6-0,8]",Valby,2009,450.0
Highest education completed total,"]0,6-0,8]",Valby,2010,546.0
Highest education completed total,"]0,6-0,8]",Valby,2011,596.0
Highest education completed total,"]0,6-0,8]",Valby,2012,541.0
Highest education completed total,"]0,6-0,8]",Valby,2013,535.0
Highest education completed total,"]0,6-0,8]",Valby,2014,462.0
Highest education completed total,"]0,6-0,8]",Valby,2015,439.0
Highest education completed total,"]0,6-0,8]",Valby,2016,347.0
Highest education completed total,"]0,6-0,8]",Valby,2017,405.0
Highest education completed total,"]0,6-0,8]",Valby,2018,378.0
Highest education completed total,"]0,6-0,8]",Valby,2019,411.0
Highest education completed total,"]0,6-0,8]",Valby,2020,538.0
Highest education completed total,"]0,6-0,8]",Valby,2021,493.0
Highest education completed total,"]0,6-0,8]",Valby,2022,304.0
Highest education completed total,"]0,6-0,8]",Valby,2023,342.0
Highest education completed total,"]0,6-0,8]",Vanløse,2008,138.0
Highest education completed total,"]0,6-0,8]",Vanløse,2009,312.0
Highest education completed total,"]0,6-0,8]",Vanløse,2010,342.0
Highest education completed total,"]0,6-0,8]",Vanløse,2011,346.0
Highest education completed total,"]0,6-0,8]",Vanløse,2012,342.0
Highest education completed total,"]0,6-0,8]",Vanløse,2013,355.0
Highest education completed total,"]0,6-0,8]",Vanløse,2014,320.0
Highest education completed total,"]0,6-0,8]",Vanløse,2015,273.0
Highest education completed total,"]0,6-0,8]",Vanløse,2016,247.0
Highest education completed total,"]0,6-0,8]",Vanløse,2017,270.0
Highest education completed total,"]0,6-0,8]",Vanløse,2018,258.0
Highest education completed total,"]0,6-0,8]",Vanløse,2019,236.0
Highest education completed total,"]0,6-0,8]",Vanløse,2020,331.0
Highest education completed total,"]0,6-0,8]",Vanløse,2021,304.0
Highest education completed total,"]0,6-0,8]",Vanløse,2022,145.0
Highest education completed total,"]0,6-0,8]",Vanløse,2023,165.0
Highest education completed total,"]0,6-0,8]",Vesterbro/Kongens Enghave,2008,427.0
Highest education completed total,"]0,6-0,8]",Vesterbro/Kongens Enghave,2009,683.0
Highest education completed total,"]0,6-0,8]",Vesterbro/Kongens Enghave,2010,782.0
Highest education completed total,"]0,6-0,8]",Vesterbro/Kongens Enghave,2011,770.0
Highest education completed total,"]0,6-0,8]",Vesterbro/Kongens Enghave,2012,831.0
Highest education completed total,"]0,6-0,8]",Vesterbro/Kongens Enghave,2013,793.0
Highest education completed total,"]0,6-0,8]",Vesterbro/Kongens Enghave,2014,719.0
Highest education completed total,"]0,6-0,8]",Vesterbro/Kongens Enghave,2015,603.0
Highest education completed total,"]0,6-0,8]",Vesterbro/Kongens Enghave,2016,493.0
Highest education completed total,"]0,6-0,8]",Vesterbro/Kongens Enghave,2017,552.0
Highest education completed total,"]0,6-0,8]",Vesterbro/Kongens Enghave,2018,491.0
Highest education completed total,"]0,6-0,8]",Vesterbro/Kongens Enghave,2019,519.0
Highest education completed total,"]0,6-0,8]",Vesterbro/Kongens Enghave,2020,791.0
Highest education completed total,"]0,6-0,8]",Vesterbro/Kongens Enghave,2021,681.0
Highest education completed total,"]0,6-0,8]",Vesterbro/Kongens Enghave,2022,439.0
Highest education completed total,"]0,6-0,8]",Vesterbro/Kongens Enghave,2023,453.0
Highest education completed total,"]0,6-0,8]",Østerbro,2008,330.0
Highest education completed total,"]0,6-0,8]",Østerbro,2009,563.0
Highest education completed total,"]0,6-0,8]",Østerbro,2010,670.0
Highest education completed total,"]0,6-0,8]",Østerbro,2011,681.0
Highest education completed total,"]0,6-0,8]",Østerbro,2012,719.0
Highest education completed total,"]0,6-0,8]",Østerbro,2013,649.0
Highest education completed total,"]0,6-0,8]",Østerbro,2014,609.0
Highest education completed total,"]0,6-0,8]",Østerbro,2015,502.0
Highest education completed total,"]0,6-0,8]",Østerbro,2016,441.0
Highest education completed total,"]0,6-0,8]",Østerbro,2017,461.0
Highest education completed total,"]0,6-0,8]",Østerbro,2018,440.0
Highest education completed total,"]0,6-0,8]",Østerbro,2019,446.0
Highest education completed total,"]0,6-0,8]",Østerbro,2020,642.0
Highest education completed total,"]0,6-0,8]",Østerbro,2021,573.0
Highest education completed total,"]0,6-0,8]",Østerbro,2022,305.0
Highest education completed total,"]0,6-0,8]",Østerbro,2023,371.0
Highest education completed total,"]0,8-1]",Amager Vest,2008,377.0
Highest education completed total,"]0,8-1]",Amager Vest,2009,609.0
Highest education completed total,"]0,8-1]",Amager Vest,2010,909.0
Highest education completed total,"]0,8-1]",Amager Vest,2011,845.0
Highest education completed total,"]0,8-1]",Amager Vest,2012,978.0
Highest education completed total,"]0,8-1]",Amager Vest,2013,891.0
Highest education completed total,"]0,8-1]",Amager Vest,2014,736.0
Highest education completed total,"]0,8-1]",Amager Vest,2015,563.0
Highest education completed total,"]0,8-1]",Amager Vest,2016,493.0
Highest education completed total,"]0,8-1]",Amager Vest,2017,510.0
Highest education completed total,"]0,8-1]",Amager Vest,2018,478.0
Highest education completed total,"]0,8-1]",Amager Vest,2019,504.0
Highest education completed total,"]0,8-1]",Amager Vest,2020,822.0
Highest education completed total,"]0,8-1]",Amager Vest,2021,661.0
Highest education completed total,"]0,8-1]",Amager Vest,2022,336.0
Highest education completed total,"]0,8-1]",Amager Vest,2023,313.0
Highest education completed total,"]0,8-1]",Amager Øst,2008,328.0
Highest education completed total,"]0,8-1]",Amager Øst,2009,558.0
Highest education completed total,"]0,8-1]",Amager Øst,2010,811.0
Highest education completed total,"]0,8-1]",Amager Øst,2011,804.0
Highest education completed total,"]0,8-1]",Amager Øst,2012,866.0
Highest education completed total,"]0,8-1]",Amager Øst,2013,798.0
Highest education completed total,"]0,8-1]",Amager Øst,2014,665.0
Highest education completed total,"]0,8-1]",Amager Øst,2015,528.0
Highest education completed total,"]0,8-1]",Amager Øst,2016,430.0
Highest education completed total,"]0,8-1]",Amager Øst,2017,454.0
Highest education completed total,"]0,8-1]",Amager Øst,2018,402.0
Highest education completed total,"]0,8-1]",Amager Øst,2019,393.0
Highest education completed total,"]0,8-1]",Amager Øst,2020,626.0
Highest education completed total,"]0,8-1]",Amager Øst,2021,497.0
Highest education completed total,"]0,8-1]",Amager Øst,2022,228.0
Highest education completed total,"]0,8-1]",Amager Øst,2023,276.0
Highest education completed total,"]0,8-1]",Bispebjerg,2008,494.0
Highest education completed total,"]0,8-1]",Bispebjerg,2009,758.0
Highest education completed total,"]0,8-1]",Bispebjerg,2010,1037.0
Highest education completed total,"]0,8-1]",Bispebjerg,2011,1118.0
Highest education completed total,"]0,8-1]",Bispebjerg,2012,1155.0
Highest education completed total,"]0,8-1]",Bispebjerg,2013,1038.0
Highest education completed total,"]0,8-1]",Bispebjerg,2014,857.0
Highest education completed total,"]0,8-1]",Bispebjerg,2015,759.0
Highest education completed total,"]0,8-1]",Bispebjerg,2016,637.0
Highest education completed total,"]0,8-1]",Bispebjerg,2017,626.0
Highest education completed total,"]0,8-1]",Bispebjerg,2018,522.0
Highest education completed total,"]0,8-1]",Bispebjerg,2019,547.0
Highest education completed total,"]0,8-1]",Bispebjerg,2020,807.0
Highest education completed total,"]0,8-1]",Bispebjerg,2021,638.0
Highest education completed total,"]0,8-1]",Bispebjerg,2022,301.0
Highest education completed total,"]0,8-1]",Bispebjerg,2023,338.0
Highest education completed total,"]0,8-1]",Brønshøj-Husum,2008,366.0
Highest education completed total,"]0,8-1]",Brønshøj-Husum,2009,528.0
Highest education completed total,"]0,8-1]",Brønshøj-Husum,2010,765.0
Highest education completed total,"]0,8-1]",Brønshøj-Husum,2011,736.0
Highest education completed total,"]0,8-1]",Brønshøj-Husum,2012,779.0
Highest education completed total,"]0,8-1]",Brønshøj-Husum,2013,735.0
Highest education completed total,"]0,8-1]",Brønshøj-Husum,2014,647.0
Highest education completed total,"]0,8-1]",Brønshøj-Husum,2015,527.0
Highest education completed total,"]0,8-1]",Brønshøj-Husum,2016,466.0
Highest education completed total,"]0,8-1]",Brønshøj-Husum,2017,428.0
Highest education completed total,"]0,8-1]",Brønshøj-Husum,2018,338.0
Highest education completed total,"]0,8-1]",Brønshøj-Husum,2019,340.0
Highest education completed total,"]0,8-1]",Brønshøj-Husum,2020,501.0
Highest education completed total,"]0,8-1]",Brønshøj-Husum,2021,445.0
Highest education completed total,"]0,8-1]",Brønshøj-Husum,2022,198.0
Highest education completed total,"]0,8-1]",Brønshøj-Husum,2023,208.0
Highest education completed total,"]0,8-1]",Indre By,2008,235.0
Highest education completed total,"]0,8-1]",Indre By,2009,414.0
Highest education completed total,"]0,8-1]",Indre By,2010,562.0
Highest education completed total,"]0,8-1]",Indre By,2011,558.0
Highest education completed total,"]0,8-1]",Indre By,2012,614.0
Highest education completed total,"]0,8-1]",Indre By,2013,536.0
Highest education completed total,"]0,8-1]",Indre By,2014,463.0
Highest education completed total,"]0,8-1]",Indre By,2015,331.0
Highest education completed total,"]0,8-1]",Indre By,2016,316.0
Highest education completed total,"]0,8-1]",Indre By,2017,310.0
Highest education completed total,"]0,8-1]",Indre By,2018,266.0
Highest education completed total,"]0,8-1]",Indre By,2019,244.0
Highest education completed total,"]0,8-1]",Indre By,2020,476.0
Highest education completed total,"]0,8-1]",Indre By,2021,358.0
Highest education completed total,"]0,8-1]",Indre By,2022,153.0
Highest education completed total,"]0,8-1]",Indre By,2023,199.0
Highest education completed total,"]0,8-1]",Nørrebro,2008,688.0
Highest education completed total,"]0,8-1]",Nørrebro,2009,1039.0
Highest education completed total,"]0,8-1]",Nørrebro,2010,1465.0
Highest education completed total,"]0,8-1]",Nørrebro,2011,1570.0
Highest education completed total,"]0,8-1]",Nørrebro,2012,1579.0
Highest education completed total,"]0,8-1]",Nørrebro,2013,1509.0
Highest education completed total,"]0,8-1]",Nørrebro,2014,1273.0
Highest education completed total,"]0,8-1]",Nørrebro,2015,913.0
Highest education completed total,"]0,8-1]",Nørrebro,2016,817.0
Highest education completed total,"]0,8-1]",Nørrebro,2017,817.0
Highest education completed total,"]0,8-1]",Nørrebro,2018,714.0
Highest education completed total,"]0,8-1]",Nørrebro,2019,674.0
Highest education completed total,"]0,8-1]",Nørrebro,2020,1088.0
Highest education completed total,"]0,8-1]",Nørrebro,2021,770.0
Highest education completed total,"]0,8-1]",Nørrebro,2022,341.0
Highest education completed total,"]0,8-1]",Nørrebro,2023,397.0
Highest education completed total,"]0,8-1]",Valby,2008,382.0
Highest education completed total,"]0,8-1]",Valby,2009,595.0
Highest education completed total,"]0,8-1]",Valby,2010,823.0
Highest education completed total,"]0,8-1]",Valby,2011,779.0
Highest education completed total,"]0,8-1]",Valby,2012,833.0
Highest education completed total,"]0,8-1]",Valby,2013,777.0
Highest education completed total,"]0,8-1]",Valby,2014,617.0
Highest education completed total,"]0,8-1]",Valby,2015,480.0
Highest education completed total,"]0,8-1]",Valby,2016,439.0
Highest education completed total,"]0,8-1]",Valby,2017,406.0
Highest education completed total,"]0,8-1]",Valby,2018,409.0
Highest education completed total,"]0,8-1]",Valby,2019,429.0
Highest education completed total,"]0,8-1]",Valby,2020,716.0
Highest education completed total,"]0,8-1]",Valby,2021,521.0
Highest education completed total,"]0,8-1]",Valby,2022,242.0
Highest education completed total,"]0,8-1]",Valby,2023,285.0
Highest education completed total,"]0,8-1]",Vanløse,2008,170.0
Highest education completed total,"]0,8-1]",Vanløse,2009,300.0
Highest education completed total,"]0,8-1]",Vanløse,2010,458.0
Highest education completed total,"]0,8-1]",Vanløse,2011,500.0
Highest education completed total,"]0,8-1]",Vanløse,2012,527.0
Highest education completed total,"]0,8-1]",Vanløse,2013,484.0
Highest education completed total,"]0,8-1]",Vanløse,2014,382.0
Highest education completed total,"]0,8-1]",Vanløse,2015,331.0
Highest education completed total,"]0,8-1]",Vanløse,2016,244.0
Highest education completed total,"]0,8-1]",Vanløse,2017,254.0
Highest education completed total,"]0,8-1]",Vanløse,2018,234.0
Highest education completed total,"]0,8-1]",Vanløse,2019,272.0
Highest education completed total,"]0,8-1]",Vanløse,2020,416.0
Highest education completed total,"]0,8-1]",Vanløse,2021,291.0
Highest education completed total,"]0,8-1]",Vanløse,2022,146.0
Highest education completed total,"]0,8-1]",Vanløse,2023,130.0
Highest education completed total,"]0,8-1]",Vesterbro/Kongens Enghave,2008,483.0
Highest education completed total,"]0,8-1]",Vesterbro/Kongens Enghave,2009,817.0
Highest education completed total,"]0,8-1]",Vesterbro/Kongens Enghave,2010,1093.0
Highest education completed total,"]0,8-1]",Vesterbro/Kongens Enghave,2011,1053.0
Highest education completed total,"]0,8-1]",Vesterbro/Kongens Enghave,2012,1186.0
Highest education completed total,"]0,8-1]",Vesterbro/Kongens Enghave,2013,996.0
Highest education completed total,"]0,8-1]",Vesterbro/Kongens Enghave,2014,827.0
Highest education completed total,"]0,8-1]",Vesterbro/Kongens Enghave,2015,650.0
Highest education completed total,"]0,8-1]",Vesterbro/Kongens Enghave,2016,552.0
Highest education completed total,"]0,8-1]",Vesterbro/Kongens Enghave,2017,568.0
Highest education completed total,"]0,8-1]",Vesterbro/Kongens Enghave,2018,484.0
Highest education completed total,"]0,8-1]",Vesterbro/Kongens Enghave,2019,505.0
Highest education completed total,"]0,8-1]",Vesterbro/Kongens Enghave,2020,878.0
Highest education completed total,"]0,8-1]",Vesterbro/Kongens Enghave,2021,694.0
Highest education completed total,"]0,8-1]",Vesterbro/Kongens Enghave,2022,322.0
Highest education completed total,"]0,8-1]",Vesterbro/Kongens Enghave,2023,370.0
Highest education completed total,"]0,8-1]",Østerbro,2008,380.0
Highest education completed total,"]0,8-1]",Østerbro,2009,591.0
Highest education completed total,"]0,8-1]",Østerbro,2010,872.0
Highest education completed total,"]0,8-1]",Østerbro,2011,950.0
Highest education completed total,"]0,8-1]",Østerbro,2012,1030.0
Highest education completed total,"]0,8-1]",Østerbro,2013,923.0
Highest education completed total,"]0,8-1]",Østerbro,2014,747.0
Highest education completed total,"]0,8-1]",Østerbro,2015,583.0
Highest education completed total,"]0,8-1]",Østerbro,2016,503.0
Highest education completed total,"]0,8-1]",Østerbro,2017,512.0
Highest education completed total,"]0,8-1]",Østerbro,2018,437.0
Highest education completed total,"]0,8-1]",Østerbro,2019,460.0
Highest education completed total,"]0,8-1]",Østerbro,2020,728.0
Highest education completed total,"]0,8-1]",Østerbro,2021,510.0
Highest education completed total,"]0,8-1]",Østerbro,2022,269.0
Highest education completed total,"]0,8-1]",Østerbro,2023,300.0
Masters and PhD programs,"[0-0,2]",Amager Vest,2008,273.0
Masters and PhD programs,"[0-0,2]",Amager Vest,2009,269.0
Masters and PhD programs,"[0-0,2]",Amager Vest,2010,260.0
Masters and PhD programs,"[0-0,2]",Amager Vest,2011,313.0
Masters and PhD programs,"[0-0,2]",Amager Vest,2012,371.0
Masters and PhD programs,"[0-0,2]",Amager Vest,2013,426.0
Masters and PhD programs,"[0-0,2]",Amager Vest,2014,442.0
Masters and PhD programs,"[0-0,2]",Amager Vest,2015,476.0
Masters and PhD programs,"[0-0,2]",Amager Vest,2016,545.0
Masters and PhD programs,"[0-0,2]",Amager Vest,2017,658.0
Masters and PhD programs,"[0-0,2]",Amager Vest,2018,581.0
Masters and PhD programs,"[0-0,2]",Amager Vest,2019,608.0
Masters and PhD programs,"[0-0,2]",Amager Vest,2020,606.0
Masters and PhD programs,"[0-0,2]",Amager Vest,2021,611.0
Masters and PhD programs,"[0-0,2]",Amager Vest,2022,737.0
Masters and PhD programs,"[0-0,2]",Amager Vest,2023,643.0
Masters and PhD programs,"[0-0,2]",Amager Øst,2008,243.0
Masters and PhD programs,"[0-0,2]",Amager Øst,2009,231.0
Masters and PhD programs,"[0-0,2]",Amager Øst,2010,287.0
Masters and PhD programs,"[0-0,2]",Amager Øst,2011,277.0
Masters and PhD programs,"[0-0,2]",Amager Øst,2012,299.0
Masters and PhD programs,"[0-0,2]",Amager Øst,2013,315.0
Masters and PhD programs,"[0-0,2]",Amager Øst,2014,366.0
Masters and PhD programs,"[0-0,2]",Amager Øst,2015,424.0
Masters and PhD programs,"[0-0,2]",Amager Øst,2016,473.0
Masters and PhD programs,"[0-0,2]",Amager Øst,2017,633.0
Masters and PhD programs,"[0-0,2]",Amager Øst,2018,506.0
Masters and PhD programs,"[0-0,2]",Amager Øst,2019,482.0
Masters and PhD programs,"[0-0,2]",Amager Øst,2020,556.0
Masters and PhD programs,"[0-0,2]",Amager Øst,2021,597.0
Masters and PhD programs,"[0-0,2]",Amager Øst,2022,669.0
Masters and PhD programs,"[0-0,2]",Amager Øst,2023,576.0
Masters and PhD programs,"[0-0,2]",Bispebjerg,2008,217.0
Masters and PhD programs,"[0-0,2]",Bispebjerg,2009,235.0
Masters and PhD programs,"[0-0,2]",Bispebjerg,2010,192.0
Masters and PhD programs,"[0-0,2]",Bispebjerg,2011,276.0
Masters and PhD programs,"[0-0,2]",Bispebjerg,2012,291.0
Masters and PhD programs,"[0-0,2]",Bispebjerg,2013,314.0
Masters and PhD programs,"[0-0,2]",Bispebjerg,2014,359.0
Masters and PhD programs,"[0-0,2]",Bispebjerg,2015,416.0
Masters and PhD programs,"[0-0,2]",Bispebjerg,2016,526.0
Masters and PhD programs,"[0-0,2]",Bispebjerg,2017,639.0
Masters and PhD programs,"[0-0,2]",Bispebjerg,2018,590.0
Masters and PhD programs,"[0-0,2]",Bispebjerg,2019,577.0
Masters and PhD programs,"[0-0,2]",Bispebjerg,2020,572.0
Masters and PhD programs,"[0-0,2]",Bispebjerg,2021,600.0
Masters and PhD programs,"[0-0,2]",Bispebjerg,2022,720.0
Masters and PhD programs,"[0-0,2]",Bispebjerg,2023,677.0
Masters and PhD programs,"[0-0,2]",Brønshøj-Husum,2008,110.0
Masters and PhD programs,"[0-0,2]",Brønshøj-Husum,2009,97.0
Masters and PhD programs,"[0-0,2]",Brønshøj-Husum,2010,83.0
Masters and PhD programs,"[0-0,2]",Brønshøj-Husum,2011,82.0
Masters and PhD programs,"[0-0,2]",Brønshøj-Husum,2012,107.0
Masters and PhD programs,"[0-0,2]",Brønshøj-Husum,2013,139.0
Masters and PhD programs,"[0-0,2]",Brønshøj-Husum,2014,124.0
Masters and PhD programs,"[0-0,2]",Brønshøj-Husum,2015,159.0
Masters and PhD programs,"[0-0,2]",Brønshøj-Husum,2016,214.0
Masters and PhD programs,"[0-0,2]",Brønshøj-Husum,2017,227.0
Masters and PhD programs,"[0-0,2]",Brønshøj-Husum,2018,220.0
Masters and PhD programs,"[0-0,2]",Brønshøj-Husum,2019,189.0
Masters and PhD programs,"[0-0,2]",Brønshøj-Husum,2020,215.0
Masters and PhD programs,"[0-0,2]",Brønshøj-Husum,2021,211.0
Masters and PhD programs,"[0-0,2]",Brønshøj-Husum,2022,268.0
Masters and PhD programs,"[0-0,2]",Brønshøj-Husum,2023,258.0
Masters and PhD programs,"[0-0,2]",Indre By,2008,352.0
Masters and PhD programs,"[0-0,2]",Indre By,2009,318.0
Masters and PhD programs,"[0-0,2]",Indre By,2010,339.0
Masters and PhD programs,"[0-0,2]",Indre By,2011,350.0
Masters and PhD programs,"[0-0,2]",Indre By,2012,366.0
Masters and PhD programs,"[0-0,2]",Indre By,2013,396.0
Masters and PhD programs,"[0-0,2]",Indre By,2014,432.0
Masters and PhD programs,"[0-0,2]",Indre By,2015,470.0
Masters and PhD programs,"[0-0,2]",Indre By,2016,567.0
Masters and PhD programs,"[0-0,2]",Indre By,2017,653.0
Masters and PhD programs,"[0-0,2]",Indre By,2018,552.0
Masters and PhD programs,"[0-0,2]",Indre By,2019,484.0
Masters and PhD programs,"[0-0,2]",Indre By,2020,472.0
Masters and PhD programs,"[0-0,2]",Indre By,2021,541.0
Masters and PhD programs,"[0-0,2]",Indre By,2022,624.0
Masters and PhD programs,"[0-0,2]",Indre By,2023,567.0
Masters and PhD programs,"[0-0,2]",Nørrebro,2008,516.0
Masters and PhD programs,"[0-0,2]",Nørrebro,2009,568.0
Masters and PhD programs,"[0-0,2]",Nørrebro,2010,621.0
Masters and PhD programs,"[0-0,2]",Nørrebro,2011,662.0
Masters and PhD programs,"[0-0,2]",Nørrebro,2012,729.0
Masters and PhD programs,"[0-0,2]",Nørrebro,2013,881.0
Masters and PhD programs,"[0-0,2]",Nørrebro,2014,900.0
Masters and PhD programs,"[0-0,2]",Nørrebro,2015,1113.0
Masters and PhD programs,"[0-0,2]",Nørrebro,2016,1229.0
Masters and PhD programs,"[0-0,2]",Nørrebro,2017,1525.0
Masters and PhD programs,"[0-0,2]",Nørrebro,2018,1201.0
Masters and PhD programs,"[0-0,2]",Nørrebro,2019,1181.0
Masters and PhD programs,"[0-0,2]",Nørrebro,2020,1152.0
Masters and PhD programs,"[0-0,2]",Nørrebro,2021,1183.0
Masters and PhD programs,"[0-0,2]",Nørrebro,2022,1283.0
Masters and PhD programs,"[0-0,2]",Nørrebro,2023,1244.0
Masters and PhD programs,"[0-0,2]",Valby,2008,199.0
Masters and PhD programs,"[0-0,2]",Valby,2009,167.0
Masters and PhD programs,"[0-0,2]",Valby,2010,178.0
Masters and PhD programs,"[0-0,2]",Valby,2011,229.0
Masters and PhD programs,"[0-0,2]",Valby,2012,224.0
Masters and PhD programs,"[0-0,2]",Valby,2013,263.0
Masters and PhD programs,"[0-0,2]",Valby,2014,281.0
Masters and PhD programs,"[0-0,2]",Valby,2015,310.0
Masters and PhD programs,"[0-0,2]",Valby,2016,391.0
Masters and PhD programs,"[0-0,2]",Valby,2017,511.0
Masters and PhD programs,"[0-0,2]",Valby,2018,426.0
Masters and PhD programs,"[0-0,2]",Valby,2019,443.0
Masters and PhD programs,"[0-0,2]",Valby,2020,464.0
Masters and PhD programs,"[0-0,2]",Valby,2021,526.0
Masters and PhD programs,"[0-0,2]",Valby,2022,671.0
Masters and PhD programs,"[0-0,2]",Valby,2023,552.0
Masters and PhD programs,"[0-0,2]",Vanløse,2008,150.0
Masters and PhD programs,"[0-0,2]",Vanløse,2009,136.0
Masters and PhD programs,"[0-0,2]",Vanløse,2010,146.0
Masters and PhD programs,"[0-0,2]",Vanløse,2011,164.0
Masters and PhD programs,"[0-0,2]",Vanløse,2012,201.0
Masters and PhD programs,"[0-0,2]",Vanløse,2013,225.0
Masters and PhD programs,"[0-0,2]",Vanløse,2014,234.0
Masters and PhD programs,"[0-0,2]",Vanløse,2015,253.0
Masters and PhD programs,"[0-0,2]",Vanløse,2016,260.0
Masters and PhD programs,"[0-0,2]",Vanløse,2017,363.0
Masters and PhD programs,"[0-0,2]",Vanløse,2018,284.0
Masters and PhD programs,"[0-0,2]",Vanløse,2019,350.0
Masters and PhD programs,"[0-0,2]",Vanløse,2020,320.0
Masters and PhD programs,"[0-0,2]",Vanløse,2021,293.0
Masters and PhD programs,"[0-0,2]",Vanløse,2022,365.0
Masters and PhD programs,"[0-0,2]",Vanløse,2023,306.0
Masters and PhD programs,"[0-0,2]",Vesterbro/Kongens Enghave,2008,468.0
Masters and PhD programs,"[0-0,2]",Vesterbro/Kongens Enghave,2009,417.0
Masters and PhD programs,"[0-0,2]",Vesterbro/Kongens Enghave,2010,437.0
Masters and PhD programs,"[0-0,2]",Vesterbro/Kongens Enghave,2011,473.0
Masters and PhD programs,"[0-0,2]",Vesterbro/Kongens Enghave,2012,478.0
Masters and PhD programs,"[0-0,2]",Vesterbro/Kongens Enghave,2013,534.0
Masters and PhD programs,"[0-0,2]",Vesterbro/Kongens Enghave,2014,636.0
Masters and PhD programs,"[0-0,2]",Vesterbro/Kongens Enghave,2015,655.0
Masters and PhD programs,"[0-0,2]",Vesterbro/Kongens Enghave,2016,778.0
Masters and PhD programs,"[0-0,2]",Vesterbro/Kongens Enghave,2017,990.0
Masters and PhD programs,"[0-0,2]",Vesterbro/Kongens Enghave,2018,867.0
Masters and PhD programs,"[0-0,2]",Vesterbro/Kongens Enghave,2019,817.0
Masters and PhD programs,"[0-0,2]",Vesterbro/Kongens Enghave,2020,848.0
Masters and PhD programs,"[0-0,2]",Vesterbro/Kongens Enghave,2021,956.0
Masters and PhD programs,"[0-0,2]",Vesterbro/Kongens Enghave,2022,1087.0
Masters and PhD programs,"[0-0,2]",Vesterbro/Kongens Enghave,2023,985.0
Masters and PhD programs,"[0-0,2]",Østerbro,2008,527.0
Masters and PhD programs,"[0-0,2]",Østerbro,2009,456.0
Masters and PhD programs,"[0-0,2]",Østerbro,2010,509.0
Masters and PhD programs,"[0-0,2]",Østerbro,2011,567.0
Masters and PhD programs,"[0-0,2]",Østerbro,2012,571.0
Masters and PhD programs,"[0-0,2]",Østerbro,2013,615.0
Masters and PhD programs,"[0-0,2]",Østerbro,2014,656.0
Masters and PhD programs,"[0-0,2]",Østerbro,2015,763.0
Masters and PhD programs,"[0-0,2]",Østerbro,2016,862.0
Masters and PhD programs,"[0-0,2]",Østerbro,2017,1007.0
Masters and PhD programs,"[0-0,2]",Østerbro,2018,785.0
Masters and PhD programs,"[0-0,2]",Østerbro,2019,822.0
Masters and PhD programs,"[0-0,2]",Østerbro,2020,781.0
Masters and PhD programs,"[0-0,2]",Østerbro,2021,839.0
Masters and PhD programs,"[0-0,2]",Østerbro,2022,946.0
Masters and PhD programs,"[0-0,2]",Østerbro,2023,842.0
Masters and PhD programs,"]0,2-0,4]",Amager Vest,2008,155.0
Masters and PhD programs,"]0,2-0,4]",Amager Vest,2009,180.0
Masters and PhD programs,"]0,2-0,4]",Amager Vest,2010,206.0
Masters and PhD programs,"]0,2-0,4]",Amager Vest,2011,231.0
Masters and PhD programs,"]0,2-0,4]",Amager Vest,2012,259.0
Masters and PhD programs,"]0,2-0,4]",Amager Vest,2013,275.0
Masters and PhD programs,"]0,2-0,4]",Amager Vest,2014,321.0
Masters and PhD programs,"]0,2-0,4]",Amager Vest,2015,328.0
Masters and PhD programs,"]0,2-0,4]",Amager Vest,2016,402.0
Masters and PhD programs,"]0,2-0,4]",Amager Vest,2017,404.0
Masters and PhD programs,"]0,2-0,4]",Amager Vest,2018,425.0
Masters and PhD programs,"]0,2-0,4]",Amager Vest,2019,453.0
Masters and PhD programs,"]0,2-0,4]",Amager Vest,2020,464.0
Masters and PhD programs,"]0,2-0,4]",Amager Vest,2021,534.0
Masters and PhD programs,"]0,2-0,4]",Amager Vest,2022,463.0
Masters and PhD programs,"]0,2-0,4]",Amager Vest,2023,458.0
Masters and PhD programs,"]0,2-0,4]",Amager Øst,2008,171.0
Masters and PhD programs,"]0,2-0,4]",Amager Øst,2009,182.0
Masters and PhD programs,"]0,2-0,4]",Amager Øst,2010,158.0
Masters and PhD programs,"]0,2-0,4]",Amager Øst,2011,211.0
Masters and PhD programs,"]0,2-0,4]",Amager Øst,2012,245.0
Masters and PhD programs,"]0,2-0,4]",Amager Øst,2013,247.0
Masters and PhD programs,"]0,2-0,4]",Amager Øst,2014,264.0
Masters and PhD programs,"]0,2-0,4]",Amager Øst,2015,322.0
Masters and PhD programs,"]0,2-0,4]",Amager Øst,2016,356.0
Masters and PhD programs,"]0,2-0,4]",Amager Øst,2017,394.0
Masters and PhD programs,"]0,2-0,4]",Amager Øst,2018,378.0
Masters and PhD programs,"]0,2-0,4]",Amager Øst,2019,427.0
Masters and PhD programs,"]0,2-0,4]",Amager Øst,2020,447.0
Masters and PhD programs,"]0,2-0,4]",Amager Øst,2021,408.0
Masters and PhD programs,"]0,2-0,4]",Amager Øst,2022,357.0
Masters and PhD programs,"]0,2-0,4]",Amager Øst,2023,429.0
Masters and PhD programs,"]0,2-0,4]",Bispebjerg,2008,124.0
Masters and PhD programs,"]0,2-0,4]",Bispebjerg,2009,154.0
Masters and PhD programs,"]0,2-0,4]",Bispebjerg,2010,166.0
Masters and PhD programs,"]0,2-0,4]",Bispebjerg,2011,216.0
Masters and PhD programs,"]0,2-0,4]",Bispebjerg,2012,192.0
Masters and PhD programs,"]0,2-0,4]",Bispebjerg,2013,217.0
Masters and PhD programs,"]0,2-0,4]",Bispebjerg,2014,299.0
Masters and PhD programs,"]0,2-0,4]",Bispebjerg,2015,309.0
Masters and PhD programs,"]0,2-0,4]",Bispebjerg,2016,387.0
Masters and PhD programs,"]0,2-0,4]",Bispebjerg,2017,399.0
Masters and PhD programs,"]0,2-0,4]",Bispebjerg,2018,451.0
Masters and PhD programs,"]0,2-0,4]",Bispebjerg,2019,419.0
Masters and PhD programs,"]0,2-0,4]",Bispebjerg,2020,470.0
Masters and PhD programs,"]0,2-0,4]",Bispebjerg,2021,482.0
Masters and PhD programs,"]0,2-0,4]",Bispebjerg,2022,420.0
Masters and PhD programs,"]0,2-0,4]",Bispebjerg,2023,442.0
Masters and PhD programs,"]0,2-0,4]",Brønshøj-Husum,2008,52.0
Masters and PhD programs,"]0,2-0,4]",Brønshøj-Husum,2009,71.0
Masters and PhD programs,"]0,2-0,4]",Brønshøj-Husum,2010,75.0
Masters and PhD programs,"]0,2-0,4]",Brønshøj-Husum,2011,64.0
Masters and PhD programs,"]0,2-0,4]",Brønshøj-Husum,2012,78.0
Masters and PhD programs,"]0,2-0,4]",Brønshøj-Husum,2013,101.0
Masters and PhD programs,"]0,2-0,4]",Brønshøj-Husum,2014,121.0
Masters and PhD programs,"]0,2-0,4]",Brønshøj-Husum,2015,120.0
Masters and PhD programs,"]0,2-0,4]",Brønshøj-Husum,2016,157.0
Masters and PhD programs,"]0,2-0,4]",Brønshøj-Husum,2017,135.0
Masters and PhD programs,"]0,2-0,4]",Brønshøj-Husum,2018,133.0
Masters and PhD programs,"]0,2-0,4]",Brønshøj-Husum,2019,164.0
Masters and PhD programs,"]0,2-0,4]",Brønshøj-Husum,2020,162.0
Masters and PhD programs,"]0,2-0,4]",Brønshøj-Husum,2021,201.0
Masters and PhD programs,"]0,2-0,4]",Brønshøj-Husum,2022,176.0
Masters and PhD programs,"]0,2-0,4]",Brønshøj-Husum,2023,163.0
Masters and PhD programs,"]0,2-0,4]",Indre By,2008,226.0
Masters and PhD programs,"]0,2-0,4]",Indre By,2009,233.0
Masters and PhD programs,"]0,2-0,4]",Indre By,2010,265.0
Masters and PhD programs,"]0,2-0,4]",Indre By,2011,277.0
Masters and PhD programs,"]0,2-0,4]",Indre By,2012,252.0
Masters and PhD programs,"]0,2-0,4]",Indre By,2013,305.0
Masters and PhD programs,"]0,2-0,4]",Indre By,2014,340.0
Masters and PhD programs,"]0,2-0,4]",Indre By,2015,362.0
Masters and PhD programs,"]0,2-0,4]",Indre By,2016,384.0
Masters and PhD programs,"]0,2-0,4]",Indre By,2017,369.0
Masters and PhD programs,"]0,2-0,4]",Indre By,2018,368.0
Masters and PhD programs,"]0,2-0,4]",Indre By,2019,360.0
Masters and PhD programs,"]0,2-0,4]",Indre By,2020,366.0
Masters and PhD programs,"]0,2-0,4]",Indre By,2021,376.0
Masters and PhD programs,"]0,2-0,4]",Indre By,2022,375.0
Masters and PhD programs,"]0,2-0,4]",Indre By,2023,351.0
Masters and PhD programs,"]0,2-0,4]",Nørrebro,2008,375.0
Masters and PhD programs,"]0,2-0,4]",Nørrebro,2009,411.0
Masters and PhD programs,"]0,2-0,4]",Nørrebro,2010,458.0
Masters and PhD programs,"]0,2-0,4]",Nørrebro,2011,496.0
Masters and PhD programs,"]0,2-0,4]",Nørrebro,2012,523.0
Masters and PhD programs,"]0,2-0,4]",Nørrebro,2013,615.0
Masters and PhD programs,"]0,2-0,4]",Nørrebro,2014,701.0
Masters and PhD programs,"]0,2-0,4]",Nørrebro,2015,770.0
Masters and PhD programs,"]0,2-0,4]",Nørrebro,2016,914.0
Masters and PhD programs,"]0,2-0,4]",Nørrebro,2017,999.0
Masters and PhD programs,"]0,2-0,4]",Nørrebro,2018,891.0
Masters and PhD programs,"]0,2-0,4]",Nørrebro,2019,895.0
Masters and PhD programs,"]0,2-0,4]",Nørrebro,2020,862.0
Masters and PhD programs,"]0,2-0,4]",Nørrebro,2021,825.0
Masters and PhD programs,"]0,2-0,4]",Nørrebro,2022,801.0
Masters and PhD programs,"]0,2-0,4]",Nørrebro,2023,808.0
Masters and PhD programs,"]0,2-0,4]",Valby,2008,114.0
Masters and PhD programs,"]0,2-0,4]",Valby,2009,112.0
Masters and PhD programs,"]0,2-0,4]",Valby,2010,163.0
Masters and PhD programs,"]0,2-0,4]",Valby,2011,159.0
Masters and PhD programs,"]0,2-0,4]",Valby,2012,161.0
Masters and PhD programs,"]0,2-0,4]",Valby,2013,179.0
Masters and PhD programs,"]0,2-0,4]",Valby,2014,192.0
Masters and PhD programs,"]0,2-0,4]",Valby,2015,239.0
Masters and PhD programs,"]0,2-0,4]",Valby,2016,275.0
Masters and PhD programs,"]0,2-0,4]",Valby,2017,329.0
Masters and PhD programs,"]0,2-0,4]",Valby,2018,307.0
Masters and PhD programs,"]0,2-0,4]",Valby,2019,358.0
Masters and PhD programs,"]0,2-0,4]",Valby,2020,302.0
Masters and PhD programs,"]0,2-0,4]",Valby,2021,419.0
Masters and PhD programs,"]0,2-0,4]",Valby,2022,375.0
Masters and PhD programs,"]0,2-0,4]",Valby,2023,361.0
Masters and PhD programs,"]0,2-0,4]",Vanløse,2008,71.0
Masters and PhD programs,"]0,2-0,4]",Vanløse,2009,92.0
Masters and PhD programs,"]0,2-0,4]",Vanløse,2010,105.0
Masters and PhD programs,"]0,2-0,4]",Vanløse,2011,105.0
Masters and PhD programs,"]0,2-0,4]",Vanløse,2012,130.0
Masters and PhD programs,"]0,2-0,4]",Vanløse,2013,139.0
Masters and PhD programs,"]0,2-0,4]",Vanløse,2014,148.0
Masters and PhD programs,"]0,2-0,4]",Vanløse,2015,174.0
Masters and PhD programs,"]0,2-0,4]",Vanløse,2016,176.0
Masters and PhD programs,"]0,2-0,4]",Vanløse,2017,199.0
Masters and PhD programs,"]0,2-0,4]",Vanløse,2018,228.0
Masters and PhD programs,"]0,2-0,4]",Vanløse,2019,223.0
Masters and PhD programs,"]0,2-0,4]",Vanløse,2020,218.0
Masters and PhD programs,"]0,2-0,4]",Vanløse,2021,235.0
Masters and PhD programs,"]0,2-0,4]",Vanløse,2022,205.0
Masters and PhD programs,"]0,2-0,4]",Vanløse,2023,201.0
Masters and PhD programs,"]0,2-0,4]",Vesterbro/Kongens Enghave,2008,321.0
Masters and PhD programs,"]0,2-0,4]",Vesterbro/Kongens Enghave,2009,338.0
Masters and PhD programs,"]0,2-0,4]",Vesterbro/Kongens Enghave,2010,324.0
Masters and PhD programs,"]0,2-0,4]",Vesterbro/Kongens Enghave,2011,334.0
Masters and PhD programs,"]0,2-0,4]",Vesterbro/Kongens Enghave,2012,396.0
Masters and PhD programs,"]0,2-0,4]",Vesterbro/Kongens Enghave,2013,395.0
Masters and PhD programs,"]0,2-0,4]",Vesterbro/Kongens Enghave,2014,417.0
Masters and PhD programs,"]0,2-0,4]",Vesterbro/Kongens Enghave,2015,513.0
Masters and PhD programs,"]0,2-0,4]",Vesterbro/Kongens Enghave,2016,571.0
Masters and PhD programs,"]0,2-0,4]",Vesterbro/Kongens Enghave,2017,609.0
Masters and PhD programs,"]0,2-0,4]",Vesterbro/Kongens Enghave,2018,585.0
Masters and PhD programs,"]0,2-0,4]",Vesterbro/Kongens Enghave,2019,637.0
Masters and PhD programs,"]0,2-0,4]",Vesterbro/Kongens Enghave,2020,634.0
Masters and PhD programs,"]0,2-0,4]",Vesterbro/Kongens Enghave,2021,635.0
Masters and PhD programs,"]0,2-0,4]",Vesterbro/Kongens Enghave,2022,613.0
Masters and PhD programs,"]0,2-0,4]",Vesterbro/Kongens Enghave,2023,626.0
Masters and PhD programs,"]0,2-0,4]",Østerbro,2008,295.0
Masters and PhD programs,"]0,2-0,4]",Østerbro,2009,339.0
Masters and PhD programs,"]0,2-0,4]",Østerbro,2010,359.0
Masters and PhD programs,"]0,2-0,4]",Østerbro,2011,396.0
Masters and PhD programs,"]0,2-0,4]",Østerbro,2012,396.0
Masters and PhD programs,"]0,2-0,4]",Østerbro,2013,439.0
Masters and PhD programs,"]0,2-0,4]",Østerbro,2014,471.0
Masters and PhD programs,"]0,2-0,4]",Østerbro,2015,517.0
Masters and PhD programs,"]0,2-0,4]",Østerbro,2016,584.0
Masters and PhD programs,"]0,2-0,4]",Østerbro,2017,583.0
Masters and PhD programs,"]0,2-0,4]",Østerbro,2018,527.0
Masters and PhD programs,"]0,2-0,4]",Østerbro,2019,513.0
Masters and PhD programs,"]0,2-0,4]",Østerbro,2020,572.0
Masters and PhD programs,"]0,2-0,4]",Østerbro,2021,565.0
Masters and PhD programs,"]0,2-0,4]",Østerbro,2022,520.0
Masters and PhD programs,"]0,2-0,4]",Østerbro,2023,538.0
Masters and PhD programs,"]0,4-0,6]",Amager Vest,2008,98.0
Masters and PhD programs,"]0,4-0,6]",Amager Vest,2009,141.0
Masters and PhD programs,"]0,4-0,6]",Amager Vest,2010,141.0
Masters and PhD programs,"]0,4-0,6]",Amager Vest,2011,188.0
Masters and PhD programs,"]0,4-0,6]",Amager Vest,2012,166.0
Masters and PhD programs,"]0,4-0,6]",Amager Vest,2013,200.0
Masters and PhD programs,"]0,4-0,6]",Amager Vest,2014,207.0
Masters and PhD programs,"]0,4-0,6]",Amager Vest,2015,232.0
Masters and PhD programs,"]0,4-0,6]",Amager Vest,2016,232.0
Masters and PhD programs,"]0,4-0,6]",Amager Vest,2017,275.0
Masters and PhD programs,"]0,4-0,6]",Amager Vest,2018,282.0
Masters and PhD programs,"]0,4-0,6]",Amager Vest,2019,316.0
Masters and PhD programs,"]0,4-0,6]",Amager Vest,2020,339.0
Masters and PhD programs,"]0,4-0,6]",Amager Vest,2021,347.0
Masters and PhD programs,"]0,4-0,6]",Amager Vest,2022,236.0
Masters and PhD programs,"]0,4-0,6]",Amager Vest,2023,240.0
Masters and PhD programs,"]0,4-0,6]",Amager Øst,2008,76.0
Masters and PhD programs,"]0,4-0,6]",Amager Øst,2009,110.0
Masters and PhD programs,"]0,4-0,6]",Amager Øst,2010,131.0
Masters and PhD programs,"]0,4-0,6]",Amager Øst,2011,153.0
Masters and PhD programs,"]0,4-0,6]",Amager Øst,2012,155.0
Masters and PhD programs,"]0,4-0,6]",Amager Øst,2013,167.0
Masters and PhD programs,"]0,4-0,6]",Amager Øst,2014,206.0
Masters and PhD programs,"]0,4-0,6]",Amager Øst,2015,224.0
Masters and PhD programs,"]0,4-0,6]",Amager Øst,2016,212.0
Masters and PhD programs,"]0,4-0,6]",Amager Øst,2017,242.0
Masters and PhD programs,"]0,4-0,6]",Amager Øst,2018,216.0
Masters and PhD programs,"]0,4-0,6]",Amager Øst,2019,269.0
Masters and PhD programs,"]0,4-0,6]",Amager Øst,2020,285.0
Masters and PhD programs,"]0,4-0,6]",Amager Øst,2021,264.0
Masters and PhD programs,"]0,4-0,6]",Amager Øst,2022,209.0
Masters and PhD programs,"]0,4-0,6]",Amager Øst,2023,211.0
Masters and PhD programs,"]0,4-0,6]",Bispebjerg,2008,68.0
Masters and PhD programs,"]0,4-0,6]",Bispebjerg,2009,109.0
Masters and PhD programs,"]0,4-0,6]",Bispebjerg,2010,109.0
Masters and PhD programs,"]0,4-0,6]",Bispebjerg,2011,131.0
Masters and PhD programs,"]0,4-0,6]",Bispebjerg,2012,147.0
Masters and PhD programs,"]0,4-0,6]",Bispebjerg,2013,182.0
Masters and PhD programs,"]0,4-0,6]",Bispebjerg,2014,183.0
Masters and PhD programs,"]0,4-0,6]",Bispebjerg,2015,203.0
Masters and PhD programs,"]0,4-0,6]",Bispebjerg,2016,247.0
Masters and PhD programs,"]0,4-0,6]",Bispebjerg,2017,252.0
Masters and PhD programs,"]0,4-0,6]",Bispebjerg,2018,264.0
Masters and PhD programs,"]0,4-0,6]",Bispebjerg,2019,299.0
Masters and PhD programs,"]0,4-0,6]",Bispebjerg,2020,320.0
Masters and PhD programs,"]0,4-0,6]",Bispebjerg,2021,305.0
Masters and PhD programs,"]0,4-0,6]",Bispebjerg,2022,257.0
Masters and PhD programs,"]0,4-0,6]",Bispebjerg,2023,268.0
Masters and PhD programs,"]0,4-0,6]",Brønshøj-Husum,2008,27.0
Masters and PhD programs,"]0,4-0,6]",Brønshøj-Husum,2009,33.0
Masters and PhD programs,"]0,4-0,6]",Brønshøj-Husum,2010,51.0
Masters and PhD programs,"]0,4-0,6]",Brønshøj-Husum,2011,59.0
Masters and PhD programs,"]0,4-0,6]",Brønshøj-Husum,2012,60.0
Masters and PhD programs,"]0,4-0,6]",Brønshøj-Husum,2013,64.0
Masters and PhD programs,"]0,4-0,6]",Brønshøj-Husum,2014,74.0
Masters and PhD programs,"]0,4-0,6]",Brønshøj-Husum,2015,85.0
Masters and PhD programs,"]0,4-0,6]",Brønshøj-Husum,2016,86.0
Masters and PhD programs,"]0,4-0,6]",Brønshøj-Husum,2017,96.0
Masters and PhD programs,"]0,4-0,6]",Brønshøj-Husum,2018,118.0
Masters and PhD programs,"]0,4-0,6]",Brønshøj-Husum,2019,111.0
Masters and PhD programs,"]0,4-0,6]",Brønshøj-Husum,2020,142.0
Masters and PhD programs,"]0,4-0,6]",Brønshøj-Husum,2021,134.0
Masters and PhD programs,"]0,4-0,6]",Brønshøj-Husum,2022,80.0
Masters and PhD programs,"]0,4-0,6]",Brønshøj-Husum,2023,110.0
Masters and PhD programs,"]0,4-0,6]",Indre By,2008,121.0
Masters and PhD programs,"]0,4-0,6]",Indre By,2009,175.0
Masters and PhD programs,"]0,4-0,6]",Indre By,2010,179.0
Masters and PhD programs,"]0,4-0,6]",Indre By,2011,164.0
Masters and PhD programs,"]0,4-0,6]",Indre By,2012,198.0
Masters and PhD programs,"]0,4-0,6]",Indre By,2013,220.0
Masters and PhD programs,"]0,4-0,6]",Indre By,2014,205.0
Masters and PhD programs,"]0,4-0,6]",Indre By,2015,211.0
Masters and PhD programs,"]0,4-0,6]",Indre By,2016,209.0
Masters and PhD programs,"]0,4-0,6]",Indre By,2017,230.0
Masters and PhD programs,"]0,4-0,6]",Indre By,2018,163.0
Masters and PhD programs,"]0,4-0,6]",Indre By,2019,231.0
Masters and PhD programs,"]0,4-0,6]",Indre By,2020,271.0
Masters and PhD programs,"]0,4-0,6]",Indre By,2021,221.0
Masters and PhD programs,"]0,4-0,6]",Indre By,2022,185.0
Masters and PhD programs,"]0,4-0,6]",Indre By,2023,179.0
Masters and PhD programs,"]0,4-0,6]",Nørrebro,2008,197.0
Masters and PhD programs,"]0,4-0,6]",Nørrebro,2009,277.0
Masters and PhD programs,"]0,4-0,6]",Nørrebro,2010,337.0
Masters and PhD programs,"]0,4-0,6]",Nørrebro,2011,343.0
Masters and PhD programs,"]0,4-0,6]",Nørrebro,2012,428.0
Masters and PhD programs,"]0,4-0,6]",Nørrebro,2013,489.0
Masters and PhD programs,"]0,4-0,6]",Nørrebro,2014,499.0
Masters and PhD programs,"]0,4-0,6]",Nørrebro,2015,534.0
Masters and PhD programs,"]0,4-0,6]",Nørrebro,2016,577.0
Masters and PhD programs,"]0,4-0,6]",Nørrebro,2017,582.0
Masters and PhD programs,"]0,4-0,6]",Nørrebro,2018,496.0
Masters and PhD programs,"]0,4-0,6]",Nørrebro,2019,574.0
Masters and PhD programs,"]0,4-0,6]",Nørrebro,2020,603.0
Masters and PhD programs,"]0,4-0,6]",Nørrebro,2021,497.0
Masters and PhD programs,"]0,4-0,6]",Nørrebro,2022,406.0
Masters and PhD programs,"]0,4-0,6]",Nørrebro,2023,447.0
Masters and PhD programs,"]0,4-0,6]",Valby,2008,54.0
Masters and PhD programs,"]0,4-0,6]",Valby,2009,83.0
Masters and PhD programs,"]0,4-0,6]",Valby,2010,99.0
Masters and PhD programs,"]0,4-0,6]",Valby,2011,106.0
Masters and PhD programs,"]0,4-0,6]",Valby,2012,137.0
Masters and PhD programs,"]0,4-0,6]",Valby,2013,138.0
Masters and PhD programs,"]0,4-0,6]",Valby,2014,150.0
Masters and PhD programs,"]0,4-0,6]",Valby,2015,148.0
Masters and PhD programs,"]0,4-0,6]",Valby,2016,167.0
Masters and PhD programs,"]0,4-0,6]",Valby,2017,196.0
Masters and PhD programs,"]0,4-0,6]",Valby,2018,173.0
Masters and PhD programs,"]0,4-0,6]",Valby,2019,210.0
Masters and PhD programs,"]0,4-0,6]",Valby,2020,247.0
Masters and PhD programs,"]0,4-0,6]",Valby,2021,244.0
Masters and PhD programs,"]0,4-0,6]",Valby,2022,197.0
Masters and PhD programs,"]0,4-0,6]",Valby,2023,184.0
Masters and PhD programs,"]0,4-0,6]",Vanløse,2008,49.0
Masters and PhD programs,"]0,4-0,6]",Vanløse,2009,49.0
Masters and PhD programs,"]0,4-0,6]",Vanløse,2010,90.0
Masters and PhD programs,"]0,4-0,6]",Vanløse,2011,76.0
Masters and PhD programs,"]0,4-0,6]",Vanløse,2012,94.0
Masters and PhD programs,"]0,4-0,6]",Vanløse,2013,102.0
Masters and PhD programs,"]0,4-0,6]",Vanløse,2014,98.0
Masters and PhD programs,"]0,4-0,6]",Vanløse,2015,111.0
Masters and PhD programs,"]0,4-0,6]",Vanløse,2016,123.0
Masters and PhD programs,"]0,4-0,6]",Vanløse,2017,118.0
Masters and PhD programs,"]0,4-0,6]",Vanløse,2018,132.0
Masters and PhD programs,"]0,4-0,6]",Vanløse,2019,143.0
Masters and PhD programs,"]0,4-0,6]",Vanløse,2020,142.0
Masters and PhD programs,"]0,4-0,6]",Vanløse,2021,122.0
Masters and PhD programs,"]0,4-0,6]",Vanløse,2022,76.0
Masters and PhD programs,"]0,4-0,6]",Vanløse,2023,112.0
Masters and PhD programs,"]0,4-0,6]",Vesterbro/Kongens Enghave,2008,153.0
Masters and PhD programs,"]0,4-0,6]",Vesterbro/Kongens Enghave,2009,223.0
Masters and PhD programs,"]0,4-0,6]",Vesterbro/Kongens Enghave,2010,244.0
Masters and PhD programs,"]0,4-0,6]",Vesterbro/Kongens Enghave,2011,265.0
Masters and PhD programs,"]0,4-0,6]",Vesterbro/Kongens Enghave,2012,285.0
Masters and PhD programs,"]0,4-0,6]",Vesterbro/Kongens Enghave,2013,345.0
Masters and PhD programs,"]0,4-0,6]",Vesterbro/Kongens Enghave,2014,331.0
Masters and PhD programs,"]0,4-0,6]",Vesterbro/Kongens Enghave,2015,305.0
Masters and PhD programs,"]0,4-0,6]",Vesterbro/Kongens Enghave,2016,344.0
Masters and PhD programs,"]0,4-0,6]",Vesterbro/Kongens Enghave,2017,341.0
Masters and PhD programs,"]0,4-0,6]",Vesterbro/Kongens Enghave,2018,383.0
Masters and PhD programs,"]0,4-0,6]",Vesterbro/Kongens Enghave,2019,394.0
Masters and PhD programs,"]0,4-0,6]",Vesterbro/Kongens Enghave,2020,458.0
Masters and PhD programs,"]0,4-0,6]",Vesterbro/Kongens Enghave,2021,399.0
Masters and PhD programs,"]0,4-0,6]",Vesterbro/Kongens Enghave,2022,303.0
Masters and PhD programs,"]0,4-0,6]",Vesterbro/Kongens Enghave,2023,373.0
Masters and PhD programs,"]0,4-0,6]",Østerbro,2008,158.0
Masters and PhD programs,"]0,4-0,6]",Østerbro,2009,236.0
Masters and PhD programs,"]0,4-0,6]",Østerbro,2010,296.0
Masters and PhD programs,"]0,4-0,6]",Østerbro,2011,283.0
Masters and PhD programs,"]0,4-0,6]",Østerbro,2012,291.0
Masters and PhD programs,"]0,4-0,6]",Østerbro,2013,305.0
Masters and PhD programs,"]0,4-0,6]",Østerbro,2014,348.0
Masters and PhD programs,"]0,4-0,6]",Østerbro,2015,328.0
Masters and PhD programs,"]0,4-0,6]",Østerbro,2016,356.0
Masters and PhD programs,"]0,4-0,6]",Østerbro,2017,335.0
Masters and PhD programs,"]0,4-0,6]",Østerbro,2018,329.0
Masters and PhD programs,"]0,4-0,6]",Østerbro,2019,337.0
Masters and PhD programs,"]0,4-0,6]",Østerbro,2020,407.0
Masters and PhD programs,"]0,4-0,6]",Østerbro,2021,308.0
Masters and PhD programs,"]0,4-0,6]",Østerbro,2022,258.0
Masters and PhD programs,"]0,4-0,6]",Østerbro,2023,292.0
Masters and PhD programs,"]0,6-0,8]",Amager Vest,2008,47.0
Masters and PhD programs,"]0,6-0,8]",Amager Vest,2009,77.0
Masters and PhD programs,"]0,6-0,8]",Amager Vest,2010,104.0
Masters and PhD programs,"]0,6-0,8]",Amager Vest,2011,120.0
Masters and PhD programs,"]0,6-0,8]",Amager Vest,2012,143.0
Masters and PhD programs,"]0,6-0,8]",Amager Vest,2013,152.0
Masters and PhD programs,"]0,6-0,8]",Amager Vest,2014,165.0
Masters and PhD programs,"]0,6-0,8]",Amager Vest,2015,139.0
Masters and PhD programs,"]0,6-0,8]",Amager Vest,2016,131.0
Masters and PhD programs,"]0,6-0,8]",Amager Vest,2017,145.0
Masters and PhD programs,"]0,6-0,8]",Amager Vest,2018,144.0
Masters and PhD programs,"]0,6-0,8]",Amager Vest,2019,161.0
Masters and PhD programs,"]0,6-0,8]",Amager Vest,2020,219.0
Masters and PhD programs,"]0,6-0,8]",Amager Vest,2021,173.0
Masters and PhD programs,"]0,6-0,8]",Amager Vest,2022,103.0
Masters and PhD programs,"]0,6-0,8]",Amager Vest,2023,126.0
Masters and PhD programs,"]0,6-0,8]",Amager Øst,2008,31.0
Masters and PhD programs,"]0,6-0,8]",Amager Øst,2009,65.0
Masters and PhD programs,"]0,6-0,8]",Amager Øst,2010,98.0
Masters and PhD programs,"]0,6-0,8]",Amager Øst,2011,99.0
Masters and PhD programs,"]0,6-0,8]",Amager Øst,2012,107.0
Masters and PhD programs,"]0,6-0,8]",Amager Øst,2013,113.0
Masters and PhD programs,"]0,6-0,8]",Amager Øst,2014,148.0
Masters and PhD programs,"]0,6-0,8]",Amager Øst,2015,121.0
Masters and PhD programs,"]0,6-0,8]",Amager Øst,2016,128.0
Masters and PhD programs,"]0,6-0,8]",Amager Øst,2017,136.0
Masters and PhD programs,"]0,6-0,8]",Amager Øst,2018,149.0
Masters and PhD programs,"]0,6-0,8]",Amager Øst,2019,124.0
Masters and PhD programs,"]0,6-0,8]",Amager Øst,2020,197.0
Masters and PhD programs,"]0,6-0,8]",Amager Øst,2021,149.0
Masters and PhD programs,"]0,6-0,8]",Amager Øst,2022,85.0
Masters and PhD programs,"]0,6-0,8]",Amager Øst,2023,107.0
Masters and PhD programs,"]0,6-0,8]",Bispebjerg,2008,34.0
Masters and PhD programs,"]0,6-0,8]",Bispebjerg,2009,46.0
Masters and PhD programs,"]0,6-0,8]",Bispebjerg,2010,71.0
Masters and PhD programs,"]0,6-0,8]",Bispebjerg,2011,74.0
Masters and PhD programs,"]0,6-0,8]",Bispebjerg,2012,112.0
Masters and PhD programs,"]0,6-0,8]",Bispebjerg,2013,105.0
Masters and PhD programs,"]0,6-0,8]",Bispebjerg,2014,137.0
Masters and PhD programs,"]0,6-0,8]",Bispebjerg,2015,112.0
Masters and PhD programs,"]0,6-0,8]",Bispebjerg,2016,136.0
Masters and PhD programs,"]0,6-0,8]",Bispebjerg,2017,159.0
Masters and PhD programs,"]0,6-0,8]",Bispebjerg,2018,152.0
Masters and PhD programs,"]0,6-0,8]",Bispebjerg,2019,182.0
Masters and PhD programs,"]0,6-0,8]",Bispebjerg,2020,193.0
Masters and PhD programs,"]0,6-0,8]",Bispebjerg,2021,175.0
Masters and PhD programs,"]0,6-0,8]",Bispebjerg,2022,132.0
Masters and PhD programs,"]0,6-0,8]",Bispebjerg,2023,132.0
Masters and PhD programs,"]0,6-0,8]",Brønshøj-Husum,2008,12.0
Masters and PhD programs,"]0,6-0,8]",Brønshøj-Husum,2009,27.0
Masters and PhD programs,"]0,6-0,8]",Brønshøj-Husum,2010,36.0
Masters and PhD programs,"]0,6-0,8]",Brønshøj-Husum,2011,40.0
Masters and PhD programs,"]0,6-0,8]",Brønshøj-Husum,2012,46.0
Masters and PhD programs,"]0,6-0,8]",Brønshøj-Husum,2013,49.0
Masters and PhD programs,"]0,6-0,8]",Brønshøj-Husum,2014,57.0
Masters and PhD programs,"]0,6-0,8]",Brønshøj-Husum,2015,68.0
Masters and PhD programs,"]0,6-0,8]",Brønshøj-Husum,2016,59.0
Masters and PhD programs,"]0,6-0,8]",Brønshøj-Husum,2017,92.0
Masters and PhD programs,"]0,6-0,8]",Brønshøj-Husum,2018,64.0
Masters and PhD programs,"]0,6-0,8]",Brønshøj-Husum,2019,85.0
Masters and PhD programs,"]0,6-0,8]",Brønshøj-Husum,2020,93.0
Masters and PhD programs,"]0,6-0,8]",Brønshøj-Husum,2021,82.0
Masters and PhD programs,"]0,6-0,8]",Brønshøj-Husum,2022,59.0
Masters and PhD programs,"]0,6-0,8]",Brønshøj-Husum,2023,66.0
Masters and PhD programs,"]0,6-0,8]",Indre By,2008,72.0
Masters and PhD programs,"]0,6-0,8]",Indre By,2009,125.0
Masters and PhD programs,"]0,6-0,8]",Indre By,2010,122.0
Masters and PhD programs,"]0,6-0,8]",Indre By,2011,139.0
Masters and PhD programs,"]0,6-0,8]",Indre By,2012,173.0
Masters and PhD programs,"]0,6-0,8]",Indre By,2013,141.0
Masters and PhD programs,"]0,6-0,8]",Indre By,2014,153.0
Masters and PhD programs,"]0,6-0,8]",Indre By,2015,123.0
Masters and PhD programs,"]0,6-0,8]",Indre By,2016,111.0
Masters and PhD programs,"]0,6-0,8]",Indre By,2017,142.0
Masters and PhD programs,"]0,6-0,8]",Indre By,2018,125.0
Masters and PhD programs,"]0,6-0,8]",Indre By,2019,144.0
Masters and PhD programs,"]0,6-0,8]",Indre By,2020,168.0
Masters and PhD programs,"]0,6-0,8]",Indre By,2021,122.0
Masters and PhD programs,"]0,6-0,8]",Indre By,2022,82.0
Masters and PhD programs,"]0,6-0,8]",Indre By,2023,101.0
Masters and PhD programs,"]0,6-0,8]",Nørrebro,2008,90.0
Masters and PhD programs,"]0,6-0,8]",Nørrebro,2009,166.0
Masters and PhD programs,"]0,6-0,8]",Nørrebro,2010,239.0
Masters and PhD programs,"]0,6-0,8]",Nørrebro,2011,255.0
Masters and PhD programs,"]0,6-0,8]",Nørrebro,2012,287.0
Masters and PhD programs,"]0,6-0,8]",Nørrebro,2013,298.0
Masters and PhD programs,"]0,6-0,8]",Nørrebro,2014,294.0
Masters and PhD programs,"]0,6-0,8]",Nørrebro,2015,287.0
Masters and PhD programs,"]0,6-0,8]",Nørrebro,2016,284.0
Masters and PhD programs,"]0,6-0,8]",Nørrebro,2017,335.0
Masters and PhD programs,"]0,6-0,8]",Nørrebro,2018,312.0
Masters and PhD programs,"]0,6-0,8]",Nørrebro,2019,319.0
Masters and PhD programs,"]0,6-0,8]",Nørrebro,2020,393.0
Masters and PhD programs,"]0,6-0,8]",Nørrebro,2021,291.0
Masters and PhD programs,"]0,6-0,8]",Nørrebro,2022,160.0
Masters and PhD programs,"]0,6-0,8]",Nørrebro,2023,186.0
Masters and PhD programs,"]0,6-0,8]",Valby,2008,26.0
Masters and PhD programs,"]0,6-0,8]",Valby,2009,47.0
Masters and PhD programs,"]0,6-0,8]",Valby,2010,65.0
Masters and PhD programs,"]0,6-0,8]",Valby,2011,85.0
Masters and PhD programs,"]0,6-0,8]",Valby,2012,101.0
Masters and PhD programs,"]0,6-0,8]",Valby,2013,79.0
Masters and PhD programs,"]0,6-0,8]",Valby,2014,91.0
Masters and PhD programs,"]0,6-0,8]",Valby,2015,79.0
Masters and PhD programs,"]0,6-0,8]",Valby,2016,95.0
Masters and PhD programs,"]0,6-0,8]",Valby,2017,112.0
Masters and PhD programs,"]0,6-0,8]",Valby,2018,112.0
Masters and PhD programs,"]0,6-0,8]",Valby,2019,126.0
Masters and PhD programs,"]0,6-0,8]",Valby,2020,141.0
Masters and PhD programs,"]0,6-0,8]",Valby,2021,117.0
Masters and PhD programs,"]0,6-0,8]",Valby,2022,85.0
Masters and PhD programs,"]0,6-0,8]",Valby,2023,90.0
Masters and PhD programs,"]0,6-0,8]",Vanløse,2008,22.0
Masters and PhD programs,"]0,6-0,8]",Vanløse,2009,33.0
Masters and PhD programs,"]0,6-0,8]",Vanløse,2010,53.0
Masters and PhD programs,"]0,6-0,8]",Vanløse,2011,60.0
Masters and PhD programs,"]0,6-0,8]",Vanløse,2012,65.0
Masters and PhD programs,"]0,6-0,8]",Vanløse,2013,65.0
Masters and PhD programs,"]0,6-0,8]",Vanløse,2014,81.0
Masters and PhD programs,"]0,6-0,8]",Vanløse,2015,56.0
Masters and PhD programs,"]0,6-0,8]",Vanløse,2016,76.0
Masters and PhD programs,"]0,6-0,8]",Vanløse,2017,80.0
Masters and PhD programs,"]0,6-0,8]",Vanløse,2018,85.0
Masters and PhD programs,"]0,6-0,8]",Vanløse,2019,91.0
Masters and PhD programs,"]0,6-0,8]",Vanløse,2020,83.0
Masters and PhD programs,"]0,6-0,8]",Vanløse,2021,76.0
Masters and PhD programs,"]0,6-0,8]",Vanløse,2022,45.0
Masters and PhD programs,"]0,6-0,8]",Vanløse,2023,44.0
Masters and PhD programs,"]0,6-0,8]",Vesterbro/Kongens Enghave,2008,68.0
Masters and PhD programs,"]0,6-0,8]",Vesterbro/Kongens Enghave,2009,128.0
Masters and PhD programs,"]0,6-0,8]",Vesterbro/Kongens Enghave,2010,172.0
Masters and PhD programs,"]0,6-0,8]",Vesterbro/Kongens Enghave,2011,183.0
Masters and PhD programs,"]0,6-0,8]",Vesterbro/Kongens Enghave,2012,191.0
Masters and PhD programs,"]0,6-0,8]",Vesterbro/Kongens Enghave,2013,197.0
Masters and PhD programs,"]0,6-0,8]",Vesterbro/Kongens Enghave,2014,205.0
Masters and PhD programs,"]0,6-0,8]",Vesterbro/Kongens Enghave,2015,184.0
Masters and PhD programs,"]0,6-0,8]",Vesterbro/Kongens Enghave,2016,188.0
Masters and PhD programs,"]0,6-0,8]",Vesterbro/Kongens Enghave,2017,187.0
Masters and PhD programs,"]0,6-0,8]",Vesterbro/Kongens Enghave,2018,180.0
Masters and PhD programs,"]0,6-0,8]",Vesterbro/Kongens Enghave,2019,208.0
Masters and PhD programs,"]0,6-0,8]",Vesterbro/Kongens Enghave,2020,286.0
Masters and PhD programs,"]0,6-0,8]",Vesterbro/Kongens Enghave,2021,228.0
Masters and PhD programs,"]0,6-0,8]",Vesterbro/Kongens Enghave,2022,142.0
Masters and PhD programs,"]0,6-0,8]",Vesterbro/Kongens Enghave,2023,187.0
Masters and PhD programs,"]0,6-0,8]",Østerbro,2008,92.0
Masters and PhD programs,"]0,6-0,8]",Østerbro,2009,149.0
Masters and PhD programs,"]0,6-0,8]",Østerbro,2010,176.0
Masters and PhD programs,"]0,6-0,8]",Østerbro,2011,201.0
Masters and PhD programs,"]0,6-0,8]",Østerbro,2012,222.0
Masters and PhD programs,"]0,6-0,8]",Østerbro,2013,203.0
Masters and PhD programs,"]0,6-0,8]",Østerbro,2014,221.0
Masters and PhD programs,"]0,6-0,8]",Østerbro,2015,179.0
Masters and PhD programs,"]0,6-0,8]",Østerbro,2016,167.0
Masters and PhD programs,"]0,6-0,8]",Østerbro,2017,194.0
Masters and PhD programs,"]0,6-0,8]",Østerbro,2018,180.0
Masters and PhD programs,"]0,6-0,8]",Østerbro,2019,187.0
Masters and PhD programs,"]0,6-0,8]",Østerbro,2020,227.0
Masters and PhD programs,"]0,6-0,8]",Østerbro,2021,211.0
Masters and PhD programs,"]0,6-0,8]",Østerbro,2022,120.0
Masters and PhD programs,"]0,6-0,8]",Østerbro,2023,153.0
Masters and PhD programs,"]0,8-1]",Amager Vest,2008,40.0
Masters and PhD programs,"]0,8-1]",Amager Vest,2009,74.0
Masters and PhD programs,"]0,8-1]",Amager Vest,2010,148.0
Masters and PhD programs,"]0,8-1]",Amager Vest,2011,149.0
Masters and PhD programs,"]0,8-1]",Amager Vest,2012,202.0
Masters and PhD programs,"]0,8-1]",Amager Vest,2013,183.0
Masters and PhD programs,"]0,8-1]",Amager Vest,2014,168.0
Masters and PhD programs,"]0,8-1]",Amager Vest,2015,147.0
Masters and PhD programs,"]0,8-1]",Amager Vest,2016,148.0
Masters and PhD programs,"]0,8-1]",Amager Vest,2017,161.0
Masters and PhD programs,"]0,8-1]",Amager Vest,2018,163.0
Masters and PhD programs,"]0,8-1]",Amager Vest,2019,172.0
Masters and PhD programs,"]0,8-1]",Amager Vest,2020,267.0
Masters and PhD programs,"]0,8-1]",Amager Vest,2021,178.0
Masters and PhD programs,"]0,8-1]",Amager Vest,2022,98.0
Masters and PhD programs,"]0,8-1]",Amager Vest,2023,109.0
Masters and PhD programs,"]0,8-1]",Amager Øst,2008,48.0
Masters and PhD programs,"]0,8-1]",Amager Øst,2009,77.0
Masters and PhD programs,"]0,8-1]",Amager Øst,2010,130.0
Masters and PhD programs,"]0,8-1]",Amager Øst,2011,137.0
Masters and PhD programs,"]0,8-1]",Amager Øst,2012,154.0
Masters and PhD programs,"]0,8-1]",Amager Øst,2013,160.0
Masters and PhD programs,"]0,8-1]",Amager Øst,2014,143.0
Masters and PhD programs,"]0,8-1]",Amager Øst,2015,133.0
Masters and PhD programs,"]0,8-1]",Amager Øst,2016,129.0
Masters and PhD programs,"]0,8-1]",Amager Øst,2017,125.0
Masters and PhD programs,"]0,8-1]",Amager Øst,2018,143.0
Masters and PhD programs,"]0,8-1]",Amager Øst,2019,150.0
Masters and PhD programs,"]0,8-1]",Amager Øst,2020,218.0
Masters and PhD programs,"]0,8-1]",Amager Øst,2021,149.0
Masters and PhD programs,"]0,8-1]",Amager Øst,2022,68.0
Masters and PhD programs,"]0,8-1]",Amager Øst,2023,69.0
Masters and PhD programs,"]0,8-1]",Bispebjerg,2008,31.0
Masters and PhD programs,"]0,8-1]",Bispebjerg,2009,54.0
Masters and PhD programs,"]0,8-1]",Bispebjerg,2010,112.0
Masters and PhD programs,"]0,8-1]",Bispebjerg,2011,155.0
Masters and PhD programs,"]0,8-1]",Bispebjerg,2012,180.0
Masters and PhD programs,"]0,8-1]",Bispebjerg,2013,160.0
Masters and PhD programs,"]0,8-1]",Bispebjerg,2014,160.0
Masters and PhD programs,"]0,8-1]",Bispebjerg,2015,178.0
Masters and PhD programs,"]0,8-1]",Bispebjerg,2016,133.0
Masters and PhD programs,"]0,8-1]",Bispebjerg,2017,161.0
Masters and PhD programs,"]0,8-1]",Bispebjerg,2018,153.0
Masters and PhD programs,"]0,8-1]",Bispebjerg,2019,175.0
Masters and PhD programs,"]0,8-1]",Bispebjerg,2020,244.0
Masters and PhD programs,"]0,8-1]",Bispebjerg,2021,163.0
Masters and PhD programs,"]0,8-1]",Bispebjerg,2022,81.0
Masters and PhD programs,"]0,8-1]",Bispebjerg,2023,97.0
Masters and PhD programs,"]0,8-1]",Brønshøj-Husum,2008,21.0
Masters and PhD programs,"]0,8-1]",Brønshøj-Husum,2009,32.0
Masters and PhD programs,"]0,8-1]",Brønshøj-Husum,2010,53.0
Masters and PhD programs,"]0,8-1]",Brønshøj-Husum,2011,53.0
Masters and PhD programs,"]0,8-1]",Brønshøj-Husum,2012,83.0
Masters and PhD programs,"]0,8-1]",Brønshøj-Husum,2013,81.0
Masters and PhD programs,"]0,8-1]",Brønshøj-Husum,2014,81.0
Masters and PhD programs,"]0,8-1]",Brønshøj-Husum,2015,68.0
Masters and PhD programs,"]0,8-1]",Brønshøj-Husum,2016,56.0
Masters and PhD programs,"]0,8-1]",Brønshøj-Husum,2017,73.0
Masters and PhD programs,"]0,8-1]",Brønshøj-Husum,2018,75.0
Masters and PhD programs,"]0,8-1]",Brønshøj-Husum,2019,71.0
Masters and PhD programs,"]0,8-1]",Brønshøj-Husum,2020,107.0
Masters and PhD programs,"]0,8-1]",Brønshøj-Husum,2021,83.0
Masters and PhD programs,"]0,8-1]",Brønshøj-Husum,2022,40.0
Masters and PhD programs,"]0,8-1]",Brønshøj-Husum,2023,38.0
Masters and PhD programs,"]0,8-1]",Indre By,2008,66.0
Masters and PhD programs,"]0,8-1]",Indre By,2009,115.0
Masters and PhD programs,"]0,8-1]",Indre By,2010,180.0
Masters and PhD programs,"]0,8-1]",Indre By,2011,187.0
Masters and PhD programs,"]0,8-1]",Indre By,2012,202.0
Masters and PhD programs,"]0,8-1]",Indre By,2013,177.0
Masters and PhD programs,"]0,8-1]",Indre By,2014,164.0
Masters and PhD programs,"]0,8-1]",Indre By,2015,116.0
Masters and PhD programs,"]0,8-1]",Indre By,2016,122.0
Masters and PhD programs,"]0,8-1]",Indre By,2017,132.0
Masters and PhD programs,"]0,8-1]",Indre By,2018,106.0
Masters and PhD programs,"]0,8-1]",Indre By,2019,111.0
Masters and PhD programs,"]0,8-1]",Indre By,2020,207.0
Masters and PhD programs,"]0,8-1]",Indre By,2021,151.0
Masters and PhD programs,"]0,8-1]",Indre By,2022,57.0
Masters and PhD programs,"]0,8-1]",Indre By,2023,83.0
Masters and PhD programs,"]0,8-1]",Nørrebro,2008,95.0
Masters and PhD programs,"]0,8-1]",Nørrebro,2009,171.0
Masters and PhD programs,"]0,8-1]",Nørrebro,2010,274.0
Masters and PhD programs,"]0,8-1]",Nørrebro,2011,376.0
Masters and PhD programs,"]0,8-1]",Nørrebro,2012,398.0
Masters and PhD programs,"]0,8-1]",Nørrebro,2013,378.0
Masters and PhD programs,"]0,8-1]",Nørrebro,2014,361.0
Masters and PhD programs,"]0,8-1]",Nørrebro,2015,251.0
Masters and PhD programs,"]0,8-1]",Nørrebro,2016,250.0
Masters and PhD programs,"]0,8-1]",Nørrebro,2017,310.0
Masters and PhD programs,"]0,8-1]",Nørrebro,2018,288.0
Masters and PhD programs,"]0,8-1]",Nørrebro,2019,274.0
Masters and PhD programs,"]0,8-1]",Nørrebro,2020,434.0
Masters and PhD programs,"]0,8-1]",Nørrebro,2021,275.0
Masters and PhD programs,"]0,8-1]",Nørrebro,2022,109.0
Masters and PhD programs,"]0,8-1]",Nørrebro,2023,138.0
Masters and PhD programs,"]0,8-1]",Valby,2008,33.0
Masters and PhD programs,"]0,8-1]",Valby,2009,56.0
Masters and PhD programs,"]0,8-1]",Valby,2010,98.0
Masters and PhD programs,"]0,8-1]",Valby,2011,105.0
Masters and PhD programs,"]0,8-1]",Valby,2012,122.0
Masters and PhD programs,"]0,8-1]",Valby,2013,110.0
Masters and PhD programs,"]0,8-1]",Valby,2014,99.0
Masters and PhD programs,"]0,8-1]",Valby,2015,96.0
Masters and PhD programs,"]0,8-1]",Valby,2016,105.0
Masters and PhD programs,"]0,8-1]",Valby,2017,94.0
Masters and PhD programs,"]0,8-1]",Valby,2018,116.0
Masters and PhD programs,"]0,8-1]",Valby,2019,113.0
Masters and PhD programs,"]0,8-1]",Valby,2020,187.0
Masters and PhD programs,"]0,8-1]",Valby,2021,133.0
Masters and PhD programs,"]0,8-1]",Valby,2022,63.0
Masters and PhD programs,"]0,8-1]",Valby,2023,91.0
Masters and PhD programs,"]0,8-1]",Vanløse,2008,21.0
Masters and PhD programs,"]0,8-1]",Vanløse,2009,41.0
Masters and PhD programs,"]0,8-1]",Vanløse,2010,56.0
Masters and PhD programs,"]0,8-1]",Vanløse,2011,75.0
Masters and PhD programs,"]0,8-1]",Vanløse,2012,100.0
Masters and PhD programs,"]0,8-1]",Vanløse,2013,86.0
Masters and PhD programs,"]0,8-1]",Vanløse,2014,87.0
Masters and PhD programs,"]0,8-1]",Vanløse,2015,78.0
Masters and PhD programs,"]0,8-1]",Vanløse,2016,49.0
Masters and PhD programs,"]0,8-1]",Vanløse,2017,85.0
Masters and PhD programs,"]0,8-1]",Vanløse,2018,71.0
Masters and PhD programs,"]0,8-1]",Vanløse,2019,95.0
Masters and PhD programs,"]0,8-1]",Vanløse,2020,125.0
Masters and PhD programs,"]0,8-1]",Vanløse,2021,83.0
Masters and PhD programs,"]0,8-1]",Vanløse,2022,51.0
Masters and PhD programs,"]0,8-1]",Vanløse,2023,43.0
Masters and PhD programs,"]0,8-1]",Vesterbro/Kongens Enghave,2008,85.0
Masters and PhD programs,"]0,8-1]",Vesterbro/Kongens Enghave,2009,143.0
Masters and PhD programs,"]0,8-1]",Vesterbro/Kongens Enghave,2010,235.0
Masters and PhD programs,"]0,8-1]",Vesterbro/Kongens Enghave,2011,220.0
Masters and PhD programs,"]0,8-1]",Vesterbro/Kongens Enghave,2012,297.0
Masters and PhD programs,"]0,8-1]",Vesterbro/Kongens Enghave,2013,231.0
Masters and PhD programs,"]0,8-1]",Vesterbro/Kongens Enghave,2014,202.0
Masters and PhD programs,"]0,8-1]",Vesterbro/Kongens Enghave,2015,185.0
Masters and PhD programs,"]0,8-1]",Vesterbro/Kongens Enghave,2016,178.0
Masters and PhD programs,"]0,8-1]",Vesterbro/Kongens Enghave,2017,212.0
Masters and PhD programs,"]0,8-1]",Vesterbro/Kongens Enghave,2018,180.0
Masters and PhD programs,"]0,8-1]",Vesterbro/Kongens Enghave,2019,205.0
Masters and PhD programs,"]0,8-1]",Vesterbro/Kongens Enghave,2020,350.0
Masters and PhD programs,"]0,8-1]",Vesterbro/Kongens Enghave,2021,240.0
Masters and PhD programs,"]0,8-1]",Vesterbro/Kongens Enghave,2022,104.0
Masters and PhD programs,"]0,8-1]",Vesterbro/Kongens Enghave,2023,131.0
Masters and PhD programs,"]0,8-1]",Østerbro,2008,80.0
Masters and PhD programs,"]0,8-1]",Østerbro,2009,135.0
Masters and PhD programs,"]0,8-1]",Østerbro,2010,232.0
Masters and PhD programs,"]0,8-1]",Østerbro,2011,256.0
Masters and PhD programs,"]0,8-1]",Østerbro,2012,302.0
Masters and PhD programs,"]0,8-1]",Østerbro,2013,251.0
Masters and PhD programs,"]0,8-1]",Østerbro,2014,225.0
Masters and PhD programs,"]0,8-1]",Østerbro,2015,191.0
Masters and PhD programs,"]0,8-1]",Østerbro,2016,173.0
Masters and PhD programs,"]0,8-1]",Østerbro,2017,217.0
Masters and PhD programs,"]0,8-1]",Østerbro,2018,169.0
Masters and PhD programs,"]0,8-1]",Østerbro,2019,193.0
Masters and PhD programs,"]0,8-1]",Østerbro,2020,292.0
Masters and PhD programs,"]0,8-1]",Østerbro,2021,177.0
Masters and PhD programs,"]0,8-1]",Østerbro,2022,86.0
Masters and PhD programs,"]0,8-1]",Østerbro,2023,123.0
Primary education and not stated,"[0-0,2]",Amager Vest,2008,558.0
Primary education and not stated,"[0-0,2]",Amager Vest,2009,533.0
Primary education and not stated,"[0-0,2]",Amager Vest,2010,526.0
Primary education and not stated,"[0-0,2]",Amager Vest,2011,507.0
Primary education and not stated,"[0-0,2]",Amager Vest,2012,465.0
Primary education and not stated,"[0-0,2]",Amager Vest,2013,480.0
Primary education and not stated,"[0-0,2]",Amager Vest,2014,272.0
Primary education and not stated,"[0-0,2]",Amager Vest,2015,276.0
Primary education and not stated,"[0-0,2]",Amager Vest,2016,258.0
Primary education and not stated,"[0-0,2]",Amager Vest,2017,259.0
Primary education and not stated,"[0-0,2]",Amager Vest,2018,231.0
Primary education and not stated,"[0-0,2]",Amager Vest,2019,250.0
Primary education and not stated,"[0-0,2]",Amager Vest,2020,265.0
Primary education and not stated,"[0-0,2]",Amager Vest,2021,225.0
Primary education and not stated,"[0-0,2]",Amager Vest,2022,258.0
Primary education and not stated,"[0-0,2]",Amager Vest,2023,210.0
Primary education and not stated,"[0-0,2]",Amager Øst,2008,500.0
Primary education and not stated,"[0-0,2]",Amager Øst,2009,456.0
Primary education and not stated,"[0-0,2]",Amager Øst,2010,468.0
Primary education and not stated,"[0-0,2]",Amager Øst,2011,470.0
Primary education and not stated,"[0-0,2]",Amager Øst,2012,480.0
Primary education and not stated,"[0-0,2]",Amager Øst,2013,437.0
Primary education and not stated,"[0-0,2]",Amager Øst,2014,275.0
Primary education and not stated,"[0-0,2]",Amager Øst,2015,271.0
Primary education and not stated,"[0-0,2]",Amager Øst,2016,243.0
Primary education and not stated,"[0-0,2]",Amager Øst,2017,200.0
Primary education and not stated,"[0-0,2]",Amager Øst,2018,199.0
Primary education and not stated,"[0-0,2]",Amager Øst,2019,184.0
Primary education and not stated,"[0-0,2]",Amager Øst,2020,206.0
Primary education and not stated,"[0-0,2]",Amager Øst,2021,170.0
Primary education and not stated,"[0-0,2]",Amager Øst,2022,193.0
Primary education and not stated,"[0-0,2]",Amager Øst,2023,167.0
Primary education and not stated,"[0-0,2]",Bispebjerg,2008,621.0
Primary education and not stated,"[0-0,2]",Bispebjerg,2009,626.0
Primary education and not stated,"[0-0,2]",Bispebjerg,2010,632.0
Primary education and not stated,"[0-0,2]",Bispebjerg,2011,651.0
Primary education and not stated,"[0-0,2]",Bispebjerg,2012,591.0
Primary education and not stated,"[0-0,2]",Bispebjerg,2013,535.0
Primary education and not stated,"[0-0,2]",Bispebjerg,2014,326.0
Primary education and not stated,"[0-0,2]",Bispebjerg,2015,343.0
Primary education and not stated,"[0-0,2]",Bispebjerg,2016,285.0
Primary education and not stated,"[0-0,2]",Bispebjerg,2017,245.0
Primary education and not stated,"[0-0,2]",Bispebjerg,2018,242.0
Primary education and not stated,"[0-0,2]",Bispebjerg,2019,212.0
Primary education and not stated,"[0-0,2]",Bispebjerg,2020,201.0
Primary education and not stated,"[0-0,2]",Bispebjerg,2021,191.0
Primary education and not stated,"[0-0,2]",Bispebjerg,2022,236.0
Primary education and not stated,"[0-0,2]",Bispebjerg,2023,201.0
Primary education and not stated,"[0-0,2]",Brønshøj-Husum,2008,438.0
Primary education and not stated,"[0-0,2]",Brønshøj-Husum,2009,470.0
Primary education and not stated,"[0-0,2]",Brønshøj-Husum,2010,423.0
Primary education and not stated,"[0-0,2]",Brønshøj-Husum,2011,439.0
Primary education and not stated,"[0-0,2]",Brønshøj-Husum,2012,451.0
Primary education and not stated,"[0-0,2]",Brønshøj-Husum,2013,359.0
Primary education and not stated,"[0-0,2]",Brønshøj-Husum,2014,296.0
Primary education and not stated,"[0-0,2]",Brønshøj-Husum,2015,243.0
Primary education and not stated,"[0-0,2]",Brønshøj-Husum,2016,254.0
Primary education and not stated,"[0-0,2]",Brønshøj-Husum,2017,174.0
Primary education and not stated,"[0-0,2]",Brønshøj-Husum,2018,203.0
Primary education and not stated,"[0-0,2]",Brønshøj-Husum,2019,177.0
Primary education and not stated,"[0-0,2]",Brønshøj-Husum,2020,192.0
Primary education and not stated,"[0-0,2]",Brønshøj-Husum,2021,172.0
Primary education and not stated,"[0-0,2]",Brønshøj-Husum,2022,174.0
Primary education and not stated,"[0-0,2]",Brønshøj-Husum,2023,166.0
Primary education and not stated,"[0-0,2]",Indre By,2008,256.0
Primary education and not stated,"[0-0,2]",Indre By,2009,209.0
Primary education and not stated,"[0-0,2]",Indre By,2010,211.0
Primary education and not stated,"[0-0,2]",Indre By,2011,206.0
Primary education and not stated,"[0-0,2]",Indre By,2012,163.0
Primary education and not stated,"[0-0,2]",Indre By,2013,190.0
Primary education and not stated,"[0-0,2]",Indre By,2014,115.0
Primary education and not stated,"[0-0,2]",Indre By,2015,120.0
Primary education and not stated,"[0-0,2]",Indre By,2016,108.0
Primary education and not stated,"[0-0,2]",Indre By,2017,105.0
Primary education and not stated,"[0-0,2]",Indre By,2018,71.0
Primary education and not stated,"[0-0,2]",Indre By,2019,81.0
Primary education and not stated,"[0-0,2]",Indre By,2020,104.0
Primary education and not stated,"[0-0,2]",Indre By,2021,85.0
Primary education and not stated,"[0-0,2]",Indre By,2022,88.0
Primary education and not stated,"[0-0,2]",Indre By,2023,75.0
Primary education and not stated,"[0-0,2]",Nørrebro,2008,753.0
Primary education and not stated,"[0-0,2]",Nørrebro,2009,753.0
Primary education and not stated,"[0-0,2]",Nørrebro,2010,700.0
Primary education and not stated,"[0-0,2]",Nørrebro,2011,713.0
Primary education and not stated,"[0-0,2]",Nørrebro,2012,599.0
Primary education and not stated,"[0-0,2]",Nørrebro,2013,593.0
Primary education and not stated,"[0-0,2]",Nørrebro,2014,349.0
Primary education and not stated,"[0-0,2]",Nørrebro,2015,323.0
Primary education and not stated,"[0-0,2]",Nørrebro,2016,296.0
Primary education and not stated,"[0-0,2]",Nørrebro,2017,225.0
Primary education and not stated,"[0-0,2]",Nørrebro,2018,236.0
Primary education and not stated,"[0-0,2]",Nørrebro,2019,236.0
Primary education and not stated,"[0-0,2]",Nørrebro,2020,222.0
Primary education and not stated,"[0-0,2]",Nørrebro,2021,180.0
Primary education and not stated,"[0-0,2]",Nørrebro,2022,241.0
Primary education and not stated,"[0-0,2]",Nørrebro,2023,200.0
Primary education and not stated,"[0-0,2]",Valby,2008,458.0
Primary education and not stated,"[0-0,2]",Valby,2009,489.0
Primary education and not stated,"[0-0,2]",Valby,2010,523.0
Primary education and not stated,"[0-0,2]",Valby,2011,500.0
Primary education and not stated,"[0-0,2]",Valby,2012,455.0
Primary education and not stated,"[0-0,2]",Valby,2013,467.0
Primary education and not stated,"[0-0,2]",Valby,2014,265.0
Primary education and not stated,"[0-0,2]",Valby,2015,277.0
Primary education and not stated,"[0-0,2]",Valby,2016,252.0
Primary education and not stated,"[0-0,2]",Valby,2017,241.0
Primary education and not stated,"[0-0,2]",Valby,2018,207.0
Primary education and not stated,"[0-0,2]",Valby,2019,233.0
Primary education and not stated,"[0-0,2]",Valby,2020,255.0
Primary education and not stated,"[0-0,2]",Valby,2021,220.0
Primary education and not stated,"[0-0,2]",Valby,2022,244.0
Primary education and not stated,"[0-0,2]",Valby,2023,216.0
Primary education and not stated,"[0-0,2]",Vanløse,2008,219.0
Primary education and not stated,"[0-0,2]",Vanløse,2009,252.0
Primary education and not stated,"[0-0,2]",Vanløse,2010,258.0
Primary education and not stated,"[0-0,2]",Vanløse,2011,280.0
Primary education and not stated,"[0-0,2]",Vanløse,2012,273.0
Primary education and not stated,"[0-0,2]",Vanløse,2013,237.0
Primary education and not stated,"[0-0,2]",Vanløse,2014,134.0
Primary education and not stated,"[0-0,2]",Vanløse,2015,156.0
Primary education and not stated,"[0-0,2]",Vanløse,2016,137.0
Primary education and not stated,"[0-0,2]",Vanløse,2017,110.0
Primary education and not stated,"[0-0,2]",Vanløse,2018,116.0
Primary education and not stated,"[0-0,2]",Vanløse,2019,101.0
Primary education and not stated,"[0-0,2]",Vanløse,2020,110.0
Primary education and not stated,"[0-0,2]",Vanløse,2021,83.0
Primary education and not stated,"[0-0,2]",Vanløse,2022,105.0
Primary education and not stated,"[0-0,2]",Vanløse,2023,88.0
Primary education and not stated,"[0-0,2]",Vesterbro/Kongens Enghave,2008,617.0
Primary education and not stated,"[0-0,2]",Vesterbro/Kongens Enghave,2009,616.0
Primary education and not stated,"[0-0,2]",Vesterbro/Kongens Enghave,2010,567.0
Primary education and not stated,"[0-0,2]",Vesterbro/Kongens Enghave,2011,520.0
Primary education and not stated,"[0-0,2]",Vesterbro/Kongens Enghave,2012,479.0
Primary education and not stated,"[0-0,2]",Vesterbro/Kongens Enghave,2013,440.0
Primary education and not stated,"[0-0,2]",Vesterbro/Kongens Enghave,2014,278.0
Primary education and not stated,"[0-0,2]",Vesterbro/Kongens Enghave,2015,291.0
Primary education and not stated,"[0-0,2]",Vesterbro/Kongens Enghave,2016,277.0
Primary education and not stated,"[0-0,2]",Vesterbro/Kongens Enghave,2017,239.0
Primary education and not stated,"[0-0,2]",Vesterbro/Kongens Enghave,2018,226.0
Primary education and not stated,"[0-0,2]",Vesterbro/Kongens Enghave,2019,197.0
Primary education and not stated,"[0-0,2]",Vesterbro/Kongens Enghave,2020,234.0
Primary education and not stated,"[0-0,2]",Vesterbro/Kongens Enghave,2021,197.0
Primary education and not stated,"[0-0,2]",Vesterbro/Kongens Enghave,2022,220.0
Primary education and not stated,"[0-0,2]",Vesterbro/Kongens Enghave,2023,235.0
Primary education and not stated,"[0-0,2]",Østerbro,2008,395.0
Primary education and not stated,"[0-0,2]",Østerbro,2009,430.0
Primary education and not stated,"[0-0,2]",Østerbro,2010,418.0
Primary education and not stated,"[0-0,2]",Østerbro,2011,410.0
Primary education and not stated,"[0-0,2]",Østerbro,2012,354.0
Primary education and not stated,"[0-0,2]",Østerbro,2013,315.0
Primary education and not stated,"[0-0,2]",Østerbro,2014,207.0
Primary education and not stated,"[0-0,2]",Østerbro,2015,173.0
Primary education and not stated,"[0-0,2]",Østerbro,2016,189.0
Primary education and not stated,"[0-0,2]",Østerbro,2017,165.0
Primary education and not stated,"[0-0,2]",Østerbro,2018,142.0
Primary education and not stated,"[0-0,2]",Østerbro,2019,133.0
Primary education and not stated,"[0-0,2]",Østerbro,2020,141.0
Primary education and not stated,"[0-0,2]",Østerbro,2021,141.0
Primary education and not stated,"[0-0,2]",Østerbro,2022,142.0
Primary education and not stated,"[0-0,2]",Østerbro,2023,117.0
Primary education and not stated,"]0,2-0,4]",Amager Vest,2008,304.0
Primary education and not stated,"]0,2-0,4]",Amager Vest,2009,363.0
Primary education and not stated,"]0,2-0,4]",Amager Vest,2010,381.0
Primary education and not stated,"]0,2-0,4]",Amager Vest,2011,319.0
Primary education and not stated,"]0,2-0,4]",Amager Vest,2012,303.0
Primary education and not stated,"]0,2-0,4]",Amager Vest,2013,298.0
Primary education and not stated,"]0,2-0,4]",Amager Vest,2014,207.0
Primary education and not stated,"]0,2-0,4]",Amager Vest,2015,184.0
Primary education and not stated,"]0,2-0,4]",Amager Vest,2016,156.0
Primary education and not stated,"]0,2-0,4]",Amager Vest,2017,166.0
Primary education and not stated,"]0,2-0,4]",Amager Vest,2018,162.0
Primary education and not stated,"]0,2-0,4]",Amager Vest,2019,141.0
Primary education and not stated,"]0,2-0,4]",Amager Vest,2020,170.0
Primary education and not stated,"]0,2-0,4]",Amager Vest,2021,169.0
Primary education and not stated,"]0,2-0,4]",Amager Vest,2022,160.0
Primary education and not stated,"]0,2-0,4]",Amager Vest,2023,130.0
Primary education and not stated,"]0,2-0,4]",Amager Øst,2008,251.0
Primary education and not stated,"]0,2-0,4]",Amager Øst,2009,338.0
Primary education and not stated,"]0,2-0,4]",Amager Øst,2010,355.0
Primary education and not stated,"]0,2-0,4]",Amager Øst,2011,302.0
Primary education and not stated,"]0,2-0,4]",Amager Øst,2012,305.0
Primary education and not stated,"]0,2-0,4]",Amager Øst,2013,296.0
Primary education and not stated,"]0,2-0,4]",Amager Øst,2014,206.0
Primary education and not stated,"]0,2-0,4]",Amager Øst,2015,160.0
Primary education and not stated,"]0,2-0,4]",Amager Øst,2016,151.0
Primary education and not stated,"]0,2-0,4]",Amager Øst,2017,126.0
Primary education and not stated,"]0,2-0,4]",Amager Øst,2018,130.0
Primary education and not stated,"]0,2-0,4]",Amager Øst,2019,124.0
Primary education and not stated,"]0,2-0,4]",Amager Øst,2020,141.0
Primary education and not stated,"]0,2-0,4]",Amager Øst,2021,135.0
Primary education and not stated,"]0,2-0,4]",Amager Øst,2022,109.0
Primary education and not stated,"]0,2-0,4]",Amager Øst,2023,78.0
Primary education and not stated,"]0,2-0,4]",Bispebjerg,2008,377.0
Primary education and not stated,"]0,2-0,4]",Bispebjerg,2009,472.0
Primary education and not stated,"]0,2-0,4]",Bispebjerg,2010,450.0
Primary education and not stated,"]0,2-0,4]",Bispebjerg,2011,456.0
Primary education and not stated,"]0,2-0,4]",Bispebjerg,2012,408.0
Primary education and not stated,"]0,2-0,4]",Bispebjerg,2013,362.0
Primary education and not stated,"]0,2-0,4]",Bispebjerg,2014,239.0
Primary education and not stated,"]0,2-0,4]",Bispebjerg,2015,206.0
Primary education and not stated,"]0,2-0,4]",Bispebjerg,2016,204.0
Primary education and not stated,"]0,2-0,4]",Bispebjerg,2017,180.0
Primary education and not stated,"]0,2-0,4]",Bispebjerg,2018,165.0
Primary education and not stated,"]0,2-0,4]",Bispebjerg,2019,150.0
Primary education and not stated,"]0,2-0,4]",Bispebjerg,2020,147.0
Primary education and not stated,"]0,2-0,4]",Bispebjerg,2021,160.0
Primary education and not stated,"]0,2-0,4]",Bispebjerg,2022,159.0
Primary education and not stated,"]0,2-0,4]",Bispebjerg,2023,134.0
Primary education and not stated,"]0,2-0,4]",Brønshøj-Husum,2008,270.0
Primary education and not stated,"]0,2-0,4]",Brønshøj-Husum,2009,331.0
Primary education and not stated,"]0,2-0,4]",Brønshøj-Husum,2010,374.0
Primary education and not stated,"]0,2-0,4]",Brønshøj-Husum,2011,311.0
Primary education and not stated,"]0,2-0,4]",Brønshøj-Husum,2012,291.0
Primary education and not stated,"]0,2-0,4]",Brønshøj-Husum,2013,284.0
Primary education and not stated,"]0,2-0,4]",Brønshøj-Husum,2014,176.0
Primary education and not stated,"]0,2-0,4]",Brønshøj-Husum,2015,182.0
Primary education and not stated,"]0,2-0,4]",Brønshøj-Husum,2016,180.0
Primary education and not stated,"]0,2-0,4]",Brønshøj-Husum,2017,141.0
Primary education and not stated,"]0,2-0,4]",Brønshøj-Husum,2018,153.0
Primary education and not stated,"]0,2-0,4]",Brønshøj-Husum,2019,139.0
Primary education and not stated,"]0,2-0,4]",Brønshøj-Husum,2020,148.0
Primary education and not stated,"]0,2-0,4]",Brønshøj-Husum,2021,137.0
Primary education and not stated,"]0,2-0,4]",Brønshøj-Husum,2022,123.0
Primary education and not stated,"]0,2-0,4]",Brønshøj-Husum,2023,117.0
Primary education and not stated,"]0,2-0,4]",Indre By,2008,120.0
Primary education and not stated,"]0,2-0,4]",Indre By,2009,153.0
Primary education and not stated,"]0,2-0,4]",Indre By,2010,123.0
Primary education and not stated,"]0,2-0,4]",Indre By,2011,128.0
Primary education and not stated,"]0,2-0,4]",Indre By,2012,120.0
Primary education and not stated,"]0,2-0,4]",Indre By,2013,129.0
Primary education and not stated,"]0,2-0,4]",Indre By,2014,70.0
Primary education and not stated,"]0,2-0,4]",Indre By,2015,80.0
Primary education and not stated,"]0,2-0,4]",Indre By,2016,82.0
Primary education and not stated,"]0,2-0,4]",Indre By,2017,67.0
Primary education and not stated,"]0,2-0,4]",Indre By,2018,72.0
Primary education and not stated,"]0,2-0,4]",Indre By,2019,59.0
Primary education and not stated,"]0,2-0,4]",Indre By,2020,50.0
Primary education and not stated,"]0,2-0,4]",Indre By,2021,52.0
Primary education and not stated,"]0,2-0,4]",Indre By,2022,74.0
Primary education and not stated,"]0,2-0,4]",Indre By,2023,54.0
Primary education and not stated,"]0,2-0,4]",Nørrebro,2008,482.0
Primary education and not stated,"]0,2-0,4]",Nørrebro,2009,502.0
Primary education and not stated,"]0,2-0,4]",Nørrebro,2010,508.0
Primary education and not stated,"]0,2-0,4]",Nørrebro,2011,450.0
Primary education and not stated,"]0,2-0,4]",Nørrebro,2012,411.0
Primary education and not stated,"]0,2-0,4]",Nørrebro,2013,386.0
Primary education and not stated,"]0,2-0,4]",Nørrebro,2014,227.0
Primary education and not stated,"]0,2-0,4]",Nørrebro,2015,248.0
Primary education and not stated,"]0,2-0,4]",Nørrebro,2016,189.0
Primary education and not stated,"]0,2-0,4]",Nørrebro,2017,189.0
Primary education and not stated,"]0,2-0,4]",Nørrebro,2018,159.0
Primary education and not stated,"]0,2-0,4]",Nørrebro,2019,146.0
Primary education and not stated,"]0,2-0,4]",Nørrebro,2020,148.0
Primary education and not stated,"]0,2-0,4]",Nørrebro,2021,162.0
Primary education and not stated,"]0,2-0,4]",Nørrebro,2022,151.0
Primary education and not stated,"]0,2-0,4]",Nørrebro,2023,126.0
Primary education and not stated,"]0,2-0,4]",Valby,2008,305.0
Primary education and not stated,"]0,2-0,4]",Valby,2009,331.0
Primary education and not stated,"]0,2-0,4]",Valby,2010,360.0
Primary education and not stated,"]0,2-0,4]",Valby,2011,330.0
Primary education and not stated,"]0,2-0,4]",Valby,2012,313.0
Primary education and not stated,"]0,2-0,4]",Valby,2013,294.0
Primary education and not stated,"]0,2-0,4]",Valby,2014,173.0
Primary education and not stated,"]0,2-0,4]",Valby,2015,145.0
Primary education and not stated,"]0,2-0,4]",Valby,2016,179.0
Primary education and not stated,"]0,2-0,4]",Valby,2017,155.0
Primary education and not stated,"]0,2-0,4]",Valby,2018,169.0
Primary education and not stated,"]0,2-0,4]",Valby,2019,137.0
Primary education and not stated,"]0,2-0,4]",Valby,2020,143.0
Primary education and not stated,"]0,2-0,4]",Valby,2021,152.0
Primary education and not stated,"]0,2-0,4]",Valby,2022,176.0
Primary education and not stated,"]0,2-0,4]",Valby,2023,129.0
Primary education and not stated,"]0,2-0,4]",Vanløse,2008,154.0
Primary education and not stated,"]0,2-0,4]",Vanløse,2009,177.0
Primary education and not stated,"]0,2-0,4]",Vanløse,2010,190.0
Primary education and not stated,"]0,2-0,4]",Vanløse,2011,187.0
Primary education and not stated,"]0,2-0,4]",Vanløse,2012,179.0
Primary education and not stated,"]0,2-0,4]",Vanløse,2013,180.0
Primary education and not stated,"]0,2-0,4]",Vanløse,2014,93.0
Primary education and not stated,"]0,2-0,4]",Vanløse,2015,78.0
Primary education and not stated,"]0,2-0,4]",Vanløse,2016,68.0
Primary education and not stated,"]0,2-0,4]",Vanløse,2017,75.0
Primary education and not stated,"]0,2-0,4]",Vanløse,2018,90.0
Primary education and not stated,"]0,2-0,4]",Vanløse,2019,83.0
Primary education and not stated,"]0,2-0,4]",Vanløse,2020,59.0
Primary education and not stated,"]0,2-0,4]",Vanløse,2021,56.0
Primary education and not stated,"]0,2-0,4]",Vanløse,2022,73.0
Primary education and not stated,"]0,2-0,4]",Vanløse,2023,55.0
Primary education and not stated,"]0,2-0,4]",Vesterbro/Kongens Enghave,2008,377.0
Primary education and not stated,"]0,2-0,4]",Vesterbro/Kongens Enghave,2009,385.0
Primary education and not stated,"]0,2-0,4]",Vesterbro/Kongens Enghave,2010,395.0
Primary education and not stated,"]0,2-0,4]",Vesterbro/Kongens Enghave,2011,386.0
Primary education and not stated,"]0,2-0,4]",Vesterbro/Kongens Enghave,2012,319.0
Primary education and not stated,"]0,2-0,4]",Vesterbro/Kongens Enghave,2013,331.0
Primary education and not stated,"]0,2-0,4]",Vesterbro/Kongens Enghave,2014,228.0
Primary education and not stated,"]0,2-0,4]",Vesterbro/Kongens Enghave,2015,216.0
Primary education and not stated,"]0,2-0,4]",Vesterbro/Kongens Enghave,2016,186.0
Primary education and not stated,"]0,2-0,4]",Vesterbro/Kongens Enghave,2017,174.0
Primary education and not stated,"]0,2-0,4]",Vesterbro/Kongens Enghave,2018,152.0
Primary education and not stated,"]0,2-0,4]",Vesterbro/Kongens Enghave,2019,147.0
Primary education and not stated,"]0,2-0,4]",Vesterbro/Kongens Enghave,2020,167.0
Primary education and not stated,"]0,2-0,4]",Vesterbro/Kongens Enghave,2021,173.0
Primary education and not stated,"]0,2-0,4]",Vesterbro/Kongens Enghave,2022,147.0
Primary education and not stated,"]0,2-0,4]",Vesterbro/Kongens Enghave,2023,142.0
Primary education and not stated,"]0,2-0,4]",Østerbro,2008,223.0
Primary education and not stated,"]0,2-0,4]",Østerbro,2009,255.0
Primary education and not stated,"]0,2-0,4]",Østerbro,2010,275.0
Primary education and not stated,"]0,2-0,4]",Østerbro,2011,230.0
Primary education and not stated,"]0,2-0,4]",Østerbro,2012,238.0
Primary education and not stated,"]0,2-0,4]",Østerbro,2013,211.0
Primary education and not stated,"]0,2-0,4]",Østerbro,2014,155.0
Primary education and not stated,"]0,2-0,4]",Østerbro,2015,132.0
Primary education and not stated,"]0,2-0,4]",Østerbro,2016,124.0
Primary education and not stated,"]0,2-0,4]",Østerbro,2017,96.0
Primary education and not stated,"]0,2-0,4]",Østerbro,2018,101.0
Primary education and not stated,"]0,2-0,4]",Østerbro,2019,98.0
Primary education and not stated,"]0,2-0,4]",Østerbro,2020,101.0
Primary education and not stated,"]0,2-0,4]",Østerbro,2021,96.0
Primary education and not stated,"]0,2-0,4]",Østerbro,2022,82.0
Primary education and not stated,"]0,2-0,4]",Østerbro,2023,89.0
Primary education and not stated,"]0,4-0,6]",Amager Vest,2008,198.0
Primary education and not stated,"]0,4-0,6]",Amager Vest,2009,259.0
Primary education and not stated,"]0,4-0,6]",Amager Vest,2010,270.0
Primary education and not stated,"]0,4-0,6]",Amager Vest,2011,252.0
Primary education and not stated,"]0,4-0,6]",Amager Vest,2012,216.0
Primary education and not stated,"]0,4-0,6]",Amager Vest,2013,215.0
Primary education and not stated,"]0,4-0,6]",Amager Vest,2014,152.0
Primary education and not stated,"]0,4-0,6]",Amager Vest,2015,134.0
Primary education and not stated,"]0,4-0,6]",Amager Vest,2016,146.0
Primary education and not stated,"]0,4-0,6]",Amager Vest,2017,145.0
Primary education and not stated,"]0,4-0,6]",Amager Vest,2018,120.0
Primary education and not stated,"]0,4-0,6]",Amager Vest,2019,121.0
Primary education and not stated,"]0,4-0,6]",Amager Vest,2020,135.0
Primary education and not stated,"]0,4-0,6]",Amager Vest,2021,155.0
Primary education and not stated,"]0,4-0,6]",Amager Vest,2022,82.0
Primary education and not stated,"]0,4-0,6]",Amager Vest,2023,84.0
Primary education and not stated,"]0,4-0,6]",Amager Øst,2008,190.0
Primary education and not stated,"]0,4-0,6]",Amager Øst,2009,218.0
Primary education and not stated,"]0,4-0,6]",Amager Øst,2010,279.0
Primary education and not stated,"]0,4-0,6]",Amager Øst,2011,213.0
Primary education and not stated,"]0,4-0,6]",Amager Øst,2012,226.0
Primary education and not stated,"]0,4-0,6]",Amager Øst,2013,204.0
Primary education and not stated,"]0,4-0,6]",Amager Øst,2014,145.0
Primary education and not stated,"]0,4-0,6]",Amager Øst,2015,132.0
Primary education and not stated,"]0,4-0,6]",Amager Øst,2016,112.0
Primary education and not stated,"]0,4-0,6]",Amager Øst,2017,108.0
Primary education and not stated,"]0,4-0,6]",Amager Øst,2018,99.0
Primary education and not stated,"]0,4-0,6]",Amager Øst,2019,78.0
Primary education and not stated,"]0,4-0,6]",Amager Øst,2020,88.0
Primary education and not stated,"]0,4-0,6]",Amager Øst,2021,112.0
Primary education and not stated,"]0,4-0,6]",Amager Øst,2022,60.0
Primary education and not stated,"]0,4-0,6]",Amager Øst,2023,59.0
Primary education and not stated,"]0,4-0,6]",Bispebjerg,2008,264.0
Primary education and not stated,"]0,4-0,6]",Bispebjerg,2009,334.0
Primary education and not stated,"]0,4-0,6]",Bispebjerg,2010,381.0
Primary education and not stated,"]0,4-0,6]",Bispebjerg,2011,302.0
Primary education and not stated,"]0,4-0,6]",Bispebjerg,2012,291.0
Primary education and not stated,"]0,4-0,6]",Bispebjerg,2013,257.0
Primary education and not stated,"]0,4-0,6]",Bispebjerg,2014,210.0
Primary education and not stated,"]0,4-0,6]",Bispebjerg,2015,173.0
Primary education and not stated,"]0,4-0,6]",Bispebjerg,2016,142.0
Primary education and not stated,"]0,4-0,6]",Bispebjerg,2017,130.0
Primary education and not stated,"]0,4-0,6]",Bispebjerg,2018,148.0
Primary education and not stated,"]0,4-0,6]",Bispebjerg,2019,115.0
Primary education and not stated,"]0,4-0,6]",Bispebjerg,2020,134.0
Primary education and not stated,"]0,4-0,6]",Bispebjerg,2021,136.0
Primary education and not stated,"]0,4-0,6]",Bispebjerg,2022,99.0
Primary education and not stated,"]0,4-0,6]",Bispebjerg,2023,78.0
Primary education and not stated,"]0,4-0,6]",Brønshøj-Husum,2008,222.0
Primary education and not stated,"]0,4-0,6]",Brønshøj-Husum,2009,233.0
Primary education and not stated,"]0,4-0,6]",Brønshøj-Husum,2010,276.0
Primary education and not stated,"]0,4-0,6]",Brønshøj-Husum,2011,223.0
Primary education and not stated,"]0,4-0,6]",Brønshøj-Husum,2012,219.0
Primary education and not stated,"]0,4-0,6]",Brønshøj-Husum,2013,219.0
Primary education and not stated,"]0,4-0,6]",Brønshøj-Husum,2014,163.0
Primary education and not stated,"]0,4-0,6]",Brønshøj-Husum,2015,166.0
Primary education and not stated,"]0,4-0,6]",Brønshøj-Husum,2016,125.0
Primary education and not stated,"]0,4-0,6]",Brønshøj-Husum,2017,130.0
Primary education and not stated,"]0,4-0,6]",Brønshøj-Husum,2018,124.0
Primary education and not stated,"]0,4-0,6]",Brønshøj-Husum,2019,94.0
Primary education and not stated,"]0,4-0,6]",Brønshøj-Husum,2020,119.0
Primary education and not stated,"]0,4-0,6]",Brønshøj-Husum,2021,113.0
Primary education and not stated,"]0,4-0,6]",Brønshøj-Husum,2022,85.0
Primary education and not stated,"]0,4-0,6]",Brønshøj-Husum,2023,75.0
Primary education and not stated,"]0,4-0,6]",Indre By,2008,73.0
Primary education and not stated,"]0,4-0,6]",Indre By,2009,111.0
Primary education and not stated,"]0,4-0,6]",Indre By,2010,100.0
Primary education and not stated,"]0,4-0,6]",Indre By,2011,88.0
Primary education and not stated,"]0,4-0,6]",Indre By,2012,99.0
Primary education and not stated,"]0,4-0,6]",Indre By,2013,71.0
Primary education and not stated,"]0,4-0,6]",Indre By,2014,62.0
Primary education and not stated,"]0,4-0,6]",Indre By,2015,61.0
Primary education and not stated,"]0,4-0,6]",Indre By,2016,45.0
Primary education and not stated,"]0,4-0,6]",Indre By,2017,37.0
Primary education and not stated,"]0,4-0,6]",Indre By,2018,54.0
Primary education and not stated,"]0,4-0,6]",Indre By,2019,37.0
Primary education and not stated,"]0,4-0,6]",Indre By,2020,59.0
Primary education and not stated,"]0,4-0,6]",Indre By,2021,47.0
Primary education and not stated,"]0,4-0,6]",Indre By,2022,33.0
Primary education and not stated,"]0,4-0,6]",Indre By,2023,35.0
Primary education and not stated,"]0,4-0,6]",Nørrebro,2008,300.0
Primary education and not stated,"]0,4-0,6]",Nørrebro,2009,364.0
Primary education and not stated,"]0,4-0,6]",Nørrebro,2010,438.0
Primary education and not stated,"]0,4-0,6]",Nørrebro,2011,335.0
Primary education and not stated,"]0,4-0,6]",Nørrebro,2012,313.0
Primary education and not stated,"]0,4-0,6]",Nørrebro,2013,317.0
Primary education and not stated,"]0,4-0,6]",Nørrebro,2014,210.0
Primary education and not stated,"]0,4-0,6]",Nørrebro,2015,172.0
Primary education and not stated,"]0,4-0,6]",Nørrebro,2016,165.0
Primary education and not stated,"]0,4-0,6]",Nørrebro,2017,149.0
Primary education and not stated,"]0,4-0,6]",Nørrebro,2018,121.0
Primary education and not stated,"]0,4-0,6]",Nørrebro,2019,112.0
Primary education and not stated,"]0,4-0,6]",Nørrebro,2020,142.0
Primary education and not stated,"]0,4-0,6]",Nørrebro,2021,128.0
Primary education and not stated,"]0,4-0,6]",Nørrebro,2022,81.0
Primary education and not stated,"]0,4-0,6]",Nørrebro,2023,83.0
Primary education and not stated,"]0,4-0,6]",Valby,2008,188.0
Primary education and not stated,"]0,4-0,6]",Valby,2009,268.0
Primary education and not stated,"]0,4-0,6]",Valby,2010,261.0
Primary education and not stated,"]0,4-0,6]",Valby,2011,242.0
Primary education and not stated,"]0,4-0,6]",Valby,2012,219.0
Primary education and not stated,"]0,4-0,6]",Valby,2013,194.0
Primary education and not stated,"]0,4-0,6]",Valby,2014,164.0
Primary education and not stated,"]0,4-0,6]",Valby,2015,133.0
Primary education and not stated,"]0,4-0,6]",Valby,2016,131.0
Primary education and not stated,"]0,4-0,6]",Valby,2017,125.0
Primary education and not stated,"]0,4-0,6]",Valby,2018,89.0
Primary education and not stated,"]0,4-0,6]",Valby,2019,119.0
Primary education and not stated,"]0,4-0,6]",Valby,2020,117.0
Primary education and not stated,"]0,4-0,6]",Valby,2021,118.0
Primary education and not stated,"]0,4-0,6]",Valby,2022,92.0
Primary education and not stated,"]0,4-0,6]",Valby,2023,75.0
Primary education and not stated,"]0,4-0,6]",Vanløse,2008,90.0
Primary education and not stated,"]0,4-0,6]",Vanløse,2009,137.0
Primary education and not stated,"]0,4-0,6]",Vanløse,2010,158.0
Primary education and not stated,"]0,4-0,6]",Vanløse,2011,132.0
Primary education and not stated,"]0,4-0,6]",Vanløse,2012,124.0
Primary education and not stated,"]0,4-0,6]",Vanløse,2013,91.0
Primary education and not stated,"]0,4-0,6]",Vanløse,2014,86.0
Primary education and not stated,"]0,4-0,6]",Vanløse,2015,57.0
Primary education and not stated,"]0,4-0,6]",Vanløse,2016,68.0
Primary education and not stated,"]0,4-0,6]",Vanløse,2017,47.0
Primary education and not stated,"]0,4-0,6]",Vanløse,2018,47.0
Primary education and not stated,"]0,4-0,6]",Vanløse,2019,43.0
Primary education and not stated,"]0,4-0,6]",Vanløse,2020,61.0
Primary education and not stated,"]0,4-0,6]",Vanløse,2021,60.0
Primary education and not stated,"]0,4-0,6]",Vanløse,2022,32.0
Primary education and not stated,"]0,4-0,6]",Vanløse,2023,41.0
Primary education and not stated,"]0,4-0,6]",Vesterbro/Kongens Enghave,2008,266.0
Primary education and not stated,"]0,4-0,6]",Vesterbro/Kongens Enghave,2009,309.0
Primary education and not stated,"]0,4-0,6]",Vesterbro/Kongens Enghave,2010,317.0
Primary education and not stated,"]0,4-0,6]",Vesterbro/Kongens Enghave,2011,266.0
Primary education and not stated,"]0,4-0,6]",Vesterbro/Kongens Enghave,2012,242.0
Primary education and not stated,"]0,4-0,6]",Vesterbro/Kongens Enghave,2013,253.0
Primary education and not stated,"]0,4-0,6]",Vesterbro/Kongens Enghave,2014,184.0
Primary education and not stated,"]0,4-0,6]",Vesterbro/Kongens Enghave,2015,149.0
Primary education and not stated,"]0,4-0,6]",Vesterbro/Kongens Enghave,2016,131.0
Primary education and not stated,"]0,4-0,6]",Vesterbro/Kongens Enghave,2017,121.0
Primary education and not stated,"]0,4-0,6]",Vesterbro/Kongens Enghave,2018,95.0
Primary education and not stated,"]0,4-0,6]",Vesterbro/Kongens Enghave,2019,79.0
Primary education and not stated,"]0,4-0,6]",Vesterbro/Kongens Enghave,2020,130.0
Primary education and not stated,"]0,4-0,6]",Vesterbro/Kongens Enghave,2021,125.0
Primary education and not stated,"]0,4-0,6]",Vesterbro/Kongens Enghave,2022,93.0
Primary education and not stated,"]0,4-0,6]",Vesterbro/Kongens Enghave,2023,71.0
Primary education and not stated,"]0,4-0,6]",Østerbro,2008,156.0
Primary education and not stated,"]0,4-0,6]",Østerbro,2009,210.0
Primary education and not stated,"]0,4-0,6]",Østerbro,2010,232.0
Primary education and not stated,"]0,4-0,6]",Østerbro,2011,177.0
Primary education and not stated,"]0,4-0,6]",Østerbro,2012,156.0
Primary education and not stated,"]0,4-0,6]",Østerbro,2013,177.0
Primary education and not stated,"]0,4-0,6]",Østerbro,2014,119.0
Primary education and not stated,"]0,4-0,6]",Østerbro,2015,88.0
Primary education and not stated,"]0,4-0,6]",Østerbro,2016,96.0
Primary education and not stated,"]0,4-0,6]",Østerbro,2017,86.0
Primary education and not stated,"]0,4-0,6]",Østerbro,2018,80.0
Primary education and not stated,"]0,4-0,6]",Østerbro,2019,64.0
Primary education and not stated,"]0,4-0,6]",Østerbro,2020,78.0
Primary education and not stated,"]0,4-0,6]",Østerbro,2021,95.0
Primary education and not stated,"]0,4-0,6]",Østerbro,2022,69.0
Primary education and not stated,"]0,4-0,6]",Østerbro,2023,56.0
Primary education and not stated,"]0,6-0,8]",Amager Vest,2008,157.0
Primary education and not stated,"]0,6-0,8]",Amager Vest,2009,203.0
Primary education and not stated,"]0,6-0,8]",Amager Vest,2010,185.0
Primary education and not stated,"]0,6-0,8]",Amager Vest,2011,187.0
Primary education and not stated,"]0,6-0,8]",Amager Vest,2012,164.0
Primary education and not stated,"]0,6-0,8]",Amager Vest,2013,188.0
Primary education and not stated,"]0,6-0,8]",Amager Vest,2014,155.0
Primary education and not stated,"]0,6-0,8]",Amager Vest,2015,98.0
Primary education and not stated,"]0,6-0,8]",Amager Vest,2016,85.0
Primary education and not stated,"]0,6-0,8]",Amager Vest,2017,104.0
Primary education and not stated,"]0,6-0,8]",Amager Vest,2018,103.0
Primary education and not stated,"]0,6-0,8]",Amager Vest,2019,94.0
Primary education and not stated,"]0,6-0,8]",Amager Vest,2020,115.0
Primary education and not stated,"]0,6-0,8]",Amager Vest,2021,114.0
Primary education and not stated,"]0,6-0,8]",Amager Vest,2022,65.0
Primary education and not stated,"]0,6-0,8]",Amager Vest,2023,68.0
Primary education and not stated,"]0,6-0,8]",Amager Øst,2008,104.0
Primary education and not stated,"]0,6-0,8]",Amager Øst,2009,216.0
Primary education and not stated,"]0,6-0,8]",Amager Øst,2010,177.0
Primary education and not stated,"]0,6-0,8]",Amager Øst,2011,194.0
Primary education and not stated,"]0,6-0,8]",Amager Øst,2012,165.0
Primary education and not stated,"]0,6-0,8]",Amager Øst,2013,163.0
Primary education and not stated,"]0,6-0,8]",Amager Øst,2014,135.0
Primary education and not stated,"]0,6-0,8]",Amager Øst,2015,87.0
Primary education and not stated,"]0,6-0,8]",Amager Øst,2016,82.0
Primary education and not stated,"]0,6-0,8]",Amager Øst,2017,69.0
Primary education and not stated,"]0,6-0,8]",Amager Øst,2018,74.0
Primary education and not stated,"]0,6-0,8]",Amager Øst,2019,63.0
Primary education and not stated,"]0,6-0,8]",Amager Øst,2020,106.0
Primary education and not stated,"]0,6-0,8]",Amager Øst,2021,78.0
Primary education and not stated,"]0,6-0,8]",Amager Øst,2022,46.0
Primary education and not stated,"]0,6-0,8]",Amager Øst,2023,33.0
Primary education and not stated,"]0,6-0,8]",Bispebjerg,2008,212.0
Primary education and not stated,"]0,6-0,8]",Bispebjerg,2009,261.0
Primary education and not stated,"]0,6-0,8]",Bispebjerg,2010,334.0
Primary education and not stated,"]0,6-0,8]",Bispebjerg,2011,252.0
Primary education and not stated,"]0,6-0,8]",Bispebjerg,2012,256.0
Primary education and not stated,"]0,6-0,8]",Bispebjerg,2013,246.0
Primary education and not stated,"]0,6-0,8]",Bispebjerg,2014,174.0
Primary education and not stated,"]0,6-0,8]",Bispebjerg,2015,145.0
Primary education and not stated,"]0,6-0,8]",Bispebjerg,2016,120.0
Primary education and not stated,"]0,6-0,8]",Bispebjerg,2017,133.0
Primary education and not stated,"]0,6-0,8]",Bispebjerg,2018,96.0
Primary education and not stated,"]0,6-0,8]",Bispebjerg,2019,84.0
Primary education and not stated,"]0,6-0,8]",Bispebjerg,2020,131.0
Primary education and not stated,"]0,6-0,8]",Bispebjerg,2021,102.0
Primary education and not stated,"]0,6-0,8]",Bispebjerg,2022,55.0
Primary education and not stated,"]0,6-0,8]",Bispebjerg,2023,52.0
Primary education and not stated,"]0,6-0,8]",Brønshøj-Husum,2008,164.0
Primary education and not stated,"]0,6-0,8]",Brønshøj-Husum,2009,203.0
Primary education and not stated,"]0,6-0,8]",Brønshøj-Husum,2010,211.0
Primary education and not stated,"]0,6-0,8]",Brønshøj-Husum,2011,206.0
Primary education and not stated,"]0,6-0,8]",Brønshøj-Husum,2012,182.0
Primary education and not stated,"]0,6-0,8]",Brønshøj-Husum,2013,213.0
Primary education and not stated,"]0,6-0,8]",Brønshøj-Husum,2014,134.0
Primary education and not stated,"]0,6-0,8]",Brønshøj-Husum,2015,127.0
Primary education and not stated,"]0,6-0,8]",Brønshøj-Husum,2016,104.0
Primary education and not stated,"]0,6-0,8]",Brønshøj-Husum,2017,96.0
Primary education and not stated,"]0,6-0,8]",Brønshøj-Husum,2018,78.0
Primary education and not stated,"]0,6-0,8]",Brønshøj-Husum,2019,64.0
Primary education and not stated,"]0,6-0,8]",Brønshøj-Husum,2020,124.0
Primary education and not stated,"]0,6-0,8]",Brønshøj-Husum,2021,88.0
Primary education and not stated,"]0,6-0,8]",Brønshøj-Husum,2022,53.0
Primary education and not stated,"]0,6-0,8]",Brønshøj-Husum,2023,34.0
Primary education and not stated,"]0,6-0,8]",Indre By,2008,41.0
Primary education and not stated,"]0,6-0,8]",Indre By,2009,66.0
Primary education and not stated,"]0,6-0,8]",Indre By,2010,75.0
Primary education and not stated,"]0,6-0,8]",Indre By,2011,72.0
Primary education and not stated,"]0,6-0,8]",Indre By,2012,62.0
Primary education and not stated,"]0,6-0,8]",Indre By,2013,75.0
Primary education and not stated,"]0,6-0,8]",Indre By,2014,49.0
Primary education and not stated,"]0,6-0,8]",Indre By,2015,52.0
Primary education and not stated,"]0,6-0,8]",Indre By,2016,25.0
Primary education and not stated,"]0,6-0,8]",Indre By,2017,30.0
Primary education and not stated,"]0,6-0,8]",Indre By,2018,23.0
Primary education and not stated,"]0,6-0,8]",Indre By,2019,24.0
Primary education and not stated,"]0,6-0,8]",Indre By,2020,41.0
Primary education and not stated,"]0,6-0,8]",Indre By,2021,31.0
Primary education and not stated,"]0,6-0,8]",Indre By,2022,18.0
Primary education and not stated,"]0,6-0,8]",Indre By,2023,20.0
Primary education and not stated,"]0,6-0,8]",Nørrebro,2008,219.0
Primary education and not stated,"]0,6-0,8]",Nørrebro,2009,268.0
Primary education and not stated,"]0,6-0,8]",Nørrebro,2010,295.0
Primary education and not stated,"]0,6-0,8]",Nørrebro,2011,281.0
Primary education and not stated,"]0,6-0,8]",Nørrebro,2012,260.0
Primary education and not stated,"]0,6-0,8]",Nørrebro,2013,251.0
Primary education and not stated,"]0,6-0,8]",Nørrebro,2014,175.0
Primary education and not stated,"]0,6-0,8]",Nørrebro,2015,162.0
Primary education and not stated,"]0,6-0,8]",Nørrebro,2016,122.0
Primary education and not stated,"]0,6-0,8]",Nørrebro,2017,113.0
Primary education and not stated,"]0,6-0,8]",Nørrebro,2018,83.0
Primary education and not stated,"]0,6-0,8]",Nørrebro,2019,95.0
Primary education and not stated,"]0,6-0,8]",Nørrebro,2020,108.0
Primary education and not stated,"]0,6-0,8]",Nørrebro,2021,108.0
Primary education and not stated,"]0,6-0,8]",Nørrebro,2022,59.0
Primary education and not stated,"]0,6-0,8]",Nørrebro,2023,76.0
Primary education and not stated,"]0,6-0,8]",Valby,2008,124.0
Primary education and not stated,"]0,6-0,8]",Valby,2009,201.0
Primary education and not stated,"]0,6-0,8]",Valby,2010,216.0
Primary education and not stated,"]0,6-0,8]",Valby,2011,199.0
Primary education and not stated,"]0,6-0,8]",Valby,2012,153.0
Primary education and not stated,"]0,6-0,8]",Valby,2013,184.0
Primary education and not stated,"]0,6-0,8]",Valby,2014,116.0
Primary education and not stated,"]0,6-0,8]",Valby,2015,110.0
Primary education and not stated,"]0,6-0,8]",Valby,2016,65.0
Primary education and not stated,"]0,6-0,8]",Valby,2017,87.0
Primary education and not stated,"]0,6-0,8]",Valby,2018,92.0
Primary education and not stated,"]0,6-0,8]",Valby,2019,77.0
Primary education and not stated,"]0,6-0,8]",Valby,2020,107.0
Primary education and not stated,"]0,6-0,8]",Valby,2021,102.0
Primary education and not stated,"]0,6-0,8]",Valby,2022,53.0
Primary education and not stated,"]0,6-0,8]",Valby,2023,57.0
Primary education and not stated,"]0,6-0,8]",Vanløse,2008,60.0
Primary education and not stated,"]0,6-0,8]",Vanløse,2009,118.0
Primary education and not stated,"]0,6-0,8]",Vanløse,2010,98.0
Primary education and not stated,"]0,6-0,8]",Vanløse,2011,98.0
Primary education and not stated,"]0,6-0,8]",Vanløse,2012,100.0
Primary education and not stated,"]0,6-0,8]",Vanløse,2013,95.0
Primary education and not stated,"]0,6-0,8]",Vanløse,2014,71.0
Primary education and not stated,"]0,6-0,8]",Vanløse,2015,54.0
Primary education and not stated,"]0,6-0,8]",Vanløse,2016,39.0
Primary education and not stated,"]0,6-0,8]",Vanløse,2017,31.0
Primary education and not stated,"]0,6-0,8]",Vanløse,2018,41.0
Primary education and not stated,"]0,6-0,8]",Vanløse,2019,28.0
Primary education and not stated,"]0,6-0,8]",Vanløse,2020,53.0
Primary education and not stated,"]0,6-0,8]",Vanløse,2021,47.0
Primary education and not stated,"]0,6-0,8]",Vanløse,2022,25.0
Primary education and not stated,"]0,6-0,8]",Vanløse,2023,22.0
Primary education and not stated,"]0,6-0,8]",Vesterbro/Kongens Enghave,2008,160.0
Primary education and not stated,"]0,6-0,8]",Vesterbro/Kongens Enghave,2009,240.0
Primary education and not stated,"]0,6-0,8]",Vesterbro/Kongens Enghave,2010,261.0
Primary education and not stated,"]0,6-0,8]",Vesterbro/Kongens Enghave,2011,214.0
Primary education and not stated,"]0,6-0,8]",Vesterbro/Kongens Enghave,2012,208.0
Primary education and not stated,"]0,6-0,8]",Vesterbro/Kongens Enghave,2013,201.0
Primary education and not stated,"]0,6-0,8]",Vesterbro/Kongens Enghave,2014,141.0
Primary education and not stated,"]0,6-0,8]",Vesterbro/Kongens Enghave,2015,114.0
Primary education and not stated,"]0,6-0,8]",Vesterbro/Kongens Enghave,2016,90.0
Primary education and not stated,"]0,6-0,8]",Vesterbro/Kongens Enghave,2017,100.0
Primary education and not stated,"]0,6-0,8]",Vesterbro/Kongens Enghave,2018,75.0
Primary education and not stated,"]0,6-0,8]",Vesterbro/Kongens Enghave,2019,76.0
Primary education and not stated,"]0,6-0,8]",Vesterbro/Kongens Enghave,2020,107.0
Primary education and not stated,"]0,6-0,8]",Vesterbro/Kongens Enghave,2021,93.0
Primary education and not stated,"]0,6-0,8]",Vesterbro/Kongens Enghave,2022,63.0
Primary education and not stated,"]0,6-0,8]",Vesterbro/Kongens Enghave,2023,58.0
Primary education and not stated,"]0,6-0,8]",Østerbro,2008,105.0
Primary education and not stated,"]0,6-0,8]",Østerbro,2009,146.0
Primary education and not stated,"]0,6-0,8]",Østerbro,2010,147.0
Primary education and not stated,"]0,6-0,8]",Østerbro,2011,135.0
Primary education and not stated,"]0,6-0,8]",Østerbro,2012,151.0
Primary education and not stated,"]0,6-0,8]",Østerbro,2013,124.0
Primary education and not stated,"]0,6-0,8]",Østerbro,2014,97.0
Primary education and not stated,"]0,6-0,8]",Østerbro,2015,82.0
Primary education and not stated,"]0,6-0,8]",Østerbro,2016,61.0
Primary education and not stated,"]0,6-0,8]",Østerbro,2017,52.0
Primary education and not stated,"]0,6-0,8]",Østerbro,2018,58.0
Primary education and not stated,"]0,6-0,8]",Østerbro,2019,54.0
Primary education and not stated,"]0,6-0,8]",Østerbro,2020,81.0
Primary education and not stated,"]0,6-0,8]",Østerbro,2021,62.0
Primary education and not stated,"]0,6-0,8]",Østerbro,2022,34.0
Primary education and not stated,"]0,6-0,8]",Østerbro,2023,31.0
Primary education and not stated,"]0,8-1]",Amager Vest,2008,164.0
Primary education and not stated,"]0,8-1]",Amager Vest,2009,255.0
Primary education and not stated,"]0,8-1]",Amager Vest,2010,309.0
Primary education and not stated,"]0,8-1]",Amager Vest,2011,296.0
Primary education and not stated,"]0,8-1]",Amager Vest,2012,307.0
Primary education and not stated,"]0,8-1]",Amager Vest,2013,267.0
Primary education and not stated,"]0,8-1]",Amager Vest,2014,208.0
Primary education and not stated,"]0,8-1]",Amager Vest,2015,141.0
Primary education and not stated,"]0,8-1]",Amager Vest,2016,113.0
Primary education and not stated,"]0,8-1]",Amager Vest,2017,105.0
Primary education and not stated,"]0,8-1]",Amager Vest,2018,105.0
Primary education and not stated,"]0,8-1]",Amager Vest,2019,97.0
Primary education and not stated,"]0,8-1]",Amager Vest,2020,165.0
Primary education and not stated,"]0,8-1]",Amager Vest,2021,134.0
Primary education and not stated,"]0,8-1]",Amager Vest,2022,54.0
Primary education and not stated,"]0,8-1]",Amager Vest,2023,42.0
Primary education and not stated,"]0,8-1]",Amager Øst,2008,135.0
Primary education and not stated,"]0,8-1]",Amager Øst,2009,214.0
Primary education and not stated,"]0,8-1]",Amager Øst,2010,286.0
Primary education and not stated,"]0,8-1]",Amager Øst,2011,285.0
Primary education and not stated,"]0,8-1]",Amager Øst,2012,267.0
Primary education and not stated,"]0,8-1]",Amager Øst,2013,252.0
Primary education and not stated,"]0,8-1]",Amager Øst,2014,168.0
Primary education and not stated,"]0,8-1]",Amager Øst,2015,144.0
Primary education and not stated,"]0,8-1]",Amager Øst,2016,102.0
Primary education and not stated,"]0,8-1]",Amager Øst,2017,106.0
Primary education and not stated,"]0,8-1]",Amager Øst,2018,79.0
Primary education and not stated,"]0,8-1]",Amager Øst,2019,66.0
Primary education and not stated,"]0,8-1]",Amager Øst,2020,100.0
Primary education and not stated,"]0,8-1]",Amager Øst,2021,91.0
Primary education and not stated,"]0,8-1]",Amager Øst,2022,36.0
Primary education and not stated,"]0,8-1]",Amager Øst,2023,41.0
Primary education and not stated,"]0,8-1]",Bispebjerg,2008,272.0
Primary education and not stated,"]0,8-1]",Bispebjerg,2009,375.0
Primary education and not stated,"]0,8-1]",Bispebjerg,2010,420.0
Primary education and not stated,"]0,8-1]",Bispebjerg,2011,431.0
Primary education and not stated,"]0,8-1]",Bispebjerg,2012,404.0
Primary education and not stated,"]0,8-1]",Bispebjerg,2013,373.0
Primary education and not stated,"]0,8-1]",Bispebjerg,2014,272.0
Primary education and not stated,"]0,8-1]",Bispebjerg,2015,214.0
Primary education and not stated,"]0,8-1]",Bispebjerg,2016,196.0
Primary education and not stated,"]0,8-1]",Bispebjerg,2017,160.0
Primary education and not stated,"]0,8-1]",Bispebjerg,2018,127.0
Primary education and not stated,"]0,8-1]",Bispebjerg,2019,110.0
Primary education and not stated,"]0,8-1]",Bispebjerg,2020,159.0
Primary education and not stated,"]0,8-1]",Bispebjerg,2021,138.0
Primary education and not stated,"]0,8-1]",Bispebjerg,2022,52.0
Primary education and not stated,"]0,8-1]",Bispebjerg,2023,58.0
Primary education and not stated,"]0,8-1]",Brønshøj-Husum,2008,216.0
Primary education and not stated,"]0,8-1]",Brønshøj-Husum,2009,275.0
Primary education and not stated,"]0,8-1]",Brønshøj-Husum,2010,332.0
Primary education and not stated,"]0,8-1]",Brønshøj-Husum,2011,308.0
Primary education and not stated,"]0,8-1]",Brønshøj-Husum,2012,302.0
Primary education and not stated,"]0,8-1]",Brønshøj-Husum,2013,289.0
Primary education and not stated,"]0,8-1]",Brønshøj-Husum,2014,214.0
Primary education and not stated,"]0,8-1]",Brønshøj-Husum,2015,167.0
Primary education and not stated,"]0,8-1]",Brønshøj-Husum,2016,156.0
Primary education and not stated,"]0,8-1]",Brønshøj-Husum,2017,134.0
Primary education and not stated,"]0,8-1]",Brønshøj-Husum,2018,103.0
Primary education and not stated,"]0,8-1]",Brønshøj-Husum,2019,121.0
Primary education and not stated,"]0,8-1]",Brønshøj-Husum,2020,141.0
Primary education and not stated,"]0,8-1]",Brønshøj-Husum,2021,132.0
Primary education and not stated,"]0,8-1]",Brønshøj-Husum,2022,58.0
Primary education and not stated,"]0,8-1]",Brønshøj-Husum,2023,54.0
Primary education and not stated,"]0,8-1]",Indre By,2008,53.0
Primary education and not stated,"]0,8-1]",Indre By,2009,106.0
Primary education and not stated,"]0,8-1]",Indre By,2010,112.0
Primary education and not stated,"]0,8-1]",Indre By,2011,101.0
Primary education and not stated,"]0,8-1]",Indre By,2012,104.0
Primary education and not stated,"]0,8-1]",Indre By,2013,102.0
Primary education and not stated,"]0,8-1]",Indre By,2014,77.0
Primary education and not stated,"]0,8-1]",Indre By,2015,46.0
Primary education and not stated,"]0,8-1]",Indre By,2016,41.0
Primary education and not stated,"]0,8-1]",Indre By,2017,30.0
Primary education and not stated,"]0,8-1]",Indre By,2018,24.0
Primary education and not stated,"]0,8-1]",Indre By,2019,23.0
Primary education and not stated,"]0,8-1]",Indre By,2020,49.0
Primary education and not stated,"]0,8-1]",Indre By,2021,46.0
Primary education and not stated,"]0,8-1]",Indre By,2022,20.0
Primary education and not stated,"]0,8-1]",Indre By,2023,19.0
Primary education and not stated,"]0,8-1]",Nørrebro,2008,322.0
Primary education and not stated,"]0,8-1]",Nørrebro,2009,419.0
Primary education and not stated,"]0,8-1]",Nørrebro,2010,488.0
Primary education and not stated,"]0,8-1]",Nørrebro,2011,472.0
Primary education and not stated,"]0,8-1]",Nørrebro,2012,472.0
Primary education and not stated,"]0,8-1]",Nørrebro,2013,404.0
Primary education and not stated,"]0,8-1]",Nørrebro,2014,293.0
Primary education and not stated,"]0,8-1]",Nørrebro,2015,212.0
Primary education and not stated,"]0,8-1]",Nørrebro,2016,186.0
Primary education and not stated,"]0,8-1]",Nørrebro,2017,155.0
Primary education and not stated,"]0,8-1]",Nørrebro,2018,116.0
Primary education and not stated,"]0,8-1]",Nørrebro,2019,110.0
Primary education and not stated,"]0,8-1]",Nørrebro,2020,154.0
Primary education and not stated,"]0,8-1]",Nørrebro,2021,126.0
Primary education and not stated,"]0,8-1]",Nørrebro,2022,59.0
Primary education and not stated,"]0,8-1]",Nørrebro,2023,64.0
Primary education and not stated,"]0,8-1]",Valby,2008,215.0
Primary education and not stated,"]0,8-1]",Valby,2009,273.0
Primary education and not stated,"]0,8-1]",Valby,2010,328.0
Primary education and not stated,"]0,8-1]",Valby,2011,277.0
Primary education and not stated,"]0,8-1]",Valby,2012,298.0
Primary education and not stated,"]0,8-1]",Valby,2013,264.0
Primary education and not stated,"]0,8-1]",Valby,2014,197.0
Primary education and not stated,"]0,8-1]",Valby,2015,142.0
Primary education and not stated,"]0,8-1]",Valby,2016,126.0
Primary education and not stated,"]0,8-1]",Valby,2017,122.0
Primary education and not stated,"]0,8-1]",Valby,2018,113.0
Primary education and not stated,"]0,8-1]",Valby,2019,113.0
Primary education and not stated,"]0,8-1]",Valby,2020,167.0
Primary education and not stated,"]0,8-1]",Valby,2021,129.0
Primary education and not stated,"]0,8-1]",Valby,2022,47.0
Primary education and not stated,"]0,8-1]",Valby,2023,54.0
Primary education and not stated,"]0,8-1]",Vanløse,2008,73.0
Primary education and not stated,"]0,8-1]",Vanløse,2009,116.0
Primary education and not stated,"]0,8-1]",Vanløse,2010,148.0
Primary education and not stated,"]0,8-1]",Vanløse,2011,155.0
Primary education and not stated,"]0,8-1]",Vanløse,2012,132.0
Primary education and not stated,"]0,8-1]",Vanløse,2013,115.0
Primary education and not stated,"]0,8-1]",Vanløse,2014,73.0
Primary education and not stated,"]0,8-1]",Vanløse,2015,79.0
Primary education and not stated,"]0,8-1]",Vanløse,2016,63.0
Primary education and not stated,"]0,8-1]",Vanløse,2017,60.0
Primary education and not stated,"]0,8-1]",Vanløse,2018,39.0
Primary education and not stated,"]0,8-1]",Vanløse,2019,50.0
Primary education and not stated,"]0,8-1]",Vanløse,2020,64.0
Primary education and not stated,"]0,8-1]",Vanløse,2021,52.0
Primary education and not stated,"]0,8-1]",Vanløse,2022,17.0
Primary education and not stated,"]0,8-1]",Vanløse,2023,14.0
Primary education and not stated,"]0,8-1]",Vesterbro/Kongens Enghave,2008,201.0
Primary education and not stated,"]0,8-1]",Vesterbro/Kongens Enghave,2009,307.0
Primary education and not stated,"]0,8-1]",Vesterbro/Kongens Enghave,2010,364.0
Primary education and not stated,"]0,8-1]",Vesterbro/Kongens Enghave,2011,326.0
Primary education and not stated,"]0,8-1]",Vesterbro/Kongens Enghave,2012,341.0
Primary education and not stated,"]0,8-1]",Vesterbro/Kongens Enghave,2013,277.0
Primary education and not stated,"]0,8-1]",Vesterbro/Kongens Enghave,2014,214.0
Primary education and not stated,"]0,8-1]",Vesterbro/Kongens Enghave,2015,161.0
Primary education and not stated,"]0,8-1]",Vesterbro/Kongens Enghave,2016,131.0
Primary education and not stated,"]0,8-1]",Vesterbro/Kongens Enghave,2017,126.0
Primary education and not stated,"]0,8-1]",Vesterbro/Kongens Enghave,2018,92.0
Primary education and not stated,"]0,8-1]",Vesterbro/Kongens Enghave,2019,91.0
Primary education and not stated,"]0,8-1]",Vesterbro/Kongens Enghave,2020,146.0
Primary education and not stated,"]0,8-1]",Vesterbro/Kongens Enghave,2021,122.0
Primary education and not stated,"]0,8-1]",Vesterbro/Kongens Enghave,2022,51.0
Primary education and not stated,"]0,8-1]",Vesterbro/Kongens Enghave,2023,40.0
Primary education and not stated,"]0,8-1]",Østerbro,2008,126.0
Primary education and not stated,"]0,8-1]",Østerbro,2009,173.0
Primary education and not stated,"]0,8-1]",Østerbro,2010,211.0
Primary education and not stated,"]0,8-1]",Østerbro,2011,232.0
Primary education and not stated,"]0,8-1]",Østerbro,2012,214.0
Primary education and not stated,"]0,8-1]",Østerbro,2013,187.0
Primary education and not stated,"]0,8-1]",Østerbro,2014,132.0
Primary education and not stated,"]0,8-1]",Østerbro,2015,107.0
Primary education and not stated,"]0,8-1]",Østerbro,2016,105.0
Primary education and not stated,"]0,8-1]",Østerbro,2017,90.0
Primary education and not stated,"]0,8-1]",Østerbro,2018,59.0
Primary education and not stated,"]0,8-1]",Østerbro,2019,55.0
Primary education and not stated,"]0,8-1]",Østerbro,2020,96.0
Primary education and not stated,"]0,8-1]",Østerbro,2021,77.0
Primary education and not stated,"]0,8-1]",Østerbro,2022,43.0
Primary education and not stated,"]0,8-1]",Østerbro,2023,38.0
Upper secondary education and qualifying educational programs,"[0-0,2]",Amager Vest,2008,186.0
Upper secondary education and qualifying educational programs,"[0-0,2]",Amager Vest,2009,211.0
Upper secondary education and qualifying educational programs,"[0-0,2]",Amager Vest,2010,219.0
Upper secondary education and qualifying educational programs,"[0-0,2]",Amager Vest,2011,208.0
Upper secondary education and qualifying educational programs,"[0-0,2]",Amager Vest,2012,212.0
Upper secondary education and qualifying educational programs,"[0-0,2]",Amager Vest,2013,218.0
Upper secondary education and qualifying educational programs,"[0-0,2]",Amager Vest,2014,157.0
Upper secondary education and qualifying educational programs,"[0-0,2]",Amager Vest,2015,168.0
Upper secondary education and qualifying educational programs,"[0-0,2]",Amager Vest,2016,154.0
Upper secondary education and qualifying educational programs,"[0-0,2]",Amager Vest,2017,131.0
Upper secondary education and qualifying educational programs,"[0-0,2]",Amager Vest,2018,133.0
Upper secondary education and qualifying educational programs,"[0-0,2]",Amager Vest,2019,134.0
Upper secondary education and qualifying educational programs,"[0-0,2]",Amager Vest,2020,198.0
Upper secondary education and qualifying educational programs,"[0-0,2]",Amager Vest,2021,159.0
Upper secondary education and qualifying educational programs,"[0-0,2]",Amager Vest,2022,145.0
Upper secondary education and qualifying educational programs,"[0-0,2]",Amager Vest,2023,148.0
Upper secondary education and qualifying educational programs,"[0-0,2]",Amager Øst,2008,162.0
Upper secondary education and qualifying educational programs,"[0-0,2]",Amager Øst,2009,242.0
Upper secondary education and qualifying educational programs,"[0-0,2]",Amager Øst,2010,231.0
Upper secondary education and qualifying educational programs,"[0-0,2]",Amager Øst,2011,223.0
Upper secondary education and qualifying educational programs,"[0-0,2]",Amager Øst,2012,210.0
Upper secondary education and qualifying educational programs,"[0-0,2]",Amager Øst,2013,233.0
Upper secondary education and qualifying educational programs,"[0-0,2]",Amager Øst,2014,146.0
Upper secondary education and qualifying educational programs,"[0-0,2]",Amager Øst,2015,163.0
Upper secondary education and qualifying educational programs,"[0-0,2]",Amager Øst,2016,131.0
Upper secondary education and qualifying educational programs,"[0-0,2]",Amager Øst,2017,111.0
Upper secondary education and qualifying educational programs,"[0-0,2]",Amager Øst,2018,118.0
Upper secondary education and qualifying educational programs,"[0-0,2]",Amager Øst,2019,105.0
Upper secondary education and qualifying educational programs,"[0-0,2]",Amager Øst,2020,155.0
Upper secondary education and qualifying educational programs,"[0-0,2]",Amager Øst,2021,114.0
Upper secondary education and qualifying educational programs,"[0-0,2]",Amager Øst,2022,119.0
Upper secondary education and qualifying educational programs,"[0-0,2]",Amager Øst,2023,113.0
Upper secondary education and qualifying educational programs,"[0-0,2]",Bispebjerg,2008,175.0
Upper secondary education and qualifying educational programs,"[0-0,2]",Bispebjerg,2009,208.0
Upper secondary education and qualifying educational programs,"[0-0,2]",Bispebjerg,2010,270.0
Upper secondary education and qualifying educational programs,"[0-0,2]",Bispebjerg,2011,259.0
Upper secondary education and qualifying educational programs,"[0-0,2]",Bispebjerg,2012,255.0
Upper secondary education and qualifying educational programs,"[0-0,2]",Bispebjerg,2013,244.0
Upper secondary education and qualifying educational programs,"[0-0,2]",Bispebjerg,2014,182.0
Upper secondary education and qualifying educational programs,"[0-0,2]",Bispebjerg,2015,170.0
Upper secondary education and qualifying educational programs,"[0-0,2]",Bispebjerg,2016,181.0
Upper secondary education and qualifying educational programs,"[0-0,2]",Bispebjerg,2017,118.0
Upper secondary education and qualifying educational programs,"[0-0,2]",Bispebjerg,2018,129.0
Upper secondary education and qualifying educational programs,"[0-0,2]",Bispebjerg,2019,111.0
Upper secondary education and qualifying educational programs,"[0-0,2]",Bispebjerg,2020,135.0
Upper secondary education and qualifying educational programs,"[0-0,2]",Bispebjerg,2021,143.0
Upper secondary education and qualifying educational programs,"[0-0,2]",Bispebjerg,2022,112.0
Upper secondary education and qualifying educational programs,"[0-0,2]",Bispebjerg,2023,146.0
Upper secondary education and qualifying educational programs,"[0-0,2]",Brønshøj-Husum,2008,96.0
Upper secondary education and qualifying educational programs,"[0-0,2]",Brønshøj-Husum,2009,124.0
Upper secondary education and qualifying educational programs,"[0-0,2]",Brønshøj-Husum,2010,130.0
Upper secondary education and qualifying educational programs,"[0-0,2]",Brønshøj-Husum,2011,128.0
Upper secondary education and qualifying educational programs,"[0-0,2]",Brønshøj-Husum,2012,145.0
Upper secondary education and qualifying educational programs,"[0-0,2]",Brønshøj-Husum,2013,131.0
Upper secondary education and qualifying educational programs,"[0-0,2]",Brønshøj-Husum,2014,118.0
Upper secondary education and qualifying educational programs,"[0-0,2]",Brønshøj-Husum,2015,111.0
Upper secondary education and qualifying educational programs,"[0-0,2]",Brønshøj-Husum,2016,87.0
Upper secondary education and qualifying educational programs,"[0-0,2]",Brønshøj-Husum,2017,83.0
Upper secondary education and qualifying educational programs,"[0-0,2]",Brønshøj-Husum,2018,91.0
Upper secondary education and qualifying educational programs,"[0-0,2]",Brønshøj-Husum,2019,82.0
Upper secondary education and qualifying educational programs,"[0-0,2]",Brønshøj-Husum,2020,78.0
Upper secondary education and qualifying educational programs,"[0-0,2]",Brønshøj-Husum,2021,70.0
Upper secondary education and qualifying educational programs,"[0-0,2]",Brønshøj-Husum,2022,72.0
Upper secondary education and qualifying educational programs,"[0-0,2]",Brønshøj-Husum,2023,62.0
Upper secondary education and qualifying educational programs,"[0-0,2]",Indre By,2008,149.0
Upper secondary education and qualifying educational programs,"[0-0,2]",Indre By,2009,205.0
Upper secondary education and qualifying educational programs,"[0-0,2]",Indre By,2010,168.0
Upper secondary education and qualifying educational programs,"[0-0,2]",Indre By,2011,206.0
Upper secondary education and qualifying educational programs,"[0-0,2]",Indre By,2012,152.0
Upper secondary education and qualifying educational programs,"[0-0,2]",Indre By,2013,178.0
Upper secondary education and qualifying educational programs,"[0-0,2]",Indre By,2014,124.0
Upper secondary education and qualifying educational programs,"[0-0,2]",Indre By,2015,128.0
Upper secondary education and qualifying educational programs,"[0-0,2]",Indre By,2016,99.0
Upper secondary education and qualifying educational programs,"[0-0,2]",Indre By,2017,84.0
Upper secondary education and qualifying educational programs,"[0-0,2]",Indre By,2018,74.0
Upper secondary education and qualifying educational programs,"[0-0,2]",Indre By,2019,77.0
Upper secondary education and qualifying educational programs,"[0-0,2]",Indre By,2020,100.0
Upper secondary education and qualifying educational programs,"[0-0,2]",Indre By,2021,97.0
Upper secondary education and qualifying educational programs,"[0-0,2]",Indre By,2022,89.0
Upper secondary education and qualifying educational programs,"[0-0,2]",Indre By,2023,74.0
Upper secondary education and qualifying educational programs,"[0-0,2]",Nørrebro,2008,310.0
Upper secondary education and qualifying educational programs,"[0-0,2]",Nørrebro,2009,442.0
Upper secondary education and qualifying educational programs,"[0-0,2]",Nørrebro,2010,446.0
Upper secondary education and qualifying educational programs,"[0-0,2]",Nørrebro,2011,431.0
Upper secondary education and qualifying educational programs,"[0-0,2]",Nørrebro,2012,411.0
Upper secondary education and qualifying educational programs,"[0-0,2]",Nørrebro,2013,351.0
Upper secondary education and qualifying educational programs,"[0-0,2]",Nørrebro,2014,281.0
Upper secondary education and qualifying educational programs,"[0-0,2]",Nørrebro,2015,236.0
Upper secondary education and qualifying educational programs,"[0-0,2]",Nørrebro,2016,204.0
Upper secondary education and qualifying educational programs,"[0-0,2]",Nørrebro,2017,175.0
Upper secondary education and qualifying educational programs,"[0-0,2]",Nørrebro,2018,166.0
Upper secondary education and qualifying educational programs,"[0-0,2]",Nørrebro,2019,154.0
Upper secondary education and qualifying educational programs,"[0-0,2]",Nørrebro,2020,231.0
Upper secondary education and qualifying educational programs,"[0-0,2]",Nørrebro,2021,166.0
Upper secondary education and qualifying educational programs,"[0-0,2]",Nørrebro,2022,187.0
Upper secondary education and qualifying educational programs,"[0-0,2]",Nørrebro,2023,160.0
Upper secondary education and qualifying educational programs,"[0-0,2]",Valby,2008,119.0
Upper secondary education and qualifying educational programs,"[0-0,2]",Valby,2009,170.0
Upper secondary education and qualifying educational programs,"[0-0,2]",Valby,2010,192.0
Upper secondary education and qualifying educational programs,"[0-0,2]",Valby,2011,194.0
Upper secondary education and qualifying educational programs,"[0-0,2]",Valby,2012,193.0
Upper secondary education and qualifying educational programs,"[0-0,2]",Valby,2013,169.0
Upper secondary education and qualifying educational programs,"[0-0,2]",Valby,2014,127.0
Upper secondary education and qualifying educational programs,"[0-0,2]",Valby,2015,145.0
Upper secondary education and qualifying educational programs,"[0-0,2]",Valby,2016,124.0
Upper secondary education and qualifying educational programs,"[0-0,2]",Valby,2017,111.0
Upper secondary education and qualifying educational programs,"[0-0,2]",Valby,2018,99.0
Upper secondary education and qualifying educational programs,"[0-0,2]",Valby,2019,94.0
Upper secondary education and qualifying educational programs,"[0-0,2]",Valby,2020,144.0
Upper secondary education and qualifying educational programs,"[0-0,2]",Valby,2021,127.0
Upper secondary education and qualifying educational programs,"[0-0,2]",Valby,2022,130.0
Upper secondary education and qualifying educational programs,"[0-0,2]",Valby,2023,119.0
Upper secondary education and qualifying educational programs,"[0-0,2]",Vanløse,2008,92.0
Upper secondary education and qualifying educational programs,"[0-0,2]",Vanløse,2009,115.0
Upper secondary education and qualifying educational programs,"[0-0,2]",Vanløse,2010,150.0
Upper secondary education and qualifying educational programs,"[0-0,2]",Vanløse,2011,121.0
Upper secondary education and qualifying educational programs,"[0-0,2]",Vanløse,2012,144.0
Upper secondary education and qualifying educational programs,"[0-0,2]",Vanløse,2013,124.0
Upper secondary education and qualifying educational programs,"[0-0,2]",Vanløse,2014,101.0
Upper secondary education and qualifying educational programs,"[0-0,2]",Vanløse,2015,95.0
Upper secondary education and qualifying educational programs,"[0-0,2]",Vanløse,2016,76.0
Upper secondary education and qualifying educational programs,"[0-0,2]",Vanløse,2017,73.0
Upper secondary education and qualifying educational programs,"[0-0,2]",Vanløse,2018,72.0
Upper secondary education and qualifying educational programs,"[0-0,2]",Vanløse,2019,67.0
Upper secondary education and qualifying educational programs,"[0-0,2]",Vanløse,2020,75.0
Upper secondary education and qualifying educational programs,"[0-0,2]",Vanløse,2021,54.0
Upper secondary education and qualifying educational programs,"[0-0,2]",Vanløse,2022,85.0
Upper secondary education and qualifying educational programs,"[0-0,2]",Vanløse,2023,64.0
Upper secondary education and qualifying educational programs,"[0-0,2]",Vesterbro/Kongens Enghave,2008,231.0
Upper secondary education and qualifying educational programs,"[0-0,2]",Vesterbro/Kongens Enghave,2009,285.0
Upper secondary education and qualifying educational programs,"[0-0,2]",Vesterbro/Kongens Enghave,2010,306.0
Upper secondary education and qualifying educational programs,"[0-0,2]",Vesterbro/Kongens Enghave,2011,294.0
Upper secondary education and qualifying educational programs,"[0-0,2]",Vesterbro/Kongens Enghave,2012,242.0
Upper secondary education and qualifying educational programs,"[0-0,2]",Vesterbro/Kongens Enghave,2013,254.0
Upper secondary education and qualifying educational programs,"[0-0,2]",Vesterbro/Kongens Enghave,2014,220.0
Upper secondary education and qualifying educational programs,"[0-0,2]",Vesterbro/Kongens Enghave,2015,196.0
Upper secondary education and qualifying educational programs,"[0-0,2]",Vesterbro/Kongens Enghave,2016,169.0
Upper secondary education and qualifying educational programs,"[0-0,2]",Vesterbro/Kongens Enghave,2017,154.0
Upper secondary education and qualifying educational programs,"[0-0,2]",Vesterbro/Kongens Enghave,2018,157.0
Upper secondary education and qualifying educational programs,"[0-0,2]",Vesterbro/Kongens Enghave,2019,139.0
Upper secondary education and qualifying educational programs,"[0-0,2]",Vesterbro/Kongens Enghave,2020,177.0
Upper secondary education and qualifying educational programs,"[0-0,2]",Vesterbro/Kongens Enghave,2021,146.0
Upper secondary education and qualifying educational programs,"[0-0,2]",Vesterbro/Kongens Enghave,2022,168.0
Upper secondary education and qualifying educational programs,"[0-0,2]",Vesterbro/Kongens Enghave,2023,138.0
Upper secondary education and qualifying educational programs,"[0-0,2]",Østerbro,2008,200.0
Upper secondary education and qualifying educational programs,"[0-0,2]",Østerbro,2009,233.0
Upper secondary education and qualifying educational programs,"[0-0,2]",Østerbro,2010,278.0
Upper secondary education and qualifying educational programs,"[0-0,2]",Østerbro,2011,229.0
Upper secondary education and qualifying educational programs,"[0-0,2]",Østerbro,2012,217.0
Upper secondary education and qualifying educational programs,"[0-0,2]",Østerbro,2013,235.0
Upper secondary education and qualifying educational programs,"[0-0,2]",Østerbro,2014,182.0
Upper secondary education and qualifying educational programs,"[0-0,2]",Østerbro,2015,196.0
Upper secondary education and qualifying educational programs,"[0-0,2]",Østerbro,2016,132.0
Upper secondary education and qualifying educational programs,"[0-0,2]",Østerbro,2017,140.0
Upper secondary education and qualifying educational programs,"[0-0,2]",Østerbro,2018,116.0
Upper secondary education and qualifying educational programs,"[0-0,2]",Østerbro,2019,103.0
Upper secondary education and qualifying educational programs,"[0-0,2]",Østerbro,2020,143.0
Upper secondary education and qualifying educational programs,"[0-0,2]",Østerbro,2021,117.0
Upper secondary education and qualifying educational programs,"[0-0,2]",Østerbro,2022,132.0
Upper secondary education and qualifying educational programs,"[0-0,2]",Østerbro,2023,120.0
Upper secondary education and qualifying educational programs,"]0,2-0,4]",Amager Vest,2008,82.0
Upper secondary education and qualifying educational programs,"]0,2-0,4]",Amager Vest,2009,110.0
Upper secondary education and qualifying educational programs,"]0,2-0,4]",Amager Vest,2010,122.0
Upper secondary education and qualifying educational programs,"]0,2-0,4]",Amager Vest,2011,120.0
Upper secondary education and qualifying educational programs,"]0,2-0,4]",Amager Vest,2012,145.0
Upper secondary education and qualifying educational programs,"]0,2-0,4]",Amager Vest,2013,109.0
Upper secondary education and qualifying educational programs,"]0,2-0,4]",Amager Vest,2014,91.0
Upper secondary education and qualifying educational programs,"]0,2-0,4]",Amager Vest,2015,84.0
Upper secondary education and qualifying educational programs,"]0,2-0,4]",Amager Vest,2016,70.0
Upper secondary education and qualifying educational programs,"]0,2-0,4]",Amager Vest,2017,77.0
Upper secondary education and qualifying educational programs,"]0,2-0,4]",Amager Vest,2018,76.0
Upper secondary education and qualifying educational programs,"]0,2-0,4]",Amager Vest,2019,73.0
Upper secondary education and qualifying educational programs,"]0,2-0,4]",Amager Vest,2020,108.0
Upper secondary education and qualifying educational programs,"]0,2-0,4]",Amager Vest,2021,118.0
Upper secondary education and qualifying educational programs,"]0,2-0,4]",Amager Vest,2022,88.0
Upper secondary education and qualifying educational programs,"]0,2-0,4]",Amager Vest,2023,96.0
Upper secondary education and qualifying educational programs,"]0,2-0,4]",Amager Øst,2008,60.0
Upper secondary education and qualifying educational programs,"]0,2-0,4]",Amager Øst,2009,104.0
Upper secondary education and qualifying educational programs,"]0,2-0,4]",Amager Øst,2010,142.0
Upper secondary education and qualifying educational programs,"]0,2-0,4]",Amager Øst,2011,147.0
Upper secondary education and qualifying educational programs,"]0,2-0,4]",Amager Øst,2012,136.0
Upper secondary education and qualifying educational programs,"]0,2-0,4]",Amager Øst,2013,130.0
Upper secondary education and qualifying educational programs,"]0,2-0,4]",Amager Øst,2014,96.0
Upper secondary education and qualifying educational programs,"]0,2-0,4]",Amager Øst,2015,91.0
Upper secondary education and qualifying educational programs,"]0,2-0,4]",Amager Øst,2016,72.0
Upper secondary education and qualifying educational programs,"]0,2-0,4]",Amager Øst,2017,66.0
Upper secondary education and qualifying educational programs,"]0,2-0,4]",Amager Øst,2018,81.0
Upper secondary education and qualifying educational programs,"]0,2-0,4]",Amager Øst,2019,63.0
Upper secondary education and qualifying educational programs,"]0,2-0,4]",Amager Øst,2020,104.0
Upper secondary education and qualifying educational programs,"]0,2-0,4]",Amager Øst,2021,102.0
Upper secondary education and qualifying educational programs,"]0,2-0,4]",Amager Øst,2022,71.0
Upper secondary education and qualifying educational programs,"]0,2-0,4]",Amager Øst,2023,80.0
Upper secondary education and qualifying educational programs,"]0,2-0,4]",Bispebjerg,2008,97.0
Upper secondary education and qualifying educational programs,"]0,2-0,4]",Bispebjerg,2009,125.0
Upper secondary education and qualifying educational programs,"]0,2-0,4]",Bispebjerg,2010,133.0
Upper secondary education and qualifying educational programs,"]0,2-0,4]",Bispebjerg,2011,121.0
Upper secondary education and qualifying educational programs,"]0,2-0,4]",Bispebjerg,2012,144.0
Upper secondary education and qualifying educational programs,"]0,2-0,4]",Bispebjerg,2013,166.0
Upper secondary education and qualifying educational programs,"]0,2-0,4]",Bispebjerg,2014,100.0
Upper secondary education and qualifying educational programs,"]0,2-0,4]",Bispebjerg,2015,97.0
Upper secondary education and qualifying educational programs,"]0,2-0,4]",Bispebjerg,2016,103.0
Upper secondary education and qualifying educational programs,"]0,2-0,4]",Bispebjerg,2017,76.0
Upper secondary education and qualifying educational programs,"]0,2-0,4]",Bispebjerg,2018,83.0
Upper secondary education and qualifying educational programs,"]0,2-0,4]",Bispebjerg,2019,89.0
Upper secondary education and qualifying educational programs,"]0,2-0,4]",Bispebjerg,2020,93.0
Upper secondary education and qualifying educational programs,"]0,2-0,4]",Bispebjerg,2021,74.0
Upper secondary education and qualifying educational programs,"]0,2-0,4]",Bispebjerg,2022,78.0
Upper secondary education and qualifying educational programs,"]0,2-0,4]",Bispebjerg,2023,87.0
Upper secondary education and qualifying educational programs,"]0,2-0,4]",Brønshøj-Husum,2008,64.0
Upper secondary education and qualifying educational programs,"]0,2-0,4]",Brønshøj-Husum,2009,79.0
Upper secondary education and qualifying educational programs,"]0,2-0,4]",Brønshøj-Husum,2010,80.0
Upper secondary education and qualifying educational programs,"]0,2-0,4]",Brønshøj-Husum,2011,85.0
Upper secondary education and qualifying educational programs,"]0,2-0,4]",Brønshøj-Husum,2012,82.0
Upper secondary education and qualifying educational programs,"]0,2-0,4]",Brønshøj-Husum,2013,87.0
Upper secondary education and qualifying educational programs,"]0,2-0,4]",Brønshøj-Husum,2014,52.0
Upper secondary education and qualifying educational programs,"]0,2-0,4]",Brønshøj-Husum,2015,73.0
Upper secondary education and qualifying educational programs,"]0,2-0,4]",Brønshøj-Husum,2016,53.0
Upper secondary education and qualifying educational programs,"]0,2-0,4]",Brønshøj-Husum,2017,50.0
Upper secondary education and qualifying educational programs,"]0,2-0,4]",Brønshøj-Husum,2018,56.0
Upper secondary education and qualifying educational programs,"]0,2-0,4]",Brønshøj-Husum,2019,42.0
Upper secondary education and qualifying educational programs,"]0,2-0,4]",Brønshøj-Husum,2020,43.0
Upper secondary education and qualifying educational programs,"]0,2-0,4]",Brønshøj-Husum,2021,46.0
Upper secondary education and qualifying educational programs,"]0,2-0,4]",Brønshøj-Husum,2022,44.0
Upper secondary education and qualifying educational programs,"]0,2-0,4]",Brønshøj-Husum,2023,50.0
Upper secondary education and qualifying educational programs,"]0,2-0,4]",Indre By,2008,82.0
Upper secondary education and qualifying educational programs,"]0,2-0,4]",Indre By,2009,101.0
Upper secondary education and qualifying educational programs,"]0,2-0,4]",Indre By,2010,131.0
Upper secondary education and qualifying educational programs,"]0,2-0,4]",Indre By,2011,116.0
Upper secondary education and qualifying educational programs,"]0,2-0,4]",Indre By,2012,94.0
Upper secondary education and qualifying educational programs,"]0,2-0,4]",Indre By,2013,97.0
Upper secondary education and qualifying educational programs,"]0,2-0,4]",Indre By,2014,73.0
Upper secondary education and qualifying educational programs,"]0,2-0,4]",Indre By,2015,58.0
Upper secondary education and qualifying educational programs,"]0,2-0,4]",Indre By,2016,61.0
Upper secondary education and qualifying educational programs,"]0,2-0,4]",Indre By,2017,72.0
Upper secondary education and qualifying educational programs,"]0,2-0,4]",Indre By,2018,61.0
Upper secondary education and qualifying educational programs,"]0,2-0,4]",Indre By,2019,54.0
Upper secondary education and qualifying educational programs,"]0,2-0,4]",Indre By,2020,67.0
Upper secondary education and qualifying educational programs,"]0,2-0,4]",Indre By,2021,59.0
Upper secondary education and qualifying educational programs,"]0,2-0,4]",Indre By,2022,54.0
Upper secondary education and qualifying educational programs,"]0,2-0,4]",Indre By,2023,62.0
Upper secondary education and qualifying educational programs,"]0,2-0,4]",Nørrebro,2008,173.0
Upper secondary education and qualifying educational programs,"]0,2-0,4]",Nørrebro,2009,226.0
Upper secondary education and qualifying educational programs,"]0,2-0,4]",Nørrebro,2010,227.0
Upper secondary education and qualifying educational programs,"]0,2-0,4]",Nørrebro,2011,255.0
Upper secondary education and qualifying educational programs,"]0,2-0,4]",Nørrebro,2012,214.0
Upper secondary education and qualifying educational programs,"]0,2-0,4]",Nørrebro,2013,226.0
Upper secondary education and qualifying educational programs,"]0,2-0,4]",Nørrebro,2014,160.0
Upper secondary education and qualifying educational programs,"]0,2-0,4]",Nørrebro,2015,149.0
Upper secondary education and qualifying educational programs,"]0,2-0,4]",Nørrebro,2016,123.0
Upper secondary education and qualifying educational programs,"]0,2-0,4]",Nørrebro,2017,113.0
Upper secondary education and qualifying educational programs,"]0,2-0,4]",Nørrebro,2018,103.0
Upper secondary education and qualifying educational programs,"]0,2-0,4]",Nørrebro,2019,105.0
Upper secondary education and qualifying educational programs,"]0,2-0,4]",Nørrebro,2020,135.0
Upper secondary education and qualifying educational programs,"]0,2-0,4]",Nørrebro,2021,120.0
Upper secondary education and qualifying educational programs,"]0,2-0,4]",Nørrebro,2022,115.0
Upper secondary education and qualifying educational programs,"]0,2-0,4]",Nørrebro,2023,120.0
Upper secondary education and qualifying educational programs,"]0,2-0,4]",Valby,2008,68.0
Upper secondary education and qualifying educational programs,"]0,2-0,4]",Valby,2009,82.0
Upper secondary education and qualifying educational programs,"]0,2-0,4]",Valby,2010,102.0
Upper secondary education and qualifying educational programs,"]0,2-0,4]",Valby,2011,102.0
Upper secondary education and qualifying educational programs,"]0,2-0,4]",Valby,2012,105.0
Upper secondary education and qualifying educational programs,"]0,2-0,4]",Valby,2013,111.0
Upper secondary education and qualifying educational programs,"]0,2-0,4]",Valby,2014,65.0
Upper secondary education and qualifying educational programs,"]0,2-0,4]",Valby,2015,71.0
Upper secondary education and qualifying educational programs,"]0,2-0,4]",Valby,2016,67.0
Upper secondary education and qualifying educational programs,"]0,2-0,4]",Valby,2017,62.0
Upper secondary education and qualifying educational programs,"]0,2-0,4]",Valby,2018,58.0
Upper secondary education and qualifying educational programs,"]0,2-0,4]",Valby,2019,72.0
Upper secondary education and qualifying educational programs,"]0,2-0,4]",Valby,2020,67.0
Upper secondary education and qualifying educational programs,"]0,2-0,4]",Valby,2021,80.0
Upper secondary education and qualifying educational programs,"]0,2-0,4]",Valby,2022,67.0
Upper secondary education and qualifying educational programs,"]0,2-0,4]",Valby,2023,84.0
Upper secondary education and qualifying educational programs,"]0,2-0,4]",Vanløse,2008,31.0
Upper secondary education and qualifying educational programs,"]0,2-0,4]",Vanløse,2009,69.0
Upper secondary education and qualifying educational programs,"]0,2-0,4]",Vanløse,2010,70.0
Upper secondary education and qualifying educational programs,"]0,2-0,4]",Vanløse,2011,74.0
Upper secondary education and qualifying educational programs,"]0,2-0,4]",Vanløse,2012,81.0
Upper secondary education and qualifying educational programs,"]0,2-0,4]",Vanløse,2013,62.0
Upper secondary education and qualifying educational programs,"]0,2-0,4]",Vanløse,2014,51.0
Upper secondary education and qualifying educational programs,"]0,2-0,4]",Vanløse,2015,48.0
Upper secondary education and qualifying educational programs,"]0,2-0,4]",Vanløse,2016,43.0
Upper secondary education and qualifying educational programs,"]0,2-0,4]",Vanløse,2017,40.0
Upper secondary education and qualifying educational programs,"]0,2-0,4]",Vanløse,2018,44.0
Upper secondary education and qualifying educational programs,"]0,2-0,4]",Vanløse,2019,40.0
Upper secondary education and qualifying educational programs,"]0,2-0,4]",Vanløse,2020,56.0
Upper secondary education and qualifying educational programs,"]0,2-0,4]",Vanløse,2021,48.0
Upper secondary education and qualifying educational programs,"]0,2-0,4]",Vanløse,2022,50.0
Upper secondary education and qualifying educational programs,"]0,2-0,4]",Vanløse,2023,47.0
Upper secondary education and qualifying educational programs,"]0,2-0,4]",Vesterbro/Kongens Enghave,2008,150.0
Upper secondary education and qualifying educational programs,"]0,2-0,4]",Vesterbro/Kongens Enghave,2009,164.0
Upper secondary education and qualifying educational programs,"]0,2-0,4]",Vesterbro/Kongens Enghave,2010,168.0
Upper secondary education and qualifying educational programs,"]0,2-0,4]",Vesterbro/Kongens Enghave,2011,159.0
Upper secondary education and qualifying educational programs,"]0,2-0,4]",Vesterbro/Kongens Enghave,2012,175.0
Upper secondary education and qualifying educational programs,"]0,2-0,4]",Vesterbro/Kongens Enghave,2013,168.0
Upper secondary education and qualifying educational programs,"]0,2-0,4]",Vesterbro/Kongens Enghave,2014,126.0
Upper secondary education and qualifying educational programs,"]0,2-0,4]",Vesterbro/Kongens Enghave,2015,94.0
Upper secondary education and qualifying educational programs,"]0,2-0,4]",Vesterbro/Kongens Enghave,2016,95.0
Upper secondary education and qualifying educational programs,"]0,2-0,4]",Vesterbro/Kongens Enghave,2017,103.0
Upper secondary education and qualifying educational programs,"]0,2-0,4]",Vesterbro/Kongens Enghave,2018,109.0
Upper secondary education and qualifying educational programs,"]0,2-0,4]",Vesterbro/Kongens Enghave,2019,100.0
Upper secondary education and qualifying educational programs,"]0,2-0,4]",Vesterbro/Kongens Enghave,2020,120.0
Upper secondary education and qualifying educational programs,"]0,2-0,4]",Vesterbro/Kongens Enghave,2021,127.0
Upper secondary education and qualifying educational programs,"]0,2-0,4]",Vesterbro/Kongens Enghave,2022,108.0
Upper secondary education and qualifying educational programs,"]0,2-0,4]",Vesterbro/Kongens Enghave,2023,103.0
Upper secondary education and qualifying educational programs,"]0,2-0,4]",Østerbro,2008,122.0
Upper secondary education and qualifying educational programs,"]0,2-0,4]",Østerbro,2009,148.0
Upper secondary education and qualifying educational programs,"]0,2-0,4]",Østerbro,2010,159.0
Upper secondary education and qualifying educational programs,"]0,2-0,4]",Østerbro,2011,134.0
Upper secondary education and qualifying educational programs,"]0,2-0,4]",Østerbro,2012,133.0
Upper secondary education and qualifying educational programs,"]0,2-0,4]",Østerbro,2013,127.0
Upper secondary education and qualifying educational programs,"]0,2-0,4]",Østerbro,2014,107.0
Upper secondary education and qualifying educational programs,"]0,2-0,4]",Østerbro,2015,88.0
Upper secondary education and qualifying educational programs,"]0,2-0,4]",Østerbro,2016,79.0
Upper secondary education and qualifying educational programs,"]0,2-0,4]",Østerbro,2017,75.0
Upper secondary education and qualifying educational programs,"]0,2-0,4]",Østerbro,2018,61.0
Upper secondary education and qualifying educational programs,"]0,2-0,4]",Østerbro,2019,65.0
Upper secondary education and qualifying educational programs,"]0,2-0,4]",Østerbro,2020,77.0
Upper secondary education and qualifying educational programs,"]0,2-0,4]",Østerbro,2021,87.0
Upper secondary education and qualifying educational programs,"]0,2-0,4]",Østerbro,2022,50.0
Upper secondary education and qualifying educational programs,"]0,2-0,4]",Østerbro,2023,80.0
Upper secondary education and qualifying educational programs,"]0,4-0,6]",Amager Vest,2008,48.0
Upper secondary education and qualifying educational programs,"]0,4-0,6]",Amager Vest,2009,61.0
Upper secondary education and qualifying educational programs,"]0,4-0,6]",Amager Vest,2010,77.0
Upper secondary education and qualifying educational programs,"]0,4-0,6]",Amager Vest,2011,93.0
Upper secondary education and qualifying educational programs,"]0,4-0,6]",Amager Vest,2012,89.0
Upper secondary education and qualifying educational programs,"]0,4-0,6]",Amager Vest,2013,69.0
Upper secondary education and qualifying educational programs,"]0,4-0,6]",Amager Vest,2014,68.0
Upper secondary education and qualifying educational programs,"]0,4-0,6]",Amager Vest,2015,57.0
Upper secondary education and qualifying educational programs,"]0,4-0,6]",Amager Vest,2016,52.0
Upper secondary education and qualifying educational programs,"]0,4-0,6]",Amager Vest,2017,54.0
Upper secondary education and qualifying educational programs,"]0,4-0,6]",Amager Vest,2018,30.0
Upper secondary education and qualifying educational programs,"]0,4-0,6]",Amager Vest,2019,59.0
Upper secondary education and qualifying educational programs,"]0,4-0,6]",Amager Vest,2020,68.0
Upper secondary education and qualifying educational programs,"]0,4-0,6]",Amager Vest,2021,92.0
Upper secondary education and qualifying educational programs,"]0,4-0,6]",Amager Vest,2022,55.0
Upper secondary education and qualifying educational programs,"]0,4-0,6]",Amager Vest,2023,62.0
Upper secondary education and qualifying educational programs,"]0,4-0,6]",Amager Øst,2008,49.0
Upper secondary education and qualifying educational programs,"]0,4-0,6]",Amager Øst,2009,66.0
Upper secondary education and qualifying educational programs,"]0,4-0,6]",Amager Øst,2010,82.0
Upper secondary education and qualifying educational programs,"]0,4-0,6]",Amager Øst,2011,70.0
Upper secondary education and qualifying educational programs,"]0,4-0,6]",Amager Øst,2012,79.0
Upper secondary education and qualifying educational programs,"]0,4-0,6]",Amager Øst,2013,86.0
Upper secondary education and qualifying educational programs,"]0,4-0,6]",Amager Øst,2014,58.0
Upper secondary education and qualifying educational programs,"]0,4-0,6]",Amager Øst,2015,44.0
Upper secondary education and qualifying educational programs,"]0,4-0,6]",Amager Øst,2016,51.0
Upper secondary education and qualifying educational programs,"]0,4-0,6]",Amager Øst,2017,47.0
Upper secondary education and qualifying educational programs,"]0,4-0,6]",Amager Øst,2018,40.0
Upper secondary education and qualifying educational programs,"]0,4-0,6]",Amager Øst,2019,41.0
Upper secondary education and qualifying educational programs,"]0,4-0,6]",Amager Øst,2020,58.0
Upper secondary education and qualifying educational programs,"]0,4-0,6]",Amager Øst,2021,61.0
Upper secondary education and qualifying educational programs,"]0,4-0,6]",Amager Øst,2022,34.0
Upper secondary education and qualifying educational programs,"]0,4-0,6]",Amager Øst,2023,53.0
Upper secondary education and qualifying educational programs,"]0,4-0,6]",Bispebjerg,2008,47.0
Upper secondary education and qualifying educational programs,"]0,4-0,6]",Bispebjerg,2009,68.0
Upper secondary education and qualifying educational programs,"]0,4-0,6]",Bispebjerg,2010,95.0
Upper secondary education and qualifying educational programs,"]0,4-0,6]",Bispebjerg,2011,92.0
Upper secondary education and qualifying educational programs,"]0,4-0,6]",Bispebjerg,2012,108.0
Upper secondary education and qualifying educational programs,"]0,4-0,6]",Bispebjerg,2013,101.0
Upper secondary education and qualifying educational programs,"]0,4-0,6]",Bispebjerg,2014,78.0
Upper secondary education and qualifying educational programs,"]0,4-0,6]",Bispebjerg,2015,60.0
Upper secondary education and qualifying educational programs,"]0,4-0,6]",Bispebjerg,2016,68.0
Upper secondary education and qualifying educational programs,"]0,4-0,6]",Bispebjerg,2017,56.0
Upper secondary education and qualifying educational programs,"]0,4-0,6]",Bispebjerg,2018,54.0
Upper secondary education and qualifying educational programs,"]0,4-0,6]",Bispebjerg,2019,43.0
Upper secondary education and qualifying educational programs,"]0,4-0,6]",Bispebjerg,2020,59.0
Upper secondary education and qualifying educational programs,"]0,4-0,6]",Bispebjerg,2021,68.0
Upper secondary education and qualifying educational programs,"]0,4-0,6]",Bispebjerg,2022,46.0
Upper secondary education and qualifying educational programs,"]0,4-0,6]",Bispebjerg,2023,48.0
Upper secondary education and qualifying educational programs,"]0,4-0,6]",Brønshøj-Husum,2008,34.0
Upper secondary education and qualifying educational programs,"]0,4-0,6]",Brønshøj-Husum,2009,42.0
Upper secondary education and qualifying educational programs,"]0,4-0,6]",Brønshøj-Husum,2010,51.0
Upper secondary education and qualifying educational programs,"]0,4-0,6]",Brønshøj-Husum,2011,77.0
Upper secondary education and qualifying educational programs,"]0,4-0,6]",Brønshøj-Husum,2012,59.0
Upper secondary education and qualifying educational programs,"]0,4-0,6]",Brønshøj-Husum,2013,75.0
Upper secondary education and qualifying educational programs,"]0,4-0,6]",Brønshøj-Husum,2014,52.0
Upper secondary education and qualifying educational programs,"]0,4-0,6]",Brønshøj-Husum,2015,52.0
Upper secondary education and qualifying educational programs,"]0,4-0,6]",Brønshøj-Husum,2016,57.0
Upper secondary education and qualifying educational programs,"]0,4-0,6]",Brønshøj-Husum,2017,40.0
Upper secondary education and qualifying educational programs,"]0,4-0,6]",Brønshøj-Husum,2018,38.0
Upper secondary education and qualifying educational programs,"]0,4-0,6]",Brønshøj-Husum,2019,42.0
Upper secondary education and qualifying educational programs,"]0,4-0,6]",Brønshøj-Husum,2020,55.0
Upper secondary education and qualifying educational programs,"]0,4-0,6]",Brønshøj-Husum,2021,49.0
Upper secondary education and qualifying educational programs,"]0,4-0,6]",Brønshøj-Husum,2022,22.0
Upper secondary education and qualifying educational programs,"]0,4-0,6]",Brønshøj-Husum,2023,32.0
Upper secondary education and qualifying educational programs,"]0,4-0,6]",Indre By,2008,61.0
Upper secondary education and qualifying educational programs,"]0,4-0,6]",Indre By,2009,73.0
Upper secondary education and qualifying educational programs,"]0,4-0,6]",Indre By,2010,78.0
Upper secondary education and qualifying educational programs,"]0,4-0,6]",Indre By,2011,63.0
Upper secondary education and qualifying educational programs,"]0,4-0,6]",Indre By,2012,66.0
Upper secondary education and qualifying educational programs,"]0,4-0,6]",Indre By,2013,66.0
Upper secondary education and qualifying educational programs,"]0,4-0,6]",Indre By,2014,41.0
Upper secondary education and qualifying educational programs,"]0,4-0,6]",Indre By,2015,51.0
Upper secondary education and qualifying educational programs,"]0,4-0,6]",Indre By,2016,38.0
Upper secondary education and qualifying educational programs,"]0,4-0,6]",Indre By,2017,37.0
Upper secondary education and qualifying educational programs,"]0,4-0,6]",Indre By,2018,42.0
Upper secondary education and qualifying educational programs,"]0,4-0,6]",Indre By,2019,31.0
Upper secondary education and qualifying educational programs,"]0,4-0,6]",Indre By,2020,44.0
Upper secondary education and qualifying educational programs,"]0,4-0,6]",Indre By,2021,45.0
Upper secondary education and qualifying educational programs,"]0,4-0,6]",Indre By,2022,33.0
Upper secondary education and qualifying educational programs,"]0,4-0,6]",Indre By,2023,42.0
Upper secondary education and qualifying educational programs,"]0,4-0,6]",Nørrebro,2008,97.0
Upper secondary education and qualifying educational programs,"]0,4-0,6]",Nørrebro,2009,140.0
Upper secondary education and qualifying educational programs,"]0,4-0,6]",Nørrebro,2010,152.0
Upper secondary education and qualifying educational programs,"]0,4-0,6]",Nørrebro,2011,154.0
Upper secondary education and qualifying educational programs,"]0,4-0,6]",Nørrebro,2012,156.0
Upper secondary education and qualifying educational programs,"]0,4-0,6]",Nørrebro,2013,171.0
Upper secondary education and qualifying educational programs,"]0,4-0,6]",Nørrebro,2014,88.0
Upper secondary education and qualifying educational programs,"]0,4-0,6]",Nørrebro,2015,89.0
Upper secondary education and qualifying educational programs,"]0,4-0,6]",Nørrebro,2016,77.0
Upper secondary education and qualifying educational programs,"]0,4-0,6]",Nørrebro,2017,86.0
Upper secondary education and qualifying educational programs,"]0,4-0,6]",Nørrebro,2018,72.0
Upper secondary education and qualifying educational programs,"]0,4-0,6]",Nørrebro,2019,63.0
Upper secondary education and qualifying educational programs,"]0,4-0,6]",Nørrebro,2020,92.0
Upper secondary education and qualifying educational programs,"]0,4-0,6]",Nørrebro,2021,101.0
Upper secondary education and qualifying educational programs,"]0,4-0,6]",Nørrebro,2022,73.0
Upper secondary education and qualifying educational programs,"]0,4-0,6]",Nørrebro,2023,77.0
Upper secondary education and qualifying educational programs,"]0,4-0,6]",Valby,2008,47.0
Upper secondary education and qualifying educational programs,"]0,4-0,6]",Valby,2009,62.0
Upper secondary education and qualifying educational programs,"]0,4-0,6]",Valby,2010,60.0
Upper secondary education and qualifying educational programs,"]0,4-0,6]",Valby,2011,58.0
Upper secondary education and qualifying educational programs,"]0,4-0,6]",Valby,2012,61.0
Upper secondary education and qualifying educational programs,"]0,4-0,6]",Valby,2013,65.0
Upper secondary education and qualifying educational programs,"]0,4-0,6]",Valby,2014,46.0
Upper secondary education and qualifying educational programs,"]0,4-0,6]",Valby,2015,47.0
Upper secondary education and qualifying educational programs,"]0,4-0,6]",Valby,2016,55.0
Upper secondary education and qualifying educational programs,"]0,4-0,6]",Valby,2017,54.0
Upper secondary education and qualifying educational programs,"]0,4-0,6]",Valby,2018,54.0
Upper secondary education and qualifying educational programs,"]0,4-0,6]",Valby,2019,41.0
Upper secondary education and qualifying educational programs,"]0,4-0,6]",Valby,2020,47.0
Upper secondary education and qualifying educational programs,"]0,4-0,6]",Valby,2021,44.0
Upper secondary education and qualifying educational programs,"]0,4-0,6]",Valby,2022,38.0
Upper secondary education and qualifying educational programs,"]0,4-0,6]",Valby,2023,42.0
Upper secondary education and qualifying educational programs,"]0,4-0,6]",Vanløse,2008,23.0
Upper secondary education and qualifying educational programs,"]0,4-0,6]",Vanløse,2009,38.0
Upper secondary education and qualifying educational programs,"]0,4-0,6]",Vanløse,2010,39.0
Upper secondary education and qualifying educational programs,"]0,4-0,6]",Vanløse,2011,41.0
Upper secondary education and qualifying educational programs,"]0,4-0,6]",Vanløse,2012,43.0
Upper secondary education and qualifying educational programs,"]0,4-0,6]",Vanløse,2013,48.0
Upper secondary education and qualifying educational programs,"]0,4-0,6]",Vanløse,2014,28.0
Upper secondary education and qualifying educational programs,"]0,4-0,6]",Vanløse,2015,27.0
Upper secondary education and qualifying educational programs,"]0,4-0,6]",Vanløse,2016,23.0
Upper secondary education and qualifying educational programs,"]0,4-0,6]",Vanløse,2017,35.0
Upper secondary education and qualifying educational programs,"]0,4-0,6]",Vanløse,2018,28.0
Upper secondary education and qualifying educational programs,"]0,4-0,6]",Vanløse,2019,35.0
Upper secondary education and qualifying educational programs,"]0,4-0,6]",Vanløse,2020,37.0
Upper secondary education and qualifying educational programs,"]0,4-0,6]",Vanløse,2021,29.0
Upper secondary education and qualifying educational programs,"]0,4-0,6]",Vanløse,2022,27.0
Upper secondary education and qualifying educational programs,"]0,4-0,6]",Vanløse,2023,18.0
Upper secondary education and qualifying educational programs,"]0,4-0,6]",Vesterbro/Kongens Enghave,2008,70.0
Upper secondary education and qualifying educational programs,"]0,4-0,6]",Vesterbro/Kongens Enghave,2009,103.0
Upper secondary education and qualifying educational programs,"]0,4-0,6]",Vesterbro/Kongens Enghave,2010,137.0
Upper secondary education and qualifying educational programs,"]0,4-0,6]",Vesterbro/Kongens Enghave,2011,124.0
Upper secondary education and qualifying educational programs,"]0,4-0,6]",Vesterbro/Kongens Enghave,2012,110.0
Upper secondary education and qualifying educational programs,"]0,4-0,6]",Vesterbro/Kongens Enghave,2013,100.0
Upper secondary education and qualifying educational programs,"]0,4-0,6]",Vesterbro/Kongens Enghave,2014,82.0
Upper secondary education and qualifying educational programs,"]0,4-0,6]",Vesterbro/Kongens Enghave,2015,70.0
Upper secondary education and qualifying educational programs,"]0,4-0,6]",Vesterbro/Kongens Enghave,2016,70.0
Upper secondary education and qualifying educational programs,"]0,4-0,6]",Vesterbro/Kongens Enghave,2017,54.0
Upper secondary education and qualifying educational programs,"]0,4-0,6]",Vesterbro/Kongens Enghave,2018,61.0
Upper secondary education and qualifying educational programs,"]0,4-0,6]",Vesterbro/Kongens Enghave,2019,60.0
Upper secondary education and qualifying educational programs,"]0,4-0,6]",Vesterbro/Kongens Enghave,2020,99.0
Upper secondary education and qualifying educational programs,"]0,4-0,6]",Vesterbro/Kongens Enghave,2021,82.0
Upper secondary education and qualifying educational programs,"]0,4-0,6]",Vesterbro/Kongens Enghave,2022,60.0
Upper secondary education and qualifying educational programs,"]0,4-0,6]",Vesterbro/Kongens Enghave,2023,75.0
Upper secondary education and qualifying educational programs,"]0,4-0,6]",Østerbro,2008,64.0
Upper secondary education and qualifying educational programs,"]0,4-0,6]",Østerbro,2009,81.0
Upper secondary education and qualifying educational programs,"]0,4-0,6]",Østerbro,2010,94.0
Upper secondary education and qualifying educational programs,"]0,4-0,6]",Østerbro,2011,87.0
Upper secondary education and qualifying educational programs,"]0,4-0,6]",Østerbro,2012,112.0
Upper secondary education and qualifying educational programs,"]0,4-0,6]",Østerbro,2013,100.0
Upper secondary education and qualifying educational programs,"]0,4-0,6]",Østerbro,2014,76.0
Upper secondary education and qualifying educational programs,"]0,4-0,6]",Østerbro,2015,70.0
Upper secondary education and qualifying educational programs,"]0,4-0,6]",Østerbro,2016,55.0
Upper secondary education and qualifying educational programs,"]0,4-0,6]",Østerbro,2017,44.0
Upper secondary education and qualifying educational programs,"]0,4-0,6]",Østerbro,2018,49.0
Upper secondary education and qualifying educational programs,"]0,4-0,6]",Østerbro,2019,44.0
Upper secondary education and qualifying educational programs,"]0,4-0,6]",Østerbro,2020,43.0
Upper secondary education and qualifying educational programs,"]0,4-0,6]",Østerbro,2021,56.0
Upper secondary education and qualifying educational programs,"]0,4-0,6]",Østerbro,2022,36.0
Upper secondary education and qualifying educational programs,"]0,4-0,6]",Østerbro,2023,57.0
Upper secondary education and qualifying educational programs,"]0,6-0,8]",Amager Vest,2008,28.0
Upper secondary education and qualifying educational programs,"]0,6-0,8]",Amager Vest,2009,55.0
Upper secondary education and qualifying educational programs,"]0,6-0,8]",Amager Vest,2010,46.0
Upper secondary education and qualifying educational programs,"]0,6-0,8]",Amager Vest,2011,52.0
Upper secondary education and qualifying educational programs,"]0,6-0,8]",Amager Vest,2012,55.0
Upper secondary education and qualifying educational programs,"]0,6-0,8]",Amager Vest,2013,62.0
Upper secondary education and qualifying educational programs,"]0,6-0,8]",Amager Vest,2014,30.0
Upper secondary education and qualifying educational programs,"]0,6-0,8]",Amager Vest,2015,26.0
Upper secondary education and qualifying educational programs,"]0,6-0,8]",Amager Vest,2016,36.0
Upper secondary education and qualifying educational programs,"]0,6-0,8]",Amager Vest,2017,31.0
Upper secondary education and qualifying educational programs,"]0,6-0,8]",Amager Vest,2018,36.0
Upper secondary education and qualifying educational programs,"]0,6-0,8]",Amager Vest,2019,29.0
Upper secondary education and qualifying educational programs,"]0,6-0,8]",Amager Vest,2020,65.0
Upper secondary education and qualifying educational programs,"]0,6-0,8]",Amager Vest,2021,57.0
Upper secondary education and qualifying educational programs,"]0,6-0,8]",Amager Vest,2022,24.0
Upper secondary education and qualifying educational programs,"]0,6-0,8]",Amager Vest,2023,42.0
Upper secondary education and qualifying educational programs,"]0,6-0,8]",Amager Øst,2008,28.0
Upper secondary education and qualifying educational programs,"]0,6-0,8]",Amager Øst,2009,39.0
Upper secondary education and qualifying educational programs,"]0,6-0,8]",Amager Øst,2010,47.0
Upper secondary education and qualifying educational programs,"]0,6-0,8]",Amager Øst,2011,42.0
Upper secondary education and qualifying educational programs,"]0,6-0,8]",Amager Øst,2012,47.0
Upper secondary education and qualifying educational programs,"]0,6-0,8]",Amager Øst,2013,48.0
Upper secondary education and qualifying educational programs,"]0,6-0,8]",Amager Øst,2014,37.0
Upper secondary education and qualifying educational programs,"]0,6-0,8]",Amager Øst,2015,35.0
Upper secondary education and qualifying educational programs,"]0,6-0,8]",Amager Øst,2016,24.0
Upper secondary education and qualifying educational programs,"]0,6-0,8]",Amager Øst,2017,21.0
Upper secondary education and qualifying educational programs,"]0,6-0,8]",Amager Øst,2018,21.0
Upper secondary education and qualifying educational programs,"]0,6-0,8]",Amager Øst,2019,22.0
Upper secondary education and qualifying educational programs,"]0,6-0,8]",Amager Øst,2020,46.0
Upper secondary education and qualifying educational programs,"]0,6-0,8]",Amager Øst,2021,42.0
Upper secondary education and qualifying educational programs,"]0,6-0,8]",Amager Øst,2022,29.0
Upper secondary education and qualifying educational programs,"]0,6-0,8]",Amager Øst,2023,15.0
Upper secondary education and qualifying educational programs,"]0,6-0,8]",Bispebjerg,2008,39.0
Upper secondary education and qualifying educational programs,"]0,6-0,8]",Bispebjerg,2009,45.0
Upper secondary education and qualifying educational programs,"]0,6-0,8]",Bispebjerg,2010,55.0
Upper secondary education and qualifying educational programs,"]0,6-0,8]",Bispebjerg,2011,56.0
Upper secondary education and qualifying educational programs,"]0,6-0,8]",Bispebjerg,2012,64.0
Upper secondary education and qualifying educational programs,"]0,6-0,8]",Bispebjerg,2013,60.0
Upper secondary education and qualifying educational programs,"]0,6-0,8]",Bispebjerg,2014,44.0
Upper secondary education and qualifying educational programs,"]0,6-0,8]",Bispebjerg,2015,41.0
Upper secondary education and qualifying educational programs,"]0,6-0,8]",Bispebjerg,2016,36.0
Upper secondary education and qualifying educational programs,"]0,6-0,8]",Bispebjerg,2017,44.0
Upper secondary education and qualifying educational programs,"]0,6-0,8]",Bispebjerg,2018,38.0
Upper secondary education and qualifying educational programs,"]0,6-0,8]",Bispebjerg,2019,32.0
Upper secondary education and qualifying educational programs,"]0,6-0,8]",Bispebjerg,2020,50.0
Upper secondary education and qualifying educational programs,"]0,6-0,8]",Bispebjerg,2021,52.0
Upper secondary education and qualifying educational programs,"]0,6-0,8]",Bispebjerg,2022,30.0
Upper secondary education and qualifying educational programs,"]0,6-0,8]",Bispebjerg,2023,37.0
Upper secondary education and qualifying educational programs,"]0,6-0,8]",Brønshøj-Husum,2008,23.0
Upper secondary education and qualifying educational programs,"]0,6-0,8]",Brønshøj-Husum,2009,35.0
Upper secondary education and qualifying educational programs,"]0,6-0,8]",Brønshøj-Husum,2010,50.0
Upper secondary education and qualifying educational programs,"]0,6-0,8]",Brønshøj-Husum,2011,38.0
Upper secondary education and qualifying educational programs,"]0,6-0,8]",Brønshøj-Husum,2012,36.0
Upper secondary education and qualifying educational programs,"]0,6-0,8]",Brønshøj-Husum,2013,55.0
Upper secondary education and qualifying educational programs,"]0,6-0,8]",Brønshøj-Husum,2014,40.0
Upper secondary education and qualifying educational programs,"]0,6-0,8]",Brønshøj-Husum,2015,33.0
Upper secondary education and qualifying educational programs,"]0,6-0,8]",Brønshøj-Husum,2016,24.0
Upper secondary education and qualifying educational programs,"]0,6-0,8]",Brønshøj-Husum,2017,36.0
Upper secondary education and qualifying educational programs,"]0,6-0,8]",Brønshøj-Husum,2018,36.0
Upper secondary education and qualifying educational programs,"]0,6-0,8]",Brønshøj-Husum,2019,30.0
Upper secondary education and qualifying educational programs,"]0,6-0,8]",Brønshøj-Husum,2020,39.0
Upper secondary education and qualifying educational programs,"]0,6-0,8]",Brønshøj-Husum,2021,37.0
Upper secondary education and qualifying educational programs,"]0,6-0,8]",Brønshøj-Husum,2022,14.0
Upper secondary education and qualifying educational programs,"]0,6-0,8]",Brønshøj-Husum,2023,23.0
Upper secondary education and qualifying educational programs,"]0,6-0,8]",Indre By,2008,20.0
Upper secondary education and qualifying educational programs,"]0,6-0,8]",Indre By,2009,40.0
Upper secondary education and qualifying educational programs,"]0,6-0,8]",Indre By,2010,45.0
Upper secondary education and qualifying educational programs,"]0,6-0,8]",Indre By,2011,49.0
Upper secondary education and qualifying educational programs,"]0,6-0,8]",Indre By,2012,41.0
Upper secondary education and qualifying educational programs,"]0,6-0,8]",Indre By,2013,36.0
Upper secondary education and qualifying educational programs,"]0,6-0,8]",Indre By,2014,43.0
Upper secondary education and qualifying educational programs,"]0,6-0,8]",Indre By,2015,32.0
Upper secondary education and qualifying educational programs,"]0,6-0,8]",Indre By,2016,32.0
Upper secondary education and qualifying educational programs,"]0,6-0,8]",Indre By,2017,20.0
Upper secondary education and qualifying educational programs,"]0,6-0,8]",Indre By,2018,32.0
Upper secondary education and qualifying educational programs,"]0,6-0,8]",Indre By,2019,25.0
Upper secondary education and qualifying educational programs,"]0,6-0,8]",Indre By,2020,43.0
Upper secondary education and qualifying educational programs,"]0,6-0,8]",Indre By,2021,36.0
Upper secondary education and qualifying educational programs,"]0,6-0,8]",Indre By,2022,21.0
Upper secondary education and qualifying educational programs,"]0,6-0,8]",Indre By,2023,26.0
Upper secondary education and qualifying educational programs,"]0,6-0,8]",Nørrebro,2008,71.0
Upper secondary education and qualifying educational programs,"]0,6-0,8]",Nørrebro,2009,81.0
Upper secondary education and qualifying educational programs,"]0,6-0,8]",Nørrebro,2010,100.0
Upper secondary education and qualifying educational programs,"]0,6-0,8]",Nørrebro,2011,80.0
Upper secondary education and qualifying educational programs,"]0,6-0,8]",Nørrebro,2012,89.0
Upper secondary education and qualifying educational programs,"]0,6-0,8]",Nørrebro,2013,90.0
Upper secondary education and qualifying educational programs,"]0,6-0,8]",Nørrebro,2014,63.0
Upper secondary education and qualifying educational programs,"]0,6-0,8]",Nørrebro,2015,65.0
Upper secondary education and qualifying educational programs,"]0,6-0,8]",Nørrebro,2016,60.0
Upper secondary education and qualifying educational programs,"]0,6-0,8]",Nørrebro,2017,56.0
Upper secondary education and qualifying educational programs,"]0,6-0,8]",Nørrebro,2018,46.0
Upper secondary education and qualifying educational programs,"]0,6-0,8]",Nørrebro,2019,45.0
Upper secondary education and qualifying educational programs,"]0,6-0,8]",Nørrebro,2020,75.0
Upper secondary education and qualifying educational programs,"]0,6-0,8]",Nørrebro,2021,70.0
Upper secondary education and qualifying educational programs,"]0,6-0,8]",Nørrebro,2022,47.0
Upper secondary education and qualifying educational programs,"]0,6-0,8]",Nørrebro,2023,46.0
Upper secondary education and qualifying educational programs,"]0,6-0,8]",Valby,2008,29.0
Upper secondary education and qualifying educational programs,"]0,6-0,8]",Valby,2009,30.0
Upper secondary education and qualifying educational programs,"]0,6-0,8]",Valby,2010,42.0
Upper secondary education and qualifying educational programs,"]0,6-0,8]",Valby,2011,47.0
Upper secondary education and qualifying educational programs,"]0,6-0,8]",Valby,2012,48.0
Upper secondary education and qualifying educational programs,"]0,6-0,8]",Valby,2013,39.0
Upper secondary education and qualifying educational programs,"]0,6-0,8]",Valby,2014,25.0
Upper secondary education and qualifying educational programs,"]0,6-0,8]",Valby,2015,38.0
Upper secondary education and qualifying educational programs,"]0,6-0,8]",Valby,2016,31.0
Upper secondary education and qualifying educational programs,"]0,6-0,8]",Valby,2017,27.0
Upper secondary education and qualifying educational programs,"]0,6-0,8]",Valby,2018,28.0
Upper secondary education and qualifying educational programs,"]0,6-0,8]",Valby,2019,18.0
Upper secondary education and qualifying educational programs,"]0,6-0,8]",Valby,2020,51.0
Upper secondary education and qualifying educational programs,"]0,6-0,8]",Valby,2021,33.0
Upper secondary education and qualifying educational programs,"]0,6-0,8]",Valby,2022,20.0
Upper secondary education and qualifying educational programs,"]0,6-0,8]",Valby,2023,34.0
Upper secondary education and qualifying educational programs,"]0,6-0,8]",Vanløse,2008,14.0
Upper secondary education and qualifying educational programs,"]0,6-0,8]",Vanløse,2009,21.0
Upper secondary education and qualifying educational programs,"]0,6-0,8]",Vanløse,2010,29.0
Upper secondary education and qualifying educational programs,"]0,6-0,8]",Vanløse,2011,31.0
Upper secondary education and qualifying educational programs,"]0,6-0,8]",Vanløse,2012,24.0
Upper secondary education and qualifying educational programs,"]0,6-0,8]",Vanløse,2013,34.0
Upper secondary education and qualifying educational programs,"]0,6-0,8]",Vanløse,2014,19.0
Upper secondary education and qualifying educational programs,"]0,6-0,8]",Vanløse,2015,24.0
Upper secondary education and qualifying educational programs,"]0,6-0,8]",Vanløse,2016,19.0
Upper secondary education and qualifying educational programs,"]0,6-0,8]",Vanløse,2017,25.0
Upper secondary education and qualifying educational programs,"]0,6-0,8]",Vanløse,2018,16.0
Upper secondary education and qualifying educational programs,"]0,6-0,8]",Vanløse,2019,13.0
Upper secondary education and qualifying educational programs,"]0,6-0,8]",Vanløse,2020,21.0
Upper secondary education and qualifying educational programs,"]0,6-0,8]",Vanløse,2021,31.0
Upper secondary education and qualifying educational programs,"]0,6-0,8]",Vanløse,2022,6.0
Upper secondary education and qualifying educational programs,"]0,6-0,8]",Vanløse,2023,19.0
Upper secondary education and qualifying educational programs,"]0,6-0,8]",Vesterbro/Kongens Enghave,2008,55.0
Upper secondary education and qualifying educational programs,"]0,6-0,8]",Vesterbro/Kongens Enghave,2009,79.0
Upper secondary education and qualifying educational programs,"]0,6-0,8]",Vesterbro/Kongens Enghave,2010,78.0
Upper secondary education and qualifying educational programs,"]0,6-0,8]",Vesterbro/Kongens Enghave,2011,55.0
Upper secondary education and qualifying educational programs,"]0,6-0,8]",Vesterbro/Kongens Enghave,2012,88.0
Upper secondary education and qualifying educational programs,"]0,6-0,8]",Vesterbro/Kongens Enghave,2013,60.0
Upper secondary education and qualifying educational programs,"]0,6-0,8]",Vesterbro/Kongens Enghave,2014,59.0
Upper secondary education and qualifying educational programs,"]0,6-0,8]",Vesterbro/Kongens Enghave,2015,35.0
Upper secondary education and qualifying educational programs,"]0,6-0,8]",Vesterbro/Kongens Enghave,2016,34.0
Upper secondary education and qualifying educational programs,"]0,6-0,8]",Vesterbro/Kongens Enghave,2017,41.0
Upper secondary education and qualifying educational programs,"]0,6-0,8]",Vesterbro/Kongens Enghave,2018,36.0
Upper secondary education and qualifying educational programs,"]0,6-0,8]",Vesterbro/Kongens Enghave,2019,45.0
Upper secondary education and qualifying educational programs,"]0,6-0,8]",Vesterbro/Kongens Enghave,2020,60.0
Upper secondary education and qualifying educational programs,"]0,6-0,8]",Vesterbro/Kongens Enghave,2021,71.0
Upper secondary education and qualifying educational programs,"]0,6-0,8]",Vesterbro/Kongens Enghave,2022,42.0
Upper secondary education and qualifying educational programs,"]0,6-0,8]",Vesterbro/Kongens Enghave,2023,49.0
Upper secondary education and qualifying educational programs,"]0,6-0,8]",Østerbro,2008,34.0
Upper secondary education and qualifying educational programs,"]0,6-0,8]",Østerbro,2009,65.0
Upper secondary education and qualifying educational programs,"]0,6-0,8]",Østerbro,2010,64.0
Upper secondary education and qualifying educational programs,"]0,6-0,8]",Østerbro,2011,69.0
Upper secondary education and qualifying educational programs,"]0,6-0,8]",Østerbro,2012,58.0
Upper secondary education and qualifying educational programs,"]0,6-0,8]",Østerbro,2013,49.0
Upper secondary education and qualifying educational programs,"]0,6-0,8]",Østerbro,2014,54.0
Upper secondary education and qualifying educational programs,"]0,6-0,8]",Østerbro,2015,39.0
Upper secondary education and qualifying educational programs,"]0,6-0,8]",Østerbro,2016,37.0
Upper secondary education and qualifying educational programs,"]0,6-0,8]",Østerbro,2017,42.0
Upper secondary education and qualifying educational programs,"]0,6-0,8]",Østerbro,2018,32.0
Upper secondary education and qualifying educational programs,"]0,6-0,8]",Østerbro,2019,37.0
Upper secondary education and qualifying educational programs,"]0,6-0,8]",Østerbro,2020,51.0
Upper secondary education and qualifying educational programs,"]0,6-0,8]",Østerbro,2021,54.0
Upper secondary education and qualifying educational programs,"]0,6-0,8]",Østerbro,2022,27.0
Upper secondary education and qualifying educational programs,"]0,6-0,8]",Østerbro,2023,33.0
Upper secondary education and qualifying educational programs,"]0,8-1]",Amager Vest,2008,43.0
Upper secondary education and qualifying educational programs,"]0,8-1]",Amager Vest,2009,53.0
Upper secondary education and qualifying educational programs,"]0,8-1]",Amager Vest,2010,80.0
Upper secondary education and qualifying educational programs,"]0,8-1]",Amager Vest,2011,71.0
Upper secondary education and qualifying educational programs,"]0,8-1]",Amager Vest,2012,87.0
Upper secondary education and qualifying educational programs,"]0,8-1]",Amager Vest,2013,72.0
Upper secondary education and qualifying educational programs,"]0,8-1]",Amager Vest,2014,51.0
Upper secondary education and qualifying educational programs,"]0,8-1]",Amager Vest,2015,39.0
Upper secondary education and qualifying educational programs,"]0,8-1]",Amager Vest,2016,40.0
Upper secondary education and qualifying educational programs,"]0,8-1]",Amager Vest,2017,33.0
Upper secondary education and qualifying educational programs,"]0,8-1]",Amager Vest,2018,39.0
Upper secondary education and qualifying educational programs,"]0,8-1]",Amager Vest,2019,47.0
Upper secondary education and qualifying educational programs,"]0,8-1]",Amager Vest,2020,62.0
Upper secondary education and qualifying educational programs,"]0,8-1]",Amager Vest,2021,51.0
Upper secondary education and qualifying educational programs,"]0,8-1]",Amager Vest,2022,28.0
Upper secondary education and qualifying educational programs,"]0,8-1]",Amager Vest,2023,23.0
Upper secondary education and qualifying educational programs,"]0,8-1]",Amager Øst,2008,27.0
Upper secondary education and qualifying educational programs,"]0,8-1]",Amager Øst,2009,45.0
Upper secondary education and qualifying educational programs,"]0,8-1]",Amager Øst,2010,54.0
Upper secondary education and qualifying educational programs,"]0,8-1]",Amager Øst,2011,58.0
Upper secondary education and qualifying educational programs,"]0,8-1]",Amager Øst,2012,72.0
Upper secondary education and qualifying educational programs,"]0,8-1]",Amager Øst,2013,64.0
Upper secondary education and qualifying educational programs,"]0,8-1]",Amager Øst,2014,58.0
Upper secondary education and qualifying educational programs,"]0,8-1]",Amager Øst,2015,38.0
Upper secondary education and qualifying educational programs,"]0,8-1]",Amager Øst,2016,32.0
Upper secondary education and qualifying educational programs,"]0,8-1]",Amager Øst,2017,34.0
Upper secondary education and qualifying educational programs,"]0,8-1]",Amager Øst,2018,28.0
Upper secondary education and qualifying educational programs,"]0,8-1]",Amager Øst,2019,33.0
Upper secondary education and qualifying educational programs,"]0,8-1]",Amager Øst,2020,41.0
Upper secondary education and qualifying educational programs,"]0,8-1]",Amager Øst,2021,40.0
Upper secondary education and qualifying educational programs,"]0,8-1]",Amager Øst,2022,24.0
Upper secondary education and qualifying educational programs,"]0,8-1]",Amager Øst,2023,24.0
Upper secondary education and qualifying educational programs,"]0,8-1]",Bispebjerg,2008,51.0
Upper secondary education and qualifying educational programs,"]0,8-1]",Bispebjerg,2009,66.0
Upper secondary education and qualifying educational programs,"]0,8-1]",Bispebjerg,2010,82.0
Upper secondary education and qualifying educational programs,"]0,8-1]",Bispebjerg,2011,95.0
Upper secondary education and qualifying educational programs,"]0,8-1]",Bispebjerg,2012,89.0
Upper secondary education and qualifying educational programs,"]0,8-1]",Bispebjerg,2013,85.0
Upper secondary education and qualifying educational programs,"]0,8-1]",Bispebjerg,2014,76.0
Upper secondary education and qualifying educational programs,"]0,8-1]",Bispebjerg,2015,70.0
Upper secondary education and qualifying educational programs,"]0,8-1]",Bispebjerg,2016,51.0
Upper secondary education and qualifying educational programs,"]0,8-1]",Bispebjerg,2017,68.0
Upper secondary education and qualifying educational programs,"]0,8-1]",Bispebjerg,2018,39.0
Upper secondary education and qualifying educational programs,"]0,8-1]",Bispebjerg,2019,48.0
Upper secondary education and qualifying educational programs,"]0,8-1]",Bispebjerg,2020,65.0
Upper secondary education and qualifying educational programs,"]0,8-1]",Bispebjerg,2021,63.0
Upper secondary education and qualifying educational programs,"]0,8-1]",Bispebjerg,2022,34.0
Upper secondary education and qualifying educational programs,"]0,8-1]",Bispebjerg,2023,27.0
Upper secondary education and qualifying educational programs,"]0,8-1]",Brønshøj-Husum,2008,38.0
Upper secondary education and qualifying educational programs,"]0,8-1]",Brønshøj-Husum,2009,52.0
Upper secondary education and qualifying educational programs,"]0,8-1]",Brønshøj-Husum,2010,76.0
Upper secondary education and qualifying educational programs,"]0,8-1]",Brønshøj-Husum,2011,67.0
Upper secondary education and qualifying educational programs,"]0,8-1]",Brønshøj-Husum,2012,79.0
Upper secondary education and qualifying educational programs,"]0,8-1]",Brønshøj-Husum,2013,68.0
Upper secondary education and qualifying educational programs,"]0,8-1]",Brønshøj-Husum,2014,63.0
Upper secondary education and qualifying educational programs,"]0,8-1]",Brønshøj-Husum,2015,52.0
Upper secondary education and qualifying educational programs,"]0,8-1]",Brønshøj-Husum,2016,51.0
Upper secondary education and qualifying educational programs,"]0,8-1]",Brønshøj-Husum,2017,41.0
Upper secondary education and qualifying educational programs,"]0,8-1]",Brønshøj-Husum,2018,34.0
Upper secondary education and qualifying educational programs,"]0,8-1]",Brønshøj-Husum,2019,24.0
Upper secondary education and qualifying educational programs,"]0,8-1]",Brønshøj-Husum,2020,34.0
Upper secondary education and qualifying educational programs,"]0,8-1]",Brønshøj-Husum,2021,36.0
Upper secondary education and qualifying educational programs,"]0,8-1]",Brønshøj-Husum,2022,17.0
Upper secondary education and qualifying educational programs,"]0,8-1]",Brønshøj-Husum,2023,22.0
Upper secondary education and qualifying educational programs,"]0,8-1]",Indre By,2008,32.0
Upper secondary education and qualifying educational programs,"]0,8-1]",Indre By,2009,55.0
Upper secondary education and qualifying educational programs,"]0,8-1]",Indre By,2010,61.0
Upper secondary education and qualifying educational programs,"]0,8-1]",Indre By,2011,54.0
Upper secondary education and qualifying educational programs,"]0,8-1]",Indre By,2012,66.0
Upper secondary education and qualifying educational programs,"]0,8-1]",Indre By,2013,63.0
Upper secondary education and qualifying educational programs,"]0,8-1]",Indre By,2014,54.0
Upper secondary education and qualifying educational programs,"]0,8-1]",Indre By,2015,40.0
Upper secondary education and qualifying educational programs,"]0,8-1]",Indre By,2016,29.0
Upper secondary education and qualifying educational programs,"]0,8-1]",Indre By,2017,30.0
Upper secondary education and qualifying educational programs,"]0,8-1]",Indre By,2018,18.0
Upper secondary education and qualifying educational programs,"]0,8-1]",Indre By,2019,21.0
Upper secondary education and qualifying educational programs,"]0,8-1]",Indre By,2020,47.0
Upper secondary education and qualifying educational programs,"]0,8-1]",Indre By,2021,42.0
Upper secondary education and qualifying educational programs,"]0,8-1]",Indre By,2022,15.0
Upper secondary education and qualifying educational programs,"]0,8-1]",Indre By,2023,20.0
Upper secondary education and qualifying educational programs,"]0,8-1]",Nørrebro,2008,65.0
Upper secondary education and qualifying educational programs,"]0,8-1]",Nørrebro,2009,90.0
Upper secondary education and qualifying educational programs,"]0,8-1]",Nørrebro,2010,165.0
Upper secondary education and qualifying educational programs,"]0,8-1]",Nørrebro,2011,158.0
Upper secondary education and qualifying educational programs,"]0,8-1]",Nørrebro,2012,146.0
Upper secondary education and qualifying educational programs,"]0,8-1]",Nørrebro,2013,156.0
Upper secondary education and qualifying educational programs,"]0,8-1]",Nørrebro,2014,120.0
Upper secondary education and qualifying educational programs,"]0,8-1]",Nørrebro,2015,86.0
Upper secondary education and qualifying educational programs,"]0,8-1]",Nørrebro,2016,79.0
Upper secondary education and qualifying educational programs,"]0,8-1]",Nørrebro,2017,61.0
Upper secondary education and qualifying educational programs,"]0,8-1]",Nørrebro,2018,50.0
Upper secondary education and qualifying educational programs,"]0,8-1]",Nørrebro,2019,39.0
Upper secondary education and qualifying educational programs,"]0,8-1]",Nørrebro,2020,83.0
Upper secondary education and qualifying educational programs,"]0,8-1]",Nørrebro,2021,74.0
Upper secondary education and qualifying educational programs,"]0,8-1]",Nørrebro,2022,32.0
Upper secondary education and qualifying educational programs,"]0,8-1]",Nørrebro,2023,32.0
Upper secondary education and qualifying educational programs,"]0,8-1]",Valby,2008,31.0
Upper secondary education and qualifying educational programs,"]0,8-1]",Valby,2009,58.0
Upper secondary education and qualifying educational programs,"]0,8-1]",Valby,2010,79.0
Upper secondary education and qualifying educational programs,"]0,8-1]",Valby,2011,75.0
Upper secondary education and qualifying educational programs,"]0,8-1]",Valby,2012,71.0
Upper secondary education and qualifying educational programs,"]0,8-1]",Valby,2013,58.0
Upper secondary education and qualifying educational programs,"]0,8-1]",Valby,2014,43.0
Upper secondary education and qualifying educational programs,"]0,8-1]",Valby,2015,32.0
Upper secondary education and qualifying educational programs,"]0,8-1]",Valby,2016,37.0
Upper secondary education and qualifying educational programs,"]0,8-1]",Valby,2017,42.0
Upper secondary education and qualifying educational programs,"]0,8-1]",Valby,2018,26.0
Upper secondary education and qualifying educational programs,"]0,8-1]",Valby,2019,39.0
Upper secondary education and qualifying educational programs,"]0,8-1]",Valby,2020,64.0
Upper secondary education and qualifying educational programs,"]0,8-1]",Valby,2021,49.0
Upper secondary education and qualifying educational programs,"]0,8-1]",Valby,2022,30.0
Upper secondary education and qualifying educational programs,"]0,8-1]",Valby,2023,25.0
Upper secondary education and qualifying educational programs,"]0,8-1]",Vanløse,2008,17.0
Upper secondary education and qualifying educational programs,"]0,8-1]",Vanløse,2009,26.0
Upper secondary education and qualifying educational programs,"]0,8-1]",Vanløse,2010,36.0
Upper secondary education and qualifying educational programs,"]0,8-1]",Vanløse,2011,44.0
Upper secondary education and qualifying educational programs,"]0,8-1]",Vanløse,2012,53.0
Upper secondary education and qualifying educational programs,"]0,8-1]",Vanløse,2013,48.0
Upper secondary education and qualifying educational programs,"]0,8-1]",Vanløse,2014,39.0
Upper secondary education and qualifying educational programs,"]0,8-1]",Vanløse,2015,19.0
Upper secondary education and qualifying educational programs,"]0,8-1]",Vanløse,2016,22.0
Upper secondary education and qualifying educational programs,"]0,8-1]",Vanløse,2017,13.0
Upper secondary education and qualifying educational programs,"]0,8-1]",Vanløse,2018,21.0
Upper secondary education and qualifying educational programs,"]0,8-1]",Vanløse,2019,15.0
Upper secondary education and qualifying educational programs,"]0,8-1]",Vanløse,2020,35.0
Upper secondary education and qualifying educational programs,"]0,8-1]",Vanløse,2021,24.0
Upper secondary education and qualifying educational programs,"]0,8-1]",Vanløse,2022,14.0
Upper secondary education and qualifying educational programs,"]0,8-1]",Vanløse,2023,19.0
Upper secondary education and qualifying educational programs,"]0,8-1]",Vesterbro/Kongens Enghave,2008,45.0
Upper secondary education and qualifying educational programs,"]0,8-1]",Vesterbro/Kongens Enghave,2009,89.0
Upper secondary education and qualifying educational programs,"]0,8-1]",Vesterbro/Kongens Enghave,2010,99.0
Upper secondary education and qualifying educational programs,"]0,8-1]",Vesterbro/Kongens Enghave,2011,106.0
Upper secondary education and qualifying educational programs,"]0,8-1]",Vesterbro/Kongens Enghave,2012,121.0
Upper secondary education and qualifying educational programs,"]0,8-1]",Vesterbro/Kongens Enghave,2013,97.0
Upper secondary education and qualifying educational programs,"]0,8-1]",Vesterbro/Kongens Enghave,2014,67.0
Upper secondary education and qualifying educational programs,"]0,8-1]",Vesterbro/Kongens Enghave,2015,74.0
Upper secondary education and qualifying educational programs,"]0,8-1]",Vesterbro/Kongens Enghave,2016,47.0
Upper secondary education and qualifying educational programs,"]0,8-1]",Vesterbro/Kongens Enghave,2017,39.0
Upper secondary education and qualifying educational programs,"]0,8-1]",Vesterbro/Kongens Enghave,2018,29.0
Upper secondary education and qualifying educational programs,"]0,8-1]",Vesterbro/Kongens Enghave,2019,36.0
Upper secondary education and qualifying educational programs,"]0,8-1]",Vesterbro/Kongens Enghave,2020,65.0
Upper secondary education and qualifying educational programs,"]0,8-1]",Vesterbro/Kongens Enghave,2021,59.0
Upper secondary education and qualifying educational programs,"]0,8-1]",Vesterbro/Kongens Enghave,2022,38.0
Upper secondary education and qualifying educational programs,"]0,8-1]",Vesterbro/Kongens Enghave,2023,33.0
Upper secondary education and qualifying educational programs,"]0,8-1]",Østerbro,2008,46.0
Upper secondary education and qualifying educational programs,"]0,8-1]",Østerbro,2009,58.0
Upper secondary education and qualifying educational programs,"]0,8-1]",Østerbro,2010,74.0
Upper secondary education and qualifying educational programs,"]0,8-1]",Østerbro,2011,97.0
Upper secondary education and qualifying educational programs,"]0,8-1]",Østerbro,2012,108.0
Upper secondary education and qualifying educational programs,"]0,8-1]",Østerbro,2013,94.0
Upper secondary education and qualifying educational programs,"]0,8-1]",Østerbro,2014,68.0
Upper secondary education and qualifying educational programs,"]0,8-1]",Østerbro,2015,52.0
Upper secondary education and qualifying educational programs,"]0,8-1]",Østerbro,2016,46.0
Upper secondary education and qualifying educational programs,"]0,8-1]",Østerbro,2017,31.0
Upper secondary education and qualifying educational programs,"]0,8-1]",Østerbro,2018,34.0
Upper secondary education and qualifying educational programs,"]0,8-1]",Østerbro,2019,44.0
Upper secondary education and qualifying educational programs,"]0,8-1]",Østerbro,2020,68.0
Upper secondary education and qualifying educational programs,"]0,8-1]",Østerbro,2021,43.0
Upper secondary education and qualifying educational programs,"]0,8-1]",Østerbro,2022,27.0
Upper secondary education and qualifying educational programs,"]0,8-1]",Østerbro,2023,22.0
Vocational Education and Training (VET) and short cycle higher educations,"[0-0,2]",Amager Vest,2008,484.0
Vocational Education and Training (VET) and short cycle higher educations,"[0-0,2]",Amager Vest,2009,516.0
Vocational Education and Training (VET) and short cycle higher educations,"[0-0,2]",Amager Vest,2010,494.0
Vocational Education and Training (VET) and short cycle higher educations,"[0-0,2]",Amager Vest,2011,494.0
Vocational Education and Training (VET) and short cycle higher educations,"[0-0,2]",Amager Vest,2012,529.0
Vocational Education and Training (VET) and short cycle higher educations,"[0-0,2]",Amager Vest,2013,588.0
Vocational Education and Training (VET) and short cycle higher educations,"[0-0,2]",Amager Vest,2014,505.0
Vocational Education and Training (VET) and short cycle higher educations,"[0-0,2]",Amager Vest,2015,520.0
Vocational Education and Training (VET) and short cycle higher educations,"[0-0,2]",Amager Vest,2016,486.0
Vocational Education and Training (VET) and short cycle higher educations,"[0-0,2]",Amager Vest,2017,537.0
Vocational Education and Training (VET) and short cycle higher educations,"[0-0,2]",Amager Vest,2018,476.0
Vocational Education and Training (VET) and short cycle higher educations,"[0-0,2]",Amager Vest,2019,464.0
Vocational Education and Training (VET) and short cycle higher educations,"[0-0,2]",Amager Vest,2020,545.0
Vocational Education and Training (VET) and short cycle higher educations,"[0-0,2]",Amager Vest,2021,506.0
Vocational Education and Training (VET) and short cycle higher educations,"[0-0,2]",Amager Vest,2022,522.0
Vocational Education and Training (VET) and short cycle higher educations,"[0-0,2]",Amager Vest,2023,453.0
Vocational Education and Training (VET) and short cycle higher educations,"[0-0,2]",Amager Øst,2008,515.0
Vocational Education and Training (VET) and short cycle higher educations,"[0-0,2]",Amager Øst,2009,478.0
Vocational Education and Training (VET) and short cycle higher educations,"[0-0,2]",Amager Øst,2010,574.0
Vocational Education and Training (VET) and short cycle higher educations,"[0-0,2]",Amager Øst,2011,552.0
Vocational Education and Training (VET) and short cycle higher educations,"[0-0,2]",Amager Øst,2012,575.0
Vocational Education and Training (VET) and short cycle higher educations,"[0-0,2]",Amager Øst,2013,592.0
Vocational Education and Training (VET) and short cycle higher educations,"[0-0,2]",Amager Øst,2014,564.0
Vocational Education and Training (VET) and short cycle higher educations,"[0-0,2]",Amager Øst,2015,533.0
Vocational Education and Training (VET) and short cycle higher educations,"[0-0,2]",Amager Øst,2016,527.0
Vocational Education and Training (VET) and short cycle higher educations,"[0-0,2]",Amager Øst,2017,520.0
Vocational Education and Training (VET) and short cycle higher educations,"[0-0,2]",Amager Øst,2018,448.0
Vocational Education and Training (VET) and short cycle higher educations,"[0-0,2]",Amager Øst,2019,413.0
Vocational Education and Training (VET) and short cycle higher educations,"[0-0,2]",Amager Øst,2020,492.0
Vocational Education and Training (VET) and short cycle higher educations,"[0-0,2]",Amager Øst,2021,424.0
Vocational Education and Training (VET) and short cycle higher educations,"[0-0,2]",Amager Øst,2022,455.0
Vocational Education and Training (VET) and short cycle higher educations,"[0-0,2]",Amager Øst,2023,404.0
Vocational Education and Training (VET) and short cycle higher educations,"[0-0,2]",Bispebjerg,2008,471.0
Vocational Education and Training (VET) and short cycle higher educations,"[0-0,2]",Bispebjerg,2009,508.0
Vocational Education and Training (VET) and short cycle higher educations,"[0-0,2]",Bispebjerg,2010,493.0
Vocational Education and Training (VET) and short cycle higher educations,"[0-0,2]",Bispebjerg,2011,540.0
Vocational Education and Training (VET) and short cycle higher educations,"[0-0,2]",Bispebjerg,2012,506.0
Vocational Education and Training (VET) and short cycle higher educations,"[0-0,2]",Bispebjerg,2013,530.0
Vocational Education and Training (VET) and short cycle higher educations,"[0-0,2]",Bispebjerg,2014,542.0
Vocational Education and Training (VET) and short cycle higher educations,"[0-0,2]",Bispebjerg,2015,538.0
Vocational Education and Training (VET) and short cycle higher educations,"[0-0,2]",Bispebjerg,2016,535.0
Vocational Education and Training (VET) and short cycle higher educations,"[0-0,2]",Bispebjerg,2017,484.0
Vocational Education and Training (VET) and short cycle higher educations,"[0-0,2]",Bispebjerg,2018,438.0
Vocational Education and Training (VET) and short cycle higher educations,"[0-0,2]",Bispebjerg,2019,380.0
Vocational Education and Training (VET) and short cycle higher educations,"[0-0,2]",Bispebjerg,2020,425.0
Vocational Education and Training (VET) and short cycle higher educations,"[0-0,2]",Bispebjerg,2021,376.0
Vocational Education and Training (VET) and short cycle higher educations,"[0-0,2]",Bispebjerg,2022,402.0
Vocational Education and Training (VET) and short cycle higher educations,"[0-0,2]",Bispebjerg,2023,379.0
Vocational Education and Training (VET) and short cycle higher educations,"[0-0,2]",Brønshøj-Husum,2008,328.0
Vocational Education and Training (VET) and short cycle higher educations,"[0-0,2]",Brønshøj-Husum,2009,323.0
Vocational Education and Training (VET) and short cycle higher educations,"[0-0,2]",Brønshøj-Husum,2010,305.0
Vocational Education and Training (VET) and short cycle higher educations,"[0-0,2]",Brønshøj-Husum,2011,332.0
Vocational Education and Training (VET) and short cycle higher educations,"[0-0,2]",Brønshøj-Husum,2012,350.0
Vocational Education and Training (VET) and short cycle higher educations,"[0-0,2]",Brønshøj-Husum,2013,395.0
Vocational Education and Training (VET) and short cycle higher educations,"[0-0,2]",Brønshøj-Husum,2014,331.0
Vocational Education and Training (VET) and short cycle higher educations,"[0-0,2]",Brønshøj-Husum,2015,373.0
Vocational Education and Training (VET) and short cycle higher educations,"[0-0,2]",Brønshøj-Husum,2016,363.0
Vocational Education and Training (VET) and short cycle higher educations,"[0-0,2]",Brønshøj-Husum,2017,388.0
Vocational Education and Training (VET) and short cycle higher educations,"[0-0,2]",Brønshøj-Husum,2018,293.0
Vocational Education and Training (VET) and short cycle higher educations,"[0-0,2]",Brønshøj-Husum,2019,271.0
Vocational Education and Training (VET) and short cycle higher educations,"[0-0,2]",Brønshøj-Husum,2020,310.0
Vocational Education and Training (VET) and short cycle higher educations,"[0-0,2]",Brønshøj-Husum,2021,237.0
Vocational Education and Training (VET) and short cycle higher educations,"[0-0,2]",Brønshøj-Husum,2022,257.0
Vocational Education and Training (VET) and short cycle higher educations,"[0-0,2]",Brønshøj-Husum,2023,246.0
Vocational Education and Training (VET) and short cycle higher educations,"[0-0,2]",Indre By,2008,209.0
Vocational Education and Training (VET) and short cycle higher educations,"[0-0,2]",Indre By,2009,219.0
Vocational Education and Training (VET) and short cycle higher educations,"[0-0,2]",Indre By,2010,219.0
Vocational Education and Training (VET) and short cycle higher educations,"[0-0,2]",Indre By,2011,259.0
Vocational Education and Training (VET) and short cycle higher educations,"[0-0,2]",Indre By,2012,218.0
Vocational Education and Training (VET) and short cycle higher educations,"[0-0,2]",Indre By,2013,235.0
Vocational Education and Training (VET) and short cycle higher educations,"[0-0,2]",Indre By,2014,201.0
Vocational Education and Training (VET) and short cycle higher educations,"[0-0,2]",Indre By,2015,219.0
Vocational Education and Training (VET) and short cycle higher educations,"[0-0,2]",Indre By,2016,231.0
Vocational Education and Training (VET) and short cycle higher educations,"[0-0,2]",Indre By,2017,244.0
Vocational Education and Training (VET) and short cycle higher educations,"[0-0,2]",Indre By,2018,200.0
Vocational Education and Training (VET) and short cycle higher educations,"[0-0,2]",Indre By,2019,190.0
Vocational Education and Training (VET) and short cycle higher educations,"[0-0,2]",Indre By,2020,193.0
Vocational Education and Training (VET) and short cycle higher educations,"[0-0,2]",Indre By,2021,183.0
Vocational Education and Training (VET) and short cycle higher educations,"[0-0,2]",Indre By,2022,169.0
Vocational Education and Training (VET) and short cycle higher educations,"[0-0,2]",Indre By,2023,153.0
Vocational Education and Training (VET) and short cycle higher educations,"[0-0,2]",Nørrebro,2008,626.0
Vocational Education and Training (VET) and short cycle higher educations,"[0-0,2]",Nørrebro,2009,563.0
Vocational Education and Training (VET) and short cycle higher educations,"[0-0,2]",Nørrebro,2010,536.0
Vocational Education and Training (VET) and short cycle higher educations,"[0-0,2]",Nørrebro,2011,538.0
Vocational Education and Training (VET) and short cycle higher educations,"[0-0,2]",Nørrebro,2012,581.0
Vocational Education and Training (VET) and short cycle higher educations,"[0-0,2]",Nørrebro,2013,592.0
Vocational Education and Training (VET) and short cycle higher educations,"[0-0,2]",Nørrebro,2014,526.0
Vocational Education and Training (VET) and short cycle higher educations,"[0-0,2]",Nørrebro,2015,576.0
Vocational Education and Training (VET) and short cycle higher educations,"[0-0,2]",Nørrebro,2016,560.0
Vocational Education and Training (VET) and short cycle higher educations,"[0-0,2]",Nørrebro,2017,504.0
Vocational Education and Training (VET) and short cycle higher educations,"[0-0,2]",Nørrebro,2018,481.0
Vocational Education and Training (VET) and short cycle higher educations,"[0-0,2]",Nørrebro,2019,396.0
Vocational Education and Training (VET) and short cycle higher educations,"[0-0,2]",Nørrebro,2020,410.0
Vocational Education and Training (VET) and short cycle higher educations,"[0-0,2]",Nørrebro,2021,385.0
Vocational Education and Training (VET) and short cycle higher educations,"[0-0,2]",Nørrebro,2022,407.0
Vocational Education and Training (VET) and short cycle higher educations,"[0-0,2]",Nørrebro,2023,438.0
Vocational Education and Training (VET) and short cycle higher educations,"[0-0,2]",Valby,2008,428.0
Vocational Education and Training (VET) and short cycle higher educations,"[0-0,2]",Valby,2009,495.0
Vocational Education and Training (VET) and short cycle higher educations,"[0-0,2]",Valby,2010,459.0
Vocational Education and Training (VET) and short cycle higher educations,"[0-0,2]",Valby,2011,468.0
Vocational Education and Training (VET) and short cycle higher educations,"[0-0,2]",Valby,2012,526.0
Vocational Education and Training (VET) and short cycle higher educations,"[0-0,2]",Valby,2013,552.0
Vocational Education and Training (VET) and short cycle higher educations,"[0-0,2]",Valby,2014,561.0
Vocational Education and Training (VET) and short cycle higher educations,"[0-0,2]",Valby,2015,510.0
Vocational Education and Training (VET) and short cycle higher educations,"[0-0,2]",Valby,2016,472.0
Vocational Education and Training (VET) and short cycle higher educations,"[0-0,2]",Valby,2017,514.0
Vocational Education and Training (VET) and short cycle higher educations,"[0-0,2]",Valby,2018,436.0
Vocational Education and Training (VET) and short cycle higher educations,"[0-0,2]",Valby,2019,449.0
Vocational Education and Training (VET) and short cycle higher educations,"[0-0,2]",Valby,2020,460.0
Vocational Education and Training (VET) and short cycle higher educations,"[0-0,2]",Valby,2021,412.0
Vocational Education and Training (VET) and short cycle higher educations,"[0-0,2]",Valby,2022,477.0
Vocational Education and Training (VET) and short cycle higher educations,"[0-0,2]",Valby,2023,472.0
Vocational Education and Training (VET) and short cycle higher educations,"[0-0,2]",Vanløse,2008,265.0
Vocational Education and Training (VET) and short cycle higher educations,"[0-0,2]",Vanløse,2009,342.0
Vocational Education and Training (VET) and short cycle higher educations,"[0-0,2]",Vanløse,2010,318.0
Vocational Education and Training (VET) and short cycle higher educations,"[0-0,2]",Vanløse,2011,330.0
Vocational Education and Training (VET) and short cycle higher educations,"[0-0,2]",Vanløse,2012,330.0
Vocational Education and Training (VET) and short cycle higher educations,"[0-0,2]",Vanløse,2013,358.0
Vocational Education and Training (VET) and short cycle higher educations,"[0-0,2]",Vanløse,2014,333.0
Vocational Education and Training (VET) and short cycle higher educations,"[0-0,2]",Vanløse,2015,338.0
Vocational Education and Training (VET) and short cycle higher educations,"[0-0,2]",Vanløse,2016,321.0
Vocational Education and Training (VET) and short cycle higher educations,"[0-0,2]",Vanløse,2017,327.0
Vocational Education and Training (VET) and short cycle higher educations,"[0-0,2]",Vanløse,2018,295.0
Vocational Education and Training (VET) and short cycle higher educations,"[0-0,2]",Vanløse,2019,298.0
Vocational Education and Training (VET) and short cycle higher educations,"[0-0,2]",Vanløse,2020,281.0
Vocational Education and Training (VET) and short cycle higher educations,"[0-0,2]",Vanløse,2021,228.0
Vocational Education and Training (VET) and short cycle higher educations,"[0-0,2]",Vanløse,2022,255.0
Vocational Education and Training (VET) and short cycle higher educations,"[0-0,2]",Vanløse,2023,204.0
Vocational Education and Training (VET) and short cycle higher educations,"[0-0,2]",Vesterbro/Kongens Enghave,2008,487.0
Vocational Education and Training (VET) and short cycle higher educations,"[0-0,2]",Vesterbro/Kongens Enghave,2009,512.0
Vocational Education and Training (VET) and short cycle higher educations,"[0-0,2]",Vesterbro/Kongens Enghave,2010,543.0
Vocational Education and Training (VET) and short cycle higher educations,"[0-0,2]",Vesterbro/Kongens Enghave,2011,535.0
Vocational Education and Training (VET) and short cycle higher educations,"[0-0,2]",Vesterbro/Kongens Enghave,2012,522.0
Vocational Education and Training (VET) and short cycle higher educations,"[0-0,2]",Vesterbro/Kongens Enghave,2013,533.0
Vocational Education and Training (VET) and short cycle higher educations,"[0-0,2]",Vesterbro/Kongens Enghave,2014,498.0
Vocational Education and Training (VET) and short cycle higher educations,"[0-0,2]",Vesterbro/Kongens Enghave,2015,529.0
Vocational Education and Training (VET) and short cycle higher educations,"[0-0,2]",Vesterbro/Kongens Enghave,2016,480.0
Vocational Education and Training (VET) and short cycle higher educations,"[0-0,2]",Vesterbro/Kongens Enghave,2017,501.0
Vocational Education and Training (VET) and short cycle higher educations,"[0-0,2]",Vesterbro/Kongens Enghave,2018,432.0
Vocational Education and Training (VET) and short cycle higher educations,"[0-0,2]",Vesterbro/Kongens Enghave,2019,368.0
Vocational Education and Training (VET) and short cycle higher educations,"[0-0,2]",Vesterbro/Kongens Enghave,2020,469.0
Vocational Education and Training (VET) and short cycle higher educations,"[0-0,2]",Vesterbro/Kongens Enghave,2021,372.0
Vocational Education and Training (VET) and short cycle higher educations,"[0-0,2]",Vesterbro/Kongens Enghave,2022,429.0
Vocational Education and Training (VET) and short cycle higher educations,"[0-0,2]",Vesterbro/Kongens Enghave,2023,422.0
Vocational Education and Training (VET) and short cycle higher educations,"[0-0,2]",Østerbro,2008,421.0
Vocational Education and Training (VET) and short cycle higher educations,"[0-0,2]",Østerbro,2009,454.0
Vocational Education and Training (VET) and short cycle higher educations,"[0-0,2]",Østerbro,2010,440.0
Vocational Education and Training (VET) and short cycle higher educations,"[0-0,2]",Østerbro,2011,436.0
Vocational Education and Training (VET) and short cycle higher educations,"[0-0,2]",Østerbro,2012,434.0
Vocational Education and Training (VET) and short cycle higher educations,"[0-0,2]",Østerbro,2013,418.0
Vocational Education and Training (VET) and short cycle higher educations,"[0-0,2]",Østerbro,2014,444.0
Vocational Education and Training (VET) and short cycle higher educations,"[0-0,2]",Østerbro,2015,458.0
Vocational Education and Training (VET) and short cycle higher educations,"[0-0,2]",Østerbro,2016,435.0
Vocational Education and Training (VET) and short cycle higher educations,"[0-0,2]",Østerbro,2017,437.0
Vocational Education and Training (VET) and short cycle higher educations,"[0-0,2]",Østerbro,2018,365.0
Vocational Education and Training (VET) and short cycle higher educations,"[0-0,2]",Østerbro,2019,340.0
Vocational Education and Training (VET) and short cycle higher educations,"[0-0,2]",Østerbro,2020,321.0
Vocational Education and Training (VET) and short cycle higher educations,"[0-0,2]",Østerbro,2021,300.0
Vocational Education and Training (VET) and short cycle higher educations,"[0-0,2]",Østerbro,2022,335.0
Vocational Education and Training (VET) and short cycle higher educations,"[0-0,2]",Østerbro,2023,319.0
Vocational Education and Training (VET) and short cycle higher educations,"]0,2-0,4]",Amager Vest,2008,247.0
Vocational Education and Training (VET) and short cycle higher educations,"]0,2-0,4]",Amager Vest,2009,344.0
Vocational Education and Training (VET) and short cycle higher educations,"]0,2-0,4]",Amager Vest,2010,343.0
Vocational Education and Training (VET) and short cycle higher educations,"]0,2-0,4]",Amager Vest,2011,382.0
Vocational Education and Training (VET) and short cycle higher educations,"]0,2-0,4]",Amager Vest,2012,376.0
Vocational Education and Training (VET) and short cycle higher educations,"]0,2-0,4]",Amager Vest,2013,368.0
Vocational Education and Training (VET) and short cycle higher educations,"]0,2-0,4]",Amager Vest,2014,315.0
Vocational Education and Training (VET) and short cycle higher educations,"]0,2-0,4]",Amager Vest,2015,325.0
Vocational Education and Training (VET) and short cycle higher educations,"]0,2-0,4]",Amager Vest,2016,295.0
Vocational Education and Training (VET) and short cycle higher educations,"]0,2-0,4]",Amager Vest,2017,302.0
Vocational Education and Training (VET) and short cycle higher educations,"]0,2-0,4]",Amager Vest,2018,307.0
Vocational Education and Training (VET) and short cycle higher educations,"]0,2-0,4]",Amager Vest,2019,289.0
Vocational Education and Training (VET) and short cycle higher educations,"]0,2-0,4]",Amager Vest,2020,331.0
Vocational Education and Training (VET) and short cycle higher educations,"]0,2-0,4]",Amager Vest,2021,341.0
Vocational Education and Training (VET) and short cycle higher educations,"]0,2-0,4]",Amager Vest,2022,290.0
Vocational Education and Training (VET) and short cycle higher educations,"]0,2-0,4]",Amager Vest,2023,260.0
Vocational Education and Training (VET) and short cycle higher educations,"]0,2-0,4]",Amager Øst,2008,209.0
Vocational Education and Training (VET) and short cycle higher educations,"]0,2-0,4]",Amager Øst,2009,325.0
Vocational Education and Training (VET) and short cycle higher educations,"]0,2-0,4]",Amager Øst,2010,373.0
Vocational Education and Training (VET) and short cycle higher educations,"]0,2-0,4]",Amager Øst,2011,380.0
Vocational Education and Training (VET) and short cycle higher educations,"]0,2-0,4]",Amager Øst,2012,388.0
Vocational Education and Training (VET) and short cycle higher educations,"]0,2-0,4]",Amager Øst,2013,377.0
Vocational Education and Training (VET) and short cycle higher educations,"]0,2-0,4]",Amager Øst,2014,343.0
Vocational Education and Training (VET) and short cycle higher educations,"]0,2-0,4]",Amager Øst,2015,350.0
Vocational Education and Training (VET) and short cycle higher educations,"]0,2-0,4]",Amager Øst,2016,298.0
Vocational Education and Training (VET) and short cycle higher educations,"]0,2-0,4]",Amager Øst,2017,278.0
Vocational Education and Training (VET) and short cycle higher educations,"]0,2-0,4]",Amager Øst,2018,270.0
Vocational Education and Training (VET) and short cycle higher educations,"]0,2-0,4]",Amager Øst,2019,241.0
Vocational Education and Training (VET) and short cycle higher educations,"]0,2-0,4]",Amager Øst,2020,299.0
Vocational Education and Training (VET) and short cycle higher educations,"]0,2-0,4]",Amager Øst,2021,285.0
Vocational Education and Training (VET) and short cycle higher educations,"]0,2-0,4]",Amager Øst,2022,228.0
Vocational Education and Training (VET) and short cycle higher educations,"]0,2-0,4]",Amager Øst,2023,226.0
Vocational Education and Training (VET) and short cycle higher educations,"]0,2-0,4]",Bispebjerg,2008,266.0
Vocational Education and Training (VET) and short cycle higher educations,"]0,2-0,4]",Bispebjerg,2009,317.0
Vocational Education and Training (VET) and short cycle higher educations,"]0,2-0,4]",Bispebjerg,2010,328.0
Vocational Education and Training (VET) and short cycle higher educations,"]0,2-0,4]",Bispebjerg,2011,380.0
Vocational Education and Training (VET) and short cycle higher educations,"]0,2-0,4]",Bispebjerg,2012,393.0
Vocational Education and Training (VET) and short cycle higher educations,"]0,2-0,4]",Bispebjerg,2013,380.0
Vocational Education and Training (VET) and short cycle higher educations,"]0,2-0,4]",Bispebjerg,2014,346.0
Vocational Education and Training (VET) and short cycle higher educations,"]0,2-0,4]",Bispebjerg,2015,315.0
Vocational Education and Training (VET) and short cycle higher educations,"]0,2-0,4]",Bispebjerg,2016,298.0
Vocational Education and Training (VET) and short cycle higher educations,"]0,2-0,4]",Bispebjerg,2017,283.0
Vocational Education and Training (VET) and short cycle higher educations,"]0,2-0,4]",Bispebjerg,2018,259.0
Vocational Education and Training (VET) and short cycle higher educations,"]0,2-0,4]",Bispebjerg,2019,270.0
Vocational Education and Training (VET) and short cycle higher educations,"]0,2-0,4]",Bispebjerg,2020,278.0
Vocational Education and Training (VET) and short cycle higher educations,"]0,2-0,4]",Bispebjerg,2021,242.0
Vocational Education and Training (VET) and short cycle higher educations,"]0,2-0,4]",Bispebjerg,2022,247.0
Vocational Education and Training (VET) and short cycle higher educations,"]0,2-0,4]",Bispebjerg,2023,190.0
Vocational Education and Training (VET) and short cycle higher educations,"]0,2-0,4]",Brønshøj-Husum,2008,154.0
Vocational Education and Training (VET) and short cycle higher educations,"]0,2-0,4]",Brønshøj-Husum,2009,219.0
Vocational Education and Training (VET) and short cycle higher educations,"]0,2-0,4]",Brønshøj-Husum,2010,237.0
Vocational Education and Training (VET) and short cycle higher educations,"]0,2-0,4]",Brønshøj-Husum,2011,248.0
Vocational Education and Training (VET) and short cycle higher educations,"]0,2-0,4]",Brønshøj-Husum,2012,237.0
Vocational Education and Training (VET) and short cycle higher educations,"]0,2-0,4]",Brønshøj-Husum,2013,256.0
Vocational Education and Training (VET) and short cycle higher educations,"]0,2-0,4]",Brønshøj-Husum,2014,241.0
Vocational Education and Training (VET) and short cycle higher educations,"]0,2-0,4]",Brønshøj-Husum,2015,240.0
Vocational Education and Training (VET) and short cycle higher educations,"]0,2-0,4]",Brønshøj-Husum,2016,210.0
Vocational Education and Training (VET) and short cycle higher educations,"]0,2-0,4]",Brønshøj-Husum,2017,176.0
Vocational Education and Training (VET) and short cycle higher educations,"]0,2-0,4]",Brønshøj-Husum,2018,226.0
Vocational Education and Training (VET) and short cycle higher educations,"]0,2-0,4]",Brønshøj-Husum,2019,184.0
Vocational Education and Training (VET) and short cycle higher educations,"]0,2-0,4]",Brønshøj-Husum,2020,186.0
Vocational Education and Training (VET) and short cycle higher educations,"]0,2-0,4]",Brønshøj-Husum,2021,147.0
Vocational Education and Training (VET) and short cycle higher educations,"]0,2-0,4]",Brønshøj-Husum,2022,148.0
Vocational Education and Training (VET) and short cycle higher educations,"]0,2-0,4]",Brønshøj-Husum,2023,155.0
Vocational Education and Training (VET) and short cycle higher educations,"]0,2-0,4]",Indre By,2008,126.0
Vocational Education and Training (VET) and short cycle higher educations,"]0,2-0,4]",Indre By,2009,173.0
Vocational Education and Training (VET) and short cycle higher educations,"]0,2-0,4]",Indre By,2010,182.0
Vocational Education and Training (VET) and short cycle higher educations,"]0,2-0,4]",Indre By,2011,159.0
Vocational Education and Training (VET) and short cycle higher educations,"]0,2-0,4]",Indre By,2012,161.0
Vocational Education and Training (VET) and short cycle higher educations,"]0,2-0,4]",Indre By,2013,148.0
Vocational Education and Training (VET) and short cycle higher educations,"]0,2-0,4]",Indre By,2014,165.0
Vocational Education and Training (VET) and short cycle higher educations,"]0,2-0,4]",Indre By,2015,147.0
Vocational Education and Training (VET) and short cycle higher educations,"]0,2-0,4]",Indre By,2016,156.0
Vocational Education and Training (VET) and short cycle higher educations,"]0,2-0,4]",Indre By,2017,120.0
Vocational Education and Training (VET) and short cycle higher educations,"]0,2-0,4]",Indre By,2018,121.0
Vocational Education and Training (VET) and short cycle higher educations,"]0,2-0,4]",Indre By,2019,113.0
Vocational Education and Training (VET) and short cycle higher educations,"]0,2-0,4]",Indre By,2020,156.0
Vocational Education and Training (VET) and short cycle higher educations,"]0,2-0,4]",Indre By,2021,106.0
Vocational Education and Training (VET) and short cycle higher educations,"]0,2-0,4]",Indre By,2022,102.0
Vocational Education and Training (VET) and short cycle higher educations,"]0,2-0,4]",Indre By,2023,122.0
Vocational Education and Training (VET) and short cycle higher educations,"]0,2-0,4]",Nørrebro,2008,301.0
Vocational Education and Training (VET) and short cycle higher educations,"]0,2-0,4]",Nørrebro,2009,328.0
Vocational Education and Training (VET) and short cycle higher educations,"]0,2-0,4]",Nørrebro,2010,416.0
Vocational Education and Training (VET) and short cycle higher educations,"]0,2-0,4]",Nørrebro,2011,398.0
Vocational Education and Training (VET) and short cycle higher educations,"]0,2-0,4]",Nørrebro,2012,431.0
Vocational Education and Training (VET) and short cycle higher educations,"]0,2-0,4]",Nørrebro,2013,412.0
Vocational Education and Training (VET) and short cycle higher educations,"]0,2-0,4]",Nørrebro,2014,383.0
Vocational Education and Training (VET) and short cycle higher educations,"]0,2-0,4]",Nørrebro,2015,360.0
Vocational Education and Training (VET) and short cycle higher educations,"]0,2-0,4]",Nørrebro,2016,304.0
Vocational Education and Training (VET) and short cycle higher educations,"]0,2-0,4]",Nørrebro,2017,299.0
Vocational Education and Training (VET) and short cycle higher educations,"]0,2-0,4]",Nørrebro,2018,282.0
Vocational Education and Training (VET) and short cycle higher educations,"]0,2-0,4]",Nørrebro,2019,248.0
Vocational Education and Training (VET) and short cycle higher educations,"]0,2-0,4]",Nørrebro,2020,269.0
Vocational Education and Training (VET) and short cycle higher educations,"]0,2-0,4]",Nørrebro,2021,279.0
Vocational Education and Training (VET) and short cycle higher educations,"]0,2-0,4]",Nørrebro,2022,221.0
Vocational Education and Training (VET) and short cycle higher educations,"]0,2-0,4]",Nørrebro,2023,269.0
Vocational Education and Training (VET) and short cycle higher educations,"]0,2-0,4]",Valby,2008,184.0
Vocational Education and Training (VET) and short cycle higher educations,"]0,2-0,4]",Valby,2009,308.0
Vocational Education and Training (VET) and short cycle higher educations,"]0,2-0,4]",Valby,2010,341.0
Vocational Education and Training (VET) and short cycle higher educations,"]0,2-0,4]",Valby,2011,311.0
Vocational Education and Training (VET) and short cycle higher educations,"]0,2-0,4]",Valby,2012,345.0
Vocational Education and Training (VET) and short cycle higher educations,"]0,2-0,4]",Valby,2013,361.0
Vocational Education and Training (VET) and short cycle higher educations,"]0,2-0,4]",Valby,2014,343.0
Vocational Education and Training (VET) and short cycle higher educations,"]0,2-0,4]",Valby,2015,322.0
Vocational Education and Training (VET) and short cycle higher educations,"]0,2-0,4]",Valby,2016,305.0
Vocational Education and Training (VET) and short cycle higher educations,"]0,2-0,4]",Valby,2017,279.0
Vocational Education and Training (VET) and short cycle higher educations,"]0,2-0,4]",Valby,2018,262.0
Vocational Education and Training (VET) and short cycle higher educations,"]0,2-0,4]",Valby,2019,238.0
Vocational Education and Training (VET) and short cycle higher educations,"]0,2-0,4]",Valby,2020,270.0
Vocational Education and Training (VET) and short cycle higher educations,"]0,2-0,4]",Valby,2021,294.0
Vocational Education and Training (VET) and short cycle higher educations,"]0,2-0,4]",Valby,2022,230.0
Vocational Education and Training (VET) and short cycle higher educations,"]0,2-0,4]",Valby,2023,259.0
Vocational Education and Training (VET) and short cycle higher educations,"]0,2-0,4]",Vanløse,2008,137.0
Vocational Education and Training (VET) and short cycle higher educations,"]0,2-0,4]",Vanløse,2009,200.0
Vocational Education and Training (VET) and short cycle higher educations,"]0,2-0,4]",Vanløse,2010,227.0
Vocational Education and Training (VET) and short cycle higher educations,"]0,2-0,4]",Vanløse,2011,246.0
Vocational Education and Training (VET) and short cycle higher educations,"]0,2-0,4]",Vanløse,2012,228.0
Vocational Education and Training (VET) and short cycle higher educations,"]0,2-0,4]",Vanløse,2013,235.0
Vocational Education and Training (VET) and short cycle higher educations,"]0,2-0,4]",Vanløse,2014,220.0
Vocational Education and Training (VET) and short cycle higher educations,"]0,2-0,4]",Vanløse,2015,189.0
Vocational Education and Training (VET) and short cycle higher educations,"]0,2-0,4]",Vanløse,2016,196.0
Vocational Education and Training (VET) and short cycle higher educations,"]0,2-0,4]",Vanløse,2017,173.0
Vocational Education and Training (VET) and short cycle higher educations,"]0,2-0,4]",Vanløse,2018,163.0
Vocational Education and Training (VET) and short cycle higher educations,"]0,2-0,4]",Vanløse,2019,156.0
Vocational Education and Training (VET) and short cycle higher educations,"]0,2-0,4]",Vanløse,2020,165.0
Vocational Education and Training (VET) and short cycle higher educations,"]0,2-0,4]",Vanløse,2021,158.0
Vocational Education and Training (VET) and short cycle higher educations,"]0,2-0,4]",Vanløse,2022,134.0
Vocational Education and Training (VET) and short cycle higher educations,"]0,2-0,4]",Vanløse,2023,126.0
Vocational Education and Training (VET) and short cycle higher educations,"]0,2-0,4]",Vesterbro/Kongens Enghave,2008,257.0
Vocational Education and Training (VET) and short cycle higher educations,"]0,2-0,4]",Vesterbro/Kongens Enghave,2009,325.0
Vocational Education and Training (VET) and short cycle higher educations,"]0,2-0,4]",Vesterbro/Kongens Enghave,2010,339.0
Vocational Education and Training (VET) and short cycle higher educations,"]0,2-0,4]",Vesterbro/Kongens Enghave,2011,319.0
Vocational Education and Training (VET) and short cycle higher educations,"]0,2-0,4]",Vesterbro/Kongens Enghave,2012,315.0
Vocational Education and Training (VET) and short cycle higher educations,"]0,2-0,4]",Vesterbro/Kongens Enghave,2013,360.0
Vocational Education and Training (VET) and short cycle higher educations,"]0,2-0,4]",Vesterbro/Kongens Enghave,2014,319.0
Vocational Education and Training (VET) and short cycle higher educations,"]0,2-0,4]",Vesterbro/Kongens Enghave,2015,290.0
Vocational Education and Training (VET) and short cycle higher educations,"]0,2-0,4]",Vesterbro/Kongens Enghave,2016,288.0
Vocational Education and Training (VET) and short cycle higher educations,"]0,2-0,4]",Vesterbro/Kongens Enghave,2017,252.0
Vocational Education and Training (VET) and short cycle higher educations,"]0,2-0,4]",Vesterbro/Kongens Enghave,2018,244.0
Vocational Education and Training (VET) and short cycle higher educations,"]0,2-0,4]",Vesterbro/Kongens Enghave,2019,261.0
Vocational Education and Training (VET) and short cycle higher educations,"]0,2-0,4]",Vesterbro/Kongens Enghave,2020,275.0
Vocational Education and Training (VET) and short cycle higher educations,"]0,2-0,4]",Vesterbro/Kongens Enghave,2021,267.0
Vocational Education and Training (VET) and short cycle higher educations,"]0,2-0,4]",Vesterbro/Kongens Enghave,2022,231.0
Vocational Education and Training (VET) and short cycle higher educations,"]0,2-0,4]",Vesterbro/Kongens Enghave,2023,225.0
Vocational Education and Training (VET) and short cycle higher educations,"]0,2-0,4]",Østerbro,2008,212.0
Vocational Education and Training (VET) and short cycle higher educations,"]0,2-0,4]",Østerbro,2009,296.0
Vocational Education and Training (VET) and short cycle higher educations,"]0,2-0,4]",Østerbro,2010,294.0
Vocational Education and Training (VET) and short cycle higher educations,"]0,2-0,4]",Østerbro,2011,323.0
Vocational Education and Training (VET) and short cycle higher educations,"]0,2-0,4]",Østerbro,2012,293.0
Vocational Education and Training (VET) and short cycle higher educations,"]0,2-0,4]",Østerbro,2013,317.0
Vocational Education and Training (VET) and short cycle higher educations,"]0,2-0,4]",Østerbro,2014,284.0
Vocational Education and Training (VET) and short cycle higher educations,"]0,2-0,4]",Østerbro,2015,256.0
Vocational Education and Training (VET) and short cycle higher educations,"]0,2-0,4]",Østerbro,2016,255.0
Vocational Education and Training (VET) and short cycle higher educations,"]0,2-0,4]",Østerbro,2017,242.0
Vocational Education and Training (VET) and short cycle higher educations,"]0,2-0,4]",Østerbro,2018,253.0
Vocational Education and Training (VET) and short cycle higher educations,"]0,2-0,4]",Østerbro,2019,229.0
Vocational Education and Training (VET) and short cycle higher educations,"]0,2-0,4]",Østerbro,2020,244.0
Vocational Education and Training (VET) and short cycle higher educations,"]0,2-0,4]",Østerbro,2021,200.0
Vocational Education and Training (VET) and short cycle higher educations,"]0,2-0,4]",Østerbro,2022,174.0
Vocational Education and Training (VET) and short cycle higher educations,"]0,2-0,4]",Østerbro,2023,186.0
Vocational Education and Training (VET) and short cycle higher educations,"]0,4-0,6]",Amager Vest,2008,110.0
Vocational Education and Training (VET) and short cycle higher educations,"]0,4-0,6]",Amager Vest,2009,217.0
Vocational Education and Training (VET) and short cycle higher educations,"]0,4-0,6]",Amager Vest,2010,225.0
Vocational Education and Training (VET) and short cycle higher educations,"]0,4-0,6]",Amager Vest,2011,287.0
Vocational Education and Training (VET) and short cycle higher educations,"]0,4-0,6]",Amager Vest,2012,237.0
Vocational Education and Training (VET) and short cycle higher educations,"]0,4-0,6]",Amager Vest,2013,247.0
Vocational Education and Training (VET) and short cycle higher educations,"]0,4-0,6]",Amager Vest,2014,280.0
Vocational Education and Training (VET) and short cycle higher educations,"]0,4-0,6]",Amager Vest,2015,245.0
Vocational Education and Training (VET) and short cycle higher educations,"]0,4-0,6]",Amager Vest,2016,207.0
Vocational Education and Training (VET) and short cycle higher educations,"]0,4-0,6]",Amager Vest,2017,187.0
Vocational Education and Training (VET) and short cycle higher educations,"]0,4-0,6]",Amager Vest,2018,161.0
Vocational Education and Training (VET) and short cycle higher educations,"]0,4-0,6]",Amager Vest,2019,192.0
Vocational Education and Training (VET) and short cycle higher educations,"]0,4-0,6]",Amager Vest,2020,237.0
Vocational Education and Training (VET) and short cycle higher educations,"]0,4-0,6]",Amager Vest,2021,244.0
Vocational Education and Training (VET) and short cycle higher educations,"]0,4-0,6]",Amager Vest,2022,139.0
Vocational Education and Training (VET) and short cycle higher educations,"]0,4-0,6]",Amager Vest,2023,163.0
Vocational Education and Training (VET) and short cycle higher educations,"]0,4-0,6]",Amager Øst,2008,117.0
Vocational Education and Training (VET) and short cycle higher educations,"]0,4-0,6]",Amager Øst,2009,223.0
Vocational Education and Training (VET) and short cycle higher educations,"]0,4-0,6]",Amager Øst,2010,277.0
Vocational Education and Training (VET) and short cycle higher educations,"]0,4-0,6]",Amager Øst,2011,298.0
Vocational Education and Training (VET) and short cycle higher educations,"]0,4-0,6]",Amager Øst,2012,266.0
Vocational Education and Training (VET) and short cycle higher educations,"]0,4-0,6]",Amager Øst,2013,263.0
Vocational Education and Training (VET) and short cycle higher educations,"]0,4-0,6]",Amager Øst,2014,239.0
Vocational Education and Training (VET) and short cycle higher educations,"]0,4-0,6]",Amager Øst,2015,211.0
Vocational Education and Training (VET) and short cycle higher educations,"]0,4-0,6]",Amager Øst,2016,183.0
Vocational Education and Training (VET) and short cycle higher educations,"]0,4-0,6]",Amager Øst,2017,183.0
Vocational Education and Training (VET) and short cycle higher educations,"]0,4-0,6]",Amager Øst,2018,160.0
Vocational Education and Training (VET) and short cycle higher educations,"]0,4-0,6]",Amager Øst,2019,151.0
Vocational Education and Training (VET) and short cycle higher educations,"]0,4-0,6]",Amager Øst,2020,223.0
Vocational Education and Training (VET) and short cycle higher educations,"]0,4-0,6]",Amager Øst,2021,232.0
Vocational Education and Training (VET) and short cycle higher educations,"]0,4-0,6]",Amager Øst,2022,104.0
Vocational Education and Training (VET) and short cycle higher educations,"]0,4-0,6]",Amager Øst,2023,121.0
Vocational Education and Training (VET) and short cycle higher educations,"]0,4-0,6]",Bispebjerg,2008,138.0
Vocational Education and Training (VET) and short cycle higher educations,"]0,4-0,6]",Bispebjerg,2009,211.0
Vocational Education and Training (VET) and short cycle higher educations,"]0,4-0,6]",Bispebjerg,2010,288.0
Vocational Education and Training (VET) and short cycle higher educations,"]0,4-0,6]",Bispebjerg,2011,247.0
Vocational Education and Training (VET) and short cycle higher educations,"]0,4-0,6]",Bispebjerg,2012,261.0
Vocational Education and Training (VET) and short cycle higher educations,"]0,4-0,6]",Bispebjerg,2013,287.0
Vocational Education and Training (VET) and short cycle higher educations,"]0,4-0,6]",Bispebjerg,2014,247.0
Vocational Education and Training (VET) and short cycle higher educations,"]0,4-0,6]",Bispebjerg,2015,229.0
Vocational Education and Training (VET) and short cycle higher educations,"]0,4-0,6]",Bispebjerg,2016,189.0
Vocational Education and Training (VET) and short cycle higher educations,"]0,4-0,6]",Bispebjerg,2017,187.0
Vocational Education and Training (VET) and short cycle higher educations,"]0,4-0,6]",Bispebjerg,2018,178.0
Vocational Education and Training (VET) and short cycle higher educations,"]0,4-0,6]",Bispebjerg,2019,161.0
Vocational Education and Training (VET) and short cycle higher educations,"]0,4-0,6]",Bispebjerg,2020,175.0
Vocational Education and Training (VET) and short cycle higher educations,"]0,4-0,6]",Bispebjerg,2021,202.0
Vocational Education and Training (VET) and short cycle higher educations,"]0,4-0,6]",Bispebjerg,2022,102.0
Vocational Education and Training (VET) and short cycle higher educations,"]0,4-0,6]",Bispebjerg,2023,123.0
Vocational Education and Training (VET) and short cycle higher educations,"]0,4-0,6]",Brønshøj-Husum,2008,112.0
Vocational Education and Training (VET) and short cycle higher educations,"]0,4-0,6]",Brønshøj-Husum,2009,176.0
Vocational Education and Training (VET) and short cycle higher educations,"]0,4-0,6]",Brønshøj-Husum,2010,184.0
Vocational Education and Training (VET) and short cycle higher educations,"]0,4-0,6]",Brønshøj-Husum,2011,178.0
Vocational Education and Training (VET) and short cycle higher educations,"]0,4-0,6]",Brønshøj-Husum,2012,200.0
Vocational Education and Training (VET) and short cycle higher educations,"]0,4-0,6]",Brønshøj-Husum,2013,208.0
Vocational Education and Training (VET) and short cycle higher educations,"]0,4-0,6]",Brønshøj-Husum,2014,207.0
Vocational Education and Training (VET) and short cycle higher educations,"]0,4-0,6]",Brønshøj-Husum,2015,172.0
Vocational Education and Training (VET) and short cycle higher educations,"]0,4-0,6]",Brønshøj-Husum,2016,140.0
Vocational Education and Training (VET) and short cycle higher educations,"]0,4-0,6]",Brønshøj-Husum,2017,168.0
Vocational Education and Training (VET) and short cycle higher educations,"]0,4-0,6]",Brønshøj-Husum,2018,120.0
Vocational Education and Training (VET) and short cycle higher educations,"]0,4-0,6]",Brønshøj-Husum,2019,116.0
Vocational Education and Training (VET) and short cycle higher educations,"]0,4-0,6]",Brønshøj-Husum,2020,160.0
Vocational Education and Training (VET) and short cycle higher educations,"]0,4-0,6]",Brønshøj-Husum,2021,122.0
Vocational Education and Training (VET) and short cycle higher educations,"]0,4-0,6]",Brønshøj-Husum,2022,101.0
Vocational Education and Training (VET) and short cycle higher educations,"]0,4-0,6]",Brønshøj-Husum,2023,89.0
Vocational Education and Training (VET) and short cycle higher educations,"]0,4-0,6]",Indre By,2008,77.0
Vocational Education and Training (VET) and short cycle higher educations,"]0,4-0,6]",Indre By,2009,104.0
Vocational Education and Training (VET) and short cycle higher educations,"]0,4-0,6]",Indre By,2010,111.0
Vocational Education and Training (VET) and short cycle higher educations,"]0,4-0,6]",Indre By,2011,120.0
Vocational Education and Training (VET) and short cycle higher educations,"]0,4-0,6]",Indre By,2012,109.0
Vocational Education and Training (VET) and short cycle higher educations,"]0,4-0,6]",Indre By,2013,112.0
Vocational Education and Training (VET) and short cycle higher educations,"]0,4-0,6]",Indre By,2014,102.0
Vocational Education and Training (VET) and short cycle higher educations,"]0,4-0,6]",Indre By,2015,100.0
Vocational Education and Training (VET) and short cycle higher educations,"]0,4-0,6]",Indre By,2016,87.0
Vocational Education and Training (VET) and short cycle higher educations,"]0,4-0,6]",Indre By,2017,95.0
Vocational Education and Training (VET) and short cycle higher educations,"]0,4-0,6]",Indre By,2018,80.0
Vocational Education and Training (VET) and short cycle higher educations,"]0,4-0,6]",Indre By,2019,75.0
Vocational Education and Training (VET) and short cycle higher educations,"]0,4-0,6]",Indre By,2020,107.0
Vocational Education and Training (VET) and short cycle higher educations,"]0,4-0,6]",Indre By,2021,92.0
Vocational Education and Training (VET) and short cycle higher educations,"]0,4-0,6]",Indre By,2022,46.0
Vocational Education and Training (VET) and short cycle higher educations,"]0,4-0,6]",Indre By,2023,64.0
Vocational Education and Training (VET) and short cycle higher educations,"]0,4-0,6]",Nørrebro,2008,177.0
Vocational Education and Training (VET) and short cycle higher educations,"]0,4-0,6]",Nørrebro,2009,281.0
Vocational Education and Training (VET) and short cycle higher educations,"]0,4-0,6]",Nørrebro,2010,291.0
Vocational Education and Training (VET) and short cycle higher educations,"]0,4-0,6]",Nørrebro,2011,312.0
Vocational Education and Training (VET) and short cycle higher educations,"]0,4-0,6]",Nørrebro,2012,329.0
Vocational Education and Training (VET) and short cycle higher educations,"]0,4-0,6]",Nørrebro,2013,307.0
Vocational Education and Training (VET) and short cycle higher educations,"]0,4-0,6]",Nørrebro,2014,249.0
Vocational Education and Training (VET) and short cycle higher educations,"]0,4-0,6]",Nørrebro,2015,268.0
Vocational Education and Training (VET) and short cycle higher educations,"]0,4-0,6]",Nørrebro,2016,210.0
Vocational Education and Training (VET) and short cycle higher educations,"]0,4-0,6]",Nørrebro,2017,172.0
Vocational Education and Training (VET) and short cycle higher educations,"]0,4-0,6]",Nørrebro,2018,177.0
Vocational Education and Training (VET) and short cycle higher educations,"]0,4-0,6]",Nørrebro,2019,168.0
Vocational Education and Training (VET) and short cycle higher educations,"]0,4-0,6]",Nørrebro,2020,233.0
Vocational Education and Training (VET) and short cycle higher educations,"]0,4-0,6]",Nørrebro,2021,201.0
Vocational Education and Training (VET) and short cycle higher educations,"]0,4-0,6]",Nørrebro,2022,133.0
Vocational Education and Training (VET) and short cycle higher educations,"]0,4-0,6]",Nørrebro,2023,166.0
Vocational Education and Training (VET) and short cycle higher educations,"]0,4-0,6]",Valby,2008,122.0
Vocational Education and Training (VET) and short cycle higher educations,"]0,4-0,6]",Valby,2009,194.0
Vocational Education and Training (VET) and short cycle higher educations,"]0,4-0,6]",Valby,2010,246.0
Vocational Education and Training (VET) and short cycle higher educations,"]0,4-0,6]",Valby,2011,252.0
Vocational Education and Training (VET) and short cycle higher educations,"]0,4-0,6]",Valby,2012,246.0
Vocational Education and Training (VET) and short cycle higher educations,"]0,4-0,6]",Valby,2013,242.0
Vocational Education and Training (VET) and short cycle higher educations,"]0,4-0,6]",Valby,2014,230.0
Vocational Education and Training (VET) and short cycle higher educations,"]0,4-0,6]",Valby,2015,186.0
Vocational Education and Training (VET) and short cycle higher educations,"]0,4-0,6]",Valby,2016,189.0
Vocational Education and Training (VET) and short cycle higher educations,"]0,4-0,6]",Valby,2017,149.0
Vocational Education and Training (VET) and short cycle higher educations,"]0,4-0,6]",Valby,2018,142.0
Vocational Education and Training (VET) and short cycle higher educations,"]0,4-0,6]",Valby,2019,146.0
Vocational Education and Training (VET) and short cycle higher educations,"]0,4-0,6]",Valby,2020,210.0
Vocational Education and Training (VET) and short cycle higher educations,"]0,4-0,6]",Valby,2021,212.0
Vocational Education and Training (VET) and short cycle higher educations,"]0,4-0,6]",Valby,2022,151.0
Vocational Education and Training (VET) and short cycle higher educations,"]0,4-0,6]",Valby,2023,153.0
Vocational Education and Training (VET) and short cycle higher educations,"]0,4-0,6]",Vanløse,2008,61.0
Vocational Education and Training (VET) and short cycle higher educations,"]0,4-0,6]",Vanløse,2009,126.0
Vocational Education and Training (VET) and short cycle higher educations,"]0,4-0,6]",Vanløse,2010,149.0
Vocational Education and Training (VET) and short cycle higher educations,"]0,4-0,6]",Vanløse,2011,152.0
Vocational Education and Training (VET) and short cycle higher educations,"]0,4-0,6]",Vanløse,2012,167.0
Vocational Education and Training (VET) and short cycle higher educations,"]0,4-0,6]",Vanløse,2013,151.0
Vocational Education and Training (VET) and short cycle higher educations,"]0,4-0,6]",Vanløse,2014,130.0
Vocational Education and Training (VET) and short cycle higher educations,"]0,4-0,6]",Vanløse,2015,126.0
Vocational Education and Training (VET) and short cycle higher educations,"]0,4-0,6]",Vanløse,2016,109.0
Vocational Education and Training (VET) and short cycle higher educations,"]0,4-0,6]",Vanløse,2017,112.0
Vocational Education and Training (VET) and short cycle higher educations,"]0,4-0,6]",Vanløse,2018,99.0
Vocational Education and Training (VET) and short cycle higher educations,"]0,4-0,6]",Vanløse,2019,83.0
Vocational Education and Training (VET) and short cycle higher educations,"]0,4-0,6]",Vanløse,2020,132.0
Vocational Education and Training (VET) and short cycle higher educations,"]0,4-0,6]",Vanløse,2021,113.0
Vocational Education and Training (VET) and short cycle higher educations,"]0,4-0,6]",Vanløse,2022,62.0
Vocational Education and Training (VET) and short cycle higher educations,"]0,4-0,6]",Vanløse,2023,58.0
Vocational Education and Training (VET) and short cycle higher educations,"]0,4-0,6]",Vesterbro/Kongens Enghave,2008,160.0
Vocational Education and Training (VET) and short cycle higher educations,"]0,4-0,6]",Vesterbro/Kongens Enghave,2009,210.0
Vocational Education and Training (VET) and short cycle higher educations,"]0,4-0,6]",Vesterbro/Kongens Enghave,2010,288.0
Vocational Education and Training (VET) and short cycle higher educations,"]0,4-0,6]",Vesterbro/Kongens Enghave,2011,258.0
Vocational Education and Training (VET) and short cycle higher educations,"]0,4-0,6]",Vesterbro/Kongens Enghave,2012,269.0
Vocational Education and Training (VET) and short cycle higher educations,"]0,4-0,6]",Vesterbro/Kongens Enghave,2013,253.0
Vocational Education and Training (VET) and short cycle higher educations,"]0,4-0,6]",Vesterbro/Kongens Enghave,2014,223.0
Vocational Education and Training (VET) and short cycle higher educations,"]0,4-0,6]",Vesterbro/Kongens Enghave,2015,206.0
Vocational Education and Training (VET) and short cycle higher educations,"]0,4-0,6]",Vesterbro/Kongens Enghave,2016,180.0
Vocational Education and Training (VET) and short cycle higher educations,"]0,4-0,6]",Vesterbro/Kongens Enghave,2017,161.0
Vocational Education and Training (VET) and short cycle higher educations,"]0,4-0,6]",Vesterbro/Kongens Enghave,2018,150.0
Vocational Education and Training (VET) and short cycle higher educations,"]0,4-0,6]",Vesterbro/Kongens Enghave,2019,134.0
Vocational Education and Training (VET) and short cycle higher educations,"]0,4-0,6]",Vesterbro/Kongens Enghave,2020,205.0
Vocational Education and Training (VET) and short cycle higher educations,"]0,4-0,6]",Vesterbro/Kongens Enghave,2021,182.0
Vocational Education and Training (VET) and short cycle higher educations,"]0,4-0,6]",Vesterbro/Kongens Enghave,2022,117.0
Vocational Education and Training (VET) and short cycle higher educations,"]0,4-0,6]",Vesterbro/Kongens Enghave,2023,151.0
Vocational Education and Training (VET) and short cycle higher educations,"]0,4-0,6]",Østerbro,2008,116.0
Vocational Education and Training (VET) and short cycle higher educations,"]0,4-0,6]",Østerbro,2009,207.0
Vocational Education and Training (VET) and short cycle higher educations,"]0,4-0,6]",Østerbro,2010,235.0
Vocational Education and Training (VET) and short cycle higher educations,"]0,4-0,6]",Østerbro,2011,228.0
Vocational Education and Training (VET) and short cycle higher educations,"]0,4-0,6]",Østerbro,2012,220.0
Vocational Education and Training (VET) and short cycle higher educations,"]0,4-0,6]",Østerbro,2013,219.0
Vocational Education and Training (VET) and short cycle higher educations,"]0,4-0,6]",Østerbro,2014,213.0
Vocational Education and Training (VET) and short cycle higher educations,"]0,4-0,6]",Østerbro,2015,205.0
Vocational Education and Training (VET) and short cycle higher educations,"]0,4-0,6]",Østerbro,2016,144.0
Vocational Education and Training (VET) and short cycle higher educations,"]0,4-0,6]",Østerbro,2017,165.0
Vocational Education and Training (VET) and short cycle higher educations,"]0,4-0,6]",Østerbro,2018,125.0
Vocational Education and Training (VET) and short cycle higher educations,"]0,4-0,6]",Østerbro,2019,120.0
Vocational Education and Training (VET) and short cycle higher educations,"]0,4-0,6]",Østerbro,2020,184.0
Vocational Education and Training (VET) and short cycle higher educations,"]0,4-0,6]",Østerbro,2021,163.0
Vocational Education and Training (VET) and short cycle higher educations,"]0,4-0,6]",Østerbro,2022,115.0
Vocational Education and Training (VET) and short cycle higher educations,"]0,4-0,6]",Østerbro,2023,101.0
Vocational Education and Training (VET) and short cycle higher educations,"]0,6-0,8]",Amager Vest,2008,59.0
Vocational Education and Training (VET) and short cycle higher educations,"]0,6-0,8]",Amager Vest,2009,131.0
Vocational Education and Training (VET) and short cycle higher educations,"]0,6-0,8]",Amager Vest,2010,174.0
Vocational Education and Training (VET) and short cycle higher educations,"]0,6-0,8]",Amager Vest,2011,197.0
Vocational Education and Training (VET) and short cycle higher educations,"]0,6-0,8]",Amager Vest,2012,196.0
Vocational Education and Training (VET) and short cycle higher educations,"]0,6-0,8]",Amager Vest,2013,177.0
Vocational Education and Training (VET) and short cycle higher educations,"]0,6-0,8]",Amager Vest,2014,179.0
Vocational Education and Training (VET) and short cycle higher educations,"]0,6-0,8]",Amager Vest,2015,134.0
Vocational Education and Training (VET) and short cycle higher educations,"]0,6-0,8]",Amager Vest,2016,132.0
Vocational Education and Training (VET) and short cycle higher educations,"]0,6-0,8]",Amager Vest,2017,115.0
Vocational Education and Training (VET) and short cycle higher educations,"]0,6-0,8]",Amager Vest,2018,92.0
Vocational Education and Training (VET) and short cycle higher educations,"]0,6-0,8]",Amager Vest,2019,108.0
Vocational Education and Training (VET) and short cycle higher educations,"]0,6-0,8]",Amager Vest,2020,193.0
Vocational Education and Training (VET) and short cycle higher educations,"]0,6-0,8]",Amager Vest,2021,156.0
Vocational Education and Training (VET) and short cycle higher educations,"]0,6-0,8]",Amager Vest,2022,75.0
Vocational Education and Training (VET) and short cycle higher educations,"]0,6-0,8]",Amager Vest,2023,85.0
Vocational Education and Training (VET) and short cycle higher educations,"]0,6-0,8]",Amager Øst,2008,63.0
Vocational Education and Training (VET) and short cycle higher educations,"]0,6-0,8]",Amager Øst,2009,155.0
Vocational Education and Training (VET) and short cycle higher educations,"]0,6-0,8]",Amager Øst,2010,179.0
Vocational Education and Training (VET) and short cycle higher educations,"]0,6-0,8]",Amager Øst,2011,182.0
Vocational Education and Training (VET) and short cycle higher educations,"]0,6-0,8]",Amager Øst,2012,175.0
Vocational Education and Training (VET) and short cycle higher educations,"]0,6-0,8]",Amager Øst,2013,187.0
Vocational Education and Training (VET) and short cycle higher educations,"]0,6-0,8]",Amager Øst,2014,159.0
Vocational Education and Training (VET) and short cycle higher educations,"]0,6-0,8]",Amager Øst,2015,130.0
Vocational Education and Training (VET) and short cycle higher educations,"]0,6-0,8]",Amager Øst,2016,91.0
Vocational Education and Training (VET) and short cycle higher educations,"]0,6-0,8]",Amager Øst,2017,107.0
Vocational Education and Training (VET) and short cycle higher educations,"]0,6-0,8]",Amager Øst,2018,97.0
Vocational Education and Training (VET) and short cycle higher educations,"]0,6-0,8]",Amager Øst,2019,84.0
Vocational Education and Training (VET) and short cycle higher educations,"]0,6-0,8]",Amager Øst,2020,148.0
Vocational Education and Training (VET) and short cycle higher educations,"]0,6-0,8]",Amager Øst,2021,115.0
Vocational Education and Training (VET) and short cycle higher educations,"]0,6-0,8]",Amager Øst,2022,49.0
Vocational Education and Training (VET) and short cycle higher educations,"]0,6-0,8]",Amager Øst,2023,75.0
Vocational Education and Training (VET) and short cycle higher educations,"]0,6-0,8]",Bispebjerg,2008,86.0
Vocational Education and Training (VET) and short cycle higher educations,"]0,6-0,8]",Bispebjerg,2009,161.0
Vocational Education and Training (VET) and short cycle higher educations,"]0,6-0,8]",Bispebjerg,2010,210.0
Vocational Education and Training (VET) and short cycle higher educations,"]0,6-0,8]",Bispebjerg,2011,197.0
Vocational Education and Training (VET) and short cycle higher educations,"]0,6-0,8]",Bispebjerg,2012,210.0
Vocational Education and Training (VET) and short cycle higher educations,"]0,6-0,8]",Bispebjerg,2013,241.0
Vocational Education and Training (VET) and short cycle higher educations,"]0,6-0,8]",Bispebjerg,2014,199.0
Vocational Education and Training (VET) and short cycle higher educations,"]0,6-0,8]",Bispebjerg,2015,159.0
Vocational Education and Training (VET) and short cycle higher educations,"]0,6-0,8]",Bispebjerg,2016,134.0
Vocational Education and Training (VET) and short cycle higher educations,"]0,6-0,8]",Bispebjerg,2017,118.0
Vocational Education and Training (VET) and short cycle higher educations,"]0,6-0,8]",Bispebjerg,2018,93.0
Vocational Education and Training (VET) and short cycle higher educations,"]0,6-0,8]",Bispebjerg,2019,82.0
Vocational Education and Training (VET) and short cycle higher educations,"]0,6-0,8]",Bispebjerg,2020,163.0
Vocational Education and Training (VET) and short cycle higher educations,"]0,6-0,8]",Bispebjerg,2021,137.0
Vocational Education and Training (VET) and short cycle higher educations,"]0,6-0,8]",Bispebjerg,2022,58.0
Vocational Education and Training (VET) and short cycle higher educations,"]0,6-0,8]",Bispebjerg,2023,62.0
Vocational Education and Training (VET) and short cycle higher educations,"]0,6-0,8]",Brønshøj-Husum,2008,58.0
Vocational Education and Training (VET) and short cycle higher educations,"]0,6-0,8]",Brønshøj-Husum,2009,106.0
Vocational Education and Training (VET) and short cycle higher educations,"]0,6-0,8]",Brønshøj-Husum,2010,144.0
Vocational Education and Training (VET) and short cycle higher educations,"]0,6-0,8]",Brønshøj-Husum,2011,134.0
Vocational Education and Training (VET) and short cycle higher educations,"]0,6-0,8]",Brønshøj-Husum,2012,161.0
Vocational Education and Training (VET) and short cycle higher educations,"]0,6-0,8]",Brønshøj-Husum,2013,157.0
Vocational Education and Training (VET) and short cycle higher educations,"]0,6-0,8]",Brønshøj-Husum,2014,151.0
Vocational Education and Training (VET) and short cycle higher educations,"]0,6-0,8]",Brønshøj-Husum,2015,124.0
Vocational Education and Training (VET) and short cycle higher educations,"]0,6-0,8]",Brønshøj-Husum,2016,85.0
Vocational Education and Training (VET) and short cycle higher educations,"]0,6-0,8]",Brønshøj-Husum,2017,85.0
Vocational Education and Training (VET) and short cycle higher educations,"]0,6-0,8]",Brønshøj-Husum,2018,75.0
Vocational Education and Training (VET) and short cycle higher educations,"]0,6-0,8]",Brønshøj-Husum,2019,74.0
Vocational Education and Training (VET) and short cycle higher educations,"]0,6-0,8]",Brønshøj-Husum,2020,112.0
Vocational Education and Training (VET) and short cycle higher educations,"]0,6-0,8]",Brønshøj-Husum,2021,91.0
Vocational Education and Training (VET) and short cycle higher educations,"]0,6-0,8]",Brønshøj-Husum,2022,44.0
Vocational Education and Training (VET) and short cycle higher educations,"]0,6-0,8]",Brønshøj-Husum,2023,47.0
Vocational Education and Training (VET) and short cycle higher educations,"]0,6-0,8]",Indre By,2008,39.0
Vocational Education and Training (VET) and short cycle higher educations,"]0,6-0,8]",Indre By,2009,71.0
Vocational Education and Training (VET) and short cycle higher educations,"]0,6-0,8]",Indre By,2010,79.0
Vocational Education and Training (VET) and short cycle higher educations,"]0,6-0,8]",Indre By,2011,69.0
Vocational Education and Training (VET) and short cycle higher educations,"]0,6-0,8]",Indre By,2012,81.0
Vocational Education and Training (VET) and short cycle higher educations,"]0,6-0,8]",Indre By,2013,69.0
Vocational Education and Training (VET) and short cycle higher educations,"]0,6-0,8]",Indre By,2014,66.0
Vocational Education and Training (VET) and short cycle higher educations,"]0,6-0,8]",Indre By,2015,67.0
Vocational Education and Training (VET) and short cycle higher educations,"]0,6-0,8]",Indre By,2016,48.0
Vocational Education and Training (VET) and short cycle higher educations,"]0,6-0,8]",Indre By,2017,52.0
Vocational Education and Training (VET) and short cycle higher educations,"]0,6-0,8]",Indre By,2018,43.0
Vocational Education and Training (VET) and short cycle higher educations,"]0,6-0,8]",Indre By,2019,44.0
Vocational Education and Training (VET) and short cycle higher educations,"]0,6-0,8]",Indre By,2020,57.0
Vocational Education and Training (VET) and short cycle higher educations,"]0,6-0,8]",Indre By,2021,55.0
Vocational Education and Training (VET) and short cycle higher educations,"]0,6-0,8]",Indre By,2022,42.0
Vocational Education and Training (VET) and short cycle higher educations,"]0,6-0,8]",Indre By,2023,41.0
Vocational Education and Training (VET) and short cycle higher educations,"]0,6-0,8]",Nørrebro,2008,112.0
Vocational Education and Training (VET) and short cycle higher educations,"]0,6-0,8]",Nørrebro,2009,199.0
Vocational Education and Training (VET) and short cycle higher educations,"]0,6-0,8]",Nørrebro,2010,204.0
Vocational Education and Training (VET) and short cycle higher educations,"]0,6-0,8]",Nørrebro,2011,210.0
Vocational Education and Training (VET) and short cycle higher educations,"]0,6-0,8]",Nørrebro,2012,211.0
Vocational Education and Training (VET) and short cycle higher educations,"]0,6-0,8]",Nørrebro,2013,230.0
Vocational Education and Training (VET) and short cycle higher educations,"]0,6-0,8]",Nørrebro,2014,214.0
Vocational Education and Training (VET) and short cycle higher educations,"]0,6-0,8]",Nørrebro,2015,146.0
Vocational Education and Training (VET) and short cycle higher educations,"]0,6-0,8]",Nørrebro,2016,121.0
Vocational Education and Training (VET) and short cycle higher educations,"]0,6-0,8]",Nørrebro,2017,135.0
Vocational Education and Training (VET) and short cycle higher educations,"]0,6-0,8]",Nørrebro,2018,110.0
Vocational Education and Training (VET) and short cycle higher educations,"]0,6-0,8]",Nørrebro,2019,88.0
Vocational Education and Training (VET) and short cycle higher educations,"]0,6-0,8]",Nørrebro,2020,141.0
Vocational Education and Training (VET) and short cycle higher educations,"]0,6-0,8]",Nørrebro,2021,124.0
Vocational Education and Training (VET) and short cycle higher educations,"]0,6-0,8]",Nørrebro,2022,88.0
Vocational Education and Training (VET) and short cycle higher educations,"]0,6-0,8]",Nørrebro,2023,82.0
Vocational Education and Training (VET) and short cycle higher educations,"]0,6-0,8]",Valby,2008,70.0
Vocational Education and Training (VET) and short cycle higher educations,"]0,6-0,8]",Valby,2009,146.0
Vocational Education and Training (VET) and short cycle higher educations,"]0,6-0,8]",Valby,2010,174.0
Vocational Education and Training (VET) and short cycle higher educations,"]0,6-0,8]",Valby,2011,195.0
Vocational Education and Training (VET) and short cycle higher educations,"]0,6-0,8]",Valby,2012,167.0
Vocational Education and Training (VET) and short cycle higher educations,"]0,6-0,8]",Valby,2013,165.0
Vocational Education and Training (VET) and short cycle higher educations,"]0,6-0,8]",Valby,2014,160.0
Vocational Education and Training (VET) and short cycle higher educations,"]0,6-0,8]",Valby,2015,138.0
Vocational Education and Training (VET) and short cycle higher educations,"]0,6-0,8]",Valby,2016,97.0
Vocational Education and Training (VET) and short cycle higher educations,"]0,6-0,8]",Valby,2017,86.0
Vocational Education and Training (VET) and short cycle higher educations,"]0,6-0,8]",Valby,2018,83.0
Vocational Education and Training (VET) and short cycle higher educations,"]0,6-0,8]",Valby,2019,111.0
Vocational Education and Training (VET) and short cycle higher educations,"]0,6-0,8]",Valby,2020,137.0
Vocational Education and Training (VET) and short cycle higher educations,"]0,6-0,8]",Valby,2021,131.0
Vocational Education and Training (VET) and short cycle higher educations,"]0,6-0,8]",Valby,2022,79.0
Vocational Education and Training (VET) and short cycle higher educations,"]0,6-0,8]",Valby,2023,82.0
Vocational Education and Training (VET) and short cycle higher educations,"]0,6-0,8]",Vanløse,2008,27.0
Vocational Education and Training (VET) and short cycle higher educations,"]0,6-0,8]",Vanløse,2009,106.0
Vocational Education and Training (VET) and short cycle higher educations,"]0,6-0,8]",Vanløse,2010,121.0
Vocational Education and Training (VET) and short cycle higher educations,"]0,6-0,8]",Vanløse,2011,120.0
Vocational Education and Training (VET) and short cycle higher educations,"]0,6-0,8]",Vanløse,2012,97.0
Vocational Education and Training (VET) and short cycle higher educations,"]0,6-0,8]",Vanløse,2013,112.0
Vocational Education and Training (VET) and short cycle higher educations,"]0,6-0,8]",Vanløse,2014,99.0
Vocational Education and Training (VET) and short cycle higher educations,"]0,6-0,8]",Vanløse,2015,82.0
Vocational Education and Training (VET) and short cycle higher educations,"]0,6-0,8]",Vanløse,2016,58.0
Vocational Education and Training (VET) and short cycle higher educations,"]0,6-0,8]",Vanløse,2017,79.0
Vocational Education and Training (VET) and short cycle higher educations,"]0,6-0,8]",Vanløse,2018,61.0
Vocational Education and Training (VET) and short cycle higher educations,"]0,6-0,8]",Vanløse,2019,60.0
Vocational Education and Training (VET) and short cycle higher educations,"]0,6-0,8]",Vanløse,2020,92.0
Vocational Education and Training (VET) and short cycle higher educations,"]0,6-0,8]",Vanløse,2021,81.0
Vocational Education and Training (VET) and short cycle higher educations,"]0,6-0,8]",Vanløse,2022,33.0
Vocational Education and Training (VET) and short cycle higher educations,"]0,6-0,8]",Vanløse,2023,44.0
Vocational Education and Training (VET) and short cycle higher educations,"]0,6-0,8]",Vesterbro/Kongens Enghave,2008,84.0
Vocational Education and Training (VET) and short cycle higher educations,"]0,6-0,8]",Vesterbro/Kongens Enghave,2009,165.0
Vocational Education and Training (VET) and short cycle higher educations,"]0,6-0,8]",Vesterbro/Kongens Enghave,2010,173.0
Vocational Education and Training (VET) and short cycle higher educations,"]0,6-0,8]",Vesterbro/Kongens Enghave,2011,205.0
Vocational Education and Training (VET) and short cycle higher educations,"]0,6-0,8]",Vesterbro/Kongens Enghave,2012,199.0
Vocational Education and Training (VET) and short cycle higher educations,"]0,6-0,8]",Vesterbro/Kongens Enghave,2013,202.0
Vocational Education and Training (VET) and short cycle higher educations,"]0,6-0,8]",Vesterbro/Kongens Enghave,2014,173.0
Vocational Education and Training (VET) and short cycle higher educations,"]0,6-0,8]",Vesterbro/Kongens Enghave,2015,148.0
Vocational Education and Training (VET) and short cycle higher educations,"]0,6-0,8]",Vesterbro/Kongens Enghave,2016,87.0
Vocational Education and Training (VET) and short cycle higher educations,"]0,6-0,8]",Vesterbro/Kongens Enghave,2017,104.0
Vocational Education and Training (VET) and short cycle higher educations,"]0,6-0,8]",Vesterbro/Kongens Enghave,2018,103.0
Vocational Education and Training (VET) and short cycle higher educations,"]0,6-0,8]",Vesterbro/Kongens Enghave,2019,80.0
Vocational Education and Training (VET) and short cycle higher educations,"]0,6-0,8]",Vesterbro/Kongens Enghave,2020,147.0
Vocational Education and Training (VET) and short cycle higher educations,"]0,6-0,8]",Vesterbro/Kongens Enghave,2021,115.0
Vocational Education and Training (VET) and short cycle higher educations,"]0,6-0,8]",Vesterbro/Kongens Enghave,2022,74.0
Vocational Education and Training (VET) and short cycle higher educations,"]0,6-0,8]",Vesterbro/Kongens Enghave,2023,56.0
Vocational Education and Training (VET) and short cycle higher educations,"]0,6-0,8]",Østerbro,2008,57.0
Vocational Education and Training (VET) and short cycle higher educations,"]0,6-0,8]",Østerbro,2009,131.0
Vocational Education and Training (VET) and short cycle higher educations,"]0,6-0,8]",Østerbro,2010,178.0
Vocational Education and Training (VET) and short cycle higher educations,"]0,6-0,8]",Østerbro,2011,170.0
Vocational Education and Training (VET) and short cycle higher educations,"]0,6-0,8]",Østerbro,2012,164.0
Vocational Education and Training (VET) and short cycle higher educations,"]0,6-0,8]",Østerbro,2013,147.0
Vocational Education and Training (VET) and short cycle higher educations,"]0,6-0,8]",Østerbro,2014,128.0
Vocational Education and Training (VET) and short cycle higher educations,"]0,6-0,8]",Østerbro,2015,107.0
Vocational Education and Training (VET) and short cycle higher educations,"]0,6-0,8]",Østerbro,2016,95.0
Vocational Education and Training (VET) and short cycle higher educations,"]0,6-0,8]",Østerbro,2017,92.0
Vocational Education and Training (VET) and short cycle higher educations,"]0,6-0,8]",Østerbro,2018,81.0
Vocational Education and Training (VET) and short cycle higher educations,"]0,6-0,8]",Østerbro,2019,82.0
Vocational Education and Training (VET) and short cycle higher educations,"]0,6-0,8]",Østerbro,2020,138.0
Vocational Education and Training (VET) and short cycle higher educations,"]0,6-0,8]",Østerbro,2021,108.0
Vocational Education and Training (VET) and short cycle higher educations,"]0,6-0,8]",Østerbro,2022,47.0
Vocational Education and Training (VET) and short cycle higher educations,"]0,6-0,8]",Østerbro,2023,60.0
Vocational Education and Training (VET) and short cycle higher educations,"]0,8-1]",Amager Vest,2008,98.0
Vocational Education and Training (VET) and short cycle higher educations,"]0,8-1]",Amager Vest,2009,175.0
Vocational Education and Training (VET) and short cycle higher educations,"]0,8-1]",Amager Vest,2010,290.0
Vocational Education and Training (VET) and short cycle higher educations,"]0,8-1]",Amager Vest,2011,236.0
Vocational Education and Training (VET) and short cycle higher educations,"]0,8-1]",Amager Vest,2012,253.0
Vocational Education and Training (VET) and short cycle higher educations,"]0,8-1]",Amager Vest,2013,254.0
Vocational Education and Training (VET) and short cycle higher educations,"]0,8-1]",Amager Vest,2014,209.0
Vocational Education and Training (VET) and short cycle higher educations,"]0,8-1]",Amager Vest,2015,147.0
Vocational Education and Training (VET) and short cycle higher educations,"]0,8-1]",Amager Vest,2016,115.0
Vocational Education and Training (VET) and short cycle higher educations,"]0,8-1]",Amager Vest,2017,115.0
Vocational Education and Training (VET) and short cycle higher educations,"]0,8-1]",Amager Vest,2018,90.0
Vocational Education and Training (VET) and short cycle higher educations,"]0,8-1]",Amager Vest,2019,83.0
Vocational Education and Training (VET) and short cycle higher educations,"]0,8-1]",Amager Vest,2020,175.0
Vocational Education and Training (VET) and short cycle higher educations,"]0,8-1]",Amager Vest,2021,166.0
Vocational Education and Training (VET) and short cycle higher educations,"]0,8-1]",Amager Vest,2022,88.0
Vocational Education and Training (VET) and short cycle higher educations,"]0,8-1]",Amager Vest,2023,62.0
Vocational Education and Training (VET) and short cycle higher educations,"]0,8-1]",Amager Øst,2008,88.0
Vocational Education and Training (VET) and short cycle higher educations,"]0,8-1]",Amager Øst,2009,182.0
Vocational Education and Training (VET) and short cycle higher educations,"]0,8-1]",Amager Øst,2010,261.0
Vocational Education and Training (VET) and short cycle higher educations,"]0,8-1]",Amager Øst,2011,239.0
Vocational Education and Training (VET) and short cycle higher educations,"]0,8-1]",Amager Øst,2012,258.0
Vocational Education and Training (VET) and short cycle higher educations,"]0,8-1]",Amager Øst,2013,211.0
Vocational Education and Training (VET) and short cycle higher educations,"]0,8-1]",Amager Øst,2014,191.0
Vocational Education and Training (VET) and short cycle higher educations,"]0,8-1]",Amager Øst,2015,129.0
Vocational Education and Training (VET) and short cycle higher educations,"]0,8-1]",Amager Øst,2016,85.0
Vocational Education and Training (VET) and short cycle higher educations,"]0,8-1]",Amager Øst,2017,99.0
Vocational Education and Training (VET) and short cycle higher educations,"]0,8-1]",Amager Øst,2018,93.0
Vocational Education and Training (VET) and short cycle higher educations,"]0,8-1]",Amager Øst,2019,87.0
Vocational Education and Training (VET) and short cycle higher educations,"]0,8-1]",Amager Øst,2020,141.0
Vocational Education and Training (VET) and short cycle higher educations,"]0,8-1]",Amager Øst,2021,121.0
Vocational Education and Training (VET) and short cycle higher educations,"]0,8-1]",Amager Øst,2022,53.0
Vocational Education and Training (VET) and short cycle higher educations,"]0,8-1]",Amager Øst,2023,56.0
Vocational Education and Training (VET) and short cycle higher educations,"]0,8-1]",Bispebjerg,2008,106.0
Vocational Education and Training (VET) and short cycle higher educations,"]0,8-1]",Bispebjerg,2009,211.0
Vocational Education and Training (VET) and short cycle higher educations,"]0,8-1]",Bispebjerg,2010,333.0
Vocational Education and Training (VET) and short cycle higher educations,"]0,8-1]",Bispebjerg,2011,327.0
Vocational Education and Training (VET) and short cycle higher educations,"]0,8-1]",Bispebjerg,2012,355.0
Vocational Education and Training (VET) and short cycle higher educations,"]0,8-1]",Bispebjerg,2013,293.0
Vocational Education and Training (VET) and short cycle higher educations,"]0,8-1]",Bispebjerg,2014,238.0
Vocational Education and Training (VET) and short cycle higher educations,"]0,8-1]",Bispebjerg,2015,200.0
Vocational Education and Training (VET) and short cycle higher educations,"]0,8-1]",Bispebjerg,2016,156.0
Vocational Education and Training (VET) and short cycle higher educations,"]0,8-1]",Bispebjerg,2017,138.0
Vocational Education and Training (VET) and short cycle higher educations,"]0,8-1]",Bispebjerg,2018,108.0
Vocational Education and Training (VET) and short cycle higher educations,"]0,8-1]",Bispebjerg,2019,117.0
Vocational Education and Training (VET) and short cycle higher educations,"]0,8-1]",Bispebjerg,2020,191.0
Vocational Education and Training (VET) and short cycle higher educations,"]0,8-1]",Bispebjerg,2021,135.0
Vocational Education and Training (VET) and short cycle higher educations,"]0,8-1]",Bispebjerg,2022,63.0
Vocational Education and Training (VET) and short cycle higher educations,"]0,8-1]",Bispebjerg,2023,62.0
Vocational Education and Training (VET) and short cycle higher educations,"]0,8-1]",Brønshøj-Husum,2008,76.0
Vocational Education and Training (VET) and short cycle higher educations,"]0,8-1]",Brønshøj-Husum,2009,132.0
Vocational Education and Training (VET) and short cycle higher educations,"]0,8-1]",Brønshøj-Husum,2010,250.0
Vocational Education and Training (VET) and short cycle higher educations,"]0,8-1]",Brønshøj-Husum,2011,248.0
Vocational Education and Training (VET) and short cycle higher educations,"]0,8-1]",Brønshøj-Husum,2012,248.0
Vocational Education and Training (VET) and short cycle higher educations,"]0,8-1]",Brønshøj-Husum,2013,220.0
Vocational Education and Training (VET) and short cycle higher educations,"]0,8-1]",Brønshøj-Husum,2014,214.0
Vocational Education and Training (VET) and short cycle higher educations,"]0,8-1]",Brønshøj-Husum,2015,168.0
Vocational Education and Training (VET) and short cycle higher educations,"]0,8-1]",Brønshøj-Husum,2016,147.0
Vocational Education and Training (VET) and short cycle higher educations,"]0,8-1]",Brønshøj-Husum,2017,117.0
Vocational Education and Training (VET) and short cycle higher educations,"]0,8-1]",Brønshøj-Husum,2018,81.0
Vocational Education and Training (VET) and short cycle higher educations,"]0,8-1]",Brønshøj-Husum,2019,65.0
Vocational Education and Training (VET) and short cycle higher educations,"]0,8-1]",Brønshøj-Husum,2020,108.0
Vocational Education and Training (VET) and short cycle higher educations,"]0,8-1]",Brønshøj-Husum,2021,118.0
Vocational Education and Training (VET) and short cycle higher educations,"]0,8-1]",Brønshøj-Husum,2022,42.0
Vocational Education and Training (VET) and short cycle higher educations,"]0,8-1]",Brønshøj-Husum,2023,42.0
Vocational Education and Training (VET) and short cycle higher educations,"]0,8-1]",Indre By,2008,45.0
Vocational Education and Training (VET) and short cycle higher educations,"]0,8-1]",Indre By,2009,82.0
Vocational Education and Training (VET) and short cycle higher educations,"]0,8-1]",Indre By,2010,120.0
Vocational Education and Training (VET) and short cycle higher educations,"]0,8-1]",Indre By,2011,100.0
Vocational Education and Training (VET) and short cycle higher educations,"]0,8-1]",Indre By,2012,123.0
Vocational Education and Training (VET) and short cycle higher educations,"]0,8-1]",Indre By,2013,107.0
Vocational Education and Training (VET) and short cycle higher educations,"]0,8-1]",Indre By,2014,77.0
Vocational Education and Training (VET) and short cycle higher educations,"]0,8-1]",Indre By,2015,57.0
Vocational Education and Training (VET) and short cycle higher educations,"]0,8-1]",Indre By,2016,57.0
Vocational Education and Training (VET) and short cycle higher educations,"]0,8-1]",Indre By,2017,63.0
Vocational Education and Training (VET) and short cycle higher educations,"]0,8-1]",Indre By,2018,54.0
Vocational Education and Training (VET) and short cycle higher educations,"]0,8-1]",Indre By,2019,38.0
Vocational Education and Training (VET) and short cycle higher educations,"]0,8-1]",Indre By,2020,67.0
Vocational Education and Training (VET) and short cycle higher educations,"]0,8-1]",Indre By,2021,49.0
Vocational Education and Training (VET) and short cycle higher educations,"]0,8-1]",Indre By,2022,26.0
Vocational Education and Training (VET) and short cycle higher educations,"]0,8-1]",Indre By,2023,30.0
Vocational Education and Training (VET) and short cycle higher educations,"]0,8-1]",Nørrebro,2008,146.0
Vocational Education and Training (VET) and short cycle higher educations,"]0,8-1]",Nørrebro,2009,240.0
Vocational Education and Training (VET) and short cycle higher educations,"]0,8-1]",Nørrebro,2010,376.0
Vocational Education and Training (VET) and short cycle higher educations,"]0,8-1]",Nørrebro,2011,375.0
Vocational Education and Training (VET) and short cycle higher educations,"]0,8-1]",Nørrebro,2012,355.0
Vocational Education and Training (VET) and short cycle higher educations,"]0,8-1]",Nørrebro,2013,357.0
Vocational Education and Training (VET) and short cycle higher educations,"]0,8-1]",Nørrebro,2014,304.0
Vocational Education and Training (VET) and short cycle higher educations,"]0,8-1]",Nørrebro,2015,209.0
Vocational Education and Training (VET) and short cycle higher educations,"]0,8-1]",Nørrebro,2016,160.0
Vocational Education and Training (VET) and short cycle higher educations,"]0,8-1]",Nørrebro,2017,153.0
Vocational Education and Training (VET) and short cycle higher educations,"]0,8-1]",Nørrebro,2018,116.0
Vocational Education and Training (VET) and short cycle higher educations,"]0,8-1]",Nørrebro,2019,115.0
Vocational Education and Training (VET) and short cycle higher educations,"]0,8-1]",Nørrebro,2020,172.0
Vocational Education and Training (VET) and short cycle higher educations,"]0,8-1]",Nørrebro,2021,146.0
Vocational Education and Training (VET) and short cycle higher educations,"]0,8-1]",Nørrebro,2022,60.0
Vocational Education and Training (VET) and short cycle higher educations,"]0,8-1]",Nørrebro,2023,61.0
Vocational Education and Training (VET) and short cycle higher educations,"]0,8-1]",Valby,2008,79.0
Vocational Education and Training (VET) and short cycle higher educations,"]0,8-1]",Valby,2009,161.0
Vocational Education and Training (VET) and short cycle higher educations,"]0,8-1]",Valby,2010,256.0
Vocational Education and Training (VET) and short cycle higher educations,"]0,8-1]",Valby,2011,244.0
Vocational Education and Training (VET) and short cycle higher educations,"]0,8-1]",Valby,2012,252.0
Vocational Education and Training (VET) and short cycle higher educations,"]0,8-1]",Valby,2013,245.0
Vocational Education and Training (VET) and short cycle higher educations,"]0,8-1]",Valby,2014,195.0
Vocational Education and Training (VET) and short cycle higher educations,"]0,8-1]",Valby,2015,138.0
Vocational Education and Training (VET) and short cycle higher educations,"]0,8-1]",Valby,2016,112.0
Vocational Education and Training (VET) and short cycle higher educations,"]0,8-1]",Valby,2017,94.0
Vocational Education and Training (VET) and short cycle higher educations,"]0,8-1]",Valby,2018,95.0
Vocational Education and Training (VET) and short cycle higher educations,"]0,8-1]",Valby,2019,95.0
Vocational Education and Training (VET) and short cycle higher educations,"]0,8-1]",Valby,2020,170.0
Vocational Education and Training (VET) and short cycle higher educations,"]0,8-1]",Valby,2021,117.0
Vocational Education and Training (VET) and short cycle higher educations,"]0,8-1]",Valby,2022,55.0
Vocational Education and Training (VET) and short cycle higher educations,"]0,8-1]",Valby,2023,56.0
Vocational Education and Training (VET) and short cycle higher educations,"]0,8-1]",Vanløse,2008,47.0
Vocational Education and Training (VET) and short cycle higher educations,"]0,8-1]",Vanløse,2009,87.0
Vocational Education and Training (VET) and short cycle higher educations,"]0,8-1]",Vanløse,2010,172.0
Vocational Education and Training (VET) and short cycle higher educations,"]0,8-1]",Vanløse,2011,150.0
Vocational Education and Training (VET) and short cycle higher educations,"]0,8-1]",Vanløse,2012,167.0
Vocational Education and Training (VET) and short cycle higher educations,"]0,8-1]",Vanløse,2013,147.0
Vocational Education and Training (VET) and short cycle higher educations,"]0,8-1]",Vanløse,2014,118.0
Vocational Education and Training (VET) and short cycle higher educations,"]0,8-1]",Vanløse,2015,98.0
Vocational Education and Training (VET) and short cycle higher educations,"]0,8-1]",Vanløse,2016,70.0
Vocational Education and Training (VET) and short cycle higher educations,"]0,8-1]",Vanløse,2017,49.0
Vocational Education and Training (VET) and short cycle higher educations,"]0,8-1]",Vanløse,2018,49.0
Vocational Education and Training (VET) and short cycle higher educations,"]0,8-1]",Vanløse,2019,50.0
Vocational Education and Training (VET) and short cycle higher educations,"]0,8-1]",Vanløse,2020,96.0
Vocational Education and Training (VET) and short cycle higher educations,"]0,8-1]",Vanløse,2021,68.0
Vocational Education and Training (VET) and short cycle higher educations,"]0,8-1]",Vanløse,2022,26.0
Vocational Education and Training (VET) and short cycle higher educations,"]0,8-1]",Vanløse,2023,21.0
Vocational Education and Training (VET) and short cycle higher educations,"]0,8-1]",Vesterbro/Kongens Enghave,2008,108.0
Vocational Education and Training (VET) and short cycle higher educations,"]0,8-1]",Vesterbro/Kongens Enghave,2009,198.0
Vocational Education and Training (VET) and short cycle higher educations,"]0,8-1]",Vesterbro/Kongens Enghave,2010,273.0
Vocational Education and Training (VET) and short cycle higher educations,"]0,8-1]",Vesterbro/Kongens Enghave,2011,251.0
Vocational Education and Training (VET) and short cycle higher educations,"]0,8-1]",Vesterbro/Kongens Enghave,2012,263.0
Vocational Education and Training (VET) and short cycle higher educations,"]0,8-1]",Vesterbro/Kongens Enghave,2013,239.0
Vocational Education and Training (VET) and short cycle higher educations,"]0,8-1]",Vesterbro/Kongens Enghave,2014,204.0
Vocational Education and Training (VET) and short cycle higher educations,"]0,8-1]",Vesterbro/Kongens Enghave,2015,123.0
Vocational Education and Training (VET) and short cycle higher educations,"]0,8-1]",Vesterbro/Kongens Enghave,2016,113.0
Vocational Education and Training (VET) and short cycle higher educations,"]0,8-1]",Vesterbro/Kongens Enghave,2017,106.0
Vocational Education and Training (VET) and short cycle higher educations,"]0,8-1]",Vesterbro/Kongens Enghave,2018,79.0
Vocational Education and Training (VET) and short cycle higher educations,"]0,8-1]",Vesterbro/Kongens Enghave,2019,83.0
Vocational Education and Training (VET) and short cycle higher educations,"]0,8-1]",Vesterbro/Kongens Enghave,2020,141.0
Vocational Education and Training (VET) and short cycle higher educations,"]0,8-1]",Vesterbro/Kongens Enghave,2021,137.0
Vocational Education and Training (VET) and short cycle higher educations,"]0,8-1]",Vesterbro/Kongens Enghave,2022,52.0
Vocational Education and Training (VET) and short cycle higher educations,"]0,8-1]",Vesterbro/Kongens Enghave,2023,66.0
Vocational Education and Training (VET) and short cycle higher educations,"]0,8-1]",Østerbro,2008,85.0
Vocational Education and Training (VET) and short cycle higher educations,"]0,8-1]",Østerbro,2009,150.0
Vocational Education and Training (VET) and short cycle higher educations,"]0,8-1]",Østerbro,2010,245.0
Vocational Education and Training (VET) and short cycle higher educations,"]0,8-1]",Østerbro,2011,233.0
Vocational Education and Training (VET) and short cycle higher educations,"]0,8-1]",Østerbro,2012,243.0
Vocational Education and Training (VET) and short cycle higher educations,"]0,8-1]",Østerbro,2013,231.0
Vocational Education and Training (VET) and short cycle higher educations,"]0,8-1]",Østerbro,2014,181.0
Vocational Education and Training (VET) and short cycle higher educations,"]0,8-1]",Østerbro,2015,136.0
Vocational Education and Training (VET) and short cycle higher educations,"]0,8-1]",Østerbro,2016,102.0
Vocational Education and Training (VET) and short cycle higher educations,"]0,8-1]",Østerbro,2017,92.0
Vocational Education and Training (VET) and short cycle higher educations,"]0,8-1]",Østerbro,2018,92.0
Vocational Education and Training (VET) and short cycle higher educations,"]0,8-1]",Østerbro,2019,89.0
Vocational Education and Training (VET) and short cycle higher educations,"]0,8-1]",Østerbro,2020,139.0
Vocational Education and Training (VET) and short cycle higher educations,"]0,8-1]",Østerbro,2021,107.0
Vocational Education and Training (VET) and short cycle higher educations,"]0,8-1]",Østerbro,2022,51.0
Vocational Education and Training (VET) and short cycle higher educations,"]0,8-1]",Østerbro,2023,47.0
Vocational bachelors educations and bachelors programs,"[0-0,2]",Amager Vest,2008,268.0
Vocational bachelors educations and bachelors programs,"[0-0,2]",Amager Vest,2009,263.0
Vocational bachelors educations and bachelors programs,"[0-0,2]",Amager Vest,2010,315.0
Vocational bachelors educations and bachelors programs,"[0-0,2]",Amager Vest,2011,369.0
Vocational bachelors educations and bachelors programs,"[0-0,2]",Amager Vest,2012,372.0
Vocational bachelors educations and bachelors programs,"[0-0,2]",Amager Vest,2013,401.0
Vocational bachelors educations and bachelors programs,"[0-0,2]",Amager Vest,2014,455.0
Vocational bachelors educations and bachelors programs,"[0-0,2]",Amager Vest,2015,604.0
Vocational bachelors educations and bachelors programs,"[0-0,2]",Amager Vest,2016,525.0
Vocational bachelors educations and bachelors programs,"[0-0,2]",Amager Vest,2017,497.0
Vocational bachelors educations and bachelors programs,"[0-0,2]",Amager Vest,2018,533.0
Vocational bachelors educations and bachelors programs,"[0-0,2]",Amager Vest,2019,502.0
Vocational bachelors educations and bachelors programs,"[0-0,2]",Amager Vest,2020,525.0
Vocational bachelors educations and bachelors programs,"[0-0,2]",Amager Vest,2021,562.0
Vocational bachelors educations and bachelors programs,"[0-0,2]",Amager Vest,2022,609.0
Vocational bachelors educations and bachelors programs,"[0-0,2]",Amager Vest,2023,543.0
Vocational bachelors educations and bachelors programs,"[0-0,2]",Amager Øst,2008,278.0
Vocational bachelors educations and bachelors programs,"[0-0,2]",Amager Øst,2009,314.0
Vocational bachelors educations and bachelors programs,"[0-0,2]",Amager Øst,2010,335.0
Vocational bachelors educations and bachelors programs,"[0-0,2]",Amager Øst,2011,342.0
Vocational bachelors educations and bachelors programs,"[0-0,2]",Amager Øst,2012,431.0
Vocational bachelors educations and bachelors programs,"[0-0,2]",Amager Øst,2013,410.0
Vocational bachelors educations and bachelors programs,"[0-0,2]",Amager Øst,2014,489.0
Vocational bachelors educations and bachelors programs,"[0-0,2]",Amager Øst,2015,588.0
Vocational bachelors educations and bachelors programs,"[0-0,2]",Amager Øst,2016,527.0
Vocational bachelors educations and bachelors programs,"[0-0,2]",Amager Øst,2017,503.0
Vocational bachelors educations and bachelors programs,"[0-0,2]",Amager Øst,2018,465.0
Vocational bachelors educations and bachelors programs,"[0-0,2]",Amager Øst,2019,494.0
Vocational bachelors educations and bachelors programs,"[0-0,2]",Amager Øst,2020,513.0
Vocational bachelors educations and bachelors programs,"[0-0,2]",Amager Øst,2021,474.0
Vocational bachelors educations and bachelors programs,"[0-0,2]",Amager Øst,2022,510.0
Vocational bachelors educations and bachelors programs,"[0-0,2]",Amager Øst,2023,480.0
Vocational bachelors educations and bachelors programs,"[0-0,2]",Bispebjerg,2008,256.0
Vocational bachelors educations and bachelors programs,"[0-0,2]",Bispebjerg,2009,284.0
Vocational bachelors educations and bachelors programs,"[0-0,2]",Bispebjerg,2010,305.0
Vocational bachelors educations and bachelors programs,"[0-0,2]",Bispebjerg,2011,377.0
Vocational bachelors educations and bachelors programs,"[0-0,2]",Bispebjerg,2012,380.0
Vocational bachelors educations and bachelors programs,"[0-0,2]",Bispebjerg,2013,450.0
Vocational bachelors educations and bachelors programs,"[0-0,2]",Bispebjerg,2014,487.0
Vocational bachelors educations and bachelors programs,"[0-0,2]",Bispebjerg,2015,623.0
Vocational bachelors educations and bachelors programs,"[0-0,2]",Bispebjerg,2016,678.0
Vocational bachelors educations and bachelors programs,"[0-0,2]",Bispebjerg,2017,645.0
Vocational bachelors educations and bachelors programs,"[0-0,2]",Bispebjerg,2018,578.0
Vocational bachelors educations and bachelors programs,"[0-0,2]",Bispebjerg,2019,620.0
Vocational bachelors educations and bachelors programs,"[0-0,2]",Bispebjerg,2020,595.0
Vocational bachelors educations and bachelors programs,"[0-0,2]",Bispebjerg,2021,570.0
Vocational bachelors educations and bachelors programs,"[0-0,2]",Bispebjerg,2022,548.0
Vocational bachelors educations and bachelors programs,"[0-0,2]",Bispebjerg,2023,557.0
Vocational bachelors educations and bachelors programs,"[0-0,2]",Brønshøj-Husum,2008,143.0
Vocational bachelors educations and bachelors programs,"[0-0,2]",Brønshøj-Husum,2009,140.0
Vocational bachelors educations and bachelors programs,"[0-0,2]",Brønshøj-Husum,2010,157.0
Vocational bachelors educations and bachelors programs,"[0-0,2]",Brønshøj-Husum,2011,160.0
Vocational bachelors educations and bachelors programs,"[0-0,2]",Brønshøj-Husum,2012,147.0
Vocational bachelors educations and bachelors programs,"[0-0,2]",Brønshøj-Husum,2013,179.0
Vocational bachelors educations and bachelors programs,"[0-0,2]",Brønshøj-Husum,2014,211.0
Vocational bachelors educations and bachelors programs,"[0-0,2]",Brønshøj-Husum,2015,290.0
Vocational bachelors educations and bachelors programs,"[0-0,2]",Brønshøj-Husum,2016,239.0
Vocational bachelors educations and bachelors programs,"[0-0,2]",Brønshøj-Husum,2017,255.0
Vocational bachelors educations and bachelors programs,"[0-0,2]",Brønshøj-Husum,2018,244.0
Vocational bachelors educations and bachelors programs,"[0-0,2]",Brønshøj-Husum,2019,232.0
Vocational bachelors educations and bachelors programs,"[0-0,2]",Brønshøj-Husum,2020,239.0
Vocational bachelors educations and bachelors programs,"[0-0,2]",Brønshøj-Husum,2021,244.0
Vocational bachelors educations and bachelors programs,"[0-0,2]",Brønshøj-Husum,2022,292.0
Vocational bachelors educations and bachelors programs,"[0-0,2]",Brønshøj-Husum,2023,243.0
Vocational bachelors educations and bachelors programs,"[0-0,2]",Indre By,2008,275.0
Vocational bachelors educations and bachelors programs,"[0-0,2]",Indre By,2009,248.0
Vocational bachelors educations and bachelors programs,"[0-0,2]",Indre By,2010,269.0
Vocational bachelors educations and bachelors programs,"[0-0,2]",Indre By,2011,337.0
Vocational bachelors educations and bachelors programs,"[0-0,2]",Indre By,2012,351.0
Vocational bachelors educations and bachelors programs,"[0-0,2]",Indre By,2013,341.0
Vocational bachelors educations and bachelors programs,"[0-0,2]",Indre By,2014,363.0
Vocational bachelors educations and bachelors programs,"[0-0,2]",Indre By,2015,479.0
Vocational bachelors educations and bachelors programs,"[0-0,2]",Indre By,2016,403.0
Vocational bachelors educations and bachelors programs,"[0-0,2]",Indre By,2017,377.0
Vocational bachelors educations and bachelors programs,"[0-0,2]",Indre By,2018,310.0
Vocational bachelors educations and bachelors programs,"[0-0,2]",Indre By,2019,371.0
Vocational bachelors educations and bachelors programs,"[0-0,2]",Indre By,2020,324.0
Vocational bachelors educations and bachelors programs,"[0-0,2]",Indre By,2021,301.0
Vocational bachelors educations and bachelors programs,"[0-0,2]",Indre By,2022,336.0
Vocational bachelors educations and bachelors programs,"[0-0,2]",Indre By,2023,367.0
Vocational bachelors educations and bachelors programs,"[0-0,2]",Nørrebro,2008,560.0
Vocational bachelors educations and bachelors programs,"[0-0,2]",Nørrebro,2009,575.0
Vocational bachelors educations and bachelors programs,"[0-0,2]",Nørrebro,2010,659.0
Vocational bachelors educations and bachelors programs,"[0-0,2]",Nørrebro,2011,758.0
Vocational bachelors educations and bachelors programs,"[0-0,2]",Nørrebro,2012,814.0
Vocational bachelors educations and bachelors programs,"[0-0,2]",Nørrebro,2013,843.0
Vocational bachelors educations and bachelors programs,"[0-0,2]",Nørrebro,2014,952.0
Vocational bachelors educations and bachelors programs,"[0-0,2]",Nørrebro,2015,1118.0
Vocational bachelors educations and bachelors programs,"[0-0,2]",Nørrebro,2016,1001.0
Vocational bachelors educations and bachelors programs,"[0-0,2]",Nørrebro,2017,1051.0
Vocational bachelors educations and bachelors programs,"[0-0,2]",Nørrebro,2018,921.0
Vocational bachelors educations and bachelors programs,"[0-0,2]",Nørrebro,2019,867.0
Vocational bachelors educations and bachelors programs,"[0-0,2]",Nørrebro,2020,830.0
Vocational bachelors educations and bachelors programs,"[0-0,2]",Nørrebro,2021,763.0
Vocational bachelors educations and bachelors programs,"[0-0,2]",Nørrebro,2022,884.0
Vocational bachelors educations and bachelors programs,"[0-0,2]",Nørrebro,2023,788.0
Vocational bachelors educations and bachelors programs,"[0-0,2]",Valby,2008,225.0
Vocational bachelors educations and bachelors programs,"[0-0,2]",Valby,2009,226.0
Vocational bachelors educations and bachelors programs,"[0-0,2]",Valby,2010,280.0
Vocational bachelors educations and bachelors programs,"[0-0,2]",Valby,2011,271.0
Vocational bachelors educations and bachelors programs,"[0-0,2]",Valby,2012,286.0
Vocational bachelors educations and bachelors programs,"[0-0,2]",Valby,2013,377.0
Vocational bachelors educations and bachelors programs,"[0-0,2]",Valby,2014,392.0
Vocational bachelors educations and bachelors programs,"[0-0,2]",Valby,2015,473.0
Vocational bachelors educations and bachelors programs,"[0-0,2]",Valby,2016,435.0
Vocational bachelors educations and bachelors programs,"[0-0,2]",Valby,2017,470.0
Vocational bachelors educations and bachelors programs,"[0-0,2]",Valby,2018,460.0
Vocational bachelors educations and bachelors programs,"[0-0,2]",Valby,2019,495.0
Vocational bachelors educations and bachelors programs,"[0-0,2]",Valby,2020,497.0
Vocational bachelors educations and bachelors programs,"[0-0,2]",Valby,2021,490.0
Vocational bachelors educations and bachelors programs,"[0-0,2]",Valby,2022,586.0
Vocational bachelors educations and bachelors programs,"[0-0,2]",Valby,2023,515.0
Vocational bachelors educations and bachelors programs,"[0-0,2]",Vanløse,2008,162.0
Vocational bachelors educations and bachelors programs,"[0-0,2]",Vanløse,2009,157.0
Vocational bachelors educations and bachelors programs,"[0-0,2]",Vanløse,2010,217.0
Vocational bachelors educations and bachelors programs,"[0-0,2]",Vanløse,2011,218.0
Vocational bachelors educations and bachelors programs,"[0-0,2]",Vanløse,2012,248.0
Vocational bachelors educations and bachelors programs,"[0-0,2]",Vanløse,2013,269.0
Vocational bachelors educations and bachelors programs,"[0-0,2]",Vanløse,2014,301.0
Vocational bachelors educations and bachelors programs,"[0-0,2]",Vanløse,2015,371.0
Vocational bachelors educations and bachelors programs,"[0-0,2]",Vanløse,2016,325.0
Vocational bachelors educations and bachelors programs,"[0-0,2]",Vanløse,2017,321.0
Vocational bachelors educations and bachelors programs,"[0-0,2]",Vanløse,2018,272.0
Vocational bachelors educations and bachelors programs,"[0-0,2]",Vanløse,2019,328.0
Vocational bachelors educations and bachelors programs,"[0-0,2]",Vanløse,2020,277.0
Vocational bachelors educations and bachelors programs,"[0-0,2]",Vanløse,2021,302.0
Vocational bachelors educations and bachelors programs,"[0-0,2]",Vanløse,2022,279.0
Vocational bachelors educations and bachelors programs,"[0-0,2]",Vanløse,2023,267.0
Vocational bachelors educations and bachelors programs,"[0-0,2]",Vesterbro/Kongens Enghave,2008,447.0
Vocational bachelors educations and bachelors programs,"[0-0,2]",Vesterbro/Kongens Enghave,2009,423.0
Vocational bachelors educations and bachelors programs,"[0-0,2]",Vesterbro/Kongens Enghave,2010,519.0
Vocational bachelors educations and bachelors programs,"[0-0,2]",Vesterbro/Kongens Enghave,2011,547.0
Vocational bachelors educations and bachelors programs,"[0-0,2]",Vesterbro/Kongens Enghave,2012,547.0
Vocational bachelors educations and bachelors programs,"[0-0,2]",Vesterbro/Kongens Enghave,2013,570.0
Vocational bachelors educations and bachelors programs,"[0-0,2]",Vesterbro/Kongens Enghave,2014,621.0
Vocational bachelors educations and bachelors programs,"[0-0,2]",Vesterbro/Kongens Enghave,2015,771.0
Vocational bachelors educations and bachelors programs,"[0-0,2]",Vesterbro/Kongens Enghave,2016,713.0
Vocational bachelors educations and bachelors programs,"[0-0,2]",Vesterbro/Kongens Enghave,2017,677.0
Vocational bachelors educations and bachelors programs,"[0-0,2]",Vesterbro/Kongens Enghave,2018,610.0
Vocational bachelors educations and bachelors programs,"[0-0,2]",Vesterbro/Kongens Enghave,2019,657.0
Vocational bachelors educations and bachelors programs,"[0-0,2]",Vesterbro/Kongens Enghave,2020,663.0
Vocational bachelors educations and bachelors programs,"[0-0,2]",Vesterbro/Kongens Enghave,2021,634.0
Vocational bachelors educations and bachelors programs,"[0-0,2]",Vesterbro/Kongens Enghave,2022,686.0
Vocational bachelors educations and bachelors programs,"[0-0,2]",Vesterbro/Kongens Enghave,2023,700.0
Vocational bachelors educations and bachelors programs,"[0-0,2]",Østerbro,2008,426.0
Vocational bachelors educations and bachelors programs,"[0-0,2]",Østerbro,2009,455.0
Vocational bachelors educations and bachelors programs,"[0-0,2]",Østerbro,2010,477.0
Vocational bachelors educations and bachelors programs,"[0-0,2]",Østerbro,2011,514.0
Vocational bachelors educations and bachelors programs,"[0-0,2]",Østerbro,2012,530.0
Vocational bachelors educations and bachelors programs,"[0-0,2]",Østerbro,2013,551.0
Vocational bachelors educations and bachelors programs,"[0-0,2]",Østerbro,2014,620.0
Vocational bachelors educations and bachelors programs,"[0-0,2]",Østerbro,2015,710.0
Vocational bachelors educations and bachelors programs,"[0-0,2]",Østerbro,2016,675.0
Vocational bachelors educations and bachelors programs,"[0-0,2]",Østerbro,2017,641.0
Vocational bachelors educations and bachelors programs,"[0-0,2]",Østerbro,2018,550.0
Vocational bachelors educations and bachelors programs,"[0-0,2]",Østerbro,2019,551.0
Vocational bachelors educations and bachelors programs,"[0-0,2]",Østerbro,2020,563.0
Vocational bachelors educations and bachelors programs,"[0-0,2]",Østerbro,2021,519.0
Vocational bachelors educations and bachelors programs,"[0-0,2]",Østerbro,2022,564.0
Vocational bachelors educations and bachelors programs,"[0-0,2]",Østerbro,2023,514.0
Vocational bachelors educations and bachelors programs,"]0,2-0,4]",Amager Vest,2008,111.0
Vocational bachelors educations and bachelors programs,"]0,2-0,4]",Amager Vest,2009,142.0
Vocational bachelors educations and bachelors programs,"]0,2-0,4]",Amager Vest,2010,159.0
Vocational bachelors educations and bachelors programs,"]0,2-0,4]",Amager Vest,2011,189.0
Vocational bachelors educations and bachelors programs,"]0,2-0,4]",Amager Vest,2012,202.0
Vocational bachelors educations and bachelors programs,"]0,2-0,4]",Amager Vest,2013,219.0
Vocational bachelors educations and bachelors programs,"]0,2-0,4]",Amager Vest,2014,233.0
Vocational bachelors educations and bachelors programs,"]0,2-0,4]",Amager Vest,2015,259.0
Vocational bachelors educations and bachelors programs,"]0,2-0,4]",Amager Vest,2016,261.0
Vocational bachelors educations and bachelors programs,"]0,2-0,4]",Amager Vest,2017,264.0
Vocational bachelors educations and bachelors programs,"]0,2-0,4]",Amager Vest,2018,280.0
Vocational bachelors educations and bachelors programs,"]0,2-0,4]",Amager Vest,2019,274.0
Vocational bachelors educations and bachelors programs,"]0,2-0,4]",Amager Vest,2020,357.0
Vocational bachelors educations and bachelors programs,"]0,2-0,4]",Amager Vest,2021,391.0
Vocational bachelors educations and bachelors programs,"]0,2-0,4]",Amager Vest,2022,338.0
Vocational bachelors educations and bachelors programs,"]0,2-0,4]",Amager Vest,2023,345.0
Vocational bachelors educations and bachelors programs,"]0,2-0,4]",Amager Øst,2008,95.0
Vocational bachelors educations and bachelors programs,"]0,2-0,4]",Amager Øst,2009,159.0
Vocational bachelors educations and bachelors programs,"]0,2-0,4]",Amager Øst,2010,164.0
Vocational bachelors educations and bachelors programs,"]0,2-0,4]",Amager Øst,2011,195.0
Vocational bachelors educations and bachelors programs,"]0,2-0,4]",Amager Øst,2012,182.0
Vocational bachelors educations and bachelors programs,"]0,2-0,4]",Amager Øst,2013,230.0
Vocational bachelors educations and bachelors programs,"]0,2-0,4]",Amager Øst,2014,228.0
Vocational bachelors educations and bachelors programs,"]0,2-0,4]",Amager Øst,2015,223.0
Vocational bachelors educations and bachelors programs,"]0,2-0,4]",Amager Øst,2016,268.0
Vocational bachelors educations and bachelors programs,"]0,2-0,4]",Amager Øst,2017,219.0
Vocational bachelors educations and bachelors programs,"]0,2-0,4]",Amager Øst,2018,301.0
Vocational bachelors educations and bachelors programs,"]0,2-0,4]",Amager Øst,2019,255.0
Vocational bachelors educations and bachelors programs,"]0,2-0,4]",Amager Øst,2020,266.0
Vocational bachelors educations and bachelors programs,"]0,2-0,4]",Amager Øst,2021,299.0
Vocational bachelors educations and bachelors programs,"]0,2-0,4]",Amager Øst,2022,282.0
Vocational bachelors educations and bachelors programs,"]0,2-0,4]",Amager Øst,2023,297.0
Vocational bachelors educations and bachelors programs,"]0,2-0,4]",Bispebjerg,2008,112.0
Vocational bachelors educations and bachelors programs,"]0,2-0,4]",Bispebjerg,2009,143.0
Vocational bachelors educations and bachelors programs,"]0,2-0,4]",Bispebjerg,2010,174.0
Vocational bachelors educations and bachelors programs,"]0,2-0,4]",Bispebjerg,2011,183.0
Vocational bachelors educations and bachelors programs,"]0,2-0,4]",Bispebjerg,2012,237.0
Vocational bachelors educations and bachelors programs,"]0,2-0,4]",Bispebjerg,2013,246.0
Vocational bachelors educations and bachelors programs,"]0,2-0,4]",Bispebjerg,2014,249.0
Vocational bachelors educations and bachelors programs,"]0,2-0,4]",Bispebjerg,2015,280.0
Vocational bachelors educations and bachelors programs,"]0,2-0,4]",Bispebjerg,2016,328.0
Vocational bachelors educations and bachelors programs,"]0,2-0,4]",Bispebjerg,2017,305.0
Vocational bachelors educations and bachelors programs,"]0,2-0,4]",Bispebjerg,2018,300.0
Vocational bachelors educations and bachelors programs,"]0,2-0,4]",Bispebjerg,2019,337.0
Vocational bachelors educations and bachelors programs,"]0,2-0,4]",Bispebjerg,2020,338.0
Vocational bachelors educations and bachelors programs,"]0,2-0,4]",Bispebjerg,2021,294.0
Vocational bachelors educations and bachelors programs,"]0,2-0,4]",Bispebjerg,2022,335.0
Vocational bachelors educations and bachelors programs,"]0,2-0,4]",Bispebjerg,2023,343.0
Vocational bachelors educations and bachelors programs,"]0,2-0,4]",Brønshøj-Husum,2008,72.0
Vocational bachelors educations and bachelors programs,"]0,2-0,4]",Brønshøj-Husum,2009,66.0
Vocational bachelors educations and bachelors programs,"]0,2-0,4]",Brønshøj-Husum,2010,77.0
Vocational bachelors educations and bachelors programs,"]0,2-0,4]",Brønshøj-Husum,2011,101.0
Vocational bachelors educations and bachelors programs,"]0,2-0,4]",Brønshøj-Husum,2012,111.0
Vocational bachelors educations and bachelors programs,"]0,2-0,4]",Brønshøj-Husum,2013,102.0
Vocational bachelors educations and bachelors programs,"]0,2-0,4]",Brønshøj-Husum,2014,121.0
Vocational bachelors educations and bachelors programs,"]0,2-0,4]",Brønshøj-Husum,2015,116.0
Vocational bachelors educations and bachelors programs,"]0,2-0,4]",Brønshøj-Husum,2016,127.0
Vocational bachelors educations and bachelors programs,"]0,2-0,4]",Brønshøj-Husum,2017,134.0
Vocational bachelors educations and bachelors programs,"]0,2-0,4]",Brønshøj-Husum,2018,154.0
Vocational bachelors educations and bachelors programs,"]0,2-0,4]",Brønshøj-Husum,2019,168.0
Vocational bachelors educations and bachelors programs,"]0,2-0,4]",Brønshøj-Husum,2020,169.0
Vocational bachelors educations and bachelors programs,"]0,2-0,4]",Brønshøj-Husum,2021,158.0
Vocational bachelors educations and bachelors programs,"]0,2-0,4]",Brønshøj-Husum,2022,147.0
Vocational bachelors educations and bachelors programs,"]0,2-0,4]",Brønshøj-Husum,2023,158.0
Vocational bachelors educations and bachelors programs,"]0,2-0,4]",Indre By,2008,127.0
Vocational bachelors educations and bachelors programs,"]0,2-0,4]",Indre By,2009,171.0
Vocational bachelors educations and bachelors programs,"]0,2-0,4]",Indre By,2010,169.0
Vocational bachelors educations and bachelors programs,"]0,2-0,4]",Indre By,2011,170.0
Vocational bachelors educations and bachelors programs,"]0,2-0,4]",Indre By,2012,180.0
Vocational bachelors educations and bachelors programs,"]0,2-0,4]",Indre By,2013,190.0
Vocational bachelors educations and bachelors programs,"]0,2-0,4]",Indre By,2014,187.0
Vocational bachelors educations and bachelors programs,"]0,2-0,4]",Indre By,2015,205.0
Vocational bachelors educations and bachelors programs,"]0,2-0,4]",Indre By,2016,183.0
Vocational bachelors educations and bachelors programs,"]0,2-0,4]",Indre By,2017,199.0
Vocational bachelors educations and bachelors programs,"]0,2-0,4]",Indre By,2018,221.0
Vocational bachelors educations and bachelors programs,"]0,2-0,4]",Indre By,2019,211.0
Vocational bachelors educations and bachelors programs,"]0,2-0,4]",Indre By,2020,232.0
Vocational bachelors educations and bachelors programs,"]0,2-0,4]",Indre By,2021,225.0
Vocational bachelors educations and bachelors programs,"]0,2-0,4]",Indre By,2022,225.0
Vocational bachelors educations and bachelors programs,"]0,2-0,4]",Indre By,2023,231.0
Vocational bachelors educations and bachelors programs,"]0,2-0,4]",Nørrebro,2008,209.0
Vocational bachelors educations and bachelors programs,"]0,2-0,4]",Nørrebro,2009,274.0
Vocational bachelors educations and bachelors programs,"]0,2-0,4]",Nørrebro,2010,354.0
Vocational bachelors educations and bachelors programs,"]0,2-0,4]",Nørrebro,2011,401.0
Vocational bachelors educations and bachelors programs,"]0,2-0,4]",Nørrebro,2012,422.0
Vocational bachelors educations and bachelors programs,"]0,2-0,4]",Nørrebro,2013,472.0
Vocational bachelors educations and bachelors programs,"]0,2-0,4]",Nørrebro,2014,456.0
Vocational bachelors educations and bachelors programs,"]0,2-0,4]",Nørrebro,2015,511.0
Vocational bachelors educations and bachelors programs,"]0,2-0,4]",Nørrebro,2016,515.0
Vocational bachelors educations and bachelors programs,"]0,2-0,4]",Nørrebro,2017,529.0
Vocational bachelors educations and bachelors programs,"]0,2-0,4]",Nørrebro,2018,485.0
Vocational bachelors educations and bachelors programs,"]0,2-0,4]",Nørrebro,2019,490.0
Vocational bachelors educations and bachelors programs,"]0,2-0,4]",Nørrebro,2020,552.0
Vocational bachelors educations and bachelors programs,"]0,2-0,4]",Nørrebro,2021,538.0
Vocational bachelors educations and bachelors programs,"]0,2-0,4]",Nørrebro,2022,495.0
Vocational bachelors educations and bachelors programs,"]0,2-0,4]",Nørrebro,2023,511.0
Vocational bachelors educations and bachelors programs,"]0,2-0,4]",Valby,2008,88.0
Vocational bachelors educations and bachelors programs,"]0,2-0,4]",Valby,2009,114.0
Vocational bachelors educations and bachelors programs,"]0,2-0,4]",Valby,2010,138.0
Vocational bachelors educations and bachelors programs,"]0,2-0,4]",Valby,2011,146.0
Vocational bachelors educations and bachelors programs,"]0,2-0,4]",Valby,2012,139.0
Vocational bachelors educations and bachelors programs,"]0,2-0,4]",Valby,2013,174.0
Vocational bachelors educations and bachelors programs,"]0,2-0,4]",Valby,2014,210.0
Vocational bachelors educations and bachelors programs,"]0,2-0,4]",Valby,2015,198.0
Vocational bachelors educations and bachelors programs,"]0,2-0,4]",Valby,2016,217.0
Vocational bachelors educations and bachelors programs,"]0,2-0,4]",Valby,2017,226.0
Vocational bachelors educations and bachelors programs,"]0,2-0,4]",Valby,2018,230.0
Vocational bachelors educations and bachelors programs,"]0,2-0,4]",Valby,2019,234.0
Vocational bachelors educations and bachelors programs,"]0,2-0,4]",Valby,2020,268.0
Vocational bachelors educations and bachelors programs,"]0,2-0,4]",Valby,2021,283.0
Vocational bachelors educations and bachelors programs,"]0,2-0,4]",Valby,2022,273.0
Vocational bachelors educations and bachelors programs,"]0,2-0,4]",Valby,2023,298.0
Vocational bachelors educations and bachelors programs,"]0,2-0,4]",Vanløse,2008,78.0
Vocational bachelors educations and bachelors programs,"]0,2-0,4]",Vanløse,2009,77.0
Vocational bachelors educations and bachelors programs,"]0,2-0,4]",Vanløse,2010,90.0
Vocational bachelors educations and bachelors programs,"]0,2-0,4]",Vanløse,2011,106.0
Vocational bachelors educations and bachelors programs,"]0,2-0,4]",Vanløse,2012,121.0
Vocational bachelors educations and bachelors programs,"]0,2-0,4]",Vanløse,2013,132.0
Vocational bachelors educations and bachelors programs,"]0,2-0,4]",Vanløse,2014,124.0
Vocational bachelors educations and bachelors programs,"]0,2-0,4]",Vanløse,2015,163.0
Vocational bachelors educations and bachelors programs,"]0,2-0,4]",Vanløse,2016,134.0
Vocational bachelors educations and bachelors programs,"]0,2-0,4]",Vanløse,2017,144.0
Vocational bachelors educations and bachelors programs,"]0,2-0,4]",Vanløse,2018,160.0
Vocational bachelors educations and bachelors programs,"]0,2-0,4]",Vanløse,2019,151.0
Vocational bachelors educations and bachelors programs,"]0,2-0,4]",Vanløse,2020,172.0
Vocational bachelors educations and bachelors programs,"]0,2-0,4]",Vanløse,2021,157.0
Vocational bachelors educations and bachelors programs,"]0,2-0,4]",Vanløse,2022,139.0
Vocational bachelors educations and bachelors programs,"]0,2-0,4]",Vanløse,2023,188.0
Vocational bachelors educations and bachelors programs,"]0,2-0,4]",Vesterbro/Kongens Enghave,2008,203.0
Vocational bachelors educations and bachelors programs,"]0,2-0,4]",Vesterbro/Kongens Enghave,2009,250.0
Vocational bachelors educations and bachelors programs,"]0,2-0,4]",Vesterbro/Kongens Enghave,2010,283.0
Vocational bachelors educations and bachelors programs,"]0,2-0,4]",Vesterbro/Kongens Enghave,2011,331.0
Vocational bachelors educations and bachelors programs,"]0,2-0,4]",Vesterbro/Kongens Enghave,2012,315.0
Vocational bachelors educations and bachelors programs,"]0,2-0,4]",Vesterbro/Kongens Enghave,2013,318.0
Vocational bachelors educations and bachelors programs,"]0,2-0,4]",Vesterbro/Kongens Enghave,2014,354.0
Vocational bachelors educations and bachelors programs,"]0,2-0,4]",Vesterbro/Kongens Enghave,2015,336.0
Vocational bachelors educations and bachelors programs,"]0,2-0,4]",Vesterbro/Kongens Enghave,2016,362.0
Vocational bachelors educations and bachelors programs,"]0,2-0,4]",Vesterbro/Kongens Enghave,2017,362.0
Vocational bachelors educations and bachelors programs,"]0,2-0,4]",Vesterbro/Kongens Enghave,2018,381.0
Vocational bachelors educations and bachelors programs,"]0,2-0,4]",Vesterbro/Kongens Enghave,2019,399.0
Vocational bachelors educations and bachelors programs,"]0,2-0,4]",Vesterbro/Kongens Enghave,2020,409.0
Vocational bachelors educations and bachelors programs,"]0,2-0,4]",Vesterbro/Kongens Enghave,2021,412.0
Vocational bachelors educations and bachelors programs,"]0,2-0,4]",Vesterbro/Kongens Enghave,2022,383.0
Vocational bachelors educations and bachelors programs,"]0,2-0,4]",Vesterbro/Kongens Enghave,2023,442.0
Vocational bachelors educations and bachelors programs,"]0,2-0,4]",Østerbro,2008,167.0
Vocational bachelors educations and bachelors programs,"]0,2-0,4]",Østerbro,2009,247.0
Vocational bachelors educations and bachelors programs,"]0,2-0,4]",Østerbro,2010,245.0
Vocational bachelors educations and bachelors programs,"]0,2-0,4]",Østerbro,2011,274.0
Vocational bachelors educations and bachelors programs,"]0,2-0,4]",Østerbro,2012,254.0
Vocational bachelors educations and bachelors programs,"]0,2-0,4]",Østerbro,2013,269.0
Vocational bachelors educations and bachelors programs,"]0,2-0,4]",Østerbro,2014,305.0
Vocational bachelors educations and bachelors programs,"]0,2-0,4]",Østerbro,2015,328.0
Vocational bachelors educations and bachelors programs,"]0,2-0,4]",Østerbro,2016,336.0
Vocational bachelors educations and bachelors programs,"]0,2-0,4]",Østerbro,2017,316.0
Vocational bachelors educations and bachelors programs,"]0,2-0,4]",Østerbro,2018,282.0
Vocational bachelors educations and bachelors programs,"]0,2-0,4]",Østerbro,2019,287.0
Vocational bachelors educations and bachelors programs,"]0,2-0,4]",Østerbro,2020,334.0
Vocational bachelors educations and bachelors programs,"]0,2-0,4]",Østerbro,2021,336.0
Vocational bachelors educations and bachelors programs,"]0,2-0,4]",Østerbro,2022,298.0
Vocational bachelors educations and bachelors programs,"]0,2-0,4]",Østerbro,2023,288.0
Vocational bachelors educations and bachelors programs,"]0,4-0,6]",Amager Vest,2008,51.0
Vocational bachelors educations and bachelors programs,"]0,4-0,6]",Amager Vest,2009,74.0
Vocational bachelors educations and bachelors programs,"]0,4-0,6]",Amager Vest,2010,112.0
Vocational bachelors educations and bachelors programs,"]0,4-0,6]",Amager Vest,2011,113.0
Vocational bachelors educations and bachelors programs,"]0,4-0,6]",Amager Vest,2012,150.0
Vocational bachelors educations and bachelors programs,"]0,4-0,6]",Amager Vest,2013,141.0
Vocational bachelors educations and bachelors programs,"]0,4-0,6]",Amager Vest,2014,135.0
Vocational bachelors educations and bachelors programs,"]0,4-0,6]",Amager Vest,2015,168.0
Vocational bachelors educations and bachelors programs,"]0,4-0,6]",Amager Vest,2016,145.0
Vocational bachelors educations and bachelors programs,"]0,4-0,6]",Amager Vest,2017,154.0
Vocational bachelors educations and bachelors programs,"]0,4-0,6]",Amager Vest,2018,186.0
Vocational bachelors educations and bachelors programs,"]0,4-0,6]",Amager Vest,2019,202.0
Vocational bachelors educations and bachelors programs,"]0,4-0,6]",Amager Vest,2020,271.0
Vocational bachelors educations and bachelors programs,"]0,4-0,6]",Amager Vest,2021,235.0
Vocational bachelors educations and bachelors programs,"]0,4-0,6]",Amager Vest,2022,193.0
Vocational bachelors educations and bachelors programs,"]0,4-0,6]",Amager Vest,2023,196.0
Vocational bachelors educations and bachelors programs,"]0,4-0,6]",Amager Øst,2008,51.0
Vocational bachelors educations and bachelors programs,"]0,4-0,6]",Amager Øst,2009,101.0
Vocational bachelors educations and bachelors programs,"]0,4-0,6]",Amager Øst,2010,112.0
Vocational bachelors educations and bachelors programs,"]0,4-0,6]",Amager Øst,2011,124.0
Vocational bachelors educations and bachelors programs,"]0,4-0,6]",Amager Øst,2012,149.0
Vocational bachelors educations and bachelors programs,"]0,4-0,6]",Amager Øst,2013,149.0
Vocational bachelors educations and bachelors programs,"]0,4-0,6]",Amager Øst,2014,191.0
Vocational bachelors educations and bachelors programs,"]0,4-0,6]",Amager Øst,2015,158.0
Vocational bachelors educations and bachelors programs,"]0,4-0,6]",Amager Øst,2016,140.0
Vocational bachelors educations and bachelors programs,"]0,4-0,6]",Amager Øst,2017,162.0
Vocational bachelors educations and bachelors programs,"]0,4-0,6]",Amager Øst,2018,156.0
Vocational bachelors educations and bachelors programs,"]0,4-0,6]",Amager Øst,2019,174.0
Vocational bachelors educations and bachelors programs,"]0,4-0,6]",Amager Øst,2020,233.0
Vocational bachelors educations and bachelors programs,"]0,4-0,6]",Amager Øst,2021,195.0
Vocational bachelors educations and bachelors programs,"]0,4-0,6]",Amager Øst,2022,154.0
Vocational bachelors educations and bachelors programs,"]0,4-0,6]",Amager Øst,2023,178.0
Vocational bachelors educations and bachelors programs,"]0,4-0,6]",Bispebjerg,2008,48.0
Vocational bachelors educations and bachelors programs,"]0,4-0,6]",Bispebjerg,2009,75.0
Vocational bachelors educations and bachelors programs,"]0,4-0,6]",Bispebjerg,2010,115.0
Vocational bachelors educations and bachelors programs,"]0,4-0,6]",Bispebjerg,2011,138.0
Vocational bachelors educations and bachelors programs,"]0,4-0,6]",Bispebjerg,2012,163.0
Vocational bachelors educations and bachelors programs,"]0,4-0,6]",Bispebjerg,2013,164.0
Vocational bachelors educations and bachelors programs,"]0,4-0,6]",Bispebjerg,2014,156.0
Vocational bachelors educations and bachelors programs,"]0,4-0,6]",Bispebjerg,2015,196.0
Vocational bachelors educations and bachelors programs,"]0,4-0,6]",Bispebjerg,2016,190.0
Vocational bachelors educations and bachelors programs,"]0,4-0,6]",Bispebjerg,2017,169.0
Vocational bachelors educations and bachelors programs,"]0,4-0,6]",Bispebjerg,2018,209.0
Vocational bachelors educations and bachelors programs,"]0,4-0,6]",Bispebjerg,2019,203.0
Vocational bachelors educations and bachelors programs,"]0,4-0,6]",Bispebjerg,2020,246.0
Vocational bachelors educations and bachelors programs,"]0,4-0,6]",Bispebjerg,2021,229.0
Vocational bachelors educations and bachelors programs,"]0,4-0,6]",Bispebjerg,2022,186.0
Vocational bachelors educations and bachelors programs,"]0,4-0,6]",Bispebjerg,2023,213.0
Vocational bachelors educations and bachelors programs,"]0,4-0,6]",Brønshøj-Husum,2008,25.0
Vocational bachelors educations and bachelors programs,"]0,4-0,6]",Brønshøj-Husum,2009,52.0
Vocational bachelors educations and bachelors programs,"]0,4-0,6]",Brønshøj-Husum,2010,66.0
Vocational bachelors educations and bachelors programs,"]0,4-0,6]",Brønshøj-Husum,2011,71.0
Vocational bachelors educations and bachelors programs,"]0,4-0,6]",Brønshøj-Husum,2012,74.0
Vocational bachelors educations and bachelors programs,"]0,4-0,6]",Brønshøj-Husum,2013,97.0
Vocational bachelors educations and bachelors programs,"]0,4-0,6]",Brønshøj-Husum,2014,72.0
Vocational bachelors educations and bachelors programs,"]0,4-0,6]",Brønshøj-Husum,2015,88.0
Vocational bachelors educations and bachelors programs,"]0,4-0,6]",Brønshøj-Husum,2016,83.0
Vocational bachelors educations and bachelors programs,"]0,4-0,6]",Brønshøj-Husum,2017,107.0
Vocational bachelors educations and bachelors programs,"]0,4-0,6]",Brønshøj-Husum,2018,91.0
Vocational bachelors educations and bachelors programs,"]0,4-0,6]",Brønshøj-Husum,2019,97.0
Vocational bachelors educations and bachelors programs,"]0,4-0,6]",Brønshøj-Husum,2020,121.0
Vocational bachelors educations and bachelors programs,"]0,4-0,6]",Brønshøj-Husum,2021,118.0
Vocational bachelors educations and bachelors programs,"]0,4-0,6]",Brønshøj-Husum,2022,92.0
Vocational bachelors educations and bachelors programs,"]0,4-0,6]",Brønshøj-Husum,2023,104.0
Vocational bachelors educations and bachelors programs,"]0,4-0,6]",Indre By,2008,91.0
Vocational bachelors educations and bachelors programs,"]0,4-0,6]",Indre By,2009,98.0
Vocational bachelors educations and bachelors programs,"]0,4-0,6]",Indre By,2010,104.0
Vocational bachelors educations and bachelors programs,"]0,4-0,6]",Indre By,2011,130.0
Vocational bachelors educations and bachelors programs,"]0,4-0,6]",Indre By,2012,126.0
Vocational bachelors educations and bachelors programs,"]0,4-0,6]",Indre By,2013,143.0
Vocational bachelors educations and bachelors programs,"]0,4-0,6]",Indre By,2014,153.0
Vocational bachelors educations and bachelors programs,"]0,4-0,6]",Indre By,2015,138.0
Vocational bachelors educations and bachelors programs,"]0,4-0,6]",Indre By,2016,129.0
Vocational bachelors educations and bachelors programs,"]0,4-0,6]",Indre By,2017,140.0
Vocational bachelors educations and bachelors programs,"]0,4-0,6]",Indre By,2018,142.0
Vocational bachelors educations and bachelors programs,"]0,4-0,6]",Indre By,2019,134.0
Vocational bachelors educations and bachelors programs,"]0,4-0,6]",Indre By,2020,168.0
Vocational bachelors educations and bachelors programs,"]0,4-0,6]",Indre By,2021,166.0
Vocational bachelors educations and bachelors programs,"]0,4-0,6]",Indre By,2022,125.0
Vocational bachelors educations and bachelors programs,"]0,4-0,6]",Indre By,2023,146.0
Vocational bachelors educations and bachelors programs,"]0,4-0,6]",Nørrebro,2008,116.0
Vocational bachelors educations and bachelors programs,"]0,4-0,6]",Nørrebro,2009,185.0
Vocational bachelors educations and bachelors programs,"]0,4-0,6]",Nørrebro,2010,235.0
Vocational bachelors educations and bachelors programs,"]0,4-0,6]",Nørrebro,2011,297.0
Vocational bachelors educations and bachelors programs,"]0,4-0,6]",Nørrebro,2012,309.0
Vocational bachelors educations and bachelors programs,"]0,4-0,6]",Nørrebro,2013,302.0
Vocational bachelors educations and bachelors programs,"]0,4-0,6]",Nørrebro,2014,366.0
Vocational bachelors educations and bachelors programs,"]0,4-0,6]",Nørrebro,2015,349.0
Vocational bachelors educations and bachelors programs,"]0,4-0,6]",Nørrebro,2016,324.0
Vocational bachelors educations and bachelors programs,"]0,4-0,6]",Nørrebro,2017,306.0
Vocational bachelors educations and bachelors programs,"]0,4-0,6]",Nørrebro,2018,314.0
Vocational bachelors educations and bachelors programs,"]0,4-0,6]",Nørrebro,2019,340.0
Vocational bachelors educations and bachelors programs,"]0,4-0,6]",Nørrebro,2020,385.0
Vocational bachelors educations and bachelors programs,"]0,4-0,6]",Nørrebro,2021,379.0
Vocational bachelors educations and bachelors programs,"]0,4-0,6]",Nørrebro,2022,275.0
Vocational bachelors educations and bachelors programs,"]0,4-0,6]",Nørrebro,2023,347.0
Vocational bachelors educations and bachelors programs,"]0,4-0,6]",Valby,2008,43.0
Vocational bachelors educations and bachelors programs,"]0,4-0,6]",Valby,2009,70.0
Vocational bachelors educations and bachelors programs,"]0,4-0,6]",Valby,2010,78.0
Vocational bachelors educations and bachelors programs,"]0,4-0,6]",Valby,2011,98.0
Vocational bachelors educations and bachelors programs,"]0,4-0,6]",Valby,2012,110.0
Vocational bachelors educations and bachelors programs,"]0,4-0,6]",Valby,2013,107.0
Vocational bachelors educations and bachelors programs,"]0,4-0,6]",Valby,2014,127.0
Vocational bachelors educations and bachelors programs,"]0,4-0,6]",Valby,2015,114.0
Vocational bachelors educations and bachelors programs,"]0,4-0,6]",Valby,2016,118.0
Vocational bachelors educations and bachelors programs,"]0,4-0,6]",Valby,2017,136.0
Vocational bachelors educations and bachelors programs,"]0,4-0,6]",Valby,2018,137.0
Vocational bachelors educations and bachelors programs,"]0,4-0,6]",Valby,2019,137.0
Vocational bachelors educations and bachelors programs,"]0,4-0,6]",Valby,2020,209.0
Vocational bachelors educations and bachelors programs,"]0,4-0,6]",Valby,2021,191.0
Vocational bachelors educations and bachelors programs,"]0,4-0,6]",Valby,2022,162.0
Vocational bachelors educations and bachelors programs,"]0,4-0,6]",Valby,2023,149.0
Vocational bachelors educations and bachelors programs,"]0,4-0,6]",Vanløse,2008,28.0
Vocational bachelors educations and bachelors programs,"]0,4-0,6]",Vanløse,2009,54.0
Vocational bachelors educations and bachelors programs,"]0,4-0,6]",Vanløse,2010,68.0
Vocational bachelors educations and bachelors programs,"]0,4-0,6]",Vanløse,2011,74.0
Vocational bachelors educations and bachelors programs,"]0,4-0,6]",Vanløse,2012,83.0
Vocational bachelors educations and bachelors programs,"]0,4-0,6]",Vanløse,2013,82.0
Vocational bachelors educations and bachelors programs,"]0,4-0,6]",Vanløse,2014,104.0
Vocational bachelors educations and bachelors programs,"]0,4-0,6]",Vanløse,2015,89.0
Vocational bachelors educations and bachelors programs,"]0,4-0,6]",Vanløse,2016,92.0
Vocational bachelors educations and bachelors programs,"]0,4-0,6]",Vanløse,2017,82.0
Vocational bachelors educations and bachelors programs,"]0,4-0,6]",Vanløse,2018,106.0
Vocational bachelors educations and bachelors programs,"]0,4-0,6]",Vanløse,2019,97.0
Vocational bachelors educations and bachelors programs,"]0,4-0,6]",Vanløse,2020,122.0
Vocational bachelors educations and bachelors programs,"]0,4-0,6]",Vanløse,2021,119.0
Vocational bachelors educations and bachelors programs,"]0,4-0,6]",Vanløse,2022,82.0
Vocational bachelors educations and bachelors programs,"]0,4-0,6]",Vanløse,2023,68.0
Vocational bachelors educations and bachelors programs,"]0,4-0,6]",Vesterbro/Kongens Enghave,2008,101.0
Vocational bachelors educations and bachelors programs,"]0,4-0,6]",Vesterbro/Kongens Enghave,2009,151.0
Vocational bachelors educations and bachelors programs,"]0,4-0,6]",Vesterbro/Kongens Enghave,2010,165.0
Vocational bachelors educations and bachelors programs,"]0,4-0,6]",Vesterbro/Kongens Enghave,2011,208.0
Vocational bachelors educations and bachelors programs,"]0,4-0,6]",Vesterbro/Kongens Enghave,2012,229.0
Vocational bachelors educations and bachelors programs,"]0,4-0,6]",Vesterbro/Kongens Enghave,2013,218.0
Vocational bachelors educations and bachelors programs,"]0,4-0,6]",Vesterbro/Kongens Enghave,2014,194.0
Vocational bachelors educations and bachelors programs,"]0,4-0,6]",Vesterbro/Kongens Enghave,2015,212.0
Vocational bachelors educations and bachelors programs,"]0,4-0,6]",Vesterbro/Kongens Enghave,2016,179.0
Vocational bachelors educations and bachelors programs,"]0,4-0,6]",Vesterbro/Kongens Enghave,2017,228.0
Vocational bachelors educations and bachelors programs,"]0,4-0,6]",Vesterbro/Kongens Enghave,2018,259.0
Vocational bachelors educations and bachelors programs,"]0,4-0,6]",Vesterbro/Kongens Enghave,2019,248.0
Vocational bachelors educations and bachelors programs,"]0,4-0,6]",Vesterbro/Kongens Enghave,2020,332.0
Vocational bachelors educations and bachelors programs,"]0,4-0,6]",Vesterbro/Kongens Enghave,2021,294.0
Vocational bachelors educations and bachelors programs,"]0,4-0,6]",Vesterbro/Kongens Enghave,2022,228.0
Vocational bachelors educations and bachelors programs,"]0,4-0,6]",Vesterbro/Kongens Enghave,2023,246.0
Vocational bachelors educations and bachelors programs,"]0,4-0,6]",Østerbro,2008,89.0
Vocational bachelors educations and bachelors programs,"]0,4-0,6]",Østerbro,2009,132.0
Vocational bachelors educations and bachelors programs,"]0,4-0,6]",Østerbro,2010,162.0
Vocational bachelors educations and bachelors programs,"]0,4-0,6]",Østerbro,2011,208.0
Vocational bachelors educations and bachelors programs,"]0,4-0,6]",Østerbro,2012,183.0
Vocational bachelors educations and bachelors programs,"]0,4-0,6]",Østerbro,2013,170.0
Vocational bachelors educations and bachelors programs,"]0,4-0,6]",Østerbro,2014,193.0
Vocational bachelors educations and bachelors programs,"]0,4-0,6]",Østerbro,2015,208.0
Vocational bachelors educations and bachelors programs,"]0,4-0,6]",Østerbro,2016,202.0
Vocational bachelors educations and bachelors programs,"]0,4-0,6]",Østerbro,2017,194.0
Vocational bachelors educations and bachelors programs,"]0,4-0,6]",Østerbro,2018,190.0
Vocational bachelors educations and bachelors programs,"]0,4-0,6]",Østerbro,2019,180.0
Vocational bachelors educations and bachelors programs,"]0,4-0,6]",Østerbro,2020,230.0
Vocational bachelors educations and bachelors programs,"]0,4-0,6]",Østerbro,2021,201.0
Vocational bachelors educations and bachelors programs,"]0,4-0,6]",Østerbro,2022,153.0
Vocational bachelors educations and bachelors programs,"]0,4-0,6]",Østerbro,2023,195.0
Vocational bachelors educations and bachelors programs,"]0,6-0,8]",Amager Vest,2008,39.0
Vocational bachelors educations and bachelors programs,"]0,6-0,8]",Amager Vest,2009,56.0
Vocational bachelors educations and bachelors programs,"]0,6-0,8]",Amager Vest,2010,71.0
Vocational bachelors educations and bachelors programs,"]0,6-0,8]",Amager Vest,2011,81.0
Vocational bachelors educations and bachelors programs,"]0,6-0,8]",Amager Vest,2012,77.0
Vocational bachelors educations and bachelors programs,"]0,6-0,8]",Amager Vest,2013,75.0
Vocational bachelors educations and bachelors programs,"]0,6-0,8]",Amager Vest,2014,101.0
Vocational bachelors educations and bachelors programs,"]0,6-0,8]",Amager Vest,2015,91.0
Vocational bachelors educations and bachelors programs,"]0,6-0,8]",Amager Vest,2016,81.0
Vocational bachelors educations and bachelors programs,"]0,6-0,8]",Amager Vest,2017,104.0
Vocational bachelors educations and bachelors programs,"]0,6-0,8]",Amager Vest,2018,88.0
Vocational bachelors educations and bachelors programs,"]0,6-0,8]",Amager Vest,2019,91.0
Vocational bachelors educations and bachelors programs,"]0,6-0,8]",Amager Vest,2020,169.0
Vocational bachelors educations and bachelors programs,"]0,6-0,8]",Amager Vest,2021,137.0
Vocational bachelors educations and bachelors programs,"]0,6-0,8]",Amager Vest,2022,100.0
Vocational bachelors educations and bachelors programs,"]0,6-0,8]",Amager Vest,2023,114.0
Vocational bachelors educations and bachelors programs,"]0,6-0,8]",Amager Øst,2008,24.0
Vocational bachelors educations and bachelors programs,"]0,6-0,8]",Amager Øst,2009,37.0
Vocational bachelors educations and bachelors programs,"]0,6-0,8]",Amager Øst,2010,68.0
Vocational bachelors educations and bachelors programs,"]0,6-0,8]",Amager Øst,2011,71.0
Vocational bachelors educations and bachelors programs,"]0,6-0,8]",Amager Øst,2012,67.0
Vocational bachelors educations and bachelors programs,"]0,6-0,8]",Amager Øst,2013,78.0
Vocational bachelors educations and bachelors programs,"]0,6-0,8]",Amager Øst,2014,89.0
Vocational bachelors educations and bachelors programs,"]0,6-0,8]",Amager Øst,2015,106.0
Vocational bachelors educations and bachelors programs,"]0,6-0,8]",Amager Øst,2016,82.0
Vocational bachelors educations and bachelors programs,"]0,6-0,8]",Amager Øst,2017,92.0
Vocational bachelors educations and bachelors programs,"]0,6-0,8]",Amager Øst,2018,78.0
Vocational bachelors educations and bachelors programs,"]0,6-0,8]",Amager Øst,2019,84.0
Vocational bachelors educations and bachelors programs,"]0,6-0,8]",Amager Øst,2020,148.0
Vocational bachelors educations and bachelors programs,"]0,6-0,8]",Amager Øst,2021,136.0
Vocational bachelors educations and bachelors programs,"]0,6-0,8]",Amager Øst,2022,77.0
Vocational bachelors educations and bachelors programs,"]0,6-0,8]",Amager Øst,2023,85.0
Vocational bachelors educations and bachelors programs,"]0,6-0,8]",Bispebjerg,2008,25.0
Vocational bachelors educations and bachelors programs,"]0,6-0,8]",Bispebjerg,2009,46.0
Vocational bachelors educations and bachelors programs,"]0,6-0,8]",Bispebjerg,2010,55.0
Vocational bachelors educations and bachelors programs,"]0,6-0,8]",Bispebjerg,2011,59.0
Vocational bachelors educations and bachelors programs,"]0,6-0,8]",Bispebjerg,2012,74.0
Vocational bachelors educations and bachelors programs,"]0,6-0,8]",Bispebjerg,2013,101.0
Vocational bachelors educations and bachelors programs,"]0,6-0,8]",Bispebjerg,2014,137.0
Vocational bachelors educations and bachelors programs,"]0,6-0,8]",Bispebjerg,2015,118.0
Vocational bachelors educations and bachelors programs,"]0,6-0,8]",Bispebjerg,2016,90.0
Vocational bachelors educations and bachelors programs,"]0,6-0,8]",Bispebjerg,2017,108.0
Vocational bachelors educations and bachelors programs,"]0,6-0,8]",Bispebjerg,2018,114.0
Vocational bachelors educations and bachelors programs,"]0,6-0,8]",Bispebjerg,2019,110.0
Vocational bachelors educations and bachelors programs,"]0,6-0,8]",Bispebjerg,2020,162.0
Vocational bachelors educations and bachelors programs,"]0,6-0,8]",Bispebjerg,2021,127.0
Vocational bachelors educations and bachelors programs,"]0,6-0,8]",Bispebjerg,2022,104.0
Vocational bachelors educations and bachelors programs,"]0,6-0,8]",Bispebjerg,2023,94.0
Vocational bachelors educations and bachelors programs,"]0,6-0,8]",Brønshøj-Husum,2008,16.0
Vocational bachelors educations and bachelors programs,"]0,6-0,8]",Brønshøj-Husum,2009,25.0
Vocational bachelors educations and bachelors programs,"]0,6-0,8]",Brønshøj-Husum,2010,38.0
Vocational bachelors educations and bachelors programs,"]0,6-0,8]",Brønshøj-Husum,2011,45.0
Vocational bachelors educations and bachelors programs,"]0,6-0,8]",Brønshøj-Husum,2012,54.0
Vocational bachelors educations and bachelors programs,"]0,6-0,8]",Brønshøj-Husum,2013,60.0
Vocational bachelors educations and bachelors programs,"]0,6-0,8]",Brønshøj-Husum,2014,54.0
Vocational bachelors educations and bachelors programs,"]0,6-0,8]",Brønshøj-Husum,2015,61.0
Vocational bachelors educations and bachelors programs,"]0,6-0,8]",Brønshøj-Husum,2016,65.0
Vocational bachelors educations and bachelors programs,"]0,6-0,8]",Brønshøj-Husum,2017,51.0
Vocational bachelors educations and bachelors programs,"]0,6-0,8]",Brønshøj-Husum,2018,49.0
Vocational bachelors educations and bachelors programs,"]0,6-0,8]",Brønshøj-Husum,2019,61.0
Vocational bachelors educations and bachelors programs,"]0,6-0,8]",Brønshøj-Husum,2020,75.0
Vocational bachelors educations and bachelors programs,"]0,6-0,8]",Brønshøj-Husum,2021,87.0
Vocational bachelors educations and bachelors programs,"]0,6-0,8]",Brønshøj-Husum,2022,40.0
Vocational bachelors educations and bachelors programs,"]0,6-0,8]",Brønshøj-Husum,2023,40.0
Vocational bachelors educations and bachelors programs,"]0,6-0,8]",Indre By,2008,36.0
Vocational bachelors educations and bachelors programs,"]0,6-0,8]",Indre By,2009,58.0
Vocational bachelors educations and bachelors programs,"]0,6-0,8]",Indre By,2010,85.0
Vocational bachelors educations and bachelors programs,"]0,6-0,8]",Indre By,2011,87.0
Vocational bachelors educations and bachelors programs,"]0,6-0,8]",Indre By,2012,71.0
Vocational bachelors educations and bachelors programs,"]0,6-0,8]",Indre By,2013,81.0
Vocational bachelors educations and bachelors programs,"]0,6-0,8]",Indre By,2014,90.0
Vocational bachelors educations and bachelors programs,"]0,6-0,8]",Indre By,2015,77.0
Vocational bachelors educations and bachelors programs,"]0,6-0,8]",Indre By,2016,63.0
Vocational bachelors educations and bachelors programs,"]0,6-0,8]",Indre By,2017,67.0
Vocational bachelors educations and bachelors programs,"]0,6-0,8]",Indre By,2018,71.0
Vocational bachelors educations and bachelors programs,"]0,6-0,8]",Indre By,2019,79.0
Vocational bachelors educations and bachelors programs,"]0,6-0,8]",Indre By,2020,114.0
Vocational bachelors educations and bachelors programs,"]0,6-0,8]",Indre By,2021,85.0
Vocational bachelors educations and bachelors programs,"]0,6-0,8]",Indre By,2022,53.0
Vocational bachelors educations and bachelors programs,"]0,6-0,8]",Indre By,2023,62.0
Vocational bachelors educations and bachelors programs,"]0,6-0,8]",Nørrebro,2008,63.0
Vocational bachelors educations and bachelors programs,"]0,6-0,8]",Nørrebro,2009,101.0
Vocational bachelors educations and bachelors programs,"]0,6-0,8]",Nørrebro,2010,132.0
Vocational bachelors educations and bachelors programs,"]0,6-0,8]",Nørrebro,2011,164.0
Vocational bachelors educations and bachelors programs,"]0,6-0,8]",Nørrebro,2012,169.0
Vocational bachelors educations and bachelors programs,"]0,6-0,8]",Nørrebro,2013,175.0
Vocational bachelors educations and bachelors programs,"]0,6-0,8]",Nørrebro,2014,182.0
Vocational bachelors educations and bachelors programs,"]0,6-0,8]",Nørrebro,2015,166.0
Vocational bachelors educations and bachelors programs,"]0,6-0,8]",Nørrebro,2016,162.0
Vocational bachelors educations and bachelors programs,"]0,6-0,8]",Nørrebro,2017,152.0
Vocational bachelors educations and bachelors programs,"]0,6-0,8]",Nørrebro,2018,168.0
Vocational bachelors educations and bachelors programs,"]0,6-0,8]",Nørrebro,2019,162.0
Vocational bachelors educations and bachelors programs,"]0,6-0,8]",Nørrebro,2020,268.0
Vocational bachelors educations and bachelors programs,"]0,6-0,8]",Nørrebro,2021,201.0
Vocational bachelors educations and bachelors programs,"]0,6-0,8]",Nørrebro,2022,144.0
Vocational bachelors educations and bachelors programs,"]0,6-0,8]",Nørrebro,2023,170.0
Vocational bachelors educations and bachelors programs,"]0,6-0,8]",Valby,2008,30.0
Vocational bachelors educations and bachelors programs,"]0,6-0,8]",Valby,2009,26.0
Vocational bachelors educations and bachelors programs,"]0,6-0,8]",Valby,2010,49.0
Vocational bachelors educations and bachelors programs,"]0,6-0,8]",Valby,2011,70.0
Vocational bachelors educations and bachelors programs,"]0,6-0,8]",Valby,2012,72.0
Vocational bachelors educations and bachelors programs,"]0,6-0,8]",Valby,2013,68.0
Vocational bachelors educations and bachelors programs,"]0,6-0,8]",Valby,2014,70.0
Vocational bachelors educations and bachelors programs,"]0,6-0,8]",Valby,2015,74.0
Vocational bachelors educations and bachelors programs,"]0,6-0,8]",Valby,2016,59.0
Vocational bachelors educations and bachelors programs,"]0,6-0,8]",Valby,2017,93.0
Vocational bachelors educations and bachelors programs,"]0,6-0,8]",Valby,2018,63.0
Vocational bachelors educations and bachelors programs,"]0,6-0,8]",Valby,2019,79.0
Vocational bachelors educations and bachelors programs,"]0,6-0,8]",Valby,2020,102.0
Vocational bachelors educations and bachelors programs,"]0,6-0,8]",Valby,2021,110.0
Vocational bachelors educations and bachelors programs,"]0,6-0,8]",Valby,2022,67.0
Vocational bachelors educations and bachelors programs,"]0,6-0,8]",Valby,2023,79.0
Vocational bachelors educations and bachelors programs,"]0,6-0,8]",Vanløse,2008,15.0
Vocational bachelors educations and bachelors programs,"]0,6-0,8]",Vanløse,2009,34.0
Vocational bachelors educations and bachelors programs,"]0,6-0,8]",Vanløse,2010,41.0
Vocational bachelors educations and bachelors programs,"]0,6-0,8]",Vanløse,2011,37.0
Vocational bachelors educations and bachelors programs,"]0,6-0,8]",Vanløse,2012,56.0
Vocational bachelors educations and bachelors programs,"]0,6-0,8]",Vanløse,2013,49.0
Vocational bachelors educations and bachelors programs,"]0,6-0,8]",Vanløse,2014,50.0
Vocational bachelors educations and bachelors programs,"]0,6-0,8]",Vanløse,2015,57.0
Vocational bachelors educations and bachelors programs,"]0,6-0,8]",Vanløse,2016,55.0
Vocational bachelors educations and bachelors programs,"]0,6-0,8]",Vanløse,2017,55.0
Vocational bachelors educations and bachelors programs,"]0,6-0,8]",Vanløse,2018,55.0
Vocational bachelors educations and bachelors programs,"]0,6-0,8]",Vanløse,2019,44.0
Vocational bachelors educations and bachelors programs,"]0,6-0,8]",Vanløse,2020,82.0
Vocational bachelors educations and bachelors programs,"]0,6-0,8]",Vanløse,2021,69.0
Vocational bachelors educations and bachelors programs,"]0,6-0,8]",Vanløse,2022,36.0
Vocational bachelors educations and bachelors programs,"]0,6-0,8]",Vanløse,2023,36.0
Vocational bachelors educations and bachelors programs,"]0,6-0,8]",Vesterbro/Kongens Enghave,2008,60.0
Vocational bachelors educations and bachelors programs,"]0,6-0,8]",Vesterbro/Kongens Enghave,2009,71.0
Vocational bachelors educations and bachelors programs,"]0,6-0,8]",Vesterbro/Kongens Enghave,2010,98.0
Vocational bachelors educations and bachelors programs,"]0,6-0,8]",Vesterbro/Kongens Enghave,2011,113.0
Vocational bachelors educations and bachelors programs,"]0,6-0,8]",Vesterbro/Kongens Enghave,2012,145.0
Vocational bachelors educations and bachelors programs,"]0,6-0,8]",Vesterbro/Kongens Enghave,2013,133.0
Vocational bachelors educations and bachelors programs,"]0,6-0,8]",Vesterbro/Kongens Enghave,2014,141.0
Vocational bachelors educations and bachelors programs,"]0,6-0,8]",Vesterbro/Kongens Enghave,2015,122.0
Vocational bachelors educations and bachelors programs,"]0,6-0,8]",Vesterbro/Kongens Enghave,2016,94.0
Vocational bachelors educations and bachelors programs,"]0,6-0,8]",Vesterbro/Kongens Enghave,2017,120.0
Vocational bachelors educations and bachelors programs,"]0,6-0,8]",Vesterbro/Kongens Enghave,2018,97.0
Vocational bachelors educations and bachelors programs,"]0,6-0,8]",Vesterbro/Kongens Enghave,2019,110.0
Vocational bachelors educations and bachelors programs,"]0,6-0,8]",Vesterbro/Kongens Enghave,2020,191.0
Vocational bachelors educations and bachelors programs,"]0,6-0,8]",Vesterbro/Kongens Enghave,2021,174.0
Vocational bachelors educations and bachelors programs,"]0,6-0,8]",Vesterbro/Kongens Enghave,2022,118.0
Vocational bachelors educations and bachelors programs,"]0,6-0,8]",Vesterbro/Kongens Enghave,2023,103.0
Vocational bachelors educations and bachelors programs,"]0,6-0,8]",Østerbro,2008,42.0
Vocational bachelors educations and bachelors programs,"]0,6-0,8]",Østerbro,2009,72.0
Vocational bachelors educations and bachelors programs,"]0,6-0,8]",Østerbro,2010,105.0
Vocational bachelors educations and bachelors programs,"]0,6-0,8]",Østerbro,2011,106.0
Vocational bachelors educations and bachelors programs,"]0,6-0,8]",Østerbro,2012,124.0
Vocational bachelors educations and bachelors programs,"]0,6-0,8]",Østerbro,2013,126.0
Vocational bachelors educations and bachelors programs,"]0,6-0,8]",Østerbro,2014,109.0
Vocational bachelors educations and bachelors programs,"]0,6-0,8]",Østerbro,2015,95.0
Vocational bachelors educations and bachelors programs,"]0,6-0,8]",Østerbro,2016,81.0
Vocational bachelors educations and bachelors programs,"]0,6-0,8]",Østerbro,2017,81.0
Vocational bachelors educations and bachelors programs,"]0,6-0,8]",Østerbro,2018,89.0
Vocational bachelors educations and bachelors programs,"]0,6-0,8]",Østerbro,2019,86.0
Vocational bachelors educations and bachelors programs,"]0,6-0,8]",Østerbro,2020,145.0
Vocational bachelors educations and bachelors programs,"]0,6-0,8]",Østerbro,2021,138.0
Vocational bachelors educations and bachelors programs,"]0,6-0,8]",Østerbro,2022,77.0
Vocational bachelors educations and bachelors programs,"]0,6-0,8]",Østerbro,2023,94.0
Vocational bachelors educations and bachelors programs,"]0,8-1]",Amager Vest,2008,32.0
Vocational bachelors educations and bachelors programs,"]0,8-1]",Amager Vest,2009,52.0
Vocational bachelors educations and bachelors programs,"]0,8-1]",Amager Vest,2010,82.0
Vocational bachelors educations and bachelors programs,"]0,8-1]",Amager Vest,2011,93.0
Vocational bachelors educations and bachelors programs,"]0,8-1]",Amager Vest,2012,129.0
Vocational bachelors educations and bachelors programs,"]0,8-1]",Amager Vest,2013,115.0
Vocational bachelors educations and bachelors programs,"]0,8-1]",Amager Vest,2014,100.0
Vocational bachelors educations and bachelors programs,"]0,8-1]",Amager Vest,2015,89.0
Vocational bachelors educations and bachelors programs,"]0,8-1]",Amager Vest,2016,77.0
Vocational bachelors educations and bachelors programs,"]0,8-1]",Amager Vest,2017,96.0
Vocational bachelors educations and bachelors programs,"]0,8-1]",Amager Vest,2018,81.0
Vocational bachelors educations and bachelors programs,"]0,8-1]",Amager Vest,2019,105.0
Vocational bachelors educations and bachelors programs,"]0,8-1]",Amager Vest,2020,153.0
Vocational bachelors educations and bachelors programs,"]0,8-1]",Amager Vest,2021,132.0
Vocational bachelors educations and bachelors programs,"]0,8-1]",Amager Vest,2022,68.0
Vocational bachelors educations and bachelors programs,"]0,8-1]",Amager Vest,2023,77.0
Vocational bachelors educations and bachelors programs,"]0,8-1]",Amager Øst,2008,30.0
Vocational bachelors educations and bachelors programs,"]0,8-1]",Amager Øst,2009,40.0
Vocational bachelors educations and bachelors programs,"]0,8-1]",Amager Øst,2010,80.0
Vocational bachelors educations and bachelors programs,"]0,8-1]",Amager Øst,2011,85.0
Vocational bachelors educations and bachelors programs,"]0,8-1]",Amager Øst,2012,115.0
Vocational bachelors educations and bachelors programs,"]0,8-1]",Amager Øst,2013,111.0
Vocational bachelors educations and bachelors programs,"]0,8-1]",Amager Øst,2014,105.0
Vocational bachelors educations and bachelors programs,"]0,8-1]",Amager Øst,2015,84.0
Vocational bachelors educations and bachelors programs,"]0,8-1]",Amager Øst,2016,82.0
Vocational bachelors educations and bachelors programs,"]0,8-1]",Amager Øst,2017,90.0
Vocational bachelors educations and bachelors programs,"]0,8-1]",Amager Øst,2018,59.0
Vocational bachelors educations and bachelors programs,"]0,8-1]",Amager Øst,2019,57.0
Vocational bachelors educations and bachelors programs,"]0,8-1]",Amager Øst,2020,126.0
Vocational bachelors educations and bachelors programs,"]0,8-1]",Amager Øst,2021,96.0
Vocational bachelors educations and bachelors programs,"]0,8-1]",Amager Øst,2022,47.0
Vocational bachelors educations and bachelors programs,"]0,8-1]",Amager Øst,2023,86.0
Vocational bachelors educations and bachelors programs,"]0,8-1]",Bispebjerg,2008,34.0
Vocational bachelors educations and bachelors programs,"]0,8-1]",Bispebjerg,2009,52.0
Vocational bachelors educations and bachelors programs,"]0,8-1]",Bispebjerg,2010,90.0
Vocational bachelors educations and bachelors programs,"]0,8-1]",Bispebjerg,2011,110.0
Vocational bachelors educations and bachelors programs,"]0,8-1]",Bispebjerg,2012,127.0
Vocational bachelors educations and bachelors programs,"]0,8-1]",Bispebjerg,2013,127.0
Vocational bachelors educations and bachelors programs,"]0,8-1]",Bispebjerg,2014,111.0
Vocational bachelors educations and bachelors programs,"]0,8-1]",Bispebjerg,2015,97.0
Vocational bachelors educations and bachelors programs,"]0,8-1]",Bispebjerg,2016,101.0
Vocational bachelors educations and bachelors programs,"]0,8-1]",Bispebjerg,2017,99.0
Vocational bachelors educations and bachelors programs,"]0,8-1]",Bispebjerg,2018,95.0
Vocational bachelors educations and bachelors programs,"]0,8-1]",Bispebjerg,2019,97.0
Vocational bachelors educations and bachelors programs,"]0,8-1]",Bispebjerg,2020,148.0
Vocational bachelors educations and bachelors programs,"]0,8-1]",Bispebjerg,2021,139.0
Vocational bachelors educations and bachelors programs,"]0,8-1]",Bispebjerg,2022,71.0
Vocational bachelors educations and bachelors programs,"]0,8-1]",Bispebjerg,2023,94.0
Vocational bachelors educations and bachelors programs,"]0,8-1]",Brønshøj-Husum,2008,15.0
Vocational bachelors educations and bachelors programs,"]0,8-1]",Brønshøj-Husum,2009,37.0
Vocational bachelors educations and bachelors programs,"]0,8-1]",Brønshøj-Husum,2010,54.0
Vocational bachelors educations and bachelors programs,"]0,8-1]",Brønshøj-Husum,2011,60.0
Vocational bachelors educations and bachelors programs,"]0,8-1]",Brønshøj-Husum,2012,67.0
Vocational bachelors educations and bachelors programs,"]0,8-1]",Brønshøj-Husum,2013,77.0
Vocational bachelors educations and bachelors programs,"]0,8-1]",Brønshøj-Husum,2014,75.0
Vocational bachelors educations and bachelors programs,"]0,8-1]",Brønshøj-Husum,2015,72.0
Vocational bachelors educations and bachelors programs,"]0,8-1]",Brønshøj-Husum,2016,56.0
Vocational bachelors educations and bachelors programs,"]0,8-1]",Brønshøj-Husum,2017,63.0
Vocational bachelors educations and bachelors programs,"]0,8-1]",Brønshøj-Husum,2018,45.0
Vocational bachelors educations and bachelors programs,"]0,8-1]",Brønshøj-Husum,2019,59.0
Vocational bachelors educations and bachelors programs,"]0,8-1]",Brønshøj-Husum,2020,111.0
Vocational bachelors educations and bachelors programs,"]0,8-1]",Brønshøj-Husum,2021,76.0
Vocational bachelors educations and bachelors programs,"]0,8-1]",Brønshøj-Husum,2022,41.0
Vocational bachelors educations and bachelors programs,"]0,8-1]",Brønshøj-Husum,2023,52.0
Vocational bachelors educations and bachelors programs,"]0,8-1]",Indre By,2008,39.0
Vocational bachelors educations and bachelors programs,"]0,8-1]",Indre By,2009,56.0
Vocational bachelors educations and bachelors programs,"]0,8-1]",Indre By,2010,89.0
Vocational bachelors educations and bachelors programs,"]0,8-1]",Indre By,2011,116.0
Vocational bachelors educations and bachelors programs,"]0,8-1]",Indre By,2012,119.0
Vocational bachelors educations and bachelors programs,"]0,8-1]",Indre By,2013,87.0
Vocational bachelors educations and bachelors programs,"]0,8-1]",Indre By,2014,91.0
Vocational bachelors educations and bachelors programs,"]0,8-1]",Indre By,2015,72.0
Vocational bachelors educations and bachelors programs,"]0,8-1]",Indre By,2016,67.0
Vocational bachelors educations and bachelors programs,"]0,8-1]",Indre By,2017,55.0
Vocational bachelors educations and bachelors programs,"]0,8-1]",Indre By,2018,64.0
Vocational bachelors educations and bachelors programs,"]0,8-1]",Indre By,2019,51.0
Vocational bachelors educations and bachelors programs,"]0,8-1]",Indre By,2020,106.0
Vocational bachelors educations and bachelors programs,"]0,8-1]",Indre By,2021,70.0
Vocational bachelors educations and bachelors programs,"]0,8-1]",Indre By,2022,35.0
Vocational bachelors educations and bachelors programs,"]0,8-1]",Indre By,2023,47.0
Vocational bachelors educations and bachelors programs,"]0,8-1]",Nørrebro,2008,60.0
Vocational bachelors educations and bachelors programs,"]0,8-1]",Nørrebro,2009,119.0
Vocational bachelors educations and bachelors programs,"]0,8-1]",Nørrebro,2010,162.0
Vocational bachelors educations and bachelors programs,"]0,8-1]",Nørrebro,2011,189.0
Vocational bachelors educations and bachelors programs,"]0,8-1]",Nørrebro,2012,208.0
Vocational bachelors educations and bachelors programs,"]0,8-1]",Nørrebro,2013,214.0
Vocational bachelors educations and bachelors programs,"]0,8-1]",Nørrebro,2014,195.0
Vocational bachelors educations and bachelors programs,"]0,8-1]",Nørrebro,2015,155.0
Vocational bachelors educations and bachelors programs,"]0,8-1]",Nørrebro,2016,142.0
Vocational bachelors educations and bachelors programs,"]0,8-1]",Nørrebro,2017,138.0
Vocational bachelors educations and bachelors programs,"]0,8-1]",Nørrebro,2018,144.0
Vocational bachelors educations and bachelors programs,"]0,8-1]",Nørrebro,2019,136.0
Vocational bachelors educations and bachelors programs,"]0,8-1]",Nørrebro,2020,245.0
Vocational bachelors educations and bachelors programs,"]0,8-1]",Nørrebro,2021,149.0
Vocational bachelors educations and bachelors programs,"]0,8-1]",Nørrebro,2022,81.0
Vocational bachelors educations and bachelors programs,"]0,8-1]",Nørrebro,2023,102.0
Vocational bachelors educations and bachelors programs,"]0,8-1]",Valby,2008,24.0
Vocational bachelors educations and bachelors programs,"]0,8-1]",Valby,2009,47.0
Vocational bachelors educations and bachelors programs,"]0,8-1]",Valby,2010,62.0
Vocational bachelors educations and bachelors programs,"]0,8-1]",Valby,2011,78.0
Vocational bachelors educations and bachelors programs,"]0,8-1]",Valby,2012,90.0
Vocational bachelors educations and bachelors programs,"]0,8-1]",Valby,2013,100.0
Vocational bachelors educations and bachelors programs,"]0,8-1]",Valby,2014,83.0
Vocational bachelors educations and bachelors programs,"]0,8-1]",Valby,2015,72.0
Vocational bachelors educations and bachelors programs,"]0,8-1]",Valby,2016,59.0
Vocational bachelors educations and bachelors programs,"]0,8-1]",Valby,2017,54.0
Vocational bachelors educations and bachelors programs,"]0,8-1]",Valby,2018,59.0
Vocational bachelors educations and bachelors programs,"]0,8-1]",Valby,2019,69.0
Vocational bachelors educations and bachelors programs,"]0,8-1]",Valby,2020,128.0
Vocational bachelors educations and bachelors programs,"]0,8-1]",Valby,2021,93.0
Vocational bachelors educations and bachelors programs,"]0,8-1]",Valby,2022,47.0
Vocational bachelors educations and bachelors programs,"]0,8-1]",Valby,2023,59.0
Vocational bachelors educations and bachelors programs,"]0,8-1]",Vanløse,2008,12.0
Vocational bachelors educations and bachelors programs,"]0,8-1]",Vanløse,2009,30.0
Vocational bachelors educations and bachelors programs,"]0,8-1]",Vanløse,2010,46.0
Vocational bachelors educations and bachelors programs,"]0,8-1]",Vanløse,2011,76.0
Vocational bachelors educations and bachelors programs,"]0,8-1]",Vanløse,2012,75.0
Vocational bachelors educations and bachelors programs,"]0,8-1]",Vanløse,2013,88.0
Vocational bachelors educations and bachelors programs,"]0,8-1]",Vanløse,2014,65.0
Vocational bachelors educations and bachelors programs,"]0,8-1]",Vanløse,2015,57.0
Vocational bachelors educations and bachelors programs,"]0,8-1]",Vanløse,2016,40.0
Vocational bachelors educations and bachelors programs,"]0,8-1]",Vanløse,2017,47.0
Vocational bachelors educations and bachelors programs,"]0,8-1]",Vanløse,2018,54.0
Vocational bachelors educations and bachelors programs,"]0,8-1]",Vanløse,2019,62.0
Vocational bachelors educations and bachelors programs,"]0,8-1]",Vanløse,2020,96.0
Vocational bachelors educations and bachelors programs,"]0,8-1]",Vanløse,2021,64.0
Vocational bachelors educations and bachelors programs,"]0,8-1]",Vanløse,2022,38.0
Vocational bachelors educations and bachelors programs,"]0,8-1]",Vanløse,2023,33.0
Vocational bachelors educations and bachelors programs,"]0,8-1]",Vesterbro/Kongens Enghave,2008,44.0
Vocational bachelors educations and bachelors programs,"]0,8-1]",Vesterbro/Kongens Enghave,2009,80.0
Vocational bachelors educations and bachelors programs,"]0,8-1]",Vesterbro/Kongens Enghave,2010,122.0
Vocational bachelors educations and bachelors programs,"]0,8-1]",Vesterbro/Kongens Enghave,2011,150.0
Vocational bachelors educations and bachelors programs,"]0,8-1]",Vesterbro/Kongens Enghave,2012,164.0
Vocational bachelors educations and bachelors programs,"]0,8-1]",Vesterbro/Kongens Enghave,2013,152.0
Vocational bachelors educations and bachelors programs,"]0,8-1]",Vesterbro/Kongens Enghave,2014,140.0
Vocational bachelors educations and bachelors programs,"]0,8-1]",Vesterbro/Kongens Enghave,2015,107.0
Vocational bachelors educations and bachelors programs,"]0,8-1]",Vesterbro/Kongens Enghave,2016,83.0
Vocational bachelors educations and bachelors programs,"]0,8-1]",Vesterbro/Kongens Enghave,2017,85.0
Vocational bachelors educations and bachelors programs,"]0,8-1]",Vesterbro/Kongens Enghave,2018,104.0
Vocational bachelors educations and bachelors programs,"]0,8-1]",Vesterbro/Kongens Enghave,2019,90.0
Vocational bachelors educations and bachelors programs,"]0,8-1]",Vesterbro/Kongens Enghave,2020,176.0
Vocational bachelors educations and bachelors programs,"]0,8-1]",Vesterbro/Kongens Enghave,2021,136.0
Vocational bachelors educations and bachelors programs,"]0,8-1]",Vesterbro/Kongens Enghave,2022,77.0
Vocational bachelors educations and bachelors programs,"]0,8-1]",Vesterbro/Kongens Enghave,2023,100.0
Vocational bachelors educations and bachelors programs,"]0,8-1]",Østerbro,2008,43.0
Vocational bachelors educations and bachelors programs,"]0,8-1]",Østerbro,2009,75.0
Vocational bachelors educations and bachelors programs,"]0,8-1]",Østerbro,2010,110.0
Vocational bachelors educations and bachelors programs,"]0,8-1]",Østerbro,2011,132.0
Vocational bachelors educations and bachelors programs,"]0,8-1]",Østerbro,2012,163.0
Vocational bachelors educations and bachelors programs,"]0,8-1]",Østerbro,2013,160.0
Vocational bachelors educations and bachelors programs,"]0,8-1]",Østerbro,2014,141.0
Vocational bachelors educations and bachelors programs,"]0,8-1]",Østerbro,2015,97.0
Vocational bachelors educations and bachelors programs,"]0,8-1]",Østerbro,2016,77.0
Vocational bachelors educations and bachelors programs,"]0,8-1]",Østerbro,2017,82.0
Vocational bachelors educations and bachelors programs,"]0,8-1]",Østerbro,2018,83.0
Vocational bachelors educations and bachelors programs,"]0,8-1]",Østerbro,2019,79.0
Vocational bachelors educations and bachelors programs,"]0,8-1]",Østerbro,2020,133.0
Vocational bachelors educations and bachelors programs,"]0,8-1]",Østerbro,2021,106.0
Vocational bachelors educations and bachelors programs,"]0,8-1]",Østerbro,2022,62.0
Vocational bachelors educations and bachelors programs,"]0,8-1]",Østerbro,2023,70.0
