district,year,median_log_sqm_price,mean_log_sqm_price,std_log_sqm_price,n_transactions,median_sqm,median_purchase_price,pct_change_median,sem_log_sqm_price,pop_descendants_of_non_western_origin_0_10_years_men,pop_descendants_of_non_western_origin_0_10_years_women,pop_descendants_of_non_western_origin_10_19_years_men,pop_descendants_of_non_western_origin_10_19_years_women,pop_descendants_of_non_western_origin_20_29_years_men,pop_descendants_of_non_western_origin_20_29_years_women,pop_descendants_of_non_western_origin_30_39_years_men,pop_descendants_of_non_western_origin_30_39_years_women,pop_descendants_of_non_western_origin_40_49_years_men,pop_descendants_of_non_western_origin_40_49_years_women,pop_descendants_of_non_western_origin_50_59_years_men,pop_descendants_of_non_western_origin_50_59_years_women,pop_descendants_of_non_western_origin_60+_years_men,pop_descendants_of_non_western_origin_60+_years_women,pop_descendats_of_western_origin_0_10_years_men,pop_descendats_of_western_origin_0_10_years_women,pop_descendats_of_western_origin_10_19_years_men,pop_descendats_of_western_origin_10_19_years_women,pop_descendats_of_western_origin_20_29_years_men,pop_descendats_of_western_origin_20_29_years_women,pop_descendats_of_western_origin_30_39_years_men,pop_descendats_of_western_origin_30_39_years_women,pop_descendats_of_western_origin_40_49_years_men,pop_descendats_of_western_origin_40_49_years_women,pop_descendats_of_western_origin_50_59_years_men,pop_descendats_of_western_origin_50_59_years_women,pop_descendats_of_western_origin_60+_years_men,pop_descendats_of_western_origin_60+_years_women,pop_immigrants_of_non_western_origin_0_10_years_men,pop_immigrants_of_non_western_origin_0_10_years_women,pop_immigrants_of_non_western_origin_10_19_years_men,pop_immigrants_of_non_western_origin_10_19_years_women,pop_immigrants_of_non_western_origin_20_29_years_men,pop_immigrants_of_non_western_origin_20_29_years_women,pop_immigrants_of_non_western_origin_30_39_years_men,pop_immigrants_of_non_western_origin_30_39_years_women,pop_immigrants_of_non_western_origin_40_49_years_men,pop_immigrants_of_non_western_origin_40_49_years_women,pop_immigrants_of_non_western_origin_50_59_years_men,pop_immigrants_of_non_western_origin_50_59_years_women,pop_immigrants_of_non_western_origin_60+_years_men,pop_immigrants_of_non_western_origin_60+_years_women,pop_immigrants_of_western_origin_0_10_years_men,pop_immigrants_of_western_origin_0_10_years_women,pop_immigrants_of_western_origin_10_19_years_men,pop_immigrants_of_western_origin_10_19_years_women,pop_immigrants_of_western_origin_20_29_years_men,pop_immigrants_of_western_origin_20_29_years_women,pop_immigrants_of_western_origin_30_39_years_men,pop_immigrants_of_western_origin_30_39_years_women,pop_immigrants_of_western_origin_40_49_years_men,pop_immigrants_of_western_origin_40_49_years_women,pop_immigrants_of_western_origin_50_59_years_men,pop_immigrants_of_western_origin_50_59_years_women,pop_immigrants_of_western_origin_60+_years_men,pop_immigrants_of_western_origin_60+_years_women,pop_persons_of_danish_origin_0_10_years_men,pop_persons_of_danish_origin_0_10_years_women,pop_persons_of_danish_origin_10_19_years_men,pop_persons_of_danish_origin_10_19_years_women,pop_persons_of_danish_origin_20_29_years_men,pop_persons_of_danish_origin_20_29_years_women,pop_persons_of_danish_origin_30_39_years_men,pop_persons_of_danish_origin_30_39_years_women,pop_persons_of_danish_origin_40_49_years_men,pop_persons_of_danish_origin_40_49_years_women,pop_persons_of_danish_origin_50_59_years_men,pop_persons_of_danish_origin_50_59_years_women,pop_persons_of_danish_origin_60+_years_men,pop_persons_of_danish_origin_60+_years_women,unemp_highest_education_completed_total_[0_02],unemp_highest_education_completed_total_]02_04],unemp_highest_education_completed_total_]04_06],unemp_highest_education_completed_total_]06_08],unemp_highest_education_completed_total_]08_1],unemp_masters_and_phd_programs_[0_02],unemp_masters_and_phd_programs_]02_04],unemp_masters_and_phd_programs_]04_06],unemp_masters_and_phd_programs_]06_08],unemp_masters_and_phd_programs_]08_1],unemp_primary_education_and_not_stated_[0_02],unemp_primary_education_and_not_stated_]02_04],unemp_primary_education_and_not_stated_]04_06],unemp_primary_education_and_not_stated_]06_08],unemp_primary_education_and_not_stated_]08_1],unemp_upper_secondary_education_and_qualifying_educational_programs_[0_02],unemp_upper_secondary_education_and_qualifying_educational_programs_]02_04],unemp_upper_secondary_education_and_qualifying_educational_programs_]04_06],unemp_upper_secondary_education_and_qualifying_educational_programs_]06_08],unemp_upper_secondary_education_and_qualifying_educational_programs_]08_1],unemp_vocational_education_and_training_vet_and_short_cycle_higher_educations_[0_02],unemp_vocational_education_and_training_vet_and_short_cycle_higher_educations_]02_04],unemp_vocational_education_and_training_vet_and_short_cycle_higher_educations_]04_06],unemp_vocational_education_and_training_vet_and_short_cycle_higher_educations_]06_08],unemp_vocational_education_and_training_vet_and_short_cycle_higher_educations_]08_1],unemp_vocational_bachelors_educations_and_bachelors_programs_[0_02],unemp_vocational_bachelors_educations_and_bachelors_programs_]02_04],unemp_vocational_bachelors_educations_and_bachelors_programs_]04_06],unemp_vocational_bachelors_educations_and_bachelors_programs_]06_08],unemp_vocational_bachelors_educations_and_bachelors_programs_]08_1],income_disposable_income_men_amount_of_income_dkk_1000,income_disposable_income_men_average_income_for_people_with_the_type_of_income_dkk,income_disposable_income_men_people_with_the_type_of_income_number,income_disposable_income_women_amount_of_income_dkk_1000,income_disposable_income_women_average_income_for_people_with_the_type_of_income_dkk,income_disposable_income_women_people_with_the_type_of_income_number,income_entrepreneurial_income_men_amount_of_income_dkk_1000,income_entrepreneurial_income_men_average_income_for_people_with_the_type_of_income_dkk,income_entrepreneurial_income_men_people_with_the_type_of_income_number,income_entrepreneurial_income_women_amount_of_income_dkk_1000,income_entrepreneurial_income_women_average_income_for_people_with_the_type_of_income_dkk,income_entrepreneurial_income_women_people_with_the_type_of_income_number,income_equivalised_disposable_income_men_amount_of_income_dkk_1000,income_equivalised_disposable_income_men_average_income_for_people_with_the_type_of_income_dkk,income_equivalised_disposable_income_men_people_with_the_type_of_income_number,income_equivalised_disposable_income_women_amount_of_income_dkk_1000,income_equivalised_disposable_income_women_average_income_for_people_with_the_type_of_income_dkk,income_equivalised_disposable_income_women_people_with_the_type_of_income_number,income_personal_income_in_total_ex_imputed_rent_and_before_deductions_of_interest_expenses_men_amount_of_income_dkk_1000,income_personal_income_in_total_ex_imputed_rent_and_before_deductions_of_interest_expenses_men_average_income_for_people_with_the_type_of_income_dkk,income_personal_income_in_total_ex_imputed_rent_and_before_deductions_of_interest_expenses_men_people_with_the_type_of_income_number,income_personal_income_in_total_ex_imputed_rent_and_before_deductions_of_interest_expenses_women_amount_of_income_dkk_1000,income_personal_income_in_total_ex_imputed_rent_and_before_deductions_of_interest_expenses_women_average_income_for_people_with_the_type_of_income_dkk,income_personal_income_in_total_ex_imputed_rent_and_before_deductions_of_interest_expenses_women_people_with_the_type_of_income_number,income_taxable_income_men_amount_of_income_dkk_1000,income_taxable_income_men_average_income_for_people_with_the_type_of_income_dkk,income_taxable_income_men_people_with_the_type_of_income_number,income_taxable_income_women_amount_of_income_dkk_1000,income_taxable_income_women_average_income_for_people_with_the_type_of_income_dkk,income_taxable_income_women_people_with_the_type_of_income_number,housing_1_person_0_children_couples_living_in_consensual_union_and_cohabiting_couples,housing_1_person_0_children_married_couples_and_registered_partnership,housing_1_person_0_children_single_men,housing_1_person_0_children_single_women,housing_1_person_1_child_couples_living_in_consensual_union_and_cohabiting_couples,housing_1_person_1_child_married_couples_and_registered_partnership,housing_1_person_1_child_single_men,housing_1_person_1_child_single_women,housing_1_person_2_children_couples_living_in_consensual_union_and_cohabiting_couples,housing_1_person_2_children_married_couples_and_registered_partnership,housing_1_person_2_children_single_men,housing_1_person_2_children_single_women,housing_1_person_3_children_couples_living_in_consensual_union_and_cohabiting_couples,housing_1_person_3_children_married_couples_and_registered_partnership,housing_1_person_3_children_single_men,housing_1_person_3_children_single_women,housing_2_persons_0_children_couples_living_in_consensual_union_and_cohabiting_couples,housing_2_persons_0_children_married_couples_and_registered_partnership,housing_2_persons_0_children_single_men,housing_2_persons_0_children_single_women,housing_2_persons_1_child_couples_living_in_consensual_union_and_cohabiting_couples,housing_2_persons_1_child_married_couples_and_registered_partnership,housing_2_persons_1_child_single_men,housing_2_persons_1_child_single_women,housing_2_persons_2_children_couples_living_in_consensual_union_and_cohabiting_couples,housing_2_persons_2_children_married_couples_and_registered_partnership,housing_2_persons_2_children_single_men,housing_2_persons_2_children_single_women,housing_2_persons_3_children_couples_living_in_consensual_union_and_cohabiting_couples,housing_2_persons_3_children_married_couples_and_registered_partnership,housing_2_persons_3_children_single_men,housing_2_persons_3_children_single_women,housing_3_persons_0_children_couples_living_in_consensual_union_and_cohabiting_couples,housing_3_persons_0_children_married_couples_and_registered_partnership,housing_3_persons_0_children_single_men,housing_3_persons_0_children_single_women,housing_3_persons_1_child_couples_living_in_consensual_union_and_cohabiting_couples,housing_3_persons_1_child_married_couples_and_registered_partnership,housing_3_persons_1_child_single_men,housing_3_persons_1_child_single_women,housing_3_persons_2_children_couples_living_in_consensual_union_and_cohabiting_couples,housing_3_persons_2_children_married_couples_and_registered_partnership,housing_3_persons_2_children_single_men,housing_3_persons_2_children_single_women,housing_3_persons_3_children_couples_living_in_consensual_union_and_cohabiting_couples,housing_3_persons_3_children_married_couples_and_registered_partnership,housing_3_persons_3_children_single_men,housing_3_persons_3_children_single_women,housing_4_persons_0_children_couples_living_in_consensual_union_and_cohabiting_couples,housing_4_persons_0_children_married_couples_and_registered_partnership,housing_4_persons_0_children_single_men,housing_4_persons_0_children_single_women,housing_4_persons_1_child_couples_living_in_consensual_union_and_cohabiting_couples,housing_4_persons_1_child_married_couples_and_registered_partnership,housing_4_persons_1_child_single_men,housing_4_persons_1_child_single_women,housing_4_persons_2_children_couples_living_in_consensual_union_and_cohabiting_couples,housing_4_persons_2_children_married_couples_and_registered_partnership,housing_4_persons_2_children_single_men,housing_4_persons_2_children_single_women,housing_4_persons_3_children_couples_living_in_consensual_union_and_cohabiting_couples,housing_4_persons_3_children_married_couples_and_registered_partnership,housing_4_persons_3_children_single_men,housing_4_persons_3_children_single_women,housing_5_persons_0_children_couples_living_in_consensual_union_and_cohabiting_couples,housing_5_persons_0_children_married_couples_and_registered_partnership,housing_5_persons_0_children_single_men,housing_5_persons_0_children_single_women,housing_5_persons_1_child_couples_living_in_consensual_union_and_cohabiting_couples,housing_5_persons_1_child_married_couples_and_registered_partnership,housing_5_persons_1_child_single_men,housing_5_persons_1_child_single_women,housing_5_persons_2_children_couples_living_in_consensual_union_and_cohabiting_couples,housing_5_persons_2_children_married_couples_and_registered_partnership,housing_5_persons_2_children_single_men,housing_5_persons_2_children_single_women,housing_5_persons_3_children_couples_living_in_consensual_union_and_cohabiting_couples,housing_5_persons_3_children_married_couples_and_registered_partnership,housing_5_persons_3_children_single_men,housing_5_persons_3_children_single_women,total_population,log_total_population,share_non_danish,income_per_capita,log_income_per_capita,working_age_pop,unemployment_rate,avg_household_size,log_total_population_std,share_non_danish_std,log_income_per_capita_std,unemployment_rate_std,avg_household_size_std
Amager,2008,10.097778,10.06403,0.35654968,236,100.5,2535000.0,-3.0,0.0290813874003886,992.0,958.0,689.0,639.0,311.0,294.0,67.0,65.0,0.0,0.0,0.0,0.0,0.0,0.0,123.0,123.0,29.0,23.0,70.0,101.0,19.0,25.0,6.0,0.0,8.0,6.0,0.0,0.0,72.0,70.0,322.0,250.0,989.0,1184.0,1124.0,1297.0,1063.0,894.0,558.0,524.0,455.0,332.0,54.0,54.0,25.0,31.0,849.0,1249.0,728.0,612.0,438.0,309.0,290.0,266.0,107.0,193.0,4439.0,4144.0,3079.0,2989.0,9182.0,10102.0,8846.0,7617.0,5497.0,4814.0,4279.0,4048.0,5512.0,8060.0,3467.0,1685.0,988.0,580.0,705.0,516.0,326.0,174.0,78.0,88.0,1058.0,555.0,388.0,261.0,299.0,348.0,142.0,97.0,56.0,70.0,999.0,456.0,227.0,122.0,186.0,546.0,206.0,102.0,63.0,62.0,7541176.0,358265.0,42078.0,6854189.0,314747.0,43548.0,10001950.0,599901.0,33319.0,7422320.0,463207.0,32035.0,8124903.0,384540.0,42235.0,8039760.0,367657.0,43717.0,12202121.0,581451.0,41936.0,10342649.0,475488.0,43489.0,9341394.0,456026.0,40932.0,7874161.0,369359.0,42620.0,0.0,0.0,14009.25,14871.5,0.0,0.0,0.0,0.0,0.0,0.0,0.0,0.0,0.0,0.0,0.0,0.0,5596.75,5591.75,0.0,0.0,0.0,0.0,337.75,1810.5,0.0,0.0,0.0,0.0,0.0,0.0,0.0,0.0,0.0,0.0,0.0,0.0,1367.0,2176.25,0.0,0.0,0.0,0.0,78.25,929.25,0.0,0.0,0.0,0.0,0.0,0.0,0.0,0.0,0.0,0.0,0.0,0.0,631.25,2314.25,0.0,0.0,0.0,0.0,16.25,217.0,0.0,0.0,0.0,0.0,0.0,0.0,0.0,0.0,0.0,0.0,0.0,0.0,105.0,598.75,0.0,0.0,101495.0,11.527764815166869,0.1860879846297847,301098.85216020496,12.61519390230781,82390.0,0.02896832139822794,1.6868506389342706,1.7002069766641825,-0.5951180566712346,-1.0536835598769012,-1.2155756057645637,-0.6820427863441323
Amager,2009,9.982737,9.927601,0.34048358,245,106.0,2275000.0,-4.0,0.0272561313313187,942.0,910.0,752.0,680.0,311.0,318.0,82.0,80.0,0.0,0.0,0.0,0.0,0.0,0.0,146.0,142.0,76.0,81.0,80.0,96.0,24.0,28.0,5.0,0.0,8.0,7.0,7.0,0.0,67.0,64.0,306.0,247.0,1137.0,1285.0,1191.0,1366.0,1080.0,922.0,602.0,571.0,478.0,368.0,68.0,65.0,67.0,73.0,1019.0,1330.0,860.0,739.0,499.0,315.0,310.0,280.0,295.0,403.0,4634.0,4414.0,3096.0,3053.0,9014.0,10119.0,9181.0,7847.0,5582.0,4948.0,4257.0,4042.0,5608.0,7977.0,3513.0,2247.0,1470.0,1034.0,1167.0,500.0,362.0,251.0,142.0,151.0,989.0,701.0,477.0,419.0,469.0,453.0,214.0,127.0,94.0,98.0,994.0,669.0,440.0,286.0,357.0,577.0,301.0,175.0,93.0,92.0,7900224.0,368532.0,42840.0,7241804.0,328782.0,44040.0,10094669.0,603393.0,33419.0,7754646.0,480652.0,32246.0,8557069.0,397049.0,43068.0,8435320.0,380776.0,44279.0,12434260.0,582410.0,42652.0,10750270.0,488942.0,43952.0,9523360.0,456499.0,41677.0,8228093.0,382346.0,43015.0,0.0,0.0,13832.75,14724.0,0.0,0.0,0.0,0.0,0.0,0.0,0.0,0.0,0.0,0.0,0.0,0.0,5613.75,5572.25,0.0,0.0,0.0,0.0,339.0,1795.5,0.0,0.0,0.0,0.0,0.0,0.0,0.0,0.0,0.0,0.0,0.0,0.0,1465.25,2323.5,0.0,0.0,0.0,0.0,77.75,907.75,0.0,0.0,0.0,0.0,0.0,0.0,0.0,0.0,0.0,0.0,0.0,0.0,632.0,2423.5,0.0,0.0,0.0,0.0,11.75,216.5,0.0,0.0,0.0,0.0,0.0,0.0,0.0,0.0,0.0,0.0,0.0,0.0,107.5,627.75,0.0,0.0,104554.0,11.557458963331037,0.19876810069437803,307347.5620253649,12.635734510061512,84671.0,0.0417439264919512,1.7037872134674021,1.7909204321900725,-0.3875278002426249,-0.9141105395803204,-0.04350303331593773,-0.5109183546727069
Amager,2010,10.053356,10.046149,0.29378793,378,107.0,2592500.0,0.0,0.0189338588755062,887.0,880.0,802.0,740.0,347.0,327.0,108.0,100.0,0.0,0.0,0.0,0.0,0.0,0.0,148.0,138.0,77.0,81.0,81.0,90.0,29.0,35.0,0.0,0.0,10.0,8.0,8.0,0.0,73.0,76.0,281.0,217.0,1139.0,1348.0,1217.0,1383.0,1112.0,966.0,644.0,613.0,496.0,397.0,61.0,61.0,72.0,70.0,1083.0,1441.0,927.0,818.0,529.0,338.0,314.0,295.0,311.0,413.0,4941.0,4719.0,3111.0,3012.0,9194.0,10091.0,9275.0,8138.0,5661.0,4942.0,4270.0,4007.0,5648.0,7916.0,3709.0,2403.0,1706.0,1149.0,1720.0,547.0,364.0,272.0,202.0,278.0,994.0,736.0,549.0,362.0,595.0,450.0,264.0,159.0,93.0,134.0,1068.0,716.0,502.0,353.0,551.0,650.0,323.0,224.0,139.0,162.0,8691042.0,395633.0,43871.0,7876640.0,346536.0,45440.0,10418312.0,625988.0,33226.0,8048413.0,493693.0,32577.0,9348463.0,423927.0,44043.0,9246216.0,405524.0,45553.0,13074233.0,596138.0,43782.0,11262941.0,495602.0,45423.0,10191171.0,484540.0,41993.0,8755149.0,400532.0,43679.0,0.0,0.0,13765.75,14597.75,0.0,0.0,0.0,0.0,0.0,0.0,0.0,0.0,0.0,0.0,0.0,0.0,5571.5,5576.25,0.0,0.0,0.0,0.0,358.75,1835.75,0.0,0.0,0.0,0.0,0.0,0.0,0.0,0.0,0.0,0.0,0.0,0.0,1484.75,2370.5,0.0,0.0,0.0,0.0,73.0,901.25,0.0,0.0,0.0,0.0,0.0,0.0,0.0,0.0,0.0,0.0,0.0,0.0,680.0,2523.75,0.0,0.0,0.0,0.0,9.75,210.25,0.0,0.0,0.0,0.0,0.0,0.0,0.0,0.0,0.0,0.0,0.0,0.0,108.25,637.0,0.0,0.0,106516.0,11.576050487589292,0.20270194149235796,330113.419580157,12.707191570090272,86069.0,0.04992622198468671,1.7149992357642605,1.8477161819666175,-0.32312562790902566,-0.42856124087806974,0.7071654521569772,-0.39763388031315183
Amager,2011,10.044393,10.0329,0.33238617,409,102.0,2500000.0,-2.0,0.0205936049543333,875.0,855.0,862.0,801.0,370.0,350.0,136.0,106.0,0.0,0.0,0.0,0.0,0.0,0.0,160.0,153.0,76.0,82.0,83.0,84.0,30.0,36.0,0.0,0.0,9.0,7.0,4.0,4.0,88.0,78.0,225.0,198.0,1212.0,1346.0,1204.0,1407.0,1072.0,1014.0,706.0,642.0,522.0,436.0,70.0,68.0,71.0,71.0,1118.0,1444.0,998.0,920.0,541.0,341.0,326.0,313.0,328.0,417.0,5211.0,5055.0,3111.0,3050.0,9115.0,10371.0,9502.0,8351.0,5706.0,5032.0,4344.0,4025.0,5750.0,7914.0,3755.0,2476.0,1791.0,1225.0,1649.0,590.0,442.0,341.0,219.0,286.0,977.0,621.0,465.0,381.0,581.0,431.0,267.0,163.0,94.0,129.0,1046.0,762.0,585.0,379.0,475.0,711.0,384.0,237.0,152.0,178.0,9063684.0,405318.0,44630.0,8162536.0,354179.0,46076.0,10806500.0,634258.0,33982.0,8279813.0,498294.0,33195.0,9725500.0,433491.0,44791.0,9609835.0,415556.0,46196.0,13520997.0,604933.0,44577.0,11605889.0,503555.0,46064.0,10600705.0,491306.0,43045.0,9079614.0,406654.0,44609.0,0.0,0.0,13629.0,14448.25,0.0,0.0,0.0,0.0,0.0,0.0,0.0,0.0,0.0,0.0,0.0,0.0,5538.75,5544.5,0.0,0.0,0.0,0.0,364.25,1899.0,0.0,0.0,0.0,0.0,0.0,0.0,0.0,0.0,0.0,0.0,0.0,0.0,1594.75,2483.0,0.0,0.0,0.0,0.0,71.0,925.0,0.0,0.0,0.0,0.0,0.0,0.0,0.0,0.0,0.0,0.0,0.0,0.0,734.5,2661.75,0.0,0.0,0.0,0.0,8.0,206.0,0.0,0.0,0.0,0.0,0.0,0.0,0.0,0.0,0.0,0.0,0.0,0.0,114.5,675.5,0.0,0.0,108796.0,11.597229848022259,0.204593918894077,336056.0590462885,12.725033267428364,87636.0,0.04969875393673833,1.7364716514973648,1.9124175823934235,-0.2921514576428179,-0.30732726306423674,0.686296846861741,-0.18068003691630508
Amager,2012,10.081374,10.0565405,0.33157533,537,108.0,2675000.0,-2.0,0.0179285903879176,841.0,803.0,892.0,829.0,376.0,380.0,0.0,0.0,0.0,0.0,0.0,0.0,0.0,0.0,187.0,168.0,75.0,81.0,92.0,97.0,0.0,0.0,0.0,0.0,9.0,11.0,5.0,5.0,84.0,85.0,202.0,182.0,1096.0,1265.0,1247.0,1433.0,1100.0,1052.0,754.0,684.0,549.0,462.0,59.0,64.0,78.0,63.0,1146.0,1483.0,1058.0,1046.0,563.0,361.0,337.0,297.0,342.0,445.0,5528.0,5330.0,3144.0,3049.0,9349.0,10635.0,9486.0,8385.0,5924.0,5120.0,4337.0,4122.0,5924.0,7901.0,3944.0,2541.0,1733.0,1196.0,1844.0,670.0,504.0,321.0,250.0,356.0,945.0,608.0,442.0,329.0,574.0,422.0,281.0,168.0,102.0,159.0,1104.0,764.0,503.0,371.0,511.0,803.0,384.0,299.0,144.0,244.0,9475151.0,413030.0,45750.0,8606696.0,362936.0,47378.0,11309129.0,648562.0,34758.0,8670205.0,508214.0,34062.0,10184796.0,442842.0,45883.0,10104484.0,424673.0,47494.0,14157963.0,617169.0,45718.0,12210830.0,514867.0,47370.0,11110639.0,501278.0,44199.0,9537109.0,415123.0,45886.0,0.0,0.0,13551.25,14367.5,0.0,0.0,0.0,0.0,0.0,0.0,0.0,0.0,0.0,0.0,0.0,0.0,5672.75,5526.25,0.0,0.0,0.0,0.0,377.5,1912.5,0.0,0.0,0.0,0.0,0.0,0.0,0.0,0.0,0.0,0.0,0.0,0.0,1634.25,2549.75,0.0,0.0,0.0,0.0,73.25,980.5,0.0,0.0,0.0,0.0,0.0,0.0,0.0,0.0,0.0,0.0,0.0,0.0,811.5,2759.75,0.0,0.0,0.0,0.0,10.5,199.25,0.0,0.0,0.0,0.0,0.0,0.0,0.0,0.0,0.0,0.0,0.0,0.0,125.75,700.5,0.0,0.0,110622.0,11.613874263298445,0.2023828894794887,346867.05176185566,12.756696849380615,88878.0,0.0508562298881613,1.7533742091887752,1.963265056332168,-0.3283489309788241,-0.09217385477778639,0.7924871843040172,-0.009899305955753177
Amager,2013,10.222595,10.191072,0.32348013,653,107.0,2900000.0,0.0,0.0158614213418591,808.0,741.0,931.0,874.0,431.0,419.0,241.0,235.0,5.0,5.0,0.0,0.0,0.0,0.0,180.0,190.0,71.0,83.0,95.0,97.0,63.0,59.0,13.0,12.0,10.0,11.0,6.0,6.0,92.0,90.0,175.0,183.0,1060.0,1232.0,1273.0,1451.0,1097.0,1148.0,761.0,700.0,602.0,486.0,53.0,78.0,80.0,80.0,1195.0,1531.0,1152.0,1135.0,584.0,390.0,370.0,301.0,344.0,453.0,5779.0,5557.0,3202.0,3168.0,9731.0,11028.0,9462.0,8423.0,6107.0,5313.0,4451.0,4194.0,5998.0,7948.0,4100.0,2549.0,1741.0,1243.0,1689.0,741.0,522.0,367.0,265.0,343.0,917.0,594.0,419.0,351.0,519.0,451.0,239.0,155.0,110.0,136.0,1180.0,745.0,510.0,364.0,465.0,811.0,449.0,290.0,153.0,226.0,10028922.0,427474.0,46762.0,8998503.0,371713.0,48357.0,11891150.0,662407.0,35757.0,9003194.0,513449.0,35002.0,10743704.0,457078.0,46873.0,10628415.0,437493.0,48484.0,14863336.0,634054.0,46690.0,12679689.0,523897.0,48332.0,11539632.0,509509.0,45142.0,9834691.0,419657.0,46793.0,0.0,0.0,13498.25,14372.25,0.0,0.0,0.0,0.0,0.0,0.0,0.0,0.0,0.0,0.0,0.0,0.0,5900.0,5509.75,0.0,0.0,0.0,0.0,403.5,1973.25,0.0,0.0,0.0,0.0,0.0,0.0,0.0,0.0,0.0,0.0,0.0,0.0,1696.5,2544.0,0.0,0.0,0.0,0.0,74.5,972.5,0.0,0.0,0.0,0.0,0.0,0.0,0.0,0.0,0.0,0.0,0.0,0.0,889.0,2892.5,0.0,0.0,0.0,0.0,11.25,203.5,0.0,0.0,0.0,0.0,0.0,0.0,0.0,0.0,0.0,0.0,0.0,0.0,135.25,736.0,0.0,0.0,114043.0,11.644330849239699,0.20765851477074437,354248.34492252924,12.777753485481403,91628.0,0.048406600602435935,1.7688421601173474,2.056307703623403,-0.2419799733561837,0.05090556785240752,0.5677507998116517,0.1463863884504816
Amager,2014,10.275068,10.26679,0.28227505,834,104.0,3047500.0,0.0,0.0122473057162757,806.0,718.0,941.0,873.0,500.0,498.0,234.0,247.0,8.0,6.0,0.0,0.0,0.0,0.0,202.0,214.0,73.0,86.0,107.0,112.0,69.0,63.0,11.0,13.0,12.0,7.0,7.0,7.0,102.0,99.0,158.0,165.0,1009.0,1173.0,1329.0,1544.0,1052.0,1147.0,813.0,736.0,633.0,513.0,54.0,76.0,81.0,94.0,1280.0,1615.0,1211.0,1226.0,655.0,417.0,389.0,307.0,372.0,459.0,6049.0,5698.0,3261.0,3285.0,10081.0,11288.0,9323.0,8372.0,6232.0,5442.0,4587.0,4289.0,6076.0,8049.0,3671.0,2304.0,1681.0,1198.0,1401.0,808.0,585.0,413.0,313.0,311.0,547.0,413.0,297.0,290.0,376.0,303.0,187.0,126.0,67.0,109.0,1069.0,658.0,519.0,338.0,400.0,944.0,461.0,326.0,190.0,205.0,10558298.0,438549.0,48012.0,9476703.0,381245.0,49651.0,12485730.0,673978.0,36915.0,9463847.0,522336.0,36167.0,11303813.0,468478.0,48142.0,11208944.0,449763.0,49742.0,15514295.0,645186.0,47922.0,13274313.0,534088.0,49628.0,12011801.0,517179.0,46298.0,10219862.0,424917.0,48018.0,0.0,0.0,13436.25,14290.75,0.0,0.0,0.0,0.0,0.0,0.0,0.0,0.0,0.0,0.0,0.0,0.0,6093.25,5475.5,0.0,0.0,0.0,0.0,422.5,2014.25,0.0,0.0,0.0,0.0,0.0,0.0,0.0,0.0,0.0,0.0,0.0,0.0,1794.25,2483.0,0.0,0.0,0.0,0.0,87.75,975.5,0.0,0.0,0.0,0.0,0.0,0.0,0.0,0.0,0.0,0.0,0.0,0.0,948.5,3011.5,0.0,0.0,0.0,0.0,11.0,204.25,0.0,0.0,0.0,0.0,0.0,0.0,0.0,0.0,0.0,0.0,0.0,0.0,146.75,738.75,0.0,0.0,116555.0,11.666118543586622,0.21039852430183176,365044.4682767792,12.807774456039134,93520.0,0.042753421727972626,1.7817248903061835,2.122867519760383,-0.19712239647930305,0.2548974644515722,0.04911110663893435,0.2765514272916194
Amager,2015,10.333913,10.328234,0.2808406,979,97.0,3020000.0,0.0,0.0112465578743766,778.0,718.0,918.0,879.0,547.0,556.0,252.0,269.0,11.0,9.0,0.0,0.0,0.0,0.0,225.0,241.0,77.0,81.0,113.0,109.0,67.0,59.0,17.0,11.0,12.0,9.0,7.0,7.0,120.0,112.0,141.0,139.0,966.0,1189.0,1479.0,1606.0,1059.0,1197.0,856.0,764.0,674.0,566.0,69.0,81.0,92.0,98.0,1458.0,1688.0,1414.0,1377.0,766.0,478.0,442.0,324.0,392.0,472.0,6248.0,5887.0,3338.0,3291.0,10320.0,11706.0,9210.0,8344.0,6494.0,5669.0,4799.0,4395.0,6194.0,8148.0,4023.0,2326.0,1605.0,967.0,1091.0,900.0,650.0,456.0,260.0,280.0,547.0,344.0,266.0,185.0,285.0,331.0,175.0,101.0,61.0,77.0,1053.0,675.0,456.0,264.0,276.0,1192.0,482.0,326.0,197.0,173.0,11235281.0,457366.0,48956.0,9946625.0,390940.0,50801.0,13241534.0,698983.0,37753.0,10065826.0,538425.0,37302.0,11929509.0,484596.0,49099.0,11868701.0,465081.0,50901.0,16613975.0,677161.0,48861.0,13980184.0,549481.0,50783.0,12611962.0,533118.0,47160.0,10689455.0,434259.0,49131.0,0.0,0.0,13363.5,14346.75,0.0,0.0,0.0,0.0,0.0,0.0,0.0,0.0,0.0,0.0,0.0,0.0,6433.5,5557.5,0.0,0.0,0.0,0.0,449.0,2042.25,0.0,0.0,0.0,0.0,0.0,0.0,0.0,0.0,0.0,0.0,0.0,0.0,1842.0,2540.25,0.0,0.0,0.0,0.0,85.75,1030.75,0.0,0.0,0.0,0.0,0.0,0.0,0.0,0.0,0.0,0.0,0.0,0.0,1028.25,3078.75,0.0,0.0,0.0,0.0,11.75,200.75,0.0,0.0,0.0,0.0,0.0,0.0,0.0,0.0,0.0,0.0,0.0,0.0,156.75,766.75,0.0,0.0,120034.0,11.695530314966208,0.2165303164103504,374728.12703067466,12.833956047432014,96501.0,0.0369053170433467,1.7959355237865844,2.21271833481758,-0.09673685665537134,0.43280085614730807,-0.4874116687109378,0.42013338793350896
Amager,2016,10.4151745,10.419564,0.26082337,958,96.0,3225000.0,0.0,0.0105588067878028,741.0,672.0,923.0,843.0,619.0,613.0,249.0,282.0,0.0,19.0,0.0,0.0,0.0,0.0,234.0,261.0,73.0,88.0,116.0,110.0,57.0,64.0,0.0,12.0,0.0,9.0,7.0,7.0,114.0,109.0,131.0,129.0,963.0,1211.0,1513.0,1663.0,1092.0,1223.0,896.0,785.0,716.0,624.0,66.0,87.0,97.0,115.0,1610.0,2023.0,1445.0,1436.0,825.0,531.0,461.0,325.0,403.0,484.0,6436.0,6072.0,3478.0,3415.0,10322.0,11943.0,9018.0,8245.0,6775.0,5881.0,4921.0,4605.0,6369.0,8213.0,3869.0,2329.0,1480.0,872.0,923.0,1018.0,758.0,444.0,259.0,277.0,501.0,307.0,258.0,167.0,215.0,285.0,142.0,103.0,60.0,72.0,1013.0,593.0,390.0,223.0,200.0,1052.0,529.0,285.0,163.0,159.0,11776523.0,469534.0,50006.0,10459666.0,400967.0,52072.0,14158533.0,725478.0,38886.0,10679728.0,552664.0,38552.0,12543267.0,498850.0,50154.0,12435666.0,475246.0,52195.0,17346929.0,692692.0,49902.0,14660486.0,562075.0,52047.0,13327012.0,555573.0,47819.0,11231352.0,447916.0,50047.0,0.0,0.0,13305.75,14436.5,0.0,0.0,0.0,0.0,0.0,0.0,0.0,0.0,0.0,0.0,0.0,0.0,6602.75,5625.5,0.0,0.0,0.0,0.0,481.75,2063.0,0.0,0.0,0.0,0.0,0.0,0.0,0.0,0.0,0.0,0.0,0.0,0.0,1901.0,2574.75,0.0,0.0,0.0,0.0,90.5,1044.75,0.0,0.0,0.0,0.0,0.0,0.0,0.0,0.0,0.0,0.0,0.0,0.0,1092.75,3165.25,0.0,0.0,0.0,0.0,9.25,200.75,0.0,0.0,0.0,0.0,0.0,0.0,0.0,0.0,0.0,0.0,0.0,0.0,164.25,792.0,0.0,0.0,122769.0,11.718059819829339,0.2205442742060292,384585.04997189844,12.859920239753366,98685.0,0.03310229518163855,1.8071633318082931,2.2815443279433283,-0.031023063196864358,0.609227025484933,-0.8363123731261514,0.5335773587241907
Amager,2017,10.520923,10.513597,0.24860393,541,95.0,3450000.0,-1.0,0.01339246233399,724.0,660.0,879.0,854.0,679.0,680.0,276.0,289.0,0.0,19.0,0.0,0.0,0.0,0.0,270.0,299.0,77.0,92.0,128.0,114.0,60.0,66.0,0.0,13.0,6.0,11.0,5.0,9.0,114.0,110.0,128.0,134.0,1014.0,1165.0,1561.0,1741.0,1073.0,1249.0,941.0,796.0,772.0,693.0,68.0,84.0,103.0,121.0,1748.0,2199.0,1544.0,1533.0,829.0,564.0,467.0,331.0,412.0,506.0,6538.0,6292.0,3629.0,3583.0,10554.0,12147.0,8861.0,8202.0,6873.0,6003.0,5082.0,4779.0,6499.0,8299.0,4049.0,2296.0,1557.0,924.0,964.0,1291.0,798.0,517.0,281.0,286.0,459.0,292.0,253.0,173.0,211.0,242.0,143.0,101.0,52.0,67.0,1057.0,580.0,370.0,222.0,214.0,1000.0,483.0,316.0,196.0,186.0,12451987.0,483063.0,51414.0,11004995.0,411025.0,53443.0,15003009.0,741899.0,40299.0,11325797.0,566430.0,39879.0,13248605.0,512803.0,51540.0,13098740.0,488028.0,53562.0,18308320.0,711745.0,51282.0,15375552.0,574454.0,53411.0,14044539.0,571847.0,48980.0,11804598.0,459680.0,51242.0,0.0,0.0,13353.75,14400.0,0.0,0.0,0.0,0.0,0.0,0.0,0.0,0.0,0.0,0.0,0.0,0.0,6722.0,5719.25,0.0,0.0,0.0,0.0,491.25,2094.5,0.0,0.0,0.0,0.0,0.0,0.0,0.0,0.0,0.0,0.0,0.0,0.0,2041.0,2669.0,0.0,0.0,0.0,0.0,93.5,1077.25,0.0,0.0,0.0,0.0,0.0,0.0,0.0,0.0,0.0,0.0,0.0,0.0,1120.75,3256.75,0.0,0.0,0.0,0.0,10.0,197.5,0.0,0.0,0.0,0.0,0.0,0.0,0.0,0.0,0.0,0.0,0.0,0.0,188.5,826.0,0.0,0.0,125551.0,11.740467329508213,0.22468956838256962,396686.02400618076,12.890900375244502,100792.0,0.033599888880069845,1.8219807965205213,2.3499976346845313,0.0368408803740375,0.8197364286897069,-0.7906616253239096,0.6832906447686148
Amager,2018,10.557414,10.559063,0.23695374,1154,94.0,3600000.0,-1.0,0.0087400063022127,718.0,658.0,860.0,841.0,784.0,793.0,294.0,309.0,0.0,0.0,0.0,0.0,0.0,0.0,320.0,325.0,83.0,81.0,102.0,118.0,77.0,66.0,0.0,0.0,7.0,11.0,7.0,0.0,142.0,125.0,140.0,140.0,1001.0,1161.0,1651.0,1820.0,1096.0,1290.0,936.0,883.0,811.0,734.0,79.0,98.0,114.0,136.0,1960.0,2344.0,1684.0,1653.0,915.0,646.0,482.0,364.0,425.0,509.0,6722.0,6456.0,3876.0,3742.0,10760.0,12335.0,8823.0,8247.0,7022.0,6077.0,5273.0,4974.0,6620.0,8367.0,3690.0,2410.0,1450.0,882.0,880.0,1087.0,803.0,498.0,293.0,306.0,430.0,292.0,219.0,177.0,184.0,251.0,157.0,70.0,57.0,67.0,924.0,577.0,321.0,189.0,183.0,998.0,581.0,342.0,166.0,140.0,13240715.0,495020.0,53311.0,11781454.0,425138.0,55288.0,16028785.0,758415.0,42108.0,12144986.0,582997.0,41563.0,14146633.0,527505.0,53460.0,14003582.0,504034.0,55418.0,19395921.0,726564.0,53176.0,16408326.0,592140.0,55260.0,14673558.0,578227.0,50591.0,12359067.0,465877.0,52907.0,0.0,0.0,13558.0,14607.0,0.0,0.0,0.0,0.0,0.0,0.0,0.0,0.0,0.0,0.0,0.0,0.0,6878.25,5832.75,0.0,0.0,0.0,0.0,492.75,2190.25,0.0,0.0,0.0,0.0,0.0,0.0,0.0,0.0,0.0,0.0,0.0,0.0,2086.5,2735.0,0.0,0.0,0.0,0.0,106.0,1108.75,0.0,0.0,0.0,0.0,0.0,0.0,0.0,0.0,0.0,0.0,0.0,0.0,1160.75,3393.25,0.0,0.0,0.0,0.0,6.5,206.75,0.0,0.0,0.0,0.0,0.0,0.0,0.0,0.0,0.0,0.0,0.0,0.0,203.25,866.0,0.0,0.0,129087.0,11.768241874630432,0.23079783401891749,411911.22266378487,12.928563126141338,103431.0,0.03119374268836229,1.830665638375119,2.4348468430122683,0.13684126075889844,1.0756540703866362,-1.0114087395242155,0.7710408934164119
Amager,2019,10.545862,10.544319,0.26535043,1221,93.0,3565000.0,-2.0,0.0095150931564715,727.0,695.0,852.0,824.0,888.0,881.0,329.0,337.0,0.0,0.0,0.0,0.0,0.0,0.0,343.0,361.0,92.0,83.0,106.0,109.0,84.0,63.0,0.0,0.0,0.0,13.0,8.0,0.0,144.0,147.0,166.0,172.0,1036.0,1236.0,1806.0,1972.0,1165.0,1355.0,968.0,949.0,865.0,784.0,89.0,105.0,118.0,133.0,2121.0,2582.0,1903.0,1852.0,958.0,722.0,532.0,368.0,459.0,527.0,6733.0,6621.0,4101.0,3984.0,11240.0,12735.0,8782.0,8187.0,7200.0,6329.0,5446.0,5173.0,6797.0,8481.0,3636.0,2340.0,1603.0,860.0,897.0,1090.0,880.0,585.0,285.0,322.0,434.0,265.0,199.0,157.0,163.0,239.0,136.0,100.0,51.0,80.0,877.0,530.0,343.0,192.0,170.0,996.0,529.0,376.0,175.0,162.0,14148037.0,510967.0,55201.0,12442553.0,434895.0,57166.0,17147243.0,772620.0,44213.0,12969203.0,594352.0,43572.0,15041736.0,542042.0,55357.0,14860003.0,518093.0,57278.0,20764875.0,750828.0,55097.0,17347603.0,606429.0,57140.0,15610583.0,590705.0,52669.0,12987976.0,472561.0,54877.0,0.0,0.0,13717.5,14927.5,0.0,0.0,0.0,0.0,0.0,0.0,0.0,0.0,0.0,0.0,0.0,0.0,7219.5,6038.0,0.0,0.0,0.0,0.0,512.0,2245.75,0.0,0.0,0.0,0.0,0.0,0.0,0.0,0.0,0.0,0.0,0.0,0.0,2175.75,2828.5,0.0,0.0,0.0,0.0,107.25,1121.25,0.0,0.0,0.0,0.0,0.0,0.0,0.0,0.0,0.0,0.0,0.0,0.0,1201.5,3569.25,0.0,0.0,0.0,0.0,8.5,227.75,0.0,0.0,0.0,0.0,0.0,0.0,0.0,0.0,0.0,0.0,0.0,0.0,218.0,909.0,0.0,0.0,133838.0,11.804385392333275,0.23931170519583378,422094.8385361407,12.952985303636458,107348.0,0.030521295226739204,1.8418775316955127,2.5452626517958485,0.2762245827894675,1.2416022797135382,-1.073101099330198,0.8843240646184622
Amager,2020,10.6124,10.627645,0.2187681,1695,92.0,3650000.0,-1.0,0.0066580984197075,714.0,724.0,802.0,767.0,1008.0,923.0,370.0,370.0,109.0,98.0,0.0,0.0,0.0,0.0,384.0,425.0,102.0,94.0,113.0,113.0,96.0,79.0,22.0,26.0,0.0,0.0,11.0,0.0,171.0,184.0,171.0,185.0,1127.0,1326.0,1898.0,2125.0,1213.0,1413.0,998.0,1002.0,913.0,867.0,99.0,128.0,132.0,138.0,2225.0,2723.0,2056.0,2011.0,1037.0,810.0,544.0,384.0,476.0,558.0,6811.0,6645.0,4385.0,4297.0,11834.0,13087.0,8655.0,8202.0,7372.0,6593.0,5595.0,5203.0,6991.0,8613.0,4061.0,2687.0,1937.0,1406.0,1448.0,1162.0,911.0,624.0,416.0,485.0,471.0,311.0,223.0,221.0,265.0,353.0,212.0,126.0,111.0,103.0,1037.0,630.0,460.0,341.0,316.0,1038.0,623.0,504.0,317.0,279.0,15233263.0,533457.0,56953.0,13396550.0,455343.0,58789.0,18403293.0,810885.0,45227.0,14060278.0,629298.0,44617.0,16239322.0,566666.0,57189.0,15966890.0,540847.0,58970.0,22341965.0,782690.0,56892.0,18695580.0,635428.0,58772.0,16764476.0,615520.0,54297.0,14028651.0,497827.0,56279.0,0.0,0.0,14114.75,15235.75,0.0,0.0,0.0,0.0,0.0,0.0,0.0,0.0,0.0,0.0,0.0,0.0,7489.25,6208.75,0.0,0.0,0.0,0.0,534.75,2308.5,0.0,0.0,0.0,0.0,0.0,0.0,0.0,0.0,0.0,0.0,0.0,0.0,2115.75,2903.5,0.0,0.0,0.0,0.0,113.0,1148.5,0.0,0.0,0.0,0.0,0.0,0.0,0.0,0.0,0.0,0.0,0.0,0.0,1283.5,3697.75,0.0,0.0,0.0,0.0,12.25,247.0,0.0,0.0,0.0,0.0,0.0,0.0,0.0,0.0,0.0,0.0,0.0,0.0,222.25,935.75,0.0,0.0,138547.0,11.838964897223786,0.2473095772553718,439100.26922271866,12.992483069673552,111189.0,0.04018473050391675,1.8443811783988664,2.650900515581341,0.40716031738883063,1.5099888127152874,-0.18654837944556843,0.9096205092082065
Amager,2021,10.730492,10.739473,0.19530046,1820,89.0,3995000.0,0.0,0.0057361254154937,697.0,729.0,785.0,740.0,1111.0,1015.0,380.0,389.0,130.0,111.0,0.0,0.0,0.0,0.0,400.0,463.0,118.0,103.0,121.0,127.0,90.0,70.0,26.0,25.0,0.0,0.0,11.0,0.0,162.0,173.0,200.0,208.0,1096.0,1286.0,1980.0,2179.0,1261.0,1485.0,1000.0,1078.0,997.0,933.0,118.0,119.0,126.0,162.0,2389.0,2750.0,2280.0,2176.0,1156.0,902.0,575.0,407.0,505.0,570.0,6722.0,6475.0,4643.0,4522.0,12273.0,13632.0,8640.0,8127.0,7402.0,6653.0,5665.0,5312.0,7184.0,8773.0,3842.0,2782.0,1937.0,1157.0,1158.0,1208.0,942.0,611.0,322.0,327.0,395.0,304.0,267.0,192.0,225.0,273.0,220.0,153.0,99.0,91.0,930.0,626.0,476.0,271.0,287.0,1036.0,690.0,430.0,273.0,228.0,16517833.0,566156.0,58120.0,14305905.0,475241.0,60201.0,19831691.0,832304.0,47463.0,15159006.0,648255.0,46735.0,17540601.0,598201.0,58486.0,17183986.0,567475.0,60500.0,24238956.0,831180.0,58064.0,20023342.0,664941.0,60185.0,18017012.0,649620.0,55267.0,14960396.0,520248.0,57469.0,0.0,0.0,14715.0,15935.0,0.0,0.0,0.0,0.0,0.0,0.0,0.0,0.0,0.0,0.0,0.0,0.0,7901.25,6342.5,0.0,0.0,0.0,0.0,568.75,2367.25,0.0,0.0,0.0,0.0,0.0,0.0,0.0,0.0,0.0,0.0,0.0,0.0,2154.75,2892.25,0.0,0.0,0.0,0.0,124.25,1216.5,0.0,0.0,0.0,0.0,0.0,0.0,0.0,0.0,0.0,0.0,0.0,0.0,1337.25,3784.0,0.0,0.0,0.0,0.0,14.25,260.5,0.0,0.0,0.0,0.0,0.0,0.0,0.0,0.0,0.0,0.0,0.0,0.0,214.0,949.0,0.0,0.0,141937.0,11.863138576164475,0.25302775174901543,461812.8113176973,13.042914917652194,114272.0,0.03534899187902549,1.8357712273658404,2.7247493405201735,0.500774390272089,1.8526722145853418,-0.630193636807987,0.8226269454056123
Amager,2022,10.750932,10.757239,0.21637833,1172,81.0,3800000.0,-2.0,0.0079195601719134,711.0,708.0,756.0,687.0,1160.0,1118.0,408.0,395.0,210.0,202.0,5.0,0.0,0.0,0.0,439.0,503.0,119.0,126.0,126.0,121.0,94.0,72.0,58.0,47.0,9.0,0.0,11.0,0.0,172.0,176.0,220.0,249.0,1171.0,1301.0,2093.0,2246.0,1308.0,1564.0,1037.0,1139.0,1054.0,1009.0,125.0,121.0,143.0,191.0,2520.0,3035.0,2539.0,2420.0,1262.0,1023.0,610.0,419.0,517.0,600.0,6646.0,6427.0,4846.0,4756.0,12508.0,13897.0,8625.0,8071.0,7303.0,6658.0,5860.0,5431.0,7313.0,8980.0,4217.0,2386.0,1266.0,653.0,564.0,1406.0,820.0,445.0,188.0,166.0,451.0,269.0,142.0,111.0,90.0,264.0,159.0,89.0,53.0,52.0,977.0,518.0,243.0,124.0,141.0,1119.0,620.0,347.0,177.0,115.0,17016496.0,573971.0,59102.0,14682414.0,479895.0,61167.0,21229390.0,870912.0,48620.0,16245941.0,676531.0,47968.0,18094406.0,609010.0,59294.0,17695100.0,576332.0,61339.0,25128151.0,847639.0,59074.0,20645024.0,674621.0,61159.0,18576199.0,660232.0,56109.0,15447795.0,528484.0,58381.0,0.0,0.0,15456.5,16719.0,0.0,0.0,0.0,0.0,0.0,0.0,0.0,0.0,0.0,0.0,0.0,0.0,8152.25,6430.0,0.0,0.0,0.0,0.0,597.75,2406.25,0.0,0.0,0.0,0.0,0.0,0.0,0.0,0.0,0.0,0.0,0.0,0.0,2203.5,2910.5,0.0,0.0,0.0,0.0,126.0,1253.0,0.0,0.0,0.0,0.0,0.0,0.0,0.0,0.0,0.0,0.0,0.0,0.0,1353.0,3897.5,0.0,0.0,0.0,0.0,13.75,254.0,0.0,0.0,0.0,0.0,0.0,0.0,0.0,0.0,0.0,0.0,0.0,0.0,213.5,955.25,0.0,0.0,145670.0,11.889099068442993,0.26325942198119034,463296.6019084231,13.04612273683958,117549.0,0.023268594373410237,1.823014930471428,2.8040567498022244,0.6682803528650493,1.8744692820293716,-1.7384857667490485,0.6937393682855731
Amager,2023,10.716208,10.719808,0.20889136,1525,82.0,3625000.0,-3.0,0.0067024974613285,703.0,708.0,718.0,652.0,1144.0,1148.0,445.0,428.0,224.0,219.0,6.0,0.0,0.0,0.0,489.0,499.0,119.0,150.0,123.0,134.0,113.0,63.0,60.0,52.0,13.0,0.0,12.0,0.0,269.0,262.0,277.0,310.0,1291.0,1533.0,2426.0,2585.0,1462.0,1726.0,1069.0,1239.0,1130.0,1115.0,132.0,138.0,146.0,204.0,2718.0,3327.0,2787.0,2638.0,1317.0,1118.0,657.0,457.0,545.0,596.0,6475.0,6276.0,4968.0,4884.0,12346.0,13493.0,8712.0,8189.0,7024.0,6576.0,6041.0,5563.0,7448.0,9078.0,3737.0,2399.0,1367.0,750.0,589.0,1219.0,887.0,451.0,233.0,178.0,377.0,208.0,143.0,101.0,83.0,261.0,176.0,115.0,57.0,47.0,857.0,486.0,284.0,160.0,118.0,1023.0,642.0,374.0,199.0,163.0,18355583.0,614237.0,59567.0,15752533.0,509575.0,61774.0,22741382.0,908902.0,49794.0,17533850.0,714462.0,48972.0,19475989.0,650136.0,59758.0,19195708.0,617281.0,62077.0,27210988.0,912057.0,59417.0,22415484.0,725502.0,61687.0,19722019.0,679492.0,57848.0,16437085.0,544072.0,60307.0,0.0,0.0,15613.5,16982.0,0.0,0.0,0.0,0.0,0.0,0.0,0.0,0.0,0.0,0.0,0.0,0.0,8368.0,6586.25,0.0,0.0,0.0,0.0,597.75,2406.25,0.0,0.0,0.0,0.0,0.0,0.0,0.0,0.0,0.0,0.0,0.0,0.0,2238.25,3031.0,0.0,0.0,0.0,0.0,132.75,1236.5,0.0,0.0,0.0,0.0,0.0,0.0,0.0,0.0,0.0,0.0,0.0,0.0,1381.0,4033.5,0.0,0.0,0.0,0.0,13.5,244.0,0.0,0.0,0.0,0.0,0.0,0.0,0.0,0.0,0.0,0.0,0.0,0.0,219.25,941.25,0.0,0.0,148769.0,11.910150046343391,0.2802734440642876,489213.56599829264,13.100554413396537,120390.0,0.023523548467480688,1.8261375483699662,2.868365950961547,0.946822377963261,2.244331439369476,-1.715095508620275,0.725289798519801
Amager,2024,10.76629,10.768577,0.22748104,1045,86.0,3995000.0,-1.0,0.0088173507044287,682.0,686.0,712.0,650.0,1151.0,1087.0,500.0,519.0,225.0,230.0,10.0,0.0,0.0,0.0,525.0,531.0,140.0,160.0,117.0,131.0,105.0,69.0,63.0,49.0,13.0,0.0,13.0,0.0,286.0,303.0,343.0,354.0,1435.0,1678.0,2609.0,2800.0,1604.0,1886.0,1092.0,1294.0,1218.0,1216.0,129.0,145.0,152.0,202.0,2772.0,3486.0,3033.0,2850.0,1405.0,1217.0,706.0,494.0,574.0,606.0,6465.0,6204.0,5057.0,4920.0,11952.0,13125.0,8842.0,8432.0,6813.0,6399.0,6080.0,5634.0,7630.0,9239.0,0.0,0.0,0.0,0.0,0.0,0.0,0.0,0.0,0.0,0.0,0.0,0.0,0.0,0.0,0.0,0.0,0.0,0.0,0.0,0.0,0.0,0.0,0.0,0.0,0.0,0.0,0.0,0.0,0.0,0.0,19906140.0,653051.0,60794.0,16931207.0,535972.0,63126.0,24357074.0,954413.0,50804.0,18925987.0,754451.0,50053.0,21184100.0,693688.0,60959.0,20719245.0,652632.0,63376.0,29576778.0,970689.0,60717.0,24143204.0,764611.0,63058.0,21144310.0,711933.0,59191.0,17756996.0,574557.0,61693.0,0.0,0.0,15643.0,17189.25,0.0,0.0,0.0,0.0,0.0,0.0,0.0,0.0,0.0,0.0,0.0,0.0,8669.75,6830.25,0.0,0.0,0.0,0.0,622.75,2467.5,0.0,0.0,0.0,0.0,0.0,0.0,0.0,0.0,0.0,0.0,0.0,0.0,2185.0,3124.5,0.0,0.0,0.0,0.0,145.75,1210.25,0.0,0.0,0.0,0.0,0.0,0.0,0.0,0.0,0.0,0.0,0.0,0.0,1410.0,4123.75,0.0,0.0,0.0,0.0,14.25,240.75,0.0,0.0,0.0,0.0,0.0,0.0,0.0,0.0,0.0,0.0,0.0,0.0,213.75,961.0,0.0,0.0,151049.0,11.925359566468508,0.2929976365285437,521292.37532191543,13.164066344372454,122403.0,0.0,1.8299039991391437,2.914829924934197,1.1551342233001927,2.675893744510084,-3.873216847150532,0.7633454127783429
Bispebjerg,2008,10.086626,10.138928,0.3732791,65,85.0,2645000.0,-2.0,0.0580133673516953,751.0,731.0,418.0,406.0,241.0,234.0,90.0,84.0,,,,,,0.0,38.0,31.0,20.0,30.0,42.0,42.0,22.0,20.0,,,,,,7.0,42.0,46.0,180.0,157.0,674.0,683.0,1025.0,900.0,936.0,535.0,386.0,304.0,333.0,247.0,12.0,9.0,21.0,29.0,349.0,488.0,236.0,224.0,161.0,99.0,110.0,121.0,142.0,191.0,1383.0,1392.0,1006.0,1068.0,4524.0,4925.0,3402.0,2689.0,2113.0,1749.0,1859.0,1656.0,2661.0,4081.0,1740.0,976.0,565.0,396.0,494.0,217.0,124.0,68.0,34.0,31.0,621.0,377.0,264.0,212.0,272.0,175.0,97.0,47.0,39.0,51.0,471.0,266.0,138.0,86.0,106.0,256.0,112.0,48.0,25.0,34.0,3169715.0,161055.0,19681.0,2939429.0,149986.0,19598.0,3786703.0,261784.0,14465.0,2882521.0,215628.0,13368.0,3402303.0,172138.0,19765.0,3312771.0,168298.0,19684.0,4979228.0,253667.0,19629.0,4357402.0,222612.0,19574.0,3925854.0,204110.0,19234.0,3396254.0,176383.0,19255.0,0.0,0.0,7821.25,7817.5,0.0,0.0,0.0,0.0,0.0,0.0,0.0,0.0,0.0,0.0,0.0,0.0,2428.25,1937.0,0.0,0.0,0.0,0.0,178.5,868.0,0.0,0.0,0.0,0.0,0.0,0.0,0.0,0.0,0.0,0.0,0.0,0.0,515.0,770.5,0.0,0.0,0.0,0.0,36.0,392.25,0.0,0.0,0.0,0.0,0.0,0.0,0.0,0.0,0.0,0.0,0.0,0.0,176.25,770.5,0.0,0.0,0.0,0.0,2.75,118.5,0.0,0.0,0.0,0.0,0.0,0.0,0.0,0.0,0.0,0.0,0.0,0.0,30.75,256.75,0.0,0.0,46355.0,10.744084440041084,0.25557113579980584,276652.31366627116,12.530516811444262,38585.0,0.03812621485033044,1.546989500305766,-0.6938793753824549,0.5424129482009317,-1.6290627046163477,-0.37540281881064125,-2.0951772908392354
Bispebjerg,2009,9.752596,9.776062,0.25778064,32,109.0,2120000.0,-5.5,0.057098722243005,765.0,715.0,446.0,437.0,272.0,235.0,100.0,99.0,,,0.0,,,0.0,44.0,40.0,,,37.0,33.0,26.0,22.0,,,13.0,,,,63.0,36.0,168.0,148.0,766.0,738.0,1026.0,915.0,1004.0,594.0,437.0,324.0,353.0,266.0,15.0,10.0,,,437.0,569.0,250.0,241.0,187.0,105.0,119.0,123.0,,,1505.0,1472.0,984.0,1070.0,4532.0,4995.0,3461.0,2740.0,2067.0,1730.0,1843.0,1574.0,2629.0,3946.0,1861.0,1211.0,797.0,559.0,758.0,235.0,154.0,109.0,46.0,54.0,626.0,472.0,334.0,261.0,375.0,208.0,125.0,68.0,45.0,66.0,508.0,317.0,211.0,161.0,211.0,284.0,143.0,75.0,46.0,52.0,3263711.0,163603.0,19949.0,3076293.0,155282.0,19811.0,3716931.0,258479.0,14380.0,2986873.0,222056.0,13451.0,3514015.0,175245.0,20052.0,3461484.0,173708.0,19927.0,5010291.0,252217.0,19865.0,4493257.0,227231.0,19774.0,3978555.0,203945.0,19508.0,3512931.0,180902.0,19419.0,0.0,0.0,7710.0,7711.75,0.0,0.0,0.0,0.0,0.0,0.0,0.0,0.0,0.0,0.0,0.0,0.0,2419.5,1944.5,0.0,0.0,0.0,0.0,174.25,885.5,0.0,0.0,0.0,0.0,0.0,0.0,0.0,0.0,0.0,0.0,0.0,0.0,516.5,803.0,0.0,0.0,0.0,0.0,40.0,396.25,0.0,0.0,0.0,0.0,0.0,0.0,0.0,0.0,0.0,0.0,0.0,0.0,197.25,785.5,0.0,0.0,0.0,0.0,5.25,124.75,0.0,0.0,0.0,0.0,0.0,0.0,0.0,0.0,0.0,0.0,0.0,0.0,28.0,252.25,0.0,0.0,46726.0,10.752056033913902,0.2606257757993408,284969.8882848949,12.56013879852817,38808.0,0.05208719851576995,1.558237911166217,-0.6695267378777694,0.625164084571656,-1.427781892769762,0.9054199616856284,-1.981525152271553
Bispebjerg,2010,9.834871,9.842612,0.37098745,102,129.0,2800000.0,0.0,0.0460267378956725,758.0,720.0,494.0,459.0,296.0,254.0,124.0,112.0,,,0.0,,,0.0,46.0,52.0,,,35.0,37.0,27.0,16.0,,,13.0,,0.0,,74.0,53.0,143.0,149.0,806.0,819.0,989.0,956.0,1048.0,634.0,487.0,353.0,384.0,290.0,19.0,18.0,,,460.0,637.0,278.0,271.0,166.0,118.0,123.0,118.0,,,1559.0,1503.0,997.0,1052.0,4521.0,5029.0,3541.0,2867.0,2083.0,1688.0,1822.0,1592.0,2617.0,3799.0,1892.0,1251.0,988.0,725.0,1037.0,192.0,166.0,109.0,71.0,112.0,632.0,450.0,381.0,334.0,420.0,270.0,133.0,95.0,55.0,82.0,493.0,328.0,288.0,210.0,333.0,305.0,174.0,115.0,55.0,90.0,3489167.0,168893.0,20659.0,3282698.0,160382.0,20468.0,3737476.0,262205.0,14254.0,3043164.0,223204.0,13634.0,3751077.0,180853.0,20741.0,3694721.0,180020.0,20524.0,5157025.0,250074.0,20622.0,4655567.0,227511.0,20463.0,4131964.0,209160.0,19755.0,3672087.0,186656.0,19673.0,0.0,0.0,7612.5,7575.25,0.0,0.0,0.0,0.0,0.0,0.0,0.0,0.0,0.0,0.0,0.0,0.0,2482.75,1951.0,0.0,0.0,0.0,0.0,186.0,889.0,0.0,0.0,0.0,0.0,0.0,0.0,0.0,0.0,0.0,0.0,0.0,0.0,521.0,811.0,0.0,0.0,0.0,0.0,36.0,389.75,0.0,0.0,0.0,0.0,0.0,0.0,0.0,0.0,0.0,0.0,0.0,0.0,216.0,797.5,0.0,0.0,0.0,0.0,6.25,127.25,0.0,0.0,0.0,0.0,0.0,0.0,0.0,0.0,0.0,0.0,0.0,0.0,30.25,252.25,0.0,0.0,47506.0,10.768611297835038,0.27019744874331664,299281.4170841578,12.609139603988623,39410.0,0.06341791423496575,1.5692259381378553,-0.6189516148223272,0.7818650193871491,-1.0948223962890387,1.944934021744252,-1.8705038907387925
Bispebjerg,2011,9.926835,9.948224,0.25863552,51,103.0,2400000.0,-4.0,0.0453789193401341,749.0,723.0,565.0,509.0,328.0,319.0,139.0,124.0,,,,,,0.0,56.0,61.0,,,36.0,49.0,29.0,13.0,,,,,,,81.0,66.0,162.0,141.0,895.0,886.0,1059.0,979.0,1115.0,688.0,539.0,377.0,412.0,314.0,16.0,21.0,,,567.0,696.0,326.0,313.0,177.0,132.0,119.0,123.0,,,1642.0,1531.0,1039.0,1078.0,4572.0,5134.0,3557.0,2880.0,2108.0,1696.0,1823.0,1585.0,2612.0,3667.0,2103.0,1356.0,910.0,638.0,1118.0,276.0,216.0,131.0,74.0,155.0,651.0,456.0,302.0,252.0,431.0,259.0,121.0,92.0,56.0,95.0,540.0,380.0,247.0,197.0,327.0,377.0,183.0,138.0,59.0,110.0,3618243.0,169974.0,21287.0,3355653.0,161438.0,20786.0,3868469.0,260556.0,14847.0,3056011.0,218489.0,13987.0,3885378.0,181985.0,21350.0,3797179.0,182136.0,20848.0,5317779.0,250107.0,21262.0,4744110.0,228291.0,20781.0,4264770.0,207896.0,20514.0,3746310.0,186023.0,20139.0,0.0,0.0,7446.5,7372.25,0.0,0.0,0.0,0.0,0.0,0.0,0.0,0.0,0.0,0.0,0.0,0.0,2503.0,1920.0,0.0,0.0,0.0,0.0,194.25,909.25,0.0,0.0,0.0,0.0,0.0,0.0,0.0,0.0,0.0,0.0,0.0,0.0,544.25,829.5,0.0,0.0,0.0,0.0,42.25,403.75,0.0,0.0,0.0,0.0,0.0,0.0,0.0,0.0,0.0,0.0,0.0,0.0,236.25,815.75,0.0,0.0,0.0,0.0,5.75,131.5,0.0,0.0,0.0,0.0,0.0,0.0,0.0,0.0,0.0,0.0,0.0,0.0,34.25,257.5,0.0,0.0,48828.0,10.79605919778969,0.2847546489719014,300164.9258622102,12.612087355453621,40388.0,0.06251609388927404,1.5878689841833713,-0.5351002836425387,1.0201856240993306,-1.074792483835293,1.8621983012279142,-1.682137544703337
Bispebjerg,2012,9.873449,9.839568,0.40038005,86,99.0,1926118.0,-4.0,0.0540971360924587,747.0,660.0,626.0,584.0,353.0,361.0,155.0,139.0,,,,,,0.0,59.0,65.0,24.0,22.0,51.0,71.0,31.0,14.0,,,,,,8.0,96.0,70.0,157.0,137.0,902.0,901.0,1137.0,1025.0,1165.0,733.0,576.0,397.0,418.0,341.0,17.0,26.0,34.0,35.0,605.0,739.0,345.0,336.0,189.0,138.0,130.0,130.0,173.0,203.0,1689.0,1606.0,1064.0,1067.0,4790.0,5376.0,3508.0,2848.0,2139.0,1686.0,1801.0,1562.0,2657.0,3555.0,2023.0,1374.0,970.0,716.0,1155.0,291.0,192.0,147.0,112.0,180.0,591.0,408.0,291.0,256.0,404.0,255.0,144.0,108.0,64.0,89.0,506.0,393.0,261.0,210.0,355.0,380.0,237.0,163.0,74.0,127.0,3740615.0,172426.0,21694.0,3449274.0,162855.0,21180.0,3980469.0,262183.0,15182.0,3127143.0,218773.0,14294.0,4012908.0,184391.0,21763.0,3898176.0,183608.0,21231.0,5501194.0,253745.0,21680.0,4876834.0,230289.0,21177.0,4428924.0,210650.0,21025.0,3874716.0,188679.0,20536.0,0.0,0.0,7302.75,7191.25,0.0,0.0,0.0,0.0,0.0,0.0,0.0,0.0,0.0,0.0,0.0,0.0,2640.5,1868.0,0.0,0.0,0.0,0.0,198.75,945.75,0.0,0.0,0.0,0.0,0.0,0.0,0.0,0.0,0.0,0.0,0.0,0.0,547.75,839.0,0.0,0.0,0.0,0.0,38.25,405.25,0.0,0.0,0.0,0.0,0.0,0.0,0.0,0.0,0.0,0.0,0.0,0.0,234.5,842.75,0.0,0.0,0.0,0.0,7.25,136.25,0.0,0.0,0.0,0.0,0.0,0.0,0.0,0.0,0.0,0.0,0.0,0.0,44.25,249.0,0.0,0.0,50473.0,10.829193818819975,0.2996651675153052,299189.1308224199,12.608831196957427,41688.0,0.0633323738246018,1.6022987282498802,-0.43387643460062364,1.2642905165262759,-1.0969180159192353,1.9370862863072167,-1.5363417258549028
Bispebjerg,2013,10.004742,10.139031,0.45631647,104,91.0,2637500.0,-2.0,0.0560661247939122,744.0,680.0,650.0,602.0,418.0,400.0,172.0,144.0,,,,,,0.0,78.0,85.0,25.0,23.0,49.0,73.0,31.0,16.0,,,,,,9.0,122.0,76.0,136.0,121.0,887.0,873.0,1151.0,1066.0,1162.0,770.0,658.0,414.0,439.0,363.0,16.0,21.0,39.0,36.0,634.0,782.0,358.0,385.0,209.0,157.0,134.0,127.0,179.0,205.0,1738.0,1643.0,1008.0,1043.0,4968.0,5661.0,3509.0,2829.0,2168.0,1686.0,1758.0,1569.0,2669.0,3461.0,2073.0,1371.0,991.0,753.0,1038.0,314.0,217.0,182.0,105.0,160.0,535.0,362.0,257.0,246.0,373.0,244.0,166.0,101.0,60.0,85.0,530.0,380.0,287.0,241.0,293.0,450.0,246.0,164.0,101.0,127.0,3834492.0,174485.0,21976.0,3556453.0,164066.0,21677.0,4072236.0,261695.0,15561.0,3218218.0,218525.0,14727.0,4111518.0,186667.0,22026.0,4021079.0,185022.0,21733.0,5606462.0,255431.0,21949.0,5005638.0,231026.0,21667.0,4469245.0,210664.0,21215.0,3948851.0,188238.0,20978.0,0.0,0.0,7176.25,7113.25,0.0,0.0,0.0,0.0,0.0,0.0,0.0,0.0,0.0,0.0,0.0,0.0,2708.5,1850.25,0.0,0.0,0.0,0.0,183.0,934.75,0.0,0.0,0.0,0.0,0.0,0.0,0.0,0.0,0.0,0.0,0.0,0.0,551.5,824.5,0.0,0.0,0.0,0.0,39.5,420.5,0.0,0.0,0.0,0.0,0.0,0.0,0.0,0.0,0.0,0.0,0.0,0.0,240.5,887.75,0.0,0.0,0.0,0.0,7.25,136.75,0.0,0.0,0.0,0.0,0.0,0.0,0.0,0.0,0.0,0.0,0.0,0.0,45.75,253.5,0.0,0.0,51429.0,10.84795749467559,0.3056446751832624,301844.1346322114,12.617666052636778,42543.0,0.060536398467432945,1.6144672385393715,-0.3765547742579815,1.3621829588181975,-1.0368853476633868,1.6805750678295948,-1.413393050282779
Bispebjerg,2014,10.040171,10.118677,0.34658563,141,84.0,2175000.0,0.0,0.0365722841110513,744.0,684.0,677.0,664.0,447.0,450.0,182.0,147.0,,,,,,0.0,91.0,88.0,25.0,26.0,54.0,70.0,27.0,23.0,,,,,,9.0,137.0,91.0,126.0,127.0,901.0,872.0,1230.0,1116.0,1171.0,772.0,694.0,467.0,472.0,386.0,17.0,35.0,38.0,42.0,663.0,829.0,434.0,439.0,215.0,177.0,144.0,145.0,170.0,212.0,1768.0,1654.0,997.0,1013.0,5086.0,5907.0,3450.0,2845.0,2131.0,1658.0,1741.0,1561.0,2656.0,3365.0,1896.0,1233.0,874.0,691.0,857.0,359.0,299.0,183.0,137.0,160.0,326.0,239.0,210.0,174.0,272.0,182.0,100.0,78.0,44.0,76.0,542.0,346.0,247.0,199.0,238.0,487.0,249.0,156.0,137.0,111.0,3963111.0,176917.0,22401.0,3694124.0,166717.0,22158.0,4179037.0,262091.0,15945.0,3344750.0,219127.0,15264.0,4263669.0,189842.0,22459.0,4173099.0,187817.0,22219.0,5760169.0,257576.0,22363.0,5172196.0,233497.0,22151.0,4582716.0,211927.0,21624.0,4055276.0,189242.0,21429.0,0.0,0.0,7038.25,6994.0,0.0,0.0,0.0,0.0,0.0,0.0,0.0,0.0,0.0,0.0,0.0,0.0,2826.75,1830.75,0.0,0.0,0.0,0.0,192.25,911.25,0.0,0.0,0.0,0.0,0.0,0.0,0.0,0.0,0.0,0.0,0.0,0.0,559.25,837.5,0.0,0.0,0.0,0.0,37.5,442.25,0.0,0.0,0.0,0.0,0.0,0.0,0.0,0.0,0.0,0.0,0.0,0.0,237.0,867.25,0.0,0.0,0.0,0.0,6.25,142.5,0.0,0.0,0.0,0.0,0.0,0.0,0.0,0.0,0.0,0.0,0.0,0.0,44.5,266.25,0.0,0.0,52362.0,10.865936416391367,0.3156869485504755,307360.35674725944,12.63577613868384,43318.0,0.05197608384505287,1.6247874835905052,-0.32163048054021726,1.5265882444485885,-0.913827673921298,0.8952259664119222,-1.3091189501316338
Bispebjerg,2015,10.166775,10.173997,0.23503907,200,63.5,1642500.0,0.0,0.0208245745104417,755.0,690.0,687.0,664.0,523.0,514.0,179.0,150.0,,,,0.0,,,98.0,97.0,30.0,28.0,50.0,76.0,26.0,27.0,,,,4.0,,,153.0,107.0,127.0,127.0,829.0,921.0,1306.0,1153.0,1169.0,808.0,772.0,500.0,488.0,412.0,23.0,38.0,32.0,46.0,738.0,921.0,507.0,499.0,240.0,188.0,149.0,145.0,176.0,215.0,1757.0,1680.0,1001.0,962.0,5300.0,6135.0,3372.0,2847.0,2108.0,1668.0,1765.0,1564.0,2630.0,3306.0,2090.0,1207.0,861.0,575.0,759.0,416.0,309.0,203.0,112.0,178.0,343.0,206.0,173.0,145.0,214.0,170.0,97.0,60.0,41.0,70.0,538.0,315.0,229.0,159.0,200.0,623.0,280.0,196.0,118.0,97.0,4144232.0,180797.0,22922.0,3806998.0,168354.0,22613.0,4405827.0,268255.0,16424.0,3478620.0,221964.0,15672.0,4458399.0,193945.0,22988.0,4322206.0,190498.0,22689.0,6032185.0,263829.0,22864.0,5343949.0,236406.0,22605.0,4762495.0,215839.0,22065.0,4164646.0,191056.0,21798.0,0.0,0.0,6844.75,6918.0,0.0,0.0,0.0,0.0,0.0,0.0,0.0,0.0,0.0,0.0,0.0,0.0,3010.0,1802.5,0.0,0.0,0.0,0.0,196.0,895.75,0.0,0.0,0.0,0.0,0.0,0.0,0.0,0.0,0.0,0.0,0.0,0.0,601.25,816.0,0.0,0.0,0.0,0.0,43.25,429.5,0.0,0.0,0.0,0.0,0.0,0.0,0.0,0.0,0.0,0.0,0.0,0.0,244.5,834.0,0.0,0.0,0.0,0.0,6.0,139.0,0.0,0.0,0.0,0.0,0.0,0.0,0.0,0.0,0.0,0.0,0.0,0.0,44.75,282.75,0.0,0.0,53482.0,10.88710042767444,0.3251000336561834,312849.83732844697,12.653478601459767,44380.0,0.04703019378098242,1.6346178812532457,-0.256975970646138,1.6806928867818365,-0.7935397921823211,0.44147508354444687,-1.2097941893985944
Bispebjerg,2016,10.30357,10.311876,0.25260752,220,72.5,2062500.0,0.0,0.0213395875527952,747.0,713.0,711.0,675.0,578.0,558.0,191.0,162.0,,,,,,,108.0,121.0,33.0,34.0,54.0,76.0,27.0,26.0,,,,,,,141.0,90.0,127.0,136.0,815.0,934.0,1336.0,1167.0,1105.0,819.0,862.0,512.0,513.0,456.0,30.0,33.0,35.0,64.0,821.0,1085.0,590.0,557.0,241.0,207.0,156.0,140.0,183.0,219.0,1757.0,1635.0,960.0,934.0,5527.0,6346.0,3287.0,2868.0,2095.0,1619.0,1773.0,1543.0,2638.0,3286.0,2205.0,1320.0,836.0,516.0,637.0,526.0,387.0,247.0,136.0,133.0,285.0,204.0,142.0,120.0,196.0,181.0,103.0,68.0,36.0,51.0,535.0,298.0,189.0,134.0,156.0,678.0,328.0,190.0,90.0,101.0,4259789.0,183953.0,23157.0,3928201.0,171695.0,22879.0,4606211.0,272912.0,16878.0,3650828.0,227594.0,16041.0,4589875.0,197550.0,23234.0,4473059.0,194811.0,22961.0,6194295.0,268407.0,23078.0,5519739.0,241321.0,22873.0,4898907.0,221010.0,22166.0,4300813.0,196250.0,21915.0,0.0,0.0,6851.25,6821.75,0.0,0.0,0.0,0.0,0.0,0.0,0.0,0.0,0.0,0.0,0.0,0.0,3149.0,1796.5,0.0,0.0,0.0,0.0,188.5,897.0,0.0,0.0,0.0,0.0,0.0,0.0,0.0,0.0,0.0,0.0,0.0,0.0,639.75,799.5,0.0,0.0,0.0,0.0,44.25,412.5,0.0,0.0,0.0,0.0,0.0,0.0,0.0,0.0,0.0,0.0,0.0,0.0,248.0,814.25,0.0,0.0,0.0,0.0,5.75,132.75,0.0,0.0,0.0,0.0,0.0,0.0,0.0,0.0,0.0,0.0,0.0,0.0,45.5,281.75,0.0,0.0,54456.0,10.905148315127787,0.3339944175113853,316786.4698104892,12.665983229078819,45372.0,0.04339680860442564,1.6370741093047387,-0.20184099163330052,1.8263057041937778,-0.7085710967375366,0.10813736064661796,-1.1849768552591011
Bispebjerg,2017,10.463103,10.439661,0.22687383,91,73.0,2400000.0,0.0,0.0297998980167897,733.0,694.0,686.0,668.0,658.0,576.0,197.0,169.0,,,,,,,132.0,129.0,36.0,33.0,58.0,81.0,34.0,28.0,,,,,,,124.0,96.0,129.0,124.0,767.0,894.0,1353.0,1198.0,1056.0,812.0,936.0,556.0,552.0,472.0,25.0,29.0,35.0,57.0,887.0,1159.0,663.0,581.0,242.0,226.0,162.0,136.0,189.0,226.0,1812.0,1682.0,977.0,968.0,5455.0,6331.0,3371.0,2951.0,2004.0,1554.0,1847.0,1586.0,2618.0,3226.0,2131.0,1243.0,794.0,562.0,626.0,639.0,399.0,252.0,159.0,161.0,245.0,180.0,130.0,133.0,160.0,118.0,76.0,56.0,44.0,68.0,484.0,283.0,187.0,118.0,138.0,645.0,305.0,169.0,108.0,99.0,4349096.0,187817.0,23156.0,4018877.0,175130.0,22948.0,4731884.0,279184.0,16949.0,3808041.0,234774.0,16220.0,4694271.0,202139.0,23223.0,4590784.0,199305.0,23034.0,6321136.0,273749.0,23091.0,5639882.0,245896.0,22936.0,4980768.0,225998.0,22039.0,4401910.0,200808.0,21921.0,0.0,0.0,6905.75,6838.0,0.0,0.0,0.0,0.0,0.0,0.0,0.0,0.0,0.0,0.0,0.0,0.0,3190.0,1817.5,0.0,0.0,0.0,0.0,181.5,848.25,0.0,0.0,0.0,0.0,0.0,0.0,0.0,0.0,0.0,0.0,0.0,0.0,673.75,808.5,0.0,0.0,0.0,0.0,46.0,416.5,0.0,0.0,0.0,0.0,0.0,0.0,0.0,0.0,0.0,0.0,0.0,0.0,276.25,831.25,0.0,0.0,0.0,0.0,9.25,128.75,0.0,0.0,0.0,0.0,0.0,0.0,0.0,0.0,0.0,0.0,0.0,0.0,53.5,283.75,0.0,0.0,54980.0,10.914724761719237,0.3382684612586395,321080.902146235,12.67944840196573,45811.0,0.042343541944074574,1.6440676148186284,-0.1725856461973348,1.896277448376551,-0.6170755153420342,0.011507498106599137,-1.1143155976290988
Bispebjerg,2018,10.449725,10.412981,0.29268366,197,65.0,2195000.0,0.0,0.0261286178189954,736.0,673.0,651.0,641.0,649.0,635.0,206.0,191.0,54.0,53.0,,,,,139.0,132.0,37.0,34.0,54.0,71.0,44.0,35.0,16.0,12.0,,,,,101.0,78.0,124.0,128.0,711.0,860.0,1231.0,1135.0,993.0,821.0,954.0,584.0,584.0,484.0,21.0,35.0,41.0,64.0,940.0,1274.0,697.0,588.0,259.0,234.0,173.0,138.0,198.0,235.0,1851.0,1733.0,983.0,962.0,5410.0,6191.0,3377.0,3082.0,2030.0,1556.0,1833.0,1601.0,2654.0,3184.0,1977.0,1258.0,853.0,493.0,522.0,590.0,451.0,264.0,152.0,153.0,242.0,165.0,148.0,96.0,127.0,129.0,83.0,54.0,38.0,39.0,438.0,259.0,178.0,93.0,108.0,578.0,300.0,209.0,114.0,95.0,4569568.0,195707.0,23349.0,4186291.0,181705.0,23039.0,5056658.0,292614.0,17281.0,4025985.0,244414.0,16472.0,4919941.0,210146.0,23412.0,4808876.0,207969.0,23123.0,6624651.0,284478.0,23287.0,5850307.0,254140.0,23020.0,5114945.0,230788.0,22163.0,4463157.0,203426.0,21940.0,0.0,0.0,6851.5,6829.75,0.0,0.0,0.0,0.0,0.0,0.0,0.0,0.0,0.0,0.0,0.0,0.0,3294.0,1848.25,0.0,0.0,0.0,0.0,193.25,874.0,0.0,0.0,0.0,0.0,0.0,0.0,0.0,0.0,0.0,0.0,0.0,0.0,688.0,842.25,0.0,0.0,0.0,0.0,45.5,418.0,0.0,0.0,0.0,0.0,0.0,0.0,0.0,0.0,0.0,0.0,0.0,0.0,291.75,856.75,0.0,0.0,0.0,0.0,10.25,133.25,0.0,0.0,0.0,0.0,0.0,0.0,0.0,0.0,0.0,0.0,0.0,0.0,60.5,285.25,0.0,0.0,55195.0,10.918627648452452,0.33966844822900627,334897.65377298667,12.72158025300376,46031.0,0.03946253611696465,1.6570799987246119,-0.1606626120648621,1.9191970851286668,-0.3307904272582365,-0.25280467233448817,-0.9828405584323681
Bispebjerg,2019,10.454135,10.4506445,0.21639314,273,70.0,2269000.0,-2.0,0.0164101759498335,724.0,656.0,647.0,626.0,660.0,619.0,235.0,217.0,69.0,59.0,,,,,130.0,140.0,42.0,40.0,52.0,70.0,45.0,35.0,17.0,13.0,,,,,101.0,85.0,140.0,114.0,660.0,767.0,1168.0,1140.0,948.0,846.0,987.0,618.0,652.0,521.0,19.0,33.0,38.0,59.0,1023.0,1213.0,759.0,678.0,262.0,246.0,184.0,151.0,214.0,236.0,1865.0,1775.0,1016.0,992.0,5265.0,5973.0,3555.0,3254.0,2042.0,1561.0,1785.0,1585.0,2653.0,3154.0,1900.0,1265.0,821.0,490.0,547.0,577.0,419.0,299.0,182.0,175.0,212.0,150.0,115.0,84.0,110.0,111.0,89.0,43.0,32.0,48.0,380.0,270.0,161.0,82.0,117.0,620.0,337.0,203.0,110.0,97.0,4658068.0,201875.0,23074.0,4325841.0,187754.0,23040.0,5178526.0,299233.0,17306.0,4215067.0,251977.0,16728.0,5031465.0,217473.0,23136.0,4951980.0,214232.0,23115.0,6764873.0,293755.0,23029.0,6062128.0,263296.0,23024.0,5236651.0,237921.0,22010.0,4613894.0,209162.0,22059.0,0.0,0.0,6841.0,6779.25,0.0,0.0,0.0,0.0,0.0,0.0,0.0,0.0,0.0,0.0,0.0,0.0,3325.25,1853.25,0.0,0.0,0.0,0.0,204.25,892.0,0.0,0.0,0.0,0.0,0.0,0.0,0.0,0.0,0.0,0.0,0.0,0.0,707.0,898.75,0.0,0.0,0.0,0.0,41.0,401.25,0.0,0.0,0.0,0.0,0.0,0.0,0.0,0.0,0.0,0.0,0.0,0.0,322.25,883.0,0.0,0.0,0.0,0.0,8.75,129.25,0.0,0.0,0.0,0.0,0.0,0.0,0.0,0.0,0.0,0.0,0.0,0.0,59.0,286.75,0.0,0.0,55433.0,10.922930363265726,0.3419984485775621,342167.1928273772,12.74305476450406,46191.0,0.039299863609794115,1.6678867637102235,-0.14751813232775537,1.9573422698707885,-0.1848715496169211,-0.2677287391436379,-0.8736507389235992
Bispebjerg,2020,10.518673,10.511386,0.1973403,337,64.0,2250000.0,0.0,0.0134695133022084,688.0,627.0,653.0,605.0,662.0,674.0,254.0,226.0,84.0,80.0,,,,,131.0,139.0,39.0,32.0,57.0,71.0,41.0,40.0,19.0,11.0,,,,,96.0,65.0,139.0,110.0,623.0,723.0,1095.0,1112.0,890.0,829.0,996.0,634.0,705.0,553.0,21.0,31.0,44.0,64.0,899.0,1177.0,787.0,710.0,270.0,242.0,177.0,151.0,220.0,239.0,1939.0,1881.0,1015.0,999.0,5028.0,5814.0,3603.0,3383.0,2043.0,1574.0,1768.0,1563.0,2685.0,3093.0,1928.0,1326.0,934.0,699.0,807.0,572.0,470.0,320.0,193.0,244.0,201.0,147.0,134.0,131.0,159.0,135.0,93.0,59.0,50.0,65.0,425.0,278.0,175.0,163.0,191.0,595.0,338.0,246.0,162.0,148.0,4849908.0,213267.0,22741.0,4539969.0,198209.0,22905.0,5343329.0,317375.0,16836.0,4449963.0,268555.0,16570.0,5227959.0,228925.0,22837.0,5195854.0,225926.0,22998.0,7043278.0,310031.0,22718.0,6370974.0,278221.0,22899.0,5424818.0,249566.0,21737.0,4846306.0,220628.0,21966.0,0.0,0.0,6976.0,6841.25,0.0,0.0,0.0,0.0,0.0,0.0,0.0,0.0,0.0,0.0,0.0,0.0,3354.75,1808.25,0.0,0.0,0.0,0.0,210.5,925.5,0.0,0.0,0.0,0.0,0.0,0.0,0.0,0.0,0.0,0.0,0.0,0.0,745.25,901.0,0.0,0.0,0.0,0.0,46.5,401.25,0.0,0.0,0.0,0.0,0.0,0.0,0.0,0.0,0.0,0.0,0.0,0.0,323.75,933.75,0.0,0.0,0.0,0.0,11.5,124.75,0.0,0.0,0.0,0.0,0.0,0.0,0.0,0.0,0.0,0.0,0.0,0.0,71.0,291.25,0.0,0.0,55123.0,10.917322330911832,0.3398762766903108,359445.05923117395,12.792316618959847,45805.0,0.04962776989411636,1.6724977833411567,-0.16465026188776805,1.922599511680253,0.14986176958418163,0.6797845565374562,-0.8270617363938568
Bispebjerg,2021,10.648589,10.631965,0.22757271,366,62.5,2595000.0,0.0,0.0149049571679406,645.0,594.0,606.0,587.0,674.0,698.0,279.0,242.0,94.0,90.0,,,,,132.0,140.0,44.0,37.0,60.0,73.0,36.0,38.0,17.0,9.0,,,,,73.0,64.0,134.0,103.0,519.0,607.0,1091.0,1103.0,847.0,812.0,999.0,650.0,750.0,605.0,24.0,32.0,43.0,54.0,808.0,1044.0,851.0,746.0,265.0,263.0,174.0,140.0,229.0,245.0,1979.0,1829.0,1042.0,1033.0,4818.0,5627.0,3640.0,3467.0,2012.0,1564.0,1709.0,1543.0,2692.0,3092.0,1880.0,1252.0,940.0,593.0,638.0,600.0,482.0,305.0,175.0,163.0,191.0,160.0,136.0,102.0,138.0,143.0,74.0,68.0,52.0,63.0,376.0,242.0,202.0,137.0,135.0,570.0,294.0,229.0,127.0,139.0,5065889.0,225542.0,22461.0,4715800.0,207882.0,22685.0,5641718.0,328637.0,17167.0,4709211.0,277830.0,16950.0,5454224.0,241637.0,22572.0,5412755.0,237412.0,22799.0,7365222.0,328233.0,22439.0,6630099.0,292307.0,22682.0,5649769.0,263417.0,21448.0,5034624.0,231232.0,21773.0,0.0,0.0,7114.5,7058.25,0.0,0.0,0.0,0.0,0.0,0.0,0.0,0.0,0.0,0.0,0.0,0.0,3362.25,1744.0,0.0,0.0,0.0,0.0,220.25,914.25,0.0,0.0,0.0,0.0,0.0,0.0,0.0,0.0,0.0,0.0,0.0,0.0,702.0,852.0,0.0,0.0,0.0,0.0,46.0,415.75,0.0,0.0,0.0,0.0,0.0,0.0,0.0,0.0,0.0,0.0,0.0,0.0,352.25,955.25,0.0,0.0,0.0,0.0,9.5,119.5,0.0,0.0,0.0,0.0,0.0,0.0,0.0,0.0,0.0,0.0,0.0,0.0,68.5,293.0,0.0,0.0,54417.0,10.90443188402608,0.33757833030119266,379452.5240274179,12.846484766614964,45222.0,0.044732652248905394,1.6615587819500768,-0.2040296363629904,1.8849790926126198,0.5179332532886137,0.2306916886246938,-0.9375876513266309
Bispebjerg,2022,10.672156,10.645289,0.23674303,280,64.0,2600500.0,-2.0,0.0177275724788826,564.0,543.0,568.0,533.0,722.0,725.0,296.0,276.0,105.0,92.0,,,,,138.0,146.0,47.0,43.0,59.0,68.0,34.0,36.0,20.0,10.0,,,,,82.0,61.0,127.0,115.0,490.0,564.0,1092.0,1079.0,848.0,801.0,995.0,666.0,803.0,628.0,23.0,21.0,34.0,56.0,805.0,947.0,855.0,765.0,317.0,279.0,167.0,144.0,229.0,247.0,2000.0,1825.0,1049.0,1090.0,4573.0,5395.0,3617.0,3538.0,1970.0,1544.0,1665.0,1513.0,2674.0,3084.0,2018.0,1239.0,690.0,379.0,301.0,720.0,420.0,257.0,132.0,81.0,236.0,159.0,99.0,55.0,52.0,112.0,78.0,46.0,30.0,34.0,402.0,247.0,102.0,58.0,63.0,548.0,335.0,186.0,104.0,71.0,5247116.0,231784.0,22638.0,4800551.0,209521.0,22912.0,6039911.0,343567.0,17580.0,5011649.0,288374.0,17379.0,5608907.0,246947.0,22713.0,5555636.0,241718.0,22984.0,7649838.0,338070.0,22628.0,6796894.0,296730.0,22906.0,5793831.0,267762.0,21638.0,5177919.0,235242.0,22011.0,0.0,0.0,7278.0,7242.5,0.0,0.0,0.0,0.0,0.0,0.0,0.0,0.0,0.0,0.0,0.0,0.0,3270.5,1729.75,0.0,0.0,0.0,0.0,217.0,914.5,0.0,0.0,0.0,0.0,0.0,0.0,0.0,0.0,0.0,0.0,0.0,0.0,732.75,820.25,0.0,0.0,0.0,0.0,42.75,430.5,0.0,0.0,0.0,0.0,0.0,0.0,0.0,0.0,0.0,0.0,0.0,0.0,382.0,957.25,0.0,0.0,0.0,0.0,6.75,122.25,0.0,0.0,0.0,0.0,0.0,0.0,0.0,0.0,0.0,0.0,0.0,0.0,67.0,299.25,0.0,0.0,53802.0,10.893065920180103,0.33948552098435003,394264.33961562766,12.88477687604876,44737.0,0.032516708764557305,1.654917798719047,-0.2387518264103566,1.916202324399938,0.778127373700596,-0.8900358385294922,-1.0046870803715249
Bispebjerg,2023,10.637457,10.621796,0.21224104,307,63.0,2475000.0,-2.0,0.0151778841314911,531.0,473.0,552.0,524.0,719.0,743.0,339.0,310.0,110.0,87.0,,,,,126.0,136.0,51.0,57.0,56.0,56.0,44.0,41.0,20.0,11.0,,,,,93.0,80.0,181.0,144.0,460.0,526.0,1057.0,1101.0,858.0,827.0,977.0,719.0,893.0,678.0,23.0,15.0,35.0,42.0,819.0,1011.0,899.0,821.0,342.0,291.0,175.0,149.0,227.0,247.0,1979.0,1831.0,1067.0,1075.0,4386.0,5375.0,3766.0,3675.0,1982.0,1539.0,1688.0,1525.0,2674.0,3052.0,1960.0,1196.0,730.0,377.0,338.0,677.0,442.0,268.0,132.0,97.0,201.0,134.0,78.0,52.0,58.0,146.0,87.0,48.0,37.0,27.0,379.0,190.0,123.0,62.0,62.0,557.0,343.0,213.0,94.0,94.0,5596217.0,248511.0,22519.0,5120491.0,222766.0,22986.0,6410701.0,361492.0,17734.0,5384374.0,305012.0,17653.0,5993356.0,265111.0,22607.0,5944750.0,257571.0,23080.0,8185116.0,364398.0,22462.0,7293959.0,317640.0,22963.0,6115876.0,278767.0,21939.0,5482796.0,242806.0,22581.0,0.0,0.0,7393.0,7256.75,0.0,0.0,0.0,0.0,0.0,0.0,0.0,0.0,0.0,0.0,0.0,0.0,3296.25,1772.5,0.0,0.0,0.0,0.0,214.25,901.0,0.0,0.0,0.0,0.0,0.0,0.0,0.0,0.0,0.0,0.0,0.0,0.0,764.25,836.75,0.0,0.0,0.0,0.0,42.75,433.5,0.0,0.0,0.0,0.0,0.0,0.0,0.0,0.0,0.0,0.0,0.0,0.0,385.0,978.0,0.0,0.0,0.0,0.0,7.0,124.75,0.0,0.0,0.0,0.0,0.0,0.0,0.0,0.0,0.0,0.0,0.0,0.0,57.75,297.5,0.0,0.0,54290.0,10.902095326899497,0.3440044207036287,417292.5769018235,12.941542878024169,45275.0,0.03286361126449475,1.65602156617261,-0.21116764785987296,1.9901826844156973,1.163851225734217,-0.8582099561147088,-0.9935347911161687
Brønshøj-Husum,2008,10.140054,10.087825,0.35297996,91,108.0,2775000.0,-5.0,0.0463639504420243,845.0,807.0,516.0,472.0,172.0,156.0,62.0,53.0,0.0,,0.0,,0.0,0.0,42.0,44.0,,,16.0,12.0,6.0,7.0,10.0,,8.0,,,,33.0,40.0,180.0,191.0,479.0,499.0,752.0,805.0,710.0,537.0,341.0,269.0,257.0,204.0,7.0,9.0,,,134.0,120.0,107.0,126.0,103.0,98.0,94.0,117.0,,,1790.0,1718.0,1698.0,1555.0,1708.0,1769.0,1966.0,1940.0,2104.0,2144.0,2000.0,1963.0,2891.0,4353.0,1115.0,612.0,420.0,273.0,366.0,110.0,52.0,27.0,12.0,21.0,438.0,270.0,222.0,164.0,216.0,96.0,64.0,34.0,23.0,38.0,328.0,154.0,112.0,58.0,76.0,143.0,72.0,25.0,16.0,15.0,2706332.0,182232.0,14851.0,2650258.0,165135.0,16049.0,3269452.0,308614.0,10594.0,2508501.0,250250.0,10024.0,2983113.0,199981.0,14917.0,3113457.0,192831.0,16146.0,4243849.0,286882.0,14793.0,3852992.0,240286.0,16035.0,3256043.0,225332.0,14450.0,2879174.0,183025.0,15731.0,0.0,0.0,3964.75,4863.0,0.0,0.0,0.0,0.0,0.0,0.0,0.0,0.0,0.0,0.0,0.0,0.0,1092.25,2521.5,0.0,0.0,0.0,0.0,140.0,722.25,0.0,0.0,0.0,0.0,0.0,0.0,0.0,0.0,0.0,0.0,0.0,0.0,393.75,860.0,0.0,0.0,0.0,0.0,47.25,404.75,0.0,0.0,0.0,0.0,0.0,0.0,0.0,0.0,0.0,0.0,0.0,0.0,276.0,1317.5,0.0,0.0,0.0,0.0,10.75,133.25,0.0,0.0,0.0,0.0,0.0,0.0,0.0,0.0,0.0,0.0,0.0,0.0,56.75,487.25,0.0,0.0,39039.0,10.572316425444868,0.24180947257870336,293377.3918389303,12.58921508595837,29092.0,0.03525367798707549,1.8834653866173154,-1.2186181241318337,0.3171163355831785,-1.2302090991939167,-0.6389380209454407,1.3045210781293937
Brønshøj-Husum,2009,9.906096,9.866869,0.37449914,120,114.5,2422500.0,-7.0,0.0428362337951132,824.0,797.0,566.0,522.0,190.0,180.0,,,,,0.0,,0.0,0.0,43.0,49.0,27.0,28.0,25.0,10.0,,,,,7.0,,4.0,9.0,31.0,38.0,161.0,191.0,557.0,552.0,735.0,794.0,771.0,579.0,364.0,289.0,276.0,215.0,16.0,24.0,16.0,17.0,176.0,172.0,151.0,147.0,115.0,107.0,96.0,109.0,107.0,172.0,1796.0,1704.0,1657.0,1567.0,1613.0,1670.0,1953.0,1894.0,2064.0,2133.0,1974.0,1913.0,2910.0,4295.0,1154.0,766.0,536.0,396.0,528.0,97.0,71.0,33.0,27.0,32.0,470.0,331.0,233.0,203.0,275.0,124.0,79.0,42.0,35.0,52.0,323.0,219.0,176.0,106.0,132.0,140.0,66.0,52.0,25.0,37.0,2780594.0,185931.0,14955.0,2731854.0,170549.0,16018.0,3228765.0,309565.0,10430.0,2573695.0,257601.0,9991.0,3069577.0,203999.0,15047.0,3199357.0,198496.0,16118.0,4257536.0,285377.0,14919.0,3934594.0,245974.0,15996.0,3272147.0,224319.0,14587.0,2966460.0,189224.0,15677.0,0.0,0.0,3913.25,4742.75,0.0,0.0,0.0,0.0,0.0,0.0,0.0,0.0,0.0,0.0,0.0,0.0,1040.0,2508.75,0.0,0.0,0.0,0.0,146.25,716.25,0.0,0.0,0.0,0.0,0.0,0.0,0.0,0.0,0.0,0.0,0.0,0.0,393.0,850.5,0.0,0.0,0.0,0.0,52.5,428.25,0.0,0.0,0.0,0.0,0.0,0.0,0.0,0.0,0.0,0.0,0.0,0.0,261.75,1308.25,0.0,0.0,0.0,0.0,11.75,128.5,0.0,0.0,0.0,0.0,0.0,0.0,0.0,0.0,0.0,0.0,0.0,0.0,49.5,482.75,0.0,0.0,39402.0,10.581571855419028,0.26036749403583576,299004.66981371504,12.608214470356932,29328.0,0.04656301145662848,1.8876071386638489,-1.1903434610334946,0.6209356707902898,-1.1011086608777678,0.3986143669920012,1.346368676278625
Brønshøj-Husum,2010,9.9749565,9.9622,0.35175413,118,120.0,2761000.0,-2.0,0.0405741345004163,823.0,785.0,609.0,583.0,220.0,200.0,,,,,,,0.0,0.0,50.0,55.0,24.0,28.0,19.0,11.0,,,,,,,5.0,8.0,46.0,55.0,159.0,172.0,569.0,590.0,749.0,790.0,848.0,630.0,391.0,312.0,282.0,225.0,21.0,24.0,14.0,28.0,238.0,207.0,151.0,172.0,130.0,102.0,92.0,112.0,114.0,172.0,1825.0,1738.0,1626.0,1556.0,1547.0,1581.0,1937.0,1896.0,2003.0,2068.0,1979.0,1930.0,2901.0,4188.0,1098.0,843.0,628.0,479.0,765.0,83.0,75.0,51.0,36.0,53.0,423.0,374.0,276.0,211.0,332.0,130.0,80.0,51.0,50.0,76.0,305.0,237.0,184.0,144.0,250.0,157.0,77.0,66.0,38.0,54.0,3048821.0,199818.0,15258.0,2937801.0,181413.0,16194.0,3338316.0,321952.0,10369.0,2637764.0,265904.0,9920.0,3343499.0,217931.0,15342.0,3471611.0,213362.0,16271.0,4469966.0,293478.0,15231.0,4072923.0,251648.0,16185.0,3492923.0,238637.0,14637.0,3115464.0,199428.0,15622.0,0.0,0.0,3834.75,4648.0,0.0,0.0,0.0,0.0,0.0,0.0,0.0,0.0,0.0,0.0,0.0,0.0,1032.0,2495.5,0.0,0.0,0.0,0.0,164.75,706.0,0.0,0.0,0.0,0.0,0.0,0.0,0.0,0.0,0.0,0.0,0.0,0.0,388.5,873.25,0.0,0.0,0.0,0.0,49.0,414.5,0.0,0.0,0.0,0.0,0.0,0.0,0.0,0.0,0.0,0.0,0.0,0.0,265.75,1313.0,0.0,0.0,0.0,0.0,10.5,135.5,0.0,0.0,0.0,0.0,0.0,0.0,0.0,0.0,0.0,0.0,0.0,0.0,52.0,478.0,0.0,0.0,39590.0,10.586331840100176,0.2731750442030816,323357.7165950998,12.686514471117896,29369.0,0.057901188327828666,1.898108060020165,-1.1758020552221564,0.83061219188025,-0.569061716285168,1.4388129356558188,1.4524683008284818
Brønshøj-Husum,2011,9.978995,9.948123,0.3867035,121,116.0,2720000.0,-6.0,0.0440490435470234,805.0,786.0,644.0,630.0,235.0,216.0,97.0,96.0,,,0.0,,,,51.0,55.0,,,27.0,13.0,14.0,8.0,,,13.0,,,,63.0,69.0,151.0,139.0,650.0,648.0,757.0,803.0,901.0,673.0,413.0,349.0,318.0,249.0,31.0,30.0,,,298.0,256.0,186.0,199.0,,,112.0,118.0,120.0,174.0,1864.0,1829.0,1609.0,1525.0,1582.0,1571.0,1914.0,1934.0,1996.0,1987.0,1940.0,1920.0,2885.0,4135.0,1141.0,809.0,608.0,463.0,736.0,82.0,64.0,59.0,40.0,53.0,439.0,311.0,223.0,206.0,308.0,128.0,85.0,77.0,38.0,67.0,332.0,248.0,178.0,134.0,248.0,160.0,101.0,71.0,45.0,60.0,3166670.0,204486.0,15486.0,3013945.0,184136.0,16368.0,3443650.0,323256.0,10653.0,2659062.0,264189.0,10065.0,3464184.0,222220.0,15589.0,3580074.0,217528.0,16458.0,4571165.0,295581.0,15465.0,4119416.0,251675.0,16368.0,3608642.0,241139.0,14965.0,3173337.0,200603.0,15819.0,0.0,0.0,3808.5,4521.25,0.0,0.0,0.0,0.0,0.0,0.0,0.0,0.0,0.0,0.0,0.0,0.0,1006.0,2463.5,0.0,0.0,0.0,0.0,148.0,734.75,0.0,0.0,0.0,0.0,0.0,0.0,0.0,0.0,0.0,0.0,0.0,0.0,392.25,912.75,0.0,0.0,0.0,0.0,49.75,408.0,0.0,0.0,0.0,0.0,0.0,0.0,0.0,0.0,0.0,0.0,0.0,0.0,270.5,1356.75,0.0,0.0,0.0,0.0,10.75,144.5,0.0,0.0,0.0,0.0,0.0,0.0,0.0,0.0,0.0,0.0,0.0,0.0,60.0,491.75,0.0,0.0,40088.0,10.59883231663956,0.2842995410097785,329896.0536818998,12.70653289498053,29807.0,0.055265541651289954,1.9197359794981823,-1.1376140116945674,1.0127349053457697,-0.43303692512087383,1.19701075426606,1.6709933291139236
Brønshøj-Husum,2012,9.954098,9.886292,0.41843665,149,117.0,2600000.0,-4.0,0.0429524206666743,817.0,795.0,681.0,679.0,278.0,234.0,118.0,109.0,,,0.0,3.0,,,72.0,73.0,26.0,30.0,25.0,16.0,16.0,6.0,,,14.0,4.0,,,80.0,81.0,142.0,147.0,640.0,678.0,814.0,839.0,898.0,693.0,458.0,369.0,336.0,271.0,43.0,35.0,41.0,38.0,342.0,336.0,206.0,215.0,150.0,137.0,113.0,127.0,124.0,176.0,1922.0,1885.0,1583.0,1539.0,1639.0,1572.0,1884.0,1907.0,1986.0,1970.0,1909.0,1958.0,2941.0,4090.0,1200.0,799.0,612.0,479.0,779.0,107.0,78.0,60.0,46.0,83.0,451.0,291.0,219.0,182.0,302.0,145.0,82.0,59.0,36.0,79.0,350.0,237.0,200.0,161.0,248.0,147.0,111.0,74.0,54.0,67.0,3285443.0,205739.0,15969.0,3131227.0,186516.0,16788.0,3568416.0,324785.0,10987.0,2746623.0,267467.0,10269.0,3594025.0,223648.0,16070.0,3714168.0,220021.0,16881.0,4739860.0,297095.0,15954.0,4274330.0,254637.0,16786.0,3766040.0,243615.0,15459.0,3311215.0,204220.0,16214.0,0.0,0.0,3761.75,4442.5,0.0,0.0,0.0,0.0,0.0,0.0,0.0,0.0,0.0,0.0,0.0,0.0,1041.75,2433.75,0.0,0.0,0.0,0.0,155.5,726.75,0.0,0.0,0.0,0.0,0.0,0.0,0.0,0.0,0.0,0.0,0.0,0.0,377.25,952.25,0.0,0.0,0.0,0.0,53.5,424.0,0.0,0.0,0.0,0.0,0.0,0.0,0.0,0.0,0.0,0.0,0.0,0.0,286.0,1365.0,0.0,0.0,0.0,0.0,8.5,145.5,0.0,0.0,0.0,0.0,0.0,0.0,0.0,0.0,0.0,0.0,0.0,0.0,66.25,512.0,0.0,0.0,41310.0,10.62885988039081,0.3031953522149601,332240.69232631323,12.713614962116313,30601.0,0.05562236528218032,1.9371726186034712,-1.0458819958832277,1.3220843051090159,-0.3849144200841703,1.229746831179834,1.8471703329888982
Brønshøj-Husum,2013,10.087916,10.048203,0.3213467,173,115.0,2900000.0,-3.0,0.0306127176571548,817.0,798.0,708.0,736.0,322.0,302.0,119.0,118.0,5.0,,0.0,,0.0,,78.0,79.0,29.0,32.0,19.0,13.0,15.0,7.0,6.0,,13.0,,5.0,,98.0,102.0,145.0,142.0,647.0,732.0,921.0,840.0,896.0,763.0,501.0,391.0,363.0,288.0,48.0,42.0,45.0,43.0,363.0,354.0,234.0,234.0,152.0,147.0,132.0,125.0,127.0,187.0,1968.0,1949.0,1576.0,1499.0,1748.0,1679.0,1867.0,1860.0,1972.0,1961.0,1884.0,1968.0,2986.0,4054.0,1203.0,830.0,663.0,534.0,735.0,139.0,101.0,64.0,49.0,81.0,359.0,284.0,219.0,213.0,289.0,131.0,87.0,75.0,55.0,68.0,395.0,256.0,208.0,157.0,220.0,179.0,102.0,97.0,60.0,77.0,3396376.0,208060.0,16324.0,3204628.0,189354.0,16924.0,3635619.0,321253.0,11317.0,2779336.0,267347.0,10396.0,3708743.0,225978.0,16412.0,3809869.0,224044.0,17005.0,4851589.0,297735.0,16295.0,4341865.0,256657.0,16917.0,3819564.0,242036.0,15781.0,3338675.0,204952.0,16290.0,0.0,0.0,3710.25,4325.25,0.0,0.0,0.0,0.0,0.0,0.0,0.0,0.0,0.0,0.0,0.0,0.0,1095.5,2405.75,0.0,0.0,0.0,0.0,161.5,696.5,0.0,0.0,0.0,0.0,0.0,0.0,0.0,0.0,0.0,0.0,0.0,0.0,397.25,959.25,0.0,0.0,0.0,0.0,54.5,432.75,0.0,0.0,0.0,0.0,0.0,0.0,0.0,0.0,0.0,0.0,0.0,0.0,290.25,1385.5,0.0,0.0,0.0,0.0,8.75,144.25,0.0,0.0,0.0,0.0,0.0,0.0,0.0,0.0,0.0,0.0,0.0,0.0,73.75,518.75,0.0,0.0,42254.0,10.65145430286018,0.31436077057793343,334160.45818147395,12.719376570314102,31320.0,0.055431034482758615,1.9545761491018774,-0.9768576842081836,1.5048769585275779,-0.3457644072133985,1.212193566139024,2.023012812812084
Brønshøj-Husum,2014,10.09437,10.082262,0.3598425,227,110.0,2800000.0,-3.0,0.0299261341041531,800.0,824.0,766.0,750.0,359.0,344.0,134.0,123.0,14.0,,0.0,,0.0,0.0,93.0,80.0,28.0,34.0,23.0,17.0,19.0,5.0,5.0,,10.0,,7.0,8.0,131.0,122.0,141.0,144.0,670.0,758.0,1064.0,860.0,922.0,801.0,552.0,416.0,385.0,315.0,40.0,37.0,55.0,52.0,406.0,402.0,258.0,240.0,182.0,187.0,136.0,121.0,134.0,195.0,1946.0,1912.0,1575.0,1501.0,1810.0,1744.0,1792.0,1795.0,1976.0,1922.0,1892.0,1929.0,3009.0,4018.0,1080.0,711.0,568.0,436.0,647.0,124.0,121.0,74.0,57.0,81.0,296.0,176.0,163.0,134.0,214.0,118.0,52.0,52.0,40.0,63.0,331.0,241.0,207.0,151.0,214.0,211.0,121.0,72.0,54.0,75.0,3542543.0,211659.0,16737.0,3307933.0,192590.0,17176.0,3794966.0,321090.0,11819.0,2879333.0,268896.0,10708.0,3859619.0,229644.0,16807.0,3939544.0,228247.0,17260.0,5029250.0,301063.0,16705.0,4458020.0,259685.0,17167.0,3934047.0,243670.0,16145.0,3401399.0,205721.0,16534.0,0.0,0.0,3622.75,4188.75,0.0,0.0,0.0,0.0,0.0,0.0,0.0,0.0,0.0,0.0,0.0,0.0,1102.0,2372.5,0.0,0.0,0.0,0.0,157.5,700.75,0.0,0.0,0.0,0.0,0.0,0.0,0.0,0.0,0.0,0.0,0.0,0.0,389.75,923.5,0.0,0.0,0.0,0.0,48.5,430.75,0.0,0.0,0.0,0.0,0.0,0.0,0.0,0.0,0.0,0.0,0.0,0.0,305.75,1416.75,0.0,0.0,0.0,0.0,9.75,142.75,0.0,0.0,0.0,0.0,0.0,0.0,0.0,0.0,0.0,0.0,0.0,0.0,67.25,514.5,0.0,0.0,42990.0,10.668722809490328,0.32958827634333565,340768.5275645499,12.738958720977324,31959.0,0.04670984699145781,1.9680513618202335,-0.9241036567300467,1.7541713506691976,-0.2127040837438551,0.41208550215716366,2.159164200069841
Brønshøj-Husum,2015,10.143438,10.169839,0.34065136,261,100.0,2850000.0,-1.0,0.0264204951994577,831.0,844.0,796.0,773.0,409.0,409.0,137.0,121.0,22.0,20.0,0.0,,0.0,,98.0,85.0,36.0,35.0,23.0,16.0,21.0,8.0,5.0,6.0,12.0,,6.0,,147.0,144.0,160.0,148.0,712.0,822.0,1217.0,955.0,927.0,823.0,604.0,451.0,418.0,342.0,44.0,39.0,59.0,55.0,447.0,440.0,288.0,294.0,194.0,181.0,147.0,136.0,139.0,192.0,1955.0,1955.0,1547.0,1474.0,1857.0,1830.0,1753.0,1701.0,1916.0,1958.0,1910.0,1887.0,2981.0,3913.0,1176.0,731.0,563.0,413.0,527.0,159.0,120.0,85.0,68.0,68.0,243.0,182.0,166.0,127.0,167.0,111.0,73.0,52.0,33.0,52.0,373.0,240.0,172.0,124.0,168.0,290.0,116.0,88.0,61.0,72.0,3673016.0,216838.0,16939.0,3406511.0,196002.0,17380.0,3954124.0,330474.0,11965.0,3002343.0,275318.0,10905.0,3995662.0,234680.0,17026.0,4053627.0,231861.0,17483.0,5224010.0,309150.0,16898.0,4609124.0,265350.0,17370.0,4056942.0,248892.0,16300.0,3506757.0,210237.0,16680.0,0.0,0.0,3605.75,4150.25,0.0,0.0,0.0,0.0,0.0,0.0,0.0,0.0,0.0,0.0,0.0,0.0,1128.0,2299.5,0.0,0.0,0.0,0.0,162.0,687.0,0.0,0.0,0.0,0.0,0.0,0.0,0.0,0.0,0.0,0.0,0.0,0.0,391.75,922.5,0.0,0.0,0.0,0.0,45.75,434.5,0.0,0.0,0.0,0.0,0.0,0.0,0.0,0.0,0.0,0.0,0.0,0.0,319.75,1437.0,0.0,0.0,0.0,0.0,8.75,141.75,0.0,0.0,0.0,0.0,0.0,0.0,0.0,0.0,0.0,0.0,0.0,0.0,74.5,531.5,0.0,0.0,43875.0,10.689099960768168,0.3473048433048433,344816.3190883191,12.750767145794143,32650.0,0.042321592649310874,1.9798656691299092,-0.8618529467259382,2.0442149638221943,-0.13246607246439798,0.009493803554490428,2.278534065564479
Brønshøj-Husum,2016,10.219237,10.227805,0.36082456,251,105.0,3095000.0,-2.0,0.0285371309636512,854.0,811.0,808.0,809.0,448.0,474.0,152.0,117.0,26.0,33.0,0.0,,0.0,,104.0,88.0,35.0,34.0,27.0,16.0,18.0,9.0,7.0,7.0,13.0,,7.0,,171.0,136.0,144.0,152.0,689.0,824.0,1244.0,1032.0,924.0,834.0,659.0,495.0,440.0,361.0,46.0,37.0,57.0,61.0,479.0,421.0,332.0,323.0,207.0,191.0,150.0,128.0,153.0,191.0,1974.0,1974.0,1539.0,1471.0,1873.0,1884.0,1667.0,1640.0,1938.0,1926.0,1880.0,1937.0,3007.0,3861.0,1157.0,727.0,491.0,337.0,466.0,214.0,157.0,86.0,59.0,56.0,254.0,180.0,125.0,104.0,156.0,87.0,53.0,57.0,24.0,51.0,363.0,210.0,140.0,85.0,147.0,239.0,127.0,83.0,65.0,56.0,3720820.0,219998.0,16913.0,3485536.0,198064.0,17598.0,4024107.0,332159.0,12115.0,3099793.0,277685.0,11163.0,4054902.0,238243.0,17020.0,4148743.0,234472.0,17694.0,5275294.0,312795.0,16865.0,4706449.0,267549.0,17591.0,4129409.0,254415.0,16231.0,3599743.0,213711.0,16844.0,0.0,0.0,3561.75,4134.5,0.0,0.0,0.0,0.0,0.0,0.0,0.0,0.0,0.0,0.0,0.0,0.0,1165.5,2270.0,0.0,0.0,0.0,0.0,172.75,710.5,0.0,0.0,0.0,0.0,0.0,0.0,0.0,0.0,0.0,0.0,0.0,0.0,417.5,903.5,0.0,0.0,0.0,0.0,46.5,432.0,0.0,0.0,0.0,0.0,0.0,0.0,0.0,0.0,0.0,0.0,0.0,0.0,316.0,1423.25,0.0,0.0,0.0,0.0,7.0,141.25,0.0,0.0,0.0,0.0,0.0,0.0,0.0,0.0,0.0,0.0,0.0,0.0,77.75,557.5,0.0,0.0,44349.0,10.6998454395692,0.3557690139574737,347471.21693837515,12.758437111602161,33044.0,0.03736230480571359,1.9867786806225038,-0.8290262932071111,2.182784622592223,-0.0803488076671239,-0.44548623204586285,2.3483820245182865
Brønshøj-Husum,2017,10.34089,10.345067,0.34196484,150,98.5,3335000.0,-1.0,0.0349854060438107,877.0,833.0,834.0,784.0,472.0,512.0,150.0,129.0,41.0,39.0,0.0,,0.0,,99.0,91.0,32.0,34.0,26.0,20.0,18.0,11.0,14.0,6.0,11.0,,8.0,,157.0,140.0,149.0,139.0,684.0,789.0,1242.0,1077.0,879.0,862.0,707.0,536.0,477.0,389.0,38.0,31.0,51.0,60.0,474.0,413.0,346.0,322.0,205.0,201.0,156.0,123.0,158.0,197.0,1955.0,1971.0,1569.0,1501.0,1951.0,1994.0,1614.0,1607.0,1881.0,1904.0,1844.0,1923.0,3015.0,3803.0,1127.0,636.0,541.0,360.0,428.0,227.0,135.0,96.0,92.0,73.0,174.0,141.0,130.0,96.0,134.0,83.0,50.0,40.0,36.0,41.0,388.0,176.0,168.0,85.0,117.0,255.0,134.0,107.0,51.0,63.0,3796071.0,223469.0,16987.0,3586764.0,202436.0,17718.0,4104973.0,338248.0,12136.0,3208576.0,279980.0,11460.0,4139907.0,242256.0,17089.0,4267526.0,239574.0,17813.0,5380030.0,317631.0,16938.0,4839560.0,273313.0,17707.0,4195072.0,259484.0,16167.0,3697216.0,218615.0,16912.0,0.0,0.0,3551.25,4055.75,0.0,0.0,0.0,0.0,0.0,0.0,0.0,0.0,0.0,0.0,0.0,0.0,1212.25,2215.75,0.0,0.0,0.0,0.0,174.25,701.75,0.0,0.0,0.0,0.0,0.0,0.0,0.0,0.0,0.0,0.0,0.0,0.0,415.0,921.0,0.0,0.0,0.0,0.0,51.0,426.0,0.0,0.0,0.0,0.0,0.0,0.0,0.0,0.0,0.0,0.0,0.0,0.0,316.0,1399.75,0.0,0.0,0.0,0.0,7.5,151.75,0.0,0.0,0.0,0.0,0.0,0.0,0.0,0.0,0.0,0.0,0.0,0.0,76.0,576.5,0.0,0.0,44575.0,10.704928442731342,0.359910263600673,354240.4486819966,12.77773119510616,33230.0,0.03644899187481192,1.9946774143925177,-0.8134980895106233,2.2505823518075836,0.050754105196892815,-0.5292763170179201,2.42818956320761
Brønshøj-Husum,2018,10.378686,10.385445,0.28625923,343,100.0,3490000.0,-1.0,0.0193670513907769,870.0,824.0,834.0,770.0,506.0,546.0,151.0,147.0,56.0,53.0,0.0,,0.0,,102.0,99.0,34.0,32.0,24.0,22.0,20.0,13.0,12.0,4.0,9.0,,8.0,,148.0,134.0,165.0,143.0,679.0,760.0,1204.0,1098.0,898.0,877.0,741.0,573.0,519.0,425.0,28.0,24.0,64.0,50.0,444.0,404.0,336.0,315.0,216.0,210.0,156.0,135.0,151.0,200.0,1974.0,1964.0,1560.0,1542.0,1882.0,2044.0,1651.0,1645.0,1855.0,1838.0,1844.0,1908.0,3010.0,3773.0,1051.0,722.0,491.0,302.0,338.0,220.0,133.0,118.0,64.0,75.0,203.0,153.0,124.0,78.0,103.0,91.0,56.0,38.0,36.0,34.0,293.0,226.0,120.0,75.0,81.0,244.0,154.0,91.0,49.0,45.0,3974421.0,231353.0,17179.0,3695256.0,207075.0,17845.0,4332418.0,350236.0,12370.0,3336647.0,287642.0,11600.0,4331286.0,250262.0,17307.0,4416370.0,246120.0,17944.0,5608784.0,327616.0,17120.0,4961537.0,278238.0,17832.0,4297877.0,263366.0,16319.0,3719971.0,218783.0,17003.0,0.0,0.0,3590.75,4020.5,0.0,0.0,0.0,0.0,0.0,0.0,0.0,0.0,0.0,0.0,0.0,0.0,1248.5,2217.75,0.0,0.0,0.0,0.0,172.0,714.25,0.0,0.0,0.0,0.0,0.0,0.0,0.0,0.0,0.0,0.0,0.0,0.0,406.75,929.5,0.0,0.0,0.0,0.0,50.5,399.75,0.0,0.0,0.0,0.0,0.0,0.0,0.0,0.0,0.0,0.0,0.0,0.0,329.5,1404.0,0.0,0.0,0.0,0.0,10.25,142.75,0.0,0.0,0.0,0.0,0.0,0.0,0.0,0.0,0.0,0.0,0.0,0.0,75.0,592.5,0.0,0.0,44723.0,10.708243189657656,0.36296760056346844,367089.2605594437,12.813360314247525,33362.0,0.03245608776452251,1.9969793152092246,-0.8033717795650622,2.3006349980816636,0.2928532596472194,-0.8955973920476187,2.4514475997280636
Brønshøj-Husum,2019,10.416428,10.408851,0.29440895,288,104.0,3715000.0,-2.0,0.0217373126325971,867.0,850.0,819.0,750.0,536.0,564.0,167.0,157.0,67.0,62.0,0.0,,0.0,,114.0,111.0,33.0,32.0,21.0,17.0,18.0,14.0,12.0,3.0,9.0,,7.0,,165.0,145.0,172.0,147.0,617.0,743.0,1221.0,1142.0,884.0,876.0,814.0,624.0,532.0,441.0,25.0,25.0,63.0,48.0,425.0,397.0,390.0,348.0,239.0,205.0,160.0,143.0,150.0,193.0,1933.0,1979.0,1639.0,1568.0,1913.0,2060.0,1612.0,1676.0,1859.0,1810.0,1823.0,1894.0,3019.0,3723.0,951.0,697.0,460.0,314.0,340.0,189.0,164.0,111.0,85.0,71.0,177.0,139.0,94.0,64.0,121.0,82.0,42.0,42.0,30.0,24.0,271.0,184.0,116.0,74.0,65.0,232.0,168.0,97.0,61.0,59.0,4106228.0,240482.0,17075.0,3812387.0,214674.0,17759.0,4525457.0,363257.0,12458.0,3515626.0,299661.0,11732.0,4479432.0,260629.0,17187.0,4541356.0,254560.0,17840.0,5839891.0,342918.0,17030.0,5150345.0,290193.0,17748.0,4480050.0,274110.0,16344.0,3884945.0,228782.0,16981.0,0.0,0.0,3636.0,4014.5,0.0,0.0,0.0,0.0,0.0,0.0,0.0,0.0,0.0,0.0,0.0,0.0,1264.5,2206.0,0.0,0.0,0.0,0.0,177.0,710.0,0.0,0.0,0.0,0.0,0.0,0.0,0.0,0.0,0.0,0.0,0.0,0.0,443.75,947.0,0.0,0.0,0.0,0.0,49.25,406.75,0.0,0.0,0.0,0.0,0.0,0.0,0.0,0.0,0.0,0.0,0.0,0.0,328.75,1435.25,0.0,0.0,0.0,0.0,13.5,141.25,0.0,0.0,0.0,0.0,0.0,0.0,0.0,0.0,0.0,0.0,0.0,0.0,85.5,603.5,0.0,0.0,45072.0,10.716016490116154,0.3675008874689386,375829.85001774936,12.836891793402454,33587.0,0.03155982969601334,2.0061199696279424,-0.77962491396943,2.374850895347679,0.4527491915048136,-0.9778228124663731,2.543803305390274
Brønshøj-Husum,2020,10.485028,10.482576,0.27488852,387,106.0,4000000.0,-2.0,0.0175086304978598,860.0,830.0,788.0,720.0,543.0,601.0,185.0,169.0,73.0,76.0,0.0,3.0,0.0,3.0,107.0,107.0,34.0,43.0,23.0,16.0,20.0,13.0,15.0,3.0,7.0,4.0,10.0,11.0,145.0,121.0,196.0,168.0,536.0,707.0,1184.0,1114.0,872.0,850.0,827.0,669.0,570.0,480.0,24.0,24.0,53.0,43.0,381.0,387.0,381.0,326.0,228.0,212.0,166.0,138.0,166.0,195.0,1938.0,1991.0,1662.0,1592.0,1844.0,2013.0,1634.0,1670.0,1845.0,1838.0,1790.0,1827.0,3020.0,3693.0,1034.0,708.0,597.0,443.0,501.0,215.0,162.0,142.0,93.0,107.0,192.0,148.0,119.0,124.0,141.0,78.0,43.0,55.0,39.0,34.0,310.0,186.0,160.0,112.0,108.0,239.0,169.0,121.0,75.0,111.0,4280677.0,252846.0,16930.0,3956556.0,224371.0,17634.0,4585892.0,376109.0,12193.0,3638999.0,312226.0,11655.0,4651150.0,272077.0,17095.0,4724170.0,265956.0,17763.0,6063433.0,358486.0,16914.0,5331380.0,302404.0,17630.0,4574317.0,281566.0,16246.0,4015870.0,238062.0,16869.0,0.0,0.0,3734.5,4009.25,0.0,0.0,0.0,0.0,0.0,0.0,0.0,0.0,0.0,0.0,0.0,0.0,1274.25,2188.25,0.0,0.0,0.0,0.0,169.0,707.25,0.0,0.0,0.0,0.0,0.0,0.0,0.0,0.0,0.0,0.0,0.0,0.0,461.0,955.25,0.0,0.0,0.0,0.0,44.0,440.0,0.0,0.0,0.0,0.0,0.0,0.0,0.0,0.0,0.0,0.0,0.0,0.0,344.75,1457.75,0.0,0.0,0.0,0.0,11.5,131.0,0.0,0.0,0.0,0.0,0.0,0.0,0.0,0.0,0.0,0.0,0.0,0.0,84.5,618.25,0.0,0.0,44784.0,10.709606211755235,0.3668051089674884,393277.80010718113,12.88227151163785,33338.0,0.0412532245485632,2.00930519226722,-0.7992078465319978,2.3634600818253273,0.7611034724622697,-0.08852151070883128,2.5759862838802303
Brønshøj-Husum,2021,10.563776,10.565961,0.30278522,378,88.0,3725000.0,0.0,0.0195137099159521,852.0,811.0,761.0,705.0,623.0,646.0,211.0,192.0,84.0,83.0,0.0,4.0,0.0,3.0,101.0,112.0,36.0,40.0,19.0,19.0,22.0,17.0,12.0,4.0,9.0,4.0,9.0,12.0,140.0,114.0,205.0,174.0,461.0,570.0,1114.0,1110.0,858.0,852.0,845.0,723.0,626.0,525.0,22.0,21.0,47.0,42.0,265.0,324.0,397.0,335.0,218.0,211.0,152.0,144.0,172.0,203.0,1964.0,1957.0,1708.0,1646.0,1802.0,1972.0,1666.0,1675.0,1855.0,1859.0,1740.0,1727.0,2975.0,3625.0,934.0,689.0,536.0,385.0,445.0,211.0,201.0,134.0,82.0,83.0,172.0,137.0,113.0,88.0,132.0,70.0,46.0,49.0,37.0,36.0,237.0,147.0,122.0,91.0,118.0,244.0,158.0,118.0,87.0,76.0,4470515.0,264998.0,16870.0,4112190.0,235980.0,17426.0,4883719.0,387105.0,12616.0,3842704.0,321323.0,11959.0,4893773.0,286588.0,17076.0,4901016.0,278799.0,17579.0,6316139.0,374667.0,16858.0,5541123.0,318108.0,17419.0,4797255.0,297523.0,16124.0,4154551.0,248716.0,16704.0,0.0,0.0,3828.0,4043.75,0.0,0.0,0.0,0.0,0.0,0.0,0.0,0.0,0.0,0.0,0.0,0.0,1296.5,2147.0,0.0,0.0,0.0,0.0,162.75,699.5,0.0,0.0,0.0,0.0,0.0,0.0,0.0,0.0,0.0,0.0,0.0,0.0,455.75,929.75,0.0,0.0,0.0,0.0,38.0,450.5,0.0,0.0,0.0,0.0,0.0,0.0,0.0,0.0,0.0,0.0,0.0,0.0,368.0,1477.0,0.0,0.0,0.0,0.0,11.0,136.5,0.0,0.0,0.0,0.0,0.0,0.0,0.0,0.0,0.0,0.0,0.0,0.0,86.0,616.75,0.0,0.0,44432.0,10.701715209546581,0.36597497299243786,413609.42563917895,12.93267739117969,32974.0,0.03754776490568326,2.0057025990117485,-0.8233142823843377,2.34986965891015,1.1036104193218266,-0.42847156269256337,2.539586259649838
Brønshøj-Husum,2022,10.559097,10.567271,0.30927137,251,87.0,3300000.0,-2.0,0.0244598583601774,784.0,763.0,698.0,664.0,660.0,682.0,239.0,208.0,90.0,91.0,0.0,4.0,0.0,4.0,74.0,96.0,45.0,50.0,21.0,21.0,22.0,17.0,14.0,3.0,7.0,4.0,10.0,12.0,130.0,104.0,224.0,173.0,424.0,519.0,1070.0,1085.0,891.0,863.0,855.0,734.0,674.0,561.0,22.0,21.0,51.0,50.0,261.0,272.0,391.0,345.0,240.0,222.0,163.0,131.0,175.0,200.0,1980.0,1926.0,1685.0,1663.0,1782.0,1924.0,1716.0,1703.0,1755.0,1791.0,1731.0,1669.0,2953.0,3592.0,1063.0,638.0,380.0,210.0,198.0,268.0,176.0,80.0,59.0,40.0,174.0,123.0,85.0,53.0,58.0,72.0,44.0,22.0,14.0,17.0,257.0,148.0,101.0,44.0,42.0,292.0,147.0,92.0,40.0,41.0,4565502.0,268622.0,16996.0,4102316.0,235508.0,17419.0,5115223.0,398630.0,12832.0,3996836.0,329718.0,12122.0,4945392.0,288934.0,17116.0,4962727.0,283148.0,17527.0,6481354.0,381570.0,16986.0,5555389.0,318964.0,17417.0,4899056.0,300445.0,16306.0,4172071.0,249094.0,16749.0,0.0,0.0,3883.5,4058.5,0.0,0.0,0.0,0.0,0.0,0.0,0.0,0.0,0.0,0.0,0.0,0.0,1288.25,2125.0,0.0,0.0,0.0,0.0,167.75,658.75,0.0,0.0,0.0,0.0,0.0,0.0,0.0,0.0,0.0,0.0,0.0,0.0,448.25,887.5,0.0,0.0,0.0,0.0,40.25,458.0,0.0,0.0,0.0,0.0,0.0,0.0,0.0,0.0,0.0,0.0,0.0,0.0,380.25,1474.75,0.0,0.0,0.0,0.0,5.75,118.75,0.0,0.0,0.0,0.0,0.0,0.0,0.0,0.0,0.0,0.0,0.0,0.0,91.0,608.0,0.0,0.0,44004.0,10.692035817859326,0.36664848650122717,422142.00981728936,12.953097052564,32801.0,0.024782781012774004,1.996885155068362,-0.8528841175749308,2.3608959650800205,1.2423616114489497,-1.5995697141200917,2.4504962207724375
Brønshøj-Husum,2023,10.509624,10.533735,0.3376264,305,87.0,3550000.0,-3.0,0.0242235362585745,740.0,747.0,666.0,658.0,689.0,703.0,252.0,221.0,99.0,99.0,0.0,5.0,0.0,3.0,75.0,96.0,52.0,50.0,21.0,19.0,17.0,10.0,17.0,7.0,6.0,6.0,11.0,11.0,103.0,106.0,244.0,192.0,448.0,552.0,1012.0,1083.0,918.0,875.0,847.0,755.0,738.0,602.0,24.0,20.0,43.0,35.0,259.0,283.0,365.0,368.0,250.0,226.0,159.0,132.0,190.0,202.0,1958.0,1876.0,1690.0,1677.0,1744.0,1842.0,1758.0,1717.0,1706.0,1749.0,1749.0,1641.0,2951.0,3564.0,975.0,643.0,410.0,210.0,208.0,258.0,163.0,110.0,66.0,38.0,166.0,117.0,75.0,34.0,54.0,62.0,50.0,32.0,23.0,22.0,246.0,155.0,89.0,47.0,42.0,243.0,158.0,104.0,40.0,52.0,4918741.0,289610.0,16984.0,4388937.0,251012.0,17485.0,5417100.0,415709.0,13031.0,4260953.0,344821.0,12357.0,5341947.0,312907.0,17072.0,5347272.0,304168.0,17580.0,6913153.0,408096.0,16940.0,5909320.0,338468.0,17459.0,5119526.0,308833.0,16577.0,4366646.0,254808.0,17137.0,0.0,0.0,3903.5,4038.5,0.0,0.0,0.0,0.0,0.0,0.0,0.0,0.0,0.0,0.0,0.0,0.0,1250.25,2139.75,0.0,0.0,0.0,0.0,162.5,674.75,0.0,0.0,0.0,0.0,0.0,0.0,0.0,0.0,0.0,0.0,0.0,0.0,430.0,874.0,0.0,0.0,0.0,0.0,38.75,427.0,0.0,0.0,0.0,0.0,0.0,0.0,0.0,0.0,0.0,0.0,0.0,0.0,385.0,1492.0,0.0,0.0,0.0,0.0,8.25,118.75,0.0,0.0,0.0,0.0,0.0,0.0,0.0,0.0,0.0,0.0,0.0,0.0,94.5,590.0,0.0,0.0,43933.0,10.690421025100237,0.3712698882389093,455168.02858898777,13.02842192336316,32881.0,0.025230376205103253,1.9933393474665464,-0.8578171916043745,2.4365544185908576,1.7541926072476772,-1.5585059801802625,2.414669949675533
Indre By,2008,10.33794,10.318701,0.46515095,55,112.0,3450000.0,0.0,0.0785893373241382,58.0,46.0,38.0,32.0,36.0,35.0,,,,,,,,0.0,51.0,41.0,,,33.0,36.0,,,,,,,,,,,25.0,36.0,195.0,309.0,254.0,258.0,166.0,132.0,114.0,103.0,,,,,,,512.0,724.0,560.0,465.0,386.0,266.0,290.0,302.0,282.0,378.0,2164.0,1958.0,1340.0,1408.0,3476.0,3719.0,3816.0,3532.0,2671.0,2367.0,2290.0,2363.0,3406.0,4349.0,1241.0,681.0,423.0,208.0,235.0,352.0,226.0,121.0,72.0,66.0,256.0,120.0,73.0,41.0,53.0,149.0,82.0,61.0,20.0,32.0,209.0,126.0,77.0,39.0,45.0,275.0,127.0,91.0,36.0,39.0,4120674.0,223743.0,18417.0,3512958.0,181090.0,19399.0,5471053.0,365346.0,14975.0,3870636.0,260684.0,14848.0,4336573.0,234447.0,18497.0,4281014.0,219979.0,19461.0,7110313.0,388797.0,18288.0,5470303.0,283127.0,19321.0,5209480.0,296820.0,17551.0,4123635.0,221725.0,18598.0,0.0,0.0,5765.0,6385.5,0.0,0.0,0.0,0.0,0.0,0.0,0.0,0.0,0.0,0.0,0.0,0.0,2222.25,2913.75,0.0,0.0,0.0,0.0,142.5,747.0,0.0,0.0,0.0,0.0,0.0,0.0,0.0,0.0,0.0,0.0,0.0,0.0,578.0,860.75,0.0,0.0,0.0,0.0,32.25,301.5,0.0,0.0,0.0,0.0,0.0,0.0,0.0,0.0,0.0,0.0,0.0,0.0,325.5,902.0,0.0,0.0,0.0,0.0,8.0,59.75,0.0,0.0,0.0,0.0,0.0,0.0,0.0,0.0,0.0,0.0,0.0,0.0,63.25,216.75,0.0,0.0,45022.0,10.714906538174109,0.13688863222424594,360961.7298209764,12.79652722011915,37825.0,0.02371447455386649,1.6772170277019571,-0.7830157361467118,-1.4005764712441058,0.17847272054119254,-1.697579373174941,-0.7793792485577982
Indre By,2009,10.200326,10.2503395,0.31746376,84,99.5,2840000.0,-1.0,0.0434015839349799,55.0,43.0,44.0,33.0,40.0,51.0,,38.0,,,,,,0.0,,,27.0,33.0,36.0,41.0,,35.0,,,,,13.0,,,,29.0,34.0,216.0,348.0,288.0,287.0,168.0,138.0,122.0,101.0,,,43.0,36.0,30.0,57.0,599.0,819.0,599.0,482.0,392.0,268.0,300.0,298.0,304.0,394.0,2169.0,2002.0,1369.0,1482.0,3523.0,3725.0,3781.0,3517.0,2683.0,2377.0,2218.0,2306.0,3491.0,4453.0,1199.0,831.0,561.0,360.0,414.0,318.0,233.0,175.0,125.0,115.0,209.0,153.0,111.0,66.0,106.0,205.0,101.0,73.0,40.0,55.0,219.0,173.0,104.0,71.0,82.0,248.0,171.0,98.0,58.0,56.0,4268467.0,227348.0,18775.0,3661856.0,184812.0,19814.0,5499668.0,361060.0,15232.0,3996264.0,263693.0,15155.0,4492613.0,238145.0,18865.0,4470311.0,224650.0,19899.0,7013007.0,376073.0,18648.0,5526820.0,279981.0,19740.0,5109900.0,285805.0,17879.0,4213295.0,221787.0,18997.0,0.0,0.0,5710.5,6305.0,0.0,0.0,0.0,0.0,0.0,0.0,0.0,0.0,0.0,0.0,0.0,0.0,2250.5,2882.5,0.0,0.0,0.0,0.0,147.0,740.25,0.0,0.0,0.0,0.0,0.0,0.0,0.0,0.0,0.0,0.0,0.0,0.0,593.0,852.5,0.0,0.0,0.0,0.0,32.75,323.5,0.0,0.0,0.0,0.0,0.0,0.0,0.0,0.0,0.0,0.0,0.0,0.0,334.0,921.0,0.0,0.0,0.0,0.0,5.75,57.5,0.0,0.0,0.0,0.0,0.0,0.0,0.0,0.0,0.0,0.0,0.0,0.0,63.0,217.0,0.0,0.0,45937.0,10.735026171542216,0.1489213488037965,367748.1550819601,12.815153621678727,38451.0,0.033140880601284756,1.6857002904027152,-0.7215517245628604,-1.203584999907617,0.3050387479002625,-0.8327724302638004,-0.6936657233377603
Indre By,2010,10.288988,10.269728,0.29644808,126,111.0,3200000.0,-2.0,0.0330913462779624,49.0,49.0,43.0,40.0,44.0,49.0,,,,,,,,0.0,61.0,49.0,24.0,31.0,39.0,42.0,,,,,,,,10.0,22.0,21.0,27.0,32.0,249.0,359.0,294.0,329.0,166.0,158.0,110.0,111.0,111.0,95.0,42.0,41.0,39.0,49.0,664.0,899.0,621.0,509.0,430.0,282.0,319.0,298.0,304.0,399.0,2178.0,2114.0,1431.0,1507.0,3769.0,3924.0,3785.0,3496.0,2693.0,2443.0,2115.0,2221.0,3585.0,4525.0,1206.0,870.0,572.0,406.0,562.0,339.0,265.0,179.0,122.0,180.0,211.0,123.0,100.0,75.0,112.0,168.0,131.0,78.0,45.0,61.0,219.0,182.0,111.0,79.0,120.0,269.0,169.0,104.0,85.0,89.0,4789915.0,243848.0,19643.0,3828886.0,184917.0,20706.0,5793087.0,378930.0,15288.0,4179113.0,271583.0,15388.0,5003574.0,254079.0,19693.0,4764105.0,229739.0,20737.0,7503587.0,383051.0,19589.0,5666176.0,273900.0,20687.0,5640898.0,312671.0,18041.0,4597830.0,237958.0,19322.0,0.0,0.0,5580.0,6228.5,0.0,0.0,0.0,0.0,0.0,0.0,0.0,0.0,0.0,0.0,0.0,0.0,2297.25,2901.0,0.0,0.0,0.0,0.0,154.0,722.25,0.0,0.0,0.0,0.0,0.0,0.0,0.0,0.0,0.0,0.0,0.0,0.0,616.25,849.25,0.0,0.0,0.0,0.0,33.5,345.75,0.0,0.0,0.0,0.0,0.0,0.0,0.0,0.0,0.0,0.0,0.0,0.0,344.75,928.5,0.0,0.0,0.0,0.0,3.5,58.5,0.0,0.0,0.0,0.0,0.0,0.0,0.0,0.0,0.0,0.0,0.0,0.0,56.25,224.5,0.0,0.0,47296.0,10.764181004307874,0.15878721244925575,388753.38294993236,12.87070044455973,39447.0,0.036950845438182875,1.697756954612006,-0.6324858382195161,-1.0420677745433025,0.6824783022865558,-0.483234756348383,-0.571847122614689
Indre By,2011,10.279836,10.323675,0.36250216,127,96.0,3150000.0,-2.0,0.0403050813291217,49.0,43.0,44.0,42.0,41.0,42.0,,47.0,5.0,3.0,,3.0,,0.0,68.0,51.0,30.0,32.0,37.0,41.0,,43.0,20.0,12.0,,12.0,,12.0,22.0,20.0,29.0,30.0,232.0,373.0,330.0,341.0,173.0,159.0,121.0,114.0,114.0,102.0,44.0,38.0,26.0,56.0,780.0,963.0,663.0,561.0,442.0,268.0,319.0,278.0,315.0,421.0,2213.0,2090.0,1515.0,1572.0,3941.0,4189.0,3746.0,3445.0,2707.0,2490.0,2053.0,2183.0,3667.0,4572.0,1358.0,850.0,565.0,416.0,558.0,350.0,277.0,164.0,139.0,187.0,206.0,128.0,88.0,72.0,101.0,206.0,116.0,63.0,49.0,54.0,259.0,159.0,120.0,69.0,100.0,337.0,170.0,130.0,87.0,116.0,5177905.0,258533.0,20028.0,4282990.0,202860.0,21113.0,6216064.0,394070.0,15774.0,4349601.0,273749.0,15889.0,5410514.0,269542.0,20073.0,5310890.0,251225.0,21140.0,8056100.0,403128.0,19984.0,6127906.0,290450.0,21098.0,6053671.0,324890.0,18633.0,4708087.0,236659.0,19894.0,0.0,0.0,5571.0,6177.5,0.0,0.0,0.0,0.0,0.0,0.0,0.0,0.0,0.0,0.0,0.0,0.0,2371.75,2877.0,0.0,0.0,0.0,0.0,147.75,718.25,0.0,0.0,0.0,0.0,0.0,0.0,0.0,0.0,0.0,0.0,0.0,0.0,644.0,879.75,0.0,0.0,0.0,0.0,39.5,351.25,0.0,0.0,0.0,0.0,0.0,0.0,0.0,0.0,0.0,0.0,0.0,0.0,357.75,935.25,0.0,0.0,0.0,0.0,2.5,59.5,0.0,0.0,0.0,0.0,0.0,0.0,0.0,0.0,0.0,0.0,0.0,0.0,58.0,232.0,0.0,0.0,48394.0,10.787131118078038,0.16553705004752656,417041.34810100426,12.940940651982812,40380.0,0.036322436849925706,1.7080673582990045,-0.562374915579339,-0.9315640133207157,1.1597591117860162,-0.5408868569873779,-0.4676724580277547
Indre By,2012,10.3055105,10.290985,0.36897153,157,110.0,3099000.0,0.0,0.0368972598691711,46.0,49.0,46.0,44.0,48.0,48.0,,45.0,,,,,,0.0,64.0,57.0,29.0,27.0,59.0,84.0,,40.0,,,,,,12.0,18.0,25.0,32.0,36.0,222.0,361.0,329.0,363.0,189.0,163.0,119.0,120.0,116.0,106.0,41.0,48.0,41.0,70.0,780.0,1036.0,658.0,595.0,447.0,307.0,308.0,274.0,332.0,445.0,2273.0,2076.0,1582.0,1632.0,4159.0,4429.0,3780.0,3407.0,2778.0,2568.0,2067.0,2161.0,3745.0,4651.0,1250.0,807.0,598.0,428.0,614.0,366.0,252.0,198.0,173.0,202.0,163.0,120.0,99.0,62.0,104.0,152.0,94.0,66.0,41.0,66.0,218.0,161.0,109.0,81.0,123.0,351.0,180.0,126.0,71.0,119.0,5375935.0,264018.0,20362.0,4502945.0,208036.0,21645.0,6473330.0,403047.0,16061.0,4540110.0,280513.0,16185.0,5620231.0,275475.0,20402.0,5602346.0,258387.0,21682.0,8303433.0,408613.0,20321.0,6432493.0,297236.0,21641.0,6171976.0,324704.0,19008.0,4942115.0,242000.0,20422.0,0.0,0.0,5501.0,6107.5,0.0,0.0,0.0,0.0,0.0,0.0,0.0,0.0,0.0,0.0,0.0,0.0,2507.5,2899.5,0.0,0.0,0.0,0.0,157.0,755.25,0.0,0.0,0.0,0.0,0.0,0.0,0.0,0.0,0.0,0.0,0.0,0.0,672.0,879.25,0.0,0.0,0.0,0.0,40.75,340.75,0.0,0.0,0.0,0.0,0.0,0.0,0.0,0.0,0.0,0.0,0.0,0.0,366.0,971.75,0.0,0.0,0.0,0.0,3.0,60.0,0.0,0.0,0.0,0.0,0.0,0.0,0.0,0.0,0.0,0.0,0.0,0.0,55.0,247.75,0.0,0.0,49587.0,10.811483981585463,0.16695908201746426,425544.1345513945,12.961123945591682,41351.0,0.036717370801189815,1.7233351882767576,-0.48797869486624434,-0.9082834707937166,1.2969041895900038,-0.5046544242525208,-0.3134087535999229
Indre By,2013,10.449648,10.4400215,0.26460305,234,108.5,3650000.0,0.0,0.0216739458130767,50.0,41.0,47.0,38.0,70.0,65.0,,,,,,,,0.0,68.0,61.0,27.0,24.0,42.0,56.0,,,,,,,,10.0,24.0,26.0,31.0,31.0,198.0,379.0,339.0,352.0,196.0,169.0,120.0,135.0,120.0,110.0,55.0,47.0,45.0,67.0,776.0,990.0,696.0,615.0,473.0,316.0,336.0,268.0,350.0,457.0,2301.0,2095.0,1630.0,1730.0,4230.0,4619.0,3754.0,3336.0,2833.0,2652.0,2094.0,2166.0,3794.0,4732.0,1340.0,869.0,612.0,402.0,536.0,396.0,305.0,220.0,141.0,177.0,190.0,129.0,71.0,75.0,102.0,178.0,97.0,66.0,36.0,63.0,235.0,148.0,112.0,69.0,107.0,341.0,190.0,143.0,81.0,87.0,5742879.0,275914.0,20814.0,4682266.0,214527.0,21826.0,6873976.0,418354.0,16431.0,4716327.0,287651.0,16396.0,5983230.0,286965.0,20850.0,5873647.0,268657.0,21863.0,8791148.0,423425.0,20762.0,6632801.0,304076.0,21813.0,6453190.0,333378.0,19357.0,5108194.0,248067.0,20592.0,0.0,0.0,5442.75,6084.0,0.0,0.0,0.0,0.0,0.0,0.0,0.0,0.0,0.0,0.0,0.0,0.0,2522.25,2876.0,0.0,0.0,0.0,0.0,179.75,746.0,0.0,0.0,0.0,0.0,0.0,0.0,0.0,0.0,0.0,0.0,0.0,0.0,678.25,912.0,0.0,0.0,0.0,0.0,41.5,357.25,0.0,0.0,0.0,0.0,0.0,0.0,0.0,0.0,0.0,0.0,0.0,0.0,378.5,1008.5,0.0,0.0,0.0,0.0,1.75,62.5,0.0,0.0,0.0,0.0,0.0,0.0,0.0,0.0,0.0,0.0,0.0,0.0,57.25,251.0,0.0,0.0,50286.0,10.825481987326961,0.16545360537724219,443105.87439844094,13.001564014600131,41848.0,0.034995698719174156,1.7356158199937497,-0.4452158089177302,-0.9329301128432825,1.5716936525012997,-0.6626058176524698,-0.1893272211138029
Indre By,2014,10.511228,10.484103,0.27761483,244,109.0,3675000.0,0.0,0.0222689036869115,51.0,43.0,50.0,32.0,71.0,70.0,45.0,29.0,14.0,8.0,,3.0,,0.0,72.0,55.0,28.0,25.0,42.0,45.0,26.0,35.0,13.0,21.0,,14.0,,10.0,33.0,26.0,28.0,30.0,210.0,363.0,343.0,379.0,210.0,176.0,121.0,125.0,124.0,116.0,55.0,45.0,61.0,72.0,815.0,1025.0,727.0,682.0,496.0,331.0,344.0,277.0,359.0,475.0,2300.0,2104.0,1694.0,1746.0,4422.0,4727.0,3575.0,3211.0,2921.0,2716.0,2118.0,2197.0,3875.0,4744.0,1235.0,835.0,563.0,401.0,463.0,432.0,340.0,205.0,153.0,164.0,115.0,70.0,62.0,49.0,77.0,124.0,73.0,41.0,43.0,54.0,201.0,165.0,102.0,66.0,77.0,363.0,187.0,153.0,90.0,91.0,6184777.0,294205.0,21022.0,4958517.0,223770.0,22159.0,7261677.0,436137.0,16650.0,4969453.0,298000.0,16676.0,6425869.0,305252.0,21051.0,6289642.0,283381.0,22195.0,9409202.0,448805.0,20965.0,6996072.0,316007.0,22139.0,6784485.0,345724.0,19624.0,5296890.0,252425.0,20984.0,0.0,0.0,5441.5,6072.75,0.0,0.0,0.0,0.0,0.0,0.0,0.0,0.0,0.0,0.0,0.0,0.0,2541.0,2873.25,0.0,0.0,0.0,0.0,178.75,767.0,0.0,0.0,0.0,0.0,0.0,0.0,0.0,0.0,0.0,0.0,0.0,0.0,683.5,921.75,0.0,0.0,0.0,0.0,45.75,374.0,0.0,0.0,0.0,0.0,0.0,0.0,0.0,0.0,0.0,0.0,0.0,0.0,388.0,1019.0,0.0,0.0,0.0,0.0,3.75,61.0,0.0,0.0,0.0,0.0,0.0,0.0,0.0,0.0,0.0,0.0,0.0,0.0,60.25,254.0,0.0,0.0,51200.0,10.843494811027599,0.1728515625,465992.28515625,13.051924357512048,42650.0,0.03172098475967175,1.7416216091582988,-0.3901879471104265,-0.8118157785313584,1.9138911788681106,-0.9630379605051903,-0.128645691002068
Indre By,2015,10.594107,10.598719,0.2173605,343,100.0,4100000.0,0.0,0.0147056632877292,45.0,43.0,46.0,32.0,97.0,82.0,46.0,31.0,,10.0,,3.0,,0.0,72.0,61.0,27.0,26.0,52.0,48.0,22.0,31.0,,24.0,,13.0,,13.0,36.0,25.0,21.0,26.0,207.0,332.0,332.0,408.0,169.0,186.0,126.0,112.0,127.0,130.0,63.0,62.0,58.0,64.0,786.0,1035.0,759.0,707.0,467.0,321.0,327.0,288.0,365.0,457.0,2308.0,2115.0,1806.0,1828.0,4473.0,4772.0,3414.0,3133.0,3026.0,2808.0,2270.0,2320.0,3951.0,4827.0,1416.0,852.0,561.0,351.0,331.0,470.0,362.0,211.0,123.0,116.0,120.0,80.0,61.0,52.0,46.0,128.0,58.0,51.0,32.0,40.0,219.0,147.0,100.0,67.0,57.0,479.0,205.0,138.0,77.0,72.0,6683139.0,310916.0,21495.0,5222013.0,229802.0,22724.0,7750383.0,454435.0,17055.0,5239487.0,305706.0,17139.0,6914386.0,320928.0,21545.0,6693774.0,294077.0,22762.0,10200767.0,475782.0,21440.0,7391852.0,325489.0,22710.0,7038922.0,350335.0,20092.0,5508599.0,256775.0,21453.0,0.0,0.0,5387.25,6077.5,0.0,0.0,0.0,0.0,0.0,0.0,0.0,0.0,0.0,0.0,0.0,0.0,2605.0,2948.75,0.0,0.0,0.0,0.0,192.25,793.25,0.0,0.0,0.0,0.0,0.0,0.0,0.0,0.0,0.0,0.0,0.0,0.0,714.75,927.75,0.0,0.0,0.0,0.0,48.75,386.25,0.0,0.0,0.0,0.0,0.0,0.0,0.0,0.0,0.0,0.0,0.0,0.0,420.0,1045.25,0.0,0.0,0.0,0.0,7.25,55.0,0.0,0.0,0.0,0.0,0.0,0.0,0.0,0.0,0.0,0.0,0.0,0.0,62.0,255.25,0.0,0.0,51871.0,10.856515146126256,0.1700372076883037,491860.8085442733,13.105951045985154,43107.0,0.0283318254575823,1.7546092012998118,-0.35041177362418086,-0.8578904858972067,2.2810014502501677,-1.2739696645220755,0.002578856184201006
Indre By,2016,10.682188,10.667576,0.21011262,274,103.0,4387500.0,0.0,0.0159047902043362,54.0,46.0,42.0,39.0,98.0,90.0,43.0,37.0,15.0,11.0,,,,,87.0,73.0,34.0,28.0,45.0,53.0,24.0,30.0,12.0,23.0,,,,,32.0,26.0,18.0,15.0,237.0,339.0,348.0,399.0,186.0,210.0,128.0,114.0,140.0,137.0,73.0,77.0,56.0,74.0,926.0,1358.0,831.0,772.0,513.0,346.0,345.0,289.0,384.0,487.0,2349.0,2095.0,1849.0,1843.0,4604.0,4916.0,3366.0,3074.0,3042.0,2839.0,2378.0,2471.0,4037.0,4916.0,1408.0,866.0,508.0,279.0,316.0,567.0,384.0,209.0,111.0,122.0,108.0,82.0,45.0,25.0,41.0,99.0,61.0,38.0,32.0,29.0,231.0,156.0,87.0,48.0,57.0,403.0,183.0,129.0,63.0,67.0,7124773.0,323339.0,22035.0,5444699.0,234534.0,23215.0,8476771.0,483972.0,17515.0,5505465.0,314006.0,17533.0,7386567.0,334431.0,22087.0,7033595.0,302468.0,23254.0,10779522.0,490804.0,21963.0,7688336.0,331580.0,23187.0,7416898.0,363948.0,20379.0,5792305.0,266386.0,21744.0,0.0,0.0,5334.25,6181.25,0.0,0.0,0.0,0.0,0.0,0.0,0.0,0.0,0.0,0.0,0.0,0.0,2672.0,2990.0,0.0,0.0,0.0,0.0,214.25,794.75,0.0,0.0,0.0,0.0,0.0,0.0,0.0,0.0,0.0,0.0,0.0,0.0,775.0,961.0,0.0,0.0,0.0,0.0,44.75,387.75,0.0,0.0,0.0,0.0,0.0,0.0,0.0,0.0,0.0,0.0,0.0,0.0,423.5,1078.25,0.0,0.0,0.0,0.0,5.0,47.25,0.0,0.0,0.0,0.0,0.0,0.0,0.0,0.0,0.0,0.0,0.0,0.0,66.5,260.25,0.0,0.0,53523.0,10.887866747042812,0.18205257552827755,504262.35450180294,13.130851956263575,44613.0,0.02542532445699684,1.7635002192415368,-0.2546349209026957,-0.6611830363535072,2.4502026392980873,-1.5406208391309717,0.09241227493613403
Indre By,2017,10.811869,10.798893,0.21834843,172,106.0,4612500.0,-1.0,0.0208610872611442,57.0,45.0,50.0,47.0,117.0,101.0,40.0,43.0,,,,,,,89.0,71.0,34.0,26.0,43.0,55.0,20.0,25.0,,,,,,,36.0,27.0,27.0,21.0,261.0,404.0,377.0,459.0,208.0,237.0,142.0,126.0,147.0,150.0,82.0,64.0,77.0,90.0,1069.0,1390.0,861.0,803.0,569.0,375.0,390.0,304.0,378.0,490.0,2388.0,2163.0,1944.0,1886.0,4615.0,4992.0,3276.0,3062.0,3020.0,2770.0,2551.0,2561.0,4106.0,5004.0,1463.0,827.0,539.0,311.0,310.0,653.0,369.0,230.0,142.0,132.0,105.0,67.0,37.0,30.0,30.0,84.0,72.0,37.0,20.0,30.0,244.0,120.0,95.0,52.0,63.0,377.0,199.0,140.0,67.0,55.0,7389780.0,331365.0,22301.0,5677501.0,242121.0,23449.0,8686658.0,494318.0,17573.0,5725292.0,322879.0,17732.0,7655928.0,342578.0,22348.0,7357738.0,313069.0,23502.0,11251132.0,506260.0,22224.0,8013740.0,342263.0,23414.0,7818028.0,383105.0,20407.0,5998187.0,274869.0,21822.0,0.0,0.0,5482.25,6285.0,0.0,0.0,0.0,0.0,0.0,0.0,0.0,0.0,0.0,0.0,0.0,0.0,2695.75,2995.0,0.0,0.0,0.0,0.0,211.0,798.75,0.0,0.0,0.0,0.0,0.0,0.0,0.0,0.0,0.0,0.0,0.0,0.0,791.5,986.0,0.0,0.0,0.0,0.0,53.75,379.0,0.0,0.0,0.0,0.0,0.0,0.0,0.0,0.0,0.0,0.0,0.0,0.0,435.75,1117.0,0.0,0.0,0.0,0.0,2.75,48.5,0.0,0.0,0.0,0.0,0.0,0.0,0.0,0.0,0.0,0.0,0.0,0.0,71.25,268.25,0.0,0.0,54765.0,10.910806582757846,0.1903953254816032,512753.5287135944,13.147550557848723,45541.0,0.025484728047254122,1.7643613376654952,-0.18455539697083737,-0.5246011948854663,2.5636693042534264,-1.5351709744603936,0.10111287732851351
Indre By,2018,10.826535,10.79834,0.21847278,293,99.0,4995000.0,-2.0,0.0159924355091424,58.0,45.0,41.0,52.0,119.0,91.0,49.0,46.0,,19.0,,,,,89.0,69.0,38.0,31.0,52.0,58.0,24.0,25.0,,24.0,,,,,38.0,27.0,28.0,18.0,261.0,434.0,397.0,500.0,218.0,231.0,145.0,133.0,152.0,156.0,88.0,81.0,98.0,94.0,1208.0,1688.0,912.0,848.0,575.0,395.0,409.0,292.0,405.0,496.0,2310.0,2143.0,1997.0,1906.0,4550.0,4995.0,3149.0,2910.0,2923.0,2704.0,2641.0,2673.0,4186.0,5033.0,1207.0,843.0,481.0,294.0,266.0,552.0,368.0,163.0,125.0,106.0,71.0,72.0,54.0,23.0,24.0,74.0,61.0,42.0,32.0,18.0,200.0,121.0,80.0,43.0,54.0,310.0,221.0,142.0,71.0,64.0,7725684.0,340894.0,22663.0,5884842.0,247086.0,23817.0,9102597.0,509835.0,17854.0,6005763.0,335517.0,17900.0,8038350.0,353879.0,22715.0,7580583.0,317525.0,23874.0,11728078.0,519125.0,22592.0,8268308.0,347598.0,23787.0,8036494.0,390178.0,20597.0,6066722.0,276615.0,21932.0,0.0,0.0,5499.0,6267.25,0.0,0.0,0.0,0.0,0.0,0.0,0.0,0.0,0.0,0.0,0.0,0.0,2703.5,3016.25,0.0,0.0,0.0,0.0,215.5,800.75,0.0,0.0,0.0,0.0,0.0,0.0,0.0,0.0,0.0,0.0,0.0,0.0,812.0,1004.5,0.0,0.0,0.0,0.0,50.75,376.75,0.0,0.0,0.0,0.0,0.0,0.0,0.0,0.0,0.0,0.0,0.0,0.0,453.75,1107.25,0.0,0.0,0.0,0.0,4.75,47.0,0.0,0.0,0.0,0.0,0.0,0.0,0.0,0.0,0.0,0.0,0.0,0.0,80.5,268.25,0.0,0.0,55377.0,10.92191962407671,0.20327933979811114,527826.6970041714,13.176523283439774,46126.0,0.022965355764644667,1.7687793814886987,-0.15060586678520554,-0.31367285462665495,2.760538397196322,-1.7663057919951501,0.14575208325921638
Indre By,2019,10.835046,10.7802725,0.2865833,361,92.0,4300000.0,-2.0,0.0188994156686883,52.0,36.0,35.0,46.0,127.0,102.0,55.0,57.0,,22.0,3.0,,,,87.0,71.0,41.0,29.0,42.0,53.0,23.0,22.0,,27.0,16.0,,,,35.0,31.0,29.0,25.0,304.0,440.0,422.0,535.0,222.0,254.0,148.0,146.0,159.0,169.0,96.0,92.0,87.0,97.0,1272.0,1592.0,990.0,900.0,583.0,433.0,402.0,283.0,432.0,502.0,2293.0,2128.0,2065.0,1942.0,4616.0,5069.0,3072.0,2866.0,2863.0,2717.0,2769.0,2723.0,4240.0,5085.0,1203.0,797.0,508.0,316.0,244.0,484.0,360.0,231.0,144.0,111.0,81.0,59.0,37.0,24.0,23.0,77.0,54.0,31.0,25.0,21.0,190.0,113.0,75.0,44.0,38.0,371.0,211.0,134.0,79.0,51.0,8192875.0,360904.0,22701.0,6175002.0,259639.0,23783.0,9359582.0,517934.0,18071.0,6189665.0,344617.0,17961.0,8463631.0,371652.0,22773.0,8092921.0,339425.0,23843.0,12514491.0,552541.0,22649.0,8728181.0,367348.0,23760.0,8220104.0,393683.0,20880.0,6315928.0,285466.0,22125.0,0.0,0.0,5473.75,6267.0,0.0,0.0,0.0,0.0,0.0,0.0,0.0,0.0,0.0,0.0,0.0,0.0,2694.75,3056.25,0.0,0.0,0.0,0.0,224.0,807.0,0.0,0.0,0.0,0.0,0.0,0.0,0.0,0.0,0.0,0.0,0.0,0.0,795.75,986.0,0.0,0.0,0.0,0.0,46.75,365.5,0.0,0.0,0.0,0.0,0.0,0.0,0.0,0.0,0.0,0.0,0.0,0.0,467.75,1136.25,0.0,0.0,0.0,0.0,4.25,53.25,0.0,0.0,0.0,0.0,0.0,0.0,0.0,0.0,0.0,0.0,0.0,0.0,79.5,266.5,0.0,0.0,56074.0,10.934427525970367,0.20733316688661413,551493.1875735635,13.220384765058265,46757.0,0.022546356695254184,1.7717966489543109,-0.1123951393422246,-0.24730634815835864,3.058576290601513,-1.804746031303687,0.17623806962225055
Indre By,2020,10.888771,10.864205,0.2135751,483,93.0,4675000.0,-1.0,0.0121766582535776,54.0,39.0,36.0,45.0,125.0,105.0,60.0,57.0,,,,,,,109.0,90.0,41.0,32.0,44.0,45.0,21.0,22.0,,,,,,,37.0,27.0,27.0,28.0,348.0,403.0,413.0,572.0,222.0,250.0,159.0,165.0,151.0,175.0,80.0,76.0,85.0,120.0,1158.0,1450.0,964.0,885.0,549.0,447.0,418.0,291.0,442.0,505.0,2252.0,2044.0,2056.0,1962.0,4644.0,5071.0,3001.0,2722.0,2837.0,2679.0,2860.0,2816.0,4268.0,5105.0,1193.0,871.0,649.0,423.0,476.0,472.0,366.0,271.0,168.0,207.0,104.0,50.0,59.0,41.0,49.0,100.0,67.0,44.0,43.0,47.0,193.0,156.0,107.0,57.0,67.0,324.0,232.0,168.0,114.0,106.0,8644121.0,377703.0,22886.0,6375452.0,263950.0,24154.0,9654177.0,535659.0,18023.0,6421741.0,355204.0,18079.0,8899210.0,387326.0,22976.0,8435689.0,347907.0,24247.0,13206377.0,577682.0,22861.0,8992209.0,372410.0,24146.0,8756547.0,415258.0,21087.0,6544139.0,292084.0,22405.0,0.0,0.0,5523.75,6324.5,0.0,0.0,0.0,0.0,0.0,0.0,0.0,0.0,0.0,0.0,0.0,0.0,2742.75,3091.75,0.0,0.0,0.0,0.0,217.0,793.5,0.0,0.0,0.0,0.0,0.0,0.0,0.0,0.0,0.0,0.0,0.0,0.0,746.5,1015.0,0.0,0.0,0.0,0.0,41.75,369.5,0.0,0.0,0.0,0.0,0.0,0.0,0.0,0.0,0.0,0.0,0.0,0.0,480.5,1155.5,0.0,0.0,0.0,0.0,5.0,56.25,0.0,0.0,0.0,0.0,0.0,0.0,0.0,0.0,0.0,0.0,0.0,0.0,83.75,272.0,0.0,0.0,55689.0,10.927537919877333,0.20420549839286034,580984.9701018154,13.272480166483632,46449.0,0.03077784236474413,1.772514071294559,-0.13344238314447499,-0.2985104145355583,3.412563504986191,-1.0495646905425235,0.18348678984033204
Indre By,2021,11.0119095,10.98185,0.16706057,506,94.0,5497500.0,0.0,0.0093057154619792,56.0,40.0,36.0,43.0,121.0,116.0,62.0,57.0,,29.0,,,,,110.0,84.0,41.0,32.0,41.0,44.0,20.0,23.0,,25.0,,,,,34.0,29.0,31.0,35.0,328.0,420.0,464.0,568.0,238.0,286.0,148.0,164.0,163.0,183.0,68.0,67.0,73.0,114.0,1127.0,1505.0,985.0,924.0,546.0,450.0,409.0,304.0,431.0,521.0,2173.0,2014.0,2075.0,1959.0,4755.0,5265.0,2959.0,2641.0,2775.0,2585.0,2910.0,2893.0,4364.0,5203.0,1207.0,818.0,571.0,329.0,358.0,541.0,376.0,221.0,122.0,151.0,85.0,52.0,47.0,31.0,46.0,97.0,59.0,45.0,36.0,42.0,183.0,106.0,92.0,55.0,49.0,301.0,225.0,166.0,85.0,70.0,9377658.0,410760.0,22830.0,6917714.0,285255.0,24251.0,10494948.0,572306.0,18338.0,6933128.0,375311.0,18473.0,9705074.0,422364.0,22978.0,9101069.0,373102.0,24393.0,14165622.0,621326.0,22799.0,9692009.0,399802.0,24242.0,9140561.0,436992.0,20917.0,6907364.0,309525.0,22316.0,0.0,0.0,5504.5,6392.5,0.0,0.0,0.0,0.0,0.0,0.0,0.0,0.0,0.0,0.0,0.0,0.0,2851.5,3121.5,0.0,0.0,0.0,0.0,223.75,791.0,0.0,0.0,0.0,0.0,0.0,0.0,0.0,0.0,0.0,0.0,0.0,0.0,707.5,1010.5,0.0,0.0,0.0,0.0,46.75,347.75,0.0,0.0,0.0,0.0,0.0,0.0,0.0,0.0,0.0,0.0,0.0,0.0,476.5,1159.75,0.0,0.0,0.0,0.0,5.5,61.0,0.0,0.0,0.0,0.0,0.0,0.0,0.0,0.0,0.0,0.0,0.0,0.0,75.0,284.5,0.0,0.0,56166.0,10.9360668705998,0.20644161948509773,624960.207242816,13.345443258280124,47052.0,0.02559083567117232,1.7701381209479823,-0.1073870611407034,-0.2619021572784217,3.9083462595338334,-1.525436340772999,0.15948056875104893
Indre By,2022,11.050804,10.996074,0.22998302,304,85.0,5160964.5,-2.0,0.0165276100733318,56.0,41.0,37.0,43.0,119.0,114.0,79.0,66.0,35.0,,,4.0,,,123.0,87.0,42.0,36.0,32.0,46.0,24.0,24.0,14.0,,,12.0,,,53.0,31.0,37.0,32.0,301.0,395.0,494.0,564.0,262.0,308.0,161.0,173.0,176.0,189.0,61.0,67.0,96.0,108.0,1123.0,1630.0,1004.0,948.0,519.0,454.0,435.0,322.0,438.0,526.0,2054.0,1936.0,2059.0,1985.0,4838.0,5263.0,2806.0,2503.0,2593.0,2500.0,3012.0,2986.0,4407.0,5230.0,1306.0,830.0,422.0,216.0,153.0,624.0,375.0,185.0,82.0,57.0,88.0,74.0,33.0,18.0,20.0,89.0,54.0,33.0,21.0,15.0,169.0,102.0,46.0,42.0,26.0,336.0,225.0,125.0,53.0,35.0,9205198.0,401360.0,22935.0,6883373.0,281805.0,24426.0,10833045.0,583457.0,18567.0,7210570.0,386564.0,18653.0,9502413.0,412915.0,23013.0,9125866.0,372591.0,24493.0,14116660.0,616125.0,22912.0,9764309.0,399865.0,24419.0,9183321.0,440722.0,20837.0,6791195.0,303558.0,22372.0,0.0,0.0,5542.25,6553.75,0.0,0.0,0.0,0.0,0.0,0.0,0.0,0.0,0.0,0.0,0.0,0.0,2818.0,3113.25,0.0,0.0,0.0,0.0,218.25,788.25,0.0,0.0,0.0,0.0,0.0,0.0,0.0,0.0,0.0,0.0,0.0,0.0,738.0,1008.25,0.0,0.0,0.0,0.0,59.75,355.25,0.0,0.0,0.0,0.0,0.0,0.0,0.0,0.0,0.0,0.0,0.0,0.0,468.75,1138.0,0.0,0.0,0.0,0.0,4.5,54.0,0.0,0.0,0.0,0.0,0.0,0.0,0.0,0.0,0.0,0.0,0.0,0.0,73.0,296.5,0.0,0.0,56113.0,10.935122793721016,0.2128027373335947,618695.3112469481,13.335368203095259,47129.0,0.018661545969572875,1.7634176002755089,-0.11027114710549296,-0.15776225204290578,3.8398864603561327,-2.1611502929665933,0.09157750615929852
Indre By,2023,11.014839,10.985211,0.16792344,407,82.0,4900000.0,-3.0,0.0104295404086664,54.0,39.0,32.0,44.0,129.0,130.0,73.0,66.0,35.0,,,7.0,,,126.0,92.0,45.0,30.0,28.0,45.0,23.0,26.0,16.0,,,18.0,,,73.0,58.0,71.0,62.0,310.0,436.0,513.0,607.0,282.0,359.0,162.0,195.0,187.0,225.0,59.0,65.0,79.0,100.0,1109.0,1646.0,1062.0,982.0,527.0,492.0,447.0,329.0,432.0,527.0,1997.0,1835.0,2017.0,1979.0,4834.0,5292.0,2798.0,2515.0,2436.0,2311.0,3078.0,3008.0,4458.0,5314.0,1236.0,820.0,466.0,250.0,199.0,567.0,351.0,179.0,101.0,83.0,75.0,54.0,35.0,20.0,19.0,74.0,62.0,42.0,26.0,20.0,153.0,122.0,64.0,41.0,30.0,367.0,231.0,146.0,62.0,47.0,9551290.0,422773.0,22592.0,7314996.0,304082.0,24056.0,11083841.0,590257.0,18778.0,7552097.0,398023.0,18974.0,9952557.0,438613.0,22691.0,9595776.0,396815.0,24182.0,14748128.0,654629.0,22529.0,10540325.0,438997.0,24010.0,9498604.0,442516.0,21465.0,7203955.0,313365.0,22989.0,0.0,0.0,5528.25,6566.75,0.0,0.0,0.0,0.0,0.0,0.0,0.0,0.0,0.0,0.0,0.0,0.0,2874.0,3113.75,0.0,0.0,0.0,0.0,233.5,752.25,0.0,0.0,0.0,0.0,0.0,0.0,0.0,0.0,0.0,0.0,0.0,0.0,728.0,1020.25,0.0,0.0,0.0,0.0,57.5,356.5,0.0,0.0,0.0,0.0,0.0,0.0,0.0,0.0,0.0,0.0,0.0,0.0,476.25,1135.25,0.0,0.0,0.0,0.0,3.75,51.25,0.0,0.0,0.0,0.0,0.0,0.0,0.0,0.0,0.0,0.0,0.0,0.0,61.25,282.5,0.0,0.0,56326.0,10.93891151924848,0.22110570606824556,646497.5144693392,13.379324632591668,47469.0,0.020154205902799722,1.7604018759950089,-0.0986968671249634,-0.021831681694440944,4.1385695226994015,-2.024209165333607,0.061107111891039
Nørrebro,2008,10.093356,10.035152,0.28856266,35,64.0,1400000.0,0.0,0.061116318648161,1492.0,1394.0,1263.0,1173.0,329.0,342.0,113.0,120.0,,,0.0,3.0,,,71.0,68.0,44.0,54.0,64.0,57.0,55.0,31.0,,,13.0,11.0,,,74.0,56.0,283.0,282.0,742.0,881.0,1156.0,1443.0,1339.0,1009.0,604.0,528.0,532.0,462.0,17.0,11.0,37.0,47.0,677.0,964.0,550.0,433.0,315.0,175.0,189.0,179.0,171.0,203.0,2560.0,2428.0,1274.0,1363.0,7596.0,8709.0,6318.0,5563.0,2886.0,2521.0,2036.0,1912.0,2655.0,3642.0,2765.0,1540.0,887.0,555.0,688.0,516.0,375.0,197.0,90.0,95.0,753.0,482.0,300.0,219.0,322.0,310.0,173.0,97.0,71.0,65.0,626.0,301.0,177.0,112.0,146.0,560.0,209.0,116.0,63.0,60.0,4383397.0,153830.0,28495.0,4284698.0,143738.0,29809.0,5539820.0,247634.0,22371.0,4466504.0,202333.0,22075.0,4727739.0,164862.0,28677.0,4753682.0,158509.0,29990.0,7025403.0,247373.0,28400.0,6471731.0,217435.0,29764.0,5500179.0,198835.0,27662.0,5005544.0,171882.0,29122.0,0.0,0.0,10344.0,10494.5,0.0,0.0,0.0,0.0,0.0,0.0,0.0,0.0,0.0,0.0,0.0,0.0,4115.0,2127.5,0.0,0.0,0.0,0.0,197.75,1216.25,0.0,0.0,0.0,0.0,0.0,0.0,0.0,0.0,0.0,0.0,0.0,0.0,922.0,1045.75,0.0,0.0,0.0,0.0,39.75,558.25,0.0,0.0,0.0,0.0,0.0,0.0,0.0,0.0,0.0,0.0,0.0,0.0,399.5,1116.25,0.0,0.0,0.0,0.0,13.25,233.5,0.0,0.0,0.0,0.0,0.0,0.0,0.0,0.0,0.0,0.0,0.0,0.0,64.5,487.0,0.0,0.0,71519.0,11.177718427646736,0.28042897691522534,253771.94871292944,12.444191302988305,57528.0,0.038063204005006256,1.6076899452430355,0.6308408096082997,0.9493686562658225,-2.215642814042,-0.3811836239489873,-1.4818697343570766
Nørrebro,2009,9.876088,9.828605,0.20090741,37,74.0,1400000.0,-4.0,0.0413853076302326,1373.0,1300.0,1288.0,1200.0,347.0,354.0,131.0,135.0,,0.0,,4.0,,0.0,69.0,61.0,43.0,52.0,71.0,64.0,54.0,27.0,,13.0,,9.0,,7.0,70.0,46.0,246.0,245.0,789.0,883.0,1094.0,1399.0,1329.0,1052.0,633.0,552.0,584.0,495.0,27.0,19.0,43.0,47.0,781.0,1082.0,576.0,468.0,310.0,196.0,200.0,171.0,182.0,202.0,2608.0,2453.0,1246.0,1388.0,7683.0,8897.0,6153.0,5537.0,2897.0,2526.0,1995.0,1925.0,2628.0,3596.0,2901.0,1741.0,1247.0,815.0,1039.0,568.0,411.0,277.0,166.0,171.0,753.0,502.0,364.0,268.0,419.0,442.0,226.0,140.0,81.0,90.0,563.0,328.0,281.0,199.0,240.0,575.0,274.0,185.0,101.0,119.0,4559927.0,158155.0,28832.0,4519676.0,148909.0,30352.0,5541494.0,247875.0,22356.0,4616815.0,205310.0,22487.0,4926194.0,169705.0,29028.0,4985932.0,163008.0,30587.0,7119276.0,247998.0,28707.0,6700022.0,221327.0,30272.0,5608411.0,199929.0,28052.0,5226586.0,176288.0,29648.0,0.0,0.0,10064.25,10474.75,0.0,0.0,0.0,0.0,0.0,0.0,0.0,0.0,0.0,0.0,0.0,0.0,4182.75,2094.75,0.0,0.0,0.0,0.0,196.25,1177.5,0.0,0.0,0.0,0.0,0.0,0.0,0.0,0.0,0.0,0.0,0.0,0.0,960.75,1100.0,0.0,0.0,0.0,0.0,43.0,572.75,0.0,0.0,0.0,0.0,0.0,0.0,0.0,0.0,0.0,0.0,0.0,0.0,419.75,1097.5,0.0,0.0,0.0,0.0,9.5,231.5,0.0,0.0,0.0,0.0,0.0,0.0,0.0,0.0,0.0,0.0,0.0,0.0,64.25,467.25,0.0,0.0,71855.0,11.182405478508347,0.2828334840999235,264306.2974044952,12.484863927037607,58031.0,0.05068842515207389,1.615414775383409,0.6451594079237536,0.9887336163744846,-1.9392731442631064,0.7770922713232098,-1.4038192900394397
Nørrebro,2010,9.938253,9.881313,0.3130463,60,72.0,1342500.0,0.0,0.0506388726900125,1275.0,1172.0,1295.0,1227.0,363.0,381.0,143.0,147.0,,,0.0,,,0.0,74.0,59.0,42.0,54.0,72.0,66.0,58.0,34.0,,,9.0,,,8.0,71.0,50.0,215.0,225.0,757.0,831.0,1026.0,1311.0,1318.0,1088.0,665.0,566.0,584.0,526.0,24.0,22.0,44.0,41.0,844.0,1160.0,609.0,529.0,315.0,194.0,191.0,166.0,190.0,220.0,2687.0,2589.0,1262.0,1406.0,7978.0,9430.0,6202.0,5513.0,2950.0,2524.0,1951.0,1915.0,2624.0,3542.0,2962.0,1963.0,1453.0,970.0,1465.0,621.0,458.0,337.0,239.0,274.0,700.0,508.0,438.0,295.0,488.0,446.0,227.0,152.0,100.0,165.0,536.0,416.0,291.0,204.0,376.0,659.0,354.0,235.0,132.0,162.0,4868970.0,163641.0,29754.0,4788550.0,153239.0,31249.0,5541382.0,247748.0,22367.0,4638069.0,204672.0,22661.0,5252224.0,175677.0,29897.0,5307488.0,169044.0,31397.0,7294741.0,245639.0,29697.0,6888211.0,220479.0,31242.0,5807786.0,205193.0,28304.0,5413325.0,180396.0,30008.0,0.0,0.0,9852.5,10319.5,0.0,0.0,0.0,0.0,0.0,0.0,0.0,0.0,0.0,0.0,0.0,0.0,4219.75,2062.5,0.0,0.0,0.0,0.0,188.5,1170.0,0.0,0.0,0.0,0.0,0.0,0.0,0.0,0.0,0.0,0.0,0.0,0.0,983.5,1103.75,0.0,0.0,0.0,0.0,40.25,569.5,0.0,0.0,0.0,0.0,0.0,0.0,0.0,0.0,0.0,0.0,0.0,0.0,435.0,1119.0,0.0,0.0,0.0,0.0,11.75,237.25,0.0,0.0,0.0,0.0,0.0,0.0,0.0,0.0,0.0,0.0,0.0,0.0,68.25,474.25,0.0,0.0,72834.0,11.195938158125859,0.2781805200867727,277579.5919488151,12.533862988877823,59000.0,0.06117118644067796,1.6274111443376629,0.6865007565235643,0.91255844670548,-1.6063254956471393,1.738812432502543,-1.2826099028991074
Nørrebro,2011,10.056141,10.099817,0.4490993,65,68.0,1500000.0,-3.0,0.0697970033734156,1176.0,1069.0,1337.0,1258.0,374.0,360.0,164.0,168.0,,,0.0,,,0.0,88.0,66.0,40.0,54.0,73.0,89.0,62.0,26.0,,,9.0,,,6.0,65.0,60.0,186.0,201.0,752.0,788.0,969.0,1231.0,1272.0,1143.0,706.0,577.0,612.0,561.0,27.0,23.0,36.0,52.0,918.0,1216.0,649.0,606.0,331.0,202.0,194.0,159.0,192.0,229.0,2811.0,2713.0,1231.0,1435.0,8491.0,9920.0,6139.0,5469.0,2994.0,2542.0,1922.0,1878.0,2621.0,3521.0,3102.0,2000.0,1441.0,990.0,1570.0,662.0,496.0,343.0,255.0,376.0,713.0,450.0,335.0,281.0,472.0,431.0,255.0,154.0,80.0,158.0,538.0,398.0,312.0,210.0,375.0,758.0,401.0,297.0,164.0,189.0,5041483.0,166832.0,30219.0,4955034.0,155213.0,31924.0,5744656.0,249075.0,23064.0,4803871.0,205496.0,23377.0,5425570.0,178826.0,30340.0,5541240.0,172931.0,32043.0,7542075.0,249928.0,30177.0,7137220.0,223625.0,31916.0,5996372.0,206593.0,29025.0,5626245.0,182920.0,30758.0,0.0,0.0,9533.75,10104.5,0.0,0.0,0.0,0.0,0.0,0.0,0.0,0.0,0.0,0.0,0.0,0.0,4483.75,2022.75,0.0,0.0,0.0,0.0,202.25,1179.75,0.0,0.0,0.0,0.0,0.0,0.0,0.0,0.0,0.0,0.0,0.0,0.0,1004.0,1066.25,0.0,0.0,0.0,0.0,37.75,597.75,0.0,0.0,0.0,0.0,0.0,0.0,0.0,0.0,0.0,0.0,0.0,0.0,470.75,1175.5,0.0,0.0,0.0,0.0,17.75,221.25,0.0,0.0,0.0,0.0,0.0,0.0,0.0,0.0,0.0,0.0,0.0,0.0,76.75,475.75,0.0,0.0,74063.0,11.212671361343652,0.27511713001093663,283047.2300608941,12.553369053375214,60135.0,0.06213852165959923,1.6478600561673082,0.7376194711440645,0.8624067029718898,-1.4737821761579681,1.82755868523528,-1.0759973787253583
Nørrebro,2012,10.014927,9.9519,0.31475767,91,67.0,1475000.0,-3.0,0.0413434511460709,1051.0,979.0,1296.0,1251.0,397.0,395.0,187.0,190.0,,,0.0,,,0.0,84.0,80.0,40.0,50.0,75.0,103.0,58.0,27.0,,,10.0,,,6.0,91.0,64.0,166.0,155.0,725.0,744.0,946.0,1171.0,1209.0,1158.0,760.0,595.0,610.0,567.0,27.0,25.0,34.0,44.0,888.0,1270.0,704.0,647.0,343.0,209.0,202.0,150.0,194.0,233.0,2892.0,2888.0,1331.0,1491.0,8825.0,10351.0,6238.0,5580.0,3050.0,2640.0,1918.0,1853.0,2578.0,3451.0,3134.0,2001.0,1535.0,1016.0,1579.0,729.0,523.0,428.0,287.0,398.0,599.0,411.0,313.0,260.0,472.0,411.0,214.0,156.0,89.0,146.0,581.0,431.0,329.0,211.0,355.0,814.0,422.0,309.0,169.0,208.0,5202580.0,168679.0,30843.0,5141132.0,157965.0,32546.0,5976224.0,254502.0,23482.0,5049833.0,210911.0,23943.0,5617978.0,181518.0,30950.0,5737784.0,175661.0,32664.0,7812916.0,253674.0,30799.0,7433986.0,228464.0,32539.0,6254689.0,210539.0,29708.0,5890885.0,187327.0,31447.0,0.0,0.0,9218.0,9863.5,0.0,0.0,0.0,0.0,0.0,0.0,0.0,0.0,0.0,0.0,0.0,0.0,4628.25,1996.25,0.0,0.0,0.0,0.0,208.5,1161.0,0.0,0.0,0.0,0.0,0.0,0.0,0.0,0.0,0.0,0.0,0.0,0.0,1040.5,1090.75,0.0,0.0,0.0,0.0,45.75,599.75,0.0,0.0,0.0,0.0,0.0,0.0,0.0,0.0,0.0,0.0,0.0,0.0,503.75,1221.25,0.0,0.0,0.0,0.0,11.75,199.75,0.0,0.0,0.0,0.0,0.0,0.0,0.0,0.0,0.0,0.0,0.0,0.0,73.25,473.25,0.0,0.0,75296.0,11.229182291527088,0.2684073523161921,288188.93433914153,12.571371566040614,61257.0,0.062254109734397704,1.666238856974973,0.7880591578663652,0.7525587753081731,-1.3514554614002416,1.8381630841016783,-0.8903009241759707
Nørrebro,2013,10.119507,10.078275,0.29403853,88,63.0,1537500.0,0.0,0.0392748005200032,955.0,895.0,1275.0,1244.0,469.0,422.0,201.0,195.0,,,0.0,,,,92.0,75.0,39.0,48.0,72.0,96.0,56.0,33.0,,,10.0,,,,95.0,72.0,147.0,147.0,667.0,732.0,1000.0,1120.0,1184.0,1194.0,799.0,607.0,617.0,579.0,22.0,29.0,37.0,41.0,929.0,1332.0,758.0,659.0,366.0,236.0,194.0,142.0,201.0,236.0,2984.0,2963.0,1340.0,1495.0,9156.0,10857.0,6211.0,5650.0,3100.0,2664.0,1895.0,1867.0,2593.0,3369.0,3260.0,2111.0,1586.0,1044.0,1509.0,881.0,615.0,489.0,298.0,378.0,593.0,386.0,317.0,251.0,404.0,351.0,226.0,171.0,90.0,156.0,592.0,412.0,307.0,230.0,357.0,843.0,472.0,302.0,175.0,214.0,5416223.0,172431.0,31411.0,5354400.0,161515.0,33151.0,6161310.0,254410.0,24218.0,5314489.0,215694.0,24639.0,5854549.0,185770.0,31515.0,5994662.0,180274.0,33253.0,8082144.0,257705.0,31362.0,7721714.0,233017.0,33138.0,6374543.0,210708.0,30253.0,6066372.0,189355.0,32037.0,0.0,0.0,8955.75,9609.75,0.0,0.0,0.0,0.0,0.0,0.0,0.0,0.0,0.0,0.0,0.0,0.0,4751.25,1974.0,0.0,0.0,0.0,0.0,204.25,1181.75,0.0,0.0,0.0,0.0,0.0,0.0,0.0,0.0,0.0,0.0,0.0,0.0,1128.5,1106.25,0.0,0.0,0.0,0.0,52.75,590.0,0.0,0.0,0.0,0.0,0.0,0.0,0.0,0.0,0.0,0.0,0.0,0.0,531.0,1235.25,0.0,0.0,0.0,0.0,12.5,192.0,0.0,0.0,0.0,0.0,0.0,0.0,0.0,0.0,0.0,0.0,0.0,0.0,84.0,472.0,0.0,0.0,76463.0,11.244562242682619,0.26573636922433075,295827.18438983563,12.597530726286465,62468.0,0.06149068322981366,1.6858420872167326,0.8350437861986617,0.708831252458108,-1.1737044889015082,1.768124032288555,-0.692233031079708
Nørrebro,2014,10.23462,10.219469,0.29660276,154,61.0,1740000.0,-0.5,0.029947866142334,885.0,807.0,1236.0,1198.0,509.0,492.0,206.0,205.0,,,,,,,97.0,85.0,39.0,45.0,72.0,96.0,48.0,27.0,,,,,,,87.0,73.0,126.0,119.0,669.0,684.0,1014.0,1073.0,1142.0,1214.0,874.0,643.0,634.0,612.0,27.0,31.0,31.0,38.0,974.0,1316.0,804.0,734.0,355.0,238.0,190.0,139.0,210.0,254.0,3102.0,3098.0,1360.0,1521.0,9331.0,11189.0,6364.0,5857.0,3119.0,2696.0,1912.0,1902.0,2585.0,3251.0,3008.0,1927.0,1412.0,928.0,1273.0,900.0,701.0,499.0,294.0,361.0,349.0,227.0,210.0,175.0,293.0,281.0,160.0,88.0,63.0,120.0,526.0,383.0,249.0,214.0,304.0,952.0,456.0,366.0,182.0,195.0,5630576.0,178301.0,31579.0,5623108.0,166803.0,33711.0,6357758.0,260159.0,24438.0,5574883.0,220290.0,25307.0,6102119.0,192575.0,31687.0,6293634.0,186125.0,33814.0,8346674.0,264755.0,31526.0,8060916.0,239196.0,33700.0,6505418.0,214100.0,30385.0,6288413.0,192660.0,32640.0,0.0,0.0,8702.75,9489.5,0.0,0.0,0.0,0.0,0.0,0.0,0.0,0.0,0.0,0.0,0.0,0.0,4916.25,1942.75,0.0,0.0,0.0,0.0,212.5,1206.5,0.0,0.0,0.0,0.0,0.0,0.0,0.0,0.0,0.0,0.0,0.0,0.0,1206.25,1139.75,0.0,0.0,0.0,0.0,59.0,612.25,0.0,0.0,0.0,0.0,0.0,0.0,0.0,0.0,0.0,0.0,0.0,0.0,546.5,1235.25,0.0,0.0,0.0,0.0,11.5,180.0,0.0,0.0,0.0,0.0,0.0,0.0,0.0,0.0,0.0,0.0,0.0,0.0,92.5,456.0,0.0,0.0,77639.0,11.259825157241215,0.2621362974793596,304607.69716250856,12.626779988862953,63634.0,0.05311940157777289,1.700617790170029,0.881670876268798,0.6498933205895864,-0.9749563326541597,1.0001173861360386,-0.5429416991470082
Nørrebro,2015,10.3930435,10.362231,0.28947836,176,60.0,1950000.0,-1.0,0.027340777862373,802.0,712.0,1215.0,1185.0,570.0,531.0,207.0,209.0,,,,,,,102.0,100.0,39.0,43.0,66.0,103.0,50.0,35.0,,,,,,,87.0,59.0,115.0,116.0,632.0,694.0,1042.0,1032.0,1041.0,1209.0,918.0,690.0,674.0,639.0,25.0,32.0,36.0,42.0,1070.0,1407.0,819.0,748.0,377.0,264.0,211.0,137.0,210.0,260.0,3247.0,3201.0,1384.0,1552.0,9403.0,11364.0,6347.0,5991.0,3105.0,2708.0,1970.0,1950.0,2595.0,3263.0,3366.0,2038.0,1412.0,826.0,913.0,1113.0,770.0,534.0,287.0,251.0,323.0,248.0,172.0,162.0,212.0,236.0,149.0,89.0,65.0,86.0,576.0,360.0,268.0,146.0,209.0,1118.0,511.0,349.0,166.0,155.0,5886987.0,184470.0,31913.0,5839715.0,171333.0,34084.0,6723844.0,271013.0,24810.0,5879492.0,228117.0,25774.0,6365349.0,198706.0,32034.0,6586315.0,192554.0,34205.0,8752106.0,274722.0,31858.0,8385719.0,246154.0,34067.0,6775564.0,221496.0,30590.0,6507143.0,197665.0,32920.0,0.0,0.0,8567.25,9451.0,0.0,0.0,0.0,0.0,0.0,0.0,0.0,0.0,0.0,0.0,0.0,0.0,5147.25,1926.75,0.0,0.0,0.0,0.0,234.0,1224.25,0.0,0.0,0.0,0.0,0.0,0.0,0.0,0.0,0.0,0.0,0.0,0.0,1267.5,1167.0,0.0,0.0,0.0,0.0,62.75,616.25,0.0,0.0,0.0,0.0,0.0,0.0,0.0,0.0,0.0,0.0,0.0,0.0,577.0,1234.5,0.0,0.0,0.0,0.0,10.25,179.75,0.0,0.0,0.0,0.0,0.0,0.0,0.0,0.0,0.0,0.0,0.0,0.0,97.25,438.0,0.0,0.0,78635.0,11.272572171924827,0.26139759649011257,313834.3740064857,12.656620654411533,64541.0,0.04731720921584728,1.7113110719470819,0.9206120758343412,0.6377998092210229,-0.7721896049985589,0.4678067458498038,-0.4348984957695519
Nørrebro,2016,10.505109,10.473471,0.25660253,178,62.0,2250000.0,0.0,0.0240991662946263,750.0,686.0,1134.0,1100.0,628.0,580.0,208.0,204.0,,,,,0.0,,111.0,111.0,42.0,40.0,77.0,115.0,52.0,35.0,,,,,17.0,,78.0,62.0,121.0,105.0,598.0,663.0,1018.0,1015.0,995.0,1193.0,959.0,740.0,703.0,679.0,30.0,31.0,46.0,47.0,1113.0,1469.0,915.0,829.0,385.0,276.0,223.0,136.0,233.0,274.0,3368.0,3327.0,1438.0,1626.0,9273.0,11160.0,6435.0,6254.0,3132.0,2737.0,2039.0,1987.0,2647.0,3250.0,3290.0,2045.0,1353.0,749.0,817.0,1229.0,914.0,577.0,284.0,250.0,296.0,189.0,165.0,122.0,186.0,204.0,123.0,77.0,60.0,79.0,560.0,304.0,210.0,121.0,160.0,1001.0,515.0,324.0,162.0,142.0,6019052.0,188472.0,31936.0,6027409.0,175931.0,34260.0,7028117.0,280698.0,25038.0,6145786.0,234823.0,26172.0,6527363.0,203656.0,32051.0,6806895.0,197990.0,34380.0,8951029.0,281002.0,31854.0,8661298.0,252914.0,34246.0,6967832.0,229235.0,30396.0,6715726.0,203371.0,33022.0,0.0,0.0,8318.5,9406.25,0.0,0.0,0.0,0.0,0.0,0.0,0.0,0.0,0.0,0.0,0.0,0.0,5268.75,1936.75,0.0,0.0,0.0,0.0,238.25,1213.25,0.0,0.0,0.0,0.0,0.0,0.0,0.0,0.0,0.0,0.0,0.0,0.0,1336.5,1196.25,0.0,0.0,0.0,0.0,53.75,614.5,0.0,0.0,0.0,0.0,0.0,0.0,0.0,0.0,0.0,0.0,0.0,0.0,616.25,1269.75,0.0,0.0,0.0,0.0,9.0,175.75,0.0,0.0,0.0,0.0,0.0,0.0,0.0,0.0,0.0,0.0,0.0,0.0,108.25,439.0,0.0,0.0,79499.0,11.28349972194696,0.26196555931521154,319258.3428722374,12.673755906277647,65246.0,0.04411917971982957,1.72856222292959,0.9539949436458481,0.6470981112163362,-0.6557559100868281,0.1744098671371363,-0.26059563412626413
Nørrebro,2017,10.644574,10.554811,0.35221708,93,60.0,2495000.0,-1.0,0.0457635837134246,679.0,649.0,1087.0,1072.0,686.0,652.0,208.0,207.0,,,,,0.0,,117.0,106.0,44.0,38.0,67.0,100.0,60.0,31.0,,,,,18.0,,66.0,63.0,113.0,92.0,593.0,653.0,994.0,1004.0,917.0,1163.0,970.0,801.0,757.0,720.0,27.0,44.0,48.0,48.0,1118.0,1499.0,953.0,864.0,395.0,290.0,238.0,149.0,227.0,285.0,3515.0,3476.0,1483.0,1599.0,8957.0,10918.0,6515.0,6418.0,3163.0,2792.0,2060.0,2048.0,2668.0,3230.0,3480.0,2129.0,1295.0,791.0,817.0,1525.0,999.0,582.0,335.0,310.0,225.0,189.0,149.0,113.0,155.0,175.0,113.0,86.0,56.0,61.0,504.0,299.0,172.0,135.0,153.0,1051.0,529.0,306.0,152.0,138.0,6258342.0,194141.0,32236.0,6203112.0,179712.0,34517.0,7357262.0,290939.0,25288.0,6414810.0,242517.0,26451.0,6773774.0,209474.0,32337.0,7010477.0,202469.0,34625.0,9316026.0,289759.0,32151.0,8910952.0,258333.0,34494.0,7232226.0,237068.0,30507.0,6898808.0,208392.0,33105.0,0.0,0.0,8317.25,9313.75,0.0,0.0,0.0,0.0,0.0,0.0,0.0,0.0,0.0,0.0,0.0,0.0,5401.75,1904.0,0.0,0.0,0.0,0.0,240.25,1214.25,0.0,0.0,0.0,0.0,0.0,0.0,0.0,0.0,0.0,0.0,0.0,0.0,1401.25,1208.0,0.0,0.0,0.0,0.0,50.75,620.0,0.0,0.0,0.0,0.0,0.0,0.0,0.0,0.0,0.0,0.0,0.0,0.0,638.0,1324.75,0.0,0.0,0.0,0.0,9.25,168.5,0.0,0.0,0.0,0.0,0.0,0.0,0.0,0.0,0.0,0.0,0.0,0.0,107.75,429.25,0.0,0.0,79754.0,11.286702176129095,0.2622062843242972,329083.24347368156,12.704066017420272,65388.0,0.04470545054138374,1.738506124657058,0.9637782074532064,0.651039097727052,-0.44979930897609033,0.22819612187259,-0.16012404653453136
Nørrebro,2018,10.642054,10.574173,0.3346805,270,61.0,2497500.0,-2.0,0.0255211129219901,604.0,604.0,1065.0,1023.0,747.0,688.0,229.0,227.0,,,,0.0,0.0,,123.0,110.0,38.0,41.0,73.0,102.0,57.0,38.0,,,,12.0,17.0,,67.0,57.0,90.0,82.0,554.0,621.0,953.0,985.0,892.0,1149.0,1013.0,858.0,797.0,744.0,22.0,33.0,34.0,38.0,1122.0,1543.0,1015.0,957.0,427.0,299.0,234.0,155.0,238.0,290.0,3629.0,3617.0,1595.0,1664.0,8791.0,10745.0,6582.0,6477.0,3173.0,2849.0,2116.0,2098.0,2697.0,3246.0,3005.0,1920.0,1180.0,719.0,714.0,1201.0,891.0,496.0,312.0,288.0,236.0,159.0,121.0,83.0,116.0,166.0,103.0,72.0,46.0,50.0,481.0,282.0,177.0,110.0,116.0,921.0,485.0,314.0,168.0,144.0,6456798.0,200273.0,32240.0,6483535.0,186593.0,34747.0,7707886.0,302828.0,25453.0,6783585.0,252666.0,26848.0,7019683.0,217139.0,32328.0,7313572.0,209786.0,34862.0,9553115.0,297197.0,32144.0,9266581.0,266848.0,34726.0,7323146.0,240719.0,30422.0,7008717.0,210890.0,33234.0,0.0,0.0,8333.25,9340.0,0.0,0.0,0.0,0.0,0.0,0.0,0.0,0.0,0.0,0.0,0.0,0.0,5338.75,1937.75,0.0,0.0,0.0,0.0,237.25,1212.0,0.0,0.0,0.0,0.0,0.0,0.0,0.0,0.0,0.0,0.0,0.0,0.0,1445.25,1262.0,0.0,0.0,0.0,0.0,54.5,632.25,0.0,0.0,0.0,0.0,0.0,0.0,0.0,0.0,0.0,0.0,0.0,0.0,656.75,1342.0,0.0,0.0,0.0,0.0,10.5,150.0,0.0,0.0,0.0,0.0,0.0,0.0,0.0,0.0,0.0,0.0,0.0,0.0,110.5,438.75,0.0,0.0,80346.0,11.294097587723622,0.2622034699922834,339451.7213053543,12.735087010582614,65810.0,0.039696094818416655,1.7442271895143302,0.9863706501482031,0.6509930233929175,-0.2390122787097999,-0.23137729210315158,-0.10231932514054895
Nørrebro,2019,10.647217,10.6222725,0.2089515,318,63.0,2750000.0,-2.0,0.0146819253178037,544.0,535.0,1001.0,1007.0,791.0,724.0,255.0,240.0,,,,,0.0,,121.0,109.0,47.0,41.0,78.0,105.0,52.0,45.0,,,,,16.0,,63.0,56.0,95.0,76.0,523.0,602.0,964.0,959.0,863.0,1119.0,1012.0,898.0,842.0,809.0,29.0,29.0,32.0,41.0,1126.0,1505.0,1125.0,1092.0,424.0,304.0,248.0,160.0,239.0,303.0,3715.0,3571.0,1655.0,1780.0,8435.0,10508.0,6559.0,6506.0,3172.0,2908.0,2207.0,2135.0,2719.0,3218.0,2834.0,1884.0,1257.0,709.0,674.0,1181.0,895.0,574.0,319.0,274.0,236.0,146.0,112.0,95.0,110.0,154.0,105.0,63.0,45.0,39.0,396.0,248.0,168.0,88.0,115.0,867.0,490.0,340.0,162.0,136.0,6656540.0,208382.0,31944.0,6690717.0,192395.0,34776.0,7999968.0,312438.0,25605.0,7069291.0,260609.0,27126.0,7230639.0,225668.0,32041.0,7584369.0,217367.0,34892.0,9882556.0,310060.0,31873.0,9582354.0,275704.0,34756.0,7563880.0,249131.0,30361.0,7248585.0,217082.0,33391.0,0.0,0.0,8437.0,9588.0,0.0,0.0,0.0,0.0,0.0,0.0,0.0,0.0,0.0,0.0,0.0,0.0,5269.75,1976.0,0.0,0.0,0.0,0.0,235.0,1215.0,0.0,0.0,0.0,0.0,0.0,0.0,0.0,0.0,0.0,0.0,0.0,0.0,1392.0,1311.0,0.0,0.0,0.0,0.0,51.25,622.0,0.0,0.0,0.0,0.0,0.0,0.0,0.0,0.0,0.0,0.0,0.0,0.0,711.75,1328.75,0.0,0.0,0.0,0.0,12.25,145.5,0.0,0.0,0.0,0.0,0.0,0.0,0.0,0.0,0.0,0.0,0.0,0.0,110.75,439.5,0.0,0.0,80337.0,11.293985565916593,0.2644983009074275,350551.6138267548,12.767263232323717,65790.0,0.0392156862745098,1.7381224216407118,0.9860284317032203,0.6885624380345763,-0.020375493275400103,-0.2754514219586403,-0.16400092024794857
Nørrebro,2020,10.718602,10.695008,0.2635676,477,62.0,2850000.0,0.0,0.0151211180706552,483.0,485.0,942.0,934.0,813.0,769.0,253.0,255.0,105.0,105.0,3.0,,0.0,,127.0,118.0,49.0,51.0,78.0,96.0,45.0,48.0,24.0,13.0,7.0,,14.0,,54.0,52.0,89.0,76.0,503.0,585.0,907.0,936.0,805.0,1043.0,1018.0,961.0,902.0,831.0,31.0,29.0,30.0,42.0,1132.0,1507.0,1155.0,1138.0,436.0,329.0,252.0,167.0,255.0,302.0,3651.0,3579.0,1705.0,1850.0,8229.0,10215.0,6477.0,6601.0,3185.0,2944.0,2206.0,2185.0,2738.0,3277.0,2845.0,1966.0,1455.0,985.0,1088.0,1152.0,862.0,603.0,393.0,434.0,222.0,148.0,142.0,108.0,154.0,231.0,135.0,92.0,75.0,83.0,410.0,269.0,233.0,141.0,172.0,830.0,552.0,385.0,268.0,245.0,6928135.0,219203.0,31606.0,7043657.0,203556.0,34603.0,8240438.0,328933.0,25052.0,7475443.0,278073.0,26883.0,7557359.0,237997.0,31754.0,7970551.0,229421.0,34742.0,10253977.0,324812.0,31569.0,10120921.0,292546.0,34596.0,7805355.0,259564.0,30071.0,7639912.0,229689.0,33262.0,0.0,0.0,8437.0,9699.5,0.0,0.0,0.0,0.0,0.0,0.0,0.0,0.0,0.0,0.0,0.0,0.0,5374.75,2000.25,0.0,0.0,0.0,0.0,239.5,1247.0,0.0,0.0,0.0,0.0,0.0,0.0,0.0,0.0,0.0,0.0,0.0,0.0,1412.75,1308.75,0.0,0.0,0.0,0.0,56.25,617.5,0.0,0.0,0.0,0.0,0.0,0.0,0.0,0.0,0.0,0.0,0.0,0.0,729.75,1367.5,0.0,0.0,0.0,0.0,10.75,147.25,0.0,0.0,0.0,0.0,0.0,0.0,0.0,0.0,0.0,0.0,0.0,0.0,108.25,463.5,0.0,0.0,80226.0,11.29260293084272,0.26654700471168946,367707.50130880263,12.815043067703527,65849.0,0.04966666160458018,1.743665384817995,0.9818045824589579,0.7221024266203709,0.3042875358422073,0.6833525994439054,-0.10799570965281403
Nørrebro,2021,10.855581,10.831469,0.22769293,562,61.0,3147500.0,0.0,0.0120346221500065,431.0,417.0,872.0,836.0,809.0,802.0,272.0,261.0,129.0,121.0,4.0,,0.0,,133.0,135.0,47.0,45.0,71.0,83.0,49.0,59.0,28.0,14.0,9.0,,16.0,,41.0,39.0,93.0,79.0,442.0,503.0,842.0,885.0,768.0,992.0,989.0,1008.0,964.0,860.0,20.0,29.0,33.0,45.0,1052.0,1456.0,1193.0,1190.0,448.0,364.0,262.0,165.0,265.0,291.0,3616.0,3438.0,1742.0,1947.0,7959.0,9924.0,6416.0,6597.0,3144.0,2906.0,2255.0,2230.0,2740.0,3319.0,2677.0,1924.0,1306.0,794.0,770.0,1183.0,825.0,497.0,291.0,275.0,180.0,162.0,128.0,108.0,126.0,166.0,120.0,101.0,70.0,74.0,385.0,279.0,201.0,124.0,146.0,763.0,538.0,379.0,201.0,149.0,7301409.0,233578.0,31259.0,7413999.0,214532.0,34559.0,8678457.0,342089.0,25369.0,7973112.0,288996.0,27589.0,7945577.0,252642.0,31450.0,8426215.0,242719.0,34716.0,10826928.0,346595.0,31238.0,10671582.0,308865.0,34551.0,8119126.0,273703.0,29664.0,8039534.0,241609.0,33275.0,0.0,0.0,8542.5,9884.75,0.0,0.0,0.0,0.0,0.0,0.0,0.0,0.0,0.0,0.0,0.0,0.0,5306.5,2008.75,0.0,0.0,0.0,0.0,234.5,1265.75,0.0,0.0,0.0,0.0,0.0,0.0,0.0,0.0,0.0,0.0,0.0,0.0,1425.0,1231.25,0.0,0.0,0.0,0.0,60.75,584.75,0.0,0.0,0.0,0.0,0.0,0.0,0.0,0.0,0.0,0.0,0.0,0.0,749.0,1358.25,0.0,0.0,0.0,0.0,13.25,146.25,0.0,0.0,0.0,0.0,0.0,0.0,0.0,0.0,0.0,0.0,0.0,0.0,104.75,462.25,0.0,0.0,79194.0,11.279655817357009,0.26467914235926965,392544.8897643761,12.88040617849142,65156.0,0.0421557492786543,1.733628935010074,0.9422520956564564,0.6915230515786165,0.7484285709097761,-0.005721167841619938,-0.20940238820044577
Nørrebro,2022,10.873124,10.871037,0.19126453,385,60.0,3200000.0,-2.0,0.0122139218177876,389.0,377.0,765.0,769.0,814.0,813.0,285.0,258.0,140.0,141.0,6.0,,0.0,,121.0,144.0,44.0,53.0,61.0,87.0,49.0,59.0,29.0,17.0,10.0,,15.0,,32.0,29.0,91.0,83.0,398.0,468.0,845.0,844.0,747.0,921.0,962.0,1030.0,1006.0,887.0,18.0,20.0,39.0,46.0,994.0,1453.0,1259.0,1227.0,477.0,370.0,286.0,176.0,280.0,293.0,3536.0,3384.0,1816.0,1983.0,7773.0,9931.0,6297.0,6497.0,3063.0,2908.0,2269.0,2252.0,2766.0,3354.0,3002.0,1783.0,968.0,498.0,341.0,1283.0,801.0,406.0,160.0,109.0,241.0,151.0,81.0,59.0,59.0,187.0,115.0,73.0,47.0,32.0,407.0,221.0,133.0,88.0,60.0,884.0,495.0,275.0,144.0,81.0,7350550.0,235821.0,31170.0,7452053.0,215533.0,34575.0,9051387.0,353749.0,25587.0,8360023.0,300991.0,27775.0,7976578.0,254965.0,31285.0,8490756.0,244761.0,34690.0,10935280.0,351052.0,31150.0,10796624.0,312321.0,34569.0,8250539.0,278377.0,29638.0,8145454.0,244777.0,33277.0,0.0,0.0,8659.5,10211.75,0.0,0.0,0.0,0.0,0.0,0.0,0.0,0.0,0.0,0.0,0.0,0.0,5176.0,2006.75,0.0,0.0,0.0,0.0,248.0,1284.25,0.0,0.0,0.0,0.0,0.0,0.0,0.0,0.0,0.0,0.0,0.0,0.0,1427.25,1167.75,0.0,0.0,0.0,0.0,65.25,580.0,0.0,0.0,0.0,0.0,0.0,0.0,0.0,0.0,0.0,0.0,0.0,0.0,747.0,1369.75,0.0,0.0,0.0,0.0,16.5,140.75,0.0,0.0,0.0,0.0,0.0,0.0,0.0,0.0,0.0,0.0,0.0,0.0,107.75,424.25,0.0,0.0,78556.0,11.271567025235113,0.2638499923621366,398059.1807118489,12.894355968468433,64817.0,0.030464230063100728,1.7179216531628634,0.9175414260541135,0.677948770424893,0.8432171157737359,-1.0783364296845945,-0.3681062438088335
Nørrebro,2023,10.839388,10.825759,0.22122715,530,59.0,3000000.0,-2.0,0.0120406955890001,334.0,335.0,681.0,709.0,822.0,778.0,309.0,290.0,141.0,158.0,11.0,,0.0,,133.0,141.0,48.0,54.0,61.0,76.0,57.0,64.0,32.0,19.0,10.0,,14.0,,44.0,35.0,100.0,86.0,405.0,498.0,817.0,845.0,725.0,887.0,928.0,1084.0,1070.0,943.0,20.0,17.0,31.0,55.0,1042.0,1487.0,1277.0,1290.0,511.0,385.0,289.0,189.0,285.0,302.0,3500.0,3393.0,1863.0,2005.0,7632.0,9738.0,6241.0,6494.0,3009.0,2925.0,2316.0,2303.0,2815.0,3386.0,2830.0,1834.0,1120.0,560.0,397.0,1244.0,808.0,447.0,186.0,138.0,200.0,126.0,83.0,76.0,64.0,160.0,120.0,77.0,46.0,32.0,438.0,269.0,166.0,82.0,61.0,788.0,511.0,347.0,170.0,102.0,7981513.0,257452.0,31002.0,7842701.0,227384.0,34491.0,9567209.0,371412.0,25759.0,8816920.0,315442.0,27951.0,8662238.0,278430.0,31111.0,8966298.0,258857.0,34638.0,12048291.0,389660.0,30920.0,11497513.0,333706.0,34454.0,8689630.0,288558.0,30114.0,8502796.0,251689.0,33783.0,0.0,0.0,8669.0,10157.25,0.0,0.0,0.0,0.0,0.0,0.0,0.0,0.0,0.0,0.0,0.0,0.0,5141.5,2017.5,0.0,0.0,0.0,0.0,255.25,1296.0,0.0,0.0,0.0,0.0,0.0,0.0,0.0,0.0,0.0,0.0,0.0,0.0,1440.75,1206.5,0.0,0.0,0.0,0.0,58.75,581.5,0.0,0.0,0.0,0.0,0.0,0.0,0.0,0.0,0.0,0.0,0.0,0.0,744.0,1410.0,0.0,0.0,0.0,0.0,15.5,135.25,0.0,0.0,0.0,0.0,0.0,0.0,0.0,0.0,0.0,0.0,0.0,0.0,111.75,402.75,0.0,0.0,78544.0,11.271414256297835,0.2663984518231819,425910.95436952537,12.961985576100673,64960.0,0.03298183497536946,1.7210213044221352,0.9170747280999944,0.7196704195266341,1.3027589517256526,-0.8473637560394247,-0.33678786481284
Valby,2008,10.068853,10.088833,0.27062133,99,101.0,2500000.0,-5.0,0.0340796794715748,541.0,508.0,425.0,403.0,187.0,202.0,,68.0,,0.0,0.0,0.0,0.0,0.0,36.0,46.0,,,30.0,29.0,,19.0,,15.0,,,9.0,4.0,22.0,37.0,131.0,156.0,374.0,439.0,554.0,596.0,517.0,471.0,301.0,268.0,254.0,170.0,15.0,15.0,,,194.0,279.0,222.0,186.0,146.0,96.0,,,120.0,159.0,1974.0,1869.0,1532.0,1559.0,3414.0,3649.0,3502.0,3108.0,2495.0,2422.0,1971.0,1938.0,2929.0,4466.0,1429.0,759.0,454.0,279.0,382.0,199.0,114.0,54.0,26.0,33.0,458.0,305.0,188.0,124.0,215.0,119.0,68.0,47.0,29.0,31.0,428.0,184.0,122.0,70.0,79.0,225.0,88.0,43.0,30.0,24.0,3272820.0,180410.0,18141.0,3203962.0,164188.0,19514.0,4244031.0,305019.0,13914.0,3326840.0,247312.0,13452.0,3575827.0,196388.0,18208.0,3695825.0,188726.0,19583.0,5237403.0,289615.0,18084.0,4762941.0,244316.0,19495.0,4038090.0,228360.0,17683.0,3599155.0,187485.0,19197.0,0.0,0.0,5941.0,6787.25,0.0,0.0,0.0,0.0,0.0,0.0,0.0,0.0,0.0,0.0,0.0,0.0,2143.75,2414.5,0.0,0.0,0.0,0.0,164.75,869.75,0.0,0.0,0.0,0.0,0.0,0.0,0.0,0.0,0.0,0.0,0.0,0.0,591.75,985.0,0.0,0.0,0.0,0.0,45.5,433.5,0.0,0.0,0.0,0.0,0.0,0.0,0.0,0.0,0.0,0.0,0.0,0.0,284.25,1135.75,0.0,0.0,0.0,0.0,3.5,111.25,0.0,0.0,0.0,0.0,0.0,0.0,0.0,0.0,0.0,0.0,0.0,0.0,46.75,325.5,0.0,0.0,45072.0,10.716016490116154,0.1829073482428115,305032.70323038695,12.628174273547685,35803.0,0.031748736139429655,1.7089246648342402,-0.77962491396943,-0.6471892774561615,-0.9654821960105516,-0.9604919651630341,-0.45901037034742553
Valby,2009,9.969085,9.951034,0.36519635,113,106.0,2245000.0,-4.0,0.0430465428304121,528.0,514.0,441.0,409.0,192.0,204.0,,,,,0.0,0.0,0.0,0.0,35.0,37.0,,,28.0,28.0,,,,,,,,,34.0,45.0,127.0,145.0,427.0,488.0,543.0,604.0,548.0,510.0,310.0,275.0,271.0,192.0,13.0,20.0,,,250.0,320.0,261.0,204.0,169.0,115.0,,,,,2140.0,2025.0,1548.0,1578.0,3378.0,3736.0,3621.0,3160.0,2530.0,2448.0,1939.0,1946.0,2873.0,4333.0,1547.0,947.0,677.0,450.0,595.0,167.0,112.0,83.0,47.0,56.0,489.0,331.0,268.0,201.0,273.0,170.0,82.0,62.0,30.0,58.0,495.0,308.0,194.0,146.0,161.0,226.0,114.0,70.0,26.0,47.0,3426943.0,185994.0,18425.0,3369761.0,170612.0,19751.0,4261823.0,306121.0,13922.0,3463733.0,252883.0,13697.0,3747490.0,202666.0,18491.0,3884940.0,195725.0,19849.0,5335674.0,290487.0,18368.0,4920136.0,249487.0,19721.0,4102033.0,228360.0,17963.0,3740802.0,192825.0,19400.0,0.0,0.0,5852.25,6641.75,0.0,0.0,0.0,0.0,0.0,0.0,0.0,0.0,0.0,0.0,0.0,0.0,2156.75,2392.75,0.0,0.0,0.0,0.0,168.25,877.75,0.0,0.0,0.0,0.0,0.0,0.0,0.0,0.0,0.0,0.0,0.0,0.0,608.75,1025.25,0.0,0.0,0.0,0.0,43.25,461.0,0.0,0.0,0.0,0.0,0.0,0.0,0.0,0.0,0.0,0.0,0.0,0.0,291.25,1156.75,0.0,0.0,0.0,0.0,3.75,128.0,0.0,0.0,0.0,0.0,0.0,0.0,0.0,0.0,0.0,0.0,0.0,0.0,40.25,335.75,0.0,0.0,45542.0,10.72639025608861,0.18196390145360328,316831.36445478897,12.666124937982662,35903.0,0.04533882962426538,1.7264520927716547,-0.747933816013841,-0.6626347481364618,-0.7076081875602865,0.28630423069108873,-0.28191605067938985
Valby,2010,10.111816,10.079229,0.3045063,129,112.0,2750000.0,-3.0,0.0335932880674301,517.0,487.0,465.0,442.0,218.0,221.0,66.0,111.0,,,,0.0,0.0,,42.0,43.0,,,25.0,35.0,25.0,24.0,,,,,8.0,,37.0,36.0,118.0,123.0,466.0,489.0,547.0,610.0,550.0,538.0,322.0,298.0,296.0,207.0,21.0,20.0,,,271.0,334.0,272.0,249.0,178.0,118.0,,,131.0,163.0,2217.0,2141.0,1555.0,1600.0,3381.0,3748.0,3758.0,3305.0,2509.0,2415.0,1956.0,1960.0,2875.0,4215.0,1632.0,1104.0,744.0,546.0,823.0,178.0,163.0,99.0,65.0,98.0,523.0,360.0,261.0,216.0,328.0,192.0,102.0,60.0,42.0,79.0,459.0,341.0,246.0,174.0,256.0,280.0,138.0,78.0,49.0,62.0,3725294.0,198428.0,18774.0,3627246.0,181899.0,19941.0,4362585.0,315011.0,13849.0,3586098.0,260997.0,13740.0,4060147.0,215370.0,18852.0,4185521.0,209307.0,19997.0,5524464.0,294905.0,18733.0,5106023.0,256095.0,19938.0,4335663.0,239672.0,18090.0,3939222.0,203210.0,19385.0,0.0,0.0,5800.5,6548.25,0.0,0.0,0.0,0.0,0.0,0.0,0.0,0.0,0.0,0.0,0.0,0.0,2199.5,2379.5,0.0,0.0,0.0,0.0,176.75,896.25,0.0,0.0,0.0,0.0,0.0,0.0,0.0,0.0,0.0,0.0,0.0,0.0,619.75,1026.0,0.0,0.0,0.0,0.0,45.5,461.75,0.0,0.0,0.0,0.0,0.0,0.0,0.0,0.0,0.0,0.0,0.0,0.0,307.75,1197.0,0.0,0.0,0.0,0.0,2.0,128.25,0.0,0.0,0.0,0.0,0.0,0.0,0.0,0.0,0.0,0.0,0.0,0.0,47.75,335.25,0.0,0.0,46758.0,10.752740643071617,0.19511099704863338,333594.4223448394,12.717681229737146,36894.0,0.05391933647747601,1.7394544860013306,-0.6674353068645753,-0.447399419693017,-0.3572842126444009,1.0735058283122223,-0.15054195567310358
Valby,2011,10.116664,10.066311,0.33514568,119,123.0,2950000.0,-5.0,0.0384956121867186,485.0,455.0,464.0,451.0,238.0,237.0,88.0,115.0,,,,0.0,0.0,,49.0,53.0,,,28.0,36.0,27.0,26.0,,,12.0,,6.0,,44.0,48.0,101.0,132.0,478.0,509.0,553.0,612.0,570.0,562.0,355.0,323.0,311.0,219.0,30.0,25.0,,,301.0,355.0,312.0,302.0,183.0,116.0,,,135.0,162.0,2389.0,2236.0,1573.0,1586.0,3434.0,3750.0,3794.0,3416.0,2532.0,2417.0,1949.0,1981.0,2834.0,4080.0,1662.0,1048.0,756.0,596.0,779.0,229.0,159.0,106.0,85.0,105.0,500.0,330.0,242.0,199.0,277.0,194.0,102.0,58.0,47.0,75.0,468.0,311.0,252.0,195.0,244.0,271.0,146.0,98.0,70.0,78.0,3830990.0,201854.0,18979.0,3739517.0,183814.0,20344.0,4492363.0,320220.0,14029.0,3675781.0,262163.0,14021.0,4167869.0,218637.0,19063.0,4323664.0,211892.0,20405.0,5690532.0,300244.0,18953.0,5266109.0,258917.0,20339.0,4467575.0,243744.0,18329.0,4072277.0,205931.0,19775.0,0.0,0.0,5714.5,6401.5,0.0,0.0,0.0,0.0,0.0,0.0,0.0,0.0,0.0,0.0,0.0,0.0,2177.25,2345.5,0.0,0.0,0.0,0.0,179.75,938.0,0.0,0.0,0.0,0.0,0.0,0.0,0.0,0.0,0.0,0.0,0.0,0.0,664.75,1048.5,0.0,0.0,0.0,0.0,38.0,455.0,0.0,0.0,0.0,0.0,0.0,0.0,0.0,0.0,0.0,0.0,0.0,0.0,356.75,1260.25,0.0,0.0,0.0,0.0,2.0,120.5,0.0,0.0,0.0,0.0,0.0,0.0,0.0,0.0,0.0,0.0,0.0,0.0,55.0,364.5,0.0,0.0,47479.0,10.76804278700223,0.2002569557067335,338297.7737526064,12.731681774057245,37358.0,0.052917715081107125,1.7661916439703007,-0.6206883739259335,-0.36315327620629434,-0.2621507930307464,0.9816140581730184,0.11960599856632725
Valby,2012,10.040018,9.996908,0.3101673,180,115.5,2500000.0,-4.0,0.0289674898527345,460.0,436.0,485.0,515.0,267.0,250.0,112.0,137.0,5.0,,0.0,,0.0,,57.0,64.0,,,29.0,33.0,33.0,38.0,8.0,,,5.0,4.0,,37.0,42.0,99.0,116.0,438.0,482.0,580.0,643.0,583.0,589.0,370.0,342.0,342.0,227.0,24.0,24.0,,,314.0,391.0,299.0,317.0,181.0,113.0,,,145.0,164.0,2509.0,2388.0,1599.0,1614.0,3459.0,3843.0,3754.0,3437.0,2577.0,2454.0,1922.0,1987.0,2886.0,4090.0,1684.0,1063.0,773.0,541.0,833.0,224.0,161.0,137.0,101.0,122.0,455.0,313.0,219.0,153.0,298.0,193.0,105.0,61.0,48.0,71.0,526.0,345.0,246.0,167.0,252.0,286.0,139.0,110.0,72.0,90.0,3994546.0,206501.0,19344.0,3881612.0,186697.0,20791.0,4634960.0,324305.0,14292.0,3803205.0,265754.0,14311.0,4330855.0,222999.0,19421.0,4501305.0,215755.0,20863.0,5935954.0,307196.0,19323.0,5464525.0,262857.0,20789.0,4646047.0,247842.0,18746.0,4244038.0,209551.0,20253.0,0.0,0.0,5564.5,6285.25,0.0,0.0,0.0,0.0,0.0,0.0,0.0,0.0,0.0,0.0,0.0,0.0,2195.5,2296.75,0.0,0.0,0.0,0.0,200.25,972.0,0.0,0.0,0.0,0.0,0.0,0.0,0.0,0.0,0.0,0.0,0.0,0.0,658.5,1051.25,0.0,0.0,0.0,0.0,36.0,469.5,0.0,0.0,0.0,0.0,0.0,0.0,0.0,0.0,0.0,0.0,0.0,0.0,382.25,1295.0,0.0,0.0,0.0,0.0,5.0,128.0,0.0,0.0,0.0,0.0,0.0,0.0,0.0,0.0,0.0,0.0,0.0,0.0,53.25,387.75,0.0,0.0,48319.0,10.785580137030307,0.20281876694468015,345791.8831101637,12.753592379168571,37850.0,0.05289828269484809,1.7865859900139895,-0.5671130494876456,-0.32121304087264424,-0.11326866799418936,0.979831272404019,0.3256671987936521
Valby,2013,10.114794,10.089037,0.3690959,188,115.0,2900000.0,-3.0,0.0337296125998047,460.0,429.0,496.0,513.0,307.0,282.0,110.0,153.0,,,,,0.0,,69.0,80.0,,,31.0,35.0,34.0,34.0,,,13.0,,5.0,,40.0,39.0,97.0,107.0,417.0,501.0,590.0,655.0,552.0,587.0,386.0,356.0,352.0,239.0,27.0,28.0,,,339.0,421.0,341.0,330.0,202.0,133.0,,,152.0,159.0,2558.0,2501.0,1611.0,1620.0,3606.0,4077.0,3693.0,3400.0,2671.0,2479.0,1958.0,2066.0,2878.0,4040.0,1828.0,1119.0,746.0,535.0,777.0,263.0,179.0,138.0,79.0,110.0,467.0,294.0,194.0,184.0,264.0,169.0,111.0,65.0,39.0,58.0,552.0,361.0,242.0,165.0,245.0,377.0,174.0,107.0,68.0,100.0,4179450.0,209349.0,19964.0,4040952.0,190737.0,21186.0,4853410.0,325165.0,14926.0,3949570.0,268678.0,14700.0,4526018.0,226097.0,20018.0,4681120.0,220278.0,21251.0,6142620.0,308055.0,19940.0,5657912.0,267210.0,21174.0,4805960.0,248678.0,19326.0,4362813.0,211428.0,20635.0,0.0,0.0,5545.25,6173.25,0.0,0.0,0.0,0.0,0.0,0.0,0.0,0.0,0.0,0.0,0.0,0.0,2329.0,2247.25,0.0,0.0,0.0,0.0,205.5,1015.5,0.0,0.0,0.0,0.0,0.0,0.0,0.0,0.0,0.0,0.0,0.0,0.0,682.0,1048.5,0.0,0.0,0.0,0.0,37.25,479.75,0.0,0.0,0.0,0.0,0.0,0.0,0.0,0.0,0.0,0.0,0.0,0.0,400.25,1343.5,0.0,0.0,0.0,0.0,5.25,136.5,0.0,0.0,0.0,0.0,0.0,0.0,0.0,0.0,0.0,0.0,0.0,0.0,55.5,387.0,0.0,0.0,49259.0,10.804847371021863,0.20505897399459996,353794.02748736273,12.776470179523399,38584.0,0.0509356209827908,1.8020709556951282,-0.5082530557899986,-0.28453789108875716,0.042185529445022914,0.7997707629548345,0.4821248075298634
Valby,2014,10.203991,10.159171,0.30898708,226,106.0,2897500.0,-2.0,0.0257535538516323,457.0,424.0,524.0,519.0,316.0,299.0,121.0,162.0,,,,,0.0,,76.0,73.0,24.0,14.0,34.0,41.0,31.0,31.0,,,,,8.0,,59.0,49.0,76.0,91.0,423.0,528.0,643.0,695.0,566.0,599.0,416.0,375.0,345.0,253.0,30.0,30.0,24.0,33.0,385.0,458.0,352.0,360.0,226.0,143.0,124.0,108.0,154.0,176.0,2657.0,2595.0,1637.0,1624.0,3925.0,4269.0,3684.0,3349.0,2697.0,2532.0,2008.0,2090.0,2894.0,4011.0,1626.0,983.0,717.0,462.0,617.0,281.0,192.0,150.0,91.0,99.0,265.0,173.0,164.0,116.0,197.0,127.0,65.0,46.0,25.0,43.0,561.0,343.0,230.0,160.0,195.0,392.0,210.0,127.0,70.0,83.0,4336899.0,214900.0,20181.0,4204514.0,195341.0,21524.0,5014178.0,329793.0,15204.0,4112243.0,271668.0,15137.0,4706949.0,232626.0,20234.0,4854375.0,225021.0,21573.0,6321492.0,313877.0,20140.0,5861738.0,272411.0,21518.0,4908422.0,251598.0,19509.0,4482952.0,213943.0,20954.0,0.0,0.0,5440.5,6072.75,0.0,0.0,0.0,0.0,0.0,0.0,0.0,0.0,0.0,0.0,0.0,0.0,2414.0,2238.25,0.0,0.0,0.0,0.0,190.5,1026.0,0.0,0.0,0.0,0.0,0.0,0.0,0.0,0.0,0.0,0.0,0.0,0.0,706.75,1049.75,0.0,0.0,0.0,0.0,41.25,493.75,0.0,0.0,0.0,0.0,0.0,0.0,0.0,0.0,0.0,0.0,0.0,0.0,422.5,1357.75,0.0,0.0,0.0,0.0,5.5,138.25,0.0,0.0,0.0,0.0,0.0,0.0,0.0,0.0,0.0,0.0,0.0,0.0,61.0,393.0,0.0,0.0,50847.0,10.836576402686164,0.21387692489232404,356023.69854662026,12.782752576569735,39831.0,0.04254726218272201,1.8180736004353446,-0.41132317967951404,-0.1401763821949393,0.08487429216195806,0.030197407697547283,0.6438129624192876
Valby,2015,10.294203,10.261925,0.2968702,308,91.0,2900000.0,0.0,0.0211954348709319,443.0,437.0,506.0,524.0,324.0,327.0,141.0,173.0,,,0.0,,,,78.0,88.0,20.0,17.0,36.0,39.0,35.0,30.0,,,10.0,,,,48.0,62.0,96.0,93.0,401.0,514.0,667.0,727.0,557.0,608.0,437.0,404.0,371.0,272.0,41.0,34.0,31.0,30.0,436.0,508.0,383.0,371.0,243.0,172.0,137.0,105.0,162.0,188.0,2698.0,2652.0,1643.0,1665.0,3996.0,4335.0,3621.0,3351.0,2738.0,2536.0,2069.0,2166.0,2854.0,3967.0,1715.0,975.0,628.0,439.0,480.0,310.0,239.0,148.0,79.0,96.0,277.0,145.0,133.0,110.0,142.0,145.0,71.0,47.0,38.0,32.0,510.0,322.0,186.0,138.0,138.0,473.0,198.0,114.0,74.0,72.0,4533744.0,220288.0,20581.0,4381478.0,199122.0,22004.0,5247915.0,337573.0,15546.0,4292638.0,275063.0,15606.0,4915641.0,238092.0,20646.0,5063238.0,229511.0,22061.0,6657982.0,324305.0,20530.0,6138035.0,278976.0,22002.0,5183223.0,261198.0,19844.0,4688643.0,218911.0,21418.0,0.0,0.0,5381.75,6032.5,0.0,0.0,0.0,0.0,0.0,0.0,0.0,0.0,0.0,0.0,0.0,0.0,2488.5,2190.25,0.0,0.0,0.0,0.0,202.75,1028.0,0.0,0.0,0.0,0.0,0.0,0.0,0.0,0.0,0.0,0.0,0.0,0.0,708.75,1025.0,0.0,0.0,0.0,0.0,42.25,504.5,0.0,0.0,0.0,0.0,0.0,0.0,0.0,0.0,0.0,0.0,0.0,0.0,449.75,1369.5,0.0,0.0,0.0,0.0,7.25,113.75,0.0,0.0,0.0,0.0,0.0,0.0,0.0,0.0,0.0,0.0,0.0,0.0,67.5,408.75,0.0,0.0,51617.0,10.851606354574836,0.2194238332332371,366044.1521204254,12.810509239316595,40411.0,0.03754670757961941,1.8263228999920529,-0.3654077735640938,-0.04936616255574961,0.27348026231562306,-0.4285685649770335,0.727162561570376
Valby,2016,10.361668,10.334601,0.27874646,320,90.0,3097500.0,-1.0,0.0195247474704325,452.0,419.0,514.0,506.0,361.0,393.0,158.0,174.0,,,,,,,94.0,88.0,18.0,20.0,49.0,40.0,38.0,30.0,,,,,,,58.0,68.0,82.0,88.0,398.0,524.0,706.0,788.0,590.0,619.0,466.0,439.0,399.0,309.0,36.0,34.0,48.0,34.0,512.0,594.0,449.0,418.0,297.0,177.0,144.0,106.0,158.0,192.0,2708.0,2628.0,1717.0,1677.0,4093.0,4555.0,3454.0,3254.0,2803.0,2556.0,2118.0,2229.0,2880.0,3909.0,1674.0,1043.0,660.0,347.0,439.0,391.0,275.0,167.0,95.0,105.0,252.0,179.0,131.0,65.0,126.0,124.0,67.0,55.0,31.0,37.0,472.0,305.0,189.0,97.0,112.0,435.0,217.0,118.0,59.0,59.0,4773573.0,224829.0,21232.0,4553913.0,201545.0,22595.0,5621725.0,345082.0,16291.0,4518015.0,277980.0,16253.0,5154749.0,241950.0,21305.0,5298163.0,233718.0,22669.0,6995251.0,330339.0,21176.0,6347326.0,280967.0,22591.0,5438137.0,266366.0,20416.0,4851649.0,221607.0,21893.0,0.0,0.0,5338.75,5982.75,0.0,0.0,0.0,0.0,0.0,0.0,0.0,0.0,0.0,0.0,0.0,0.0,2631.75,2186.25,0.0,0.0,0.0,0.0,215.0,1041.75,0.0,0.0,0.0,0.0,0.0,0.0,0.0,0.0,0.0,0.0,0.0,0.0,727.25,1034.0,0.0,0.0,0.0,0.0,43.25,519.75,0.0,0.0,0.0,0.0,0.0,0.0,0.0,0.0,0.0,0.0,0.0,0.0,454.25,1391.75,0.0,0.0,0.0,0.0,6.5,113.5,0.0,0.0,0.0,0.0,0.0,0.0,0.0,0.0,0.0,0.0,0.0,0.0,82.0,432.25,0.0,0.0,52668.0,10.871763339476235,0.2294941900205058,375567.66917293234,12.836193944796992,41379.0,0.03500084583967712,1.8413341891602761,-0.3038296557719961,0.11549888577247688,0.4480073241393485,-0.6621336052817557,0.8788342188197511
Valby,2017,10.483076,10.459904,0.29170373,216,91.5,3300000.0,-1.0,0.024869449684905,481.0,449.0,508.0,496.0,377.0,429.0,171.0,180.0,,,,,,,101.0,94.0,26.0,25.0,52.0,35.0,39.0,31.0,,,,,,,83.0,84.0,96.0,92.0,429.0,546.0,810.0,844.0,585.0,632.0,483.0,465.0,416.0,326.0,44.0,39.0,47.0,33.0,580.0,656.0,504.0,489.0,295.0,211.0,169.0,121.0,153.0,195.0,2807.0,2612.0,1767.0,1748.0,4345.0,4856.0,3407.0,3198.0,2833.0,2568.0,2172.0,2264.0,2955.0,3939.0,1847.0,1051.0,660.0,405.0,406.0,511.0,329.0,196.0,112.0,94.0,241.0,155.0,125.0,87.0,122.0,111.0,62.0,54.0,27.0,42.0,514.0,279.0,149.0,86.0,94.0,470.0,226.0,136.0,93.0,54.0,5052543.0,228985.0,22065.0,4785790.0,205938.0,23239.0,5957231.0,347969.0,17120.0,4830800.0,284148.0,17001.0,5458569.0,246581.0,22137.0,5598569.0,240138.0,23314.0,7390983.0,335832.0,22008.0,6680131.0,287676.0,23221.0,5693457.0,269653.0,21114.0,5103497.0,227520.0,22431.0,0.0,0.0,5319.0,5930.0,0.0,0.0,0.0,0.0,0.0,0.0,0.0,0.0,0.0,0.0,0.0,0.0,2752.25,2240.0,0.0,0.0,0.0,0.0,216.75,1048.5,0.0,0.0,0.0,0.0,0.0,0.0,0.0,0.0,0.0,0.0,0.0,0.0,794.0,1086.0,0.0,0.0,0.0,0.0,54.25,507.5,0.0,0.0,0.0,0.0,0.0,0.0,0.0,0.0,0.0,0.0,0.0,0.0,479.75,1401.5,0.0,0.0,0.0,0.0,5.5,118.75,0.0,0.0,0.0,0.0,0.0,0.0,0.0,0.0,0.0,0.0,0.0,0.0,78.0,459.75,0.0,0.0,54392.0,10.903972363206295,0.23755331666421534,384164.4175614061,12.85882591066376,42760.0,0.03458606173994388,1.8584798701731766,-0.20543343893103555,0.2474374388611042,0.6017910811318689,-0.7001871505517158,1.052071428812393
Valby,2018,10.47835,10.472067,0.2758637,456,91.5,3425000.0,-1.0,0.0161868828374355,470.0,421.0,495.0,484.0,438.0,457.0,182.0,178.0,,,,,,,118.0,102.0,27.0,32.0,44.0,28.0,42.0,39.0,,,,,,,89.0,101.0,99.0,91.0,453.0,592.0,875.0,866.0,604.0,641.0,498.0,492.0,451.0,356.0,39.0,49.0,50.0,58.0,659.0,749.0,593.0,530.0,315.0,258.0,180.0,122.0,165.0,206.0,2819.0,2676.0,1825.0,1804.0,4631.0,5120.0,3406.0,3170.0,2870.0,2613.0,2189.0,2297.0,2983.0,3936.0,1628.0,1026.0,595.0,378.0,409.0,426.0,307.0,173.0,112.0,116.0,207.0,169.0,89.0,92.0,113.0,99.0,58.0,54.0,28.0,26.0,436.0,262.0,142.0,83.0,95.0,460.0,230.0,137.0,63.0,59.0,5468155.0,238025.0,22973.0,5053202.0,210445.0,24012.0,6548153.0,364130.0,17983.0,5162611.0,290442.0,17775.0,5862781.0,254306.0,23054.0,5948603.0,247076.0,24076.0,7996295.0,348985.0,22913.0,7021470.0,292634.0,23994.0,6051959.0,276383.0,21897.0,5273655.0,228475.0,23082.0,0.0,0.0,5390.25,5988.0,0.0,0.0,0.0,0.0,0.0,0.0,0.0,0.0,0.0,0.0,0.0,0.0,2932.25,2286.25,0.0,0.0,0.0,0.0,225.5,1085.75,0.0,0.0,0.0,0.0,0.0,0.0,0.0,0.0,0.0,0.0,0.0,0.0,840.0,1142.75,0.0,0.0,0.0,0.0,60.25,504.25,0.0,0.0,0.0,0.0,0.0,0.0,0.0,0.0,0.0,0.0,0.0,0.0,487.5,1431.25,0.0,0.0,0.0,0.0,3.5,119.5,0.0,0.0,0.0,0.0,0.0,0.0,0.0,0.0,0.0,0.0,0.0,0.0,71.25,478.0,0.0,0.0,56077.0,10.934481025270431,0.24498457478110455,398251.3508211923,12.894838619659053,44228.0,0.03167224382743963,1.865498725389163,-0.1122317028849747,0.369096954453377,0.8464967209943929,-0.9675096007449867,1.1229888157651144
Valby,2019,10.49386,10.4912,0.2564048,518,91.0,3497500.0,-1.0,0.0141160220707763,467.0,408.0,479.0,467.0,493.0,498.0,188.0,204.0,,,,,,,126.0,111.0,34.0,32.0,49.0,31.0,36.0,39.0,,,,,,,106.0,110.0,117.0,94.0,453.0,609.0,957.0,935.0,597.0,674.0,509.0,521.0,466.0,376.0,41.0,53.0,52.0,58.0,744.0,775.0,671.0,603.0,333.0,281.0,208.0,123.0,165.0,213.0,2812.0,2751.0,1945.0,1893.0,4985.0,5423.0,3465.0,3239.0,2935.0,2656.0,2216.0,2294.0,3019.0,3938.0,1714.0,1039.0,653.0,411.0,429.0,443.0,358.0,210.0,126.0,113.0,233.0,137.0,119.0,77.0,113.0,94.0,72.0,41.0,18.0,39.0,449.0,238.0,146.0,111.0,95.0,495.0,234.0,137.0,79.0,69.0,5880221.0,246913.0,23815.0,5366727.0,216156.0,24828.0,6933978.0,365620.0,18965.0,5509036.0,296280.0,18594.0,6269105.0,262306.0,23900.0,6365809.0,255758.0,24890.0,8638966.0,363440.0,23770.0,7488489.0,301748.0,24817.0,6417374.0,280615.0,22869.0,5642413.0,235405.0,23969.0,0.0,0.0,5532.75,6064.25,0.0,0.0,0.0,0.0,0.0,0.0,0.0,0.0,0.0,0.0,0.0,0.0,3123.75,2334.5,0.0,0.0,0.0,0.0,233.75,1102.5,0.0,0.0,0.0,0.0,0.0,0.0,0.0,0.0,0.0,0.0,0.0,0.0,900.0,1163.75,0.0,0.0,0.0,0.0,61.25,509.0,0.0,0.0,0.0,0.0,0.0,0.0,0.0,0.0,0.0,0.0,0.0,0.0,484.5,1493.75,0.0,0.0,0.0,0.0,4.75,121.75,0.0,0.0,0.0,0.0,0.0,0.0,0.0,0.0,0.0,0.0,0.0,0.0,68.5,489.25,0.0,0.0,58077.0,10.969524995272058,0.24977185460681509,411210.32422473613,12.926860100358331,45921.0,0.032303303499488255,1.8699658054711246,-0.005174932082258351,0.4474710514689182,1.0640820441336947,-0.9096142816770854,1.1681234761866197
Valby,2020,10.560917,10.553821,0.26111987,614,87.0,3400000.0,0.0,0.013204040034341,488.0,401.0,472.0,448.0,540.0,527.0,220.0,230.0,74.0,91.0,,,,,135.0,128.0,37.0,41.0,52.0,35.0,37.0,34.0,25.0,26.0,,,,,119.0,134.0,124.0,104.0,540.0,652.0,1031.0,989.0,625.0,670.0,537.0,555.0,495.0,408.0,45.0,42.0,51.0,60.0,755.0,841.0,716.0,652.0,357.0,308.0,227.0,140.0,173.0,217.0,2855.0,2770.0,2009.0,1997.0,5204.0,5629.0,3520.0,3293.0,2972.0,2702.0,2297.0,2293.0,3058.0,4050.0,1820.0,1050.0,830.0,538.0,716.0,464.0,302.0,247.0,141.0,187.0,255.0,143.0,117.0,107.0,167.0,144.0,67.0,47.0,51.0,64.0,460.0,270.0,210.0,137.0,170.0,497.0,268.0,209.0,102.0,128.0,6297696.0,255174.0,24680.0,5811525.0,227030.0,25598.0,7487376.0,384500.0,19473.0,6007996.0,314078.0,19129.0,6754274.0,272185.0,24815.0,6841636.0,266232.0,25698.0,9223834.0,373995.0,24663.0,8127327.0,317561.0,25593.0,6946422.0,293333.0,23681.0,6096470.0,247392.0,24643.0,0.0,0.0,5746.5,6298.0,0.0,0.0,0.0,0.0,0.0,0.0,0.0,0.0,0.0,0.0,0.0,0.0,3291.0,2390.5,0.0,0.0,0.0,0.0,252.25,1133.0,0.0,0.0,0.0,0.0,0.0,0.0,0.0,0.0,0.0,0.0,0.0,0.0,944.5,1208.0,0.0,0.0,0.0,0.0,52.0,523.5,0.0,0.0,0.0,0.0,0.0,0.0,0.0,0.0,0.0,0.0,0.0,0.0,518.0,1592.75,0.0,0.0,0.0,0.0,6.75,117.25,0.0,0.0,0.0,0.0,0.0,0.0,0.0,0.0,0.0,0.0,0.0,0.0,71.5,477.75,0.0,0.0,60257.0,11.006374027176843,0.25902384785170185,426591.61591184424,12.963582431548819,47797.0,0.040441868736531585,1.8700719848111034,0.10739617109895434,0.5989384071617233,1.3136095526692653,-0.16295774185425513,1.1691962952016794
Valby,2021,10.693991,10.67334,0.22104429,596,78.0,3533250.0,0.0,0.0113450721758813,471.0,404.0,446.0,432.0,585.0,551.0,243.0,245.0,80.0,97.0,,,,,150.0,136.0,48.0,45.0,50.0,35.0,40.0,32.0,27.0,33.0,,,,,114.0,130.0,121.0,104.0,496.0,590.0,1070.0,1034.0,643.0,682.0,575.0,598.0,542.0,454.0,37.0,43.0,56.0,59.0,762.0,858.0,775.0,716.0,368.0,325.0,215.0,150.0,174.0,216.0,2933.0,2852.0,2094.0,2073.0,5507.0,5888.0,3629.0,3404.0,2966.0,2776.0,2322.0,2280.0,3122.0,4068.0,1775.0,1228.0,809.0,493.0,521.0,526.0,419.0,244.0,117.0,133.0,220.0,152.0,118.0,102.0,129.0,127.0,80.0,44.0,33.0,49.0,412.0,294.0,212.0,131.0,117.0,490.0,283.0,191.0,110.0,93.0,6883552.0,267822.0,25702.0,6265145.0,237992.0,26325.0,8204370.0,390591.0,21005.0,6558224.0,322240.0,20352.0,7381021.0,285323.0,25869.0,7406556.0,279630.0,26487.0,10082936.0,392577.0,25684.0,8769531.0,333214.0,26318.0,7541493.0,307102.0,24557.0,6534641.0,257624.0,25365.0,0.0,0.0,6041.5,6575.5,0.0,0.0,0.0,0.0,0.0,0.0,0.0,0.0,0.0,0.0,0.0,0.0,3459.0,2440.25,0.0,0.0,0.0,0.0,242.5,1132.0,0.0,0.0,0.0,0.0,0.0,0.0,0.0,0.0,0.0,0.0,0.0,0.0,972.0,1238.0,0.0,0.0,0.0,0.0,56.5,518.25,0.0,0.0,0.0,0.0,0.0,0.0,0.0,0.0,0.0,0.0,0.0,0.0,538.75,1641.5,0.0,0.0,0.0,0.0,8.5,114.5,0.0,0.0,0.0,0.0,0.0,0.0,0.0,0.0,0.0,0.0,0.0,0.0,79.25,485.0,0.0,0.0,61971.0,11.034421812666363,0.25910506527246613,450795.9206725727,13.018770012022017,49223.0,0.03584503179408,1.8616842187683513,0.19308010880737633,0.6002680436663925,1.6886080620544937,-0.5846854377825815,1.0844476528920455
Valby,2022,10.693484,10.6671915,0.2420655,397,75.0,3250000.0,-2.0,0.0152225956561528,450.0,412.0,426.0,415.0,669.0,649.0,280.0,258.0,97.0,119.0,,,,,157.0,166.0,50.0,45.0,61.0,36.0,47.0,32.0,26.0,33.0,,,,,116.0,139.0,134.0,120.0,532.0,633.0,1139.0,1081.0,702.0,694.0,583.0,594.0,570.0,501.0,52.0,40.0,61.0,71.0,836.0,931.0,866.0,807.0,404.0,361.0,211.0,166.0,188.0,225.0,2982.0,2826.0,2176.0,2117.0,6032.0,6181.0,3626.0,3442.0,2950.0,2702.0,2361.0,2299.0,3128.0,4085.0,2108.0,1121.0,640.0,304.0,242.0,671.0,375.0,197.0,85.0,63.0,244.0,176.0,92.0,53.0,47.0,130.0,67.0,38.0,20.0,30.0,477.0,230.0,151.0,79.0,55.0,586.0,273.0,162.0,67.0,47.0,7129784.0,272306.0,26183.0,6371274.0,238839.0,26676.0,8733081.0,403413.0,21648.0,6955003.0,332966.0,20888.0,7605934.0,289364.0,26285.0,7592442.0,283893.0,26744.0,10463754.0,399945.0,26163.0,8971940.0,336355.0,26674.0,7735413.0,308663.0,25061.0,6695298.0,259598.0,25791.0,0.0,0.0,6441.0,6903.75,0.0,0.0,0.0,0.0,0.0,0.0,0.0,0.0,0.0,0.0,0.0,0.0,3536.25,2483.0,0.0,0.0,0.0,0.0,245.5,1129.25,0.0,0.0,0.0,0.0,0.0,0.0,0.0,0.0,0.0,0.0,0.0,0.0,962.25,1246.75,0.0,0.0,0.0,0.0,62.5,526.0,0.0,0.0,0.0,0.0,0.0,0.0,0.0,0.0,0.0,0.0,0.0,0.0,571.75,1665.5,0.0,0.0,0.0,0.0,9.0,121.75,0.0,0.0,0.0,0.0,0.0,0.0,0.0,0.0,0.0,0.0,0.0,0.0,88.5,483.5,0.0,0.0,64092.0,11.06807483012777,0.2681301878549585,447784.9653622917,13.012068408135393,51137.0,0.02537692864266578,1.8453236391105237,0.29588762111315714,0.7480212268119854,1.6430707972129106,-1.5450608172128408,0.919142981024423
Valby,2023,10.679861,10.669665,0.23860829,534,77.0,3410000.0,-2.0,0.012937964774908,432.0,394.0,414.0,381.0,670.0,623.0,325.0,304.0,100.0,129.0,,,,,157.0,171.0,58.0,48.0,60.0,40.0,33.0,34.0,28.0,31.0,,,,,218.0,222.0,272.0,260.0,710.0,804.0,1297.0,1358.0,804.0,883.0,608.0,703.0,654.0,649.0,59.0,54.0,54.0,72.0,876.0,981.0,938.0,869.0,430.0,375.0,228.0,184.0,194.0,222.0,2961.0,2793.0,2230.0,2165.0,6037.0,6111.0,3702.0,3481.0,2859.0,2643.0,2402.0,2334.0,3150.0,4092.0,1874.0,1131.0,603.0,342.0,285.0,552.0,361.0,184.0,90.0,91.0,216.0,129.0,75.0,57.0,54.0,119.0,84.0,42.0,34.0,25.0,472.0,259.0,153.0,82.0,56.0,515.0,298.0,149.0,79.0,59.0,7636166.0,292473.0,26109.0,6765750.0,252850.0,26758.0,9239276.0,424775.0,21751.0,7340209.0,348936.0,21036.0,8150035.0,311367.0,26175.0,8167225.0,304010.0,26865.0,11227869.0,430847.0,26060.0,9556080.0,357557.0,26726.0,8158668.0,320866.0,25427.0,7001448.0,266630.0,26259.0,0.0,0.0,6577.0,6958.25,0.0,0.0,0.0,0.0,0.0,0.0,0.0,0.0,0.0,0.0,0.0,0.0,3539.5,2568.0,0.0,0.0,0.0,0.0,249.75,1101.25,0.0,0.0,0.0,0.0,0.0,0.0,0.0,0.0,0.0,0.0,0.0,0.0,962.5,1252.0,0.0,0.0,0.0,0.0,65.25,525.25,0.0,0.0,0.0,0.0,0.0,0.0,0.0,0.0,0.0,0.0,0.0,0.0,609.75,1723.25,0.0,0.0,0.0,0.0,9.5,120.75,0.0,0.0,0.0,0.0,0.0,0.0,0.0,0.0,0.0,0.0,0.0,0.0,98.75,484.5,0.0,0.0,66370.0,11.103000426139971,0.29245140876902215,462847.3105318668,13.045152495809504,52955.0,0.02500424889056746,1.8489863197399912,0.40258276801725534,1.1461917530507184,1.8678765135676383,-1.5792515825454359,0.9561501184408742
Vanløse,2008,10.126631,10.15668,0.29211888,69,100.0,2876717.0,-5.0,0.0440642283855282,201.0,188.0,125.0,130.0,65.0,62.0,,,,0.0,0.0,0.0,0.0,,21.0,24.0,12.0,10.0,18.0,11.0,,,,10.0,,,,7.0,,,63.0,72.0,221.0,223.0,264.0,291.0,270.0,186.0,113.0,117.0,,,,,8.0,10.0,124.0,216.0,168.0,140.0,110.0,79.0,,,81.0,143.0,1732.0,1689.0,1501.0,1477.0,2515.0,2830.0,2870.0,2600.0,2142.0,2224.0,1875.0,1938.0,2457.0,3755.0,888.0,471.0,251.0,138.0,170.0,150.0,71.0,49.0,22.0,21.0,219.0,154.0,90.0,60.0,73.0,92.0,31.0,23.0,14.0,17.0,265.0,137.0,61.0,27.0,47.0,162.0,78.0,28.0,15.0,12.0,2772406.0,196722.0,14093.0,2694450.0,173779.0,15505.0,3689116.0,329238.0,11205.0,2945080.0,261297.0,11271.0,3029002.0,214261.0,14137.0,3175346.0,204334.0,15540.0,4468693.0,318056.0,14050.0,4042376.0,260832.0,15498.0,3408991.0,247567.0,13770.0,3051609.0,199817.0,15272.0,0.0,0.0,4414.0,5488.5,0.0,0.0,0.0,0.0,0.0,0.0,0.0,0.0,0.0,0.0,0.0,0.0,1535.5,2190.0,0.0,0.0,0.0,0.0,99.0,629.25,0.0,0.0,0.0,0.0,0.0,0.0,0.0,0.0,0.0,0.0,0.0,0.0,419.25,868.5,0.0,0.0,0.0,0.0,31.25,280.0,0.0,0.0,0.0,0.0,0.0,0.0,0.0,0.0,0.0,0.0,0.0,0.0,251.75,1088.25,0.0,0.0,0.0,0.0,1.75,44.75,0.0,0.0,0.0,0.0,0.0,0.0,0.0,0.0,0.0,0.0,0.0,0.0,44.0,296.5,0.0,0.0,35388.0,10.474128058603277,0.1069006442861987,329806.827173053,12.706262389842594,28125.0,0.021518222222222223,1.7449985154604193,-1.5185764189244906,-1.8915194621540974,-0.4348750021417737,-1.8990701911215049,-0.0945259715376871
Vanløse,2009,9.940302,9.92854,0.27514884,93,115.0,2375000.0,-6.0,0.0357501012185493,197.0,183.0,142.0,146.0,62.0,75.0,25.0,,0.0,0.0,0.0,0.0,0.0,,,,,,23.0,13.0,9.0,,4.0,11.0,,,,,,,55.0,70.0,223.0,231.0,258.0,315.0,280.0,197.0,118.0,123.0,,,15.0,11.0,,,164.0,252.0,173.0,145.0,128.0,82.0,,,89.0,140.0,1761.0,1707.0,1514.0,1505.0,2566.0,2774.0,2848.0,2620.0,2161.0,2216.0,1838.0,1918.0,2497.0,3674.0,1002.0,615.0,404.0,312.0,300.0,136.0,92.0,49.0,33.0,41.0,252.0,177.0,137.0,118.0,116.0,115.0,69.0,38.0,21.0,26.0,342.0,200.0,126.0,106.0,87.0,157.0,77.0,54.0,34.0,30.0,2818178.0,197573.0,14264.0,2804504.0,178996.0,15668.0,3648711.0,324734.0,11236.0,3058005.0,270596.0,11301.0,3097478.0,216319.0,14319.0,3269509.0,208050.0,15715.0,4445721.0,312683.0,14218.0,4167968.0,266358.0,15648.0,3413739.0,245169.0,13924.0,3168896.0,205839.0,15395.0,0.0,0.0,4380.75,5353.75,0.0,0.0,0.0,0.0,0.0,0.0,0.0,0.0,0.0,0.0,0.0,0.0,1572.25,2159.5,0.0,0.0,0.0,0.0,103.25,624.5,0.0,0.0,0.0,0.0,0.0,0.0,0.0,0.0,0.0,0.0,0.0,0.0,425.25,884.25,0.0,0.0,0.0,0.0,31.75,278.0,0.0,0.0,0.0,0.0,0.0,0.0,0.0,0.0,0.0,0.0,0.0,0.0,257.75,1120.25,0.0,0.0,0.0,0.0,1.0,49.25,0.0,0.0,0.0,0.0,0.0,0.0,0.0,0.0,0.0,0.0,0.0,0.0,44.25,303.25,0.0,0.0,35558.0,10.478920445076517,0.11133922042859554,337186.25906968897,12.72839075418964,28252.0,0.03451437066402378,1.7602905224856444,-1.503936028003034,-1.8188541052374596,-0.2845132074386129,-0.706764306244839,0.05998201389868353
Vanløse,2010,10.072678,10.062411,0.32978833,132,111.0,2932500.0,-5.0,0.0359666011100979,183.0,183.0,165.0,157.0,73.0,74.0,30.0,45.0,0.0,0.0,0.0,0.0,0.0,0.0,22.0,34.0,11.0,12.0,21.0,10.0,11.0,9.0,4.0,11.0,,,,,11.0,11.0,45.0,60.0,246.0,281.0,271.0,310.0,282.0,219.0,135.0,123.0,108.0,87.0,13.0,13.0,8.0,15.0,203.0,274.0,191.0,172.0,137.0,82.0,,,,,1883.0,1743.0,1521.0,1479.0,2536.0,2817.0,2848.0,2647.0,2193.0,2213.0,1825.0,1917.0,2500.0,3656.0,1089.0,682.0,504.0,342.0,458.0,146.0,105.0,90.0,53.0,56.0,258.0,190.0,158.0,98.0,148.0,150.0,70.0,39.0,29.0,36.0,318.0,227.0,149.0,121.0,172.0,217.0,90.0,68.0,41.0,46.0,3082242.0,212130.0,14530.0,3036627.0,189387.0,16034.0,3745928.0,338600.0,11063.0,3150398.0,275843.0,11421.0,3368903.0,231063.0,14580.0,3570601.0,222218.0,16068.0,4631689.0,319471.0,14498.0,4333161.0,270400.0,16025.0,3631675.0,258980.0,14023.0,3355824.0,214828.0,15621.0,0.0,0.0,4343.25,5358.5,0.0,0.0,0.0,0.0,0.0,0.0,0.0,0.0,0.0,0.0,0.0,0.0,1609.0,2144.0,0.0,0.0,0.0,0.0,115.5,626.75,0.0,0.0,0.0,0.0,0.0,0.0,0.0,0.0,0.0,0.0,0.0,0.0,419.25,872.75,0.0,0.0,0.0,0.0,25.75,282.75,0.0,0.0,0.0,0.0,0.0,0.0,0.0,0.0,0.0,0.0,0.0,0.0,260.75,1134.0,0.0,0.0,0.0,0.0,1.75,50.5,0.0,0.0,0.0,0.0,0.0,0.0,0.0,0.0,0.0,0.0,0.0,0.0,40.0,308.25,0.0,0.0,36130.0,10.494878824141686,0.12045391641295322,361427.4287295876,12.797816550025649,28561.0,0.042614054129757356,1.7633968538176237,-1.4551843446211736,-1.6696344871343571,0.1872336915585307,0.03632510251953551,0.09136788727751972
Vanløse,2011,10.021005,9.992287,0.35330808,116,106.0,2575000.0,-4.0,0.0411032008753781,210.0,171.0,181.0,188.0,94.0,84.0,36.0,,0.0,,0.0,0.0,0.0,0.0,28.0,29.0,13.0,7.0,24.0,13.0,12.0,,,,,,,,25.0,21.0,41.0,52.0,261.0,282.0,289.0,357.0,291.0,234.0,147.0,135.0,115.0,94.0,7.0,14.0,11.0,15.0,226.0,253.0,184.0,169.0,,,,,,,1948.0,1823.0,1508.0,1461.0,2600.0,2923.0,2770.0,2647.0,2199.0,2213.0,1832.0,1901.0,2532.0,3677.0,1113.0,718.0,475.0,346.0,500.0,164.0,105.0,76.0,60.0,75.0,280.0,187.0,132.0,98.0,155.0,121.0,74.0,41.0,31.0,44.0,330.0,246.0,152.0,120.0,150.0,218.0,106.0,74.0,37.0,76.0,3239176.0,217278.0,14908.0,3148116.0,194472.0,16188.0,3866964.0,339059.0,11405.0,3193102.0,275600.0,11586.0,3533180.0,236333.0,14950.0,3715351.0,229201.0,16210.0,4772394.0,320639.0,14884.0,4415149.0,272776.0,16186.0,3748090.0,259348.0,14452.0,3417828.0,216647.0,15776.0,0.0,0.0,4298.75,5283.5,0.0,0.0,0.0,0.0,0.0,0.0,0.0,0.0,0.0,0.0,0.0,0.0,1639.25,2149.5,0.0,0.0,0.0,0.0,120.25,649.75,0.0,0.0,0.0,0.0,0.0,0.0,0.0,0.0,0.0,0.0,0.0,0.0,427.5,856.75,0.0,0.0,0.0,0.0,24.75,293.75,0.0,0.0,0.0,0.0,0.0,0.0,0.0,0.0,0.0,0.0,0.0,0.0,270.75,1177.25,0.0,0.0,0.0,0.0,3.75,50.25,0.0,0.0,0.0,0.0,0.0,0.0,0.0,0.0,0.0,0.0,0.0,0.0,39.75,325.0,0.0,0.0,36347.0,10.500866948606694,0.11866178776790381,375156.76672077476,12.835099262184986,28594.0,0.04393928796250962,1.7796059169245622,-1.4368910614013022,-1.698974001306288,0.4405689776086177,0.15790605434568666,0.2551416602252332
Vanløse,2012,10.05124,9.991748,0.40217143,157,109.0,2715000.0,-4.0,0.0402172576129463,190.0,181.0,204.0,199.0,100.0,94.0,53.0,,0.0,,0.0,0.0,0.0,0.0,32.0,32.0,,,29.0,18.0,11.0,,8.0,,,,3.0,4.0,29.0,21.0,38.0,42.0,276.0,307.0,332.0,365.0,294.0,258.0,157.0,137.0,124.0,93.0,8.0,11.0,,,243.0,280.0,216.0,181.0,152.0,93.0,,,107.0,167.0,1987.0,1903.0,1538.0,1439.0,2711.0,3001.0,2753.0,2580.0,2222.0,2238.0,1854.0,1966.0,2625.0,3675.0,1196.0,739.0,511.0,342.0,527.0,201.0,130.0,94.0,65.0,100.0,273.0,179.0,124.0,100.0,132.0,144.0,81.0,43.0,24.0,53.0,330.0,228.0,167.0,97.0,167.0,248.0,121.0,83.0,56.0,75.0,3347108.0,219339.0,15260.0,3251678.0,198104.0,16414.0,4004198.0,342972.0,11675.0,3274228.0,280016.0,11693.0,3661224.0,239296.0,15300.0,3816973.0,231993.0,16453.0,4949378.0,324698.0,15243.0,4560759.0,277892.0,16412.0,3917222.0,264213.0,14826.0,3549632.0,221700.0,16011.0,0.0,0.0,4321.75,5197.0,0.0,0.0,0.0,0.0,0.0,0.0,0.0,0.0,0.0,0.0,0.0,0.0,1677.0,2115.5,0.0,0.0,0.0,0.0,127.75,677.25,0.0,0.0,0.0,0.0,0.0,0.0,0.0,0.0,0.0,0.0,0.0,0.0,440.25,836.25,0.0,0.0,0.0,0.0,26.75,295.75,0.0,0.0,0.0,0.0,0.0,0.0,0.0,0.0,0.0,0.0,0.0,0.0,294.5,1211.5,0.0,0.0,0.0,0.0,5.25,55.0,0.0,0.0,0.0,0.0,0.0,0.0,0.0,0.0,0.0,0.0,0.0,0.0,46.25,335.75,0.0,0.0,37581.0,10.534253882512301,0.13541417205502781,374577.1267395759,12.833553006635535,29727.0,0.044084502304302484,1.7938545588360177,-1.3348964149393847,-1.4247153326758586,0.43006220196813755,0.1712284563683678,0.3991076519561862
Vanløse,2013,10.056586,10.08599,0.3206423,190,109.0,2846500.0,-2.0,0.0291470827846842,199.0,176.0,204.0,205.0,120.0,108.0,,,,,0.0,,0.0,0.0,31.0,37.0,,,24.0,17.0,,,,,,11.0,3.0,5.0,32.0,23.0,36.0,34.0,257.0,299.0,346.0,353.0,286.0,287.0,177.0,152.0,129.0,101.0,8.0,8.0,,,245.0,354.0,225.0,211.0,153.0,92.0,,,111.0,161.0,2111.0,1988.0,1543.0,1464.0,2903.0,3033.0,2717.0,2590.0,2276.0,2246.0,1866.0,2029.0,2608.0,3622.0,1213.0,748.0,474.0,355.0,484.0,225.0,139.0,102.0,65.0,86.0,237.0,180.0,91.0,95.0,115.0,124.0,62.0,48.0,34.0,48.0,358.0,235.0,151.0,112.0,147.0,269.0,132.0,82.0,49.0,88.0,3493345.0,225741.0,15475.0,3369131.0,202618.0,16628.0,4131752.0,346885.0,11911.0,3376645.0,282375.0,11958.0,3810503.0,245775.0,15504.0,3971450.0,238325.0,16664.0,5111687.0,330854.0,15450.0,4694027.0,282381.0,16623.0,4004872.0,266938.0,15003.0,3629980.0,223714.0,16226.0,0.0,0.0,4291.75,5107.25,0.0,0.0,0.0,0.0,0.0,0.0,0.0,0.0,0.0,0.0,0.0,0.0,1690.0,2099.0,0.0,0.0,0.0,0.0,120.0,684.25,0.0,0.0,0.0,0.0,0.0,0.0,0.0,0.0,0.0,0.0,0.0,0.0,454.25,841.25,0.0,0.0,0.0,0.0,28.75,309.25,0.0,0.0,0.0,0.0,0.0,0.0,0.0,0.0,0.0,0.0,0.0,0.0,310.0,1240.5,0.0,0.0,0.0,0.0,3.75,56.25,0.0,0.0,0.0,0.0,0.0,0.0,0.0,0.0,0.0,0.0,0.0,0.0,45.0,347.0,0.0,0.0,38216.0,10.551009555069799,0.13659200334938246,383201.51245551603,12.85631627198002,30117.0,0.04206262243915397,1.8089146682172081,-1.2837090581259278,-1.4054326779131425,0.5847381362948468,-0.01426490518606776,0.5512725808043571
Vanløse,2014,10.110102,10.133469,0.31582785,183,100.0,2749000.0,-2.0,0.0292533721634799,204.0,185.0,200.0,219.0,136.0,107.0,72.0,74.0,0.0,,0.0,,0.0,0.0,38.0,43.0,19.0,14.0,22.0,20.0,10.0,10.0,8.0,,3.0,,4.0,4.0,29.0,18.0,39.0,41.0,271.0,294.0,367.0,369.0,290.0,304.0,196.0,177.0,143.0,107.0,11.0,10.0,18.0,24.0,264.0,347.0,243.0,239.0,166.0,104.0,98.0,79.0,109.0,164.0,2114.0,1997.0,1583.0,1478.0,2991.0,3161.0,2667.0,2520.0,2292.0,2266.0,1871.0,2044.0,2654.0,3621.0,1103.0,636.0,446.0,320.0,382.0,234.0,148.0,98.0,81.0,87.0,134.0,93.0,86.0,71.0,73.0,101.0,51.0,28.0,19.0,39.0,333.0,220.0,130.0,99.0,118.0,301.0,124.0,104.0,50.0,65.0,3623265.0,231904.0,15624.0,3478397.0,207914.0,16730.0,4247837.0,351817.0,12074.0,3470810.0,287986.0,12052.0,3949992.0,252234.0,15660.0,4103630.0,244876.0,16758.0,5261338.0,337157.0,15605.0,4811407.0,287609.0,16729.0,4100668.0,270261.0,15173.0,3697655.0,226503.0,16325.0,0.0,0.0,4189.5,5026.25,0.0,0.0,0.0,0.0,0.0,0.0,0.0,0.0,0.0,0.0,0.0,0.0,1750.5,2115.75,0.0,0.0,0.0,0.0,128.5,681.0,0.0,0.0,0.0,0.0,0.0,0.0,0.0,0.0,0.0,0.0,0.0,0.0,445.0,828.75,0.0,0.0,0.0,0.0,36.25,313.5,0.0,0.0,0.0,0.0,0.0,0.0,0.0,0.0,0.0,0.0,0.0,0.0,322.5,1260.25,0.0,0.0,0.0,0.0,1.0,57.0,0.0,0.0,0.0,0.0,0.0,0.0,0.0,0.0,0.0,0.0,0.0,0.0,46.25,359.5,0.0,0.0,39172.0,10.575717484840686,0.15094965791892168,386890.73828244663,12.865897602129778,30888.0,0.035350297850297856,1.8238476212168664,-1.2082281358911284,-1.1703788993340554,0.6498430836993012,-0.6300738230615915,0.7021527419753028
Vanløse,2015,10.189093,10.214984,0.31187123,226,88.0,2335000.0,0.0,0.0259939442040938,203.0,191.0,209.0,220.0,153.0,129.0,72.0,66.0,6.0,,0.0,,0.0,0.0,46.0,45.0,17.0,11.0,22.0,19.0,10.0,14.0,9.0,,3.0,,4.0,4.0,30.0,26.0,36.0,35.0,260.0,305.0,391.0,396.0,292.0,310.0,221.0,188.0,148.0,122.0,17.0,18.0,19.0,17.0,254.0,340.0,272.0,261.0,169.0,112.0,99.0,83.0,114.0,165.0,2116.0,2033.0,1543.0,1478.0,3033.0,3192.0,2610.0,2436.0,2310.0,2288.0,1897.0,2065.0,2707.0,3633.0,1213.0,652.0,410.0,273.0,331.0,253.0,174.0,111.0,56.0,78.0,156.0,78.0,57.0,54.0,79.0,95.0,48.0,27.0,24.0,19.0,338.0,189.0,126.0,82.0,98.0,371.0,163.0,89.0,57.0,57.0,3747362.0,236427.0,15850.0,3588063.0,211075.0,16999.0,4394280.0,357986.0,12275.0,3603851.0,291621.0,12358.0,4085823.0,257164.0,15888.0,4234448.0,248690.0,17027.0,5451991.0,344431.0,15829.0,4979729.0,292994.0,16996.0,4241757.0,275528.0,15395.0,3819856.0,230181.0,16595.0,0.0,0.0,4076.0,4975.5,0.0,0.0,0.0,0.0,0.0,0.0,0.0,0.0,0.0,0.0,0.0,0.0,1795.0,2103.75,0.0,0.0,0.0,0.0,145.75,681.75,0.0,0.0,0.0,0.0,0.0,0.0,0.0,0.0,0.0,0.0,0.0,0.0,479.75,801.0,0.0,0.0,0.0,0.0,39.5,305.5,0.0,0.0,0.0,0.0,0.0,0.0,0.0,0.0,0.0,0.0,0.0,0.0,338.25,1255.75,0.0,0.0,0.0,0.0,1.75,54.25,0.0,0.0,0.0,0.0,0.0,0.0,0.0,0.0,0.0,0.0,0.0,0.0,55.75,371.5,0.0,0.0,39494.0,10.583904040617256,0.15579581708613965,396406.9478908189,12.890196608758682,31184.0,0.032417265264238077,1.837306751712598,-1.1832188054586688,-1.0910408696904834,0.8149543494451557,-0.899159085403311,0.8381416370359955
Vanløse,2016,10.296261,10.306893,0.23661916,218,92.0,2837500.0,-1.0,0.020080417727109,198.0,188.0,218.0,212.0,171.0,147.0,69.0,69.0,12.0,,0.0,,0.0,0.0,54.0,52.0,16.0,12.0,23.0,21.0,14.0,18.0,8.0,,4.0,,5.0,6.0,38.0,32.0,30.0,38.0,283.0,305.0,416.0,427.0,288.0,320.0,234.0,192.0,159.0,138.0,16.0,15.0,18.0,27.0,315.0,398.0,313.0,290.0,173.0,124.0,114.0,87.0,116.0,172.0,2129.0,2031.0,1594.0,1530.0,3133.0,3373.0,2539.0,2374.0,2370.0,2283.0,1907.0,2076.0,2749.0,3636.0,1119.0,617.0,415.0,247.0,244.0,260.0,176.0,123.0,76.0,49.0,137.0,68.0,68.0,39.0,63.0,76.0,43.0,23.0,19.0,22.0,321.0,196.0,109.0,58.0,70.0,325.0,134.0,92.0,55.0,40.0,3869196.0,242294.0,15969.0,3703278.0,215758.0,17164.0,4531949.0,363137.0,12480.0,3744458.0,296896.0,12612.0,4201805.0,262269.0,16021.0,4376305.0,254540.0,17193.0,5619756.0,352424.0,15946.0,5129551.0,298890.0,17162.0,4373549.0,283133.0,15447.0,3951906.0,236330.0,16722.0,0.0,0.0,3966.5,4855.5,0.0,0.0,0.0,0.0,0.0,0.0,0.0,0.0,0.0,0.0,0.0,0.0,1864.0,2109.75,0.0,0.0,0.0,0.0,152.75,674.0,0.0,0.0,0.0,0.0,0.0,0.0,0.0,0.0,0.0,0.0,0.0,0.0,526.0,776.25,0.0,0.0,0.0,0.0,36.0,300.0,0.0,0.0,0.0,0.0,0.0,0.0,0.0,0.0,0.0,0.0,0.0,0.0,341.0,1278.0,0.0,0.0,0.0,0.0,2.0,53.5,0.0,0.0,0.0,0.0,0.0,0.0,0.0,0.0,0.0,0.0,0.0,0.0,56.0,367.25,0.0,0.0,40319.0,10.604578100850384,0.16357052506262557,400570.0538207793,12.900643946101612,31871.0,0.028144708355558344,1.8522337759599043,-1.1200610602649368,-0.9637586260363492,0.88594379846704,-1.2911363522452346,0.9889618950444237
Vanløse,2017,10.414313,10.390184,0.29194844,127,86.0,2750000.0,0.0,0.0324605133722423,200.0,167.0,218.0,212.0,186.0,165.0,64.0,82.0,16.0,,0.0,,0.0,0.0,64.0,55.0,18.0,13.0,20.0,27.0,12.0,19.0,10.0,,4.0,,6.0,6.0,42.0,36.0,43.0,28.0,292.0,309.0,423.0,435.0,287.0,324.0,253.0,197.0,161.0,149.0,22.0,15.0,15.0,26.0,325.0,412.0,319.0,310.0,194.0,142.0,133.0,80.0,120.0,179.0,2129.0,2010.0,1591.0,1533.0,3179.0,3477.0,2481.0,2335.0,2342.0,2261.0,1889.0,2103.0,2800.0,3646.0,1194.0,631.0,394.0,270.0,254.0,363.0,199.0,118.0,80.0,85.0,110.0,75.0,47.0,31.0,60.0,73.0,40.0,35.0,25.0,13.0,327.0,173.0,112.0,79.0,49.0,321.0,144.0,82.0,55.0,47.0,4006575.0,247640.0,16179.0,3789338.0,220515.0,17184.0,4701145.0,369587.0,12720.0,3841789.0,303124.0,12674.0,4342908.0,267635.0,16227.0,4497958.0,261205.0,17220.0,5814732.0,360001.0,16152.0,5238285.0,304906.0,17180.0,4528340.0,290129.0,15608.0,4038947.0,241535.0,16722.0,0.0,0.0,4004.5,4813.5,0.0,0.0,0.0,0.0,0.0,0.0,0.0,0.0,0.0,0.0,0.0,0.0,1889.25,2081.0,0.0,0.0,0.0,0.0,152.25,684.0,0.0,0.0,0.0,0.0,0.0,0.0,0.0,0.0,0.0,0.0,0.0,0.0,506.75,791.25,0.0,0.0,0.0,0.0,33.75,292.75,0.0,0.0,0.0,0.0,0.0,0.0,0.0,0.0,0.0,0.0,0.0,0.0,353.75,1281.0,0.0,0.0,0.0,0.0,2.5,54.5,0.0,0.0,0.0,0.0,0.0,0.0,0.0,0.0,0.0,0.0,0.0,0.0,64.25,364.0,0.0,0.0,40611.0,10.611794244853895,0.1683041540469331,409661.88963581296,12.923087439037005,32174.0,0.02869708460247405,1.8546116644596695,-1.0980162669773212,-0.8862628641927988,1.038446885647272,-1.2404596880925447,1.0129876989225526
Vanløse,2018,10.463103,10.47717,0.2820889,293,82.0,2750000.0,-1.0,0.020649201278488,202.0,171.0,229.0,204.0,207.0,177.0,65.0,79.0,19.0,23.0,0.0,0.0,0.0,0.0,79.0,57.0,18.0,14.0,19.0,24.0,18.0,18.0,11.0,10.0,4.0,13.0,6.0,10.0,36.0,29.0,41.0,28.0,299.0,336.0,443.0,453.0,289.0,333.0,279.0,207.0,175.0,163.0,22.0,15.0,20.0,31.0,361.0,387.0,339.0,318.0,213.0,171.0,134.0,76.0,131.0,183.0,2131.0,1928.0,1645.0,1567.0,3235.0,3442.0,2394.0,2337.0,2339.0,2219.0,1871.0,2088.0,2840.0,3616.0,1039.0,685.0,412.0,258.0,234.0,284.0,228.0,132.0,85.0,71.0,116.0,90.0,47.0,41.0,39.0,72.0,44.0,28.0,16.0,21.0,295.0,163.0,99.0,61.0,49.0,272.0,160.0,106.0,55.0,54.0,4134585.0,254123.0,16270.0,3922763.0,225784.0,17374.0,4883434.0,382265.0,12775.0,3984406.0,309661.0,12867.0,4484829.0,274806.0,16320.0,4663425.0,267767.0,17416.0,5998657.0,369398.0,16239.0,5386722.0,310206.0,17365.0,4630048.0,295925.0,15646.0,4061310.0,241213.0,16837.0,0.0,0.0,4057.25,4805.0,0.0,0.0,0.0,0.0,0.0,0.0,0.0,0.0,0.0,0.0,0.0,0.0,1891.25,2060.75,0.0,0.0,0.0,0.0,158.25,689.25,0.0,0.0,0.0,0.0,0.0,0.0,0.0,0.0,0.0,0.0,0.0,0.0,514.5,793.75,0.0,0.0,0.0,0.0,35.25,295.75,0.0,0.0,0.0,0.0,0.0,0.0,0.0,0.0,0.0,0.0,0.0,0.0,361.5,1288.5,0.0,0.0,0.0,0.0,1.25,59.25,0.0,0.0,0.0,0.0,0.0,0.0,0.0,0.0,0.0,0.0,0.0,0.0,71.25,372.25,0.0,0.0,40841.0,10.617441757777067,0.17602409343551823,421282.58367816656,12.951059107635198,32374.0,0.02800395379007846,1.858407333142366,-1.0807635271595055,-0.759877254697898,1.228513816275513,-1.3040496009278313,1.051338526291384
Vanløse,2019,10.468271,10.459041,0.29456615,350,82.5,2860000.0,-2.0,0.0197287647376846,222.0,178.0,229.0,206.0,217.0,205.0,70.0,83.0,22.0,31.0,0.0,0.0,0.0,0.0,85.0,73.0,18.0,14.0,17.0,28.0,21.0,21.0,8.0,10.0,5.0,13.0,6.0,12.0,39.0,28.0,42.0,40.0,288.0,318.0,482.0,504.0,298.0,336.0,279.0,214.0,198.0,182.0,22.0,17.0,31.0,35.0,335.0,373.0,370.0,356.0,224.0,183.0,146.0,75.0,136.0,182.0,2108.0,1896.0,1691.0,1634.0,3215.0,3455.0,2351.0,2347.0,2325.0,2177.0,1905.0,2085.0,2842.0,3646.0,1144.0,653.0,401.0,236.0,272.0,350.0,223.0,143.0,91.0,95.0,101.0,83.0,43.0,28.0,50.0,67.0,40.0,35.0,13.0,15.0,298.0,156.0,83.0,60.0,50.0,328.0,151.0,97.0,44.0,62.0,4293702.0,263871.0,16272.0,4042750.0,231942.0,17430.0,5026766.0,390247.0,12881.0,4124108.0,316436.0,13033.0,4649118.0,284785.0,16325.0,4829409.0,276393.0,17473.0,6220792.0,382865.0,16248.0,5566365.0,319410.0,17427.0,4756227.0,302347.0,15731.0,4204107.0,248235.0,16936.0,0.0,0.0,4033.75,4809.0,0.0,0.0,0.0,0.0,0.0,0.0,0.0,0.0,0.0,0.0,0.0,0.0,1927.25,2061.25,0.0,0.0,0.0,0.0,158.5,693.25,0.0,0.0,0.0,0.0,0.0,0.0,0.0,0.0,0.0,0.0,0.0,0.0,525.5,799.25,0.0,0.0,0.0,0.0,35.75,294.25,0.0,0.0,0.0,0.0,0.0,0.0,0.0,0.0,0.0,0.0,0.0,0.0,370.5,1288.75,0.0,0.0,0.0,0.0,1.5,66.5,0.0,0.0,0.0,0.0,0.0,0.0,0.0,0.0,0.0,0.0,0.0,0.0,66.5,370.0,0.0,0.0,41204.0,10.626290618003583,0.18267643918066206,432360.4261722163,12.977014839218006,32596.0,0.028248864891397715,1.8614975859212068,-1.0537309049682577,-0.6509695639440065,1.4048824950633634,-1.281580717267243,1.0825619445490542
Vanløse,2020,10.522066,10.538156,0.21824221,387,83.0,2995000.0,-1.0,0.0139006257979587,218.0,167.0,219.0,203.0,233.0,219.0,72.0,83.0,26.0,38.0,0.0,0.0,0.0,0.0,86.0,71.0,22.0,16.0,22.0,29.0,23.0,21.0,7.0,11.0,5.0,11.0,6.0,13.0,36.0,39.0,45.0,43.0,264.0,305.0,481.0,521.0,312.0,342.0,295.0,229.0,214.0,188.0,15.0,14.0,25.0,35.0,320.0,384.0,341.0,385.0,217.0,192.0,146.0,83.0,140.0,175.0,2049.0,1897.0,1740.0,1689.0,3189.0,3425.0,2330.0,2314.0,2287.0,2204.0,1912.0,2056.0,2846.0,3649.0,1063.0,670.0,494.0,331.0,416.0,320.0,218.0,142.0,83.0,125.0,110.0,59.0,61.0,53.0,64.0,75.0,56.0,37.0,21.0,35.0,281.0,165.0,132.0,92.0,96.0,277.0,172.0,122.0,82.0,96.0,4430695.0,272893.0,16236.0,4250444.0,244559.0,17380.0,5186028.0,410384.0,12637.0,4355130.0,338026.0,12884.0,4843620.0,296591.0,16331.0,5048669.0,289140.0,17461.0,6403554.0,394721.0,16223.0,5851087.0,336734.0,17376.0,4886523.0,312118.0,15656.0,4419557.0,262335.0,16847.0,0.0,0.0,4044.25,4897.0,0.0,0.0,0.0,0.0,0.0,0.0,0.0,0.0,0.0,0.0,0.0,0.0,1880.5,2085.75,0.0,0.0,0.0,0.0,162.25,686.5,0.0,0.0,0.0,0.0,0.0,0.0,0.0,0.0,0.0,0.0,0.0,0.0,545.0,788.5,0.0,0.0,0.0,0.0,30.0,294.0,0.0,0.0,0.0,0.0,0.0,0.0,0.0,0.0,0.0,0.0,0.0,0.0,358.5,1300.0,0.0,0.0,0.0,0.0,3.25,75.5,0.0,0.0,0.0,0.0,0.0,0.0,0.0,0.0,0.0,0.0,0.0,0.0,68.0,379.5,0.0,0.0,41194.0,10.626047893664422,0.18466281497305434,450877.0209253775,13.018949900425632,32565.0,0.035633348687240905,1.8598318038469188,-1.0544724101100726,-0.618449967277403,1.6898304001717446,-0.6041058849360956,1.0657311497390791
Vanløse,2021,10.644907,10.677496,0.23547727,444,72.0,2995000.0,0.0,0.014002597368053,196.0,159.0,225.0,201.0,260.0,240.0,81.0,88.0,30.0,,0.0,,0.0,0.0,74.0,74.0,24.0,17.0,25.0,34.0,17.0,19.0,11.0,,4.0,,6.0,14.0,28.0,38.0,51.0,42.0,231.0,264.0,467.0,505.0,306.0,356.0,287.0,234.0,233.0,199.0,13.0,13.0,23.0,25.0,269.0,371.0,398.0,379.0,204.0,195.0,166.0,89.0,144.0,169.0,1997.0,1842.0,1797.0,1735.0,3180.0,3332.0,2299.0,2343.0,2235.0,2222.0,1917.0,2031.0,2864.0,3644.0,960.0,654.0,443.0,304.0,291.0,293.0,235.0,122.0,76.0,83.0,83.0,56.0,60.0,47.0,52.0,54.0,48.0,29.0,31.0,24.0,228.0,158.0,113.0,81.0,68.0,302.0,157.0,119.0,69.0,64.0,4711390.0,291312.0,16173.0,4420855.0,255985.0,17270.0,5499956.0,423987.0,12972.0,4552287.0,346947.0,13121.0,5138444.0,315145.0,16305.0,5294463.0,304524.0,17386.0,6802534.0,420871.0,16163.0,6089524.0,352668.0,17267.0,5121109.0,329205.0,15556.0,4560471.0,272870.0,16713.0,0.0,0.0,4194.25,4964.0,0.0,0.0,0.0,0.0,0.0,0.0,0.0,0.0,0.0,0.0,0.0,0.0,1903.75,2086.25,0.0,0.0,0.0,0.0,163.75,664.25,0.0,0.0,0.0,0.0,0.0,0.0,0.0,0.0,0.0,0.0,0.0,0.0,524.25,809.5,0.0,0.0,0.0,0.0,38.75,304.75,0.0,0.0,0.0,0.0,0.0,0.0,0.0,0.0,0.0,0.0,0.0,0.0,369.5,1283.0,0.0,0.0,0.0,0.0,2.0,70.0,0.0,0.0,0.0,0.0,0.0,0.0,0.0,0.0,0.0,0.0,0.0,0.0,68.25,372.0,0.0,0.0,40936.0,10.619765150484927,0.1831639632597225,477944.8895837405,13.077250711068892,32362.0,0.030541993696310492,1.8478385924543657,-1.0736657320010667,-0.6429881505191031,2.085983246513513,-1.0712021592566598,0.9445536660955522
Vanløse,2022,10.650831,10.65704,0.28791693,272,69.0,2812500.0,-2.0,0.0218742828027424,193.0,150.0,218.0,193.0,263.0,264.0,96.0,92.0,35.0,,0.0,,0.0,0.0,76.0,71.0,29.0,18.0,23.0,34.0,20.0,16.0,10.0,,5.0,,5.0,15.0,37.0,30.0,43.0,43.0,213.0,245.0,483.0,462.0,292.0,361.0,297.0,258.0,238.0,212.0,12.0,15.0,26.0,37.0,281.0,387.0,402.0,391.0,209.0,201.0,165.0,98.0,157.0,166.0,1898.0,1806.0,1833.0,1780.0,3163.0,3239.0,2264.0,2301.0,2182.0,2167.0,1920.0,2028.0,2892.0,3650.0,1089.0,601.0,279.0,145.0,146.0,365.0,205.0,76.0,45.0,51.0,105.0,73.0,32.0,25.0,17.0,85.0,50.0,27.0,6.0,14.0,255.0,134.0,62.0,33.0,26.0,279.0,139.0,82.0,36.0,38.0,4689203.0,288212.0,16270.0,4374605.0,253336.0,17268.0,5604451.0,426486.0,13141.0,4657766.0,351795.0,13240.0,5112142.0,313186.0,16323.0,5265574.0,303947.0,17324.0,6788194.0,417298.0,16267.0,6042839.0,349985.0,17266.0,5119311.0,326362.0,15686.0,4541290.0,271495.0,16727.0,0.0,0.0,4301.0,4999.5,0.0,0.0,0.0,0.0,0.0,0.0,0.0,0.0,0.0,0.0,0.0,0.0,1902.5,2058.0,0.0,0.0,0.0,0.0,155.25,675.0,0.0,0.0,0.0,0.0,0.0,0.0,0.0,0.0,0.0,0.0,0.0,0.0,513.25,791.0,0.0,0.0,0.0,0.0,40.0,293.25,0.0,0.0,0.0,0.0,0.0,0.0,0.0,0.0,0.0,0.0,0.0,0.0,366.5,1280.75,0.0,0.0,0.0,0.0,1.0,70.25,0.0,0.0,0.0,0.0,0.0,0.0,0.0,0.0,0.0,0.0,0.0,0.0,71.0,368.0,0.0,0.0,40710.0,10.614229041497024,0.18636698599852616,477561.38540899043,13.076447986470676,32202.0,0.020545307744860568,1.8373611014047104,-1.0905781409270305,-0.5905504355717168,2.080528748867541,-1.9883283018636753,0.83869077760489
Vanløse,2023,10.574373,10.58925,0.24869671,370,68.0,2562500.0,-2.0,0.016200195742954,176.0,144.0,220.0,188.0,272.0,270.0,112.0,103.0,47.0,,0.0,,0.0,0.0,80.0,64.0,29.0,20.0,20.0,34.0,21.0,23.0,11.0,,5.0,,6.0,17.0,42.0,34.0,51.0,47.0,215.0,264.0,479.0,476.0,323.0,349.0,290.0,303.0,272.0,229.0,7.0,16.0,36.0,38.0,322.0,400.0,432.0,399.0,218.0,200.0,170.0,110.0,161.0,170.0,1807.0,1726.0,1843.0,1787.0,3060.0,3192.0,2323.0,2256.0,2041.0,2065.0,1927.0,2023.0,2903.0,3690.0,929.0,617.0,297.0,165.0,130.0,306.0,201.0,112.0,44.0,43.0,88.0,55.0,41.0,22.0,14.0,64.0,47.0,18.0,19.0,19.0,204.0,126.0,58.0,44.0,21.0,267.0,188.0,68.0,36.0,33.0,5098560.0,311877.0,16348.0,4643593.0,270448.0,17170.0,5978421.0,448292.0,13336.0,4898521.0,369198.0,13268.0,5561493.0,339219.0,16395.0,5663921.0,328801.0,17226.0,7357146.0,450833.0,16319.0,6413089.0,373745.0,17159.0,5442477.0,340006.0,16007.0,4729257.0,280119.0,16883.0,0.0,0.0,4287.75,4926.5,0.0,0.0,0.0,0.0,0.0,0.0,0.0,0.0,0.0,0.0,0.0,0.0,1908.25,2078.0,0.0,0.0,0.0,0.0,150.75,673.0,0.0,0.0,0.0,0.0,0.0,0.0,0.0,0.0,0.0,0.0,0.0,0.0,507.75,807.75,0.0,0.0,0.0,0.0,36.75,292.25,0.0,0.0,0.0,0.0,0.0,0.0,0.0,0.0,0.0,0.0,0.0,0.0,377.75,1268.75,0.0,0.0,0.0,0.0,1.25,72.75,0.0,0.0,0.0,0.0,0.0,0.0,0.0,0.0,0.0,0.0,0.0,0.0,63.75,376.0,0.0,0.0,40558.0,10.610488327384608,0.19515262093791608,516977.3410917698,13.155754324854612,32203.0,0.020463931931807594,1.842419653373717,-1.1020057495385207,-0.44671798162054716,2.6194137375511763,-1.9957939645732212,0.8898015750736005
Vesterbro/Kongens Enghave,2008,10.204089,10.229261,0.264986,61,94.0,2745000.0,-1.0,0.0425117606840799,427.0,420.0,325.0,346.0,220.0,207.0,,,,,,,0.0,0.0,56.0,69.0,31.0,24.0,44.0,48.0,,,,,,,7.0,10.0,28.0,30.0,112.0,97.0,497.0,502.0,694.0,647.0,668.0,453.0,343.0,324.0,345.0,270.0,36.0,22.0,43.0,44.0,466.0,609.0,497.0,422.0,295.0,167.0,175.0,160.0,170.0,151.0,2341.0,2311.0,1016.0,983.0,4805.0,5347.0,5832.0,4947.0,2705.0,2059.0,1797.0,1589.0,2205.0,2731.0,2250.0,1308.0,750.0,427.0,483.0,468.0,321.0,153.0,68.0,85.0,617.0,377.0,266.0,160.0,201.0,231.0,150.0,70.0,55.0,45.0,487.0,257.0,160.0,84.0,108.0,447.0,203.0,101.0,60.0,44.0,3750234.0,167571.0,22380.0,3257350.0,152633.0,21341.0,5045317.0,282667.0,17849.0,3729489.0,226951.0,16433.0,3996537.0,177885.0,22467.0,3695800.0,172395.0,21438.0,6144673.0,275496.0,22304.0,5034566.0,236354.0,21301.0,4715559.0,217829.0,21648.0,3842588.0,184288.0,20851.0,0.0,0.0,7989.5,7050.75,0.0,0.0,0.0,0.0,0.0,0.0,0.0,0.0,0.0,0.0,0.0,0.0,3163.0,1862.0,0.0,0.0,0.0,0.0,182.25,924.0,0.0,0.0,0.0,0.0,0.0,0.0,0.0,0.0,0.0,0.0,0.0,0.0,830.0,907.0,0.0,0.0,0.0,0.0,42.0,386.25,0.0,0.0,0.0,0.0,0.0,0.0,0.0,0.0,0.0,0.0,0.0,0.0,367.0,824.5,0.0,0.0,0.0,0.0,3.75,90.5,0.0,0.0,0.0,0.0,0.0,0.0,0.0,0.0,0.0,0.0,0.0,0.0,51.5,254.0,0.0,0.0,51169.0,10.842889158907376,0.20522191170435225,287281.7721667416,12.568218797659625,42408.0,0.040699867949443504,1.6234354942233633,-0.3920381701364669,-0.2818703854620685,-1.3728784597120078,-0.13928811533175392,-1.3227792337754944
Vesterbro/Kongens Enghave,2009,10.063635,10.052824,0.3255519,89,99.0,2450000.0,-3.0,0.0432390673839512,418.0,398.0,320.0,373.0,247.0,220.0,109.0,104.0,,,,,0.0,0.0,68.0,85.0,26.0,20.0,53.0,57.0,41.0,37.0,,,,,7.0,10.0,33.0,33.0,106.0,91.0,559.0,562.0,707.0,689.0,681.0,450.0,352.0,332.0,365.0,292.0,27.0,33.0,44.0,42.0,530.0,729.0,567.0,485.0,313.0,172.0,172.0,168.0,177.0,144.0,2498.0,2425.0,1071.0,1043.0,4811.0,5449.0,6039.0,5124.0,2872.0,2166.0,1823.0,1550.0,2252.0,2728.0,2253.0,1462.0,996.0,683.0,817.0,417.0,338.0,223.0,128.0,143.0,616.0,385.0,309.0,240.0,307.0,285.0,164.0,103.0,79.0,89.0,512.0,325.0,210.0,165.0,198.0,423.0,250.0,151.0,71.0,80.0,4022021.0,174673.0,23026.0,3544000.0,160850.0,22033.0,5203878.0,286984.0,18133.0,4005636.0,236656.0,16926.0,4298869.0,185857.0,23130.0,3997169.0,180410.0,22156.0,6425991.0,280476.0,22911.0,5370247.0,244313.0,21981.0,4960619.0,222240.0,22321.0,4128476.0,192228.0,21477.0,0.0,0.0,7993.75,7029.75,0.0,0.0,0.0,0.0,0.0,0.0,0.0,0.0,0.0,0.0,0.0,0.0,3216.5,1944.75,0.0,0.0,0.0,0.0,187.25,986.25,0.0,0.0,0.0,0.0,0.0,0.0,0.0,0.0,0.0,0.0,0.0,0.0,895.0,931.0,0.0,0.0,0.0,0.0,35.75,391.25,0.0,0.0,0.0,0.0,0.0,0.0,0.0,0.0,0.0,0.0,0.0,0.0,385.75,928.5,0.0,0.0,0.0,0.0,4.5,86.75,0.0,0.0,0.0,0.0,0.0,0.0,0.0,0.0,0.0,0.0,0.0,0.0,56.5,251.25,0.0,0.0,53299.0,10.883672848251853,0.21478826994877953,297605.1895907991,12.603523019930158,44145.0,0.053806773133990266,1.6431815040770794,-0.26744697563315645,-0.12525645930142532,-1.1329869730235496,1.0631789274261287,-1.1232687183884875
Vesterbro/Kongens Enghave,2010,10.138328,10.112862,0.37002492,123,104.0,2700000.0,0.0,0.0418051215127158,379.0,385.0,314.0,368.0,254.0,257.0,131.0,113.0,,,,,0.0,0.0,83.0,98.0,30.0,20.0,46.0,48.0,47.0,34.0,,,,,7.0,9.0,48.0,29.0,78.0,99.0,569.0,566.0,712.0,706.0,691.0,476.0,391.0,355.0,388.0,311.0,35.0,37.0,46.0,37.0,599.0,814.0,621.0,564.0,326.0,201.0,190.0,164.0,182.0,156.0,2688.0,2588.0,1107.0,1108.0,4920.0,5589.0,6242.0,5304.0,3003.0,2324.0,1839.0,1557.0,2274.0,2701.0,2372.0,1509.0,1151.0,782.0,1093.0,437.0,324.0,244.0,172.0,235.0,567.0,395.0,317.0,261.0,364.0,306.0,168.0,137.0,78.0,99.0,543.0,339.0,288.0,173.0,273.0,519.0,283.0,165.0,98.0,122.0,4485436.0,187550.0,23916.0,3913756.0,169471.0,23094.0,5473828.0,299231.0,18293.0,4213405.0,241345.0,17458.0,4780315.0,199321.0,23983.0,4463421.0,192804.0,23150.0,6835139.0,286408.0,23865.0,5721006.0,247813.0,23086.0,5301187.0,233955.0,22659.0,4444266.0,200798.0,22133.0,0.0,0.0,7868.75,6926.0,0.0,0.0,0.0,0.0,0.0,0.0,0.0,0.0,0.0,0.0,0.0,0.0,3226.0,1986.25,0.0,0.0,0.0,0.0,189.25,1028.5,0.0,0.0,0.0,0.0,0.0,0.0,0.0,0.0,0.0,0.0,0.0,0.0,1014.0,954.25,0.0,0.0,0.0,0.0,35.75,394.75,0.0,0.0,0.0,0.0,0.0,0.0,0.0,0.0,0.0,0.0,0.0,0.0,405.75,980.25,0.0,0.0,0.0,0.0,4.5,86.5,0.0,0.0,0.0,0.0,0.0,0.0,0.0,0.0,0.0,0.0,0.0,0.0,56.75,249.5,0.0,0.0,55258.0,10.919768405278106,0.21741648268124072,319282.7825835173,12.673832454867291,45681.0,0.06121801186488912,1.664528127367727,-0.15717768321633238,-0.08222914375468435,-0.655235763945863,1.7431083382548378,-0.9075858616472867
Vesterbro/Kongens Enghave,2011,10.106428,10.06941,0.33767197,123,92.0,2100000.0,-3.0,0.0381499104797269,366.0,364.0,329.0,363.0,251.0,272.0,157.0,125.0,,,,,0.0,0.0,83.0,104.0,29.0,27.0,53.0,49.0,42.0,35.0,,,,,8.0,8.0,45.0,35.0,72.0,94.0,583.0,600.0,711.0,693.0,697.0,489.0,401.0,354.0,405.0,334.0,34.0,40.0,29.0,41.0,629.0,870.0,657.0,635.0,361.0,218.0,217.0,165.0,176.0,162.0,2872.0,2797.0,1193.0,1172.0,4927.0,5793.0,6338.0,5392.0,3236.0,2519.0,1856.0,1600.0,2285.0,2695.0,2369.0,1529.0,1121.0,770.0,1053.0,473.0,334.0,265.0,183.0,220.0,520.0,386.0,266.0,214.0,326.0,294.0,159.0,124.0,55.0,106.0,535.0,319.0,258.0,205.0,251.0,547.0,331.0,208.0,113.0,150.0,4678537.0,192643.0,24286.0,4074616.0,172485.0,23623.0,5733380.0,306172.0,18726.0,4393386.0,244771.0,17949.0,4974557.0,204269.0,24353.0,4661455.0,196960.0,23667.0,7114835.0,293323.0,24256.0,5942951.0,251639.0,23617.0,5531234.0,238683.0,23174.0,4627920.0,203434.0,22749.0,0.0,0.0,7661.25,6839.25,0.0,0.0,0.0,0.0,0.0,0.0,0.0,0.0,0.0,0.0,0.0,0.0,3324.75,1983.25,0.0,0.0,0.0,0.0,190.75,1048.25,0.0,0.0,0.0,0.0,0.0,0.0,0.0,0.0,0.0,0.0,0.0,0.0,1099.0,1080.0,0.0,0.0,0.0,0.0,40.25,397.0,0.0,0.0,0.0,0.0,0.0,0.0,0.0,0.0,0.0,0.0,0.0,0.0,467.0,1025.75,0.0,0.0,0.0,0.0,6.0,75.75,0.0,0.0,0.0,0.0,0.0,0.0,0.0,0.0,0.0,0.0,0.0,0.0,65.5,264.25,0.0,0.0,57087.0,10.952331698970116,0.21742253052358682,322125.2649464852,12.682695770450207,46998.0,0.058359930209796164,1.697043178973717,-0.057699197496670726,-0.08213013258340884,-0.5950097112125212,1.480899300547587,-0.5790589971412737
Vesterbro/Kongens Enghave,2012,10.139876,10.089671,0.2989759,155,91.0,2350000.0,-2.0,0.0300899480025991,350.0,335.0,341.0,351.0,272.0,260.0,175.0,142.0,,,,,0.0,0.0,99.0,111.0,29.0,32.0,46.0,54.0,47.0,34.0,,,,,6.0,6.0,42.0,40.0,73.0,92.0,482.0,540.0,717.0,728.0,683.0,489.0,411.0,367.0,404.0,335.0,31.0,44.0,36.0,40.0,642.0,978.0,718.0,656.0,397.0,234.0,212.0,175.0,189.0,172.0,2988.0,2950.0,1280.0,1269.0,5070.0,6033.0,6167.0,5423.0,3459.0,2621.0,1864.0,1627.0,2300.0,2669.0,2268.0,1520.0,1135.0,831.0,1186.0,478.0,396.0,285.0,191.0,297.0,479.0,319.0,242.0,208.0,341.0,242.0,175.0,110.0,88.0,121.0,522.0,315.0,269.0,199.0,263.0,547.0,315.0,229.0,145.0,164.0,4824288.0,198106.0,24352.0,4263305.0,177077.0,24076.0,5933075.0,316211.0,18763.0,4584319.0,250496.0,18301.0,5144156.0,210748.0,24409.0,4862776.0,201591.0,24122.0,7376405.0,303206.0,24328.0,6230072.0,258810.0,24072.0,5741912.0,245601.0,23379.0,4843117.0,208656.0,23211.0,0.0,0.0,7464.0,6813.25,0.0,0.0,0.0,0.0,0.0,0.0,0.0,0.0,0.0,0.0,0.0,0.0,3401.0,1924.75,0.0,0.0,0.0,0.0,188.0,1077.5,0.0,0.0,0.0,0.0,0.0,0.0,0.0,0.0,0.0,0.0,0.0,0.0,1090.0,1140.75,0.0,0.0,0.0,0.0,46.5,408.25,0.0,0.0,0.0,0.0,0.0,0.0,0.0,0.0,0.0,0.0,0.0,0.0,535.25,1105.25,0.0,0.0,0.0,0.0,1.0,75.75,0.0,0.0,0.0,0.0,0.0,0.0,0.0,0.0,0.0,0.0,0.0,0.0,75.75,283.75,0.0,0.0,58337.0,10.97399181940497,0.21627783396472222,327314.1402540412,12.698675662287625,47804.0,0.06065182829888712,1.7238180700915893,0.008470889649440268,-0.1008703279394416,-0.4864266646685787,1.6911649489739546,-0.3085297932194816
Vesterbro/Kongens Enghave,2013,10.30188,10.278849,0.369903,190,96.5,2835000.0,0.0,0.0336249869630512,318.0,292.0,343.0,339.0,269.0,267.0,181.0,143.0,,,,,0.0,,109.0,119.0,35.0,28.0,47.0,57.0,54.0,34.0,,,,,6.0,,45.0,45.0,62.0,71.0,441.0,491.0,695.0,744.0,649.0,490.0,437.0,379.0,413.0,357.0,35.0,47.0,31.0,42.0,683.0,1012.0,730.0,702.0,409.0,251.0,218.0,180.0,195.0,191.0,3133.0,3030.0,1282.0,1362.0,4994.0,6174.0,5922.0,5414.0,3745.0,2794.0,1888.0,1679.0,2337.0,2666.0,2331.0,1572.0,1169.0,793.0,996.0,534.0,395.0,345.0,197.0,231.0,440.0,331.0,253.0,201.0,277.0,254.0,168.0,100.0,60.0,97.0,533.0,360.0,253.0,202.0,239.0,570.0,318.0,218.0,133.0,152.0,5016370.0,203512.0,24649.0,4461271.0,181367.0,24598.0,6165411.0,321987.0,19148.0,4816342.0,255509.0,18850.0,5344312.0,216421.0,24694.0,5116972.0,207669.0,24640.0,7601180.0,308840.0,24612.0,6484754.0,263747.0,24587.0,5889952.0,249712.0,23587.0,4995514.0,210888.0,23688.0,0.0,0.0,7322.5,6752.5,0.0,0.0,0.0,0.0,0.0,0.0,0.0,0.0,0.0,0.0,0.0,0.0,3517.0,1910.5,0.0,0.0,0.0,0.0,202.5,1101.0,0.0,0.0,0.0,0.0,0.0,0.0,0.0,0.0,0.0,0.0,0.0,0.0,1082.5,1136.0,0.0,0.0,0.0,0.0,43.0,413.25,0.0,0.0,0.0,0.0,0.0,0.0,0.0,0.0,0.0,0.0,0.0,0.0,587.25,1170.0,0.0,0.0,0.0,0.0,0.5,73.25,0.0,0.0,0.0,0.0,0.0,0.0,0.0,0.0,0.0,0.0,0.0,0.0,76.0,305.75,0.0,0.0,59106.0,10.987087721083734,0.21463134030386086,337341.80963015597,12.728851967207873,48338.0,0.05669866357730977,1.7433981357152588,0.048477913522967896,-0.12782560496728268,-0.2813792741720383,1.328489685411782,-0.11069595170772148
Vesterbro/Kongens Enghave,2014,10.347174,10.3166,0.30211678,253,97.0,3095000.0,0.0,0.0237993821737358,299.0,304.0,324.0,318.0,285.0,288.0,183.0,159.0,,,,,0.0,0.0,129.0,120.0,33.0,33.0,56.0,52.0,47.0,30.0,,,,,7.0,10.0,40.0,43.0,55.0,74.0,429.0,489.0,746.0,727.0,622.0,507.0,450.0,382.0,417.0,365.0,35.0,40.0,39.0,45.0,722.0,1019.0,782.0,740.0,461.0,281.0,243.0,176.0,211.0,201.0,3206.0,3075.0,1378.0,1462.0,5043.0,6266.0,5769.0,5473.0,3838.0,2944.0,2009.0,1707.0,2352.0,2653.0,2253.0,1444.0,1014.0,719.0,827.0,636.0,417.0,331.0,205.0,202.0,278.0,228.0,184.0,141.0,214.0,220.0,126.0,82.0,59.0,67.0,498.0,319.0,223.0,173.0,204.0,621.0,354.0,194.0,141.0,140.0,5291117.0,212086.0,24948.0,4699245.0,187850.0,25016.0,6474539.0,331382.0,19538.0,5083982.0,263214.0,19315.0,5641847.0,225773.0,24989.0,5400796.0,215532.0,25058.0,7949390.0,319201.0,24904.0,6796599.0,271777.0,25008.0,6110602.0,255375.0,23928.0,5223591.0,216405.0,24138.0,0.0,0.0,7231.5,6698.5,0.0,0.0,0.0,0.0,0.0,0.0,0.0,0.0,0.0,0.0,0.0,0.0,3568.25,1910.0,0.0,0.0,0.0,0.0,219.5,1108.5,0.0,0.0,0.0,0.0,0.0,0.0,0.0,0.0,0.0,0.0,0.0,0.0,1079.25,1120.25,0.0,0.0,0.0,0.0,45.75,438.75,0.0,0.0,0.0,0.0,0.0,0.0,0.0,0.0,0.0,0.0,0.0,0.0,609.5,1214.75,0.0,0.0,0.0,0.0,1.25,76.75,0.0,0.0,0.0,0.0,0.0,0.0,0.0,0.0,0.0,0.0,0.0,0.0,89.5,314.25,0.0,0.0,60193.0,11.00531134546621,0.2162709949661921,349426.09605768113,12.76404736209479,49141.0,0.049105634805966504,1.757825178562752,0.10414975602879299,-0.10098229138294261,-0.04222726738624361,0.6318823075681169,0.03507257445718
Vesterbro/Kongens Enghave,2015,10.4859495,10.444949,0.30144763,312,92.0,3272500.0,0.0,0.0213838380930166,294.0,294.0,319.0,323.0,308.0,301.0,189.0,166.0,,,,,0.0,0.0,133.0,125.0,38.0,34.0,47.0,56.0,47.0,28.0,,,,,6.0,11.0,56.0,45.0,57.0,57.0,432.0,490.0,811.0,724.0,636.0,504.0,473.0,384.0,430.0,381.0,46.0,56.0,36.0,48.0,800.0,994.0,864.0,776.0,509.0,288.0,287.0,163.0,207.0,204.0,3229.0,3117.0,1475.0,1511.0,5166.0,6351.0,5585.0,5372.0,4002.0,3153.0,2109.0,1810.0,2386.0,2717.0,2442.0,1449.0,942.0,603.0,650.0,655.0,513.0,305.0,184.0,185.0,291.0,216.0,149.0,114.0,161.0,196.0,94.0,70.0,35.0,74.0,529.0,290.0,206.0,148.0,123.0,771.0,336.0,212.0,122.0,107.0,5612416.0,219124.0,25613.0,4896126.0,192103.0,25487.0,6914973.0,343226.0,20147.0,5353909.0,270919.0,19762.0,5972365.0,232750.0,25660.0,5655561.0,221457.0,25538.0,8443291.0,330345.0,25559.0,7093613.0,278443.0,25476.0,6403868.0,261031.0,24533.0,5420361.0,220942.0,24533.0,0.0,0.0,7212.0,6661.25,0.0,0.0,0.0,0.0,0.0,0.0,0.0,0.0,0.0,0.0,0.0,0.0,3726.25,1915.75,0.0,0.0,0.0,0.0,237.0,1173.75,0.0,0.0,0.0,0.0,0.0,0.0,0.0,0.0,0.0,0.0,0.0,0.0,1096.25,1108.25,0.0,0.0,0.0,0.0,42.25,459.5,0.0,0.0,0.0,0.0,0.0,0.0,0.0,0.0,0.0,0.0,0.0,0.0,616.25,1271.75,0.0,0.0,0.0,0.0,2.25,83.75,0.0,0.0,0.0,0.0,0.0,0.0,0.0,0.0,0.0,0.0,0.0,0.0,84.25,318.25,0.0,0.0,61460.0,11.026141835684475,0.21928083306215423,360176.830458835,12.794350385554152,50167.0,0.04299639205055116,1.7688662469361274,0.1677853834106672,-0.05170726432746916,0.1636811730579822,0.07140193739991413,0.14662975780279255
Vesterbro/Kongens Enghave,2016,10.608936,10.563932,0.2557948,422,97.0,3835500.0,0.0,0.015602226206085,286.0,290.0,291.0,305.0,339.0,324.0,193.0,179.0,,,,,0.0,0.0,143.0,133.0,35.0,37.0,48.0,55.0,48.0,30.0,,,,,7.0,9.0,66.0,52.0,55.0,47.0,418.0,512.0,815.0,767.0,617.0,510.0,491.0,390.0,443.0,406.0,44.0,63.0,40.0,42.0,929.0,1036.0,943.0,858.0,568.0,324.0,326.0,164.0,223.0,213.0,3328.0,3171.0,1542.0,1578.0,5324.0,6444.0,5407.0,5166.0,4062.0,3298.0,2263.0,1924.0,2424.0,2752.0,2417.0,1502.0,904.0,493.0,552.0,778.0,571.0,344.0,188.0,178.0,277.0,186.0,131.0,90.0,131.0,169.0,95.0,70.0,34.0,47.0,480.0,288.0,180.0,87.0,113.0,713.0,362.0,179.0,94.0,83.0,6001075.0,224844.0,26690.0,5211116.0,197458.0,26391.0,7493971.0,352260.0,21274.0,5776315.0,278216.0,20762.0,6389127.0,238891.0,26745.0,6040061.0,228461.0,26438.0,9025851.0,339075.0,26619.0,7537222.0,285728.0,26379.0,6880053.0,271189.0,25370.0,5763160.0,227622.0,25319.0,0.0,0.0,7215.5,6743.0,0.0,0.0,0.0,0.0,0.0,0.0,0.0,0.0,0.0,0.0,0.0,0.0,3915.5,1945.0,0.0,0.0,0.0,0.0,253.75,1209.0,0.0,0.0,0.0,0.0,0.0,0.0,0.0,0.0,0.0,0.0,0.0,0.0,1175.25,1104.5,0.0,0.0,0.0,0.0,52.75,492.5,0.0,0.0,0.0,0.0,0.0,0.0,0.0,0.0,0.0,0.0,0.0,0.0,621.0,1323.0,0.0,0.0,0.0,0.0,5.5,89.0,0.0,0.0,0.0,0.0,0.0,0.0,0.0,0.0,0.0,0.0,0.0,0.0,88.0,317.0,0.0,0.0,62797.0,11.047662580614597,0.22475595967960252,376473.0639998726,12.838601780501723,51249.0,0.03875587816347636,1.7799832393291966,0.23352968856161832,0.03792779364087826,0.46436851976300586,-0.31763560592316287,0.25895406526166165
Vesterbro/Kongens Enghave,2017,10.702087,10.673343,0.23157713,252,94.5,4215324.0,0.0,0.0182787486733402,292.0,296.0,285.0,285.0,358.0,370.0,201.0,199.0,,,,,0.0,,155.0,157.0,41.0,35.0,43.0,57.0,40.0,34.0,,,,,7.0,,70.0,61.0,44.0,59.0,409.0,484.0,842.0,825.0,593.0,514.0,503.0,409.0,470.0,430.0,50.0,60.0,35.0,53.0,1048.0,1121.0,1019.0,940.0,637.0,350.0,373.0,155.0,224.0,219.0,3430.0,3182.0,1641.0,1707.0,5650.0,6689.0,5360.0,5149.0,4141.0,3402.0,2438.0,2093.0,2490.0,2757.0,2561.0,1500.0,905.0,552.0,568.0,990.0,609.0,341.0,187.0,212.0,239.0,174.0,121.0,100.0,126.0,154.0,103.0,54.0,41.0,39.0,501.0,252.0,161.0,104.0,106.0,677.0,362.0,228.0,120.0,85.0,6494519.0,233532.0,27810.0,5605058.0,203791.0,27504.0,8178778.0,366696.0,22304.0,6270945.0,287658.0,21800.0,6910687.0,248042.0,27861.0,6542563.0,237376.0,27562.0,9779007.0,352600.0,27734.0,8099950.0,294640.0,27491.0,7431264.0,283085.0,26251.0,6177245.0,234841.0,26304.0,0.0,0.0,7281.25,6781.5,0.0,0.0,0.0,0.0,0.0,0.0,0.0,0.0,0.0,0.0,0.0,0.0,4047.75,2005.75,0.0,0.0,0.0,0.0,271.25,1235.25,0.0,0.0,0.0,0.0,0.0,0.0,0.0,0.0,0.0,0.0,0.0,0.0,1220.5,1194.0,0.0,0.0,0.0,0.0,56.75,508.0,0.0,0.0,0.0,0.0,0.0,0.0,0.0,0.0,0.0,0.0,0.0,0.0,648.75,1387.75,0.0,0.0,0.0,0.0,5.0,93.5,0.0,0.0,0.0,0.0,0.0,0.0,0.0,0.0,0.0,0.0,0.0,0.0,88.5,322.25,0.0,0.0,64981.0,11.081850198455246,0.22855911728043582,393235.3611055539,12.882163594812647,53043.0,0.03876477574797805,1.7944120599313018,0.3379703660101852,0.10019050934266249,0.7603701797858841,-0.3168193146650213,0.4047405535739282
Vesterbro/Kongens Enghave,2018,10.6656275,10.63846,0.27273962,550,93.0,3875000.0,0.0,0.0145719599916835,303.0,290.0,281.0,264.0,390.0,381.0,217.0,198.0,,,,,0.0,,153.0,157.0,37.0,42.0,51.0,57.0,33.0,38.0,,,,,9.0,,94.0,76.0,62.0,57.0,423.0,490.0,901.0,858.0,580.0,546.0,529.0,418.0,487.0,465.0,49.0,62.0,47.0,56.0,1210.0,1338.0,1114.0,994.0,601.0,390.0,395.0,165.0,233.0,236.0,3467.0,3296.0,1786.0,1835.0,5945.0,6857.0,5350.0,5232.0,4208.0,3554.0,2624.0,2267.0,2607.0,2833.0,2292.0,1471.0,948.0,491.0,484.0,867.0,585.0,383.0,180.0,180.0,226.0,152.0,95.0,75.0,92.0,157.0,109.0,61.0,36.0,29.0,432.0,244.0,150.0,103.0,79.0,610.0,381.0,259.0,97.0,104.0,6999350.0,244365.0,28643.0,6030426.0,213052.0,28305.0,8862070.0,384922.0,23023.0,6832920.0,302021.0,22624.0,7477390.0,260436.0,28711.0,7054980.0,248616.0,28377.0,10500001.0,367480.0,28573.0,8677919.0,306781.0,28287.0,7804299.0,289886.0,26922.0,6490328.0,240133.0,27028.0,0.0,0.0,7330.25,6926.5,0.0,0.0,0.0,0.0,0.0,0.0,0.0,0.0,0.0,0.0,0.0,0.0,4233.5,2137.5,0.0,0.0,0.0,0.0,295.0,1260.5,0.0,0.0,0.0,0.0,0.0,0.0,0.0,0.0,0.0,0.0,0.0,0.0,1289.0,1271.5,0.0,0.0,0.0,0.0,54.0,546.0,0.0,0.0,0.0,0.0,0.0,0.0,0.0,0.0,0.0,0.0,0.0,0.0,668.25,1457.0,0.0,0.0,0.0,0.0,3.25,101.25,0.0,0.0,0.0,0.0,0.0,0.0,0.0,0.0,0.0,0.0,0.0,0.0,85.75,315.75,0.0,0.0,67638.0,11.121925234272586,0.23325645347289986,407494.98802448326,12.917783912260996,55224.0,0.034836303056642044,1.805817694369973,0.46039667570650067,0.17709211022373247,1.002409526907584,-0.6772292568438513,0.5199812539500019
Vesterbro/Kongens Enghave,2019,10.708552,10.676226,0.24725756,591,88.0,3915000.0,-1.0,0.0127440342814739,304.0,290.0,301.0,260.0,406.0,400.0,218.0,209.0,,,,,0.0,,161.0,163.0,42.0,51.0,48.0,53.0,33.0,43.0,,,,,10.0,,96.0,85.0,57.0,60.0,443.0,500.0,875.0,888.0,603.0,575.0,547.0,424.0,498.0,499.0,59.0,72.0,53.0,59.0,1257.0,1456.0,1232.0,1070.0,606.0,443.0,407.0,174.0,231.0,228.0,3544.0,3305.0,1890.0,1972.0,6013.0,6817.0,5389.0,5313.0,4296.0,3647.0,2777.0,2444.0,2706.0,2915.0,2178.0,1544.0,915.0,519.0,505.0,817.0,637.0,394.0,208.0,205.0,197.0,147.0,79.0,76.0,91.0,139.0,100.0,60.0,45.0,36.0,368.0,261.0,134.0,80.0,83.0,657.0,399.0,248.0,110.0,90.0,7520087.0,253381.0,29679.0,6518015.0,221362.0,29445.0,9555858.0,394886.0,24199.0,7428291.0,311943.0,23813.0,9309585.0,312980.0,29745.0,8949534.0,303292.0,29508.0,11307215.0,381678.0,29625.0,9399658.0,319325.0,29436.0,8429934.0,300297.0,28072.0,6986835.0,247707.0,28206.0,0.0,0.0,7356.25,7061.25,0.0,0.0,0.0,0.0,0.0,0.0,0.0,0.0,0.0,0.0,0.0,0.0,4326.5,2264.25,0.0,0.0,0.0,0.0,295.0,1326.0,0.0,0.0,0.0,0.0,0.0,0.0,0.0,0.0,0.0,0.0,0.0,0.0,1354.25,1326.5,0.0,0.0,0.0,0.0,53.0,571.75,0.0,0.0,0.0,0.0,0.0,0.0,0.0,0.0,0.0,0.0,0.0,0.0,700.5,1490.75,0.0,0.0,0.0,0.0,5.75,106.0,0.0,0.0,0.0,0.0,0.0,0.0,0.0,0.0,0.0,0.0,0.0,0.0,95.0,341.75,0.0,0.0,69517.0,11.149326605958672,0.23719377993872,464594.5739890962,13.04892042036324,56693.0,0.03450690561444975,1.81880242026888,0.5441058664215107,0.24155134754609772,1.8934794858126962,-0.7074491724248362,0.6511768410808566
Vesterbro/Kongens Enghave,2020,10.830591,10.800592,0.19662187,940,94.0,4643266.5,0.0,0.008035612081414,308.0,299.0,296.0,269.0,399.0,405.0,227.0,215.0,,,,,0.0,,185.0,186.0,47.0,61.0,50.0,70.0,44.0,47.0,,,,,13.0,,104.0,84.0,61.0,72.0,488.0,566.0,975.0,988.0,613.0,597.0,561.0,441.0,544.0,524.0,76.0,90.0,58.0,68.0,1347.0,1521.0,1365.0,1247.0,660.0,478.0,403.0,197.0,254.0,234.0,3663.0,3363.0,2038.0,2128.0,6194.0,7036.0,5414.0,5366.0,4385.0,3764.0,2951.0,2580.0,2793.0,2980.0,2391.0,1605.0,1224.0,791.0,878.0,848.0,634.0,458.0,286.0,350.0,234.0,167.0,130.0,107.0,146.0,177.0,120.0,99.0,60.0,65.0,469.0,275.0,205.0,147.0,141.0,663.0,409.0,332.0,191.0,176.0,8234693.0,270682.0,30422.0,7089786.0,232650.0,30474.0,10424724.0,422259.0,24688.0,8112645.0,332854.0,24373.0,8746270.0,286472.0,30531.0,8406106.0,274898.0,30579.0,12409694.0,408254.0,30397.0,10235485.0,335964.0,30466.0,9194661.0,318209.0,28895.0,7624430.0,261738.0,29130.0,0.0,0.0,7522.75,7324.5,0.0,0.0,0.0,0.0,0.0,0.0,0.0,0.0,0.0,0.0,0.0,0.0,4544.75,2331.5,0.0,0.0,0.0,0.0,312.75,1368.0,0.0,0.0,0.0,0.0,0.0,0.0,0.0,0.0,0.0,0.0,0.0,0.0,1438.25,1406.0,0.0,0.0,0.0,0.0,60.5,604.25,0.0,0.0,0.0,0.0,0.0,0.0,0.0,0.0,0.0,0.0,0.0,0.0,724.0,1601.25,0.0,0.0,0.0,0.0,5.5,102.5,0.0,0.0,0.0,0.0,0.0,0.0,0.0,0.0,0.0,0.0,0.0,0.0,118.0,356.75,0.0,0.0,72392.0,11.189851075030969,0.24501326113382693,448624.9171179136,13.013942443702973,58936.0,0.045413669064748204,1.8307415014461164,0.6679051619115249,0.3695665879557286,1.6558048315436722,0.2931702268520389,0.7718074017138177
Vesterbro/Kongens Enghave,2021,10.938868,10.923912,0.15354793,1379,93.0,5150000.0,0.0,0.0051809916994864,306.0,310.0,286.0,236.0,433.0,464.0,252.0,239.0,125.0,106.0,,,,,200.0,200.0,49.0,59.0,50.0,80.0,41.0,46.0,33.0,21.0,,,,,110.0,82.0,75.0,74.0,508.0,586.0,1053.0,1058.0,585.0,627.0,591.0,446.0,565.0,572.0,78.0,86.0,69.0,74.0,1289.0,1502.0,1417.0,1321.0,688.0,547.0,416.0,212.0,267.0,250.0,3635.0,3322.0,2188.0,2263.0,6417.0,7302.0,5336.0,5280.0,4367.0,3821.0,3155.0,2752.0,2883.0,3081.0,2305.0,1614.0,1082.0,681.0,694.0,956.0,635.0,399.0,228.0,240.0,197.0,173.0,125.0,93.0,122.0,146.0,127.0,82.0,71.0,59.0,372.0,267.0,182.0,115.0,137.0,634.0,412.0,294.0,174.0,136.0,9282950.0,293402.0,31639.0,7840803.0,248135.0,31599.0,11645974.0,439404.0,26504.0,9066352.0,349001.0,25978.0,9864005.0,310121.0,31807.0,9392625.0,295831.0,31750.0,14034655.0,444022.0,31608.0,11360104.0,359554.0,31595.0,10231039.0,340955.0,30007.0,8404190.0,278414.0,30186.0,0.0,0.0,7844.25,7642.5,0.0,0.0,0.0,0.0,0.0,0.0,0.0,0.0,0.0,0.0,0.0,0.0,4842.25,2436.5,0.0,0.0,0.0,0.0,337.5,1381.5,0.0,0.0,0.0,0.0,0.0,0.0,0.0,0.0,0.0,0.0,0.0,0.0,1446.0,1452.0,0.0,0.0,0.0,0.0,56.75,624.25,0.0,0.0,0.0,0.0,0.0,0.0,0.0,0.0,0.0,0.0,0.0,0.0,746.75,1656.5,0.0,0.0,0.0,0.0,6.0,95.5,0.0,0.0,0.0,0.0,0.0,0.0,0.0,0.0,0.0,0.0,0.0,0.0,113.0,371.25,0.0,0.0,74486.0,11.218366467245488,0.2508390838546841,488419.0720403834,13.098929070497988,60784.0,0.03877665175046065,1.8246356976088882,0.7550176040383038,0.46494300457287036,2.233287266768145,-0.3157297743514259,0.7101153393963213
Vesterbro/Kongens Enghave,2022,10.950037,10.914933,0.20780392,536,85.0,4800000.0,-1.0,0.0112466296532255,312.0,327.0,258.0,238.0,433.0,472.0,268.0,267.0,149.0,120.0,,,,,221.0,218.0,62.0,65.0,62.0,74.0,46.0,46.0,36.0,26.0,,,,,111.0,87.0,90.0,84.0,491.0,591.0,1128.0,1137.0,609.0,691.0,570.0,461.0,595.0,600.0,85.0,98.0,80.0,77.0,1340.0,1598.0,1577.0,1454.0,772.0,601.0,470.0,241.0,264.0,261.0,3628.0,3305.0,2329.0,2395.0,6798.0,7459.0,5466.0,5315.0,4197.0,3860.0,3455.0,2921.0,3010.0,3205.0,2590.0,1482.0,801.0,439.0,322.0,1087.0,613.0,303.0,142.0,104.0,220.0,147.0,93.0,63.0,51.0,168.0,108.0,60.0,42.0,38.0,429.0,231.0,117.0,74.0,52.0,686.0,383.0,228.0,118.0,77.0,9616906.0,295323.0,32564.0,8097278.0,248650.0,32565.0,12615850.0,460130.0,27418.0,9785809.0,361888.0,27041.0,10205499.0,312544.0,32653.0,9739294.0,298239.0,32656.0,14564603.0,447536.0,32544.0,11825768.0,363210.0,32559.0,10659609.0,346474.0,30766.0,8743487.0,281286.0,31084.0,0.0,0.0,8146.5,7953.25,0.0,0.0,0.0,0.0,0.0,0.0,0.0,0.0,0.0,0.0,0.0,0.0,4891.0,2598.0,0.0,0.0,0.0,0.0,343.75,1409.5,0.0,0.0,0.0,0.0,0.0,0.0,0.0,0.0,0.0,0.0,0.0,0.0,1526.25,1534.0,0.0,0.0,0.0,0.0,70.0,634.25,0.0,0.0,0.0,0.0,0.0,0.0,0.0,0.0,0.0,0.0,0.0,0.0,765.0,1707.5,0.0,0.0,0.0,0.0,9.75,102.75,0.0,0.0,0.0,0.0,0.0,0.0,0.0,0.0,0.0,0.0,0.0,0.0,104.25,388.75,0.0,0.0,77206.0,11.254232453200062,0.2572727508224749,487772.67310830764,13.097604742506563,63136.0,0.026945007602635577,1.8233233388743029,0.8645855735855322,0.5702706347630442,2.224288484461272,-1.401200520426011,0.696855477305222
Vesterbro/Kongens Enghave,2023,10.927198,10.891248,0.23122767,745,85.0,4805000.0,-2.0,0.0106148230206688,304.0,329.0,251.0,232.0,439.0,472.0,280.0,289.0,168.0,127.0,,,,,219.0,231.0,71.0,78.0,69.0,78.0,54.0,50.0,37.0,28.0,,,,,111.0,113.0,125.0,104.0,501.0,622.0,1255.0,1319.0,677.0,759.0,558.0,494.0,633.0,641.0,97.0,106.0,88.0,90.0,1455.0,1761.0,1739.0,1644.0,799.0,642.0,476.0,256.0,289.0,280.0,3640.0,3391.0,2366.0,2427.0,6670.0,7416.0,5648.0,5487.0,4025.0,3742.0,3704.0,3124.0,3161.0,3313.0,2480.0,1538.0,916.0,453.0,370.0,985.0,626.0,373.0,187.0,131.0,235.0,142.0,71.0,58.0,40.0,138.0,103.0,75.0,49.0,33.0,422.0,225.0,151.0,56.0,66.0,700.0,442.0,246.0,103.0,100.0,10310315.0,315300.0,32700.0,8625003.0,261205.0,33020.0,13348822.0,479260.0,27853.0,10506666.0,380112.0,27641.0,10940821.0,333531.0,32803.0,10475916.0,315796.0,33173.0,15872730.0,486580.0,32621.0,12832015.0,389132.0,32976.0,11232540.0,355213.0,31622.0,9285760.0,288369.0,32201.0,0.0,0.0,8497.5,8199.25,0.0,0.0,0.0,0.0,0.0,0.0,0.0,0.0,0.0,0.0,0.0,0.0,4994.25,2738.0,0.0,0.0,0.0,0.0,367.75,1442.75,0.0,0.0,0.0,0.0,0.0,0.0,0.0,0.0,0.0,0.0,0.0,0.0,1523.0,1652.0,0.0,0.0,0.0,0.0,81.75,644.0,0.0,0.0,0.0,0.0,0.0,0.0,0.0,0.0,0.0,0.0,0.0,0.0,794.25,1779.25,0.0,0.0,0.0,0.0,9.0,108.25,0.0,0.0,0.0,0.0,0.0,0.0,0.0,0.0,0.0,0.0,0.0,0.0,108.25,395.25,0.0,0.0,79554.0,11.284191315342774,0.26950247630540264,507228.4863111849,13.136716844390769,65181.0,0.027883892545373653,1.8228861989830356,0.956107710996719,0.7704874021900774,2.4900544372307203,-1.315064381902995,0.6924386859813517
Østerbro,2008,10.214896,10.165003,0.3915086,115,99.0,2740000.0,-3.0,0.0457449832138569,269.0,216.0,186.0,166.0,131.0,121.0,49.0,40.0,3.0,,0.0,,0.0,0.0,72.0,56.0,55.0,32.0,47.0,46.0,36.0,37.0,22.0,,14.0,,16.0,18.0,45.0,45.0,98.0,107.0,360.0,501.0,523.0,538.0,416.0,353.0,264.0,225.0,210.0,186.0,25.0,47.0,36.0,38.0,523.0,719.0,600.0,492.0,379.0,265.0,259.0,256.0,282.0,451.0,3314.0,3206.0,2134.0,2132.0,5511.0,6491.0,6029.0,5758.0,3788.0,3820.0,2684.0,3102.0,4044.0,6045.0,1969.0,1019.0,583.0,330.0,380.0,527.0,295.0,158.0,92.0,80.0,395.0,223.0,156.0,105.0,126.0,200.0,122.0,64.0,34.0,46.0,421.0,212.0,116.0,57.0,85.0,426.0,167.0,89.0,42.0,43.0,5151336.0,196167.0,26260.0,5106275.0,171963.0,29694.0,7141382.0,337447.0,21163.0,5770638.0,259623.0,22227.0,5495547.0,208520.0,26355.0,5932338.0,199085.0,29798.0,8670522.0,331429.0,26161.0,7903675.0,266503.0,29657.0,6590367.0,259218.0,25424.0,6016235.0,207435.0,29003.0,0.0,0.0,9250.5,11209.0,0.0,0.0,0.0,0.0,0.0,0.0,0.0,0.0,0.0,0.0,0.0,0.0,3512.75,3475.75,0.0,0.0,0.0,0.0,181.25,1374.25,0.0,0.0,0.0,0.0,0.0,0.0,0.0,0.0,0.0,0.0,0.0,0.0,958.75,1411.0,0.0,0.0,0.0,0.0,49.5,611.25,0.0,0.0,0.0,0.0,0.0,0.0,0.0,0.0,0.0,0.0,0.0,0.0,491.25,1533.25,0.0,0.0,0.0,0.0,5.25,84.25,0.0,0.0,0.0,0.0,0.0,0.0,0.0,0.0,0.0,0.0,0.0,0.0,73.75,386.0,0.0,0.0,67933.0,11.126277204319269,0.14536381434648846,319218.8774233436,12.673632282606544,55654.0,0.024564272109821393,1.658407437640413,0.4736916265869622,-1.2618265401651492,-0.6565959304680574,-1.6196163804116492,-0.9694283286098245
Østerbro,2009,10.099441,10.107346,0.32048136,128,126.0,2920000.0,-4.0,0.0354935022239377,266.0,227.0,213.0,182.0,125.0,126.0,65.0,56.0,,,,,0.0,,82.0,70.0,55.0,32.0,46.0,48.0,45.0,38.0,,,,,14.0,,60.0,60.0,85.0,98.0,401.0,543.0,526.0,607.0,444.0,388.0,275.0,242.0,237.0,198.0,33.0,72.0,38.0,39.0,578.0,761.0,633.0,557.0,403.0,274.0,254.0,246.0,291.0,464.0,3441.0,3229.0,2167.0,2170.0,5545.0,6432.0,5968.0,5797.0,3841.0,3848.0,2634.0,3061.0,4067.0,5987.0,2028.0,1285.0,866.0,563.0,591.0,456.0,339.0,236.0,149.0,135.0,430.0,255.0,210.0,146.0,173.0,233.0,148.0,81.0,65.0,58.0,454.0,296.0,207.0,131.0,150.0,455.0,247.0,132.0,72.0,75.0,5341665.0,200611.0,26627.0,5306173.0,177162.0,29951.0,7113725.0,335079.0,21230.0,5920951.0,263329.0,22485.0,5730579.0,214083.0,26768.0,6136925.0,203864.0,30103.0,8696351.0,328164.0,26500.0,8049818.0,269297.0,29892.0,6619149.0,256855.0,25770.0,6203424.0,212577.0,29182.0,0.0,0.0,9005.0,10911.0,0.0,0.0,0.0,0.0,0.0,0.0,0.0,0.0,0.0,0.0,0.0,0.0,3558.75,3452.75,0.0,0.0,0.0,0.0,204.25,1352.75,0.0,0.0,0.0,0.0,0.0,0.0,0.0,0.0,0.0,0.0,0.0,0.0,1008.0,1480.5,0.0,0.0,0.0,0.0,46.25,642.5,0.0,0.0,0.0,0.0,0.0,0.0,0.0,0.0,0.0,0.0,0.0,0.0,492.5,1586.25,0.0,0.0,0.0,0.0,6.25,82.5,0.0,0.0,0.0,0.0,0.0,0.0,0.0,0.0,0.0,0.0,0.0,0.0,83.0,397.25,0.0,0.0,68684.0,11.137271554433694,0.15283035350299926,327810.58179488673,12.700191226024305,56065.0,0.03473289931329706,1.6804675089989654,0.5072785638052661,-1.1395894273312737,-0.47612843928416837,-0.6867158283662224,-0.7465369070606429
Østerbro,2010,10.1547,10.172754,0.26621407,160,114.0,2825000.0,-3.0,0.0263707273888735,282.0,234.0,213.0,189.0,122.0,124.0,78.0,79.0,,,,,0.0,,97.0,81.0,49.0,30.0,55.0,57.0,42.0,40.0,,,,,12.0,,62.0,70.0,81.0,83.0,436.0,570.0,555.0,673.0,455.0,395.0,284.0,256.0,259.0,197.0,42.0,73.0,43.0,50.0,603.0,798.0,623.0,602.0,382.0,288.0,266.0,239.0,286.0,474.0,3591.0,3351.0,2236.0,2253.0,5611.0,6518.0,5990.0,5832.0,3936.0,3971.0,2681.0,3002.0,4062.0,5901.0,2122.0,1332.0,1019.0,670.0,872.0,509.0,359.0,296.0,176.0,232.0,418.0,275.0,232.0,147.0,211.0,278.0,159.0,94.0,64.0,74.0,440.0,294.0,235.0,178.0,245.0,477.0,245.0,162.0,105.0,110.0,6023845.0,220307.0,27343.0,5797546.0,188685.0,30726.0,7519950.0,354731.0,21199.0,6122981.0,272024.0,22509.0,6400994.0,233383.0,27427.0,6783512.0,220430.0,30774.0,9328476.0,341928.0,27282.0,8432659.0,274554.0,30714.0,7142334.0,275542.0,25921.0,6547713.0,223007.0,29361.0,0.0,0.0,8863.0,10717.25,0.0,0.0,0.0,0.0,0.0,0.0,0.0,0.0,0.0,0.0,0.0,0.0,3627.0,3409.75,0.0,0.0,0.0,0.0,216.75,1385.75,0.0,0.0,0.0,0.0,0.0,0.0,0.0,0.0,0.0,0.0,0.0,0.0,1005.75,1526.25,0.0,0.0,0.0,0.0,41.75,645.5,0.0,0.0,0.0,0.0,0.0,0.0,0.0,0.0,0.0,0.0,0.0,0.0,496.5,1638.0,0.0,0.0,0.0,0.0,8.25,87.25,0.0,0.0,0.0,0.0,0.0,0.0,0.0,0.0,0.0,0.0,0.0,0.0,83.5,415.5,0.0,0.0,69864.0,11.154305774093569,0.1564324974235658,357922.4922706974,12.78807173990573,56754.0,0.04184903266730098,1.695502337730755,0.5593168616877741,-1.0806175712099275,0.12101790101510505,-0.03386027554292434,-0.5946274098378298
Østerbro,2011,10.213642,10.205573,0.34151837,193,112.0,3125000.0,-3.0,0.0308025367880702,290.0,243.0,238.0,192.0,148.0,137.0,94.0,99.0,,,,,0.0,0.0,93.0,83.0,49.0,28.0,49.0,58.0,50.0,42.0,,,,,13.0,23.0,75.0,88.0,81.0,97.0,442.0,620.0,580.0,704.0,483.0,440.0,295.0,270.0,263.0,210.0,53.0,70.0,34.0,42.0,654.0,894.0,648.0,611.0,394.0,296.0,266.0,246.0,306.0,476.0,3636.0,3395.0,2301.0,2338.0,5661.0,6548.0,5937.0,5735.0,4019.0,4032.0,2677.0,3016.0,4103.0,5907.0,2156.0,1357.0,983.0,681.0,950.0,567.0,396.0,283.0,201.0,256.0,410.0,230.0,177.0,135.0,232.0,229.0,134.0,87.0,69.0,97.0,436.0,323.0,228.0,170.0,233.0,514.0,274.0,208.0,106.0,132.0,6242844.0,224160.0,27850.0,5999788.0,192498.0,31168.0,7784079.0,358945.0,21686.0,6294131.0,274051.0,22967.0,6644119.0,237825.0,27937.0,7031459.0,225187.0,31225.0,9599195.0,345220.0,27806.0,8659840.0,277960.0,31155.0,7434340.0,279560.0,26593.0,6757549.0,225801.0,29927.0,0.0,0.0,8704.25,10632.0,0.0,0.0,0.0,0.0,0.0,0.0,0.0,0.0,0.0,0.0,0.0,0.0,3691.0,3371.25,0.0,0.0,0.0,0.0,226.0,1419.0,0.0,0.0,0.0,0.0,0.0,0.0,0.0,0.0,0.0,0.0,0.0,0.0,1036.0,1497.75,0.0,0.0,0.0,0.0,52.0,659.5,0.0,0.0,0.0,0.0,0.0,0.0,0.0,0.0,0.0,0.0,0.0,0.0,530.5,1739.25,0.0,0.0,0.0,0.0,9.75,93.75,0.0,0.0,0.0,0.0,0.0,0.0,0.0,0.0,0.0,0.0,0.0,0.0,85.75,419.5,0.0,0.0,70872.0,11.168630712091868,0.16320973021785753,365704.5095383226,12.809580935311983,57446.0,0.04257737701493577,1.7123341796603473,0.6030785018208946,-0.9696653144264226,0.2671724551060861,0.032960233301712445,-0.42456117958860257
Østerbro,2012,10.201752,10.200108,0.30442142,245,96.0,2799000.0,-3.0,0.0243693104712381,283.0,251.0,256.0,207.0,175.0,156.0,100.0,102.0,4.0,6.0,3.0,5.0,0.0,0.0,105.0,80.0,49.0,31.0,57.0,72.0,52.0,40.0,20.0,20.0,18.0,9.0,15.0,23.0,75.0,77.0,79.0,92.0,442.0,599.0,615.0,741.0,477.0,468.0,321.0,292.0,268.0,218.0,59.0,75.0,40.0,53.0,705.0,996.0,691.0,681.0,436.0,319.0,267.0,243.0,320.0,480.0,3704.0,3481.0,2405.0,2415.0,5849.0,6724.0,5757.0,5572.0,4105.0,4180.0,2763.0,3058.0,4167.0,5952.0,2106.0,1314.0,962.0,719.0,1030.0,571.0,396.0,291.0,222.0,302.0,354.0,238.0,156.0,151.0,214.0,217.0,133.0,112.0,58.0,108.0,434.0,293.0,220.0,164.0,243.0,530.0,254.0,183.0,124.0,163.0,6538499.0,230977.0,28308.0,6234549.0,196729.0,31691.0,8115159.0,368051.0,22049.0,6571242.0,281099.0,23377.0,6938393.0,244413.0,28388.0,7365697.0,232027.0,31745.0,10068371.0,355961.0,28285.0,9021035.0,284719.0,31684.0,7750929.0,285559.0,27143.0,7071412.0,231872.0,30497.0,0.0,0.0,8590.0,10462.5,0.0,0.0,0.0,0.0,0.0,0.0,0.0,0.0,0.0,0.0,0.0,0.0,3738.5,3351.0,0.0,0.0,0.0,0.0,224.25,1438.0,0.0,0.0,0.0,0.0,0.0,0.0,0.0,0.0,0.0,0.0,0.0,0.0,1091.75,1529.0,0.0,0.0,0.0,0.0,62.5,664.25,0.0,0.0,0.0,0.0,0.0,0.0,0.0,0.0,0.0,0.0,0.0,0.0,564.5,1790.25,0.0,0.0,0.0,0.0,10.0,104.75,0.0,0.0,0.0,0.0,0.0,0.0,0.0,0.0,0.0,0.0,0.0,0.0,90.25,415.75,0.0,0.0,72400.0,11.189961578373808,0.1694475138121547,373993.6187845304,12.831994014177662,58583.0,0.042949319768533535,1.729014204191665,0.6682427415592269,-0.8675445539152408,0.4194688792887849,0.0670833841673527,-0.25602888797299694
Østerbro,2013,10.315882,10.269963,0.3847177,348,96.0,2895000.0,0.0,0.0258406611534391,276.0,251.0,242.0,196.0,200.0,169.0,103.0,105.0,,,,6.0,0.0,,116.0,77.0,51.0,32.0,58.0,50.0,48.0,45.0,,,,6.0,17.0,,66.0,71.0,72.0,70.0,408.0,605.0,600.0,744.0,460.0,492.0,336.0,296.0,278.0,237.0,66.0,79.0,41.0,63.0,674.0,1035.0,729.0,694.0,450.0,333.0,260.0,242.0,343.0,492.0,3808.0,3574.0,2492.0,2497.0,6077.0,6933.0,5554.0,5430.0,4184.0,4273.0,2824.0,3068.0,4244.0,6035.0,2134.0,1363.0,971.0,649.0,923.0,615.0,439.0,305.0,203.0,251.0,315.0,211.0,177.0,124.0,187.0,235.0,127.0,100.0,49.0,94.0,418.0,317.0,219.0,147.0,231.0,551.0,269.0,170.0,126.0,160.0,6897410.0,239877.0,28754.0,6517398.0,202467.0,32190.0,8405712.0,375138.0,22407.0,6775099.0,284788.0,23790.0,7319018.0,253956.0,28820.0,7728127.0,239810.0,32226.0,10455912.0,364317.0,28700.0,9356737.0,290753.0,32181.0,7939280.0,288125.0,27555.0,7242342.0,233911.0,30962.0,0.0,0.0,8511.25,10431.0,0.0,0.0,0.0,0.0,0.0,0.0,0.0,0.0,0.0,0.0,0.0,0.0,3806.75,3355.5,0.0,0.0,0.0,0.0,228.75,1422.25,0.0,0.0,0.0,0.0,0.0,0.0,0.0,0.0,0.0,0.0,0.0,0.0,1088.0,1535.75,0.0,0.0,0.0,0.0,68.0,667.0,0.0,0.0,0.0,0.0,0.0,0.0,0.0,0.0,0.0,0.0,0.0,0.0,597.75,1793.0,0.0,0.0,0.0,0.0,10.0,124.25,0.0,0.0,0.0,0.0,0.0,0.0,0.0,0.0,0.0,0.0,0.0,0.0,95.75,435.25,0.0,0.0,73277.0,11.202002059645364,0.1676378672707671,388415.91495285014,12.869831990236579,59137.0,0.040461978118605954,1.73835427016191,0.7050255331146238,-0.8971708591996828,0.676577172469688,-0.16111284644575205,-0.16165835998900918
Østerbro,2014,10.429466,10.426053,0.31098244,442,97.5,3360625.0,0.0,0.018534282938541,261.0,235.0,267.0,221.0,209.0,183.0,108.0,99.0,,,,6.0,0.0,,126.0,88.0,52.0,30.0,58.0,50.0,53.0,45.0,,,,8.0,18.0,,64.0,66.0,65.0,64.0,434.0,557.0,604.0,773.0,466.0,496.0,340.0,307.0,298.0,247.0,77.0,78.0,50.0,61.0,767.0,1130.0,733.0,742.0,447.0,332.0,293.0,246.0,350.0,504.0,3882.0,3521.0,2514.0,2575.0,6306.0,7184.0,5330.0,5167.0,4227.0,4346.0,2897.0,3119.0,4352.0,6181.0,2109.0,1322.0,949.0,609.0,747.0,656.0,471.0,348.0,221.0,225.0,207.0,155.0,119.0,97.0,132.0,182.0,107.0,76.0,54.0,68.0,444.0,284.0,213.0,128.0,181.0,620.0,305.0,193.0,109.0,141.0,7174891.0,246891.0,29061.0,6757028.0,207749.0,32525.0,8706205.0,383668.0,22692.0,6967101.0,287730.0,24214.0,7605940.0,261211.0,29118.0,8076648.0,247925.0,32577.0,10827117.0,373194.0,29012.0,9633100.0,296275.0,32514.0,8209710.0,294825.0,27846.0,7417324.0,236869.0,31314.0,0.0,0.0,8401.0,10297.25,0.0,0.0,0.0,0.0,0.0,0.0,0.0,0.0,0.0,0.0,0.0,0.0,3950.25,3297.75,0.0,0.0,0.0,0.0,234.25,1468.0,0.0,0.0,0.0,0.0,0.0,0.0,0.0,0.0,0.0,0.0,0.0,0.0,1098.5,1518.25,0.0,0.0,0.0,0.0,68.75,670.25,0.0,0.0,0.0,0.0,0.0,0.0,0.0,0.0,0.0,0.0,0.0,0.0,615.75,1855.0,0.0,0.0,0.0,0.0,8.25,124.75,0.0,0.0,0.0,0.0,0.0,0.0,0.0,0.0,0.0,0.0,0.0,0.0,103.5,444.5,0.0,0.0,74309.0,11.215987353921955,0.17101562394864686,398531.90057731903,12.895542825645382,60012.0,0.03633606612010931,1.7514053167818247,0.7477495864655417,-0.8418725187631595,0.8512817866361423,-0.5396364666029299,-0.029792678934007742
Østerbro,2015,10.545759,10.496251,0.35931578,527,100.0,3650000.0,0.0,0.0196120075866068,258.0,227.0,279.0,216.0,212.0,202.0,111.0,103.0,20.0,19.0,,,,,129.0,108.0,52.0,30.0,64.0,60.0,42.0,42.0,24.0,23.0,,,,,64.0,82.0,60.0,64.0,390.0,546.0,633.0,784.0,461.0,511.0,348.0,318.0,325.0,258.0,77.0,77.0,55.0,71.0,804.0,1110.0,766.0,808.0,450.0,346.0,292.0,249.0,358.0,503.0,3849.0,3457.0,2617.0,2679.0,6391.0,7330.0,5122.0,4983.0,4274.0,4371.0,3019.0,3231.0,4419.0,6260.0,2300.0,1321.0,899.0,502.0,583.0,763.0,517.0,328.0,179.0,191.0,173.0,132.0,88.0,82.0,107.0,196.0,88.0,70.0,39.0,52.0,458.0,256.0,205.0,107.0,136.0,710.0,328.0,208.0,95.0,97.0,7506045.0,255065.0,29428.0,7088641.0,214035.0,33119.0,9226313.0,398390.0,23159.0,7314717.0,296418.0,24677.0,7956689.0,269755.0,29496.0,8506899.0,256425.0,33175.0,11375965.0,387122.0,29386.0,10191349.0,307821.0,33108.0,8618158.0,305684.0,28193.0,7885469.0,248033.0,31792.0,0.0,0.0,8209.0,10171.25,0.0,0.0,0.0,0.0,0.0,0.0,0.0,0.0,0.0,0.0,0.0,0.0,4090.25,3306.0,0.0,0.0,0.0,0.0,254.75,1487.75,0.0,0.0,0.0,0.0,0.0,0.0,0.0,0.0,0.0,0.0,0.0,0.0,1176.0,1538.5,0.0,0.0,0.0,0.0,68.25,711.25,0.0,0.0,0.0,0.0,0.0,0.0,0.0,0.0,0.0,0.0,0.0,0.0,611.75,1847.0,0.0,0.0,0.0,0.0,9.5,118.25,0.0,0.0,0.0,0.0,0.0,0.0,0.0,0.0,0.0,0.0,0.0,0.0,110.25,440.5,0.0,0.0,75033.0,11.225683295746833,0.17367025175589407,413928.1915956979,12.933447787511279,60582.0,0.03221914099897659,1.763954875879386,0.7773699811187236,-0.7984127535353213,1.1088452470403933,-0.9173356035052688,0.09700605265697006
Østerbro,2016,10.604298,10.591393,0.2813668,425,94.0,3815000.0,0.0,0.0171013126883718,275.0,221.0,262.0,230.0,199.0,239.0,125.0,100.0,23.0,27.0,,,,,142.0,132.0,46.0,32.0,70.0,57.0,42.0,46.0,24.0,26.0,,,,,74.0,89.0,69.0,61.0,422.0,607.0,676.0,809.0,448.0,523.0,372.0,338.0,343.0,286.0,88.0,88.0,55.0,78.0,882.0,1193.0,897.0,898.0,472.0,394.0,303.0,238.0,356.0,508.0,3759.0,3443.0,2661.0,2705.0,6524.0,7474.0,4937.0,4843.0,4270.0,4394.0,3183.0,3391.0,4508.0,6348.0,2293.0,1378.0,853.0,441.0,503.0,862.0,584.0,356.0,167.0,173.0,189.0,124.0,96.0,61.0,105.0,132.0,79.0,55.0,37.0,46.0,435.0,255.0,144.0,95.0,102.0,675.0,336.0,202.0,81.0,77.0,7995969.0,265567.0,30109.0,7330830.0,217952.0,33635.0,9777431.0,410747.0,23804.0,7681598.0,305516.0,25143.0,8450266.0,279903.0,30190.0,8878873.0,263491.0,33697.0,12115003.0,403229.0,30045.0,10451629.0,310912.0,33616.0,9114973.0,318405.0,28627.0,8000598.0,248922.0,32141.0,0.0,0.0,8078.0,10090.25,0.0,0.0,0.0,0.0,0.0,0.0,0.0,0.0,0.0,0.0,0.0,0.0,4227.5,3394.75,0.0,0.0,0.0,0.0,284.75,1488.5,0.0,0.0,0.0,0.0,0.0,0.0,0.0,0.0,0.0,0.0,0.0,0.0,1230.75,1533.75,0.0,0.0,0.0,0.0,66.75,732.25,0.0,0.0,0.0,0.0,0.0,0.0,0.0,0.0,0.0,0.0,0.0,0.0,636.0,1849.0,0.0,0.0,0.0,0.0,11.5,117.25,0.0,0.0,0.0,0.0,0.0,0.0,0.0,0.0,0.0,0.0,0.0,0.0,119.75,448.25,0.0,0.0,76325.0,11.24275581760308,0.1819194235178513,427853.75696036685,12.966536726829892,61815.0,0.029614171317641352,1.7763487714593837,0.8295252894158033,-0.663362910721184,1.3336839302228223,-1.1563233847613856,0.2222319850421277
Østerbro,2017,10.708157,10.609993,0.43198803,318,84.0,3625000.0,0.0,0.0303535303859402,279.0,224.0,260.0,236.0,234.0,244.0,124.0,107.0,32.0,30.0,,,,,153.0,157.0,48.0,30.0,63.0,65.0,37.0,49.0,29.0,27.0,,,,,98.0,101.0,66.0,65.0,424.0,615.0,770.0,895.0,482.0,539.0,382.0,334.0,364.0,310.0,101.0,90.0,74.0,92.0,977.0,1280.0,931.0,957.0,510.0,439.0,323.0,245.0,380.0,496.0,3720.0,3444.0,2784.0,2811.0,6565.0,7534.0,4940.0,4790.0,4171.0,4295.0,3417.0,3626.0,4630.0,6401.0,2390.0,1312.0,824.0,461.0,512.0,1007.0,583.0,335.0,194.0,217.0,165.0,96.0,86.0,52.0,90.0,140.0,75.0,44.0,42.0,31.0,437.0,242.0,165.0,92.0,92.0,641.0,316.0,194.0,81.0,82.0,8400103.0,272837.0,30788.0,7686547.0,224261.0,34275.0,10312093.0,421693.0,24454.0,8093069.0,313928.0,25780.0,8892147.0,288098.0,30865.0,9325295.0,271487.0,34349.0,12697832.0,413233.0,30728.0,10934553.0,319155.0,34261.0,9501038.0,326631.0,29088.0,8333522.0,255983.0,32555.0,0.0,0.0,8093.5,10037.5,0.0,0.0,0.0,0.0,0.0,0.0,0.0,0.0,0.0,0.0,0.0,0.0,4295.5,3500.5,0.0,0.0,0.0,0.0,309.0,1493.0,0.0,0.0,0.0,0.0,0.0,0.0,0.0,0.0,0.0,0.0,0.0,0.0,1238.75,1631.0,0.0,0.0,0.0,0.0,61.25,723.75,0.0,0.0,0.0,0.0,0.0,0.0,0.0,0.0,0.0,0.0,0.0,0.0,673.75,1883.0,0.0,0.0,0.0,0.0,12.0,111.75,0.0,0.0,0.0,0.0,0.0,0.0,0.0,0.0,0.0,0.0,0.0,0.0,121.5,461.25,0.0,0.0,77896.0,11.263129882658593,0.18958611481975968,440383.2289206121,12.995400601635545,63063.0,0.0289884718456147,1.787369757843392,0.8917665712359404,-0.537849042771175,1.5298133842484127,-1.2137269429003525,0.3335862631892579
Østerbro,2018,10.747706,10.719084,0.27512613,600,88.0,3900000.0,-1.0,0.0140736682168991,268.0,242.0,267.0,231.0,255.0,263.0,135.0,122.0,40.0,39.0,,,,,177.0,159.0,47.0,35.0,66.0,64.0,37.0,46.0,25.0,24.0,,,,,90.0,98.0,64.0,88.0,405.0,639.0,834.0,927.0,462.0,573.0,405.0,371.0,365.0,327.0,100.0,96.0,71.0,110.0,1068.0,1390.0,970.0,1020.0,546.0,478.0,333.0,272.0,390.0,503.0,3652.0,3434.0,2866.0,2867.0,6729.0,7588.0,4902.0,4733.0,4090.0,4205.0,3591.0,3843.0,4700.0,6461.0,1958.0,1224.0,773.0,440.0,437.0,785.0,527.0,329.0,180.0,169.0,142.0,101.0,80.0,58.0,59.0,116.0,61.0,49.0,32.0,34.0,365.0,253.0,125.0,81.0,92.0,550.0,282.0,190.0,89.0,83.0,8729961.0,283302.0,30815.0,7992584.0,232532.0,34372.0,10743623.0,440818.0,24372.0,8437831.0,327963.0,25728.0,9226451.0,298417.0,30918.0,9703621.0,281681.0,34449.0,13157999.0,427680.0,30766.0,11324972.0,329713.0,34348.0,9724747.0,335707.0,28968.0,8432777.0,259422.0,32506.0,0.0,0.0,8152.75,10097.75,0.0,0.0,0.0,0.0,0.0,0.0,0.0,0.0,0.0,0.0,0.0,0.0,4274.5,3555.0,0.0,0.0,0.0,0.0,299.0,1500.5,0.0,0.0,0.0,0.0,0.0,0.0,0.0,0.0,0.0,0.0,0.0,0.0,1220.0,1633.75,0.0,0.0,0.0,0.0,63.0,723.75,0.0,0.0,0.0,0.0,0.0,0.0,0.0,0.0,0.0,0.0,0.0,0.0,684.75,1944.75,0.0,0.0,0.0,0.0,12.75,103.5,0.0,0.0,0.0,0.0,0.0,0.0,0.0,0.0,0.0,0.0,0.0,0.0,130.0,457.5,0.0,0.0,79198.0,11.279706324958415,0.19617919644435466,450170.6735018561,13.017382064288698,64236.0,0.025698984992838906,1.7889436422715241,0.9424063926926449,-0.4299115839866978,1.6791769848694391,-1.5155143955716237,0.34948853892711423
Østerbro,2019,10.704817,10.671733,0.30805227,710,89.0,3947500.0,-2.0,0.0144859284423132,252.0,226.0,242.0,232.0,298.0,281.0,133.0,124.0,48.0,49.0,,,,,160.0,167.0,43.0,36.0,76.0,62.0,41.0,51.0,26.0,27.0,,,,,91.0,97.0,74.0,69.0,458.0,654.0,790.0,898.0,457.0,609.0,429.0,390.0,401.0,340.0,107.0,98.0,82.0,111.0,1019.0,1324.0,1014.0,1068.0,570.0,504.0,331.0,286.0,404.0,512.0,3656.0,3412.0,2908.0,2885.0,6635.0,7407.0,4799.0,4654.0,4024.0,4100.0,3710.0,3972.0,4749.0,6578.0,1949.0,1192.0,745.0,446.0,460.0,822.0,513.0,337.0,187.0,193.0,133.0,98.0,64.0,54.0,55.0,103.0,65.0,44.0,37.0,44.0,340.0,229.0,120.0,82.0,89.0,551.0,287.0,180.0,86.0,79.0,9201707.0,296973.0,30985.0,8316062.0,240536.0,34573.0,11253428.0,453329.0,24824.0,8851086.0,338694.0,26133.0,9733855.0,313096.0,31089.0,10155564.0,293141.0,34644.0,13865000.0,448024.0,30947.0,11846349.0,342786.0,34559.0,10035146.0,341099.0,29420.0,8943766.0,271566.0,32934.0,0.0,0.0,8165.0,10105.25,0.0,0.0,0.0,0.0,0.0,0.0,0.0,0.0,0.0,0.0,0.0,0.0,4221.5,3621.5,0.0,0.0,0.0,0.0,316.5,1520.5,0.0,0.0,0.0,0.0,0.0,0.0,0.0,0.0,0.0,0.0,0.0,0.0,1226.5,1650.0,0.0,0.0,0.0,0.0,65.0,711.0,0.0,0.0,0.0,0.0,0.0,0.0,0.0,0.0,0.0,0.0,0.0,0.0,708.25,1979.0,0.0,0.0,0.0,0.0,8.75,107.25,0.0,0.0,0.0,0.0,0.0,0.0,0.0,0.0,0.0,0.0,0.0,0.0,130.25,456.0,0.0,0.0,79250.0,11.280362691739526,0.1988769716088328,472014.9905362776,13.064766023674125,64302.0,0.02567882803023234,1.7927398209603556,0.9444115453064813,-0.3857454395028529,2.001150044495316,-1.5173636561617647,0.38784451931610375
Østerbro,2020,10.818527,10.801244,0.20905125,959,88.0,4300000.0,-1.0,0.0084585232915806,246.0,221.0,253.0,223.0,305.0,312.0,145.0,139.0,61.0,63.0,,,,,168.0,188.0,53.0,38.0,73.0,57.0,44.0,48.0,29.0,26.0,,,,,95.0,113.0,88.0,74.0,476.0,631.0,801.0,920.0,467.0,647.0,428.0,399.0,413.0,380.0,108.0,85.0,98.0,120.0,985.0,1269.0,1053.0,1138.0,548.0,536.0,355.0,289.0,408.0,525.0,3619.0,3367.0,3026.0,2945.0,6620.0,7327.0,4791.0,4607.0,3866.0,4012.0,3786.0,4132.0,4853.0,6624.0,1949.0,1328.0,942.0,642.0,728.0,781.0,572.0,407.0,227.0,292.0,141.0,101.0,78.0,81.0,96.0,143.0,77.0,43.0,51.0,68.0,321.0,244.0,184.0,138.0,139.0,563.0,334.0,230.0,145.0,133.0,9803463.0,312970.0,31324.0,8869001.0,253719.0,34956.0,11985209.0,483469.0,24790.0,9437427.0,360221.0,26199.0,10386760.0,330137.0,31462.0,10858945.0,309222.0,35117.0,14782003.0,472118.0,31310.0,12610012.0,360925.0,34938.0,10665402.0,359213.0,29691.0,9252481.0,278891.0,33176.0,0.0,0.0,8269.25,10327.75,0.0,0.0,0.0,0.0,0.0,0.0,0.0,0.0,0.0,0.0,0.0,0.0,4336.75,3678.0,0.0,0.0,0.0,0.0,322.75,1531.75,0.0,0.0,0.0,0.0,0.0,0.0,0.0,0.0,0.0,0.0,0.0,0.0,1241.75,1681.5,0.0,0.0,0.0,0.0,66.75,730.25,0.0,0.0,0.0,0.0,0.0,0.0,0.0,0.0,0.0,0.0,0.0,0.0,731.25,2022.5,0.0,0.0,0.0,0.0,7.75,103.25,0.0,0.0,0.0,0.0,0.0,0.0,0.0,0.0,0.0,0.0,0.0,0.0,127.75,465.0,0.0,0.0,79716.0,11.28622559745324,0.20248130864569222,500754.7920116413,13.123871823151054,64588.0,0.033580541277017394,1.7932611379194254,0.9623222943797712,-0.326737679169645,2.4027727739178344,-0.792436632825632,0.3931118222271495
Østerbro,2021,10.960856,10.938247,0.18590078,1077,87.0,4895000.0,0.0,0.0070978112475748,239.0,232.0,263.0,205.0,338.0,343.0,154.0,144.0,72.0,75.0,,,,,188.0,195.0,53.0,42.0,57.0,65.0,47.0,48.0,32.0,30.0,,,,,96.0,111.0,95.0,87.0,393.0,570.0,812.0,940.0,479.0,649.0,430.0,439.0,442.0,411.0,86.0,87.0,91.0,124.0,915.0,1207.0,1062.0,1184.0,579.0,564.0,370.0,313.0,421.0,553.0,3537.0,3266.0,3088.0,2953.0,6747.0,7491.0,4771.0,4573.0,3769.0,3872.0,3819.0,4203.0,4968.0,6680.0,1916.0,1284.0,823.0,573.0,510.0,839.0,565.0,308.0,211.0,177.0,141.0,96.0,95.0,62.0,77.0,117.0,87.0,56.0,54.0,43.0,300.0,200.0,163.0,108.0,107.0,519.0,336.0,201.0,138.0,106.0,10678204.0,339886.0,31417.0,9370624.0,267763.0,34996.0,12789334.0,502114.0,25471.0,9917004.0,369610.0,26831.0,11249395.0,355566.0,31638.0,11631290.0,330425.0,35201.0,16080059.0,512136.0,31398.0,13274829.0,379443.0,34985.0,11349249.0,383252.0,29613.0,9679738.0,292174.0,33130.0,0.0,0.0,8457.0,10535.75,0.0,0.0,0.0,0.0,0.0,0.0,0.0,0.0,0.0,0.0,0.0,0.0,4475.5,3672.25,0.0,0.0,0.0,0.0,320.75,1510.75,0.0,0.0,0.0,0.0,0.0,0.0,0.0,0.0,0.0,0.0,0.0,0.0,1253.25,1655.75,0.0,0.0,0.0,0.0,66.0,718.0,0.0,0.0,0.0,0.0,0.0,0.0,0.0,0.0,0.0,0.0,0.0,0.0,749.75,1980.5,0.0,0.0,0.0,0.0,7.5,103.5,0.0,0.0,0.0,0.0,0.0,0.0,0.0,0.0,0.0,0.0,0.0,0.0,127.75,454.75,0.0,0.0,80069.0,11.290644041916629,0.20397407236258727,536156.4775381234,13.192181333153457,65031.0,0.028423367317125678,1.7819334280073431,0.9758203197518825,-0.30229916447474764,2.866934532924037,-1.2655713380228906,0.27865845876502565
Østerbro,2022,10.968814,10.939268,0.19352674,667,78.0,4400000.0,-2.0,0.0093892119677332,227.0,223.0,253.0,193.0,346.0,360.0,168.0,169.0,77.0,77.0,,,,,189.0,203.0,58.0,43.0,59.0,74.0,49.0,47.0,34.0,33.0,,,,,88.0,85.0,110.0,98.0,361.0,506.0,845.0,988.0,524.0,674.0,441.0,450.0,466.0,460.0,89.0,77.0,95.0,135.0,899.0,1198.0,1122.0,1165.0,597.0,610.0,376.0,326.0,425.0,553.0,3375.0,3192.0,3067.0,2925.0,6763.0,7446.0,4640.0,4491.0,3591.0,3601.0,3911.0,4330.0,5094.0,6780.0,2119.0,1124.0,631.0,305.0,269.0,946.0,520.0,258.0,120.0,86.0,142.0,82.0,69.0,34.0,43.0,132.0,50.0,36.0,27.0,27.0,335.0,174.0,115.0,47.0,51.0,564.0,298.0,153.0,77.0,62.0,10165032.0,318963.0,31869.0,9319188.0,264187.0,35275.0,12917662.0,496585.0,26013.0,10278499.0,377608.0,27220.0,10862058.0,339376.0,32006.0,11388010.0,321822.0,35386.0,15397748.0,483340.0,31857.0,13304558.0,377231.0,35269.0,11158501.0,372795.0,29932.0,9682287.0,290559.0,33323.0,0.0,0.0,8712.0,10802.5,0.0,0.0,0.0,0.0,0.0,0.0,0.0,0.0,0.0,0.0,0.0,0.0,4453.0,3697.0,0.0,0.0,0.0,0.0,327.25,1527.5,0.0,0.0,0.0,0.0,0.0,0.0,0.0,0.0,0.0,0.0,0.0,0.0,1226.25,1626.5,0.0,0.0,0.0,0.0,65.5,704.25,0.0,0.0,0.0,0.0,0.0,0.0,0.0,0.0,0.0,0.0,0.0,0.0,718.0,1973.25,0.0,0.0,0.0,0.0,10.0,102.5,0.0,0.0,0.0,0.0,0.0,0.0,0.0,0.0,0.0,0.0,0.0,0.0,132.25,447.25,0.0,0.0,79851.0,11.287917677046268,0.20845073950232307,522652.03942342615,13.166671205035755,65126.0,0.020271473758560327,1.7660232717316906,0.9674914740464097,-0.22901020759538568,2.693593720800371,-2.013450658291589,0.11790479248211962
Østerbro,2023,10.940731,10.923749,0.19666633,909,80.0,4500000.0,-3.0,0.0081733322195844,212.0,205.0,228.0,190.0,382.0,364.0,194.0,187.0,81.0,77.0,,,,,214.0,189.0,60.0,56.0,63.0,58.0,47.0,46.0,29.0,33.0,,,,,107.0,118.0,135.0,137.0,373.0,512.0,866.0,1027.0,541.0,733.0,431.0,471.0,513.0,499.0,91.0,83.0,103.0,124.0,895.0,1249.0,1156.0,1170.0,608.0,616.0,383.0,343.0,444.0,562.0,3269.0,3176.0,3061.0,2889.0,6839.0,7529.0,4725.0,4579.0,3357.0,3370.0,3969.0,4367.0,5249.0,6916.0,1912.0,1181.0,701.0,371.0,300.0,842.0,538.0,292.0,153.0,123.0,117.0,89.0,56.0,31.0,38.0,120.0,80.0,57.0,33.0,22.0,319.0,186.0,101.0,60.0,47.0,514.0,288.0,195.0,94.0,70.0,11148419.0,349809.0,31870.0,10040572.0,284548.0,35286.0,13788850.0,520688.0,26482.0,11007108.0,397727.0,27675.0,11859147.0,370633.0,31997.0,12399975.0,349965.0,35432.0,17172086.0,539850.0,31809.0,14609458.0,414535.0,35243.0,11893598.0,386394.0,30781.0,10295783.0,300379.0,34276.0,0.0,0.0,8729.25,10785.25,0.0,0.0,0.0,0.0,0.0,0.0,0.0,0.0,0.0,0.0,0.0,0.0,4502.0,3745.0,0.0,0.0,0.0,0.0,342.75,1519.5,0.0,0.0,0.0,0.0,0.0,0.0,0.0,0.0,0.0,0.0,0.0,0.0,1236.25,1650.5,0.0,0.0,0.0,0.0,63.25,692.75,0.0,0.0,0.0,0.0,0.0,0.0,0.0,0.0,0.0,0.0,0.0,0.0,725.5,1997.0,0.0,0.0,0.0,0.0,10.75,103.0,0.0,0.0,0.0,0.0,0.0,0.0,0.0,0.0,0.0,0.0,0.0,0.0,120.5,452.0,0.0,0.0,80500.0,11.296012463406655,0.21372670807453417,564572.8322981367,13.243824675149527,65853.0,0.021649735015868678,1.7687336827969815,0.992220455609874,-0.14263563000986768,3.2178500124965326,-1.8870048104817387,0.14529035101029322
